file,subject,exercise,set_id,rep_id,true_start,true_end,best_pred_start,best_pred_end,best_iou
datasets/workout/haoyu0512workout/haoyu0512workout_whole_session_20260512_165723.csv,haoyu0512workout,db_bench_press,0,0,359,667,359,548,0.6136
datasets/workout/haoyu0512workout/haoyu0512workout_whole_session_20260512_165723.csv,haoyu0512workout,db_bench_press,0,1,667,1092,752,984,0.5459
datasets/workout/haoyu0512workout/haoyu0512workout_whole_session_20260512_165723.csv,haoyu0512workout,db_bench_press,0,2,1092,1561,1188,1391,0.4328
datasets/workout/haoyu0512workout/haoyu0512workout_whole_session_20260512_165723.csv,haoyu0512workout,db_bench_press,0,3,1561,1940,1604,1796,0.5066
datasets/workout/haoyu0512workout/haoyu0512workout_whole_session_20260512_165723.csv,haoyu0512workout,db_bench_press,0,4,1940,2429,2201,2429,0.4663
datasets/workout/haoyu0512workout/haoyu0512workout_whole_session_20260512_165723.csv,haoyu0512workout,db_bench_press,0,5,2429,2776,2429,2637,0.5994
datasets/workout/haoyu0512workout/haoyu0512workout_whole_session_20260512_165723.csv,haoyu0512workout,db_bench_press,0,6,2776,3256,3035,3262,0.4547
datasets/workout/haoyu0512workout/haoyu0512workout_whole_session_20260512_165723.csv,haoyu0512workout,db_bench_press,0,7,3256,3753,3262,3480,0.4386
datasets/workout/haoyu0512workout/haoyu0512workout_whole_session_20260512_165723.csv,haoyu0512workout,db_bench_press,0,8,3753,4113,3863,4098,0.6528
datasets/workout/haoyu0512workout/haoyu0512workout_whole_session_20260512_165723.csv,haoyu0512workout,db_bench_press,0,9,4113,4597,4307,4497,0.3926
datasets/workout/haoyu0512workout/haoyu0512workout_whole_session_20260512_165723.csv,haoyu0512workout,db_bench_press,0,10,4597,5081,4690,4896,0.4256
datasets/workout/haoyu0512workout/haoyu0512workout_whole_session_20260512_165723.csv,haoyu0512workout,db_bench_press,0,11,5081,6561,5921,6168,0.1669
datasets/workout/haoyu0512workout/haoyu0512workout_whole_session_20260512_165723.csv,haoyu0512workout,db_bench_press,0,11,17152,19021,17388,17480,0.0492
datasets/workout/haoyu0512workout/haoyu0512workout_whole_session_20260512_165723.csv,haoyu0512workout,db_bench_press,1,0,19964,20436,19964,20461,0.9497
datasets/workout/haoyu0512workout/haoyu0512workout_whole_session_20260512_165723.csv,haoyu0512workout,db_bench_press,1,1,20436,20779,20461,20891,0.6989
datasets/workout/haoyu0512workout/haoyu0512workout_whole_session_20260512_165723.csv,haoyu0512workout,db_bench_press,1,2,20779,21258,20891,21330,0.6661
datasets/workout/haoyu0512workout/haoyu0512workout_whole_session_20260512_165723.csv,haoyu0512workout,db_bench_press,1,3,21258,21671,21330,21741,0.706
datasets/workout/haoyu0512workout/haoyu0512workout_whole_session_20260512_165723.csv,haoyu0512workout,db_bench_press,1,4,21671,22074,21741,22122,0.7384
datasets/workout/haoyu0512workout/haoyu0512workout_whole_session_20260512_165723.csv,haoyu0512workout,db_bench_press,1,5,22074,22518,22122,22446,0.7297
datasets/workout/haoyu0512workout/haoyu0512workout_whole_session_20260512_165723.csv,haoyu0512workout,db_bench_press,1,6,22518,22958,22446,22992,0.8059
datasets/workout/haoyu0512workout/haoyu0512workout_whole_session_20260512_165723.csv,haoyu0512workout,db_bench_press,1,7,22958,23370,22992,23530,0.6608
datasets/workout/haoyu0512workout/haoyu0512workout_whole_session_20260512_165723.csv,haoyu0512workout,db_bench_press,1,8,23370,23879,23530,23907,0.6499
datasets/workout/haoyu0512workout/haoyu0512workout_whole_session_20260512_165723.csv,haoyu0512workout,db_bench_press,1,9,23879,24218,23907,24284,0.7679
datasets/workout/haoyu0512workout/haoyu0512workout_whole_session_20260512_165723.csv,haoyu0512workout,db_bench_press,1,10,24218,24651,24284,24713,0.7414
datasets/workout/haoyu0512workout/haoyu0512workout_whole_session_20260512_165723.csv,haoyu0512workout,db_bench_press,1,11,24651,25106,24713,25106,0.8637
datasets/workout/haoyu0512workout/haoyu0512workout_whole_session_20260512_165723.csv,haoyu0512workout,db_bench_press,2,0,33305,33695,33305,34119,0.4791
datasets/workout/haoyu0512workout/haoyu0512workout_whole_session_20260512_165723.csv,haoyu0512workout,db_bench_press,2,1,33695,34052,33305,34119,0.4386
datasets/workout/haoyu0512workout/haoyu0512workout_whole_session_20260512_165723.csv,haoyu0512workout,db_bench_press,2,2,34052,34487,34119,35386,0.2759
datasets/workout/haoyu0512workout/haoyu0512workout_whole_session_20260512_165723.csv,haoyu0512workout,db_bench_press,2,3,34487,34872,34119,35386,0.3039
datasets/workout/haoyu0512workout/haoyu0512workout_whole_session_20260512_165723.csv,haoyu0512workout,db_bench_press,2,4,34872,35299,34119,35386,0.337
datasets/workout/haoyu0512workout/haoyu0512workout_whole_session_20260512_165723.csv,haoyu0512workout,db_bench_press,2,5,35299,35734,35386,36748,0.2402
datasets/workout/haoyu0512workout/haoyu0512workout_whole_session_20260512_165723.csv,haoyu0512workout,db_bench_press,2,6,35734,36197,35386,36748,0.3399
datasets/workout/haoyu0512workout/haoyu0512workout_whole_session_20260512_165723.csv,haoyu0512workout,db_bench_press,2,7,36197,36649,35386,36748,0.3319
datasets/workout/haoyu0512workout/haoyu0512workout_whole_session_20260512_165723.csv,haoyu0512workout,db_bench_press,2,8,36649,37181,36748,37718,0.4051
datasets/workout/haoyu0512workout/haoyu0512workout_whole_session_20260512_165723.csv,haoyu0512workout,db_bench_press,2,9,37181,37722,36748,37718,0.5513
datasets/workout/haoyu0512workout/haoyu0512workout_whole_session_20260512_165723.csv,haoyu0512workout,db_bench_press,2,10,37722,38275,37718,38692,0.5678
datasets/workout/haoyu0512workout/haoyu0512workout_whole_session_20260512_165723.csv,haoyu0512workout,db_bench_press,2,11,38275,38692,37718,38692,0.4281
datasets/workout/haoyu0512workout/haoyu0512workout_whole_session_20260512_165723.csv,haoyu0512workout,one_arm_db_row,0,0,58038,58393,58038,58436,0.892
datasets/workout/haoyu0512workout/haoyu0512workout_whole_session_20260512_165723.csv,haoyu0512workout,one_arm_db_row,0,1,58393,58784,58436,58850,0.7615
datasets/workout/haoyu0512workout/haoyu0512workout_whole_session_20260512_165723.csv,haoyu0512workout,one_arm_db_row,0,2,58784,59356,58850,59357,0.8831
datasets/workout/haoyu0512workout/haoyu0512workout_whole_session_20260512_165723.csv,haoyu0512workout,one_arm_db_row,0,3,59356,59812,59357,59679,0.7061
datasets/workout/haoyu0512workout/haoyu0512workout_whole_session_20260512_165723.csv,haoyu0512workout,one_arm_db_row,0,4,59812,60259,59679,60231,0.7224
datasets/workout/haoyu0512workout/haoyu0512workout_whole_session_20260512_165723.csv,haoyu0512workout,one_arm_db_row,0,5,60259,60650,60231,60664,0.903
datasets/workout/haoyu0512workout/haoyu0512workout_whole_session_20260512_165723.csv,haoyu0512workout,one_arm_db_row,0,6,60650,61121,60664,61127,0.9581
datasets/workout/haoyu0512workout/haoyu0512workout_whole_session_20260512_165723.csv,haoyu0512workout,one_arm_db_row,0,7,61121,61523,61127,61536,0.9542
datasets/workout/haoyu0512workout/haoyu0512workout_whole_session_20260512_165723.csv,haoyu0512workout,one_arm_db_row,0,8,61523,61983,61536,61826,0.6304
datasets/workout/haoyu0512workout/haoyu0512workout_whole_session_20260512_165723.csv,haoyu0512workout,one_arm_db_row,0,9,61983,62407,61826,62292,0.5318
datasets/workout/haoyu0512workout/haoyu0512workout_whole_session_20260512_165723.csv,haoyu0512workout,one_arm_db_row,0,10,62407,62863,62292,62843,0.7636
datasets/workout/haoyu0512workout/haoyu0512workout_whole_session_20260512_165723.csv,haoyu0512workout,one_arm_db_row,0,11,62863,63200,62843,63200,0.944
datasets/workout/haoyu0512workout/haoyu0512workout_whole_session_20260512_165723.csv,haoyu0512workout,one_arm_db_row,1,0,73276,73747,73276,73694,0.8875
datasets/workout/haoyu0512workout/haoyu0512workout_whole_session_20260512_165723.csv,haoyu0512workout,one_arm_db_row,1,1,73747,74075,73694,73992,0.643
datasets/workout/haoyu0512workout/haoyu0512workout_whole_session_20260512_165723.csv,haoyu0512workout,one_arm_db_row,1,2,74075,74485,73992,74410,0.6795
datasets/workout/haoyu0512workout/haoyu0512workout_whole_session_20260512_165723.csv,haoyu0512workout,one_arm_db_row,1,3,74485,74876,74410,74880,0.8319
datasets/workout/haoyu0512workout/haoyu0512workout_whole_session_20260512_165723.csv,haoyu0512workout,one_arm_db_row,1,4,74876,75195,74880,75207,0.9517
datasets/workout/haoyu0512workout/haoyu0512workout_whole_session_20260512_165723.csv,haoyu0512workout,one_arm_db_row,1,5,75195,75565,75207,75583,0.9227
datasets/workout/haoyu0512workout/haoyu0512workout_whole_session_20260512_165723.csv,haoyu0512workout,one_arm_db_row,1,6,75565,75942,75583,75965,0.8975
datasets/workout/haoyu0512workout/haoyu0512workout_whole_session_20260512_165723.csv,haoyu0512workout,one_arm_db_row,1,7,75942,76298,75965,76372,0.7744
datasets/workout/haoyu0512workout/haoyu0512workout_whole_session_20260512_165723.csv,haoyu0512workout,one_arm_db_row,1,8,76298,76704,76372,76733,0.7632
datasets/workout/haoyu0512workout/haoyu0512workout_whole_session_20260512_165723.csv,haoyu0512workout,one_arm_db_row,1,9,76704,77040,76733,77052,0.8822
datasets/workout/haoyu0512workout/haoyu0512workout_whole_session_20260512_165723.csv,haoyu0512workout,one_arm_db_row,1,10,77040,77353,77052,77405,0.8247
datasets/workout/haoyu0512workout/haoyu0512workout_whole_session_20260512_165723.csv,haoyu0512workout,one_arm_db_row,1,11,77353,77738,77405,77738,0.8649
datasets/workout/haoyu0512workout/haoyu0512workout_whole_session_20260512_165723.csv,haoyu0512workout,one_arm_db_row,2,0,88648,89090,88648,89082,0.9819
datasets/workout/haoyu0512workout/haoyu0512workout_whole_session_20260512_165723.csv,haoyu0512workout,one_arm_db_row,2,1,89090,89422,89082,89341,0.7382
datasets/workout/haoyu0512workout/haoyu0512workout_whole_session_20260512_165723.csv,haoyu0512workout,one_arm_db_row,2,2,89422,89733,89341,89759,0.744
datasets/workout/haoyu0512workout/haoyu0512workout_whole_session_20260512_165723.csv,haoyu0512workout,one_arm_db_row,2,3,89733,90115,89759,90115,0.9319
datasets/workout/haoyu0512workout/haoyu0512workout_whole_session_20260512_165723.csv,haoyu0512workout,one_arm_db_row,2,4,90115,90462,90115,90455,0.9798
datasets/workout/haoyu0512workout/haoyu0512workout_whole_session_20260512_165723.csv,haoyu0512workout,one_arm_db_row,2,5,90462,90755,90455,90786,0.8852
datasets/workout/haoyu0512workout/haoyu0512workout_whole_session_20260512_165723.csv,haoyu0512workout,one_arm_db_row,2,6,90755,91151,90786,91152,0.9194
datasets/workout/haoyu0512workout/haoyu0512workout_whole_session_20260512_165723.csv,haoyu0512workout,one_arm_db_row,2,7,91151,91486,91152,91472,0.9552
datasets/workout/haoyu0512workout/haoyu0512workout_whole_session_20260512_165723.csv,haoyu0512workout,one_arm_db_row,2,8,91486,91821,91472,91820,0.957
datasets/workout/haoyu0512workout/haoyu0512workout_whole_session_20260512_165723.csv,haoyu0512workout,one_arm_db_row,2,9,91821,92177,91820,92175,0.9916
datasets/workout/haoyu0512workout/haoyu0512workout_whole_session_20260512_165723.csv,haoyu0512workout,one_arm_db_row,2,10,92177,92550,92175,92562,0.9638
datasets/workout/haoyu0512workout/haoyu0512workout_whole_session_20260512_165723.csv,haoyu0512workout,one_arm_db_row,2,11,92550,92850,92562,92850,0.96
datasets/workout/haoyu0512workout/haoyu0512workout_whole_session_20260512_165723.csv,haoyu0512workout,db_rdl,0,0,123099,123585,123099,123648,0.8852
datasets/workout/haoyu0512workout/haoyu0512workout_whole_session_20260512_165723.csv,haoyu0512workout,db_rdl,0,1,123585,124080,123648,124155,0.7579
datasets/workout/haoyu0512workout/haoyu0512workout_whole_session_20260512_165723.csv,haoyu0512workout,db_rdl,0,2,124080,124494,124155,124649,0.5958
datasets/workout/haoyu0512workout/haoyu0512workout_whole_session_20260512_165723.csv,haoyu0512workout,db_rdl,0,3,124494,124894,124649,124976,0.5083
datasets/workout/haoyu0512workout/haoyu0512workout_whole_session_20260512_165723.csv,haoyu0512workout,db_rdl,0,4,124894,125401,124976,125417,0.8126
datasets/workout/haoyu0512workout/haoyu0512workout_whole_session_20260512_165723.csv,haoyu0512workout,db_rdl,0,5,125401,125899,125417,125874,0.9177
datasets/workout/haoyu0512workout/haoyu0512workout_whole_session_20260512_165723.csv,haoyu0512workout,db_rdl,0,6,125899,126333,125874,126372,0.8715
datasets/workout/haoyu0512workout/haoyu0512workout_whole_session_20260512_165723.csv,haoyu0512workout,db_rdl,0,7,126333,126809,126372,126845,0.8535
datasets/workout/haoyu0512workout/haoyu0512workout_whole_session_20260512_165723.csv,haoyu0512workout,db_rdl,0,8,126809,127261,126845,127318,0.8173
datasets/workout/haoyu0512workout/haoyu0512workout_whole_session_20260512_165723.csv,haoyu0512workout,db_rdl,0,9,127261,127737,127318,127885,0.6715
datasets/workout/haoyu0512workout/haoyu0512workout_whole_session_20260512_165723.csv,haoyu0512workout,db_rdl,0,10,127737,128265,127885,128243,0.678
datasets/workout/haoyu0512workout/haoyu0512workout_whole_session_20260512_165723.csv,haoyu0512workout,db_rdl,0,11,128265,128661,128243,128661,0.9474
datasets/workout/haoyu0512workout/haoyu0512workout_whole_session_20260512_165723.csv,haoyu0512workout,db_rdl,1,0,137920,138276,137920,138316,0.899
datasets/workout/haoyu0512workout/haoyu0512workout_whole_session_20260512_165723.csv,haoyu0512workout,db_rdl,1,1,138276,138684,138316,138723,0.8233
datasets/workout/haoyu0512workout/haoyu0512workout_whole_session_20260512_165723.csv,haoyu0512workout,db_rdl,1,2,138684,139117,138723,139127,0.8894
datasets/workout/haoyu0512workout/haoyu0512workout_whole_session_20260512_165723.csv,haoyu0512workout,db_rdl,1,3,139117,139499,139127,139526,0.9095
datasets/workout/haoyu0512workout/haoyu0512workout_whole_session_20260512_165723.csv,haoyu0512workout,db_rdl,1,4,139499,139926,139526,139929,0.9302
datasets/workout/haoyu0512workout/haoyu0512workout_whole_session_20260512_165723.csv,haoyu0512workout,db_rdl,1,5,139926,140328,139929,140532,0.6584
datasets/workout/haoyu0512workout/haoyu0512workout_whole_session_20260512_165723.csv,haoyu0512workout,db_rdl,1,6,140328,140753,140532,140789,0.4794
datasets/workout/haoyu0512workout/haoyu0512workout_whole_session_20260512_165723.csv,haoyu0512workout,db_rdl,1,7,140753,141244,140789,141132,0.6986
datasets/workout/haoyu0512workout/haoyu0512workout_whole_session_20260512_165723.csv,haoyu0512workout,db_rdl,1,8,141244,141595,141132,141646,0.6829
datasets/workout/haoyu0512workout/haoyu0512workout_whole_session_20260512_165723.csv,haoyu0512workout,db_rdl,1,9,141595,141991,141646,142117,0.6609
datasets/workout/haoyu0512workout/haoyu0512workout_whole_session_20260512_165723.csv,haoyu0512workout,db_rdl,1,10,141991,142474,142117,142369,0.5217
datasets/workout/haoyu0512workout/haoyu0512workout_whole_session_20260512_165723.csv,haoyu0512workout,db_rdl,1,11,142474,142914,142369,142914,0.8073
datasets/workout/haoyu0512workout/haoyu0512workout_whole_session_20260512_165723.csv,haoyu0512workout,db_rdl,2,0,156977,157637,156977,157435,0.6939
datasets/workout/haoyu0512workout/haoyu0512workout_whole_session_20260512_165723.csv,haoyu0512workout,db_rdl,2,1,157637,158206,157780,158279,0.6636
datasets/workout/haoyu0512workout/haoyu0512workout_whole_session_20260512_165723.csv,haoyu0512workout,db_rdl,2,2,158206,158606,158279,158615,0.7995
datasets/workout/haoyu0512workout/haoyu0512workout_whole_session_20260512_165723.csv,haoyu0512workout,db_rdl,2,3,158606,159041,158615,159179,0.7435
datasets/workout/haoyu0512workout/haoyu0512workout_whole_session_20260512_165723.csv,haoyu0512workout,db_rdl,2,4,159041,159562,159179,159613,0.6696
datasets/workout/haoyu0512workout/haoyu0512workout_whole_session_20260512_165723.csv,haoyu0512workout,db_rdl,2,5,159562,160037,159613,160095,0.7955
datasets/workout/haoyu0512workout/haoyu0512workout_whole_session_20260512_165723.csv,haoyu0512workout,db_rdl,2,6,160037,160486,160095,160525,0.8012
datasets/workout/haoyu0512workout/haoyu0512workout_whole_session_20260512_165723.csv,haoyu0512workout,db_rdl,2,7,160486,161050,160525,161056,0.9211
datasets/workout/haoyu0512workout/haoyu0512workout_whole_session_20260512_165723.csv,haoyu0512workout,db_rdl,2,8,161050,161527,161056,161528,0.9854
datasets/workout/haoyu0512workout/haoyu0512workout_whole_session_20260512_165723.csv,haoyu0512workout,db_rdl,2,9,161527,161981,161528,161997,0.9638
datasets/workout/haoyu0512workout/haoyu0512workout_whole_session_20260512_165723.csv,haoyu0512workout,db_rdl,2,10,161981,162418,161997,162274,0.6339
datasets/workout/haoyu0512workout/haoyu0512workout_whole_session_20260512_165723.csv,haoyu0512workout,db_rdl,2,11,162418,162782,162274,162782,0.7165
datasets/workout/haoyu0512workout/haoyu0512workout_whole_session_20260512_165723.csv,haoyu0512workout,db_weighted_crunch,0,0,180691,181149,180691,180952,0.5699
datasets/workout/haoyu0512workout/haoyu0512workout_whole_session_20260512_165723.csv,haoyu0512workout,db_weighted_crunch,0,1,181149,181483,180952,181419,0.5085
datasets/workout/haoyu0512workout/haoyu0512workout_whole_session_20260512_165723.csv,haoyu0512workout,db_weighted_crunch,0,2,181483,181797,181419,181837,0.7512
datasets/workout/haoyu0512workout/haoyu0512workout_whole_session_20260512_165723.csv,haoyu0512workout,db_weighted_crunch,0,3,181797,182177,181837,182161,0.8526
datasets/workout/haoyu0512workout/haoyu0512workout_whole_session_20260512_165723.csv,haoyu0512workout,db_weighted_crunch,0,4,182177,182472,182161,182473,0.9455
datasets/workout/haoyu0512workout/haoyu0512workout_whole_session_20260512_165723.csv,haoyu0512workout,db_weighted_crunch,0,5,182472,182804,182473,182867,0.838
datasets/workout/haoyu0512workout/haoyu0512workout_whole_session_20260512_165723.csv,haoyu0512workout,db_weighted_crunch,0,6,182804,183219,182867,183198,0.7976
datasets/workout/haoyu0512workout/haoyu0512workout_whole_session_20260512_165723.csv,haoyu0512workout,db_weighted_crunch,0,7,183219,183546,183198,183517,0.8563
datasets/workout/haoyu0512workout/haoyu0512workout_whole_session_20260512_165723.csv,haoyu0512workout,db_weighted_crunch,0,8,183546,183917,183517,183952,0.8529
datasets/workout/haoyu0512workout/haoyu0512workout_whole_session_20260512_165723.csv,haoyu0512workout,db_weighted_crunch,0,9,183917,184319,183952,184310,0.8905
datasets/workout/haoyu0512workout/haoyu0512workout_whole_session_20260512_165723.csv,haoyu0512workout,db_weighted_crunch,0,10,184319,184633,184310,184616,0.9195
datasets/workout/haoyu0512workout/haoyu0512workout_whole_session_20260512_165723.csv,haoyu0512workout,db_weighted_crunch,0,11,184633,184913,184616,184913,0.9428
datasets/workout/haoyu0512workout/haoyu0512workout_whole_session_20260512_165723.csv,haoyu0512workout,db_weighted_crunch,1,0,196014,196402,196014,196379,0.9407
datasets/workout/haoyu0512workout/haoyu0512workout_whole_session_20260512_165723.csv,haoyu0512workout,db_weighted_crunch,1,1,196402,196662,196379,196682,0.8581
datasets/workout/haoyu0512workout/haoyu0512workout_whole_session_20260512_165723.csv,haoyu0512workout,db_weighted_crunch,1,2,196662,197062,196682,197045,0.9075
datasets/workout/haoyu0512workout/haoyu0512workout_whole_session_20260512_165723.csv,haoyu0512workout,db_weighted_crunch,1,3,197062,197428,197045,197420,0.9347
datasets/workout/haoyu0512workout/haoyu0512workout_whole_session_20260512_165723.csv,haoyu0512workout,db_weighted_crunch,1,4,197428,197765,197420,197761,0.9652
datasets/workout/haoyu0512workout/haoyu0512workout_whole_session_20260512_165723.csv,haoyu0512workout,db_weighted_crunch,1,5,197765,198178,197761,198181,0.9833
datasets/workout/haoyu0512workout/haoyu0512workout_whole_session_20260512_165723.csv,haoyu0512workout,db_weighted_crunch,1,6,198178,198482,198181,198435,0.8355
datasets/workout/haoyu0512workout/haoyu0512workout_whole_session_20260512_165723.csv,haoyu0512workout,db_weighted_crunch,1,7,198482,198819,198435,198855,0.8024
datasets/workout/haoyu0512workout/haoyu0512workout_whole_session_20260512_165723.csv,haoyu0512workout,db_weighted_crunch,1,8,198819,199204,198855,199227,0.8554
datasets/workout/haoyu0512workout/haoyu0512workout_whole_session_20260512_165723.csv,haoyu0512workout,db_weighted_crunch,1,9,199204,199555,199227,199534,0.8746
datasets/workout/haoyu0512workout/haoyu0512workout_whole_session_20260512_165723.csv,haoyu0512workout,db_weighted_crunch,1,10,199555,199937,199534,199914,0.8908
datasets/workout/haoyu0512workout/haoyu0512workout_whole_session_20260512_165723.csv,haoyu0512workout,db_weighted_crunch,1,11,199937,200320,199914,200320,0.9433
datasets/workout/haoyu0512workout/haoyu0512workout_whole_session_20260512_165723.csv,haoyu0512workout,db_weighted_crunch,2,0,210453,210891,210453,210865,0.9406
datasets/workout/haoyu0512workout/haoyu0512workout_whole_session_20260512_165723.csv,haoyu0512workout,db_weighted_crunch,2,1,210891,211161,210865,211148,0.8682
datasets/workout/haoyu0512workout/haoyu0512workout_whole_session_20260512_165723.csv,haoyu0512workout,db_weighted_crunch,2,2,211161,211459,211148,211574,0.6995
datasets/workout/haoyu0512workout/haoyu0512workout_whole_session_20260512_165723.csv,haoyu0512workout,db_weighted_crunch,2,3,211459,211881,211574,211883,0.7241
datasets/workout/haoyu0512workout/haoyu0512workout_whole_session_20260512_165723.csv,haoyu0512workout,db_weighted_crunch,2,4,211881,212141,211883,212171,0.8897
datasets/workout/haoyu0512workout/haoyu0512workout_whole_session_20260512_165723.csv,haoyu0512workout,db_weighted_crunch,2,5,212141,212461,212171,212473,0.8735
datasets/workout/haoyu0512workout/haoyu0512workout_whole_session_20260512_165723.csv,haoyu0512workout,db_weighted_crunch,2,6,212461,212790,212473,212816,0.893
datasets/workout/haoyu0512workout/haoyu0512workout_whole_session_20260512_165723.csv,haoyu0512workout,db_weighted_crunch,2,7,212790,213190,212816,213151,0.8375
datasets/workout/haoyu0512workout/haoyu0512workout_whole_session_20260512_165723.csv,haoyu0512workout,db_weighted_crunch,2,8,213190,213495,213151,213466,0.8023
datasets/workout/haoyu0512workout/haoyu0512workout_whole_session_20260512_165723.csv,haoyu0512workout,db_weighted_crunch,2,9,213495,213829,213466,213805,0.854
datasets/workout/haoyu0512workout/haoyu0512workout_whole_session_20260512_165723.csv,haoyu0512workout,db_weighted_crunch,2,10,213829,214149,213805,214125,0.8605
datasets/workout/haoyu0512workout/haoyu0512workout_whole_session_20260512_165723.csv,haoyu0512workout,db_weighted_crunch,2,11,214149,214473,214125,214473,0.931
datasets/workout/haoyu0512workout/haoyu0512workout_whole_session_20260512_165723.csv,haoyu0512workout,db_shoulder_press,0,0,246003,246572,246003,246337,0.587
datasets/workout/haoyu0512workout/haoyu0512workout_whole_session_20260512_165723.csv,haoyu0512workout,db_shoulder_press,0,1,246572,246997,246633,247036,0.7845
datasets/workout/haoyu0512workout/haoyu0512workout_whole_session_20260512_165723.csv,haoyu0512workout,db_shoulder_press,0,2,246997,247443,247036,247655,0.6185
datasets/workout/haoyu0512workout/haoyu0512workout_whole_session_20260512_165723.csv,haoyu0512workout,db_shoulder_press,0,3,247443,247798,247655,247913,0.3043
datasets/workout/haoyu0512workout/haoyu0512workout_whole_session_20260512_165723.csv,haoyu0512workout,db_shoulder_press,0,4,247798,248278,247913,248283,0.7526
datasets/workout/haoyu0512workout/haoyu0512workout_whole_session_20260512_165723.csv,haoyu0512workout,db_shoulder_press,0,5,248278,248642,248283,248747,0.7655
datasets/workout/haoyu0512workout/haoyu0512workout_whole_session_20260512_165723.csv,haoyu0512workout,db_shoulder_press,0,6,248642,249059,248747,249056,0.741
datasets/workout/haoyu0512workout/haoyu0512workout_whole_session_20260512_165723.csv,haoyu0512workout,db_shoulder_press,0,7,249059,249431,249056,249517,0.8069
datasets/workout/haoyu0512workout/haoyu0512workout_whole_session_20260512_165723.csv,haoyu0512workout,db_shoulder_press,0,8,249431,249744,249517,249856,0.5341
datasets/workout/haoyu0512workout/haoyu0512workout_whole_session_20260512_165723.csv,haoyu0512workout,db_shoulder_press,0,9,249744,250205,249856,250209,0.7505
datasets/workout/haoyu0512workout/haoyu0512workout_whole_session_20260512_165723.csv,haoyu0512workout,db_shoulder_press,0,10,250205,250562,250209,250625,0.8405
datasets/workout/haoyu0512workout/haoyu0512workout_whole_session_20260512_165723.csv,haoyu0512workout,db_shoulder_press,0,11,250562,250953,250625,250953,0.8389
datasets/workout/haoyu0512workout/haoyu0512workout_whole_session_20260512_165723.csv,haoyu0512workout,db_shoulder_press,1,0,264367,264637,264367,264628,0.9667
datasets/workout/haoyu0512workout/haoyu0512workout_whole_session_20260512_165723.csv,haoyu0512workout,db_shoulder_press,1,1,264637,264942,264628,264995,0.8311
datasets/workout/haoyu0512workout/haoyu0512workout_whole_session_20260512_165723.csv,haoyu0512workout,db_shoulder_press,1,2,264942,265364,264995,265474,0.6936
datasets/workout/haoyu0512workout/haoyu0512workout_whole_session_20260512_165723.csv,haoyu0512workout,db_shoulder_press,1,3,265364,265694,265474,265796,0.5093
datasets/workout/haoyu0512workout/haoyu0512workout_whole_session_20260512_165723.csv,haoyu0512workout,db_shoulder_press,1,4,265694,265987,265796,266320,0.3051
datasets/workout/haoyu0512workout/haoyu0512workout_whole_session_20260512_165723.csv,haoyu0512workout,db_shoulder_press,1,5,265987,266440,265796,266320,0.5171
datasets/workout/haoyu0512workout/haoyu0512workout_whole_session_20260512_165723.csv,haoyu0512workout,db_shoulder_press,1,6,266440,266813,266320,266678,0.4828
datasets/workout/haoyu0512workout/haoyu0512workout_whole_session_20260512_165723.csv,haoyu0512workout,db_shoulder_press,1,7,266813,267240,266882,267293,0.7458
datasets/workout/haoyu0512workout/haoyu0512workout_whole_session_20260512_165723.csv,haoyu0512workout,db_shoulder_press,1,8,267240,267622,267293,267671,0.7633
datasets/workout/haoyu0512workout/haoyu0512workout_whole_session_20260512_165723.csv,haoyu0512workout,db_shoulder_press,1,9,267622,268012,267671,268030,0.8358
datasets/workout/haoyu0512workout/haoyu0512workout_whole_session_20260512_165723.csv,haoyu0512workout,db_shoulder_press,1,10,268012,268385,268030,268420,0.8701
datasets/workout/haoyu0512workout/haoyu0512workout_whole_session_20260512_165723.csv,haoyu0512workout,db_shoulder_press,1,11,268385,268739,268420,268739,0.9011
datasets/workout/haoyu0512workout/haoyu0512workout_whole_session_20260512_165723.csv,haoyu0512workout,db_shoulder_press,2,0,279757,280209,279757,280210,0.9978
datasets/workout/haoyu0512workout/haoyu0512workout_whole_session_20260512_165723.csv,haoyu0512workout,db_shoulder_press,2,1,280209,280572,280210,280623,0.8744
datasets/workout/haoyu0512workout/haoyu0512workout_whole_session_20260512_165723.csv,haoyu0512workout,db_shoulder_press,2,2,280572,281006,280623,281042,0.8149
datasets/workout/haoyu0512workout/haoyu0512workout_whole_session_20260512_165723.csv,haoyu0512workout,db_shoulder_press,2,3,281006,281385,281042,281424,0.8206
datasets/workout/haoyu0512workout/haoyu0512workout_whole_session_20260512_165723.csv,haoyu0512workout,db_shoulder_press,2,4,281385,281812,281424,281867,0.805
datasets/workout/haoyu0512workout/haoyu0512workout_whole_session_20260512_165723.csv,haoyu0512workout,db_shoulder_press,2,5,281812,282291,281867,282486,0.6291
datasets/workout/haoyu0512workout/haoyu0512workout_whole_session_20260512_165723.csv,haoyu0512workout,db_shoulder_press,2,6,282291,282629,281867,282486,0.2559
datasets/workout/haoyu0512workout/haoyu0512workout_whole_session_20260512_165723.csv,haoyu0512workout,db_shoulder_press,2,7,282629,283105,282486,282920,0.4701
datasets/workout/haoyu0512workout/haoyu0512workout_whole_session_20260512_165723.csv,haoyu0512workout,db_shoulder_press,2,8,283105,283661,283302,283702,0.6013
datasets/workout/haoyu0512workout/haoyu0512workout_whole_session_20260512_165723.csv,haoyu0512workout,db_shoulder_press,2,9,283661,284122,283702,284138,0.8805
datasets/workout/haoyu0512workout/haoyu0512workout_whole_session_20260512_165723.csv,haoyu0512workout,db_shoulder_press,2,10,284122,284531,284138,284407,0.6577
datasets/workout/haoyu0512workout/haoyu0512workout_whole_session_20260512_165723.csv,haoyu0512workout,db_shoulder_press,2,11,284531,284939,284407,284939,0.7669
datasets/workout/haoyu0512workout/haoyu0512workout_whole_session_20260512_165723.csv,haoyu0512workout,db_biceps_curl,0,0,297769,298268,297769,298238,0.9399
datasets/workout/haoyu0512workout/haoyu0512workout_whole_session_20260512_165723.csv,haoyu0512workout,db_biceps_curl,0,1,298268,298569,298238,298590,0.8551
datasets/workout/haoyu0512workout/haoyu0512workout_whole_session_20260512_165723.csv,haoyu0512workout,db_biceps_curl,0,2,298569,298978,298590,298957,0.8973
datasets/workout/haoyu0512workout/haoyu0512workout_whole_session_20260512_165723.csv,haoyu0512workout,db_biceps_curl,0,3,298978,299297,298957,299252,0.8059
datasets/workout/haoyu0512workout/haoyu0512workout_whole_session_20260512_165723.csv,haoyu0512workout,db_biceps_curl,0,4,299297,299576,299252,299603,0.7949
datasets/workout/haoyu0512workout/haoyu0512workout_whole_session_20260512_165723.csv,haoyu0512workout,db_biceps_curl,0,5,299576,299978,299603,299954,0.8731
datasets/workout/haoyu0512workout/haoyu0512workout_whole_session_20260512_165723.csv,haoyu0512workout,db_biceps_curl,0,6,299978,300284,299954,300261,0.8576
datasets/workout/haoyu0512workout/haoyu0512workout_whole_session_20260512_165723.csv,haoyu0512workout,db_biceps_curl,0,7,300284,300614,300261,300589,0.864
datasets/workout/haoyu0512workout/haoyu0512workout_whole_session_20260512_165723.csv,haoyu0512workout,db_biceps_curl,0,8,300614,300921,300589,301097,0.6043
datasets/workout/haoyu0512workout/haoyu0512workout_whole_session_20260512_165723.csv,haoyu0512workout,db_biceps_curl,0,9,300921,301271,301097,301442,0.334
datasets/workout/haoyu0512workout/haoyu0512workout_whole_session_20260512_165723.csv,haoyu0512workout,db_biceps_curl,0,10,301271,301608,301097,301442,0.3346
datasets/workout/haoyu0512workout/haoyu0512workout_whole_session_20260512_165723.csv,haoyu0512workout,db_biceps_curl,0,11,301608,302173,301797,302173,0.6655
datasets/workout/haoyu0512workout/haoyu0512workout_whole_session_20260512_165723.csv,haoyu0512workout,db_biceps_curl,1,0,313227,313612,313227,313746,0.7418
datasets/workout/haoyu0512workout/haoyu0512workout_whole_session_20260512_165723.csv,haoyu0512workout,db_biceps_curl,1,1,313612,313930,313746,314074,0.3983
datasets/workout/haoyu0512workout/haoyu0512workout_whole_session_20260512_165723.csv,haoyu0512workout,db_biceps_curl,1,2,313930,314265,314074,314444,0.3716
datasets/workout/haoyu0512workout/haoyu0512workout_whole_session_20260512_165723.csv,haoyu0512workout,db_biceps_curl,1,3,314265,314629,314074,314444,0.3225
datasets/workout/haoyu0512workout/haoyu0512workout_whole_session_20260512_165723.csv,haoyu0512workout,db_biceps_curl,1,4,314629,314989,314444,314988,0.6587
datasets/workout/haoyu0512workout/haoyu0512workout_whole_session_20260512_165723.csv,haoyu0512workout,db_biceps_curl,1,5,314989,315377,314988,315368,0.9743
datasets/workout/haoyu0512workout/haoyu0512workout_whole_session_20260512_165723.csv,haoyu0512workout,db_biceps_curl,1,6,315377,315736,315368,315718,0.9266
datasets/workout/haoyu0512workout/haoyu0512workout_whole_session_20260512_165723.csv,haoyu0512workout,db_biceps_curl,1,7,315736,316119,315718,316106,0.9227
datasets/workout/haoyu0512workout/haoyu0512workout_whole_session_20260512_165723.csv,haoyu0512workout,db_biceps_curl,1,8,316119,316518,316106,316489,0.8981
datasets/workout/haoyu0512workout/haoyu0512workout_whole_session_20260512_165723.csv,haoyu0512workout,db_biceps_curl,1,9,316518,316891,316489,316878,0.8955
datasets/workout/haoyu0512workout/haoyu0512workout_whole_session_20260512_165723.csv,haoyu0512workout,db_biceps_curl,1,10,316891,317291,316878,317277,0.9346
datasets/workout/haoyu0512workout/haoyu0512workout_whole_session_20260512_165723.csv,haoyu0512workout,db_biceps_curl,1,11,317291,317714,317277,317714,0.968
datasets/workout/haoyu0512workout/haoyu0512workout_whole_session_20260512_165723.csv,haoyu0512workout,db_biceps_curl,2,0,336367,337025,336929,336994,0.0988
datasets/workout/haoyu0512workout/haoyu0512workout_whole_session_20260512_165723.csv,haoyu0512workout,db_biceps_curl,3,0,339520,339882,339520,339847,0.9033
datasets/workout/haoyu0512workout/haoyu0512workout_whole_session_20260512_165723.csv,haoyu0512workout,db_biceps_curl,3,1,339882,340241,339847,340213,0.8401
datasets/workout/haoyu0512workout/haoyu0512workout_whole_session_20260512_165723.csv,haoyu0512workout,db_biceps_curl,3,2,340241,340597,340213,340582,0.888
datasets/workout/haoyu0512workout/haoyu0512workout_whole_session_20260512_165723.csv,haoyu0512workout,db_biceps_curl,3,3,340597,340950,340582,341120,0.6561
datasets/workout/haoyu0512workout/haoyu0512workout_whole_session_20260512_165723.csv,haoyu0512workout,db_biceps_curl,3,4,340950,341334,341120,341505,0.3856
datasets/workout/haoyu0512workout/haoyu0512workout_whole_session_20260512_165723.csv,haoyu0512workout,db_biceps_curl,3,5,341334,341697,341505,341871,0.3575
datasets/workout/haoyu0512workout/haoyu0512workout_whole_session_20260512_165723.csv,haoyu0512workout,db_biceps_curl,3,6,341697,342071,341871,342233,0.3731
datasets/workout/haoyu0512workout/haoyu0512workout_whole_session_20260512_165723.csv,haoyu0512workout,db_biceps_curl,3,7,342071,342435,342233,342603,0.3797
datasets/workout/haoyu0512workout/haoyu0512workout_whole_session_20260512_165723.csv,haoyu0512workout,db_biceps_curl,3,8,342435,342816,342603,342812,0.5486
datasets/workout/haoyu0512workout/haoyu0512workout_whole_session_20260512_165723.csv,haoyu0512workout,db_biceps_curl,3,9,342816,343225,342812,343219,0.9758
datasets/workout/haoyu0512workout/haoyu0512workout_whole_session_20260512_165723.csv,haoyu0512workout,db_biceps_curl,3,10,343225,343626,343219,343583,0.8796
datasets/workout/haoyu0512workout/haoyu0512workout_whole_session_20260512_165723.csv,haoyu0512workout,db_biceps_curl,3,11,343626,344004,343583,344004,0.8979
datasets/workout/haoyu0512workout/haoyu0512workout_whole_session_20260512_165723.csv,haoyu0512workout,db_triceps_curl,0,0,374608,374877,374608,374907,0.8997
datasets/workout/haoyu0512workout/haoyu0512workout_whole_session_20260512_165723.csv,haoyu0512workout,db_triceps_curl,0,1,374877,375250,374907,375277,0.8575
datasets/workout/haoyu0512workout/haoyu0512workout_whole_session_20260512_165723.csv,haoyu0512workout,db_triceps_curl,0,2,375250,375703,375277,375904,0.6514
datasets/workout/haoyu0512workout/haoyu0512workout_whole_session_20260512_165723.csv,haoyu0512workout,db_triceps_curl,0,3,375703,376067,375277,375904,0.2544
datasets/workout/haoyu0512workout/haoyu0512workout_whole_session_20260512_165723.csv,haoyu0512workout,db_triceps_curl,0,4,376067,376509,375904,376354,0.4744
datasets/workout/haoyu0512workout/haoyu0512workout_whole_session_20260512_165723.csv,haoyu0512workout,db_triceps_curl,0,5,376509,376929,376354,376761,0.4383
datasets/workout/haoyu0512workout/haoyu0512workout_whole_session_20260512_165723.csv,haoyu0512workout,db_triceps_curl,0,6,376929,377381,377169,377433,0.4206
datasets/workout/haoyu0512workout/haoyu0512workout_whole_session_20260512_165723.csv,haoyu0512workout,db_triceps_curl,0,7,377381,377809,377433,377819,0.8584
datasets/workout/haoyu0512workout/haoyu0512workout_whole_session_20260512_165723.csv,haoyu0512workout,db_triceps_curl,0,8,377809,378218,377819,378274,0.8581
datasets/workout/haoyu0512workout/haoyu0512workout_whole_session_20260512_165723.csv,haoyu0512workout,db_triceps_curl,0,9,378218,378645,378274,378672,0.8172
datasets/workout/haoyu0512workout/haoyu0512workout_whole_session_20260512_165723.csv,haoyu0512workout,db_triceps_curl,0,10,378645,379087,378672,379077,0.9163
datasets/workout/haoyu0512workout/haoyu0512workout_whole_session_20260512_165723.csv,haoyu0512workout,db_triceps_curl,0,11,379087,379459,379077,379459,0.9738
datasets/workout/haoyu0512workout/haoyu0512workout_whole_session_20260512_165723.csv,haoyu0512workout,db_triceps_curl,1,0,386605,386925,386605,387125,0.6154
datasets/workout/haoyu0512workout/haoyu0512workout_whole_session_20260512_165723.csv,haoyu0512workout,db_triceps_curl,1,1,386925,387307,387125,387373,0.4062
datasets/workout/haoyu0512workout/haoyu0512workout_whole_session_20260512_165723.csv,haoyu0512workout,db_triceps_curl,1,2,387307,387741,387373,387768,0.7983
datasets/workout/haoyu0512workout/haoyu0512workout_whole_session_20260512_165723.csv,haoyu0512workout,db_triceps_curl,1,3,387741,388174,387768,388194,0.8962
datasets/workout/haoyu0512workout/haoyu0512workout_whole_session_20260512_165723.csv,haoyu0512workout,db_triceps_curl,1,4,388174,388578,388194,388599,0.9035
datasets/workout/haoyu0512workout/haoyu0512workout_whole_session_20260512_165723.csv,haoyu0512workout,db_triceps_curl,1,5,388578,388960,388599,389000,0.8555
datasets/workout/haoyu0512workout/haoyu0512workout_whole_session_20260512_165723.csv,haoyu0512workout,db_triceps_curl,1,6,388960,389377,389000,389236,0.5659
datasets/workout/haoyu0512workout/haoyu0512workout_whole_session_20260512_165723.csv,haoyu0512workout,db_triceps_curl,1,7,389377,389802,389236,389837,0.7072
datasets/workout/haoyu0512workout/haoyu0512workout_whole_session_20260512_165723.csv,haoyu0512workout,db_triceps_curl,1,8,389802,390160,389837,390230,0.7547
datasets/workout/haoyu0512workout/haoyu0512workout_whole_session_20260512_165723.csv,haoyu0512workout,db_triceps_curl,1,9,390160,390538,390230,390586,0.723
datasets/workout/haoyu0512workout/haoyu0512workout_whole_session_20260512_165723.csv,haoyu0512workout,db_triceps_curl,1,10,390538,390932,390586,390958,0.8238
datasets/workout/haoyu0512workout/haoyu0512workout_whole_session_20260512_165723.csv,haoyu0512workout,db_triceps_curl,1,11,390932,391293,390958,391293,0.928
datasets/workout/haoyu0512workout/haoyu0512workout_whole_session_20260512_165723.csv,haoyu0512workout,db_triceps_curl,2,0,400511,400768,400511,400803,0.8801
datasets/workout/haoyu0512workout/haoyu0512workout_whole_session_20260512_165723.csv,haoyu0512workout,db_triceps_curl,2,1,400768,401110,400803,401139,0.8275
datasets/workout/haoyu0512workout/haoyu0512workout_whole_session_20260512_165723.csv,haoyu0512workout,db_triceps_curl,2,2,401110,401514,401139,401526,0.9014
datasets/workout/haoyu0512workout/haoyu0512workout_whole_session_20260512_165723.csv,haoyu0512workout,db_triceps_curl,2,3,401514,401870,401526,401903,0.8843
datasets/workout/haoyu0512workout/haoyu0512workout_whole_session_20260512_165723.csv,haoyu0512workout,db_triceps_curl,2,4,401870,402228,401903,402436,0.5742
datasets/workout/haoyu0512workout/haoyu0512workout_whole_session_20260512_165723.csv,haoyu0512workout,db_triceps_curl,2,5,402228,402609,402436,402731,0.3439
datasets/workout/haoyu0512workout/haoyu0512workout_whole_session_20260512_165723.csv,haoyu0512workout,db_triceps_curl,2,6,402609,402998,402731,403003,0.6777
datasets/workout/haoyu0512workout/haoyu0512workout_whole_session_20260512_165723.csv,haoyu0512workout,db_triceps_curl,2,7,402998,403337,403003,403378,0.8789
datasets/workout/haoyu0512workout/haoyu0512workout_whole_session_20260512_165723.csv,haoyu0512workout,db_triceps_curl,2,8,403337,403704,403378,403835,0.6546
datasets/workout/haoyu0512workout/haoyu0512workout_whole_session_20260512_165723.csv,haoyu0512workout,db_triceps_curl,2,9,403704,404110,403835,404119,0.6627
datasets/workout/haoyu0512workout/haoyu0512workout_whole_session_20260512_165723.csv,haoyu0512workout,db_triceps_curl,2,10,404110,404464,404119,404488,0.9127
datasets/workout/haoyu0512workout/haoyu0512workout_whole_session_20260512_165723.csv,haoyu0512workout,db_triceps_curl,2,11,404464,404826,404488,404826,0.9337
datasets/workout/haoyu0512workout/haoyu0512workout_whole_session_20260512_165723.csv,haoyu0512workout,db_squat,0,0,422448,422737,422448,422739,0.9931
datasets/workout/haoyu0512workout/haoyu0512workout_whole_session_20260512_165723.csv,haoyu0512workout,db_squat,0,1,422737,423088,422739,423214,0.7317
datasets/workout/haoyu0512workout/haoyu0512workout_whole_session_20260512_165723.csv,haoyu0512workout,db_squat,0,2,423088,423433,423214,423502,0.529
datasets/workout/haoyu0512workout/haoyu0512workout_whole_session_20260512_165723.csv,haoyu0512workout,db_squat,0,3,423433,423785,423502,423839,0.697
datasets/workout/haoyu0512workout/haoyu0512workout_whole_session_20260512_165723.csv,haoyu0512workout,db_squat,0,4,423785,424180,423839,424258,0.7209
datasets/workout/haoyu0512workout/haoyu0512workout_whole_session_20260512_165723.csv,haoyu0512workout,db_squat,0,5,424180,424590,424258,424612,0.7685
datasets/workout/haoyu0512workout/haoyu0512workout_whole_session_20260512_165723.csv,haoyu0512workout,db_squat,0,6,424590,424980,424612,425024,0.8479
datasets/workout/haoyu0512workout/haoyu0512workout_whole_session_20260512_165723.csv,haoyu0512workout,db_squat,0,7,424980,425371,425024,425413,0.8014
datasets/workout/haoyu0512workout/haoyu0512workout_whole_session_20260512_165723.csv,haoyu0512workout,db_squat,0,8,425371,425726,425413,425817,0.7018
datasets/workout/haoyu0512workout/haoyu0512workout_whole_session_20260512_165723.csv,haoyu0512workout,db_squat,0,9,425726,426138,425817,426187,0.6963
datasets/workout/haoyu0512workout/haoyu0512workout_whole_session_20260512_165723.csv,haoyu0512workout,db_squat,0,10,426138,426555,426187,426613,0.7747
datasets/workout/haoyu0512workout/haoyu0512workout_whole_session_20260512_165723.csv,haoyu0512workout,db_squat,0,11,426555,426891,426613,426891,0.8274
datasets/workout/haoyu0512workout/haoyu0512workout_whole_session_20260512_165723.csv,haoyu0512workout,db_squat,1,0,438166,438485,438166,438553,0.8243
datasets/workout/haoyu0512workout/haoyu0512workout_whole_session_20260512_165723.csv,haoyu0512workout,db_squat,1,1,438485,438773,438553,438773,0.7639
datasets/workout/haoyu0512workout/haoyu0512workout_whole_session_20260512_165723.csv,haoyu0512workout,db_squat,1,2,438773,439087,438773,439090,0.9905
datasets/workout/haoyu0512workout/haoyu0512workout_whole_session_20260512_165723.csv,haoyu0512workout,db_squat,1,3,439087,439410,439090,439427,0.9412
datasets/workout/haoyu0512workout/haoyu0512workout_whole_session_20260512_165723.csv,haoyu0512workout,db_squat,1,4,439410,439713,439427,439775,0.7836
datasets/workout/haoyu0512workout/haoyu0512workout_whole_session_20260512_165723.csv,haoyu0512workout,db_squat,1,5,439713,440058,439775,440097,0.737
datasets/workout/haoyu0512workout/haoyu0512workout_whole_session_20260512_165723.csv,haoyu0512workout,db_squat,1,6,440058,440387,440097,440430,0.7796
datasets/workout/haoyu0512workout/haoyu0512workout_whole_session_20260512_165723.csv,haoyu0512workout,db_squat,1,7,440387,440717,440430,440753,0.7842
datasets/workout/haoyu0512workout/haoyu0512workout_whole_session_20260512_165723.csv,haoyu0512workout,db_squat,1,8,440717,441044,440753,441066,0.8338
datasets/workout/haoyu0512workout/haoyu0512workout_whole_session_20260512_165723.csv,haoyu0512workout,db_squat,1,9,441044,441334,441066,441381,0.7953
datasets/workout/haoyu0512workout/haoyu0512workout_whole_session_20260512_165723.csv,haoyu0512workout,db_squat,1,10,441334,441661,441381,441716,0.733
datasets/workout/haoyu0512workout/haoyu0512workout_whole_session_20260512_165723.csv,haoyu0512workout,db_squat,1,11,441661,441973,441716,441973,0.8237
datasets/workout/haoyu0512workout/haoyu0512workout_whole_session_20260512_165723.csv,haoyu0512workout,db_squat,2,0,452861,453106,452861,453145,0.8627
datasets/workout/haoyu0512workout/haoyu0512workout_whole_session_20260512_165723.csv,haoyu0512workout,db_squat,2,1,453106,453399,453145,453401,0.861
datasets/workout/haoyu0512workout/haoyu0512workout_whole_session_20260512_165723.csv,haoyu0512workout,db_squat,2,2,453399,453670,453401,453702,0.8878
datasets/workout/haoyu0512workout/haoyu0512workout_whole_session_20260512_165723.csv,haoyu0512workout,db_squat,2,3,453670,453990,453702,454039,0.7805
datasets/workout/haoyu0512workout/haoyu0512workout_whole_session_20260512_165723.csv,haoyu0512workout,db_squat,2,4,453990,454292,454039,454313,0.7833
datasets/workout/haoyu0512workout/haoyu0512workout_whole_session_20260512_165723.csv,haoyu0512workout,db_squat,2,5,454292,454577,454313,454588,0.8919
datasets/workout/haoyu0512workout/haoyu0512workout_whole_session_20260512_165723.csv,haoyu0512workout,db_squat,2,6,454577,454843,454588,454870,0.8703
datasets/workout/haoyu0512workout/haoyu0512workout_whole_session_20260512_165723.csv,haoyu0512workout,db_squat,2,7,454843,455145,454870,455057,0.6192
datasets/workout/haoyu0512workout/haoyu0512workout_whole_session_20260512_165723.csv,haoyu0512workout,db_squat,2,8,455145,455436,455057,455299,0.4063
datasets/workout/haoyu0512workout/haoyu0512workout_whole_session_20260512_165723.csv,haoyu0512workout,db_squat,2,9,455436,455696,455299,455704,0.642
datasets/workout/haoyu0512workout/haoyu0512workout_whole_session_20260512_165723.csv,haoyu0512workout,db_squat,2,10,455696,455973,455704,455872,0.6065
datasets/workout/haoyu0512workout/haoyu0512workout_whole_session_20260512_165723.csv,haoyu0512workout,db_squat,2,11,455973,456244,455872,456244,0.7285
datasets/workout/hsianshun0514workout/hsianshun0514workout_whole_session_20260514_145843.csv,hsianshun0514workout,db_bench_press,0,0,107,505,107,603,0.8024
datasets/workout/hsianshun0514workout/hsianshun0514workout_whole_session_20260514_145843.csv,hsianshun0514workout,db_bench_press,0,1,505,959,603,940,0.7423
datasets/workout/hsianshun0514workout/hsianshun0514workout_whole_session_20260514_145843.csv,hsianshun0514workout,db_bench_press,0,2,959,1396,940,1444,0.8671
datasets/workout/hsianshun0514workout/hsianshun0514workout_whole_session_20260514_145843.csv,hsianshun0514workout,db_bench_press,0,3,1396,1846,1444,1895,0.8056
datasets/workout/hsianshun0514workout/hsianshun0514workout_whole_session_20260514_145843.csv,hsianshun0514workout,db_bench_press,0,4,1846,2270,1895,2334,0.7684
datasets/workout/hsianshun0514workout/hsianshun0514workout_whole_session_20260514_145843.csv,hsianshun0514workout,db_bench_press,0,5,2270,2702,2334,2740,0.783
datasets/workout/hsianshun0514workout/hsianshun0514workout_whole_session_20260514_145843.csv,hsianshun0514workout,db_bench_press,0,6,2702,3162,2740,3263,0.7522
datasets/workout/hsianshun0514workout/hsianshun0514workout_whole_session_20260514_145843.csv,hsianshun0514workout,db_bench_press,0,7,3162,3644,3263,3740,0.6592
datasets/workout/hsianshun0514workout/hsianshun0514workout_whole_session_20260514_145843.csv,hsianshun0514workout,db_bench_press,0,8,3644,4177,3740,4245,0.7271
datasets/workout/hsianshun0514workout/hsianshun0514workout_whole_session_20260514_145843.csv,hsianshun0514workout,db_bench_press,0,9,4177,4702,4245,4695,0.8571
datasets/workout/hsianshun0514workout/hsianshun0514workout_whole_session_20260514_145843.csv,hsianshun0514workout,db_bench_press,0,10,4702,5188,4695,5178,0.9655
datasets/workout/hsianshun0514workout/hsianshun0514workout_whole_session_20260514_145843.csv,hsianshun0514workout,db_bench_press,0,11,5188,5552,5178,5552,0.9733
datasets/workout/hsianshun0514workout/hsianshun0514workout_whole_session_20260514_145843.csv,hsianshun0514workout,db_bench_press,1,0,13367,13730,13367,15708,0.1551
datasets/workout/hsianshun0514workout/hsianshun0514workout_whole_session_20260514_145843.csv,hsianshun0514workout,db_bench_press,1,1,13730,14362,13367,15708,0.27
datasets/workout/hsianshun0514workout/hsianshun0514workout_whole_session_20260514_145843.csv,hsianshun0514workout,db_bench_press,1,2,14362,14837,13367,15708,0.2029
datasets/workout/hsianshun0514workout/hsianshun0514workout_whole_session_20260514_145843.csv,hsianshun0514workout,db_bench_press,1,3,14837,15258,13367,15708,0.1798
datasets/workout/hsianshun0514workout/hsianshun0514workout_whole_session_20260514_145843.csv,hsianshun0514workout,db_bench_press,1,4,15258,15710,13367,15708,0.1921
datasets/workout/hsianshun0514workout/hsianshun0514workout_whole_session_20260514_145843.csv,hsianshun0514workout,db_bench_press,1,5,15710,16113,15708,18859,0.1279
datasets/workout/hsianshun0514workout/hsianshun0514workout_whole_session_20260514_145843.csv,hsianshun0514workout,db_bench_press,1,6,16113,16593,15708,18859,0.1523
datasets/workout/hsianshun0514workout/hsianshun0514workout_whole_session_20260514_145843.csv,hsianshun0514workout,db_bench_press,1,7,16593,17054,15708,18859,0.1463
datasets/workout/hsianshun0514workout/hsianshun0514workout_whole_session_20260514_145843.csv,hsianshun0514workout,db_bench_press,1,8,17054,17517,15708,18859,0.1469
datasets/workout/hsianshun0514workout/hsianshun0514workout_whole_session_20260514_145843.csv,hsianshun0514workout,db_bench_press,1,9,17517,17994,15708,18859,0.1514
datasets/workout/hsianshun0514workout/hsianshun0514workout_whole_session_20260514_145843.csv,hsianshun0514workout,db_bench_press,1,10,17994,18449,15708,18859,0.1444
datasets/workout/hsianshun0514workout/hsianshun0514workout_whole_session_20260514_145843.csv,hsianshun0514workout,db_bench_press,1,11,18449,18859,15708,18859,0.1301
datasets/workout/hsianshun0514workout/hsianshun0514workout_whole_session_20260514_145843.csv,hsianshun0514workout,db_bench_press,2,0,25489,25862,25489,25883,0.9467
datasets/workout/hsianshun0514workout/hsianshun0514workout_whole_session_20260514_145843.csv,hsianshun0514workout,db_bench_press,2,1,25862,26306,25883,26302,0.9437
datasets/workout/hsianshun0514workout/hsianshun0514workout_whole_session_20260514_145843.csv,hsianshun0514workout,db_bench_press,2,2,26306,26694,26302,26920,0.6278
datasets/workout/hsianshun0514workout/hsianshun0514workout_whole_session_20260514_145843.csv,hsianshun0514workout,db_bench_press,2,3,26694,27140,26302,26920,0.2697
datasets/workout/hsianshun0514workout/hsianshun0514workout_whole_session_20260514_145843.csv,hsianshun0514workout,db_bench_press,2,4,27140,27621,26920,27562,0.602
datasets/workout/hsianshun0514workout/hsianshun0514workout_whole_session_20260514_145843.csv,hsianshun0514workout,db_bench_press,2,5,27621,28011,27562,27945,0.7216
datasets/workout/hsianshun0514workout/hsianshun0514workout_whole_session_20260514_145843.csv,hsianshun0514workout,db_bench_press,2,6,28011,28440,27945,28471,0.8156
datasets/workout/hsianshun0514workout/hsianshun0514workout_whole_session_20260514_145843.csv,hsianshun0514workout,db_bench_press,2,7,28440,28907,28471,28925,0.899
datasets/workout/hsianshun0514workout/hsianshun0514workout_whole_session_20260514_145843.csv,hsianshun0514workout,db_bench_press,2,8,28907,29389,28925,29426,0.894
datasets/workout/hsianshun0514workout/hsianshun0514workout_whole_session_20260514_145843.csv,hsianshun0514workout,db_bench_press,2,9,29389,29906,29426,29927,0.8922
datasets/workout/hsianshun0514workout/hsianshun0514workout_whole_session_20260514_145843.csv,hsianshun0514workout,db_bench_press,2,10,29906,30386,29927,30388,0.9523
datasets/workout/hsianshun0514workout/hsianshun0514workout_whole_session_20260514_145843.csv,hsianshun0514workout,db_bench_press,2,11,30386,30740,30388,30740,0.9944
datasets/workout/hsianshun0514workout/hsianshun0514workout_whole_session_20260514_145843.csv,hsianshun0514workout,one_arm_db_row,0,0,43208,43529,43208,43586,0.8492
datasets/workout/hsianshun0514workout/hsianshun0514workout_whole_session_20260514_145843.csv,hsianshun0514workout,one_arm_db_row,0,1,43529,43800,43586,43869,0.6294
datasets/workout/hsianshun0514workout/hsianshun0514workout_whole_session_20260514_145843.csv,hsianshun0514workout,one_arm_db_row,0,2,43800,44116,43869,44107,0.7532
datasets/workout/hsianshun0514workout/hsianshun0514workout_whole_session_20260514_145843.csv,hsianshun0514workout,one_arm_db_row,0,3,44116,44424,44107,44426,0.9655
datasets/workout/hsianshun0514workout/hsianshun0514workout_whole_session_20260514_145843.csv,hsianshun0514workout,one_arm_db_row,0,4,44424,44702,44426,44695,0.9676
datasets/workout/hsianshun0514workout/hsianshun0514workout_whole_session_20260514_145843.csv,hsianshun0514workout,one_arm_db_row,0,5,44702,44991,44695,45090,0.7316
datasets/workout/hsianshun0514workout/hsianshun0514workout_whole_session_20260514_145843.csv,hsianshun0514workout,one_arm_db_row,0,6,44991,45332,45090,45314,0.6569
datasets/workout/hsianshun0514workout/hsianshun0514workout_whole_session_20260514_145843.csv,hsianshun0514workout,one_arm_db_row,0,7,45332,45694,45314,45684,0.9263
datasets/workout/hsianshun0514workout/hsianshun0514workout_whole_session_20260514_145843.csv,hsianshun0514workout,one_arm_db_row,0,8,45694,46029,45684,45977,0.8203
datasets/workout/hsianshun0514workout/hsianshun0514workout_whole_session_20260514_145843.csv,hsianshun0514workout,one_arm_db_row,0,9,46029,46373,45977,46390,0.8329
datasets/workout/hsianshun0514workout/hsianshun0514workout_whole_session_20260514_145843.csv,hsianshun0514workout,one_arm_db_row,0,10,46373,46690,46390,46684,0.9274
datasets/workout/hsianshun0514workout/hsianshun0514workout_whole_session_20260514_145843.csv,hsianshun0514workout,one_arm_db_row,0,11,46690,46964,46684,46964,0.9786
datasets/workout/hsianshun0514workout/hsianshun0514workout_whole_session_20260514_145843.csv,hsianshun0514workout,one_arm_db_row,1,0,55172,55436,55172,55453,0.9395
datasets/workout/hsianshun0514workout/hsianshun0514workout_whole_session_20260514_145843.csv,hsianshun0514workout,one_arm_db_row,1,1,55436,55631,55453,55651,0.8279
datasets/workout/hsianshun0514workout/hsianshun0514workout_whole_session_20260514_145843.csv,hsianshun0514workout,one_arm_db_row,1,2,55631,55897,55651,55903,0.9044
datasets/workout/hsianshun0514workout/hsianshun0514workout_whole_session_20260514_145843.csv,hsianshun0514workout,one_arm_db_row,1,3,55897,56167,55903,56160,0.9519
datasets/workout/hsianshun0514workout/hsianshun0514workout_whole_session_20260514_145843.csv,hsianshun0514workout,one_arm_db_row,1,4,56167,56414,56160,56421,0.9464
datasets/workout/hsianshun0514workout/hsianshun0514workout_whole_session_20260514_145843.csv,hsianshun0514workout,one_arm_db_row,1,5,56414,56678,56421,56764,0.7343
datasets/workout/hsianshun0514workout/hsianshun0514workout_whole_session_20260514_145843.csv,hsianshun0514workout,one_arm_db_row,1,6,56678,56953,56764,56964,0.6608
datasets/workout/hsianshun0514workout/hsianshun0514workout_whole_session_20260514_145843.csv,hsianshun0514workout,one_arm_db_row,1,7,56953,57240,56964,57248,0.9356
datasets/workout/hsianshun0514workout/hsianshun0514workout_whole_session_20260514_145843.csv,hsianshun0514workout,one_arm_db_row,1,8,57240,57534,57248,57526,0.9456
datasets/workout/hsianshun0514workout/hsianshun0514workout_whole_session_20260514_145843.csv,hsianshun0514workout,one_arm_db_row,1,9,57534,57828,57526,57830,0.9671
datasets/workout/hsianshun0514workout/hsianshun0514workout_whole_session_20260514_145843.csv,hsianshun0514workout,one_arm_db_row,1,10,57828,58128,57830,58153,0.9169
datasets/workout/hsianshun0514workout/hsianshun0514workout_whole_session_20260514_145843.csv,hsianshun0514workout,one_arm_db_row,1,11,58128,58391,58153,58391,0.9049
datasets/workout/hsianshun0514workout/hsianshun0514workout_whole_session_20260514_145843.csv,hsianshun0514workout,one_arm_db_row,2,0,64750,64978,64750,64991,0.9461
datasets/workout/hsianshun0514workout/hsianshun0514workout_whole_session_20260514_145843.csv,hsianshun0514workout,one_arm_db_row,2,1,64978,65222,64991,65239,0.8851
datasets/workout/hsianshun0514workout/hsianshun0514workout_whole_session_20260514_145843.csv,hsianshun0514workout,one_arm_db_row,2,2,65222,65474,65239,65536,0.7484
datasets/workout/hsianshun0514workout/hsianshun0514workout_whole_session_20260514_145843.csv,hsianshun0514workout,one_arm_db_row,2,3,65474,65706,65536,65701,0.7112
datasets/workout/hsianshun0514workout/hsianshun0514workout_whole_session_20260514_145843.csv,hsianshun0514workout,one_arm_db_row,2,4,65706,65961,65701,65954,0.9538
datasets/workout/hsianshun0514workout/hsianshun0514workout_whole_session_20260514_145843.csv,hsianshun0514workout,one_arm_db_row,2,5,65961,66198,65954,66193,0.9508
datasets/workout/hsianshun0514workout/hsianshun0514workout_whole_session_20260514_145843.csv,hsianshun0514workout,one_arm_db_row,2,6,66198,66430,66193,66422,0.9451
datasets/workout/hsianshun0514workout/hsianshun0514workout_whole_session_20260514_145843.csv,hsianshun0514workout,one_arm_db_row,2,7,66430,66654,66422,66660,0.9412
datasets/workout/hsianshun0514workout/hsianshun0514workout_whole_session_20260514_145843.csv,hsianshun0514workout,one_arm_db_row,2,8,66654,66926,66660,66909,0.9154
datasets/workout/hsianshun0514workout/hsianshun0514workout_whole_session_20260514_145843.csv,hsianshun0514workout,one_arm_db_row,2,9,66926,67176,66909,67184,0.9091
datasets/workout/hsianshun0514workout/hsianshun0514workout_whole_session_20260514_145843.csv,hsianshun0514workout,one_arm_db_row,2,10,67176,67431,67184,67442,0.9286
datasets/workout/hsianshun0514workout/hsianshun0514workout_whole_session_20260514_145843.csv,hsianshun0514workout,one_arm_db_row,2,11,67431,67663,67442,67663,0.9526
datasets/workout/hsianshun0514workout/hsianshun0514workout_whole_session_20260514_145843.csv,hsianshun0514workout,one_arm_db_row,3,0,74827,75040,74827,75026,0.9343
datasets/workout/hsianshun0514workout/hsianshun0514workout_whole_session_20260514_145843.csv,hsianshun0514workout,one_arm_db_row,3,1,75040,75271,75026,75264,0.9143
datasets/workout/hsianshun0514workout/hsianshun0514workout_whole_session_20260514_145843.csv,hsianshun0514workout,one_arm_db_row,3,2,75271,75500,75264,75554,0.7897
datasets/workout/hsianshun0514workout/hsianshun0514workout_whole_session_20260514_145843.csv,hsianshun0514workout,one_arm_db_row,3,3,75500,75724,75554,75729,0.7424
datasets/workout/hsianshun0514workout/hsianshun0514workout_whole_session_20260514_145843.csv,hsianshun0514workout,one_arm_db_row,3,4,75724,75952,75729,75968,0.9139
datasets/workout/hsianshun0514workout/hsianshun0514workout_whole_session_20260514_145843.csv,hsianshun0514workout,one_arm_db_row,3,5,75952,76204,75968,76214,0.9008
datasets/workout/hsianshun0514workout/hsianshun0514workout_whole_session_20260514_145843.csv,hsianshun0514workout,one_arm_db_row,3,6,76204,76415,76214,76430,0.8894
datasets/workout/hsianshun0514workout/hsianshun0514workout_whole_session_20260514_145843.csv,hsianshun0514workout,one_arm_db_row,3,7,76415,76648,76430,76662,0.8826
datasets/workout/hsianshun0514workout/hsianshun0514workout_whole_session_20260514_145843.csv,hsianshun0514workout,one_arm_db_row,3,8,76648,76886,76662,76898,0.896
datasets/workout/hsianshun0514workout/hsianshun0514workout_whole_session_20260514_145843.csv,hsianshun0514workout,one_arm_db_row,3,9,76886,77109,76898,77139,0.834
datasets/workout/hsianshun0514workout/hsianshun0514workout_whole_session_20260514_145843.csv,hsianshun0514workout,one_arm_db_row,3,10,77109,77342,77139,77381,0.7463
datasets/workout/hsianshun0514workout/hsianshun0514workout_whole_session_20260514_145843.csv,hsianshun0514workout,one_arm_db_row,3,11,77342,77617,77381,77617,0.8582
datasets/workout/hsianshun0514workout/hsianshun0514workout_whole_session_20260514_145843.csv,hsianshun0514workout,db_rdl,0,0,112110,112494,112110,112505,0.9722
datasets/workout/hsianshun0514workout/hsianshun0514workout_whole_session_20260514_145843.csv,hsianshun0514workout,db_rdl,0,1,112494,112802,112505,112812,0.934
datasets/workout/hsianshun0514workout/hsianshun0514workout_whole_session_20260514_145843.csv,hsianshun0514workout,db_rdl,0,2,112802,113181,112812,113152,0.8971
datasets/workout/hsianshun0514workout/hsianshun0514workout_whole_session_20260514_145843.csv,hsianshun0514workout,db_rdl,0,3,113181,113462,113152,113586,0.6475
datasets/workout/hsianshun0514workout/hsianshun0514workout_whole_session_20260514_145843.csv,hsianshun0514workout,db_rdl,0,4,113462,113862,113586,113833,0.6175
datasets/workout/hsianshun0514workout/hsianshun0514workout_whole_session_20260514_145843.csv,hsianshun0514workout,db_rdl,0,5,113862,114178,113833,114161,0.8667
datasets/workout/hsianshun0514workout/hsianshun0514workout_whole_session_20260514_145843.csv,hsianshun0514workout,db_rdl,0,6,114178,114536,114161,114530,0.9387
datasets/workout/hsianshun0514workout/hsianshun0514workout_whole_session_20260514_145843.csv,hsianshun0514workout,db_rdl,0,7,114536,114866,114530,114862,0.9702
datasets/workout/hsianshun0514workout/hsianshun0514workout_whole_session_20260514_145843.csv,hsianshun0514workout,db_rdl,0,8,114866,115190,114862,115196,0.9701
datasets/workout/hsianshun0514workout/hsianshun0514workout_whole_session_20260514_145843.csv,hsianshun0514workout,db_rdl,0,9,115190,115603,115196,115556,0.8717
datasets/workout/hsianshun0514workout/hsianshun0514workout_whole_session_20260514_145843.csv,hsianshun0514workout,db_rdl,0,10,115603,115959,115556,115952,0.866
datasets/workout/hsianshun0514workout/hsianshun0514workout_whole_session_20260514_145843.csv,hsianshun0514workout,db_rdl,0,11,115959,116226,115952,116226,0.9745
datasets/workout/hsianshun0514workout/hsianshun0514workout_whole_session_20260514_145843.csv,hsianshun0514workout,db_rdl,1,0,122863,123077,122863,123110,0.8664
datasets/workout/hsianshun0514workout/hsianshun0514workout_whole_session_20260514_145843.csv,hsianshun0514workout,db_rdl,1,1,123077,123387,123110,123398,0.8629
datasets/workout/hsianshun0514workout/hsianshun0514workout_whole_session_20260514_145843.csv,hsianshun0514workout,db_rdl,1,2,123387,123694,123398,123727,0.8706
datasets/workout/hsianshun0514workout/hsianshun0514workout_whole_session_20260514_145843.csv,hsianshun0514workout,db_rdl,1,3,123694,124019,123727,124027,0.8769
datasets/workout/hsianshun0514workout/hsianshun0514workout_whole_session_20260514_145843.csv,hsianshun0514workout,db_rdl,1,4,124019,124338,124027,124355,0.9256
datasets/workout/hsianshun0514workout/hsianshun0514workout_whole_session_20260514_145843.csv,hsianshun0514workout,db_rdl,1,5,124338,124667,124355,124655,0.9119
datasets/workout/hsianshun0514workout/hsianshun0514workout_whole_session_20260514_145843.csv,hsianshun0514workout,db_rdl,1,6,124667,124986,124655,124974,0.9275
datasets/workout/hsianshun0514workout/hsianshun0514workout_whole_session_20260514_145843.csv,hsianshun0514workout,db_rdl,1,7,124986,125316,124974,125345,0.8895
datasets/workout/hsianshun0514workout/hsianshun0514workout_whole_session_20260514_145843.csv,hsianshun0514workout,db_rdl,1,8,125316,125680,125345,125661,0.8681
datasets/workout/hsianshun0514workout/hsianshun0514workout_whole_session_20260514_145843.csv,hsianshun0514workout,db_rdl,1,9,125680,126009,125661,126017,0.9242
datasets/workout/hsianshun0514workout/hsianshun0514workout_whole_session_20260514_145843.csv,hsianshun0514workout,db_rdl,1,10,126009,126336,126017,126372,0.8788
datasets/workout/hsianshun0514workout/hsianshun0514workout_whole_session_20260514_145843.csv,hsianshun0514workout,db_rdl,1,11,126336,126634,126372,126634,0.8792
datasets/workout/hsianshun0514workout/hsianshun0514workout_whole_session_20260514_145843.csv,hsianshun0514workout,db_rdl,2,0,134286,134632,134286,134616,0.9538
datasets/workout/hsianshun0514workout/hsianshun0514workout_whole_session_20260514_145843.csv,hsianshun0514workout,db_rdl,2,1,134632,134895,134616,134941,0.8092
datasets/workout/hsianshun0514workout/hsianshun0514workout_whole_session_20260514_145843.csv,hsianshun0514workout,db_rdl,2,2,134895,135246,134941,135233,0.8319
datasets/workout/hsianshun0514workout/hsianshun0514workout_whole_session_20260514_145843.csv,hsianshun0514workout,db_rdl,2,3,135246,135555,135233,135538,0.9068
datasets/workout/hsianshun0514workout/hsianshun0514workout_whole_session_20260514_145843.csv,hsianshun0514workout,db_rdl,2,4,135555,135859,135538,135859,0.947
datasets/workout/hsianshun0514workout/hsianshun0514workout_whole_session_20260514_145843.csv,hsianshun0514workout,db_rdl,2,5,135859,136190,135859,136178,0.9637
datasets/workout/hsianshun0514workout/hsianshun0514workout_whole_session_20260514_145843.csv,hsianshun0514workout,db_rdl,2,6,136190,136503,136178,136496,0.9415
datasets/workout/hsianshun0514workout/hsianshun0514workout_whole_session_20260514_145843.csv,hsianshun0514workout,db_rdl,2,7,136503,136797,136496,136805,0.9515
datasets/workout/hsianshun0514workout/hsianshun0514workout_whole_session_20260514_145843.csv,hsianshun0514workout,db_rdl,2,8,136797,137072,136805,137108,0.8585
datasets/workout/hsianshun0514workout/hsianshun0514workout_whole_session_20260514_145843.csv,hsianshun0514workout,db_rdl,2,9,137072,137396,137108,137388,0.8642
datasets/workout/hsianshun0514workout/hsianshun0514workout_whole_session_20260514_145843.csv,hsianshun0514workout,db_rdl,2,10,137396,137722,137388,137738,0.9314
datasets/workout/hsianshun0514workout/hsianshun0514workout_whole_session_20260514_145843.csv,hsianshun0514workout,db_rdl,2,11,137722,138028,137738,138028,0.9477
datasets/workout/hsianshun0514workout/hsianshun0514workout_whole_session_20260514_145843.csv,hsianshun0514workout,db_weighted_crunch,0,0,164651,164915,164651,165178,0.5009
datasets/workout/hsianshun0514workout/hsianshun0514workout_whole_session_20260514_145843.csv,hsianshun0514workout,db_weighted_crunch,0,1,164915,165203,164651,165178,0.4764
datasets/workout/hsianshun0514workout/hsianshun0514workout_whole_session_20260514_145843.csv,hsianshun0514workout,db_weighted_crunch,0,2,165203,165577,165178,165576,0.9348
datasets/workout/hsianshun0514workout/hsianshun0514workout_whole_session_20260514_145843.csv,hsianshun0514workout,db_weighted_crunch,0,3,165577,165941,165576,165928,0.9616
datasets/workout/hsianshun0514workout/hsianshun0514workout_whole_session_20260514_145843.csv,hsianshun0514workout,db_weighted_crunch,0,4,165941,166353,165928,166359,0.9559
datasets/workout/hsianshun0514workout/hsianshun0514workout_whole_session_20260514_145843.csv,hsianshun0514workout,db_weighted_crunch,0,5,166353,166764,166359,166761,0.9781
datasets/workout/hsianshun0514workout/hsianshun0514workout_whole_session_20260514_145843.csv,hsianshun0514workout,db_weighted_crunch,0,6,166764,167153,166761,167157,0.9823
datasets/workout/hsianshun0514workout/hsianshun0514workout_whole_session_20260514_145843.csv,hsianshun0514workout,db_weighted_crunch,0,7,167153,167576,167157,167561,0.9551
datasets/workout/hsianshun0514workout/hsianshun0514workout_whole_session_20260514_145843.csv,hsianshun0514workout,db_weighted_crunch,0,8,167576,167931,167561,168226,0.5338
datasets/workout/hsianshun0514workout/hsianshun0514workout_whole_session_20260514_145843.csv,hsianshun0514workout,db_weighted_crunch,0,9,167931,168323,167561,168226,0.3871
datasets/workout/hsianshun0514workout/hsianshun0514workout_whole_session_20260514_145843.csv,hsianshun0514workout,db_weighted_crunch,0,10,168323,168699,168226,168684,0.7632
datasets/workout/hsianshun0514workout/hsianshun0514workout_whole_session_20260514_145843.csv,hsianshun0514workout,db_weighted_crunch,0,11,168699,169003,168684,169003,0.953
datasets/workout/hsianshun0514workout/hsianshun0514workout_whole_session_20260514_145843.csv,hsianshun0514workout,db_weighted_crunch,1,0,176284,176675,176284,176330,0.1176
datasets/workout/hsianshun0514workout/hsianshun0514workout_whole_session_20260514_145843.csv,hsianshun0514workout,db_weighted_crunch,2,0,177652,177881,177652,177925,0.8388
datasets/workout/hsianshun0514workout/hsianshun0514workout_whole_session_20260514_145843.csv,hsianshun0514workout,db_weighted_crunch,2,1,177881,178221,177925,178494,0.4829
datasets/workout/hsianshun0514workout/hsianshun0514workout_whole_session_20260514_145843.csv,hsianshun0514workout,db_weighted_crunch,2,2,178221,178634,177925,178494,0.385
datasets/workout/hsianshun0514workout/hsianshun0514workout_whole_session_20260514_145843.csv,hsianshun0514workout,db_weighted_crunch,2,3,178634,178981,178494,178856,0.4559
datasets/workout/hsianshun0514workout/hsianshun0514workout_whole_session_20260514_145843.csv,hsianshun0514workout,db_weighted_crunch,2,4,178981,179261,178856,179207,0.558
datasets/workout/hsianshun0514workout/hsianshun0514workout_whole_session_20260514_145843.csv,hsianshun0514workout,db_weighted_crunch,2,5,179261,179611,179207,179630,0.8274
datasets/workout/hsianshun0514workout/hsianshun0514workout_whole_session_20260514_145843.csv,hsianshun0514workout,db_weighted_crunch,2,6,179611,179983,179630,179924,0.7903
datasets/workout/hsianshun0514workout/hsianshun0514workout_whole_session_20260514_145843.csv,hsianshun0514workout,db_weighted_crunch,2,7,179983,180330,179924,180390,0.7446
datasets/workout/hsianshun0514workout/hsianshun0514workout_whole_session_20260514_145843.csv,hsianshun0514workout,db_weighted_crunch,2,8,180330,180691,180390,180745,0.7253
datasets/workout/hsianshun0514workout/hsianshun0514workout_whole_session_20260514_145843.csv,hsianshun0514workout,db_weighted_crunch,2,9,180691,181105,180745,181099,0.8551
datasets/workout/hsianshun0514workout/hsianshun0514workout_whole_session_20260514_145843.csv,hsianshun0514workout,db_weighted_crunch,2,10,181105,181533,181099,181497,0.9032
datasets/workout/hsianshun0514workout/hsianshun0514workout_whole_session_20260514_145843.csv,hsianshun0514workout,db_weighted_crunch,2,11,181533,181917,181497,181916,0.9119
datasets/workout/hsianshun0514workout/hsianshun0514workout_whole_session_20260514_145843.csv,hsianshun0514workout,db_weighted_crunch,2,12,181917,182328,181916,182328,0.9976
datasets/workout/hsianshun0514workout/hsianshun0514workout_whole_session_20260514_145843.csv,hsianshun0514workout,db_weighted_crunch,3,0,191776,192100,191776,192120,0.9419
datasets/workout/hsianshun0514workout/hsianshun0514workout_whole_session_20260514_145843.csv,hsianshun0514workout,db_weighted_crunch,3,1,192100,192460,192120,192440,0.8889
datasets/workout/hsianshun0514workout/hsianshun0514workout_whole_session_20260514_145843.csv,hsianshun0514workout,db_weighted_crunch,3,2,192460,192757,192440,192822,0.7775
datasets/workout/hsianshun0514workout/hsianshun0514workout_whole_session_20260514_145843.csv,hsianshun0514workout,db_weighted_crunch,3,3,192757,193107,192822,193120,0.7851
datasets/workout/hsianshun0514workout/hsianshun0514workout_whole_session_20260514_145843.csv,hsianshun0514workout,db_weighted_crunch,3,4,193107,193539,193120,193587,0.8729
datasets/workout/hsianshun0514workout/hsianshun0514workout_whole_session_20260514_145843.csv,hsianshun0514workout,db_weighted_crunch,3,5,193539,193913,193587,193921,0.8534
datasets/workout/hsianshun0514workout/hsianshun0514workout_whole_session_20260514_145843.csv,hsianshun0514workout,db_weighted_crunch,3,6,193913,194332,193921,194229,0.7351
datasets/workout/hsianshun0514workout/hsianshun0514workout_whole_session_20260514_145843.csv,hsianshun0514workout,db_weighted_crunch,3,7,194332,194709,194480,194924,0.3868
datasets/workout/hsianshun0514workout/hsianshun0514workout_whole_session_20260514_145843.csv,hsianshun0514workout,db_weighted_crunch,3,8,194709,195094,194480,194924,0.3502
datasets/workout/hsianshun0514workout/hsianshun0514workout_whole_session_20260514_145843.csv,hsianshun0514workout,db_weighted_crunch,3,9,195094,195507,195275,195496,0.5351
datasets/workout/hsianshun0514workout/hsianshun0514workout_whole_session_20260514_145843.csv,hsianshun0514workout,db_weighted_crunch,3,10,195507,195864,195496,195928,0.8264
datasets/workout/hsianshun0514workout/hsianshun0514workout_whole_session_20260514_145843.csv,hsianshun0514workout,db_weighted_crunch,3,11,195864,196184,195928,196184,0.8
datasets/workout/hsianshun0514workout/hsianshun0514workout_whole_session_20260514_145843.csv,hsianshun0514workout,db_shoulder_press,1,0,217070,217282,217070,219265,0.0966
datasets/workout/hsianshun0514workout/hsianshun0514workout_whole_session_20260514_145843.csv,hsianshun0514workout,db_shoulder_press,1,1,217282,217616,217070,219265,0.1522
datasets/workout/hsianshun0514workout/hsianshun0514workout_whole_session_20260514_145843.csv,hsianshun0514workout,db_shoulder_press,1,2,217616,217975,217070,219265,0.1636
datasets/workout/hsianshun0514workout/hsianshun0514workout_whole_session_20260514_145843.csv,hsianshun0514workout,db_shoulder_press,1,3,217975,218304,217070,219265,0.1499
datasets/workout/hsianshun0514workout/hsianshun0514workout_whole_session_20260514_145843.csv,hsianshun0514workout,db_shoulder_press,1,4,218304,218680,217070,219265,0.1713
datasets/workout/hsianshun0514workout/hsianshun0514workout_whole_session_20260514_145843.csv,hsianshun0514workout,db_shoulder_press,1,5,218680,219050,217070,219265,0.1686
datasets/workout/hsianshun0514workout/hsianshun0514workout_whole_session_20260514_145843.csv,hsianshun0514workout,db_shoulder_press,1,6,219050,219398,217070,219265,0.0924
datasets/workout/hsianshun0514workout/hsianshun0514workout_whole_session_20260514_145843.csv,hsianshun0514workout,db_shoulder_press,1,7,219398,219787,219265,221313,0.1899
datasets/workout/hsianshun0514workout/hsianshun0514workout_whole_session_20260514_145843.csv,hsianshun0514workout,db_shoulder_press,1,8,219787,220107,219265,221313,0.1562
datasets/workout/hsianshun0514workout/hsianshun0514workout_whole_session_20260514_145843.csv,hsianshun0514workout,db_shoulder_press,1,9,220107,220540,219265,221313,0.2114
datasets/workout/hsianshun0514workout/hsianshun0514workout_whole_session_20260514_145843.csv,hsianshun0514workout,db_shoulder_press,1,10,220540,220933,219265,221313,0.1919
datasets/workout/hsianshun0514workout/hsianshun0514workout_whole_session_20260514_145843.csv,hsianshun0514workout,db_shoulder_press,1,11,220933,221313,219265,221313,0.1855
datasets/workout/hsianshun0514workout/hsianshun0514workout_whole_session_20260514_145843.csv,hsianshun0514workout,db_shoulder_press,2,0,235168,235417,235168,235600,0.5764
datasets/workout/hsianshun0514workout/hsianshun0514workout_whole_session_20260514_145843.csv,hsianshun0514workout,db_shoulder_press,2,1,235417,235715,235168,235600,0.3346
datasets/workout/hsianshun0514workout/hsianshun0514workout_whole_session_20260514_145843.csv,hsianshun0514workout,db_shoulder_press,2,2,235715,236021,235600,235906,0.4537
datasets/workout/hsianshun0514workout/hsianshun0514workout_whole_session_20260514_145843.csv,hsianshun0514workout,db_shoulder_press,2,3,236021,236364,235906,236374,0.7329
datasets/workout/hsianshun0514workout/hsianshun0514workout_whole_session_20260514_145843.csv,hsianshun0514workout,db_shoulder_press,2,4,236364,236642,236374,236843,0.5595
datasets/workout/hsianshun0514workout/hsianshun0514workout_whole_session_20260514_145843.csv,hsianshun0514workout,db_shoulder_press,2,5,236642,236967,236374,236843,0.339
datasets/workout/hsianshun0514workout/hsianshun0514workout_whole_session_20260514_145843.csv,hsianshun0514workout,db_shoulder_press,2,6,236967,237291,236843,237189,0.4955
datasets/workout/hsianshun0514workout/hsianshun0514workout_whole_session_20260514_145843.csv,hsianshun0514workout,db_shoulder_press,2,7,237291,237619,237189,237813,0.5256
datasets/workout/hsianshun0514workout/hsianshun0514workout_whole_session_20260514_145843.csv,hsianshun0514workout,db_shoulder_press,2,8,237619,237984,237813,238207,0.2908
datasets/workout/hsianshun0514workout/hsianshun0514workout_whole_session_20260514_145843.csv,hsianshun0514workout,db_shoulder_press,2,9,237984,238293,237813,238207,0.4646
datasets/workout/hsianshun0514workout/hsianshun0514workout_whole_session_20260514_145843.csv,hsianshun0514workout,db_shoulder_press,2,10,238293,238757,238207,238567,0.4982
datasets/workout/hsianshun0514workout/hsianshun0514workout_whole_session_20260514_145843.csv,hsianshun0514workout,db_shoulder_press,2,11,238757,238971,238567,238971,0.5297
datasets/workout/hsianshun0514workout/hsianshun0514workout_whole_session_20260514_145843.csv,hsianshun0514workout,db_shoulder_press,3,0,267342,267571,267342,269414,0.1105
datasets/workout/hsianshun0514workout/hsianshun0514workout_whole_session_20260514_145843.csv,hsianshun0514workout,db_shoulder_press,3,1,267571,267854,267342,269414,0.1366
datasets/workout/hsianshun0514workout/hsianshun0514workout_whole_session_20260514_145843.csv,hsianshun0514workout,db_shoulder_press,3,2,267854,268173,267342,269414,0.154
datasets/workout/hsianshun0514workout/hsianshun0514workout_whole_session_20260514_145843.csv,hsianshun0514workout,db_shoulder_press,3,3,268173,268529,267342,269414,0.1718
datasets/workout/hsianshun0514workout/hsianshun0514workout_whole_session_20260514_145843.csv,hsianshun0514workout,db_shoulder_press,3,4,268529,268832,267342,269414,0.1462
datasets/workout/hsianshun0514workout/hsianshun0514workout_whole_session_20260514_145843.csv,hsianshun0514workout,db_shoulder_press,3,5,268832,269153,267342,269414,0.1549
datasets/workout/hsianshun0514workout/hsianshun0514workout_whole_session_20260514_145843.csv,hsianshun0514workout,db_shoulder_press,3,6,269153,269518,267342,269414,0.1199
datasets/workout/hsianshun0514workout/hsianshun0514workout_whole_session_20260514_145843.csv,hsianshun0514workout,db_shoulder_press,3,7,269518,269927,269414,271029,0.2533
datasets/workout/hsianshun0514workout/hsianshun0514workout_whole_session_20260514_145843.csv,hsianshun0514workout,db_shoulder_press,3,8,269927,270327,269414,271029,0.2477
datasets/workout/hsianshun0514workout/hsianshun0514workout_whole_session_20260514_145843.csv,hsianshun0514workout,db_shoulder_press,3,9,270327,271029,269414,271029,0.4347
datasets/workout/hsianshun0514workout/hsianshun0514workout_whole_session_20260514_145843.csv,hsianshun0514workout,db_biceps_curl,0,0,286569,286808,286569,286823,0.9409
datasets/workout/hsianshun0514workout/hsianshun0514workout_whole_session_20260514_145843.csv,hsianshun0514workout,db_biceps_curl,0,1,286808,287092,286823,287273,0.5785
datasets/workout/hsianshun0514workout/hsianshun0514workout_whole_session_20260514_145843.csv,hsianshun0514workout,db_biceps_curl,0,2,287092,287405,286823,287273,0.311
datasets/workout/hsianshun0514workout/hsianshun0514workout_whole_session_20260514_145843.csv,hsianshun0514workout,db_biceps_curl,0,3,287405,287681,287273,287721,0.6161
datasets/workout/hsianshun0514workout/hsianshun0514workout_whole_session_20260514_145843.csv,hsianshun0514workout,db_biceps_curl,0,4,287681,288034,287721,288088,0.769
datasets/workout/hsianshun0514workout/hsianshun0514workout_whole_session_20260514_145843.csv,hsianshun0514workout,db_biceps_curl,0,5,288034,288405,288088,288411,0.8408
datasets/workout/hsianshun0514workout/hsianshun0514workout_whole_session_20260514_145843.csv,hsianshun0514workout,db_biceps_curl,0,6,288405,288798,288411,288778,0.9338
datasets/workout/hsianshun0514workout/hsianshun0514workout_whole_session_20260514_145843.csv,hsianshun0514workout,db_biceps_curl,0,7,288798,289189,288778,289014,0.5255
datasets/workout/hsianshun0514workout/hsianshun0514workout_whole_session_20260514_145843.csv,hsianshun0514workout,db_biceps_curl,0,8,289189,289804,289264,289739,0.7724
datasets/workout/hsianshun0514workout/hsianshun0514workout_whole_session_20260514_145843.csv,hsianshun0514workout,db_biceps_curl,0,9,289804,290346,289739,290084,0.4613
datasets/workout/hsianshun0514workout/hsianshun0514workout_whole_session_20260514_145843.csv,hsianshun0514workout,db_biceps_curl,0,10,290346,290778,290473,290778,0.706
datasets/workout/hsianshun0514workout/hsianshun0514workout_whole_session_20260514_145843.csv,hsianshun0514workout,db_biceps_curl,1,0,321008,321340,321008,321351,0.9679
datasets/workout/hsianshun0514workout/hsianshun0514workout_whole_session_20260514_145843.csv,hsianshun0514workout,db_biceps_curl,1,1,321340,321621,321351,321621,0.9609
datasets/workout/hsianshun0514workout/hsianshun0514workout_whole_session_20260514_145843.csv,hsianshun0514workout,db_biceps_curl,1,2,321621,321933,321621,321928,0.984
datasets/workout/hsianshun0514workout/hsianshun0514workout_whole_session_20260514_145843.csv,hsianshun0514workout,db_biceps_curl,1,3,321933,322257,321928,322281,0.9178
datasets/workout/hsianshun0514workout/hsianshun0514workout_whole_session_20260514_145843.csv,hsianshun0514workout,db_biceps_curl,1,4,322257,322612,322281,322703,0.7422
datasets/workout/hsianshun0514workout/hsianshun0514workout_whole_session_20260514_145843.csv,hsianshun0514workout,db_biceps_curl,1,5,322612,323105,322703,322944,0.4888
datasets/workout/hsianshun0514workout/hsianshun0514workout_whole_session_20260514_145843.csv,hsianshun0514workout,db_biceps_curl,1,6,323105,323537,323213,323537,0.75
datasets/workout/hsianshun0514workout/hsianshun0514workout_whole_session_20260514_145843.csv,hsianshun0514workout,db_biceps_curl,2,0,367807,368118,367807,368000,0.6206
datasets/workout/hsianshun0514workout/hsianshun0514workout_whole_session_20260514_145843.csv,hsianshun0514workout,db_biceps_curl,2,1,368118,368356,368117,368238,0.5021
datasets/workout/hsianshun0514workout/hsianshun0514workout_whole_session_20260514_145843.csv,hsianshun0514workout,db_biceps_curl,2,2,368356,368597,368353,368580,0.918
datasets/workout/hsianshun0514workout/hsianshun0514workout_whole_session_20260514_145843.csv,hsianshun0514workout,db_biceps_curl,2,3,368597,368851,368580,368725,0.4723
datasets/workout/hsianshun0514workout/hsianshun0514workout_whole_session_20260514_145843.csv,hsianshun0514workout,db_biceps_curl,2,4,368851,369103,368836,368987,0.5094
datasets/workout/hsianshun0514workout/hsianshun0514workout_whole_session_20260514_145843.csv,hsianshun0514workout,db_biceps_curl,2,5,369103,369379,369125,369265,0.5072
datasets/workout/hsianshun0514workout/hsianshun0514workout_whole_session_20260514_145843.csv,hsianshun0514workout,db_biceps_curl,2,6,369379,369668,369410,369549,0.481
datasets/workout/hsianshun0514workout/hsianshun0514workout_whole_session_20260514_145843.csv,hsianshun0514workout,db_biceps_curl,2,7,369668,369963,369665,369832,0.5503
datasets/workout/hsianshun0514workout/hsianshun0514workout_whole_session_20260514_145843.csv,hsianshun0514workout,db_biceps_curl,2,8,369963,370304,369973,370158,0.5425
datasets/workout/hsianshun0514workout/hsianshun0514workout_whole_session_20260514_145843.csv,hsianshun0514workout,db_biceps_curl,2,9,370304,370704,370389,370561,0.43
datasets/workout/hsianshun0514workout/hsianshun0514workout_whole_session_20260514_145843.csv,hsianshun0514workout,db_biceps_curl,2,10,370704,371139,370950,371139,0.4345
datasets/workout/hsianshun0514workout/hsianshun0514workout_whole_session_20260514_145843.csv,hsianshun0514workout,db_triceps_curl,0,0,407676,407901,407676,407947,0.8303
datasets/workout/hsianshun0514workout/hsianshun0514workout_whole_session_20260514_145843.csv,hsianshun0514workout,db_triceps_curl,0,1,407901,408173,407947,408217,0.7152
datasets/workout/hsianshun0514workout/hsianshun0514workout_whole_session_20260514_145843.csv,hsianshun0514workout,db_triceps_curl,0,2,408173,408463,408217,408532,0.6852
datasets/workout/hsianshun0514workout/hsianshun0514workout_whole_session_20260514_145843.csv,hsianshun0514workout,db_triceps_curl,0,3,408463,408784,408532,408982,0.4855
datasets/workout/hsianshun0514workout/hsianshun0514workout_whole_session_20260514_145843.csv,hsianshun0514workout,db_triceps_curl,0,4,408784,409079,408532,408982,0.362
datasets/workout/hsianshun0514workout/hsianshun0514workout_whole_session_20260514_145843.csv,hsianshun0514workout,db_triceps_curl,0,5,409079,409364,409150,409427,0.6149
datasets/workout/hsianshun0514workout/hsianshun0514workout_whole_session_20260514_145843.csv,hsianshun0514workout,db_triceps_curl,0,6,409364,409715,409427,409750,0.7461
datasets/workout/hsianshun0514workout/hsianshun0514workout_whole_session_20260514_145843.csv,hsianshun0514workout,db_triceps_curl,0,7,409715,410012,409750,410112,0.6599
datasets/workout/hsianshun0514workout/hsianshun0514workout_whole_session_20260514_145843.csv,hsianshun0514workout,db_triceps_curl,0,8,410012,410361,410112,410476,0.5366
datasets/workout/hsianshun0514workout/hsianshun0514workout_whole_session_20260514_145843.csv,hsianshun0514workout,db_triceps_curl,0,9,410361,410694,410476,410731,0.5892
datasets/workout/hsianshun0514workout/hsianshun0514workout_whole_session_20260514_145843.csv,hsianshun0514workout,db_triceps_curl,0,10,410694,410731,410476,410731,0.1451
datasets/workout/hsianshun0514workout/hsianshun0514workout_whole_session_20260514_145843.csv,hsianshun0514workout,db_triceps_curl,1,0,430978,431310,430978,431339,0.9197
datasets/workout/hsianshun0514workout/hsianshun0514workout_whole_session_20260514_145843.csv,hsianshun0514workout,db_triceps_curl,1,1,431310,431637,431339,431645,0.8896
datasets/workout/hsianshun0514workout/hsianshun0514workout_whole_session_20260514_145843.csv,hsianshun0514workout,db_triceps_curl,1,2,431637,431948,431645,431946,0.9678
datasets/workout/hsianshun0514workout/hsianshun0514workout_whole_session_20260514_145843.csv,hsianshun0514workout,db_triceps_curl,1,3,431948,432219,431946,432255,0.877
datasets/workout/hsianshun0514workout/hsianshun0514workout_whole_session_20260514_145843.csv,hsianshun0514workout,db_triceps_curl,1,4,432219,432509,432255,432529,0.8194
datasets/workout/hsianshun0514workout/hsianshun0514workout_whole_session_20260514_145843.csv,hsianshun0514workout,db_triceps_curl,1,5,432509,432794,432529,432826,0.836
datasets/workout/hsianshun0514workout/hsianshun0514workout_whole_session_20260514_145843.csv,hsianshun0514workout,db_triceps_curl,1,6,432794,433096,432826,433132,0.7988
datasets/workout/hsianshun0514workout/hsianshun0514workout_whole_session_20260514_145843.csv,hsianshun0514workout,db_triceps_curl,1,7,433096,433397,433132,433419,0.8204
datasets/workout/hsianshun0514workout/hsianshun0514workout_whole_session_20260514_145843.csv,hsianshun0514workout,db_triceps_curl,1,8,433397,433695,433419,433718,0.8598
datasets/workout/hsianshun0514workout/hsianshun0514workout_whole_session_20260514_145843.csv,hsianshun0514workout,db_triceps_curl,1,9,433695,433976,433718,434041,0.7457
datasets/workout/hsianshun0514workout/hsianshun0514workout_whole_session_20260514_145843.csv,hsianshun0514workout,db_triceps_curl,1,10,433976,434278,434041,434296,0.7406
datasets/workout/hsianshun0514workout/hsianshun0514workout_whole_session_20260514_145843.csv,hsianshun0514workout,db_triceps_curl,1,11,434278,434589,434296,434589,0.9421
datasets/workout/hsianshun0514workout/hsianshun0514workout_whole_session_20260514_145843.csv,hsianshun0514workout,db_triceps_curl,2,0,448600,448838,448600,448860,0.9154
datasets/workout/hsianshun0514workout/hsianshun0514workout_whole_session_20260514_145843.csv,hsianshun0514workout,db_triceps_curl,2,1,448838,449089,448860,449120,0.8121
datasets/workout/hsianshun0514workout/hsianshun0514workout_whole_session_20260514_145843.csv,hsianshun0514workout,db_triceps_curl,2,2,449089,449344,449120,449390,0.7442
datasets/workout/hsianshun0514workout/hsianshun0514workout_whole_session_20260514_145843.csv,hsianshun0514workout,db_triceps_curl,2,3,449344,449605,449390,449633,0.7439
datasets/workout/hsianshun0514workout/hsianshun0514workout_whole_session_20260514_145843.csv,hsianshun0514workout,db_triceps_curl,2,4,449605,449862,449633,449928,0.709
datasets/workout/hsianshun0514workout/hsianshun0514workout_whole_session_20260514_145843.csv,hsianshun0514workout,db_triceps_curl,2,5,449862,450150,449928,450211,0.6361
datasets/workout/hsianshun0514workout/hsianshun0514workout_whole_session_20260514_145843.csv,hsianshun0514workout,db_triceps_curl,2,6,450150,450413,450211,450471,0.6293
datasets/workout/hsianshun0514workout/hsianshun0514workout_whole_session_20260514_145843.csv,hsianshun0514workout,db_triceps_curl,2,7,450413,450685,450471,450735,0.6646
datasets/workout/hsianshun0514workout/hsianshun0514workout_whole_session_20260514_145843.csv,hsianshun0514workout,db_triceps_curl,2,8,450685,450981,450735,451044,0.6852
datasets/workout/hsianshun0514workout/hsianshun0514workout_whole_session_20260514_145843.csv,hsianshun0514workout,db_triceps_curl,2,9,450981,451239,451044,451264,0.689
datasets/workout/hsianshun0514workout/hsianshun0514workout_whole_session_20260514_145843.csv,hsianshun0514workout,db_triceps_curl,2,10,451239,451495,451264,451560,0.7196
datasets/workout/hsianshun0514workout/hsianshun0514workout_whole_session_20260514_145843.csv,hsianshun0514workout,db_triceps_curl,2,11,451495,451823,451560,451823,0.8018
datasets/workout/hsianshun0514workout/hsianshun0514workout_whole_session_20260514_145843.csv,hsianshun0514workout,db_squat,0,0,473497,473725,473497,473826,0.693
datasets/workout/hsianshun0514workout/hsianshun0514workout_whole_session_20260514_145843.csv,hsianshun0514workout,db_squat,0,1,473725,473986,473826,474011,0.5594
datasets/workout/hsianshun0514workout/hsianshun0514workout_whole_session_20260514_145843.csv,hsianshun0514workout,db_squat,0,2,473986,474277,474011,474310,0.821
datasets/workout/hsianshun0514workout/hsianshun0514workout_whole_session_20260514_145843.csv,hsianshun0514workout,db_squat,0,3,474277,474544,474310,474560,0.8269
datasets/workout/hsianshun0514workout/hsianshun0514workout_whole_session_20260514_145843.csv,hsianshun0514workout,db_squat,0,4,474544,474803,474560,474838,0.8265
datasets/workout/hsianshun0514workout/hsianshun0514workout_whole_session_20260514_145843.csv,hsianshun0514workout,db_squat,0,5,474803,475070,474838,475112,0.7508
datasets/workout/hsianshun0514workout/hsianshun0514workout_whole_session_20260514_145843.csv,hsianshun0514workout,db_squat,0,6,475070,475345,475112,475351,0.8292
datasets/workout/hsianshun0514workout/hsianshun0514workout_whole_session_20260514_145843.csv,hsianshun0514workout,db_squat,0,7,475345,475600,475351,475614,0.9257
datasets/workout/hsianshun0514workout/hsianshun0514workout_whole_session_20260514_145843.csv,hsianshun0514workout,db_squat,0,8,475600,475877,475614,475880,0.9393
datasets/workout/hsianshun0514workout/hsianshun0514workout_whole_session_20260514_145843.csv,hsianshun0514workout,db_squat,0,9,475877,476136,475880,476142,0.966
datasets/workout/hsianshun0514workout/hsianshun0514workout_whole_session_20260514_145843.csv,hsianshun0514workout,db_squat,0,10,476136,476411,476142,476429,0.9181
datasets/workout/hsianshun0514workout/hsianshun0514workout_whole_session_20260514_145843.csv,hsianshun0514workout,db_squat,0,11,476411,476601,476429,476601,0.9053
datasets/workout/hsianshun0514workout/hsianshun0514workout_whole_session_20260514_145843.csv,hsianshun0514workout,db_squat,1,0,486271,486550,486271,486609,0.8254
datasets/workout/hsianshun0514workout/hsianshun0514workout_whole_session_20260514_145843.csv,hsianshun0514workout,db_squat,1,1,486550,486748,486609,486782,0.5991
datasets/workout/hsianshun0514workout/hsianshun0514workout_whole_session_20260514_145843.csv,hsianshun0514workout,db_squat,1,2,486748,487000,486782,487017,0.8104
datasets/workout/hsianshun0514workout/hsianshun0514workout_whole_session_20260514_145843.csv,hsianshun0514workout,db_squat,1,3,487000,487231,487017,487236,0.9068
datasets/workout/hsianshun0514workout/hsianshun0514workout_whole_session_20260514_145843.csv,hsianshun0514workout,db_squat,1,4,487231,487464,487236,487483,0.9048
datasets/workout/hsianshun0514workout/hsianshun0514workout_whole_session_20260514_145843.csv,hsianshun0514workout,db_squat,1,5,487464,487746,487483,487764,0.8767
datasets/workout/hsianshun0514workout/hsianshun0514workout_whole_session_20260514_145843.csv,hsianshun0514workout,db_squat,1,6,487746,488015,487764,488028,0.8901
datasets/workout/hsianshun0514workout/hsianshun0514workout_whole_session_20260514_145843.csv,hsianshun0514workout,db_squat,1,7,488015,488273,488028,488311,0.8277
datasets/workout/hsianshun0514workout/hsianshun0514workout_whole_session_20260514_145843.csv,hsianshun0514workout,db_squat,1,8,488273,488551,488311,488552,0.8602
datasets/workout/hsianshun0514workout/hsianshun0514workout_whole_session_20260514_145843.csv,hsianshun0514workout,db_squat,1,9,488551,488779,488552,488791,0.9458
datasets/workout/hsianshun0514workout/hsianshun0514workout_whole_session_20260514_145843.csv,hsianshun0514workout,db_squat,1,10,488779,489055,488791,489065,0.9231
datasets/workout/hsianshun0514workout/hsianshun0514workout_whole_session_20260514_145843.csv,hsianshun0514workout,db_squat,1,11,489055,489324,489065,489324,0.9628
datasets/workout/hsianshun0514workout/hsianshun0514workout_whole_session_20260514_145843.csv,hsianshun0514workout,db_squat,2,0,502284,502604,502284,502439,0.4844
datasets/workout/hsianshun0514workout/hsianshun0514workout_whole_session_20260514_145843.csv,hsianshun0514workout,db_squat,2,1,502604,502807,502439,502814,0.5413
datasets/workout/hsianshun0514workout/hsianshun0514workout_whole_session_20260514_145843.csv,hsianshun0514workout,db_squat,2,2,502807,503015,502814,503016,0.9617
datasets/workout/hsianshun0514workout/hsianshun0514workout_whole_session_20260514_145843.csv,hsianshun0514workout,db_squat,2,3,503015,503220,503016,503243,0.8947
datasets/workout/hsianshun0514workout/hsianshun0514workout_whole_session_20260514_145843.csv,hsianshun0514workout,db_squat,2,4,503220,503458,503243,503455,0.8908
datasets/workout/hsianshun0514workout/hsianshun0514workout_whole_session_20260514_145843.csv,hsianshun0514workout,db_squat,2,5,503458,503675,503455,503686,0.9394
datasets/workout/hsianshun0514workout/hsianshun0514workout_whole_session_20260514_145843.csv,hsianshun0514workout,db_squat,2,6,503675,503892,503686,503917,0.8512
datasets/workout/hsianshun0514workout/hsianshun0514workout_whole_session_20260514_145843.csv,hsianshun0514workout,db_squat,2,7,503892,504133,503917,504139,0.8745
datasets/workout/hsianshun0514workout/hsianshun0514workout_whole_session_20260514_145843.csv,hsianshun0514workout,db_squat,2,8,504133,504351,504139,504366,0.9099
datasets/workout/hsianshun0514workout/hsianshun0514workout_whole_session_20260514_145843.csv,hsianshun0514workout,db_squat,2,9,504351,504586,504366,504605,0.8661
datasets/workout/hsianshun0514workout/hsianshun0514workout_whole_session_20260514_145843.csv,hsianshun0514workout,db_squat,2,10,504586,504852,504605,504844,0.8985
datasets/workout/hsianshun0514workout/hsianshun0514workout_whole_session_20260514_145843.csv,hsianshun0514workout,db_squat,2,11,504852,505107,504844,505107,0.9696
datasets/workout/kevin0509workout/kevin0509workout_whole_session_20260509_173017.csv,kevin0509workout,db_bench_press,0,0,617,936,617,835,0.6834
datasets/workout/kevin0509workout/kevin0509workout_whole_session_20260509_173017.csv,kevin0509workout,db_bench_press,0,1,936,1239,1023,1162,0.4587
datasets/workout/kevin0509workout/kevin0509workout_whole_session_20260509_173017.csv,kevin0509workout,db_bench_press,0,2,1239,1547,1340,1473,0.4318
datasets/workout/kevin0509workout/kevin0509workout_whole_session_20260509_173017.csv,kevin0509workout,db_bench_press,0,3,1547,1852,1473,1711,0.4327
datasets/workout/kevin0509workout/kevin0509workout_whole_session_20260509_173017.csv,kevin0509workout,db_bench_press,0,4,1852,2180,1877,2032,0.4726
datasets/workout/kevin0509workout/kevin0509workout_whole_session_20260509_173017.csv,kevin0509workout,db_bench_press,0,5,2180,2518,2328,2532,0.5398
datasets/workout/kevin0509workout/kevin0509workout_whole_session_20260509_173017.csv,kevin0509workout,db_bench_press,0,6,2518,2856,2681,2874,0.4916
datasets/workout/kevin0509workout/kevin0509workout_whole_session_20260509_173017.csv,kevin0509workout,db_bench_press,0,7,2856,3220,2874,3061,0.5137
datasets/workout/kevin0509workout/kevin0509workout_whole_session_20260509_173017.csv,kevin0509workout,db_bench_press,0,8,3220,3585,3357,3598,0.6032
datasets/workout/kevin0509workout/kevin0509workout_whole_session_20260509_173017.csv,kevin0509workout,db_bench_press,0,9,3585,3929,3598,3769,0.4971
datasets/workout/kevin0509workout/kevin0509workout_whole_session_20260509_173017.csv,kevin0509workout,db_bench_press,0,10,3929,4298,4108,4308,0.5013
datasets/workout/kevin0509workout/kevin0509workout_whole_session_20260509_173017.csv,kevin0509workout,db_bench_press,0,11,4298,4613,4308,4483,0.5556
datasets/workout/kevin0509workout/kevin0509workout_whole_session_20260509_173017.csv,kevin0509workout,db_bench_press,1,0,11655,11904,11767,11887,0.4819
datasets/workout/kevin0509workout/kevin0509workout_whole_session_20260509_173017.csv,kevin0509workout,db_bench_press,1,1,11904,12131,11887,12057,0.627
datasets/workout/kevin0509workout/kevin0509workout_whole_session_20260509_173017.csv,kevin0509workout,db_bench_press,1,2,12131,12395,12197,12342,0.5492
datasets/workout/kevin0509workout/kevin0509workout_whole_session_20260509_173017.csv,kevin0509workout,db_bench_press,1,3,12395,12686,12556,12690,0.4407
datasets/workout/kevin0509workout/kevin0509workout_whole_session_20260509_173017.csv,kevin0509workout,db_bench_press,1,4,12686,12953,12809,12966,0.5143
datasets/workout/kevin0509workout/kevin0509workout_whole_session_20260509_173017.csv,kevin0509workout,db_bench_press,1,5,12953,13242,12966,13128,0.5606
datasets/workout/kevin0509workout/kevin0509workout_whole_session_20260509_173017.csv,kevin0509workout,db_bench_press,1,6,13242,13588,13292,13430,0.3988
datasets/workout/kevin0509workout/kevin0509workout_whole_session_20260509_173017.csv,kevin0509workout,db_bench_press,1,7,13588,13891,13738,13890,0.5017
datasets/workout/kevin0509workout/kevin0509workout_whole_session_20260509_173017.csv,kevin0509workout,db_bench_press,1,8,13891,14157,14003,14167,0.558
datasets/workout/kevin0509workout/kevin0509workout_whole_session_20260509_173017.csv,kevin0509workout,db_bench_press,1,9,14157,14447,14167,14307,0.4828
datasets/workout/kevin0509workout/kevin0509workout_whole_session_20260509_173017.csv,kevin0509workout,db_bench_press,1,10,14447,14702,14561,14727,0.5036
datasets/workout/kevin0509workout/kevin0509workout_whole_session_20260509_173017.csv,kevin0509workout,db_bench_press,1,11,14702,14978,14727,14863,0.4928
datasets/workout/kevin0509workout/kevin0509workout_whole_session_20260509_173017.csv,kevin0509workout,db_bench_press,2,0,20890,21129,20890,21042,0.636
datasets/workout/kevin0509workout/kevin0509workout_whole_session_20260509_173017.csv,kevin0509workout,db_bench_press,2,1,21129,21375,21202,21366,0.6667
datasets/workout/kevin0509workout/kevin0509workout_whole_session_20260509_173017.csv,kevin0509workout,db_bench_press,2,2,21375,21590,21366,21478,0.4598
datasets/workout/kevin0509workout/kevin0509workout_whole_session_20260509_173017.csv,kevin0509workout,db_bench_press,2,3,21590,21881,21636,21752,0.3986
datasets/workout/kevin0509workout/kevin0509workout_whole_session_20260509_173017.csv,kevin0509workout,db_bench_press,2,4,21881,22149,21948,22100,0.5672
datasets/workout/kevin0509workout/kevin0509workout_whole_session_20260509_173017.csv,kevin0509workout,db_bench_press,2,5,22149,22455,22181,22314,0.4346
datasets/workout/kevin0509workout/kevin0509workout_whole_session_20260509_173017.csv,kevin0509workout,db_bench_press,2,6,22455,22748,22608,22754,0.4682
datasets/workout/kevin0509workout/kevin0509workout_whole_session_20260509_173017.csv,kevin0509workout,db_bench_press,2,7,22748,23041,22754,22966,0.7235
datasets/workout/kevin0509workout/kevin0509workout_whole_session_20260509_173017.csv,kevin0509workout,db_bench_press,2,8,23041,23334,23205,23357,0.4082
datasets/workout/kevin0509workout/kevin0509workout_whole_session_20260509_173017.csv,kevin0509workout,db_bench_press,2,9,23334,23649,23357,23501,0.4571
datasets/workout/kevin0509workout/kevin0509workout_whole_session_20260509_173017.csv,kevin0509workout,db_bench_press,2,10,23649,23969,23819,23964,0.4531
datasets/workout/kevin0509workout/kevin0509workout_whole_session_20260509_173017.csv,kevin0509workout,db_bench_press,2,11,23969,24245,23964,24121,0.5409
datasets/workout/kevin0509workout/kevin0509workout_whole_session_20260509_173017.csv,kevin0509workout,one_arm_db_row,0,0,42995,43301,42995,43267,0.8889
datasets/workout/kevin0509workout/kevin0509workout_whole_session_20260509_173017.csv,kevin0509workout,one_arm_db_row,0,1,43301,43556,43267,43574,0.8306
datasets/workout/kevin0509workout/kevin0509workout_whole_session_20260509_173017.csv,kevin0509workout,one_arm_db_row,0,2,43556,43824,43574,43795,0.8246
datasets/workout/kevin0509workout/kevin0509workout_whole_session_20260509_173017.csv,kevin0509workout,one_arm_db_row,0,3,43824,44107,43795,43948,0.3974
datasets/workout/kevin0509workout/kevin0509workout_whole_session_20260509_173017.csv,kevin0509workout,one_arm_db_row,0,4,44107,44355,43948,44365,0.5947
datasets/workout/kevin0509workout/kevin0509workout_whole_session_20260509_173017.csv,kevin0509workout,one_arm_db_row,0,5,44355,44472,44365,44564,0.512
datasets/workout/kevin0509workout/kevin0509workout_whole_session_20260509_173017.csv,kevin0509workout,one_arm_db_row,0,6,44472,44878,44564,44781,0.5345
datasets/workout/kevin0509workout/kevin0509workout_whole_session_20260509_173017.csv,kevin0509workout,one_arm_db_row,0,7,44878,45075,44781,45075,0.6701
datasets/workout/kevin0509workout/kevin0509workout_whole_session_20260509_173017.csv,kevin0509workout,one_arm_db_row,1,0,46759,47048,46759,47045,0.9896
datasets/workout/kevin0509workout/kevin0509workout_whole_session_20260509_173017.csv,kevin0509workout,one_arm_db_row,1,1,47048,47305,47045,47319,0.938
datasets/workout/kevin0509workout/kevin0509workout_whole_session_20260509_173017.csv,kevin0509workout,one_arm_db_row,1,2,47305,47586,47319,47571,0.8968
datasets/workout/kevin0509workout/kevin0509workout_whole_session_20260509_173017.csv,kevin0509workout,one_arm_db_row,1,3,47586,47856,47571,47841,0.8947
datasets/workout/kevin0509workout/kevin0509workout_whole_session_20260509_173017.csv,kevin0509workout,one_arm_db_row,1,4,47856,48140,47841,48147,0.9281
datasets/workout/kevin0509workout/kevin0509workout_whole_session_20260509_173017.csv,kevin0509workout,one_arm_db_row,1,5,48140,48408,48147,48410,0.9667
datasets/workout/kevin0509workout/kevin0509workout_whole_session_20260509_173017.csv,kevin0509workout,one_arm_db_row,1,6,48408,48665,48410,48675,0.9551
datasets/workout/kevin0509workout/kevin0509workout_whole_session_20260509_173017.csv,kevin0509workout,one_arm_db_row,1,7,48665,48969,48675,48990,0.9046
datasets/workout/kevin0509workout/kevin0509workout_whole_session_20260509_173017.csv,kevin0509workout,one_arm_db_row,1,8,48969,49252,48990,49234,0.8622
datasets/workout/kevin0509workout/kevin0509workout_whole_session_20260509_173017.csv,kevin0509workout,one_arm_db_row,1,9,49252,49508,49234,49456,0.7445
datasets/workout/kevin0509workout/kevin0509workout_whole_session_20260509_173017.csv,kevin0509workout,one_arm_db_row,1,10,49508,49764,49456,49758,0.8117
datasets/workout/kevin0509workout/kevin0509workout_whole_session_20260509_173017.csv,kevin0509workout,one_arm_db_row,1,11,49764,50010,49758,50010,0.9762
datasets/workout/kevin0509workout/kevin0509workout_whole_session_20260509_173017.csv,kevin0509workout,one_arm_db_row,2,0,56767,57033,56767,57037,0.9852
datasets/workout/kevin0509workout/kevin0509workout_whole_session_20260509_173017.csv,kevin0509workout,one_arm_db_row,2,1,57033,57291,57037,57400,0.6921
datasets/workout/kevin0509workout/kevin0509workout_whole_session_20260509_173017.csv,kevin0509workout,one_arm_db_row,2,2,57291,57520,57400,57652,0.3324
datasets/workout/kevin0509workout/kevin0509workout_whole_session_20260509_173017.csv,kevin0509workout,one_arm_db_row,2,3,57520,57780,57652,57826,0.4183
datasets/workout/kevin0509workout/kevin0509workout_whole_session_20260509_173017.csv,kevin0509workout,one_arm_db_row,2,4,57780,58073,57826,58065,0.8157
datasets/workout/kevin0509workout/kevin0509workout_whole_session_20260509_173017.csv,kevin0509workout,one_arm_db_row,2,5,58073,58348,58065,58354,0.9516
datasets/workout/kevin0509workout/kevin0509workout_whole_session_20260509_173017.csv,kevin0509workout,one_arm_db_row,2,6,58348,58615,58354,58616,0.9739
datasets/workout/kevin0509workout/kevin0509workout_whole_session_20260509_173017.csv,kevin0509workout,one_arm_db_row,2,7,58615,58881,58616,58889,0.9672
datasets/workout/kevin0509workout/kevin0509workout_whole_session_20260509_173017.csv,kevin0509workout,one_arm_db_row,2,8,58881,59192,58889,59195,0.965
datasets/workout/kevin0509workout/kevin0509workout_whole_session_20260509_173017.csv,kevin0509workout,one_arm_db_row,2,9,59192,59470,59195,59441,0.8849
datasets/workout/kevin0509workout/kevin0509workout_whole_session_20260509_173017.csv,kevin0509workout,one_arm_db_row,2,10,59470,59756,59441,59742,0.8635
datasets/workout/kevin0509workout/kevin0509workout_whole_session_20260509_173017.csv,kevin0509workout,one_arm_db_row,2,11,59756,60017,59742,60017,0.9491
datasets/workout/kevin0509workout/kevin0509workout_whole_session_20260509_173017.csv,kevin0509workout,one_arm_db_row,3,0,66229,66477,66229,66495,0.9323
datasets/workout/kevin0509workout/kevin0509workout_whole_session_20260509_173017.csv,kevin0509workout,one_arm_db_row,3,1,66477,66759,66495,66788,0.8489
datasets/workout/kevin0509workout/kevin0509workout_whole_session_20260509_173017.csv,kevin0509workout,one_arm_db_row,3,2,66759,67028,66788,67026,0.8848
datasets/workout/kevin0509workout/kevin0509workout_whole_session_20260509_173017.csv,kevin0509workout,one_arm_db_row,3,3,67028,67286,67026,67267,0.9192
datasets/workout/kevin0509workout/kevin0509workout_whole_session_20260509_173017.csv,kevin0509workout,one_arm_db_row,3,4,67286,67540,67267,67530,0.8938
datasets/workout/kevin0509workout/kevin0509workout_whole_session_20260509_173017.csv,kevin0509workout,one_arm_db_row,3,5,67540,67780,67530,67814,0.8451
datasets/workout/kevin0509workout/kevin0509workout_whole_session_20260509_173017.csv,kevin0509workout,one_arm_db_row,3,6,67780,68040,67814,68034,0.8462
datasets/workout/kevin0509workout/kevin0509workout_whole_session_20260509_173017.csv,kevin0509workout,one_arm_db_row,3,7,68040,68277,68034,68211,0.7037
datasets/workout/kevin0509workout/kevin0509workout_whole_session_20260509_173017.csv,kevin0509workout,one_arm_db_row,3,8,68277,68520,68211,68480,0.657
datasets/workout/kevin0509workout/kevin0509workout_whole_session_20260509_173017.csv,kevin0509workout,one_arm_db_row,3,9,68520,68759,68480,68724,0.7312
datasets/workout/kevin0509workout/kevin0509workout_whole_session_20260509_173017.csv,kevin0509workout,one_arm_db_row,3,10,68759,68996,68724,68997,0.8681
datasets/workout/kevin0509workout/kevin0509workout_whole_session_20260509_173017.csv,kevin0509workout,one_arm_db_row,3,11,68996,69230,68997,69230,0.9957
datasets/workout/kevin0509workout/kevin0509workout_whole_session_20260509_173017.csv,kevin0509workout,db_rdl,0,0,86297,86684,86297,86648,0.907
datasets/workout/kevin0509workout/kevin0509workout_whole_session_20260509_173017.csv,kevin0509workout,db_rdl,0,1,86684,87025,86648,86909,0.5968
datasets/workout/kevin0509workout/kevin0509workout_whole_session_20260509_173017.csv,kevin0509workout,db_rdl,0,2,87025,87361,86909,87443,0.6292
datasets/workout/kevin0509workout/kevin0509workout_whole_session_20260509_173017.csv,kevin0509workout,db_rdl,0,3,87361,87670,87443,87813,0.5022
datasets/workout/kevin0509workout/kevin0509workout_whole_session_20260509_173017.csv,kevin0509workout,db_rdl,0,4,87670,87968,87813,88047,0.4111
datasets/workout/kevin0509workout/kevin0509workout_whole_session_20260509_173017.csv,kevin0509workout,db_rdl,0,5,87968,88300,88047,88409,0.5737
datasets/workout/kevin0509workout/kevin0509workout_whole_session_20260509_173017.csv,kevin0509workout,db_rdl,0,6,88300,88657,88409,88876,0.4306
datasets/workout/kevin0509workout/kevin0509workout_whole_session_20260509_173017.csv,kevin0509workout,db_rdl,0,7,88657,88989,88409,88876,0.3776
datasets/workout/kevin0509workout/kevin0509workout_whole_session_20260509_173017.csv,kevin0509workout,db_rdl,0,8,88989,89360,89119,89530,0.4455
datasets/workout/kevin0509workout/kevin0509workout_whole_session_20260509_173017.csv,kevin0509workout,db_rdl,0,9,89360,89700,89530,89854,0.3441
datasets/workout/kevin0509workout/kevin0509workout_whole_session_20260509_173017.csv,kevin0509workout,db_rdl,0,10,89700,89985,89530,89854,0.3385
datasets/workout/kevin0509workout/kevin0509workout_whole_session_20260509_173017.csv,kevin0509workout,db_rdl,0,11,89985,90269,89854,90269,0.6843
datasets/workout/kevin0509workout/kevin0509workout_whole_session_20260509_173017.csv,kevin0509workout,db_rdl,1,0,96504,96914,96504,96771,0.6512
datasets/workout/kevin0509workout/kevin0509workout_whole_session_20260509_173017.csv,kevin0509workout,db_rdl,1,1,96914,97217,96771,97141,0.509
datasets/workout/kevin0509workout/kevin0509workout_whole_session_20260509_173017.csv,kevin0509workout,db_rdl,1,2,97217,97530,97141,97399,0.4679
datasets/workout/kevin0509workout/kevin0509workout_whole_session_20260509_173017.csv,kevin0509workout,db_rdl,1,3,97530,97822,97399,97748,0.5154
datasets/workout/kevin0509workout/kevin0509workout_whole_session_20260509_173017.csv,kevin0509workout,db_rdl,1,4,97822,98125,97748,98055,0.618
datasets/workout/kevin0509workout/kevin0509workout_whole_session_20260509_173017.csv,kevin0509workout,db_rdl,1,5,98125,98442,98055,98553,0.6365
datasets/workout/kevin0509workout/kevin0509workout_whole_session_20260509_173017.csv,kevin0509workout,db_rdl,1,6,98442,98795,98553,98882,0.55
datasets/workout/kevin0509workout/kevin0509workout_whole_session_20260509_173017.csv,kevin0509workout,db_rdl,1,7,98795,99123,98882,99240,0.5416
datasets/workout/kevin0509workout/kevin0509workout_whole_session_20260509_173017.csv,kevin0509workout,db_rdl,1,8,99123,99489,99240,99428,0.5137
datasets/workout/kevin0509workout/kevin0509workout_whole_session_20260509_173017.csv,kevin0509workout,db_rdl,1,9,99489,99864,99428,99785,0.6789
datasets/workout/kevin0509workout/kevin0509workout_whole_session_20260509_173017.csv,kevin0509workout,db_rdl,1,10,99864,100193,99785,100077,0.5221
datasets/workout/kevin0509workout/kevin0509workout_whole_session_20260509_173017.csv,kevin0509workout,db_rdl,1,11,100193,100510,100077,100510,0.7321
datasets/workout/kevin0509workout/kevin0509workout_whole_session_20260509_173017.csv,kevin0509workout,db_rdl,2,0,108375,108704,108375,108615,0.7295
datasets/workout/kevin0509workout/kevin0509workout_whole_session_20260509_173017.csv,kevin0509workout,db_rdl,2,1,108704,109007,108615,109031,0.7284
datasets/workout/kevin0509workout/kevin0509workout_whole_session_20260509_173017.csv,kevin0509workout,db_rdl,2,2,109007,109278,109031,109268,0.8745
datasets/workout/kevin0509workout/kevin0509workout_whole_session_20260509_173017.csv,kevin0509workout,db_rdl,2,3,109278,109583,109268,109674,0.7512
datasets/workout/kevin0509workout/kevin0509workout_whole_session_20260509_173017.csv,kevin0509workout,db_rdl,2,4,109583,109916,109674,109860,0.5586
datasets/workout/kevin0509workout/kevin0509workout_whole_session_20260509_173017.csv,kevin0509workout,db_rdl,2,5,109916,110190,109860,110275,0.6602
datasets/workout/kevin0509workout/kevin0509workout_whole_session_20260509_173017.csv,kevin0509workout,db_rdl,2,6,110190,110491,110275,110565,0.576
datasets/workout/kevin0509workout/kevin0509workout_whole_session_20260509_173017.csv,kevin0509workout,db_rdl,2,7,110491,110809,110565,110958,0.5225
datasets/workout/kevin0509workout/kevin0509workout_whole_session_20260509_173017.csv,kevin0509workout,db_rdl,2,8,110809,111138,110958,111191,0.4712
datasets/workout/kevin0509workout/kevin0509workout_whole_session_20260509_173017.csv,kevin0509workout,db_rdl,2,9,111138,111474,111191,111523,0.7351
datasets/workout/kevin0509workout/kevin0509workout_whole_session_20260509_173017.csv,kevin0509workout,db_rdl,2,10,111474,111765,111523,111850,0.6436
datasets/workout/kevin0509workout/kevin0509workout_whole_session_20260509_173017.csv,kevin0509workout,db_rdl,2,11,111765,112103,111850,112103,0.7485
datasets/workout/kevin0509workout/kevin0509workout_whole_session_20260509_173017.csv,kevin0509workout,db_weighted_crunch,0,0,133307,133579,133307,133672,0.7452
datasets/workout/kevin0509workout/kevin0509workout_whole_session_20260509_173017.csv,kevin0509workout,db_weighted_crunch,0,1,133579,133792,133672,133929,0.3429
datasets/workout/kevin0509workout/kevin0509workout_whole_session_20260509_173017.csv,kevin0509workout,db_weighted_crunch,0,2,133792,134068,133929,134176,0.362
datasets/workout/kevin0509workout/kevin0509workout_whole_session_20260509_173017.csv,kevin0509workout,db_weighted_crunch,0,3,134068,134338,134176,134495,0.3794
datasets/workout/kevin0509workout/kevin0509workout_whole_session_20260509_173017.csv,kevin0509workout,db_weighted_crunch,0,4,134338,134632,134176,134495,0.3443
datasets/workout/kevin0509workout/kevin0509workout_whole_session_20260509_173017.csv,kevin0509workout,db_weighted_crunch,0,5,134632,134944,134754,134983,0.5413
datasets/workout/kevin0509workout/kevin0509workout_whole_session_20260509_173017.csv,kevin0509workout,db_weighted_crunch,0,6,134944,135219,134983,135221,0.852
datasets/workout/kevin0509workout/kevin0509workout_whole_session_20260509_173017.csv,kevin0509workout,db_weighted_crunch,0,7,135219,135524,135221,135516,0.9672
datasets/workout/kevin0509workout/kevin0509workout_whole_session_20260509_173017.csv,kevin0509workout,db_weighted_crunch,0,8,135524,135803,135516,135797,0.9512
datasets/workout/kevin0509workout/kevin0509workout_whole_session_20260509_173017.csv,kevin0509workout,db_weighted_crunch,0,9,135803,136072,135797,136074,0.9711
datasets/workout/kevin0509workout/kevin0509workout_whole_session_20260509_173017.csv,kevin0509workout,db_weighted_crunch,0,10,136072,136351,136074,136335,0.9355
datasets/workout/kevin0509workout/kevin0509workout_whole_session_20260509_173017.csv,kevin0509workout,db_weighted_crunch,0,11,136351,136582,136335,136582,0.9352
datasets/workout/kevin0509workout/kevin0509workout_whole_session_20260509_173017.csv,kevin0509workout,db_weighted_crunch,1,0,145338,145644,145338,145502,0.5359
datasets/workout/kevin0509workout/kevin0509workout_whole_session_20260509_173017.csv,kevin0509workout,db_weighted_crunch,1,1,145644,145898,145502,145882,0.601
datasets/workout/kevin0509workout/kevin0509workout_whole_session_20260509_173017.csv,kevin0509workout,db_weighted_crunch,1,2,145898,146115,145882,146100,0.867
datasets/workout/kevin0509workout/kevin0509workout_whole_session_20260509_173017.csv,kevin0509workout,db_weighted_crunch,1,3,146115,146372,146100,146407,0.8371
datasets/workout/kevin0509workout/kevin0509workout_whole_session_20260509_173017.csv,kevin0509workout,db_weighted_crunch,1,4,146372,146626,146407,146616,0.8228
datasets/workout/kevin0509workout/kevin0509workout_whole_session_20260509_173017.csv,kevin0509workout,db_weighted_crunch,1,5,146626,146870,146616,146840,0.8425
datasets/workout/kevin0509workout/kevin0509workout_whole_session_20260509_173017.csv,kevin0509workout,db_weighted_crunch,1,6,146870,147118,146840,147102,0.8345
datasets/workout/kevin0509workout/kevin0509workout_whole_session_20260509_173017.csv,kevin0509workout,db_weighted_crunch,1,7,147118,147389,147102,147306,0.6551
datasets/workout/kevin0509workout/kevin0509workout_whole_session_20260509_173017.csv,kevin0509workout,db_weighted_crunch,1,8,147389,147612,147306,147591,0.6601
datasets/workout/kevin0509workout/kevin0509workout_whole_session_20260509_173017.csv,kevin0509workout,db_weighted_crunch,1,9,147612,147873,147591,147870,0.9149
datasets/workout/kevin0509workout/kevin0509workout_whole_session_20260509_173017.csv,kevin0509workout,db_weighted_crunch,1,10,147873,148140,147870,148095,0.8222
datasets/workout/kevin0509workout/kevin0509workout_whole_session_20260509_173017.csv,kevin0509workout,db_weighted_crunch,1,11,148140,148353,148095,148353,0.8256
datasets/workout/kevin0509workout/kevin0509workout_whole_session_20260509_173017.csv,kevin0509workout,db_weighted_crunch,2,0,159207,159627,159350,159611,0.6214
datasets/workout/kevin0509workout/kevin0509workout_whole_session_20260509_173017.csv,kevin0509workout,db_weighted_crunch,2,1,159627,159858,159611,159943,0.6958
datasets/workout/kevin0509workout/kevin0509workout_whole_session_20260509_173017.csv,kevin0509workout,db_weighted_crunch,2,2,159858,160081,159943,160089,0.5974
datasets/workout/kevin0509workout/kevin0509workout_whole_session_20260509_173017.csv,kevin0509workout,db_weighted_crunch,2,3,160081,160338,160089,160251,0.6304
datasets/workout/kevin0509workout/kevin0509workout_whole_session_20260509_173017.csv,kevin0509workout,db_weighted_crunch,2,4,160338,160525,160251,160517,0.6533
datasets/workout/kevin0509workout/kevin0509workout_whole_session_20260509_173017.csv,kevin0509workout,db_weighted_crunch,2,5,160525,160760,160517,160743,0.8971
datasets/workout/kevin0509workout/kevin0509workout_whole_session_20260509_173017.csv,kevin0509workout,db_weighted_crunch,2,6,160760,160977,160743,160961,0.859
datasets/workout/kevin0509workout/kevin0509workout_whole_session_20260509_173017.csv,kevin0509workout,db_weighted_crunch,2,7,160977,161177,160961,161139,0.75
datasets/workout/kevin0509workout/kevin0509workout_whole_session_20260509_173017.csv,kevin0509workout,db_weighted_crunch,2,8,161177,161437,161139,161425,0.8322
datasets/workout/kevin0509workout/kevin0509workout_whole_session_20260509_173017.csv,kevin0509workout,db_weighted_crunch,2,9,161437,161656,161425,161625,0.8139
datasets/workout/kevin0509workout/kevin0509workout_whole_session_20260509_173017.csv,kevin0509workout,db_weighted_crunch,2,10,161656,161865,161625,161859,0.8458
datasets/workout/kevin0509workout/kevin0509workout_whole_session_20260509_173017.csv,kevin0509workout,db_weighted_crunch,2,11,161865,162079,161859,162079,0.9727
datasets/workout/kevin0509workout/kevin0509workout_whole_session_20260509_173017.csv,kevin0509workout,db_shoulder_press,0,0,180405,180707,180405,180543,0.457
datasets/workout/kevin0509workout/kevin0509workout_whole_session_20260509_173017.csv,kevin0509workout,db_shoulder_press,0,1,180707,180975,180714,180840,0.4701
datasets/workout/kevin0509workout/kevin0509workout_whole_session_20260509_173017.csv,kevin0509workout,db_shoulder_press,0,2,180975,181174,181059,181174,0.5779
datasets/workout/kevin0509workout/kevin0509workout_whole_session_20260509_173017.csv,kevin0509workout,db_shoulder_press,1,0,188153,188384,188153,188410,0.8988
datasets/workout/kevin0509workout/kevin0509workout_whole_session_20260509_173017.csv,kevin0509workout,db_shoulder_press,1,1,188384,188624,188410,188691,0.6971
datasets/workout/kevin0509workout/kevin0509workout_whole_session_20260509_173017.csv,kevin0509workout,db_shoulder_press,1,2,188624,188843,188691,188860,0.6441
datasets/workout/kevin0509workout/kevin0509workout_whole_session_20260509_173017.csv,kevin0509workout,db_shoulder_press,1,3,188843,189095,188860,189106,0.8935
datasets/workout/kevin0509workout/kevin0509workout_whole_session_20260509_173017.csv,kevin0509workout,db_shoulder_press,1,4,189095,189321,189106,189234,0.5664
datasets/workout/kevin0509workout/kevin0509workout_whole_session_20260509_173017.csv,kevin0509workout,db_shoulder_press,1,5,189321,189553,189234,189564,0.703
datasets/workout/kevin0509workout/kevin0509workout_whole_session_20260509_173017.csv,kevin0509workout,db_shoulder_press,1,6,189553,189795,189564,189757,0.7975
datasets/workout/kevin0509workout/kevin0509workout_whole_session_20260509_173017.csv,kevin0509workout,db_shoulder_press,1,7,189795,190054,189757,189977,0.6128
datasets/workout/kevin0509workout/kevin0509workout_whole_session_20260509_173017.csv,kevin0509workout,db_shoulder_press,1,8,190054,190301,189977,190194,0.4321
datasets/workout/kevin0509workout/kevin0509workout_whole_session_20260509_173017.csv,kevin0509workout,db_shoulder_press,1,9,190301,190522,190194,190418,0.3567
datasets/workout/kevin0509workout/kevin0509workout_whole_session_20260509_173017.csv,kevin0509workout,db_shoulder_press,1,10,190522,190729,190418,190719,0.6334
datasets/workout/kevin0509workout/kevin0509workout_whole_session_20260509_173017.csv,kevin0509workout,db_shoulder_press,1,11,190729,190943,190719,190943,0.9554
datasets/workout/kevin0509workout/kevin0509workout_whole_session_20260509_173017.csv,kevin0509workout,db_shoulder_press,2,0,198200,198450,198200,198374,0.696
datasets/workout/kevin0509workout/kevin0509workout_whole_session_20260509_173017.csv,kevin0509workout,db_shoulder_press,2,1,198450,198723,198374,198669,0.6275
datasets/workout/kevin0509workout/kevin0509workout_whole_session_20260509_173017.csv,kevin0509workout,db_shoulder_press,2,2,198723,199000,198669,199020,0.7892
datasets/workout/kevin0509workout/kevin0509workout_whole_session_20260509_173017.csv,kevin0509workout,db_shoulder_press,2,3,199000,199255,199020,199205,0.7255
datasets/workout/kevin0509workout/kevin0509workout_whole_session_20260509_173017.csv,kevin0509workout,db_shoulder_press,2,4,199255,199498,199205,199598,0.6183
datasets/workout/kevin0509workout/kevin0509workout_whole_session_20260509_173017.csv,kevin0509workout,db_shoulder_press,2,5,199498,199767,199598,199815,0.5331
datasets/workout/kevin0509workout/kevin0509workout_whole_session_20260509_173017.csv,kevin0509workout,db_shoulder_press,2,6,199767,200013,199815,200163,0.5
datasets/workout/kevin0509workout/kevin0509workout_whole_session_20260509_173017.csv,kevin0509workout,db_shoulder_press,2,7,200013,200273,199815,200163,0.3275
datasets/workout/kevin0509workout/kevin0509workout_whole_session_20260509_173017.csv,kevin0509workout,db_shoulder_press,2,8,200273,200555,200429,200588,0.4
datasets/workout/kevin0509workout/kevin0509workout_whole_session_20260509_173017.csv,kevin0509workout,db_shoulder_press,2,9,200555,200839,200588,200966,0.6107
datasets/workout/kevin0509workout/kevin0509workout_whole_session_20260509_173017.csv,kevin0509workout,db_shoulder_press,2,10,200839,201129,200966,201144,0.5344
datasets/workout/kevin0509workout/kevin0509workout_whole_session_20260509_173017.csv,kevin0509workout,db_shoulder_press,2,11,201129,201408,201144,201408,0.9462
datasets/workout/kevin0509workout/kevin0509workout_whole_session_20260509_173017.csv,kevin0509workout,db_shoulder_press,3,0,211264,211491,211264,211511,0.919
datasets/workout/kevin0509workout/kevin0509workout_whole_session_20260509_173017.csv,kevin0509workout,db_shoulder_press,3,1,211491,211722,211511,211876,0.5481
datasets/workout/kevin0509workout/kevin0509workout_whole_session_20260509_173017.csv,kevin0509workout,db_shoulder_press,3,2,211722,211980,211511,211876,0.3284
datasets/workout/kevin0509workout/kevin0509workout_whole_session_20260509_173017.csv,kevin0509workout,db_shoulder_press,3,3,211980,212237,212070,212383,0.4144
datasets/workout/kevin0509workout/kevin0509workout_whole_session_20260509_173017.csv,kevin0509workout,db_shoulder_press,3,4,212237,212503,212070,212383,0.3372
datasets/workout/kevin0509workout/kevin0509workout_whole_session_20260509_173017.csv,kevin0509workout,db_shoulder_press,3,5,212503,212775,212383,212660,0.4005
datasets/workout/kevin0509workout/kevin0509workout_whole_session_20260509_173017.csv,kevin0509workout,db_shoulder_press,3,6,212775,213073,212890,213200,0.4306
datasets/workout/kevin0509workout/kevin0509workout_whole_session_20260509_173017.csv,kevin0509workout,db_shoulder_press,3,7,213073,213370,213200,213483,0.4146
datasets/workout/kevin0509workout/kevin0509workout_whole_session_20260509_173017.csv,kevin0509workout,db_shoulder_press,3,8,213370,213640,213483,213650,0.5607
datasets/workout/kevin0509workout/kevin0509workout_whole_session_20260509_173017.csv,kevin0509workout,db_shoulder_press,3,9,213640,213913,213650,213996,0.7388
datasets/workout/kevin0509workout/kevin0509workout_whole_session_20260509_173017.csv,kevin0509workout,db_shoulder_press,3,10,213913,214191,213996,214300,0.5039
datasets/workout/kevin0509workout/kevin0509workout_whole_session_20260509_173017.csv,kevin0509workout,db_shoulder_press,3,11,214191,214474,214300,214474,0.6148
datasets/workout/kevin0509workout/kevin0509workout_whole_session_20260509_173017.csv,kevin0509workout,db_biceps_curl,0,0,226852,227250,226852,227238,0.9698
datasets/workout/kevin0509workout/kevin0509workout_whole_session_20260509_173017.csv,kevin0509workout,db_biceps_curl,0,1,227250,227544,227238,227543,0.9575
datasets/workout/kevin0509workout/kevin0509workout_whole_session_20260509_173017.csv,kevin0509workout,db_biceps_curl,0,2,227544,227836,227543,227838,0.9898
datasets/workout/kevin0509workout/kevin0509workout_whole_session_20260509_173017.csv,kevin0509workout,db_biceps_curl,0,3,227836,228154,227838,228141,0.9528
datasets/workout/kevin0509workout/kevin0509workout_whole_session_20260509_173017.csv,kevin0509workout,db_biceps_curl,0,4,228154,228503,228141,228521,0.9184
datasets/workout/kevin0509workout/kevin0509workout_whole_session_20260509_173017.csv,kevin0509workout,db_biceps_curl,0,5,228503,228867,228521,228859,0.9286
datasets/workout/kevin0509workout/kevin0509workout_whole_session_20260509_173017.csv,kevin0509workout,db_biceps_curl,0,6,228867,229185,228859,229180,0.9601
datasets/workout/kevin0509workout/kevin0509workout_whole_session_20260509_173017.csv,kevin0509workout,db_biceps_curl,0,7,229185,229505,229180,229514,0.9581
datasets/workout/kevin0509workout/kevin0509workout_whole_session_20260509_173017.csv,kevin0509workout,db_biceps_curl,0,8,229505,229880,229514,229871,0.952
datasets/workout/kevin0509workout/kevin0509workout_whole_session_20260509_173017.csv,kevin0509workout,db_biceps_curl,0,9,229880,230180,229871,230173,0.9482
datasets/workout/kevin0509workout/kevin0509workout_whole_session_20260509_173017.csv,kevin0509workout,db_biceps_curl,0,10,230180,230512,230173,230528,0.9352
datasets/workout/kevin0509workout/kevin0509workout_whole_session_20260509_173017.csv,kevin0509workout,db_biceps_curl,0,11,230512,230829,230528,230829,0.9495
datasets/workout/kevin0509workout/kevin0509workout_whole_session_20260509_173017.csv,kevin0509workout,db_biceps_curl,1,0,240317,240630,240317,240615,0.9521
datasets/workout/kevin0509workout/kevin0509workout_whole_session_20260509_173017.csv,kevin0509workout,db_biceps_curl,1,1,240630,240920,240615,240927,0.9295
datasets/workout/kevin0509workout/kevin0509workout_whole_session_20260509_173017.csv,kevin0509workout,db_biceps_curl,1,2,240920,241257,240927,241253,0.9674
datasets/workout/kevin0509workout/kevin0509workout_whole_session_20260509_173017.csv,kevin0509workout,db_biceps_curl,1,3,241257,241607,241253,241584,0.9237
datasets/workout/kevin0509workout/kevin0509workout_whole_session_20260509_173017.csv,kevin0509workout,db_biceps_curl,1,4,241607,241902,241584,241918,0.8832
datasets/workout/kevin0509workout/kevin0509workout_whole_session_20260509_173017.csv,kevin0509workout,db_biceps_curl,1,5,241902,242229,241918,242234,0.9367
datasets/workout/kevin0509workout/kevin0509workout_whole_session_20260509_173017.csv,kevin0509workout,db_biceps_curl,1,6,242229,242553,242234,242571,0.9327
datasets/workout/kevin0509workout/kevin0509workout_whole_session_20260509_173017.csv,kevin0509workout,db_biceps_curl,1,7,242553,242886,242571,242920,0.8583
datasets/workout/kevin0509workout/kevin0509workout_whole_session_20260509_173017.csv,kevin0509workout,db_biceps_curl,1,8,242886,243267,242920,243257,0.8845
datasets/workout/kevin0509workout/kevin0509workout_whole_session_20260509_173017.csv,kevin0509workout,db_biceps_curl,1,9,243267,243579,243257,243599,0.9123
datasets/workout/kevin0509workout/kevin0509workout_whole_session_20260509_173017.csv,kevin0509workout,db_biceps_curl,1,10,243579,243905,243599,243776,0.5429
datasets/workout/kevin0509workout/kevin0509workout_whole_session_20260509_173017.csv,kevin0509workout,db_biceps_curl,1,11,243905,244169,243776,244169,0.6718
datasets/workout/kevin0509workout/kevin0509workout_whole_session_20260509_173017.csv,kevin0509workout,db_biceps_curl,2,0,253518,253831,253518,255882,0.1324
datasets/workout/kevin0509workout/kevin0509workout_whole_session_20260509_173017.csv,kevin0509workout,db_biceps_curl,2,1,253831,254178,253518,255882,0.1468
datasets/workout/kevin0509workout/kevin0509workout_whole_session_20260509_173017.csv,kevin0509workout,db_biceps_curl,2,2,254178,254542,253518,255882,0.154
datasets/workout/kevin0509workout/kevin0509workout_whole_session_20260509_173017.csv,kevin0509workout,db_biceps_curl,2,3,254542,254946,253518,255882,0.1709
datasets/workout/kevin0509workout/kevin0509workout_whole_session_20260509_173017.csv,kevin0509workout,db_biceps_curl,2,4,254946,255351,253518,255882,0.1713
datasets/workout/kevin0509workout/kevin0509workout_whole_session_20260509_173017.csv,kevin0509workout,db_biceps_curl,2,5,255351,255718,253518,255882,0.1552
datasets/workout/kevin0509workout/kevin0509workout_whole_session_20260509_173017.csv,kevin0509workout,db_biceps_curl,2,6,255718,256041,255882,258055,0.068
datasets/workout/kevin0509workout/kevin0509workout_whole_session_20260509_173017.csv,kevin0509workout,db_biceps_curl,2,7,256041,256370,255882,258055,0.1514
datasets/workout/kevin0509workout/kevin0509workout_whole_session_20260509_173017.csv,kevin0509workout,db_biceps_curl,2,8,256370,256772,255882,258055,0.185
datasets/workout/kevin0509workout/kevin0509workout_whole_session_20260509_173017.csv,kevin0509workout,db_biceps_curl,2,9,256772,257194,255882,258055,0.1942
datasets/workout/kevin0509workout/kevin0509workout_whole_session_20260509_173017.csv,kevin0509workout,db_biceps_curl,2,10,257194,257535,255882,258055,0.1569
datasets/workout/kevin0509workout/kevin0509workout_whole_session_20260509_173017.csv,kevin0509workout,db_biceps_curl,2,11,257535,258055,255882,258055,0.2393
datasets/workout/kevin0509workout/kevin0509workout_whole_session_20260509_173017.csv,kevin0509workout,db_triceps_curl,0,0,270488,270897,270488,270892,0.9878
datasets/workout/kevin0509workout/kevin0509workout_whole_session_20260509_173017.csv,kevin0509workout,db_triceps_curl,0,1,270897,271273,270892,271286,0.9543
datasets/workout/kevin0509workout/kevin0509workout_whole_session_20260509_173017.csv,kevin0509workout,db_triceps_curl,0,2,271273,271701,271286,271714,0.941
datasets/workout/kevin0509workout/kevin0509workout_whole_session_20260509_173017.csv,kevin0509workout,db_triceps_curl,0,3,271701,272139,271714,272129,0.9475
datasets/workout/kevin0509workout/kevin0509workout_whole_session_20260509_173017.csv,kevin0509workout,db_triceps_curl,0,4,272139,272559,272129,272587,0.917
datasets/workout/kevin0509workout/kevin0509workout_whole_session_20260509_173017.csv,kevin0509workout,db_triceps_curl,0,5,272559,273056,272587,273053,0.9376
datasets/workout/kevin0509workout/kevin0509workout_whole_session_20260509_173017.csv,kevin0509workout,db_triceps_curl,0,6,273056,273489,273053,273511,0.9454
datasets/workout/kevin0509workout/kevin0509workout_whole_session_20260509_173017.csv,kevin0509workout,db_triceps_curl,0,7,273489,273939,273511,273931,0.9333
datasets/workout/kevin0509workout/kevin0509workout_whole_session_20260509_173017.csv,kevin0509workout,db_triceps_curl,0,8,273939,274383,273931,274371,0.9558
datasets/workout/kevin0509workout/kevin0509workout_whole_session_20260509_173017.csv,kevin0509workout,db_triceps_curl,0,9,274383,274789,274371,274770,0.9258
datasets/workout/kevin0509workout/kevin0509workout_whole_session_20260509_173017.csv,kevin0509workout,db_triceps_curl,0,10,274789,275257,274770,275235,0.9158
datasets/workout/kevin0509workout/kevin0509workout_whole_session_20260509_173017.csv,kevin0509workout,db_triceps_curl,0,11,275257,275619,275235,275619,0.9427
datasets/workout/kevin0509workout/kevin0509workout_whole_session_20260509_173017.csv,kevin0509workout,db_triceps_curl,1,0,288843,289223,288843,289207,0.9579
datasets/workout/kevin0509workout/kevin0509workout_whole_session_20260509_173017.csv,kevin0509workout,db_triceps_curl,1,1,289223,289638,289207,289445,0.5151
datasets/workout/kevin0509workout/kevin0509workout_whole_session_20260509_173017.csv,kevin0509workout,db_triceps_curl,1,2,289638,290035,289445,290033,0.6695
datasets/workout/kevin0509workout/kevin0509workout_whole_session_20260509_173017.csv,kevin0509workout,db_triceps_curl,1,3,290035,290362,290033,290384,0.9316
datasets/workout/kevin0509workout/kevin0509workout_whole_session_20260509_173017.csv,kevin0509workout,db_triceps_curl,1,4,290362,290732,290384,290732,0.9405
datasets/workout/kevin0509workout/kevin0509workout_whole_session_20260509_173017.csv,kevin0509workout,db_triceps_curl,1,5,290732,291089,290732,291078,0.9692
datasets/workout/kevin0509workout/kevin0509workout_whole_session_20260509_173017.csv,kevin0509workout,db_triceps_curl,1,6,291089,291434,291078,291417,0.9213
datasets/workout/kevin0509workout/kevin0509workout_whole_session_20260509_173017.csv,kevin0509workout,db_triceps_curl,1,7,291434,291773,291417,291787,0.9162
datasets/workout/kevin0509workout/kevin0509workout_whole_session_20260509_173017.csv,kevin0509workout,db_triceps_curl,1,8,291773,292128,291787,292122,0.9437
datasets/workout/kevin0509workout/kevin0509workout_whole_session_20260509_173017.csv,kevin0509workout,db_triceps_curl,1,9,292128,292456,292122,292432,0.9102
datasets/workout/kevin0509workout/kevin0509workout_whole_session_20260509_173017.csv,kevin0509workout,db_triceps_curl,1,10,292456,292793,292432,292754,0.8255
datasets/workout/kevin0509workout/kevin0509workout_whole_session_20260509_173017.csv,kevin0509workout,db_triceps_curl,1,11,292793,293134,292754,293134,0.8974
datasets/workout/kevin0509workout/kevin0509workout_whole_session_20260509_173017.csv,kevin0509workout,db_triceps_curl,2,0,302705,303102,302705,303047,0.8615
datasets/workout/kevin0509workout/kevin0509workout_whole_session_20260509_173017.csv,kevin0509workout,db_triceps_curl,2,1,303102,303402,303047,303412,0.8219
datasets/workout/kevin0509workout/kevin0509workout_whole_session_20260509_173017.csv,kevin0509workout,db_triceps_curl,2,2,303402,303738,303412,303733,0.9554
datasets/workout/kevin0509workout/kevin0509workout_whole_session_20260509_173017.csv,kevin0509workout,db_triceps_curl,2,3,303738,304043,303733,304044,0.9807
datasets/workout/kevin0509workout/kevin0509workout_whole_session_20260509_173017.csv,kevin0509workout,db_triceps_curl,2,4,304043,304347,304044,304378,0.9045
datasets/workout/kevin0509workout/kevin0509workout_whole_session_20260509_173017.csv,kevin0509workout,db_triceps_curl,2,5,304347,304643,304378,304659,0.8494
datasets/workout/kevin0509workout/kevin0509workout_whole_session_20260509_173017.csv,kevin0509workout,db_triceps_curl,2,6,304643,304967,304659,304968,0.9477
datasets/workout/kevin0509workout/kevin0509workout_whole_session_20260509_173017.csv,kevin0509workout,db_triceps_curl,2,7,304967,305296,304968,305461,0.664
datasets/workout/kevin0509workout/kevin0509workout_whole_session_20260509_173017.csv,kevin0509workout,db_triceps_curl,2,8,305296,305631,305461,305782,0.3498
datasets/workout/kevin0509workout/kevin0509workout_whole_session_20260509_173017.csv,kevin0509workout,db_triceps_curl,2,9,305631,305956,305782,306120,0.3558
datasets/workout/kevin0509workout/kevin0509workout_whole_session_20260509_173017.csv,kevin0509workout,db_triceps_curl,2,10,305956,306278,306120,306421,0.3398
datasets/workout/kevin0509workout/kevin0509workout_whole_session_20260509_173017.csv,kevin0509workout,db_triceps_curl,2,11,306278,306602,306421,306775,0.3642
datasets/workout/kevin0509workout/kevin0509workout_whole_session_20260509_173017.csv,kevin0509workout,db_triceps_curl,2,12,306602,307002,306775,307002,0.5675
datasets/workout/kevin0509workout/kevin0509workout_whole_session_20260509_173017.csv,kevin0509workout,db_squat,0,0,319879,320255,319879,320267,0.9691
datasets/workout/kevin0509workout/kevin0509workout_whole_session_20260509_173017.csv,kevin0509workout,db_squat,0,1,320255,320601,320267,320535,0.7746
datasets/workout/kevin0509workout/kevin0509workout_whole_session_20260509_173017.csv,kevin0509workout,db_squat,0,2,320601,320980,320535,321018,0.7847
datasets/workout/kevin0509workout/kevin0509workout_whole_session_20260509_173017.csv,kevin0509workout,db_squat,0,3,320980,321348,321018,321331,0.8505
datasets/workout/kevin0509workout/kevin0509workout_whole_session_20260509_173017.csv,kevin0509workout,db_squat,0,4,321348,321687,321331,321702,0.9137
datasets/workout/kevin0509workout/kevin0509workout_whole_session_20260509_173017.csv,kevin0509workout,db_squat,0,5,321687,322037,321702,322068,0.8793
datasets/workout/kevin0509workout/kevin0509workout_whole_session_20260509_173017.csv,kevin0509workout,db_squat,0,6,322037,322362,322068,322393,0.8258
datasets/workout/kevin0509workout/kevin0509workout_whole_session_20260509_173017.csv,kevin0509workout,db_squat,0,7,322362,322762,322393,322776,0.8913
datasets/workout/kevin0509workout/kevin0509workout_whole_session_20260509_173017.csv,kevin0509workout,db_squat,0,8,322762,323089,322776,323114,0.8892
datasets/workout/kevin0509workout/kevin0509workout_whole_session_20260509_173017.csv,kevin0509workout,db_squat,0,9,323089,323427,323114,323482,0.7964
datasets/workout/kevin0509workout/kevin0509workout_whole_session_20260509_173017.csv,kevin0509workout,db_squat,0,10,323427,323792,323482,323851,0.7311
datasets/workout/kevin0509workout/kevin0509workout_whole_session_20260509_173017.csv,kevin0509workout,db_squat,0,11,323792,324164,323851,324164,0.8414
datasets/workout/kevin0509workout/kevin0509workout_whole_session_20260509_173017.csv,kevin0509workout,db_squat,1,0,330751,331051,330751,331101,0.8571
datasets/workout/kevin0509workout/kevin0509workout_whole_session_20260509_173017.csv,kevin0509workout,db_squat,1,1,331051,331388,331101,331539,0.5881
datasets/workout/kevin0509workout/kevin0509workout_whole_session_20260509_173017.csv,kevin0509workout,db_squat,1,2,331388,331733,331539,331821,0.448
datasets/workout/kevin0509workout/kevin0509workout_whole_session_20260509_173017.csv,kevin0509workout,db_squat,1,3,331733,332061,331821,332122,0.617
datasets/workout/kevin0509workout/kevin0509workout_whole_session_20260509_173017.csv,kevin0509workout,db_squat,1,4,332061,332410,332122,332649,0.4898
datasets/workout/kevin0509workout/kevin0509workout_whole_session_20260509_173017.csv,kevin0509workout,db_squat,1,5,332410,332747,332122,332649,0.3824
datasets/workout/kevin0509workout/kevin0509workout_whole_session_20260509_173017.csv,kevin0509workout,db_squat,1,6,332747,333102,332649,332953,0.4547
datasets/workout/kevin0509workout/kevin0509workout_whole_session_20260509_173017.csv,kevin0509workout,db_squat,1,7,333102,333427,332953,333273,0.3608
datasets/workout/kevin0509workout/kevin0509workout_whole_session_20260509_173017.csv,kevin0509workout,db_squat,1,8,333427,333742,333273,333610,0.3902
datasets/workout/kevin0509workout/kevin0509workout_whole_session_20260509_173017.csv,kevin0509workout,db_squat,1,9,333742,334080,333610,334013,0.5766
datasets/workout/kevin0509workout/kevin0509workout_whole_session_20260509_173017.csv,kevin0509workout,db_squat,1,10,334080,334397,334013,334391,0.8099
datasets/workout/kevin0509workout/kevin0509workout_whole_session_20260509_173017.csv,kevin0509workout,db_squat,1,11,334397,334667,334391,334667,0.9783
datasets/workout/kevin0509workout/kevin0509workout_whole_session_20260509_173017.csv,kevin0509workout,db_squat,2,0,344338,344650,344338,344547,0.6699
datasets/workout/kevin0509workout/kevin0509workout_whole_session_20260509_173017.csv,kevin0509workout,db_squat,2,1,344650,344948,344547,344952,0.7358
datasets/workout/kevin0509workout/kevin0509workout_whole_session_20260509_173017.csv,kevin0509workout,db_squat,2,2,344948,345268,344952,345209,0.8031
datasets/workout/kevin0509workout/kevin0509workout_whole_session_20260509_173017.csv,kevin0509workout,db_squat,2,3,345268,345571,345209,345508,0.663
datasets/workout/kevin0509workout/kevin0509workout_whole_session_20260509_173017.csv,kevin0509workout,db_squat,2,4,345571,345876,345508,345875,0.8261
datasets/workout/kevin0509workout/kevin0509workout_whole_session_20260509_173017.csv,kevin0509workout,db_squat,2,5,345876,346162,345875,346163,0.9931
datasets/workout/kevin0509workout/kevin0509workout_whole_session_20260509_173017.csv,kevin0509workout,db_squat,2,6,346162,346445,346163,346451,0.9758
datasets/workout/kevin0509workout/kevin0509workout_whole_session_20260509_173017.csv,kevin0509workout,db_squat,2,7,346445,346737,346451,346733,0.9658
datasets/workout/kevin0509workout/kevin0509workout_whole_session_20260509_173017.csv,kevin0509workout,db_squat,2,8,346737,347056,346733,347133,0.7975
datasets/workout/kevin0509workout/kevin0509workout_whole_session_20260509_173017.csv,kevin0509workout,db_squat,2,9,347056,347343,347133,347341,0.7247
datasets/workout/kevin0509workout/kevin0509workout_whole_session_20260509_173017.csv,kevin0509workout,db_squat,2,10,347343,347636,347341,347651,0.9452
datasets/workout/kevin0509workout/kevin0509workout_whole_session_20260509_173017.csv,kevin0509workout,db_squat,2,11,347636,347939,347651,347939,0.9505
datasets/workout/thomas0506workout/thomas0506_whole_session_20260506_154720.csv,thomas0506,db_bench_press,0,0,331,536,331,544,0.9624
datasets/workout/thomas0506workout/thomas0506_whole_session_20260506_154720.csv,thomas0506,db_bench_press,0,1,536,761,544,740,0.8711
datasets/workout/thomas0506workout/thomas0506_whole_session_20260506_154720.csv,thomas0506,db_bench_press,0,2,761,957,740,961,0.8869
datasets/workout/thomas0506workout/thomas0506_whole_session_20260506_154720.csv,thomas0506,db_bench_press,0,3,957,1176,961,1301,0.625
datasets/workout/thomas0506workout/thomas0506_whole_session_20260506_154720.csv,thomas0506,db_bench_press,0,4,1176,1388,961,1301,0.2927
datasets/workout/thomas0506workout/thomas0506_whole_session_20260506_154720.csv,thomas0506,db_bench_press,0,5,1388,1633,1301,1533,0.4367
datasets/workout/thomas0506workout/thomas0506_whole_session_20260506_154720.csv,thomas0506,db_bench_press,0,6,1633,1875,1656,1982,0.6275
datasets/workout/thomas0506workout/thomas0506_whole_session_20260506_154720.csv,thomas0506,db_bench_press,0,7,1875,2103,1982,2105,0.5261
datasets/workout/thomas0506workout/thomas0506_whole_session_20260506_154720.csv,thomas0506,db_bench_press,0,8,2103,2334,2105,2432,0.696
datasets/workout/thomas0506workout/thomas0506_whole_session_20260506_154720.csv,thomas0506,db_bench_press,0,9,2334,2550,2432,2556,0.5315
datasets/workout/thomas0506workout/thomas0506_whole_session_20260506_154720.csv,thomas0506,db_bench_press,0,10,2550,2772,2556,2782,0.931
datasets/workout/thomas0506workout/thomas0506_whole_session_20260506_154720.csv,thomas0506,db_bench_press,0,11,2772,3034,2782,3023,0.9198
datasets/workout/thomas0506workout/thomas0506_whole_session_20260506_154720.csv,thomas0506,db_bench_press,0,12,3034,3250,3023,3250,0.9515
datasets/workout/thomas0506workout/thomas0506_whole_session_20260506_154720.csv,thomas0506,db_bench_press,1,0,8982,9187,8982,9177,0.9512
datasets/workout/thomas0506workout/thomas0506_whole_session_20260506_154720.csv,thomas0506,db_bench_press,1,1,9187,9392,9177,9406,0.8952
datasets/workout/thomas0506workout/thomas0506_whole_session_20260506_154720.csv,thomas0506,db_bench_press,1,2,9392,9611,9406,9639,0.83
datasets/workout/thomas0506workout/thomas0506_whole_session_20260506_154720.csv,thomas0506,db_bench_press,1,3,9611,9871,9639,9871,0.8923
datasets/workout/thomas0506workout/thomas0506_whole_session_20260506_154720.csv,thomas0506,db_bench_press,1,4,9871,10082,9871,10076,0.9716
datasets/workout/thomas0506workout/thomas0506_whole_session_20260506_154720.csv,thomas0506,db_bench_press,1,5,10082,10282,10076,10292,0.9259
datasets/workout/thomas0506workout/thomas0506_whole_session_20260506_154720.csv,thomas0506,db_bench_press,1,6,10282,10500,10292,10524,0.8595
datasets/workout/thomas0506workout/thomas0506_whole_session_20260506_154720.csv,thomas0506,db_bench_press,1,7,10500,10753,10524,10770,0.8481
datasets/workout/thomas0506workout/thomas0506_whole_session_20260506_154720.csv,thomas0506,db_bench_press,1,8,10753,10971,10770,10971,0.922
datasets/workout/thomas0506workout/thomas0506_whole_session_20260506_154720.csv,thomas0506,db_bench_press,1,9,10971,11195,10971,11201,0.9739
datasets/workout/thomas0506workout/thomas0506_whole_session_20260506_154720.csv,thomas0506,db_bench_press,1,10,11195,11406,11201,11413,0.9404
datasets/workout/thomas0506workout/thomas0506_whole_session_20260506_154720.csv,thomas0506,db_bench_press,1,11,11406,11622,11413,11610,0.912
datasets/workout/thomas0506workout/thomas0506_whole_session_20260506_154720.csv,thomas0506,db_bench_press,1,12,11622,11826,11610,11826,0.9444
datasets/workout/thomas0506workout/thomas0506_whole_session_20260506_154720.csv,thomas0506,db_bench_press,2,0,17832,18070,17832,18074,0.9835
datasets/workout/thomas0506workout/thomas0506_whole_session_20260506_154720.csv,thomas0506,db_bench_press,2,1,18070,18277,18074,18268,0.9372
datasets/workout/thomas0506workout/thomas0506_whole_session_20260506_154720.csv,thomas0506,db_bench_press,2,2,18277,18481,18268,18496,0.8947
datasets/workout/thomas0506workout/thomas0506_whole_session_20260506_154720.csv,thomas0506,db_bench_press,2,3,18481,18696,18496,18822,0.5865
datasets/workout/thomas0506workout/thomas0506_whole_session_20260506_154720.csv,thomas0506,db_bench_press,2,4,18696,18922,18496,18822,0.2958
datasets/workout/thomas0506workout/thomas0506_whole_session_20260506_154720.csv,thomas0506,db_bench_press,2,5,18922,19153,19049,19174,0.4127
datasets/workout/thomas0506workout/thomas0506_whole_session_20260506_154720.csv,thomas0506,db_bench_press,2,6,19153,19395,19174,19398,0.902
datasets/workout/thomas0506workout/thomas0506_whole_session_20260506_154720.csv,thomas0506,db_bench_press,2,7,19395,19618,19398,19631,0.9322
datasets/workout/thomas0506workout/thomas0506_whole_session_20260506_154720.csv,thomas0506,db_bench_press,2,8,19618,19867,19631,19852,0.8876
datasets/workout/thomas0506workout/thomas0506_whole_session_20260506_154720.csv,thomas0506,db_bench_press,2,9,19867,20095,19852,20083,0.8889
datasets/workout/thomas0506workout/thomas0506_whole_session_20260506_154720.csv,thomas0506,db_bench_press,2,10,20095,20332,20083,20337,0.9331
datasets/workout/thomas0506workout/thomas0506_whole_session_20260506_154720.csv,thomas0506,db_bench_press,2,11,20332,20560,20337,20577,0.9102
datasets/workout/thomas0506workout/thomas0506_whole_session_20260506_154720.csv,thomas0506,db_bench_press,2,12,20560,20791,20577,20791,0.9264
datasets/workout/thomas0506workout/thomas0506_whole_session_20260506_154720.csv,thomas0506,one_arm_db_row,0,0,34027,34234,34027,34442,0.4988
datasets/workout/thomas0506workout/thomas0506_whole_session_20260506_154720.csv,thomas0506,one_arm_db_row,0,1,34234,34447,34027,34442,0.4952
datasets/workout/thomas0506workout/thomas0506_whole_session_20260506_154720.csv,thomas0506,one_arm_db_row,0,2,34447,34669,34442,35146,0.3153
datasets/workout/thomas0506workout/thomas0506_whole_session_20260506_154720.csv,thomas0506,one_arm_db_row,0,3,34669,34918,34442,35146,0.3537
datasets/workout/thomas0506workout/thomas0506_whole_session_20260506_154720.csv,thomas0506,one_arm_db_row,0,4,34918,35147,34442,35146,0.3234
datasets/workout/thomas0506workout/thomas0506_whole_session_20260506_154720.csv,thomas0506,one_arm_db_row,0,5,35147,35389,35146,35642,0.4879
datasets/workout/thomas0506workout/thomas0506_whole_session_20260506_154720.csv,thomas0506,one_arm_db_row,0,6,35389,35634,35146,35642,0.494
datasets/workout/thomas0506workout/thomas0506_whole_session_20260506_154720.csv,thomas0506,one_arm_db_row,0,7,35634,35860,35642,36112,0.4561
datasets/workout/thomas0506workout/thomas0506_whole_session_20260506_154720.csv,thomas0506,one_arm_db_row,0,8,35860,36090,35642,36112,0.4894
datasets/workout/thomas0506workout/thomas0506_whole_session_20260506_154720.csv,thomas0506,one_arm_db_row,0,9,36090,36327,36112,36518,0.5023
datasets/workout/thomas0506workout/thomas0506_whole_session_20260506_154720.csv,thomas0506,one_arm_db_row,0,10,36327,36553,36112,36518,0.4331
datasets/workout/thomas0506workout/thomas0506_whole_session_20260506_154720.csv,thomas0506,one_arm_db_row,0,11,36553,36784,36518,37006,0.4734
datasets/workout/thomas0506workout/thomas0506_whole_session_20260506_154720.csv,thomas0506,one_arm_db_row,0,12,36784,37006,36518,37006,0.4549
datasets/workout/thomas0506workout/thomas0506_whole_session_20260506_154720.csv,thomas0506,one_arm_db_row,1,0,42399,42639,42399,42655,0.9375
datasets/workout/thomas0506workout/thomas0506_whole_session_20260506_154720.csv,thomas0506,one_arm_db_row,1,1,42639,42875,42655,42874,0.928
datasets/workout/thomas0506workout/thomas0506_whole_session_20260506_154720.csv,thomas0506,one_arm_db_row,1,2,42875,43100,42874,43096,0.9779
datasets/workout/thomas0506workout/thomas0506_whole_session_20260506_154720.csv,thomas0506,one_arm_db_row,1,3,43100,43331,43096,43351,0.9059
datasets/workout/thomas0506workout/thomas0506_whole_session_20260506_154720.csv,thomas0506,one_arm_db_row,1,4,43331,43581,43351,43564,0.852
datasets/workout/thomas0506workout/thomas0506_whole_session_20260506_154720.csv,thomas0506,one_arm_db_row,1,5,43581,43803,43564,43797,0.9038
datasets/workout/thomas0506workout/thomas0506_whole_session_20260506_154720.csv,thomas0506,one_arm_db_row,1,6,43803,44052,43797,43954,0.5922
datasets/workout/thomas0506workout/thomas0506_whole_session_20260506_154720.csv,thomas0506,one_arm_db_row,1,7,44052,44274,43954,44260,0.65
datasets/workout/thomas0506workout/thomas0506_whole_session_20260506_154720.csv,thomas0506,one_arm_db_row,1,8,44274,44504,44260,44480,0.8443
datasets/workout/thomas0506workout/thomas0506_whole_session_20260506_154720.csv,thomas0506,one_arm_db_row,1,9,44504,44748,44480,44712,0.7761
datasets/workout/thomas0506workout/thomas0506_whole_session_20260506_154720.csv,thomas0506,one_arm_db_row,1,10,44748,44991,44712,44963,0.7706
datasets/workout/thomas0506workout/thomas0506_whole_session_20260506_154720.csv,thomas0506,one_arm_db_row,1,11,44991,45224,44963,45209,0.8352
datasets/workout/thomas0506workout/thomas0506_whole_session_20260506_154720.csv,thomas0506,one_arm_db_row,1,12,45224,45435,45209,45435,0.9336
datasets/workout/thomas0506workout/thomas0506_whole_session_20260506_154720.csv,thomas0506,one_arm_db_row,2,0,54832,55042,54832,55165,0.6306
datasets/workout/thomas0506workout/thomas0506_whole_session_20260506_154720.csv,thomas0506,one_arm_db_row,2,1,55042,55270,55165,55394,0.2983
datasets/workout/thomas0506workout/thomas0506_whole_session_20260506_154720.csv,thomas0506,one_arm_db_row,2,2,55270,55495,55165,55394,0.3758
datasets/workout/thomas0506workout/thomas0506_whole_session_20260506_154720.csv,thomas0506,one_arm_db_row,2,3,55495,55735,55394,55626,0.3842
datasets/workout/thomas0506workout/thomas0506_whole_session_20260506_154720.csv,thomas0506,one_arm_db_row,2,4,55735,55980,55626,55880,0.4096
datasets/workout/thomas0506workout/thomas0506_whole_session_20260506_154720.csv,thomas0506,one_arm_db_row,2,5,55980,56210,55880,56114,0.4061
datasets/workout/thomas0506workout/thomas0506_whole_session_20260506_154720.csv,thomas0506,one_arm_db_row,2,6,56210,56454,56114,56345,0.3971
datasets/workout/thomas0506workout/thomas0506_whole_session_20260506_154720.csv,thomas0506,one_arm_db_row,2,7,56454,56682,56345,56671,0.6439
datasets/workout/thomas0506workout/thomas0506_whole_session_20260506_154720.csv,thomas0506,one_arm_db_row,2,8,56682,56917,56671,56920,0.9438
datasets/workout/thomas0506workout/thomas0506_whole_session_20260506_154720.csv,thomas0506,one_arm_db_row,2,9,56917,57164,56920,57064,0.583
datasets/workout/thomas0506workout/thomas0506_whole_session_20260506_154720.csv,thomas0506,one_arm_db_row,2,10,57164,57397,57064,57376,0.6366
datasets/workout/thomas0506workout/thomas0506_whole_session_20260506_154720.csv,thomas0506,one_arm_db_row,2,11,57397,57623,57376,57623,0.915
datasets/workout/thomas0506workout/thomas0506_whole_session_20260506_154720.csv,thomas0506,db_rdl,0,0,72001,72271,72001,72340,0.7965
datasets/workout/thomas0506workout/thomas0506_whole_session_20260506_154720.csv,thomas0506,db_rdl,0,1,72271,72527,72340,72497,0.6133
datasets/workout/thomas0506workout/thomas0506_whole_session_20260506_154720.csv,thomas0506,db_rdl,0,2,72527,72776,72497,72797,0.83
datasets/workout/thomas0506workout/thomas0506_whole_session_20260506_154720.csv,thomas0506,db_rdl,0,3,72776,73096,72797,73176,0.7475
datasets/workout/thomas0506workout/thomas0506_whole_session_20260506_154720.csv,thomas0506,db_rdl,0,4,73096,73419,73176,73488,0.6199
datasets/workout/thomas0506workout/thomas0506_whole_session_20260506_154720.csv,thomas0506,db_rdl,0,5,73419,73735,73488,73790,0.6658
datasets/workout/thomas0506workout/thomas0506_whole_session_20260506_154720.csv,thomas0506,db_rdl,0,6,73735,74011,73790,74024,0.7647
datasets/workout/thomas0506workout/thomas0506_whole_session_20260506_154720.csv,thomas0506,db_rdl,0,7,74011,74304,74024,74351,0.8235
datasets/workout/thomas0506workout/thomas0506_whole_session_20260506_154720.csv,thomas0506,db_rdl,0,8,74304,74588,74351,74592,0.8229
datasets/workout/thomas0506workout/thomas0506_whole_session_20260506_154720.csv,thomas0506,db_rdl,0,9,74588,74876,74592,74852,0.9028
datasets/workout/thomas0506workout/thomas0506_whole_session_20260506_154720.csv,thomas0506,db_rdl,0,10,74876,75144,74852,75195,0.7813
datasets/workout/thomas0506workout/thomas0506_whole_session_20260506_154720.csv,thomas0506,db_rdl,0,11,75144,75392,75195,75392,0.7944
datasets/workout/thomas0506workout/thomas0506_whole_session_20260506_154720.csv,thomas0506,db_rdl,1,0,81129,81377,81129,81334,0.8266
datasets/workout/thomas0506workout/thomas0506_whole_session_20260506_154720.csv,thomas0506,db_rdl,1,1,81377,81639,81334,81648,0.8344
datasets/workout/thomas0506workout/thomas0506_whole_session_20260506_154720.csv,thomas0506,db_rdl,1,2,81639,81908,81648,81860,0.7881
datasets/workout/thomas0506workout/thomas0506_whole_session_20260506_154720.csv,thomas0506,db_rdl,1,3,81908,82172,81860,82166,0.8269
datasets/workout/thomas0506workout/thomas0506_whole_session_20260506_154720.csv,thomas0506,db_rdl,1,4,82172,82433,82166,82460,0.8878
datasets/workout/thomas0506workout/thomas0506_whole_session_20260506_154720.csv,thomas0506,db_rdl,1,5,82433,82687,82460,82608,0.5827
datasets/workout/thomas0506workout/thomas0506_whole_session_20260506_154720.csv,thomas0506,db_rdl,1,6,82687,82930,82608,82911,0.6957
datasets/workout/thomas0506workout/thomas0506_whole_session_20260506_154720.csv,thomas0506,db_rdl,1,7,82930,83181,82911,83104,0.6444
datasets/workout/thomas0506workout/thomas0506_whole_session_20260506_154720.csv,thomas0506,db_rdl,1,8,83181,83437,83104,83454,0.7314
datasets/workout/thomas0506workout/thomas0506_whole_session_20260506_154720.csv,thomas0506,db_rdl,1,9,83437,83672,83454,83744,0.7101
datasets/workout/thomas0506workout/thomas0506_whole_session_20260506_154720.csv,thomas0506,db_rdl,1,10,83672,83918,83744,83921,0.6988
datasets/workout/thomas0506workout/thomas0506_whole_session_20260506_154720.csv,thomas0506,db_rdl,1,11,83918,84171,83921,84171,0.9881
datasets/workout/thomas0506workout/thomas0506_whole_session_20260506_154720.csv,thomas0506,db_rdl,2,0,91062,91275,91062,91312,0.852
datasets/workout/thomas0506workout/thomas0506_whole_session_20260506_154720.csv,thomas0506,db_rdl,2,1,91275,91537,91312,91553,0.8094
datasets/workout/thomas0506workout/thomas0506_whole_session_20260506_154720.csv,thomas0506,db_rdl,2,2,91537,91772,91553,91783,0.8902
datasets/workout/thomas0506workout/thomas0506_whole_session_20260506_154720.csv,thomas0506,db_rdl,2,3,91772,92019,91783,92084,0.7564
datasets/workout/thomas0506workout/thomas0506_whole_session_20260506_154720.csv,thomas0506,db_rdl,2,4,92019,92261,92084,92224,0.5785
datasets/workout/thomas0506workout/thomas0506_whole_session_20260506_154720.csv,thomas0506,db_rdl,2,5,92261,92480,92224,92414,0.5977
datasets/workout/thomas0506workout/thomas0506_whole_session_20260506_154720.csv,thomas0506,db_rdl,2,6,92480,92709,92414,92787,0.6139
datasets/workout/thomas0506workout/thomas0506_whole_session_20260506_154720.csv,thomas0506,db_rdl,2,7,92709,92925,92787,92972,0.5247
datasets/workout/thomas0506workout/thomas0506_whole_session_20260506_154720.csv,thomas0506,db_rdl,2,8,92925,93156,92972,93223,0.6174
datasets/workout/thomas0506workout/thomas0506_whole_session_20260506_154720.csv,thomas0506,db_rdl,2,9,93156,93375,93223,93476,0.475
datasets/workout/thomas0506workout/thomas0506_whole_session_20260506_154720.csv,thomas0506,db_rdl,2,10,93375,93633,93476,93727,0.446
datasets/workout/thomas0506workout/thomas0506_whole_session_20260506_154720.csv,thomas0506,db_rdl,2,11,93633,93890,93727,93890,0.6342
datasets/workout/thomas0506workout/thomas0506_whole_session_20260506_154720.csv,thomas0506,db_weighted_crunch,0,0,105224,105585,105224,105892,0.5404
datasets/workout/thomas0506workout/thomas0506_whole_session_20260506_154720.csv,thomas0506,db_weighted_crunch,0,1,105585,105818,105224,105892,0.3488
datasets/workout/thomas0506workout/thomas0506_whole_session_20260506_154720.csv,thomas0506,db_weighted_crunch,0,2,105818,106113,105892,106271,0.4879
datasets/workout/thomas0506workout/thomas0506_whole_session_20260506_154720.csv,thomas0506,db_weighted_crunch,0,3,106113,106369,105892,106271,0.3312
datasets/workout/thomas0506workout/thomas0506_whole_session_20260506_154720.csv,thomas0506,db_weighted_crunch,0,4,106369,106628,106271,107099,0.3128
datasets/workout/thomas0506workout/thomas0506_whole_session_20260506_154720.csv,thomas0506,db_weighted_crunch,0,5,106628,106923,106271,107099,0.3563
datasets/workout/thomas0506workout/thomas0506_whole_session_20260506_154720.csv,thomas0506,db_weighted_crunch,0,6,106923,107224,106271,107099,0.1847
datasets/workout/thomas0506workout/thomas0506_whole_session_20260506_154720.csv,thomas0506,db_weighted_crunch,0,7,107224,107533,107099,107670,0.5412
datasets/workout/thomas0506workout/thomas0506_whole_session_20260506_154720.csv,thomas0506,db_weighted_crunch,0,8,107533,107801,107670,108098,0.2319
datasets/workout/thomas0506workout/thomas0506_whole_session_20260506_154720.csv,thomas0506,db_weighted_crunch,0,9,107801,108062,107670,108098,0.6098
datasets/workout/thomas0506workout/thomas0506_whole_session_20260506_154720.csv,thomas0506,db_weighted_crunch,0,10,108062,108351,108098,108641,0.437
datasets/workout/thomas0506workout/thomas0506_whole_session_20260506_154720.csv,thomas0506,db_weighted_crunch,0,11,108351,108641,108098,108641,0.5341
datasets/workout/thomas0506workout/thomas0506_whole_session_20260506_154720.csv,thomas0506,db_weighted_crunch,1,0,114252,114545,114252,114427,0.5973
datasets/workout/thomas0506workout/thomas0506_whole_session_20260506_154720.csv,thomas0506,db_weighted_crunch,1,1,114545,114800,114427,114795,0.6702
datasets/workout/thomas0506workout/thomas0506_whole_session_20260506_154720.csv,thomas0506,db_weighted_crunch,1,2,114800,115064,114795,115069,0.9635
datasets/workout/thomas0506workout/thomas0506_whole_session_20260506_154720.csv,thomas0506,db_weighted_crunch,1,3,115064,115295,115069,115312,0.9113
datasets/workout/thomas0506workout/thomas0506_whole_session_20260506_154720.csv,thomas0506,db_weighted_crunch,1,4,115295,115550,115312,115544,0.9098
datasets/workout/thomas0506workout/thomas0506_whole_session_20260506_154720.csv,thomas0506,db_weighted_crunch,1,5,115550,115796,115544,115946,0.6119
datasets/workout/thomas0506workout/thomas0506_whole_session_20260506_154720.csv,thomas0506,db_weighted_crunch,1,6,115796,116057,115946,116097,0.3688
datasets/workout/thomas0506workout/thomas0506_whole_session_20260506_154720.csv,thomas0506,db_weighted_crunch,1,7,116057,116354,116097,116359,0.851
datasets/workout/thomas0506workout/thomas0506_whole_session_20260506_154720.csv,thomas0506,db_weighted_crunch,1,8,116354,116595,116359,116738,0.6146
datasets/workout/thomas0506workout/thomas0506_whole_session_20260506_154720.csv,thomas0506,db_weighted_crunch,1,9,116595,116863,116738,117017,0.2962
datasets/workout/thomas0506workout/thomas0506_whole_session_20260506_154720.csv,thomas0506,db_weighted_crunch,1,10,116863,117144,116738,117017,0.3793
datasets/workout/thomas0506workout/thomas0506_whole_session_20260506_154720.csv,thomas0506,db_weighted_crunch,1,11,117144,117401,117017,117295,0.3932
datasets/workout/thomas0506workout/thomas0506_whole_session_20260506_154720.csv,thomas0506,db_weighted_crunch,1,12,117401,117708,117443,117735,0.7934
datasets/workout/thomas0506workout/thomas0506_whole_session_20260506_154720.csv,thomas0506,db_weighted_crunch,1,13,117708,117981,117735,118012,0.8092
datasets/workout/thomas0506workout/thomas0506_whole_session_20260506_154720.csv,thomas0506,db_weighted_crunch,1,14,117981,118258,118012,118276,0.8339
datasets/workout/thomas0506workout/thomas0506_whole_session_20260506_154720.csv,thomas0506,db_weighted_crunch,1,15,118258,118516,118276,118540,0.8511
datasets/workout/thomas0506workout/thomas0506_whole_session_20260506_154720.csv,thomas0506,db_weighted_crunch,1,16,118516,118818,118540,118818,0.9205
datasets/workout/thomas0506workout/thomas0506_whole_session_20260506_154720.csv,thomas0506,db_weighted_crunch,2,0,125153,125431,125153,125315,0.5827
datasets/workout/thomas0506workout/thomas0506_whole_session_20260506_154720.csv,thomas0506,db_weighted_crunch,2,1,125431,125705,125315,125604,0.4436
datasets/workout/thomas0506workout/thomas0506_whole_session_20260506_154720.csv,thomas0506,db_weighted_crunch,2,2,125705,125944,125604,125936,0.6794
datasets/workout/thomas0506workout/thomas0506_whole_session_20260506_154720.csv,thomas0506,db_weighted_crunch,2,3,125944,126166,125936,126181,0.9061
datasets/workout/thomas0506workout/thomas0506_whole_session_20260506_154720.csv,thomas0506,db_weighted_crunch,2,4,126166,126427,126181,126420,0.9157
datasets/workout/thomas0506workout/thomas0506_whole_session_20260506_154720.csv,thomas0506,db_weighted_crunch,2,5,126427,126655,126420,126561,0.5702
datasets/workout/thomas0506workout/thomas0506_whole_session_20260506_154720.csv,thomas0506,db_weighted_crunch,2,6,126655,126947,126561,126830,0.4534
datasets/workout/thomas0506workout/thomas0506_whole_session_20260506_154720.csv,thomas0506,db_weighted_crunch,2,7,126947,127206,126830,127128,0.4814
datasets/workout/thomas0506workout/thomas0506_whole_session_20260506_154720.csv,thomas0506,db_weighted_crunch,2,8,127206,127494,127301,127603,0.4861
datasets/workout/thomas0506workout/thomas0506_whole_session_20260506_154720.csv,thomas0506,db_weighted_crunch,2,9,127494,127728,127603,127846,0.3551
datasets/workout/thomas0506workout/thomas0506_whole_session_20260506_154720.csv,thomas0506,db_weighted_crunch,2,10,127728,127979,127846,128032,0.4375
datasets/workout/thomas0506workout/thomas0506_whole_session_20260506_154720.csv,thomas0506,db_weighted_crunch,2,11,127979,128244,128032,128244,0.8
datasets/workout/thomas0506workout/thomas0506_whole_session_20260506_154720.csv,thomas0506,db_shoulder_press,0,0,145533,145730,145533,145701,0.8528
datasets/workout/thomas0506workout/thomas0506_whole_session_20260506_154720.csv,thomas0506,db_shoulder_press,0,1,145730,145963,145701,146078,0.618
datasets/workout/thomas0506workout/thomas0506_whole_session_20260506_154720.csv,thomas0506,db_shoulder_press,0,2,145963,146202,146078,146210,0.502
datasets/workout/thomas0506workout/thomas0506_whole_session_20260506_154720.csv,thomas0506,db_shoulder_press,0,3,146202,146424,146210,146567,0.5863
datasets/workout/thomas0506workout/thomas0506_whole_session_20260506_154720.csv,thomas0506,db_shoulder_press,0,4,146424,146655,146210,146567,0.3213
datasets/workout/thomas0506workout/thomas0506_whole_session_20260506_154720.csv,thomas0506,db_shoulder_press,0,5,146655,146886,146728,147062,0.3882
datasets/workout/thomas0506workout/thomas0506_whole_session_20260506_154720.csv,thomas0506,db_shoulder_press,0,6,146886,147167,146728,147062,0.4009
datasets/workout/thomas0506workout/thomas0506_whole_session_20260506_154720.csv,thomas0506,db_shoulder_press,0,7,147167,147419,147305,147450,0.4028
datasets/workout/thomas0506workout/thomas0506_whole_session_20260506_154720.csv,thomas0506,db_shoulder_press,0,8,147419,147685,147450,147692,0.8608
datasets/workout/thomas0506workout/thomas0506_whole_session_20260506_154720.csv,thomas0506,db_shoulder_press,0,9,147685,147930,147692,147927,0.9592
datasets/workout/thomas0506workout/thomas0506_whole_session_20260506_154720.csv,thomas0506,db_shoulder_press,0,10,147930,148189,147927,148242,0.8222
datasets/workout/thomas0506workout/thomas0506_whole_session_20260506_154720.csv,thomas0506,db_shoulder_press,0,11,148189,148423,148242,148423,0.7735
datasets/workout/thomas0506workout/thomas0506_whole_session_20260506_154720.csv,thomas0506,db_shoulder_press,1,0,153865,154078,153865,154066,0.9437
datasets/workout/thomas0506workout/thomas0506_whole_session_20260506_154720.csv,thomas0506,db_shoulder_press,1,1,154078,154305,154066,154316,0.908
datasets/workout/thomas0506workout/thomas0506_whole_session_20260506_154720.csv,thomas0506,db_shoulder_press,1,2,154305,154545,154316,154462,0.6083
datasets/workout/thomas0506workout/thomas0506_whole_session_20260506_154720.csv,thomas0506,db_shoulder_press,1,3,154545,154782,154462,154683,0.4313
datasets/workout/thomas0506workout/thomas0506_whole_session_20260506_154720.csv,thomas0506,db_shoulder_press,1,4,154782,155014,154683,154926,0.435
datasets/workout/thomas0506workout/thomas0506_whole_session_20260506_154720.csv,thomas0506,db_shoulder_press,1,5,155014,155238,155109,155370,0.3624
datasets/workout/thomas0506workout/thomas0506_whole_session_20260506_154720.csv,thomas0506,db_shoulder_press,1,6,155238,155469,155109,155370,0.3667
datasets/workout/thomas0506workout/thomas0506_whole_session_20260506_154720.csv,thomas0506,db_shoulder_press,1,7,155469,155717,155370,155611,0.4092
datasets/workout/thomas0506workout/thomas0506_whole_session_20260506_154720.csv,thomas0506,db_shoulder_press,1,8,155717,155939,155817,155993,0.442
datasets/workout/thomas0506workout/thomas0506_whole_session_20260506_154720.csv,thomas0506,db_shoulder_press,1,9,155939,156153,155993,156155,0.7407
datasets/workout/thomas0506workout/thomas0506_whole_session_20260506_154720.csv,thomas0506,db_shoulder_press,1,10,156153,156375,156155,156435,0.7801
datasets/workout/thomas0506workout/thomas0506_whole_session_20260506_154720.csv,thomas0506,db_shoulder_press,1,11,156375,156590,156435,156590,0.7209
datasets/workout/thomas0506workout/thomas0506_whole_session_20260506_154720.csv,thomas0506,db_shoulder_press,2,0,162461,162716,162461,162721,0.9808
datasets/workout/thomas0506workout/thomas0506_whole_session_20260506_154720.csv,thomas0506,db_shoulder_press,2,1,162716,162950,162721,162964,0.9234
datasets/workout/thomas0506workout/thomas0506_whole_session_20260506_154720.csv,thomas0506,db_shoulder_press,2,2,162950,163172,162964,163194,0.8525
datasets/workout/thomas0506workout/thomas0506_whole_session_20260506_154720.csv,thomas0506,db_shoulder_press,2,3,163172,163385,163194,163409,0.8059
datasets/workout/thomas0506workout/thomas0506_whole_session_20260506_154720.csv,thomas0506,db_shoulder_press,2,4,163385,163606,163409,163717,0.5934
datasets/workout/thomas0506workout/thomas0506_whole_session_20260506_154720.csv,thomas0506,db_shoulder_press,2,5,163606,163817,163717,163939,0.3003
datasets/workout/thomas0506workout/thomas0506_whole_session_20260506_154720.csv,thomas0506,db_shoulder_press,2,6,163817,164007,163717,163939,0.4207
datasets/workout/thomas0506workout/thomas0506_whole_session_20260506_154720.csv,thomas0506,db_shoulder_press,2,7,164007,164236,164106,164379,0.3495
datasets/workout/thomas0506workout/thomas0506_whole_session_20260506_154720.csv,thomas0506,db_shoulder_press,2,8,164236,164464,164106,164379,0.3994
datasets/workout/thomas0506workout/thomas0506_whole_session_20260506_154720.csv,thomas0506,db_shoulder_press,2,9,164464,164683,164379,164597,0.4375
datasets/workout/thomas0506workout/thomas0506_whole_session_20260506_154720.csv,thomas0506,db_shoulder_press,2,10,164683,164910,164597,164824,0.4505
datasets/workout/thomas0506workout/thomas0506_whole_session_20260506_154720.csv,thomas0506,db_shoulder_press,2,11,164910,165141,164824,165141,0.7287
datasets/workout/thomas0506workout/thomas0506_whole_session_20260506_154720.csv,thomas0506,db_biceps_curl,0,0,170759,171078,170759,170935,0.5517
datasets/workout/thomas0506workout/thomas0506_whole_session_20260506_154720.csv,thomas0506,db_biceps_curl,0,1,171078,171372,170935,171244,0.3799
datasets/workout/thomas0506workout/thomas0506_whole_session_20260506_154720.csv,thomas0506,db_biceps_curl,0,2,171372,171706,171244,171547,0.3788
datasets/workout/thomas0506workout/thomas0506_whole_session_20260506_154720.csv,thomas0506,db_biceps_curl,0,3,171706,172021,171865,172169,0.3369
datasets/workout/thomas0506workout/thomas0506_whole_session_20260506_154720.csv,thomas0506,db_biceps_curl,0,4,172021,172314,172169,172453,0.3356
datasets/workout/thomas0506workout/thomas0506_whole_session_20260506_154720.csv,thomas0506,db_biceps_curl,0,5,172314,172606,172453,172781,0.3276
datasets/workout/thomas0506workout/thomas0506_whole_session_20260506_154720.csv,thomas0506,db_biceps_curl,0,6,172606,172914,172453,172781,0.3796
datasets/workout/thomas0506workout/thomas0506_whole_session_20260506_154720.csv,thomas0506,db_biceps_curl,0,7,172914,173209,172781,173054,0.3271
datasets/workout/thomas0506workout/thomas0506_whole_session_20260506_154720.csv,thomas0506,db_biceps_curl,0,8,173209,173514,173054,173391,0.3957
datasets/workout/thomas0506workout/thomas0506_whole_session_20260506_154720.csv,thomas0506,db_biceps_curl,0,9,173514,173805,173391,173688,0.4203
datasets/workout/thomas0506workout/thomas0506_whole_session_20260506_154720.csv,thomas0506,db_biceps_curl,0,10,173805,174132,173965,174263,0.3646
datasets/workout/thomas0506workout/thomas0506_whole_session_20260506_154720.csv,thomas0506,db_biceps_curl,0,11,174132,174439,174263,174439,0.5733
datasets/workout/thomas0506workout/thomas0506_whole_session_20260506_154720.csv,thomas0506,db_biceps_curl,1,0,179591,179870,179591,179984,0.7099
datasets/workout/thomas0506workout/thomas0506_whole_session_20260506_154720.csv,thomas0506,db_biceps_curl,1,1,179870,180142,179984,180267,0.398
datasets/workout/thomas0506workout/thomas0506_whole_session_20260506_154720.csv,thomas0506,db_biceps_curl,1,2,180142,180471,180267,180465,0.6018
datasets/workout/thomas0506workout/thomas0506_whole_session_20260506_154720.csv,thomas0506,db_biceps_curl,1,3,180471,180736,180465,180749,0.9331
datasets/workout/thomas0506workout/thomas0506_whole_session_20260506_154720.csv,thomas0506,db_biceps_curl,1,4,180736,181019,180749,181141,0.6667
datasets/workout/thomas0506workout/thomas0506_whole_session_20260506_154720.csv,thomas0506,db_biceps_curl,1,5,181019,181306,181141,181435,0.3966
datasets/workout/thomas0506workout/thomas0506_whole_session_20260506_154720.csv,thomas0506,db_biceps_curl,1,6,181306,181585,181435,181703,0.3778
datasets/workout/thomas0506workout/thomas0506_whole_session_20260506_154720.csv,thomas0506,db_biceps_curl,1,7,181585,181848,181703,181982,0.3652
datasets/workout/thomas0506workout/thomas0506_whole_session_20260506_154720.csv,thomas0506,db_biceps_curl,1,8,181848,182141,181982,182286,0.363
datasets/workout/thomas0506workout/thomas0506_whole_session_20260506_154720.csv,thomas0506,db_biceps_curl,1,9,182141,182412,181982,182286,0.3372
datasets/workout/thomas0506workout/thomas0506_whole_session_20260506_154720.csv,thomas0506,db_biceps_curl,1,10,182412,182682,182286,182549,0.346
datasets/workout/thomas0506workout/thomas0506_whole_session_20260506_154720.csv,thomas0506,db_biceps_curl,1,11,182682,182945,182549,182945,0.6641
datasets/workout/thomas0506workout/thomas0506_whole_session_20260506_154720.csv,thomas0506,db_biceps_curl,2,0,188012,188265,188012,188262,0.9881
datasets/workout/thomas0506workout/thomas0506_whole_session_20260506_154720.csv,thomas0506,db_biceps_curl,2,1,188265,188547,188262,188426,0.5649
datasets/workout/thomas0506workout/thomas0506_whole_session_20260506_154720.csv,thomas0506,db_biceps_curl,2,2,188547,188821,188426,188692,0.3671
datasets/workout/thomas0506workout/thomas0506_whole_session_20260506_154720.csv,thomas0506,db_biceps_curl,2,3,188821,189099,188692,188977,0.3833
datasets/workout/thomas0506workout/thomas0506_whole_session_20260506_154720.csv,thomas0506,db_biceps_curl,2,4,189099,189368,188977,189243,0.3683
datasets/workout/thomas0506workout/thomas0506_whole_session_20260506_154720.csv,thomas0506,db_biceps_curl,2,5,189368,189645,189243,189519,0.3756
datasets/workout/thomas0506workout/thomas0506_whole_session_20260506_154720.csv,thomas0506,db_biceps_curl,2,6,189645,189906,189777,190017,0.3468
datasets/workout/thomas0506workout/thomas0506_whole_session_20260506_154720.csv,thomas0506,db_biceps_curl,2,7,189906,190181,190017,190301,0.4152
datasets/workout/thomas0506workout/thomas0506_whole_session_20260506_154720.csv,thomas0506,db_biceps_curl,2,8,190181,190453,190301,190579,0.3819
datasets/workout/thomas0506workout/thomas0506_whole_session_20260506_154720.csv,thomas0506,db_biceps_curl,2,9,190453,190728,190579,190895,0.3371
datasets/workout/thomas0506workout/thomas0506_whole_session_20260506_154720.csv,thomas0506,db_biceps_curl,2,10,190728,191044,190895,191058,0.4515
datasets/workout/thomas0506workout/thomas0506_whole_session_20260506_154720.csv,thomas0506,db_biceps_curl,2,11,191044,191311,191058,191311,0.9476
datasets/workout/thomas0506workout/thomas0506_whole_session_20260506_154720.csv,thomas0506,db_triceps_curl,0,0,199904,200164,199904,200151,0.95
datasets/workout/thomas0506workout/thomas0506_whole_session_20260506_154720.csv,thomas0506,db_triceps_curl,0,1,200164,200453,200151,200466,0.9175
datasets/workout/thomas0506workout/thomas0506_whole_session_20260506_154720.csv,thomas0506,db_triceps_curl,0,2,200453,200712,200466,200716,0.9354
datasets/workout/thomas0506workout/thomas0506_whole_session_20260506_154720.csv,thomas0506,db_triceps_curl,0,3,200712,200942,200716,200972,0.8692
datasets/workout/thomas0506workout/thomas0506_whole_session_20260506_154720.csv,thomas0506,db_triceps_curl,0,4,200942,201244,200972,201253,0.8746
datasets/workout/thomas0506workout/thomas0506_whole_session_20260506_154720.csv,thomas0506,db_triceps_curl,0,5,201244,201545,201253,201567,0.904
datasets/workout/thomas0506workout/thomas0506_whole_session_20260506_154720.csv,thomas0506,db_triceps_curl,0,6,201545,201884,201567,201906,0.8781
datasets/workout/thomas0506workout/thomas0506_whole_session_20260506_154720.csv,thomas0506,db_triceps_curl,0,7,201884,202203,201906,202209,0.9138
datasets/workout/thomas0506workout/thomas0506_whole_session_20260506_154720.csv,thomas0506,db_triceps_curl,0,8,202203,202481,202209,202489,0.951
datasets/workout/thomas0506workout/thomas0506_whole_session_20260506_154720.csv,thomas0506,db_triceps_curl,0,9,202481,202762,202489,202774,0.9317
datasets/workout/thomas0506workout/thomas0506_whole_session_20260506_154720.csv,thomas0506,db_triceps_curl,0,10,202762,203101,202774,203108,0.9451
datasets/workout/thomas0506workout/thomas0506_whole_session_20260506_154720.csv,thomas0506,db_triceps_curl,0,11,203101,203350,203108,203350,0.9719
datasets/workout/thomas0506workout/thomas0506_whole_session_20260506_154720.csv,thomas0506,db_triceps_curl,1,0,210786,211035,210786,211057,0.9188
datasets/workout/thomas0506workout/thomas0506_whole_session_20260506_154720.csv,thomas0506,db_triceps_curl,1,1,211035,211302,211057,211297,0.8989
datasets/workout/thomas0506workout/thomas0506_whole_session_20260506_154720.csv,thomas0506,db_triceps_curl,1,2,211302,211547,211297,211551,0.9646
datasets/workout/thomas0506workout/thomas0506_whole_session_20260506_154720.csv,thomas0506,db_triceps_curl,1,3,211547,211790,211551,211781,0.9465
datasets/workout/thomas0506workout/thomas0506_whole_session_20260506_154720.csv,thomas0506,db_triceps_curl,1,4,211790,212055,211781,212053,0.9599
datasets/workout/thomas0506workout/thomas0506_whole_session_20260506_154720.csv,thomas0506,db_triceps_curl,1,5,212055,212270,212053,212248,0.8894
datasets/workout/thomas0506workout/thomas0506_whole_session_20260506_154720.csv,thomas0506,db_triceps_curl,1,6,212270,212488,212248,212481,0.8792
datasets/workout/thomas0506workout/thomas0506_whole_session_20260506_154720.csv,thomas0506,db_triceps_curl,1,7,212488,212729,212481,212727,0.9637
datasets/workout/thomas0506workout/thomas0506_whole_session_20260506_154720.csv,thomas0506,db_triceps_curl,1,8,212729,213035,212727,213029,0.974
datasets/workout/thomas0506workout/thomas0506_whole_session_20260506_154720.csv,thomas0506,db_triceps_curl,1,9,213035,213274,213029,213274,0.9755
datasets/workout/thomas0506workout/thomas0506_whole_session_20260506_154720.csv,thomas0506,db_triceps_curl,1,10,213274,213503,213274,213508,0.9786
datasets/workout/thomas0506workout/thomas0506_whole_session_20260506_154720.csv,thomas0506,db_triceps_curl,1,11,213503,213763,213508,213763,0.9808
datasets/workout/thomas0506workout/thomas0506_whole_session_20260506_154720.csv,thomas0506,db_triceps_curl,2,0,219440,219680,219440,219683,0.9877
datasets/workout/thomas0506workout/thomas0506_whole_session_20260506_154720.csv,thomas0506,db_triceps_curl,2,1,219680,219947,219683,219957,0.9531
datasets/workout/thomas0506workout/thomas0506_whole_session_20260506_154720.csv,thomas0506,db_triceps_curl,2,2,219947,220231,219957,220242,0.9288
datasets/workout/thomas0506workout/thomas0506_whole_session_20260506_154720.csv,thomas0506,db_triceps_curl,2,3,220231,220507,220242,220533,0.8775
datasets/workout/thomas0506workout/thomas0506_whole_session_20260506_154720.csv,thomas0506,db_triceps_curl,2,4,220507,220794,220533,220842,0.7791
datasets/workout/thomas0506workout/thomas0506_whole_session_20260506_154720.csv,thomas0506,db_triceps_curl,2,5,220794,221089,220842,221077,0.7966
datasets/workout/thomas0506workout/thomas0506_whole_session_20260506_154720.csv,thomas0506,db_triceps_curl,2,6,221089,221324,221077,221448,0.6334
datasets/workout/thomas0506workout/thomas0506_whole_session_20260506_154720.csv,thomas0506,db_triceps_curl,2,7,221324,221576,221448,221704,0.3368
datasets/workout/thomas0506workout/thomas0506_whole_session_20260506_154720.csv,thomas0506,db_triceps_curl,2,8,221576,221830,221448,221704,0.3351
datasets/workout/thomas0506workout/thomas0506_whole_session_20260506_154720.csv,thomas0506,db_triceps_curl,2,9,221830,222094,221704,221982,0.3897
datasets/workout/thomas0506workout/thomas0506_whole_session_20260506_154720.csv,thomas0506,db_triceps_curl,2,10,222094,222319,221982,222193,0.2938
datasets/workout/thomas0506workout/thomas0506_whole_session_20260506_154720.csv,thomas0506,db_triceps_curl,2,11,222319,222568,222193,222568,0.664
datasets/workout/thomas0506workout/thomas0506_whole_session_20260506_154720.csv,thomas0506,db_squat,0,0,239165,239387,239165,239347,0.8198
datasets/workout/thomas0506workout/thomas0506_whole_session_20260506_154720.csv,thomas0506,db_squat,0,1,239387,239627,239347,239643,0.8108
datasets/workout/thomas0506workout/thomas0506_whole_session_20260506_154720.csv,thomas0506,db_squat,0,2,239627,239867,239643,239880,0.8854
datasets/workout/thomas0506workout/thomas0506_whole_session_20260506_154720.csv,thomas0506,db_squat,0,3,239867,240105,239880,240117,0.9
datasets/workout/thomas0506workout/thomas0506_whole_session_20260506_154720.csv,thomas0506,db_squat,0,4,240105,240338,240117,240316,0.8541
datasets/workout/thomas0506workout/thomas0506_whole_session_20260506_154720.csv,thomas0506,db_squat,0,5,240338,240569,240316,240559,0.8735
datasets/workout/thomas0506workout/thomas0506_whole_session_20260506_154720.csv,thomas0506,db_squat,0,6,240569,240815,240559,240853,0.8367
datasets/workout/thomas0506workout/thomas0506_whole_session_20260506_154720.csv,thomas0506,db_squat,0,7,240815,241031,240853,241042,0.7841
datasets/workout/thomas0506workout/thomas0506_whole_session_20260506_154720.csv,thomas0506,db_squat,0,8,241031,241278,241042,241174,0.5344
datasets/workout/thomas0506workout/thomas0506_whole_session_20260506_154720.csv,thomas0506,db_squat,0,9,241278,241511,241174,241494,0.6409
datasets/workout/thomas0506workout/thomas0506_whole_session_20260506_154720.csv,thomas0506,db_squat,0,10,241511,241737,241494,241723,0.8724
datasets/workout/thomas0506workout/thomas0506_whole_session_20260506_154720.csv,thomas0506,db_squat,0,11,241737,241934,241723,241934,0.9336
datasets/workout/thomas0506workout/thomas0506_whole_session_20260506_154720.csv,thomas0506,db_squat,1,0,249886,250093,249886,250094,0.9952
datasets/workout/thomas0506workout/thomas0506_whole_session_20260506_154720.csv,thomas0506,db_squat,1,1,250093,250334,250094,250361,0.8955
datasets/workout/thomas0506workout/thomas0506_whole_session_20260506_154720.csv,thomas0506,db_squat,1,2,250334,250573,250361,250588,0.8346
datasets/workout/thomas0506workout/thomas0506_whole_session_20260506_154720.csv,thomas0506,db_squat,1,3,250573,250801,250588,250815,0.8802
datasets/workout/thomas0506workout/thomas0506_whole_session_20260506_154720.csv,thomas0506,db_squat,1,4,250801,251050,250815,251061,0.9038
datasets/workout/thomas0506workout/thomas0506_whole_session_20260506_154720.csv,thomas0506,db_squat,1,5,251050,251299,251061,251317,0.8914
datasets/workout/thomas0506workout/thomas0506_whole_session_20260506_154720.csv,thomas0506,db_squat,1,6,251299,251541,251317,251530,0.8802
datasets/workout/thomas0506workout/thomas0506_whole_session_20260506_154720.csv,thomas0506,db_squat,1,7,251541,251780,251530,251779,0.952
datasets/workout/thomas0506workout/thomas0506_whole_session_20260506_154720.csv,thomas0506,db_squat,1,8,251780,252009,251779,252026,0.9271
datasets/workout/thomas0506workout/thomas0506_whole_session_20260506_154720.csv,thomas0506,db_squat,1,9,252009,252244,252026,252270,0.8352
datasets/workout/thomas0506workout/thomas0506_whole_session_20260506_154720.csv,thomas0506,db_squat,1,10,252244,252514,252270,252518,0.8905
datasets/workout/thomas0506workout/thomas0506_whole_session_20260506_154720.csv,thomas0506,db_squat,1,11,252514,252839,252518,252839,0.9877
datasets/workout/thomas0506workout/thomas0506_whole_session_20260506_154720.csv,thomas0506,db_squat,0,0,260745,260948,260745,260932,0.9212
datasets/workout/thomas0506workout/thomas0506_whole_session_20260506_154720.csv,thomas0506,db_squat,0,1,260948,261199,260932,261189,0.9026
datasets/workout/thomas0506workout/thomas0506_whole_session_20260506_154720.csv,thomas0506,db_squat,0,2,261199,261422,261189,261387,0.8069
datasets/workout/thomas0506workout/thomas0506_whole_session_20260506_154720.csv,thomas0506,db_squat,0,3,261422,261659,261387,261649,0.8346
datasets/workout/thomas0506workout/thomas0506_whole_session_20260506_154720.csv,thomas0506,db_squat,0,4,261659,261915,261649,261903,0.9173
datasets/workout/thomas0506workout/thomas0506_whole_session_20260506_154720.csv,thomas0506,db_squat,0,5,261915,262150,261903,262140,0.9109
datasets/workout/thomas0506workout/thomas0506_whole_session_20260506_154720.csv,thomas0506,db_squat,0,6,262150,262394,262140,262365,0.8465
datasets/workout/thomas0506workout/thomas0506_whole_session_20260506_154720.csv,thomas0506,db_squat,0,7,262394,262630,262365,262626,0.8755
datasets/workout/thomas0506workout/thomas0506_whole_session_20260506_154720.csv,thomas0506,db_squat,0,8,262630,262858,262626,262839,0.9009
datasets/workout/thomas0506workout/thomas0506_whole_session_20260506_154720.csv,thomas0506,db_squat,0,9,262858,263087,262839,263066,0.8387
datasets/workout/thomas0506workout/thomas0506_whole_session_20260506_154720.csv,thomas0506,db_squat,0,10,263087,263301,263066,263308,0.8843
datasets/workout/thomas0506workout/thomas0506_whole_session_20260506_154720.csv,thomas0506,db_squat,0,11,263301,263525,263308,263525,0.9688
datasets/workout/thomas0506workout/thomas0506_whole_session_20260506_154720.csv,thomas0506,db_squat,1,0,270387,270617,270387,270568,0.787
datasets/workout/thomas0506workout/thomas0506_whole_session_20260506_154720.csv,thomas0506,db_squat,1,1,270617,270858,270568,270855,0.8207
datasets/workout/thomas0506workout/thomas0506_whole_session_20260506_154720.csv,thomas0506,db_squat,1,2,270858,271131,270855,271146,0.9381
datasets/workout/thomas0506workout/thomas0506_whole_session_20260506_154720.csv,thomas0506,db_squat,1,3,271131,271370,271146,271338,0.8033
datasets/workout/thomas0506workout/thomas0506_whole_session_20260506_154720.csv,thomas0506,db_squat,1,4,271370,271586,271338,271593,0.8471
datasets/workout/thomas0506workout/thomas0506_whole_session_20260506_154720.csv,thomas0506,db_squat,1,5,271586,271857,271593,271839,0.9077
datasets/workout/thomas0506workout/thomas0506_whole_session_20260506_154720.csv,thomas0506,db_squat,1,6,271857,272110,271839,272107,0.9225
datasets/workout/thomas0506workout/thomas0506_whole_session_20260506_154720.csv,thomas0506,db_squat,1,7,272110,272341,272107,272262,0.6496
datasets/workout/thomas0506workout/thomas0506_whole_session_20260506_154720.csv,thomas0506,db_squat,1,8,272341,272586,272262,272556,0.6636
datasets/workout/thomas0506workout/thomas0506_whole_session_20260506_154720.csv,thomas0506,db_squat,1,9,272586,272828,272556,272783,0.7243
datasets/workout/thomas0506workout/thomas0506_whole_session_20260506_154720.csv,thomas0506,db_squat,1,10,272828,273050,272783,273023,0.7303
datasets/workout/thomas0506workout/thomas0506_whole_session_20260506_154720.csv,thomas0506,db_squat,1,11,273050,273221,273023,273221,0.8636
datasets/workout/thomas0506workout/thomas0506_whole_session_20260506_154720.csv,thomas0506,db_squat,2,0,278667,278898,278667,278826,0.6883
datasets/workout/thomas0506workout/thomas0506_whole_session_20260506_154720.csv,thomas0506,db_squat,2,1,278898,279127,278826,279117,0.7276
datasets/workout/thomas0506workout/thomas0506_whole_session_20260506_154720.csv,thomas0506,db_squat,2,2,279127,279354,279117,279351,0.9451
datasets/workout/thomas0506workout/thomas0506_whole_session_20260506_154720.csv,thomas0506,db_squat,2,3,279354,279581,279351,279577,0.9696
datasets/workout/thomas0506workout/thomas0506_whole_session_20260506_154720.csv,thomas0506,db_squat,2,4,279581,279810,279577,279848,0.845
datasets/workout/thomas0506workout/thomas0506_whole_session_20260506_154720.csv,thomas0506,db_squat,2,5,279810,280062,279848,280049,0.7976
datasets/workout/thomas0506workout/thomas0506_whole_session_20260506_154720.csv,thomas0506,db_squat,2,6,280062,280282,280049,280293,0.9016
datasets/workout/thomas0506workout/thomas0506_whole_session_20260506_154720.csv,thomas0506,db_squat,2,7,280282,280507,280293,280495,0.8978
datasets/workout/thomas0506workout/thomas0506_whole_session_20260506_154720.csv,thomas0506,db_squat,2,8,280507,280693,280495,280731,0.7881
datasets/workout/thomas0506workout/thomas0506_whole_session_20260506_154720.csv,thomas0506,db_squat,2,9,280693,280926,280731,280948,0.7647
datasets/workout/thomas0506workout/thomas0506_whole_session_20260506_154720.csv,thomas0506,db_squat,2,10,280926,281161,280948,281126,0.7574
datasets/workout/thomas0506workout/thomas0506_whole_session_20260506_154720.csv,thomas0506,db_squat,2,11,281161,281342,281126,281342,0.838
datasets/workout/tsenyu0515workout/tsenyu0515workout_whole_session_20260515_200226.csv,yentsen0515workout,db_bench_press,0,0,125,430,125,498,0.8177
datasets/workout/tsenyu0515workout/tsenyu0515workout_whole_session_20260515_200226.csv,yentsen0515workout,db_bench_press,0,1,430,847,498,887,0.7637
datasets/workout/tsenyu0515workout/tsenyu0515workout_whole_session_20260515_200226.csv,yentsen0515workout,db_bench_press,0,2,847,1250,887,1259,0.8811
datasets/workout/tsenyu0515workout/tsenyu0515workout_whole_session_20260515_200226.csv,yentsen0515workout,db_bench_press,0,3,1250,1621,1259,1649,0.9073
datasets/workout/tsenyu0515workout/tsenyu0515workout_whole_session_20260515_200226.csv,yentsen0515workout,db_bench_press,0,4,1621,2019,1649,2061,0.8409
datasets/workout/tsenyu0515workout/tsenyu0515workout_whole_session_20260515_200226.csv,yentsen0515workout,db_bench_press,0,5,2019,2412,2061,2421,0.8731
datasets/workout/tsenyu0515workout/tsenyu0515workout_whole_session_20260515_200226.csv,yentsen0515workout,db_bench_press,0,6,2412,2776,2421,2829,0.8513
datasets/workout/tsenyu0515workout/tsenyu0515workout_whole_session_20260515_200226.csv,yentsen0515workout,db_bench_press,0,7,2776,3158,2829,3179,0.8164
datasets/workout/tsenyu0515workout/tsenyu0515workout_whole_session_20260515_200226.csv,yentsen0515workout,db_bench_press,0,8,3158,3502,3179,3563,0.7975
datasets/workout/tsenyu0515workout/tsenyu0515workout_whole_session_20260515_200226.csv,yentsen0515workout,db_bench_press,0,9,3502,3918,3563,3965,0.7667
datasets/workout/tsenyu0515workout/tsenyu0515workout_whole_session_20260515_200226.csv,yentsen0515workout,db_bench_press,0,10,3918,4294,3965,4355,0.7529
datasets/workout/tsenyu0515workout/tsenyu0515workout_whole_session_20260515_200226.csv,yentsen0515workout,db_bench_press,0,11,4294,4678,4355,4678,0.8411
datasets/workout/tsenyu0515workout/tsenyu0515workout_whole_session_20260515_200226.csv,yentsen0515workout,db_bench_press,1,0,27570,28057,27570,28175,0.805
datasets/workout/tsenyu0515workout/tsenyu0515workout_whole_session_20260515_200226.csv,yentsen0515workout,db_bench_press,1,1,28057,28595,28175,29494,0.2923
datasets/workout/tsenyu0515workout/tsenyu0515workout_whole_session_20260515_200226.csv,yentsen0515workout,db_bench_press,1,2,28595,29061,28175,29494,0.3533
datasets/workout/tsenyu0515workout/tsenyu0515workout_whole_session_20260515_200226.csv,yentsen0515workout,db_bench_press,1,3,29061,29423,28175,29494,0.2745
datasets/workout/tsenyu0515workout/tsenyu0515workout_whole_session_20260515_200226.csv,yentsen0515workout,db_bench_press,1,4,29423,29893,29494,30435,0.3943
datasets/workout/tsenyu0515workout/tsenyu0515workout_whole_session_20260515_200226.csv,yentsen0515workout,db_bench_press,1,5,29893,30394,29494,30435,0.5324
datasets/workout/tsenyu0515workout/tsenyu0515workout_whole_session_20260515_200226.csv,yentsen0515workout,db_bench_press,1,6,30394,30856,30435,31381,0.4265
datasets/workout/tsenyu0515workout/tsenyu0515workout_whole_session_20260515_200226.csv,yentsen0515workout,db_bench_press,1,7,30856,31318,30435,31381,0.4884
datasets/workout/tsenyu0515workout/tsenyu0515workout_whole_session_20260515_200226.csv,yentsen0515workout,db_bench_press,1,8,31318,31797,31381,32549,0.3379
datasets/workout/tsenyu0515workout/tsenyu0515workout_whole_session_20260515_200226.csv,yentsen0515workout,db_bench_press,1,9,31797,32339,31381,32549,0.464
datasets/workout/tsenyu0515workout/tsenyu0515workout_whole_session_20260515_200226.csv,yentsen0515workout,db_bench_press,1,10,32339,32762,32549,33238,0.2369
datasets/workout/tsenyu0515workout/tsenyu0515workout_whole_session_20260515_200226.csv,yentsen0515workout,db_bench_press,1,11,32762,33238,32549,33238,0.6909
datasets/workout/tsenyu0515workout/tsenyu0515workout_whole_session_20260515_200226.csv,yentsen0515workout,db_bench_press,2,0,42227,42559,42227,43322,0.3032
datasets/workout/tsenyu0515workout/tsenyu0515workout_whole_session_20260515_200226.csv,yentsen0515workout,db_bench_press,2,1,42559,43030,42227,43322,0.4301
datasets/workout/tsenyu0515workout/tsenyu0515workout_whole_session_20260515_200226.csv,yentsen0515workout,db_bench_press,2,2,43030,43563,42227,43322,0.2186
datasets/workout/tsenyu0515workout/tsenyu0515workout_whole_session_20260515_200226.csv,yentsen0515workout,db_bench_press,2,3,43563,44044,43322,45061,0.2766
datasets/workout/tsenyu0515workout/tsenyu0515workout_whole_session_20260515_200226.csv,yentsen0515workout,db_bench_press,2,4,44044,44452,43322,45061,0.2346
datasets/workout/tsenyu0515workout/tsenyu0515workout_whole_session_20260515_200226.csv,yentsen0515workout,db_bench_press,2,5,44452,44984,43322,45061,0.3059
datasets/workout/tsenyu0515workout/tsenyu0515workout_whole_session_20260515_200226.csv,yentsen0515workout,db_bench_press,2,6,44984,45544,45061,46442,0.3313
datasets/workout/tsenyu0515workout/tsenyu0515workout_whole_session_20260515_200226.csv,yentsen0515workout,db_bench_press,2,7,45544,45976,45061,46442,0.3128
datasets/workout/tsenyu0515workout/tsenyu0515workout_whole_session_20260515_200226.csv,yentsen0515workout,db_bench_press,2,8,45976,46397,45061,46442,0.3049
datasets/workout/tsenyu0515workout/tsenyu0515workout_whole_session_20260515_200226.csv,yentsen0515workout,db_bench_press,2,9,46397,46927,46442,48087,0.287
datasets/workout/tsenyu0515workout/tsenyu0515workout_whole_session_20260515_200226.csv,yentsen0515workout,db_bench_press,2,10,46927,47468,46442,48087,0.3289
datasets/workout/tsenyu0515workout/tsenyu0515workout_whole_session_20260515_200226.csv,yentsen0515workout,db_bench_press,2,11,47468,48087,46442,48087,0.3763
datasets/workout/tsenyu0515workout/tsenyu0515workout_whole_session_20260515_200226.csv,yentsen0515workout,one_arm_db_row,0,0,73026,73364,73026,73366,0.9941
datasets/workout/tsenyu0515workout/tsenyu0515workout_whole_session_20260515_200226.csv,yentsen0515workout,one_arm_db_row,0,1,73364,73790,73366,73822,0.9258
datasets/workout/tsenyu0515workout/tsenyu0515workout_whole_session_20260515_200226.csv,yentsen0515workout,one_arm_db_row,0,2,73790,74219,73822,74264,0.8376
datasets/workout/tsenyu0515workout/tsenyu0515workout_whole_session_20260515_200226.csv,yentsen0515workout,one_arm_db_row,0,3,74219,74607,74264,74620,0.8554
datasets/workout/tsenyu0515workout/tsenyu0515workout_whole_session_20260515_200226.csv,yentsen0515workout,one_arm_db_row,0,4,74607,75092,74620,75073,0.934
datasets/workout/tsenyu0515workout/tsenyu0515workout_whole_session_20260515_200226.csv,yentsen0515workout,one_arm_db_row,0,5,75092,75494,75073,75468,0.8931
datasets/workout/tsenyu0515workout/tsenyu0515workout_whole_session_20260515_200226.csv,yentsen0515workout,one_arm_db_row,0,6,75494,76002,75468,75960,0.8727
datasets/workout/tsenyu0515workout/tsenyu0515workout_whole_session_20260515_200226.csv,yentsen0515workout,one_arm_db_row,0,7,76002,76588,75960,76423,0.6704
datasets/workout/tsenyu0515workout/tsenyu0515workout_whole_session_20260515_200226.csv,yentsen0515workout,one_arm_db_row,0,8,76588,77028,76795,77033,0.5236
datasets/workout/tsenyu0515workout/tsenyu0515workout_whole_session_20260515_200226.csv,yentsen0515workout,one_arm_db_row,0,9,77028,77461,77033,77417,0.8868
datasets/workout/tsenyu0515workout/tsenyu0515workout_whole_session_20260515_200226.csv,yentsen0515workout,one_arm_db_row,0,10,77461,77856,77417,77871,0.87
datasets/workout/tsenyu0515workout/tsenyu0515workout_whole_session_20260515_200226.csv,yentsen0515workout,one_arm_db_row,0,11,77856,78313,77871,78313,0.9672
datasets/workout/tsenyu0515workout/tsenyu0515workout_whole_session_20260515_200226.csv,yentsen0515workout,one_arm_db_row,1,0,89676,90022,89676,90061,0.8987
datasets/workout/tsenyu0515workout/tsenyu0515workout_whole_session_20260515_200226.csv,yentsen0515workout,one_arm_db_row,1,1,90022,90512,90061,90554,0.8477
datasets/workout/tsenyu0515workout/tsenyu0515workout_whole_session_20260515_200226.csv,yentsen0515workout,one_arm_db_row,1,2,90512,91062,90554,91110,0.8495
datasets/workout/tsenyu0515workout/tsenyu0515workout_whole_session_20260515_200226.csv,yentsen0515workout,one_arm_db_row,1,3,91062,91581,91110,91586,0.8989
datasets/workout/tsenyu0515workout/tsenyu0515workout_whole_session_20260515_200226.csv,yentsen0515workout,one_arm_db_row,1,4,91581,92048,91586,91980,0.8437
datasets/workout/tsenyu0515workout/tsenyu0515workout_whole_session_20260515_200226.csv,yentsen0515workout,one_arm_db_row,1,5,92048,92438,91980,92492,0.7617
datasets/workout/tsenyu0515workout/tsenyu0515workout_whole_session_20260515_200226.csv,yentsen0515workout,one_arm_db_row,1,6,92438,92919,92492,93295,0.4982
datasets/workout/tsenyu0515workout/tsenyu0515workout_whole_session_20260515_200226.csv,yentsen0515workout,one_arm_db_row,1,7,92919,93352,92492,93295,0.4372
datasets/workout/tsenyu0515workout/tsenyu0515workout_whole_session_20260515_200226.csv,yentsen0515workout,one_arm_db_row,1,8,93352,93790,93295,93762,0.8283
datasets/workout/tsenyu0515workout/tsenyu0515workout_whole_session_20260515_200226.csv,yentsen0515workout,one_arm_db_row,1,9,93790,94270,93762,94193,0.7933
datasets/workout/tsenyu0515workout/tsenyu0515workout_whole_session_20260515_200226.csv,yentsen0515workout,one_arm_db_row,1,10,94270,94803,94193,94704,0.7115
datasets/workout/tsenyu0515workout/tsenyu0515workout_whole_session_20260515_200226.csv,yentsen0515workout,one_arm_db_row,1,11,94803,95111,94704,95111,0.7568
datasets/workout/tsenyu0515workout/tsenyu0515workout_whole_session_20260515_200226.csv,yentsen0515workout,one_arm_db_row,2,0,103564,103874,103564,103944,0.8158
datasets/workout/tsenyu0515workout/tsenyu0515workout_whole_session_20260515_200226.csv,yentsen0515workout,one_arm_db_row,2,1,103874,104394,103944,104453,0.7772
datasets/workout/tsenyu0515workout/tsenyu0515workout_whole_session_20260515_200226.csv,yentsen0515workout,one_arm_db_row,2,2,104394,104899,104453,104812,0.7109
datasets/workout/tsenyu0515workout/tsenyu0515workout_whole_session_20260515_200226.csv,yentsen0515workout,one_arm_db_row,2,3,104899,105385,104812,105404,0.8209
datasets/workout/tsenyu0515workout/tsenyu0515workout_whole_session_20260515_200226.csv,yentsen0515workout,one_arm_db_row,2,4,105385,105861,105404,105784,0.7983
datasets/workout/tsenyu0515workout/tsenyu0515workout_whole_session_20260515_200226.csv,yentsen0515workout,one_arm_db_row,2,5,105861,106343,105784,106273,0.737
datasets/workout/tsenyu0515workout/tsenyu0515workout_whole_session_20260515_200226.csv,yentsen0515workout,one_arm_db_row,2,6,106343,106806,106273,106761,0.7842
datasets/workout/tsenyu0515workout/tsenyu0515workout_whole_session_20260515_200226.csv,yentsen0515workout,one_arm_db_row,2,7,106806,107301,106761,107279,0.8759
datasets/workout/tsenyu0515workout/tsenyu0515workout_whole_session_20260515_200226.csv,yentsen0515workout,one_arm_db_row,2,8,107301,107793,107279,107703,0.7821
datasets/workout/tsenyu0515workout/tsenyu0515workout_whole_session_20260515_200226.csv,yentsen0515workout,one_arm_db_row,2,9,107793,108166,107703,108201,0.749
datasets/workout/tsenyu0515workout/tsenyu0515workout_whole_session_20260515_200226.csv,yentsen0515workout,one_arm_db_row,2,10,108166,108655,108201,108564,0.7423
datasets/workout/tsenyu0515workout/tsenyu0515workout_whole_session_20260515_200226.csv,yentsen0515workout,one_arm_db_row,2,11,108655,108933,108564,108933,0.7534
datasets/workout/tsenyu0515workout/tsenyu0515workout_whole_session_20260515_200226.csv,yentsen0515workout,db_rdl,0,0,141125,141610,141125,141995,0.5575
datasets/workout/tsenyu0515workout/tsenyu0515workout_whole_session_20260515_200226.csv,yentsen0515workout,db_rdl,0,1,141610,142346,141995,142416,0.4355
datasets/workout/tsenyu0515workout/tsenyu0515workout_whole_session_20260515_200226.csv,yentsen0515workout,db_rdl,0,2,142346,143031,142416,143250,0.6803
datasets/workout/tsenyu0515workout/tsenyu0515workout_whole_session_20260515_200226.csv,yentsen0515workout,db_rdl,0,3,143031,143774,143250,143887,0.6121
datasets/workout/tsenyu0515workout/tsenyu0515workout_whole_session_20260515_200226.csv,yentsen0515workout,db_rdl,0,4,143774,144468,143887,144528,0.7706
datasets/workout/tsenyu0515workout/tsenyu0515workout_whole_session_20260515_200226.csv,yentsen0515workout,db_rdl,0,5,144468,145207,144528,144908,0.5142
datasets/workout/tsenyu0515workout/tsenyu0515workout_whole_session_20260515_200226.csv,yentsen0515workout,db_rdl,0,6,145207,145883,145506,146351,0.3295
datasets/workout/tsenyu0515workout/tsenyu0515workout_whole_session_20260515_200226.csv,yentsen0515workout,db_rdl,0,7,145883,146649,145506,146351,0.4094
datasets/workout/tsenyu0515workout/tsenyu0515workout_whole_session_20260515_200226.csv,yentsen0515workout,db_rdl,0,8,146649,147322,146351,147037,0.3996
datasets/workout/tsenyu0515workout/tsenyu0515workout_whole_session_20260515_200226.csv,yentsen0515workout,db_rdl,0,9,147322,147961,147473,148117,0.6138
datasets/workout/tsenyu0515workout/tsenyu0515workout_whole_session_20260515_200226.csv,yentsen0515workout,db_rdl,0,10,147961,148579,148117,148948,0.4681
datasets/workout/tsenyu0515workout/tsenyu0515workout_whole_session_20260515_200226.csv,yentsen0515workout,db_rdl,0,11,148579,148948,148117,148948,0.444
datasets/workout/tsenyu0515workout/tsenyu0515workout_whole_session_20260515_200226.csv,yentsen0515workout,db_rdl,1,0,163722,164217,163722,164640,0.5392
datasets/workout/tsenyu0515workout/tsenyu0515workout_whole_session_20260515_200226.csv,yentsen0515workout,db_rdl,1,1,164217,164922,163722,164640,0.3525
datasets/workout/tsenyu0515workout/tsenyu0515workout_whole_session_20260515_200226.csv,yentsen0515workout,db_rdl,1,2,164922,165684,164640,165426,0.4828
datasets/workout/tsenyu0515workout/tsenyu0515workout_whole_session_20260515_200226.csv,yentsen0515workout,db_rdl,1,3,165684,166500,165426,166131,0.4162
datasets/workout/tsenyu0515workout/tsenyu0515workout_whole_session_20260515_200226.csv,yentsen0515workout,db_rdl,1,4,166500,167252,166866,167400,0.4289
datasets/workout/tsenyu0515workout/tsenyu0515workout_whole_session_20260515_200226.csv,yentsen0515workout,db_rdl,1,5,167252,167934,167400,167989,0.7246
datasets/workout/tsenyu0515workout/tsenyu0515workout_whole_session_20260515_200226.csv,yentsen0515workout,db_rdl,1,6,167934,168670,167989,168900,0.705
datasets/workout/tsenyu0515workout/tsenyu0515workout_whole_session_20260515_200226.csv,yentsen0515workout,db_rdl,1,7,168670,169401,168900,169555,0.5661
datasets/workout/tsenyu0515workout/tsenyu0515workout_whole_session_20260515_200226.csv,yentsen0515workout,db_rdl,1,8,169401,170191,169555,170114,0.7076
datasets/workout/tsenyu0515workout/tsenyu0515workout_whole_session_20260515_200226.csv,yentsen0515workout,db_rdl,1,9,170191,170990,170114,171181,0.7488
datasets/workout/tsenyu0515workout/tsenyu0515workout_whole_session_20260515_200226.csv,yentsen0515workout,db_rdl,1,10,170990,171842,171181,171838,0.7711
datasets/workout/tsenyu0515workout/tsenyu0515workout_whole_session_20260515_200226.csv,yentsen0515workout,db_rdl,1,11,171842,172447,171838,172447,0.9934
datasets/workout/tsenyu0515workout/tsenyu0515workout_whole_session_20260515_200226.csv,yentsen0515workout,db_rdl,2,0,187841,188256,187841,188256,1.0
datasets/workout/tsenyu0515workout/tsenyu0515workout_whole_session_20260515_200226.csv,yentsen0515workout,db_rdl,2,1,188256,188885,188256,188642,0.6137
datasets/workout/tsenyu0515workout/tsenyu0515workout_whole_session_20260515_200226.csv,yentsen0515workout,db_rdl,2,2,188885,189661,189190,189634,0.5722
datasets/workout/tsenyu0515workout/tsenyu0515workout_whole_session_20260515_200226.csv,yentsen0515workout,db_rdl,2,3,189661,190349,189888,190461,0.5763
datasets/workout/tsenyu0515workout/tsenyu0515workout_whole_session_20260515_200226.csv,yentsen0515workout,db_rdl,2,4,190349,191087,190461,190827,0.4959
datasets/workout/tsenyu0515workout/tsenyu0515workout_whole_session_20260515_200226.csv,yentsen0515workout,db_rdl,2,5,191087,192017,191060,191722,0.6635
datasets/workout/tsenyu0515workout/tsenyu0515workout_whole_session_20260515_200226.csv,yentsen0515workout,db_rdl,2,6,192017,192894,192161,192537,0.4287
datasets/workout/tsenyu0515workout/tsenyu0515workout_whole_session_20260515_200226.csv,yentsen0515workout,db_rdl,3,0,212309,212711,212309,213027,0.5599
datasets/workout/tsenyu0515workout/tsenyu0515workout_whole_session_20260515_200226.csv,yentsen0515workout,db_rdl,3,1,212711,213294,212309,213027,0.3208
datasets/workout/tsenyu0515workout/tsenyu0515workout_whole_session_20260515_200226.csv,yentsen0515workout,db_rdl,3,2,213294,213928,213027,213691,0.4406
datasets/workout/tsenyu0515workout/tsenyu0515workout_whole_session_20260515_200226.csv,yentsen0515workout,db_rdl,3,3,213928,214642,214173,215060,0.4143
datasets/workout/tsenyu0515workout/tsenyu0515workout_whole_session_20260515_200226.csv,yentsen0515workout,db_rdl,3,4,214642,215376,214173,215060,0.3475
datasets/workout/tsenyu0515workout/tsenyu0515workout_whole_session_20260515_200226.csv,yentsen0515workout,db_rdl,3,5,215376,215939,215637,216201,0.3661
datasets/workout/tsenyu0515workout/tsenyu0515workout_whole_session_20260515_200226.csv,yentsen0515workout,db_rdl,3,6,215939,216646,216201,216661,0.6163
datasets/workout/tsenyu0515workout/tsenyu0515workout_whole_session_20260515_200226.csv,yentsen0515workout,db_rdl,3,7,216646,217428,216661,217686,0.7375
datasets/workout/tsenyu0515workout/tsenyu0515workout_whole_session_20260515_200226.csv,yentsen0515workout,db_rdl,3,8,217428,218056,217686,218072,0.5745
datasets/workout/tsenyu0515workout/tsenyu0515workout_whole_session_20260515_200226.csv,yentsen0515workout,db_rdl,3,9,218056,218743,218072,218935,0.7634
datasets/workout/tsenyu0515workout/tsenyu0515workout_whole_session_20260515_200226.csv,yentsen0515workout,db_rdl,3,10,218743,219430,218935,219390,0.6623
datasets/workout/tsenyu0515workout/tsenyu0515workout_whole_session_20260515_200226.csv,yentsen0515workout,db_rdl,3,11,219430,220066,219390,220066,0.9408
datasets/workout/tsenyu0515workout/tsenyu0515workout_whole_session_20260515_200226.csv,yentsen0515workout,db_weighted_crunch,0,0,231859,232172,231859,232297,0.7146
datasets/workout/tsenyu0515workout/tsenyu0515workout_whole_session_20260515_200226.csv,yentsen0515workout,db_weighted_crunch,0,1,232172,232432,232297,232603,0.3132
datasets/workout/tsenyu0515workout/tsenyu0515workout_whole_session_20260515_200226.csv,yentsen0515workout,db_weighted_crunch,0,2,232432,232756,232297,232603,0.3725
datasets/workout/tsenyu0515workout/tsenyu0515workout_whole_session_20260515_200226.csv,yentsen0515workout,db_weighted_crunch,0,3,232756,233064,232913,233094,0.4467
datasets/workout/tsenyu0515workout/tsenyu0515workout_whole_session_20260515_200226.csv,yentsen0515workout,db_weighted_crunch,0,4,233064,233417,233094,233420,0.9073
datasets/workout/tsenyu0515workout/tsenyu0515workout_whole_session_20260515_200226.csv,yentsen0515workout,db_weighted_crunch,0,5,233417,233757,233420,233779,0.9309
datasets/workout/tsenyu0515workout/tsenyu0515workout_whole_session_20260515_200226.csv,yentsen0515workout,db_weighted_crunch,0,6,233757,234156,233779,234173,0.9062
datasets/workout/tsenyu0515workout/tsenyu0515workout_whole_session_20260515_200226.csv,yentsen0515workout,db_weighted_crunch,0,7,234156,234503,234173,234474,0.8674
datasets/workout/tsenyu0515workout/tsenyu0515workout_whole_session_20260515_200226.csv,yentsen0515workout,db_weighted_crunch,0,8,234503,234812,234474,234818,0.8983
datasets/workout/tsenyu0515workout/tsenyu0515workout_whole_session_20260515_200226.csv,yentsen0515workout,db_weighted_crunch,0,9,234812,235120,234818,235160,0.8678
datasets/workout/tsenyu0515workout/tsenyu0515workout_whole_session_20260515_200226.csv,yentsen0515workout,db_weighted_crunch,0,10,235120,235497,235160,235492,0.8806
datasets/workout/tsenyu0515workout/tsenyu0515workout_whole_session_20260515_200226.csv,yentsen0515workout,db_weighted_crunch,0,11,235497,235773,235492,235773,0.9822
datasets/workout/tsenyu0515workout/tsenyu0515workout_whole_session_20260515_200226.csv,yentsen0515workout,db_weighted_crunch,1,0,249585,249864,249585,250004,0.6659
datasets/workout/tsenyu0515workout/tsenyu0515workout_whole_session_20260515_200226.csv,yentsen0515workout,db_weighted_crunch,1,1,249864,250189,250004,250199,0.5522
datasets/workout/tsenyu0515workout/tsenyu0515workout_whole_session_20260515_200226.csv,yentsen0515workout,db_weighted_crunch,1,2,250189,250554,250199,250554,0.9726
datasets/workout/tsenyu0515workout/tsenyu0515workout_whole_session_20260515_200226.csv,yentsen0515workout,db_weighted_crunch,1,3,250554,250876,250554,250902,0.9253
datasets/workout/tsenyu0515workout/tsenyu0515workout_whole_session_20260515_200226.csv,yentsen0515workout,db_weighted_crunch,1,4,250876,251253,250902,251229,0.8674
datasets/workout/tsenyu0515workout/tsenyu0515workout_whole_session_20260515_200226.csv,yentsen0515workout,db_weighted_crunch,1,5,251253,251556,251229,251537,0.8685
datasets/workout/tsenyu0515workout/tsenyu0515workout_whole_session_20260515_200226.csv,yentsen0515workout,db_weighted_crunch,1,6,251556,251850,251537,251881,0.8547
datasets/workout/tsenyu0515workout/tsenyu0515workout_whole_session_20260515_200226.csv,yentsen0515workout,db_weighted_crunch,1,7,251850,252177,251881,252223,0.7936
datasets/workout/tsenyu0515workout/tsenyu0515workout_whole_session_20260515_200226.csv,yentsen0515workout,db_weighted_crunch,1,8,252177,252516,252223,252513,0.8555
datasets/workout/tsenyu0515workout/tsenyu0515workout_whole_session_20260515_200226.csv,yentsen0515workout,db_weighted_crunch,1,9,252516,252872,252513,252895,0.9319
datasets/workout/tsenyu0515workout/tsenyu0515workout_whole_session_20260515_200226.csv,yentsen0515workout,db_weighted_crunch,1,10,252872,253219,252895,253229,0.9076
datasets/workout/tsenyu0515workout/tsenyu0515workout_whole_session_20260515_200226.csv,yentsen0515workout,db_weighted_crunch,1,11,253219,253530,253229,253530,0.9678
datasets/workout/tsenyu0515workout/tsenyu0515workout_whole_session_20260515_200226.csv,yentsen0515workout,db_weighted_crunch,2,0,260097,260389,260097,260400,0.9637
datasets/workout/tsenyu0515workout/tsenyu0515workout_whole_session_20260515_200226.csv,yentsen0515workout,db_weighted_crunch,2,1,260389,260724,260400,260721,0.9582
datasets/workout/tsenyu0515workout/tsenyu0515workout_whole_session_20260515_200226.csv,yentsen0515workout,db_weighted_crunch,2,2,260724,261031,260721,261050,0.9331
datasets/workout/tsenyu0515workout/tsenyu0515workout_whole_session_20260515_200226.csv,yentsen0515workout,db_weighted_crunch,2,3,261031,261349,261050,261385,0.8446
datasets/workout/tsenyu0515workout/tsenyu0515workout_whole_session_20260515_200226.csv,yentsen0515workout,db_weighted_crunch,2,4,261349,261686,261385,261701,0.8551
datasets/workout/tsenyu0515workout/tsenyu0515workout_whole_session_20260515_200226.csv,yentsen0515workout,db_weighted_crunch,2,5,261686,262044,261701,262056,0.927
datasets/workout/tsenyu0515workout/tsenyu0515workout_whole_session_20260515_200226.csv,yentsen0515workout,db_weighted_crunch,2,6,262044,262400,262056,262422,0.9101
datasets/workout/tsenyu0515workout/tsenyu0515workout_whole_session_20260515_200226.csv,yentsen0515workout,db_weighted_crunch,2,7,262400,262719,262422,262730,0.9
datasets/workout/tsenyu0515workout/tsenyu0515workout_whole_session_20260515_200226.csv,yentsen0515workout,db_weighted_crunch,2,8,262719,263048,262730,263092,0.8525
datasets/workout/tsenyu0515workout/tsenyu0515workout_whole_session_20260515_200226.csv,yentsen0515workout,db_weighted_crunch,2,9,263048,263395,263092,263414,0.8279
datasets/workout/tsenyu0515workout/tsenyu0515workout_whole_session_20260515_200226.csv,yentsen0515workout,db_weighted_crunch,2,10,263395,263723,263414,263738,0.9009
datasets/workout/tsenyu0515workout/tsenyu0515workout_whole_session_20260515_200226.csv,yentsen0515workout,db_weighted_crunch,2,11,263723,264024,263738,264024,0.9502
datasets/workout/tsenyu0515workout/tsenyu0515workout_whole_session_20260515_200226.csv,yentsen0515workout,db_shoulder_press,0,0,294985,295321,294985,295385,0.84
datasets/workout/tsenyu0515workout/tsenyu0515workout_whole_session_20260515_200226.csv,yentsen0515workout,db_shoulder_press,0,1,295321,295790,295385,295861,0.75
datasets/workout/tsenyu0515workout/tsenyu0515workout_whole_session_20260515_200226.csv,yentsen0515workout,db_shoulder_press,0,2,295790,296283,295861,296333,0.7772
datasets/workout/tsenyu0515workout/tsenyu0515workout_whole_session_20260515_200226.csv,yentsen0515workout,db_shoulder_press,0,3,296283,296834,296333,296917,0.7902
datasets/workout/tsenyu0515workout/tsenyu0515workout_whole_session_20260515_200226.csv,yentsen0515workout,db_shoulder_press,0,4,296834,297333,296917,297377,0.7661
datasets/workout/tsenyu0515workout/tsenyu0515workout_whole_session_20260515_200226.csv,yentsen0515workout,db_shoulder_press,0,5,297333,297831,297377,297633,0.5141
datasets/workout/tsenyu0515workout/tsenyu0515workout_whole_session_20260515_200226.csv,yentsen0515workout,db_shoulder_press,0,6,297831,298299,297633,298300,0.7016
datasets/workout/tsenyu0515workout/tsenyu0515workout_whole_session_20260515_200226.csv,yentsen0515workout,db_shoulder_press,0,7,298299,298774,298300,298575,0.5789
datasets/workout/tsenyu0515workout/tsenyu0515workout_whole_session_20260515_200226.csv,yentsen0515workout,db_shoulder_press,0,8,298774,299225,298575,299057,0.4354
datasets/workout/tsenyu0515workout/tsenyu0515workout_whole_session_20260515_200226.csv,yentsen0515workout,db_shoulder_press,0,9,299225,299694,299057,299721,0.7063
datasets/workout/tsenyu0515workout/tsenyu0515workout_whole_session_20260515_200226.csv,yentsen0515workout,db_shoulder_press,0,10,299694,300200,299721,300002,0.5553
datasets/workout/tsenyu0515workout/tsenyu0515workout_whole_session_20260515_200226.csv,yentsen0515workout,db_shoulder_press,0,11,300200,300580,300002,300580,0.6574
datasets/workout/tsenyu0515workout/tsenyu0515workout_whole_session_20260515_200226.csv,yentsen0515workout,db_shoulder_press,1,0,307673,307983,307673,308252,0.5354
datasets/workout/tsenyu0515workout/tsenyu0515workout_whole_session_20260515_200226.csv,yentsen0515workout,db_shoulder_press,1,1,307983,308392,307673,308252,0.3741
datasets/workout/tsenyu0515workout/tsenyu0515workout_whole_session_20260515_200226.csv,yentsen0515workout,db_shoulder_press,1,2,308392,308819,308252,308861,0.7011
datasets/workout/tsenyu0515workout/tsenyu0515workout_whole_session_20260515_200226.csv,yentsen0515workout,db_shoulder_press,1,3,308819,309298,308861,309392,0.7627
datasets/workout/tsenyu0515workout/tsenyu0515workout_whole_session_20260515_200226.csv,yentsen0515workout,db_shoulder_press,1,4,309298,309817,309392,309868,0.7456
datasets/workout/tsenyu0515workout/tsenyu0515workout_whole_session_20260515_200226.csv,yentsen0515workout,db_shoulder_press,1,5,309817,310279,309868,310358,0.7597
datasets/workout/tsenyu0515workout/tsenyu0515workout_whole_session_20260515_200226.csv,yentsen0515workout,db_shoulder_press,1,6,310279,310808,310358,310814,0.8411
datasets/workout/tsenyu0515workout/tsenyu0515workout_whole_session_20260515_200226.csv,yentsen0515workout,db_shoulder_press,1,7,310808,311312,310814,311386,0.8616
datasets/workout/tsenyu0515workout/tsenyu0515workout_whole_session_20260515_200226.csv,yentsen0515workout,db_shoulder_press,1,8,311312,311849,311386,311915,0.7678
datasets/workout/tsenyu0515workout/tsenyu0515workout_whole_session_20260515_200226.csv,yentsen0515workout,db_shoulder_press,1,9,311849,312396,311915,312438,0.8166
datasets/workout/tsenyu0515workout/tsenyu0515workout_whole_session_20260515_200226.csv,yentsen0515workout,db_shoulder_press,1,10,312396,312941,312438,313049,0.7703
datasets/workout/tsenyu0515workout/tsenyu0515workout_whole_session_20260515_200226.csv,yentsen0515workout,db_shoulder_press,1,11,312941,313393,313049,313393,0.7611
datasets/workout/tsenyu0515workout/tsenyu0515workout_whole_session_20260515_200226.csv,yentsen0515workout,db_shoulder_press,2,0,324765,325110,324765,325349,0.5908
datasets/workout/tsenyu0515workout/tsenyu0515workout_whole_session_20260515_200226.csv,yentsen0515workout,db_shoulder_press,2,1,325110,325535,324765,325349,0.3104
datasets/workout/tsenyu0515workout/tsenyu0515workout_whole_session_20260515_200226.csv,yentsen0515workout,db_shoulder_press,2,2,325535,325990,325349,325762,0.3541
datasets/workout/tsenyu0515workout/tsenyu0515workout_whole_session_20260515_200226.csv,yentsen0515workout,db_shoulder_press,2,3,325990,326489,326220,326730,0.3635
datasets/workout/tsenyu0515workout/tsenyu0515workout_whole_session_20260515_200226.csv,yentsen0515workout,db_shoulder_press,2,4,326489,326942,326220,326730,0.3338
datasets/workout/tsenyu0515workout/tsenyu0515workout_whole_session_20260515_200226.csv,yentsen0515workout,db_shoulder_press,2,5,326942,327420,326730,327421,0.6918
datasets/workout/tsenyu0515workout/tsenyu0515workout_whole_session_20260515_200226.csv,yentsen0515workout,db_shoulder_press,2,6,327420,327899,327421,327957,0.8901
datasets/workout/tsenyu0515workout/tsenyu0515workout_whole_session_20260515_200226.csv,yentsen0515workout,db_shoulder_press,2,7,327899,328415,327957,328457,0.8208
datasets/workout/tsenyu0515workout/tsenyu0515workout_whole_session_20260515_200226.csv,yentsen0515workout,db_shoulder_press,2,8,328415,328994,328457,328951,0.8532
datasets/workout/tsenyu0515workout/tsenyu0515workout_whole_session_20260515_200226.csv,yentsen0515workout,db_shoulder_press,2,9,328994,329465,328951,329462,0.9105
datasets/workout/tsenyu0515workout/tsenyu0515workout_whole_session_20260515_200226.csv,yentsen0515workout,db_shoulder_press,2,10,329465,329948,329462,329929,0.9547
datasets/workout/tsenyu0515workout/tsenyu0515workout_whole_session_20260515_200226.csv,yentsen0515workout,db_shoulder_press,2,11,329948,330324,329929,330324,0.9519
datasets/workout/tsenyu0515workout/tsenyu0515workout_whole_session_20260515_200226.csv,yentsen0515workout,db_biceps_curl,0,0,351600,352035,351600,352250,0.6692
datasets/workout/tsenyu0515workout/tsenyu0515workout_whole_session_20260515_200226.csv,yentsen0515workout,db_biceps_curl,0,1,352035,352502,352250,352707,0.375
datasets/workout/tsenyu0515workout/tsenyu0515workout_whole_session_20260515_200226.csv,yentsen0515workout,db_biceps_curl,0,2,352502,353026,352707,353306,0.3968
datasets/workout/tsenyu0515workout/tsenyu0515workout_whole_session_20260515_200226.csv,yentsen0515workout,db_biceps_curl,0,3,353026,353577,353306,353797,0.3515
datasets/workout/tsenyu0515workout/tsenyu0515workout_whole_session_20260515_200226.csv,yentsen0515workout,db_biceps_curl,0,4,353577,354137,353797,354415,0.4057
datasets/workout/tsenyu0515workout/tsenyu0515workout_whole_session_20260515_200226.csv,yentsen0515workout,db_biceps_curl,0,5,354137,354711,354415,354932,0.3723
datasets/workout/tsenyu0515workout/tsenyu0515workout_whole_session_20260515_200226.csv,yentsen0515workout,db_biceps_curl,0,6,354711,355268,354932,355542,0.4043
datasets/workout/tsenyu0515workout/tsenyu0515workout_whole_session_20260515_200226.csv,yentsen0515workout,db_biceps_curl,0,7,355268,355838,355542,356140,0.3394
datasets/workout/tsenyu0515workout/tsenyu0515workout_whole_session_20260515_200226.csv,yentsen0515workout,db_biceps_curl,0,8,355838,356403,355542,356140,0.3508
datasets/workout/tsenyu0515workout/tsenyu0515workout_whole_session_20260515_200226.csv,yentsen0515workout,db_biceps_curl,0,9,356403,357022,356706,357034,0.5008
datasets/workout/tsenyu0515workout/tsenyu0515workout_whole_session_20260515_200226.csv,yentsen0515workout,db_biceps_curl,0,10,357022,357663,357034,357677,0.9603
datasets/workout/tsenyu0515workout/tsenyu0515workout_whole_session_20260515_200226.csv,yentsen0515workout,db_biceps_curl,0,11,357663,358175,357677,358175,0.9727
datasets/workout/tsenyu0515workout/tsenyu0515workout_whole_session_20260515_200226.csv,yentsen0515workout,db_biceps_curl,1,0,366571,366955,366571,367192,0.6184
datasets/workout/tsenyu0515workout/tsenyu0515workout_whole_session_20260515_200226.csv,yentsen0515workout,db_biceps_curl,1,1,366955,367467,367192,367669,0.3852
datasets/workout/tsenyu0515workout/tsenyu0515workout_whole_session_20260515_200226.csv,yentsen0515workout,db_biceps_curl,1,2,367467,367925,367669,368171,0.3636
datasets/workout/tsenyu0515workout/tsenyu0515workout_whole_session_20260515_200226.csv,yentsen0515workout,db_biceps_curl,1,3,367925,368378,367669,368171,0.347
datasets/workout/tsenyu0515workout/tsenyu0515workout_whole_session_20260515_200226.csv,yentsen0515workout,db_biceps_curl,1,4,368378,368914,368171,368639,0.3513
datasets/workout/tsenyu0515workout/tsenyu0515workout_whole_session_20260515_200226.csv,yentsen0515workout,db_biceps_curl,1,5,368914,369461,368639,369202,0.3504
datasets/workout/tsenyu0515workout/tsenyu0515workout_whole_session_20260515_200226.csv,yentsen0515workout,db_biceps_curl,1,6,369461,369995,369691,370287,0.368
datasets/workout/tsenyu0515workout/tsenyu0515workout_whole_session_20260515_200226.csv,yentsen0515workout,db_biceps_curl,1,7,369995,370572,370287,370605,0.4672
datasets/workout/tsenyu0515workout/tsenyu0515workout_whole_session_20260515_200226.csv,yentsen0515workout,db_biceps_curl,1,8,370572,371239,370605,371197,0.8876
datasets/workout/tsenyu0515workout/tsenyu0515workout_whole_session_20260515_200226.csv,yentsen0515workout,db_biceps_curl,1,9,371239,371869,371197,371532,0.436
datasets/workout/tsenyu0515workout/tsenyu0515workout_whole_session_20260515_200226.csv,yentsen0515workout,db_biceps_curl,1,10,371869,372130,371532,372130,0.4365
datasets/workout/tsenyu0515workout/tsenyu0515workout_whole_session_20260515_200226.csv,yentsen0515workout,db_biceps_curl,2,0,399016,399401,399016,399384,0.9558
datasets/workout/tsenyu0515workout/tsenyu0515workout_whole_session_20260515_200226.csv,yentsen0515workout,db_biceps_curl,2,1,399401,399852,399384,399866,0.9357
datasets/workout/tsenyu0515workout/tsenyu0515workout_whole_session_20260515_200226.csv,yentsen0515workout,db_biceps_curl,2,2,399852,400313,399866,400383,0.8418
datasets/workout/tsenyu0515workout/tsenyu0515workout_whole_session_20260515_200226.csv,yentsen0515workout,db_biceps_curl,2,3,400313,400819,400383,401063,0.5813
datasets/workout/tsenyu0515workout/tsenyu0515workout_whole_session_20260515_200226.csv,yentsen0515workout,db_biceps_curl,2,4,400819,401351,401063,401592,0.3726
datasets/workout/tsenyu0515workout/tsenyu0515workout_whole_session_20260515_200226.csv,yentsen0515workout,db_biceps_curl,2,5,401351,401857,401063,401592,0.3035
datasets/workout/tsenyu0515workout/tsenyu0515workout_whole_session_20260515_200226.csv,yentsen0515workout,db_biceps_curl,2,6,401857,402609,402272,402582,0.4122
datasets/workout/tsenyu0515workout/tsenyu0515workout_whole_session_20260515_200226.csv,yentsen0515workout,db_biceps_curl,2,7,402609,403238,402582,403142,0.8125
datasets/workout/tsenyu0515workout/tsenyu0515workout_whole_session_20260515_200226.csv,yentsen0515workout,db_biceps_curl,2,8,403238,403790,403142,403717,0.7392
datasets/workout/tsenyu0515workout/tsenyu0515workout_whole_session_20260515_200226.csv,yentsen0515workout,db_biceps_curl,2,9,403790,404288,403717,404223,0.7583
datasets/workout/tsenyu0515workout/tsenyu0515workout_whole_session_20260515_200226.csv,yentsen0515workout,db_biceps_curl,2,10,404288,404794,404223,404780,0.8616
datasets/workout/tsenyu0515workout/tsenyu0515workout_whole_session_20260515_200226.csv,yentsen0515workout,db_biceps_curl,2,11,404794,405182,404780,405182,0.9652
datasets/workout/tsenyu0515workout/tsenyu0515workout_whole_session_20260515_200226.csv,yentsen0515workout,db_triceps_curl,0,0,420658,420955,420658,421109,0.6585
datasets/workout/tsenyu0515workout/tsenyu0515workout_whole_session_20260515_200226.csv,yentsen0515workout,db_triceps_curl,0,1,420955,421283,421109,421526,0.3047
datasets/workout/tsenyu0515workout/tsenyu0515workout_whole_session_20260515_200226.csv,yentsen0515workout,db_triceps_curl,0,2,421283,421684,421109,421526,0.4226
datasets/workout/tsenyu0515workout/tsenyu0515workout_whole_session_20260515_200226.csv,yentsen0515workout,db_triceps_curl,0,3,421684,422063,421526,421917,0.4339
datasets/workout/tsenyu0515workout/tsenyu0515workout_whole_session_20260515_200226.csv,yentsen0515workout,db_triceps_curl,0,4,422063,422482,421917,422282,0.3876
datasets/workout/tsenyu0515workout/tsenyu0515workout_whole_session_20260515_200226.csv,yentsen0515workout,db_triceps_curl,0,5,422482,422897,422675,422924,0.5023
datasets/workout/tsenyu0515workout/tsenyu0515workout_whole_session_20260515_200226.csv,yentsen0515workout,db_triceps_curl,0,6,422897,423256,422924,423307,0.8098
datasets/workout/tsenyu0515workout/tsenyu0515workout_whole_session_20260515_200226.csv,yentsen0515workout,db_triceps_curl,0,7,423256,423691,423307,423714,0.8384
datasets/workout/tsenyu0515workout/tsenyu0515workout_whole_session_20260515_200226.csv,yentsen0515workout,db_triceps_curl,0,8,423691,424089,423714,424134,0.8465
datasets/workout/tsenyu0515workout/tsenyu0515workout_whole_session_20260515_200226.csv,yentsen0515workout,db_triceps_curl,0,9,424089,424458,424134,424476,0.8372
datasets/workout/tsenyu0515workout/tsenyu0515workout_whole_session_20260515_200226.csv,yentsen0515workout,db_triceps_curl,0,10,424458,424835,424476,424727,0.6658
datasets/workout/tsenyu0515workout/tsenyu0515workout_whole_session_20260515_200226.csv,yentsen0515workout,db_triceps_curl,0,11,424835,425210,424727,425210,0.7764
datasets/workout/tsenyu0515workout/tsenyu0515workout_whole_session_20260515_200226.csv,yentsen0515workout,db_triceps_curl,1,0,433521,433806,433521,434008,0.5852
datasets/workout/tsenyu0515workout/tsenyu0515workout_whole_session_20260515_200226.csv,yentsen0515workout,db_triceps_curl,1,1,433806,434154,433521,434008,0.3191
datasets/workout/tsenyu0515workout/tsenyu0515workout_whole_session_20260515_200226.csv,yentsen0515workout,db_triceps_curl,1,2,434154,434508,434008,434400,0.492
datasets/workout/tsenyu0515workout/tsenyu0515workout_whole_session_20260515_200226.csv,yentsen0515workout,db_triceps_curl,1,3,434508,434876,434400,434726,0.458
datasets/workout/tsenyu0515workout/tsenyu0515workout_whole_session_20260515_200226.csv,yentsen0515workout,db_triceps_curl,1,4,434876,435260,434726,435116,0.4494
datasets/workout/tsenyu0515workout/tsenyu0515workout_whole_session_20260515_200226.csv,yentsen0515workout,db_triceps_curl,1,5,435260,435653,435335,435931,0.4739
datasets/workout/tsenyu0515workout/tsenyu0515workout_whole_session_20260515_200226.csv,yentsen0515workout,db_triceps_curl,1,6,435653,436084,435335,435931,0.3712
datasets/workout/tsenyu0515workout/tsenyu0515workout_whole_session_20260515_200226.csv,yentsen0515workout,db_triceps_curl,1,7,436084,436467,435931,436326,0.4515
datasets/workout/tsenyu0515workout/tsenyu0515workout_whole_session_20260515_200226.csv,yentsen0515workout,db_triceps_curl,1,8,436467,436872,436326,436716,0.456
datasets/workout/tsenyu0515workout/tsenyu0515workout_whole_session_20260515_200226.csv,yentsen0515workout,db_triceps_curl,1,9,436872,437284,436716,437099,0.3996
datasets/workout/tsenyu0515workout/tsenyu0515workout_whole_session_20260515_200226.csv,yentsen0515workout,db_triceps_curl,1,10,437284,437684,437343,437763,0.7119
datasets/workout/tsenyu0515workout/tsenyu0515workout_whole_session_20260515_200226.csv,yentsen0515workout,db_triceps_curl,1,11,437684,438120,437763,438120,0.8188
datasets/workout/tsenyu0515workout/tsenyu0515workout_whole_session_20260515_200226.csv,yentsen0515workout,db_triceps_curl,2,0,445503,445831,445503,445839,0.9762
datasets/workout/tsenyu0515workout/tsenyu0515workout_whole_session_20260515_200226.csv,yentsen0515workout,db_triceps_curl,2,1,445831,446185,445839,446438,0.57
datasets/workout/tsenyu0515workout/tsenyu0515workout_whole_session_20260515_200226.csv,yentsen0515workout,db_triceps_curl,2,2,446185,446598,445839,446438,0.3333
datasets/workout/tsenyu0515workout/tsenyu0515workout_whole_session_20260515_200226.csv,yentsen0515workout,db_triceps_curl,2,3,446598,446986,446438,446828,0.4197
datasets/workout/tsenyu0515workout/tsenyu0515workout_whole_session_20260515_200226.csv,yentsen0515workout,db_triceps_curl,2,4,446986,447390,446828,447209,0.3968
datasets/workout/tsenyu0515workout/tsenyu0515workout_whole_session_20260515_200226.csv,yentsen0515workout,db_triceps_curl,2,5,447390,447801,447209,447601,0.3564
datasets/workout/tsenyu0515workout/tsenyu0515workout_whole_session_20260515_200226.csv,yentsen0515workout,db_triceps_curl,2,6,447801,448265,448030,448292,0.4786
datasets/workout/tsenyu0515workout/tsenyu0515workout_whole_session_20260515_200226.csv,yentsen0515workout,db_triceps_curl,2,7,448265,448674,448292,448548,0.6259
datasets/workout/tsenyu0515workout/tsenyu0515workout_whole_session_20260515_200226.csv,yentsen0515workout,db_triceps_curl,2,8,448674,449065,448548,449108,0.6982
datasets/workout/tsenyu0515workout/tsenyu0515workout_whole_session_20260515_200226.csv,yentsen0515workout,db_triceps_curl,2,9,449065,449444,449108,449480,0.8096
datasets/workout/tsenyu0515workout/tsenyu0515workout_whole_session_20260515_200226.csv,yentsen0515workout,db_triceps_curl,2,10,449444,449881,449480,449768,0.659
datasets/workout/tsenyu0515workout/tsenyu0515workout_whole_session_20260515_200226.csv,yentsen0515workout,db_triceps_curl,2,11,449881,450279,449768,450279,0.7789
datasets/workout/tsenyu0515workout/tsenyu0515workout_whole_session_20260515_200226.csv,yentsen0515workout,db_squat,0,0,469391,469674,469391,469506,0.4064
datasets/workout/tsenyu0515workout/tsenyu0515workout_whole_session_20260515_200226.csv,yentsen0515workout,db_squat,0,1,469674,470005,469664,469809,0.3959
datasets/workout/tsenyu0515workout/tsenyu0515workout_whole_session_20260515_200226.csv,yentsen0515workout,db_squat,1,0,470717,470988,470717,471412,0.3899
datasets/workout/tsenyu0515workout/tsenyu0515workout_whole_session_20260515_200226.csv,yentsen0515workout,db_squat,1,1,470988,471349,470717,471412,0.5194
datasets/workout/tsenyu0515workout/tsenyu0515workout_whole_session_20260515_200226.csv,yentsen0515workout,db_squat,1,2,471349,471705,471412,472549,0.2442
datasets/workout/tsenyu0515workout/tsenyu0515workout_whole_session_20260515_200226.csv,yentsen0515workout,db_squat,1,3,471705,472137,471412,472549,0.3799
datasets/workout/tsenyu0515workout/tsenyu0515workout_whole_session_20260515_200226.csv,yentsen0515workout,db_squat,1,4,472137,472524,471412,472549,0.3404
datasets/workout/tsenyu0515workout/tsenyu0515workout_whole_session_20260515_200226.csv,yentsen0515workout,db_squat,1,5,472524,472953,472549,473383,0.4703
datasets/workout/tsenyu0515workout/tsenyu0515workout_whole_session_20260515_200226.csv,yentsen0515workout,db_squat,1,6,472953,473310,472549,473383,0.4281
datasets/workout/tsenyu0515workout/tsenyu0515workout_whole_session_20260515_200226.csv,yentsen0515workout,db_squat,1,7,473310,473816,473383,474909,0.2708
datasets/workout/tsenyu0515workout/tsenyu0515workout_whole_session_20260515_200226.csv,yentsen0515workout,db_squat,1,8,473816,474363,473383,474909,0.3585
datasets/workout/tsenyu0515workout/tsenyu0515workout_whole_session_20260515_200226.csv,yentsen0515workout,db_squat,1,9,474363,474820,473383,474909,0.2995
datasets/workout/tsenyu0515workout/tsenyu0515workout_whole_session_20260515_200226.csv,yentsen0515workout,db_squat,1,10,474820,475255,474909,475703,0.3918
datasets/workout/tsenyu0515workout/tsenyu0515workout_whole_session_20260515_200226.csv,yentsen0515workout,db_squat,1,11,475255,475703,474909,475703,0.5642
datasets/workout/tsenyu0515workout/tsenyu0515workout_whole_session_20260515_200226.csv,yentsen0515workout,db_squat,2,0,493921,494237,493921,494715,0.398
datasets/workout/tsenyu0515workout/tsenyu0515workout_whole_session_20260515_200226.csv,yentsen0515workout,db_squat,2,1,494237,494676,493921,494715,0.5529
datasets/workout/tsenyu0515workout/tsenyu0515workout_whole_session_20260515_200226.csv,yentsen0515workout,db_squat,2,2,494676,495138,494715,495649,0.4347
datasets/workout/tsenyu0515workout/tsenyu0515workout_whole_session_20260515_200226.csv,yentsen0515workout,db_squat,2,3,495138,495597,494715,495649,0.4914
datasets/workout/tsenyu0515workout/tsenyu0515workout_whole_session_20260515_200226.csv,yentsen0515workout,db_squat,2,4,495597,496025,495649,496299,0.5356
datasets/workout/tsenyu0515workout/tsenyu0515workout_whole_session_20260515_200226.csv,yentsen0515workout,db_squat,2,5,496025,496488,495649,496299,0.3266
datasets/workout/tsenyu0515workout/tsenyu0515workout_whole_session_20260515_200226.csv,yentsen0515workout,db_squat,2,6,496488,496924,496299,497053,0.5782
datasets/workout/tsenyu0515workout/tsenyu0515workout_whole_session_20260515_200226.csv,yentsen0515workout,db_squat,2,7,496924,497359,497053,498255,0.2299
datasets/workout/tsenyu0515workout/tsenyu0515workout_whole_session_20260515_200226.csv,yentsen0515workout,db_squat,2,8,497359,497776,497053,498255,0.3469
datasets/workout/tsenyu0515workout/tsenyu0515workout_whole_session_20260515_200226.csv,yentsen0515workout,db_squat,2,9,497776,498181,497053,498255,0.3369
datasets/workout/tsenyu0515workout/tsenyu0515workout_whole_session_20260515_200226.csv,yentsen0515workout,db_squat,2,10,498181,498603,498255,498984,0.4334
datasets/workout/tsenyu0515workout/tsenyu0515workout_whole_session_20260515_200226.csv,yentsen0515workout,db_squat,2,11,498603,498984,498255,498984,0.5226
datasets/workout/tsenyu0515workout/tsenyu0515workout_whole_session_20260515_200226.csv,yentsen0515workout,db_squat,3,0,509317,509593,509317,509612,0.9356
datasets/workout/tsenyu0515workout/tsenyu0515workout_whole_session_20260515_200226.csv,yentsen0515workout,db_squat,3,1,509593,509898,509612,509968,0.7627
datasets/workout/tsenyu0515workout/tsenyu0515workout_whole_session_20260515_200226.csv,yentsen0515workout,db_squat,3,2,509898,510277,509968,510294,0.7803
datasets/workout/tsenyu0515workout/tsenyu0515workout_whole_session_20260515_200226.csv,yentsen0515workout,db_squat,3,3,510277,510643,510294,510623,0.8989
datasets/workout/tsenyu0515workout/tsenyu0515workout_whole_session_20260515_200226.csv,yentsen0515workout,db_squat,3,4,510643,510941,510623,511009,0.772
datasets/workout/tsenyu0515workout/tsenyu0515workout_whole_session_20260515_200226.csv,yentsen0515workout,db_squat,3,5,510941,511307,511009,511402,0.6464
datasets/workout/tsenyu0515workout/tsenyu0515workout_whole_session_20260515_200226.csv,yentsen0515workout,db_squat,3,6,511307,511673,511402,511726,0.6468
datasets/workout/tsenyu0515workout/tsenyu0515workout_whole_session_20260515_200226.csv,yentsen0515workout,db_squat,3,7,511673,512019,511726,512076,0.727
datasets/workout/tsenyu0515workout/tsenyu0515workout_whole_session_20260515_200226.csv,yentsen0515workout,db_squat,3,8,512019,512444,512076,512496,0.7715
datasets/workout/tsenyu0515workout/tsenyu0515workout_whole_session_20260515_200226.csv,yentsen0515workout,db_squat,3,9,512444,512836,512496,512905,0.7375
datasets/workout/tsenyu0515workout/tsenyu0515workout_whole_session_20260515_200226.csv,yentsen0515workout,db_squat,3,10,512836,513192,512905,513267,0.6659
datasets/workout/tsenyu0515workout/tsenyu0515workout_whole_session_20260515_200226.csv,yentsen0515workout,db_squat,3,11,513192,513573,513267,513573,0.8031
datasets/workout/yanz0510workout/yanz0510workout_whole_session_20260510_222208.csv,yanz0510workout,db_bench_press,0,0,0,706,271,488,0.3074
datasets/workout/yanz0510workout/yanz0510workout_whole_session_20260510_222208.csv,yanz0510workout,db_bench_press,0,1,706,1049,762,943,0.5277
datasets/workout/yanz0510workout/yanz0510workout_whole_session_20260510_222208.csv,yanz0510workout,db_bench_press,0,2,1049,1358,1108,1263,0.5016
datasets/workout/yanz0510workout/yanz0510workout_whole_session_20260510_222208.csv,yanz0510workout,db_bench_press,0,3,1358,1684,1419,1583,0.5031
datasets/workout/yanz0510workout/yanz0510workout_whole_session_20260510_222208.csv,yanz0510workout,db_bench_press,0,4,1684,2000,1753,1933,0.5696
datasets/workout/yanz0510workout/yanz0510workout_whole_session_20260510_222208.csv,yanz0510workout,db_bench_press,0,5,2000,2363,2108,2259,0.416
datasets/workout/yanz0510workout/yanz0510workout_whole_session_20260510_222208.csv,yanz0510workout,db_bench_press,0,6,2363,2692,2457,2631,0.5289
datasets/workout/yanz0510workout/yanz0510workout_whole_session_20260510_222208.csv,yanz0510workout,db_bench_press,0,7,2692,3056,2805,2982,0.4863
datasets/workout/yanz0510workout/yanz0510workout_whole_session_20260510_222208.csv,yanz0510workout,db_bench_press,0,8,3056,3398,3129,3318,0.5526
datasets/workout/yanz0510workout/yanz0510workout_whole_session_20260510_222208.csv,yanz0510workout,db_bench_press,0,9,3398,3741,3481,3642,0.4694
datasets/workout/yanz0510workout/yanz0510workout_whole_session_20260510_222208.csv,yanz0510workout,db_bench_press,0,10,3741,4034,3786,3964,0.6075
datasets/workout/yanz0510workout/yanz0510workout_whole_session_20260510_222208.csv,yanz0510workout,db_bench_press,0,11,4034,4434,4143,4329,0.465
datasets/workout/yanz0510workout/yanz0510workout_whole_session_20260510_222208.csv,yanz0510workout,db_bench_press,1,0,12580,12827,12580,13071,0.5031
datasets/workout/yanz0510workout/yanz0510workout_whole_session_20260510_222208.csv,yanz0510workout,db_bench_press,1,1,12827,13187,12580,13071,0.402
datasets/workout/yanz0510workout/yanz0510workout_whole_session_20260510_222208.csv,yanz0510workout,db_bench_press,1,2,13187,13590,13269,13625,0.7329
datasets/workout/yanz0510workout/yanz0510workout_whole_session_20260510_222208.csv,yanz0510workout,db_bench_press,1,3,13590,14089,13625,13974,0.6994
datasets/workout/yanz0510workout/yanz0510workout_whole_session_20260510_222208.csv,yanz0510workout,db_bench_press,1,4,14089,14472,13974,14360,0.5442
datasets/workout/yanz0510workout/yanz0510workout_whole_session_20260510_222208.csv,yanz0510workout,db_bench_press,1,5,14472,14840,14360,14737,0.5521
datasets/workout/yanz0510workout/yanz0510workout_whole_session_20260510_222208.csv,yanz0510workout,db_bench_press,1,6,14840,15209,14737,15135,0.625
datasets/workout/yanz0510workout/yanz0510workout_whole_session_20260510_222208.csv,yanz0510workout,db_bench_press,1,7,15209,15853,15135,15548,0.4721
datasets/workout/yanz0510workout/yanz0510workout_whole_session_20260510_222208.csv,yanz0510workout,db_bench_press,1,8,15853,16190,15896,16280,0.6885
datasets/workout/yanz0510workout/yanz0510workout_whole_session_20260510_222208.csv,yanz0510workout,db_bench_press,1,9,16190,16554,16280,16481,0.5522
datasets/workout/yanz0510workout/yanz0510workout_whole_session_20260510_222208.csv,yanz0510workout,db_bench_press,1,10,16554,16905,16481,16963,0.7282
datasets/workout/yanz0510workout/yanz0510workout_whole_session_20260510_222208.csv,yanz0510workout,db_bench_press,1,11,16905,17270,16963,17270,0.8411
datasets/workout/yanz0510workout/yanz0510workout_whole_session_20260510_222208.csv,yanz0510workout,db_bench_press,2,0,33899,34183,33899,34285,0.7358
datasets/workout/yanz0510workout/yanz0510workout_whole_session_20260510_222208.csv,yanz0510workout,db_bench_press,2,1,34183,34545,34285,34596,0.6295
datasets/workout/yanz0510workout/yanz0510workout_whole_session_20260510_222208.csv,yanz0510workout,db_bench_press,2,2,34545,34859,34596,34924,0.6939
datasets/workout/yanz0510workout/yanz0510workout_whole_session_20260510_222208.csv,yanz0510workout,db_bench_press,2,3,34859,35170,34924,35225,0.6721
datasets/workout/yanz0510workout/yanz0510workout_whole_session_20260510_222208.csv,yanz0510workout,db_bench_press,2,4,35170,35498,35225,35610,0.6205
datasets/workout/yanz0510workout/yanz0510workout_whole_session_20260510_222208.csv,yanz0510workout,db_bench_press,2,5,35498,35858,35610,35956,0.5415
datasets/workout/yanz0510workout/yanz0510workout_whole_session_20260510_222208.csv,yanz0510workout,db_bench_press,2,6,35858,36218,35956,36305,0.5861
datasets/workout/yanz0510workout/yanz0510workout_whole_session_20260510_222208.csv,yanz0510workout,db_bench_press,2,7,36218,36564,36305,36664,0.5807
datasets/workout/yanz0510workout/yanz0510workout_whole_session_20260510_222208.csv,yanz0510workout,db_bench_press,2,8,36564,36895,36664,37011,0.5168
datasets/workout/yanz0510workout/yanz0510workout_whole_session_20260510_222208.csv,yanz0510workout,db_bench_press,2,9,36895,37288,37011,37395,0.554
datasets/workout/yanz0510workout/yanz0510workout_whole_session_20260510_222208.csv,yanz0510workout,db_bench_press,2,10,37288,37588,37395,37721,0.4457
datasets/workout/yanz0510workout/yanz0510workout_whole_session_20260510_222208.csv,yanz0510workout,db_bench_press,2,11,37588,38010,37721,38010,0.6848
datasets/workout/yanz0510workout/yanz0510workout_whole_session_20260510_222208.csv,yanz0510workout,db_bench_press,3,0,44668,45071,44668,44990,0.799
datasets/workout/yanz0510workout/yanz0510workout_whole_session_20260510_222208.csv,yanz0510workout,db_bench_press,3,1,45071,45368,44990,45467,0.6226
datasets/workout/yanz0510workout/yanz0510workout_whole_session_20260510_222208.csv,yanz0510workout,db_bench_press,3,2,45368,45730,45467,45823,0.578
datasets/workout/yanz0510workout/yanz0510workout_whole_session_20260510_222208.csv,yanz0510workout,db_bench_press,3,3,45730,46116,45823,46176,0.657
datasets/workout/yanz0510workout/yanz0510workout_whole_session_20260510_222208.csv,yanz0510workout,db_bench_press,3,4,46116,46454,46176,46532,0.6683
datasets/workout/yanz0510workout/yanz0510workout_whole_session_20260510_222208.csv,yanz0510workout,db_bench_press,3,5,46454,46778,46532,46870,0.5913
datasets/workout/yanz0510workout/yanz0510workout_whole_session_20260510_222208.csv,yanz0510workout,db_bench_press,3,6,46778,47161,46870,47212,0.6705
datasets/workout/yanz0510workout/yanz0510workout_whole_session_20260510_222208.csv,yanz0510workout,db_bench_press,3,7,47161,47523,47212,47569,0.7623
datasets/workout/yanz0510workout/yanz0510workout_whole_session_20260510_222208.csv,yanz0510workout,db_bench_press,3,8,47523,47881,47569,47962,0.7107
datasets/workout/yanz0510workout/yanz0510workout_whole_session_20260510_222208.csv,yanz0510workout,db_bench_press,3,9,47881,48240,47962,48318,0.6362
datasets/workout/yanz0510workout/yanz0510workout_whole_session_20260510_222208.csv,yanz0510workout,db_bench_press,3,10,48240,48586,48318,48661,0.6366
datasets/workout/yanz0510workout/yanz0510workout_whole_session_20260510_222208.csv,yanz0510workout,db_bench_press,3,11,48586,48985,48661,48985,0.812
datasets/workout/yanz0510workout/yanz0510workout_whole_session_20260510_222208.csv,yanz0510workout,db_bench_press,4,0,55642,55843,55642,56041,0.5038
datasets/workout/yanz0510workout/yanz0510workout_whole_session_20260510_222208.csv,yanz0510workout,db_bench_press,4,1,55843,56139,55642,56041,0.3984
datasets/workout/yanz0510workout/yanz0510workout_whole_session_20260510_222208.csv,yanz0510workout,db_bench_press,4,2,56139,56493,56041,56371,0.5133
datasets/workout/yanz0510workout/yanz0510workout_whole_session_20260510_222208.csv,yanz0510workout,db_bench_press,4,3,56493,56791,56371,56672,0.4262
datasets/workout/yanz0510workout/yanz0510workout_whole_session_20260510_222208.csv,yanz0510workout,db_bench_press,4,4,56791,57121,56672,57001,0.4677
datasets/workout/yanz0510workout/yanz0510workout_whole_session_20260510_222208.csv,yanz0510workout,db_bench_press,4,5,57121,57453,57001,57334,0.4712
datasets/workout/yanz0510workout/yanz0510workout_whole_session_20260510_222208.csv,yanz0510workout,db_bench_press,4,6,57453,57783,57519,57856,0.6551
datasets/workout/yanz0510workout/yanz0510workout_whole_session_20260510_222208.csv,yanz0510workout,db_bench_press,4,7,57783,58094,57856,58155,0.6398
datasets/workout/yanz0510workout/yanz0510workout_whole_session_20260510_222208.csv,yanz0510workout,db_bench_press,4,8,58094,58342,58155,58474,0.4921
datasets/workout/yanz0510workout/yanz0510workout_whole_session_20260510_222208.csv,yanz0510workout,db_bench_press,4,9,58342,58518,58155,58474,0.3636
datasets/workout/yanz0510workout/yanz0510workout_whole_session_20260510_222208.csv,yanz0510workout,db_bench_press,4,10,58518,58784,58474,58708,0.6129
datasets/workout/yanz0510workout/yanz0510workout_whole_session_20260510_222208.csv,yanz0510workout,db_bench_press,4,11,58784,59116,58708,59116,0.8137
datasets/workout/yanz0510workout/yanz0510workout_whole_session_20260510_222208.csv,yanz0510workout,one_arm_db_row,0,0,78667,78982,78667,79083,0.7572
datasets/workout/yanz0510workout/yanz0510workout_whole_session_20260510_222208.csv,yanz0510workout,one_arm_db_row,0,1,78982,79329,79083,79394,0.5971
datasets/workout/yanz0510workout/yanz0510workout_whole_session_20260510_222208.csv,yanz0510workout,one_arm_db_row,0,2,79329,79640,79394,79704,0.656
datasets/workout/yanz0510workout/yanz0510workout_whole_session_20260510_222208.csv,yanz0510workout,one_arm_db_row,0,3,79640,79966,79704,80019,0.6913
datasets/workout/yanz0510workout/yanz0510workout_whole_session_20260510_222208.csv,yanz0510workout,one_arm_db_row,0,4,79966,80239,80019,80315,0.6304
datasets/workout/yanz0510workout/yanz0510workout_whole_session_20260510_222208.csv,yanz0510workout,one_arm_db_row,0,5,80239,80564,80315,80597,0.6955
datasets/workout/yanz0510workout/yanz0510workout_whole_session_20260510_222208.csv,yanz0510workout,one_arm_db_row,0,6,80564,80875,80597,80938,0.7433
datasets/workout/yanz0510workout/yanz0510workout_whole_session_20260510_222208.csv,yanz0510workout,one_arm_db_row,0,7,80875,81195,80938,81260,0.6675
datasets/workout/yanz0510workout/yanz0510workout_whole_session_20260510_222208.csv,yanz0510workout,one_arm_db_row,0,8,81195,81493,81260,81569,0.623
datasets/workout/yanz0510workout/yanz0510workout_whole_session_20260510_222208.csv,yanz0510workout,one_arm_db_row,0,9,81493,81763,81569,81868,0.5173
datasets/workout/yanz0510workout/yanz0510workout_whole_session_20260510_222208.csv,yanz0510workout,one_arm_db_row,0,10,81763,82060,81868,82173,0.4683
datasets/workout/yanz0510workout/yanz0510workout_whole_session_20260510_222208.csv,yanz0510workout,one_arm_db_row,0,11,82060,82415,82173,82415,0.6817
datasets/workout/yanz0510workout/yanz0510workout_whole_session_20260510_222208.csv,yanz0510workout,one_arm_db_row,1,0,88561,88827,88561,88856,0.9017
datasets/workout/yanz0510workout/yanz0510workout_whole_session_20260510_222208.csv,yanz0510workout,one_arm_db_row,1,1,88827,89129,88856,89150,0.8452
datasets/workout/yanz0510workout/yanz0510workout_whole_session_20260510_222208.csv,yanz0510workout,one_arm_db_row,1,2,89129,89362,89150,89405,0.7681
datasets/workout/yanz0510workout/yanz0510workout_whole_session_20260510_222208.csv,yanz0510workout,one_arm_db_row,1,3,89362,89628,89405,89618,0.8008
datasets/workout/yanz0510workout/yanz0510workout_whole_session_20260510_222208.csv,yanz0510workout,one_arm_db_row,1,4,89628,89910,89618,89944,0.865
datasets/workout/yanz0510workout/yanz0510workout_whole_session_20260510_222208.csv,yanz0510workout,one_arm_db_row,1,5,89910,90142,89944,90221,0.6367
datasets/workout/yanz0510workout/yanz0510workout_whole_session_20260510_222208.csv,yanz0510workout,one_arm_db_row,1,6,90142,90461,90221,90494,0.6818
datasets/workout/yanz0510workout/yanz0510workout_whole_session_20260510_222208.csv,yanz0510workout,one_arm_db_row,1,7,90461,90719,90494,90767,0.7353
datasets/workout/yanz0510workout/yanz0510workout_whole_session_20260510_222208.csv,yanz0510workout,one_arm_db_row,1,8,90719,90987,90767,91044,0.6769
datasets/workout/yanz0510workout/yanz0510workout_whole_session_20260510_222208.csv,yanz0510workout,one_arm_db_row,1,9,90987,91244,91044,91298,0.6431
datasets/workout/yanz0510workout/yanz0510workout_whole_session_20260510_222208.csv,yanz0510workout,one_arm_db_row,1,10,91244,91502,91298,91552,0.6623
datasets/workout/yanz0510workout/yanz0510workout_whole_session_20260510_222208.csv,yanz0510workout,one_arm_db_row,1,11,91502,91793,91552,91793,0.8282
datasets/workout/yanz0510workout/yanz0510workout_whole_session_20260510_222208.csv,yanz0510workout,one_arm_db_row,2,0,98645,98885,98645,98940,0.8136
datasets/workout/yanz0510workout/yanz0510workout_whole_session_20260510_222208.csv,yanz0510workout,one_arm_db_row,2,1,98885,99150,98940,99211,0.6442
datasets/workout/yanz0510workout/yanz0510workout_whole_session_20260510_222208.csv,yanz0510workout,one_arm_db_row,2,2,99150,99408,99211,99456,0.6438
datasets/workout/yanz0510workout/yanz0510workout_whole_session_20260510_222208.csv,yanz0510workout,one_arm_db_row,2,3,99408,99649,99456,99710,0.6391
datasets/workout/yanz0510workout/yanz0510workout_whole_session_20260510_222208.csv,yanz0510workout,one_arm_db_row,2,4,99649,99928,99710,99954,0.7148
datasets/workout/yanz0510workout/yanz0510workout_whole_session_20260510_222208.csv,yanz0510workout,one_arm_db_row,2,5,99928,100191,99954,100232,0.7796
datasets/workout/yanz0510workout/yanz0510workout_whole_session_20260510_222208.csv,yanz0510workout,one_arm_db_row,2,6,100191,100502,100232,100505,0.8599
datasets/workout/yanz0510workout/yanz0510workout_whole_session_20260510_222208.csv,yanz0510workout,one_arm_db_row,2,7,100502,100720,100505,100778,0.779
datasets/workout/yanz0510workout/yanz0510workout_whole_session_20260510_222208.csv,yanz0510workout,one_arm_db_row,2,8,100720,100979,100778,101042,0.6242
datasets/workout/yanz0510workout/yanz0510workout_whole_session_20260510_222208.csv,yanz0510workout,one_arm_db_row,2,9,100979,101275,101042,101336,0.6527
datasets/workout/yanz0510workout/yanz0510workout_whole_session_20260510_222208.csv,yanz0510workout,one_arm_db_row,2,10,101275,101562,101336,101611,0.6726
datasets/workout/yanz0510workout/yanz0510workout_whole_session_20260510_222208.csv,yanz0510workout,one_arm_db_row,2,11,101562,101842,101611,101842,0.825
datasets/workout/yanz0510workout/yanz0510workout_whole_session_20260510_222208.csv,yanz0510workout,db_rdl,0,0,131402,131705,131402,131927,0.5771
datasets/workout/yanz0510workout/yanz0510workout_whole_session_20260510_222208.csv,yanz0510workout,db_rdl,0,1,131705,132101,131402,131927,0.3176
datasets/workout/yanz0510workout/yanz0510workout_whole_session_20260510_222208.csv,yanz0510workout,db_rdl,0,2,132101,132497,131927,132384,0.4965
datasets/workout/yanz0510workout/yanz0510workout_whole_session_20260510_222208.csv,yanz0510workout,db_rdl,0,3,132497,132948,132384,132822,0.5762
datasets/workout/yanz0510workout/yanz0510workout_whole_session_20260510_222208.csv,yanz0510workout,db_rdl,0,4,132948,133352,132822,133229,0.5302
datasets/workout/yanz0510workout/yanz0510workout_whole_session_20260510_222208.csv,yanz0510workout,db_rdl,0,5,133352,133785,133229,133553,0.3615
datasets/workout/yanz0510workout/yanz0510workout_whole_session_20260510_222208.csv,yanz0510workout,db_rdl,0,6,133785,134199,133553,134079,0.4551
datasets/workout/yanz0510workout/yanz0510workout_whole_session_20260510_222208.csv,yanz0510workout,db_rdl,0,7,134199,134593,134079,134498,0.5817
datasets/workout/yanz0510workout/yanz0510workout_whole_session_20260510_222208.csv,yanz0510workout,db_rdl,0,8,134593,135011,134498,134794,0.3918
datasets/workout/yanz0510workout/yanz0510workout_whole_session_20260510_222208.csv,yanz0510workout,db_rdl,0,9,135011,135446,134794,135292,0.431
datasets/workout/yanz0510workout/yanz0510workout_whole_session_20260510_222208.csv,yanz0510workout,db_rdl,0,10,135446,135846,135292,135747,0.5433
datasets/workout/yanz0510workout/yanz0510workout_whole_session_20260510_222208.csv,yanz0510workout,db_rdl,0,11,135846,136237,135747,136160,0.6408
datasets/workout/yanz0510workout/yanz0510workout_whole_session_20260510_222208.csv,yanz0510workout,db_rdl,0,12,136237,136715,136160,136491,0.4577
datasets/workout/yanz0510workout/yanz0510workout_whole_session_20260510_222208.csv,yanz0510workout,db_rdl,0,13,136715,137005,136491,137005,0.5642
datasets/workout/yanz0510workout/yanz0510workout_whole_session_20260510_222208.csv,yanz0510workout,db_rdl,1,0,144891,145220,144891,145247,0.9242
datasets/workout/yanz0510workout/yanz0510workout_whole_session_20260510_222208.csv,yanz0510workout,db_rdl,1,1,145220,145556,145247,145802,0.5309
datasets/workout/yanz0510workout/yanz0510workout_whole_session_20260510_222208.csv,yanz0510workout,db_rdl,1,2,145556,145942,145247,145802,0.354
datasets/workout/yanz0510workout/yanz0510workout_whole_session_20260510_222208.csv,yanz0510workout,db_rdl,1,3,145942,146313,145802,146130,0.3679
datasets/workout/yanz0510workout/yanz0510workout_whole_session_20260510_222208.csv,yanz0510workout,db_rdl,1,4,146313,146677,146130,146617,0.5558
datasets/workout/yanz0510workout/yanz0510workout_whole_session_20260510_222208.csv,yanz0510workout,db_rdl,1,5,146677,147094,146617,147002,0.6813
datasets/workout/yanz0510workout/yanz0510workout_whole_session_20260510_222208.csv,yanz0510workout,db_rdl,1,6,147094,147508,147002,147368,0.5415
datasets/workout/yanz0510workout/yanz0510workout_whole_session_20260510_222208.csv,yanz0510workout,db_rdl,1,7,147508,147939,147368,147814,0.5359
datasets/workout/yanz0510workout/yanz0510workout_whole_session_20260510_222208.csv,yanz0510workout,db_rdl,1,8,147939,148401,148045,148502,0.6323
datasets/workout/yanz0510workout/yanz0510workout_whole_session_20260510_222208.csv,yanz0510workout,db_rdl,1,9,148401,148795,148502,148904,0.5825
datasets/workout/yanz0510workout/yanz0510workout_whole_session_20260510_222208.csv,yanz0510workout,db_rdl,1,10,148795,149201,148904,149137,0.5739
datasets/workout/yanz0510workout/yanz0510workout_whole_session_20260510_222208.csv,yanz0510workout,db_rdl,1,11,149201,149610,149137,149678,0.756
datasets/workout/yanz0510workout/yanz0510workout_whole_session_20260510_222208.csv,yanz0510workout,db_rdl,1,12,149610,149678,149137,149678,0.1257
datasets/workout/yanz0510workout/yanz0510workout_whole_session_20260510_222208.csv,yanz0510workout,db_rdl,2,0,156473,156768,156473,156857,0.7682
datasets/workout/yanz0510workout/yanz0510workout_whole_session_20260510_222208.csv,yanz0510workout,db_rdl,2,1,156768,157144,156857,157334,0.5071
datasets/workout/yanz0510workout/yanz0510workout_whole_session_20260510_222208.csv,yanz0510workout,db_rdl,2,2,157144,157511,157334,157580,0.406
datasets/workout/yanz0510workout/yanz0510workout_whole_session_20260510_222208.csv,yanz0510workout,db_rdl,2,3,157511,157908,157580,158061,0.5964
datasets/workout/yanz0510workout/yanz0510workout_whole_session_20260510_222208.csv,yanz0510workout,db_rdl,2,4,157908,158281,158061,158343,0.5057
datasets/workout/yanz0510workout/yanz0510workout_whole_session_20260510_222208.csv,yanz0510workout,db_rdl,2,5,158281,158649,158343,158756,0.6442
datasets/workout/yanz0510workout/yanz0510workout_whole_session_20260510_222208.csv,yanz0510workout,db_rdl,2,6,158649,159057,158756,159135,0.6193
datasets/workout/yanz0510workout/yanz0510workout_whole_session_20260510_222208.csv,yanz0510workout,db_rdl,2,7,159057,159428,159135,159552,0.5919
datasets/workout/yanz0510workout/yanz0510workout_whole_session_20260510_222208.csv,yanz0510workout,db_rdl,2,8,159428,159818,159552,159936,0.5236
datasets/workout/yanz0510workout/yanz0510workout_whole_session_20260510_222208.csv,yanz0510workout,db_rdl,2,9,159818,160242,159936,160368,0.5564
datasets/workout/yanz0510workout/yanz0510workout_whole_session_20260510_222208.csv,yanz0510workout,db_rdl,2,10,160242,160626,160368,160739,0.5191
datasets/workout/yanz0510workout/yanz0510workout_whole_session_20260510_222208.csv,yanz0510workout,db_rdl,2,11,160626,161046,160739,161046,0.731
datasets/workout/yanz0510workout/yanz0510workout_whole_session_20260510_222208.csv,yanz0510workout,db_weighted_crunch,0,0,171206,171539,171206,171486,0.8408
datasets/workout/yanz0510workout/yanz0510workout_whole_session_20260510_222208.csv,yanz0510workout,db_weighted_crunch,0,1,171539,172058,171486,171831,0.5105
datasets/workout/yanz0510workout/yanz0510workout_whole_session_20260510_222208.csv,yanz0510workout,db_weighted_crunch,0,2,172058,172381,172214,172463,0.4123
datasets/workout/yanz0510workout/yanz0510workout_whole_session_20260510_222208.csv,yanz0510workout,db_weighted_crunch,0,3,172381,172702,172463,172837,0.5241
datasets/workout/yanz0510workout/yanz0510workout_whole_session_20260510_222208.csv,yanz0510workout,db_weighted_crunch,0,4,172702,173074,172837,173220,0.4575
datasets/workout/yanz0510workout/yanz0510workout_whole_session_20260510_222208.csv,yanz0510workout,db_weighted_crunch,0,5,173074,173395,173220,173552,0.3661
datasets/workout/yanz0510workout/yanz0510workout_whole_session_20260510_222208.csv,yanz0510workout,db_weighted_crunch,0,6,173395,173742,173552,173864,0.4051
datasets/workout/yanz0510workout/yanz0510workout_whole_session_20260510_222208.csv,yanz0510workout,db_weighted_crunch,0,7,173742,174083,173864,174189,0.4899
datasets/workout/yanz0510workout/yanz0510workout_whole_session_20260510_222208.csv,yanz0510workout,db_weighted_crunch,0,8,174083,174433,174189,174605,0.4674
datasets/workout/yanz0510workout/yanz0510workout_whole_session_20260510_222208.csv,yanz0510workout,db_weighted_crunch,0,9,174433,174780,174605,174937,0.3472
datasets/workout/yanz0510workout/yanz0510workout_whole_session_20260510_222208.csv,yanz0510workout,db_weighted_crunch,0,10,174780,175098,174937,175187,0.3956
datasets/workout/yanz0510workout/yanz0510workout_whole_session_20260510_222208.csv,yanz0510workout,db_weighted_crunch,0,11,175098,175493,175187,175493,0.7747
datasets/workout/yanz0510workout/yanz0510workout_whole_session_20260510_222208.csv,yanz0510workout,db_weighted_crunch,1,0,180643,180884,180643,181020,0.6393
datasets/workout/yanz0510workout/yanz0510workout_whole_session_20260510_222208.csv,yanz0510workout,db_weighted_crunch,1,1,180884,181178,181020,181274,0.4051
datasets/workout/yanz0510workout/yanz0510workout_whole_session_20260510_222208.csv,yanz0510workout,db_weighted_crunch,1,2,181178,181520,181274,181442,0.4912
datasets/workout/yanz0510workout/yanz0510workout_whole_session_20260510_222208.csv,yanz0510workout,db_weighted_crunch,1,3,181520,181786,181442,181786,0.7733
datasets/workout/yanz0510workout/yanz0510workout_whole_session_20260510_222208.csv,yanz0510workout,db_weighted_crunch,2,0,186438,186722,186438,186764,0.8712
datasets/workout/yanz0510workout/yanz0510workout_whole_session_20260510_222208.csv,yanz0510workout,db_weighted_crunch,2,1,186722,186990,186764,187108,0.5855
datasets/workout/yanz0510workout/yanz0510workout_whole_session_20260510_222208.csv,yanz0510workout,db_weighted_crunch,2,2,186990,187296,187108,187427,0.4302
datasets/workout/yanz0510workout/yanz0510workout_whole_session_20260510_222208.csv,yanz0510workout,db_weighted_crunch,2,3,187296,187635,187427,187761,0.4473
datasets/workout/yanz0510workout/yanz0510workout_whole_session_20260510_222208.csv,yanz0510workout,db_weighted_crunch,2,4,187635,187892,187761,188077,0.2964
datasets/workout/yanz0510workout/yanz0510workout_whole_session_20260510_222208.csv,yanz0510workout,db_weighted_crunch,2,5,187892,188278,188077,188390,0.4036
datasets/workout/yanz0510workout/yanz0510workout_whole_session_20260510_222208.csv,yanz0510workout,db_weighted_crunch,2,6,188278,188588,188390,188714,0.4541
datasets/workout/yanz0510workout/yanz0510workout_whole_session_20260510_222208.csv,yanz0510workout,db_weighted_crunch,2,7,188588,188943,188714,189076,0.4693
datasets/workout/yanz0510workout/yanz0510workout_whole_session_20260510_222208.csv,yanz0510workout,db_weighted_crunch,2,8,188943,189260,189076,189412,0.3923
datasets/workout/yanz0510workout/yanz0510workout_whole_session_20260510_222208.csv,yanz0510workout,db_weighted_crunch,2,9,189260,189563,189076,189412,0.3121
datasets/workout/yanz0510workout/yanz0510workout_whole_session_20260510_222208.csv,yanz0510workout,db_weighted_crunch,2,10,189563,189934,189747,190032,0.3987
datasets/workout/yanz0510workout/yanz0510workout_whole_session_20260510_222208.csv,yanz0510workout,db_weighted_crunch,2,11,189934,190303,190032,190303,0.7344
datasets/workout/yanz0510workout/yanz0510workout_whole_session_20260510_222208.csv,yanz0510workout,db_weighted_crunch,3,0,198741,198965,198741,199020,0.8029
datasets/workout/yanz0510workout/yanz0510workout_whole_session_20260510_222208.csv,yanz0510workout,db_weighted_crunch,3,1,198965,199197,199020,199421,0.3882
datasets/workout/yanz0510workout/yanz0510workout_whole_session_20260510_222208.csv,yanz0510workout,db_weighted_crunch,3,2,199197,199463,199020,199421,0.5056
datasets/workout/yanz0510workout/yanz0510workout_whole_session_20260510_222208.csv,yanz0510workout,db_weighted_crunch,3,3,199463,199755,199588,199889,0.392
datasets/workout/yanz0510workout/yanz0510workout_whole_session_20260510_222208.csv,yanz0510workout,db_weighted_crunch,3,4,199755,200041,199889,200194,0.3462
datasets/workout/yanz0510workout/yanz0510workout_whole_session_20260510_222208.csv,yanz0510workout,db_weighted_crunch,3,5,200041,200359,200194,200466,0.3882
datasets/workout/yanz0510workout/yanz0510workout_whole_session_20260510_222208.csv,yanz0510workout,db_weighted_crunch,3,6,200359,200680,200466,200785,0.5023
datasets/workout/yanz0510workout/yanz0510workout_whole_session_20260510_222208.csv,yanz0510workout,db_weighted_crunch,3,7,200680,200964,200785,201054,0.4786
datasets/workout/yanz0510workout/yanz0510workout_whole_session_20260510_222208.csv,yanz0510workout,db_weighted_crunch,3,8,200964,201302,201054,201395,0.5754
datasets/workout/yanz0510workout/yanz0510workout_whole_session_20260510_222208.csv,yanz0510workout,db_weighted_crunch,3,9,201302,201618,201395,201756,0.4912
datasets/workout/yanz0510workout/yanz0510workout_whole_session_20260510_222208.csv,yanz0510workout,db_weighted_crunch,3,10,201618,201923,201756,202019,0.4165
datasets/workout/yanz0510workout/yanz0510workout_whole_session_20260510_222208.csv,yanz0510workout,db_weighted_crunch,3,11,201923,202234,202019,202234,0.6913
datasets/workout/yanz0510workout/yanz0510workout_whole_session_20260510_222208.csv,yanz0510workout,db_shoulder_press,0,0,212222,212462,212222,212489,0.8989
datasets/workout/yanz0510workout/yanz0510workout_whole_session_20260510_222208.csv,yanz0510workout,db_shoulder_press,0,1,212462,212753,212489,212984,0.5057
datasets/workout/yanz0510workout/yanz0510workout_whole_session_20260510_222208.csv,yanz0510workout,db_shoulder_press,0,2,212753,213272,212984,213317,0.5106
datasets/workout/yanz0510workout/yanz0510workout_whole_session_20260510_222208.csv,yanz0510workout,db_shoulder_press,0,3,213272,213587,213317,213501,0.5841
datasets/workout/yanz0510workout/yanz0510workout_whole_session_20260510_222208.csv,yanz0510workout,db_shoulder_press,0,4,213587,213889,213501,213938,0.6911
datasets/workout/yanz0510workout/yanz0510workout_whole_session_20260510_222208.csv,yanz0510workout,db_shoulder_press,0,5,213889,214230,213938,214230,0.8563
datasets/workout/yanz0510workout/yanz0510workout_whole_session_20260510_222208.csv,yanz0510workout,db_shoulder_press,1,0,234605,234960,234605,235030,0.8353
datasets/workout/yanz0510workout/yanz0510workout_whole_session_20260510_222208.csv,yanz0510workout,db_shoulder_press,1,1,234960,235212,235030,235347,0.4703
datasets/workout/yanz0510workout/yanz0510workout_whole_session_20260510_222208.csv,yanz0510workout,db_shoulder_press,1,2,235212,235604,235347,235663,0.5698
datasets/workout/yanz0510workout/yanz0510workout_whole_session_20260510_222208.csv,yanz0510workout,db_shoulder_press,1,3,235604,235945,235663,235853,0.5572
datasets/workout/yanz0510workout/yanz0510workout_whole_session_20260510_222208.csv,yanz0510workout,db_shoulder_press,1,4,235945,236307,235853,236372,0.6975
datasets/workout/yanz0510workout/yanz0510workout_whole_session_20260510_222208.csv,yanz0510workout,db_shoulder_press,1,5,236307,236664,236372,236720,0.707
datasets/workout/yanz0510workout/yanz0510workout_whole_session_20260510_222208.csv,yanz0510workout,db_shoulder_press,1,6,236664,236992,236720,237018,0.7684
datasets/workout/yanz0510workout/yanz0510workout_whole_session_20260510_222208.csv,yanz0510workout,db_shoulder_press,1,7,236992,237322,237018,237212,0.5879
datasets/workout/yanz0510workout/yanz0510workout_whole_session_20260510_222208.csv,yanz0510workout,db_shoulder_press,1,8,237322,237642,237212,237563,0.5605
datasets/workout/yanz0510workout/yanz0510workout_whole_session_20260510_222208.csv,yanz0510workout,db_shoulder_press,1,9,237642,237988,237563,237882,0.5647
datasets/workout/yanz0510workout/yanz0510workout_whole_session_20260510_222208.csv,yanz0510workout,db_shoulder_press,1,10,237988,238315,237882,238236,0.5727
datasets/workout/yanz0510workout/yanz0510workout_whole_session_20260510_222208.csv,yanz0510workout,db_shoulder_press,1,11,238315,238634,238236,238634,0.8015
datasets/workout/yanz0510workout/yanz0510workout_whole_session_20260510_222208.csv,yanz0510workout,db_shoulder_press,2,0,245521,245859,245521,245747,0.6686
datasets/workout/yanz0510workout/yanz0510workout_whole_session_20260510_222208.csv,yanz0510workout,db_shoulder_press,2,1,245859,246175,245747,246246,0.6333
datasets/workout/yanz0510workout/yanz0510workout_whole_session_20260510_222208.csv,yanz0510workout,db_shoulder_press,2,2,246175,246504,246246,246577,0.6418
datasets/workout/yanz0510workout/yanz0510workout_whole_session_20260510_222208.csv,yanz0510workout,db_shoulder_press,2,3,246504,246835,246577,246905,0.6434
datasets/workout/yanz0510workout/yanz0510workout_whole_session_20260510_222208.csv,yanz0510workout,db_shoulder_press,2,4,246835,247138,246905,247204,0.6314
datasets/workout/yanz0510workout/yanz0510workout_whole_session_20260510_222208.csv,yanz0510workout,db_shoulder_press,2,5,247138,247466,247204,247596,0.5721
datasets/workout/yanz0510workout/yanz0510workout_whole_session_20260510_222208.csv,yanz0510workout,db_shoulder_press,2,6,247466,247857,247596,247857,0.6675
datasets/workout/yanz0510workout/yanz0510workout_whole_session_20260510_222208.csv,yanz0510workout,db_shoulder_press,3,0,254158,254416,254158,254482,0.7963
datasets/workout/yanz0510workout/yanz0510workout_whole_session_20260510_222208.csv,yanz0510workout,db_shoulder_press,3,1,254416,254683,254482,254747,0.6073
datasets/workout/yanz0510workout/yanz0510workout_whole_session_20260510_222208.csv,yanz0510workout,db_shoulder_press,3,2,254683,254937,254747,255090,0.4668
datasets/workout/yanz0510workout/yanz0510workout_whole_session_20260510_222208.csv,yanz0510workout,db_shoulder_press,3,3,254937,255181,254747,255090,0.3525
datasets/workout/yanz0510workout/yanz0510workout_whole_session_20260510_222208.csv,yanz0510workout,db_shoulder_press,3,4,255181,255419,255090,255346,0.5015
datasets/workout/yanz0510workout/yanz0510workout_whole_session_20260510_222208.csv,yanz0510workout,db_shoulder_press,3,5,255419,255687,255346,255585,0.4868
datasets/workout/yanz0510workout/yanz0510workout_whole_session_20260510_222208.csv,yanz0510workout,db_shoulder_press,3,6,255687,255899,255585,255899,0.6752
datasets/workout/yanz0510workout/yanz0510workout_whole_session_20260510_222208.csv,yanz0510workout,db_biceps_curl,0,0,269699,269864,269699,270061,0.4558
datasets/workout/yanz0510workout/yanz0510workout_whole_session_20260510_222208.csv,yanz0510workout,db_biceps_curl,0,1,269864,270158,269699,270061,0.4292
datasets/workout/yanz0510workout/yanz0510workout_whole_session_20260510_222208.csv,yanz0510workout,db_biceps_curl,0,2,270158,270409,270061,270331,0.4971
datasets/workout/yanz0510workout/yanz0510workout_whole_session_20260510_222208.csv,yanz0510workout,db_biceps_curl,0,3,270409,270685,270331,270597,0.5311
datasets/workout/yanz0510workout/yanz0510workout_whole_session_20260510_222208.csv,yanz0510workout,db_biceps_curl,0,4,270685,270987,270597,270874,0.4846
datasets/workout/yanz0510workout/yanz0510workout_whole_session_20260510_222208.csv,yanz0510workout,db_biceps_curl,0,5,270987,271271,270874,271132,0.3652
datasets/workout/yanz0510workout/yanz0510workout_whole_session_20260510_222208.csv,yanz0510workout,db_biceps_curl,0,6,271271,271529,271132,271437,0.4181
datasets/workout/yanz0510workout/yanz0510workout_whole_session_20260510_222208.csv,yanz0510workout,db_biceps_curl,0,7,271529,271884,271599,271936,0.7002
datasets/workout/yanz0510workout/yanz0510workout_whole_session_20260510_222208.csv,yanz0510workout,db_biceps_curl,0,8,271884,272146,271936,272201,0.6625
datasets/workout/yanz0510workout/yanz0510workout_whole_session_20260510_222208.csv,yanz0510workout,db_biceps_curl,0,9,272146,272440,272201,272500,0.6751
datasets/workout/yanz0510workout/yanz0510workout_whole_session_20260510_222208.csv,yanz0510workout,db_biceps_curl,0,10,272440,272717,272500,272652,0.5487
datasets/workout/yanz0510workout/yanz0510workout_whole_session_20260510_222208.csv,yanz0510workout,db_biceps_curl,0,11,272717,273022,272652,273022,0.8243
datasets/workout/yanz0510workout/yanz0510workout_whole_session_20260510_222208.csv,yanz0510workout,db_biceps_curl,1,0,279828,280152,279828,280169,0.9501
datasets/workout/yanz0510workout/yanz0510workout_whole_session_20260510_222208.csv,yanz0510workout,db_biceps_curl,1,1,280152,280384,280169,280424,0.7904
datasets/workout/yanz0510workout/yanz0510workout_whole_session_20260510_222208.csv,yanz0510workout,db_biceps_curl,1,2,280384,280654,280424,280694,0.7419
datasets/workout/yanz0510workout/yanz0510workout_whole_session_20260510_222208.csv,yanz0510workout,db_biceps_curl,1,3,280654,280920,280694,280976,0.7019
datasets/workout/yanz0510workout/yanz0510workout_whole_session_20260510_222208.csv,yanz0510workout,db_biceps_curl,1,4,280920,281169,280976,281240,0.6031
datasets/workout/yanz0510workout/yanz0510workout_whole_session_20260510_222208.csv,yanz0510workout,db_biceps_curl,1,5,281169,281451,281240,281492,0.6533
datasets/workout/yanz0510workout/yanz0510workout_whole_session_20260510_222208.csv,yanz0510workout,db_biceps_curl,1,6,281451,281718,281492,281755,0.7434
datasets/workout/yanz0510workout/yanz0510workout_whole_session_20260510_222208.csv,yanz0510workout,db_biceps_curl,1,7,281718,281960,281755,282006,0.7118
datasets/workout/yanz0510workout/yanz0510workout_whole_session_20260510_222208.csv,yanz0510workout,db_biceps_curl,1,8,281960,282217,282006,282253,0.7201
datasets/workout/yanz0510workout/yanz0510workout_whole_session_20260510_222208.csv,yanz0510workout,db_biceps_curl,1,9,282217,282489,282253,282537,0.7375
datasets/workout/yanz0510workout/yanz0510workout_whole_session_20260510_222208.csv,yanz0510workout,db_biceps_curl,1,10,282489,282759,282537,282830,0.651
datasets/workout/yanz0510workout/yanz0510workout_whole_session_20260510_222208.csv,yanz0510workout,db_biceps_curl,1,11,282759,283061,282830,283061,0.7649
datasets/workout/yanz0510workout/yanz0510workout_whole_session_20260510_222208.csv,yanz0510workout,db_biceps_curl,2,0,289832,290062,289832,290092,0.8846
datasets/workout/yanz0510workout/yanz0510workout_whole_session_20260510_222208.csv,yanz0510workout,db_biceps_curl,2,1,290062,290320,290092,290484,0.5403
datasets/workout/yanz0510workout/yanz0510workout_whole_session_20260510_222208.csv,yanz0510workout,db_biceps_curl,2,2,290320,290576,290092,290484,0.3388
datasets/workout/yanz0510workout/yanz0510workout_whole_session_20260510_222208.csv,yanz0510workout,db_biceps_curl,2,3,290576,290858,290484,290754,0.4759
datasets/workout/yanz0510workout/yanz0510workout_whole_session_20260510_222208.csv,yanz0510workout,db_biceps_curl,2,4,290858,291146,290915,291332,0.4873
datasets/workout/yanz0510workout/yanz0510workout_whole_session_20260510_222208.csv,yanz0510workout,db_biceps_curl,2,5,291146,291425,290915,291332,0.3647
datasets/workout/yanz0510workout/yanz0510workout_whole_session_20260510_222208.csv,yanz0510workout,db_biceps_curl,2,6,291425,291698,291332,291619,0.5301
datasets/workout/yanz0510workout/yanz0510workout_whole_session_20260510_222208.csv,yanz0510workout,db_biceps_curl,2,7,291698,292008,291619,291930,0.5964
datasets/workout/yanz0510workout/yanz0510workout_whole_session_20260510_222208.csv,yanz0510workout,db_biceps_curl,2,8,292008,292172,291930,292172,0.6777
datasets/workout/yanz0510workout/yanz0510workout_whole_session_20260510_222208.csv,yanz0510workout,db_triceps_curl,0,0,301498,301782,301498,301893,0.719
datasets/workout/yanz0510workout/yanz0510workout_whole_session_20260510_222208.csv,yanz0510workout,db_triceps_curl,0,1,301782,302122,301893,302232,0.5089
datasets/workout/yanz0510workout/yanz0510workout_whole_session_20260510_222208.csv,yanz0510workout,db_triceps_curl,0,2,302122,302448,302232,302562,0.4909
datasets/workout/yanz0510workout/yanz0510workout_whole_session_20260510_222208.csv,yanz0510workout,db_triceps_curl,0,3,302448,302794,302562,302871,0.5485
datasets/workout/yanz0510workout/yanz0510workout_whole_session_20260510_222208.csv,yanz0510workout,db_triceps_curl,0,4,302794,303110,302871,303190,0.6035
datasets/workout/yanz0510workout/yanz0510workout_whole_session_20260510_222208.csv,yanz0510workout,db_triceps_curl,0,5,303110,303406,303190,303509,0.5414
datasets/workout/yanz0510workout/yanz0510workout_whole_session_20260510_222208.csv,yanz0510workout,db_triceps_curl,0,6,303406,303708,303509,303925,0.3834
datasets/workout/yanz0510workout/yanz0510workout_whole_session_20260510_222208.csv,yanz0510workout,db_triceps_curl,0,7,303708,304018,303509,303925,0.4263
datasets/workout/yanz0510workout/yanz0510workout_whole_session_20260510_222208.csv,yanz0510workout,db_triceps_curl,0,8,304018,304278,303925,304184,0.4703
datasets/workout/yanz0510workout/yanz0510workout_whole_session_20260510_222208.csv,yanz0510workout,db_triceps_curl,0,9,304278,304561,304184,304481,0.5385
datasets/workout/yanz0510workout/yanz0510workout_whole_session_20260510_222208.csv,yanz0510workout,db_triceps_curl,0,10,304561,304827,304481,304908,0.623
datasets/workout/yanz0510workout/yanz0510workout_whole_session_20260510_222208.csv,yanz0510workout,db_triceps_curl,0,11,304827,305146,304908,305146,0.7461
datasets/workout/yanz0510workout/yanz0510workout_whole_session_20260510_222208.csv,yanz0510workout,db_triceps_curl,1,0,311875,312284,311875,312194,0.78
datasets/workout/yanz0510workout/yanz0510workout_whole_session_20260510_222208.csv,yanz0510workout,db_triceps_curl,1,1,312284,312686,312389,312676,0.7139
datasets/workout/yanz0510workout/yanz0510workout_whole_session_20260510_222208.csv,yanz0510workout,db_triceps_curl,1,2,312686,313029,312676,312944,0.7309
datasets/workout/yanz0510workout/yanz0510workout_whole_session_20260510_222208.csv,yanz0510workout,db_triceps_curl,1,3,313029,313285,312944,313205,0.5161
datasets/workout/yanz0510workout/yanz0510workout_whole_session_20260510_222208.csv,yanz0510workout,db_triceps_curl,1,4,313285,313551,313205,313458,0.5
datasets/workout/yanz0510workout/yanz0510workout_whole_session_20260510_222208.csv,yanz0510workout,db_triceps_curl,1,5,313551,313805,313458,313734,0.5274
datasets/workout/yanz0510workout/yanz0510workout_whole_session_20260510_222208.csv,yanz0510workout,db_triceps_curl,1,6,313805,314083,313734,314103,0.7534
datasets/workout/yanz0510workout/yanz0510workout_whole_session_20260510_222208.csv,yanz0510workout,db_triceps_curl,1,7,314083,314348,314103,314402,0.768
datasets/workout/yanz0510workout/yanz0510workout_whole_session_20260510_222208.csv,yanz0510workout,db_triceps_curl,1,8,314348,314602,314402,314636,0.6944
datasets/workout/yanz0510workout/yanz0510workout_whole_session_20260510_222208.csv,yanz0510workout,db_triceps_curl,1,9,314602,314856,314636,314894,0.7534
datasets/workout/yanz0510workout/yanz0510workout_whole_session_20260510_222208.csv,yanz0510workout,db_triceps_curl,1,10,314856,315107,314894,315154,0.7148
datasets/workout/yanz0510workout/yanz0510workout_whole_session_20260510_222208.csv,yanz0510workout,db_triceps_curl,1,11,315107,315393,315154,315393,0.8357
datasets/workout/yanz0510workout/yanz0510workout_whole_session_20260510_222208.csv,yanz0510workout,db_triceps_curl,2,0,323574,323753,323574,323821,0.7247
datasets/workout/yanz0510workout/yanz0510workout_whole_session_20260510_222208.csv,yanz0510workout,db_triceps_curl,2,1,323753,324027,323821,324082,0.6261
datasets/workout/yanz0510workout/yanz0510workout_whole_session_20260510_222208.csv,yanz0510workout,db_triceps_curl,2,2,324027,324296,324082,324361,0.6407
datasets/workout/yanz0510workout/yanz0510workout_whole_session_20260510_222208.csv,yanz0510workout,db_triceps_curl,2,3,324296,324544,324361,324623,0.5596
datasets/workout/yanz0510workout/yanz0510workout_whole_session_20260510_222208.csv,yanz0510workout,db_triceps_curl,2,4,324544,324828,324623,324766,0.5035
datasets/workout/yanz0510workout/yanz0510workout_whole_session_20260510_222208.csv,yanz0510workout,db_triceps_curl,2,5,324828,325110,324766,325043,0.625
datasets/workout/yanz0510workout/yanz0510workout_whole_session_20260510_222208.csv,yanz0510workout,db_triceps_curl,2,6,325110,325371,325043,325423,0.6868
datasets/workout/yanz0510workout/yanz0510workout_whole_session_20260510_222208.csv,yanz0510workout,db_triceps_curl,2,7,325371,325620,325423,325667,0.6655
datasets/workout/yanz0510workout/yanz0510workout_whole_session_20260510_222208.csv,yanz0510workout,db_triceps_curl,2,8,325620,325867,325667,325952,0.6024
datasets/workout/yanz0510workout/yanz0510workout_whole_session_20260510_222208.csv,yanz0510workout,db_triceps_curl,2,9,325867,326144,325952,326180,0.6134
datasets/workout/yanz0510workout/yanz0510workout_whole_session_20260510_222208.csv,yanz0510workout,db_triceps_curl,2,10,326144,326382,326180,326454,0.6516
datasets/workout/yanz0510workout/yanz0510workout_whole_session_20260510_222208.csv,yanz0510workout,db_triceps_curl,2,11,326382,326637,326454,326637,0.7176
datasets/workout/yanz0510workout/yanz0510workout_whole_session_20260510_222208.csv,yanz0510workout,db_triceps_curl,3,0,333857,334104,333857,334161,0.8125
datasets/workout/yanz0510workout/yanz0510workout_whole_session_20260510_222208.csv,yanz0510workout,db_triceps_curl,3,1,334104,335615,334453,334817,0.2409
datasets/workout/yanz0510workout/yanz0510workout_whole_session_20260510_222208.csv,yanz0510workout,db_triceps_curl,4,0,336898,337126,336898,337182,0.8028
datasets/workout/yanz0510workout/yanz0510workout_whole_session_20260510_222208.csv,yanz0510workout,db_triceps_curl,4,1,337126,337382,337182,337473,0.5764
datasets/workout/yanz0510workout/yanz0510workout_whole_session_20260510_222208.csv,yanz0510workout,db_triceps_curl,4,2,337382,337660,337473,337726,0.5436
datasets/workout/yanz0510workout/yanz0510workout_whole_session_20260510_222208.csv,yanz0510workout,db_triceps_curl,4,3,337660,337960,337726,337873,0.49
datasets/workout/yanz0510workout/yanz0510workout_whole_session_20260510_222208.csv,yanz0510workout,db_triceps_curl,4,4,337960,338250,337873,338152,0.5093
datasets/workout/yanz0510workout/yanz0510workout_whole_session_20260510_222208.csv,yanz0510workout,db_triceps_curl,4,5,338250,338507,338152,338427,0.4986
datasets/workout/yanz0510workout/yanz0510workout_whole_session_20260510_222208.csv,yanz0510workout,db_triceps_curl,4,6,338507,338775,338427,338702,0.5603
datasets/workout/yanz0510workout/yanz0510workout_whole_session_20260510_222208.csv,yanz0510workout,db_triceps_curl,4,7,338775,339044,338702,338968,0.5643
datasets/workout/yanz0510workout/yanz0510workout_whole_session_20260510_222208.csv,yanz0510workout,db_triceps_curl,4,8,339044,339301,338968,339229,0.5556
datasets/workout/yanz0510workout/yanz0510workout_whole_session_20260510_222208.csv,yanz0510workout,db_triceps_curl,4,9,339301,339541,339229,339597,0.6522
datasets/workout/yanz0510workout/yanz0510workout_whole_session_20260510_222208.csv,yanz0510workout,db_triceps_curl,4,10,339541,339799,339597,339864,0.6254
datasets/workout/yanz0510workout/yanz0510workout_whole_session_20260510_222208.csv,yanz0510workout,db_triceps_curl,4,11,339799,340079,339864,340079,0.7679
datasets/workout/yanz0510workout/yanz0510workout_whole_session_20260510_222208.csv,yanz0510workout,db_squat,0,0,351039,351576,351230,351593,0.6245
datasets/workout/yanz0510workout/yanz0510workout_whole_session_20260510_222208.csv,yanz0510workout,db_squat,0,1,351576,351864,351593,351917,0.7947
datasets/workout/yanz0510workout/yanz0510workout_whole_session_20260510_222208.csv,yanz0510workout,db_squat,0,2,351864,352166,351917,352220,0.6994
datasets/workout/yanz0510workout/yanz0510workout_whole_session_20260510_222208.csv,yanz0510workout,db_squat,0,3,352166,352442,352220,352515,0.6361
datasets/workout/yanz0510workout/yanz0510workout_whole_session_20260510_222208.csv,yanz0510workout,db_squat,0,4,352442,352727,352515,352787,0.6145
datasets/workout/yanz0510workout/yanz0510workout_whole_session_20260510_222208.csv,yanz0510workout,db_squat,0,5,352727,353001,352787,353064,0.635
datasets/workout/yanz0510workout/yanz0510workout_whole_session_20260510_222208.csv,yanz0510workout,db_squat,0,6,353001,353267,353064,353329,0.6189
datasets/workout/yanz0510workout/yanz0510workout_whole_session_20260510_222208.csv,yanz0510workout,db_squat,0,7,353267,353553,353329,353607,0.6588
datasets/workout/yanz0510workout/yanz0510workout_whole_session_20260510_222208.csv,yanz0510workout,db_squat,0,8,353553,353845,353607,353864,0.7653
datasets/workout/yanz0510workout/yanz0510workout_whole_session_20260510_222208.csv,yanz0510workout,db_squat,0,9,353845,354098,353864,354156,0.7524
datasets/workout/yanz0510workout/yanz0510workout_whole_session_20260510_222208.csv,yanz0510workout,db_squat,0,10,354098,354343,354156,354413,0.5937
datasets/workout/yanz0510workout/yanz0510workout_whole_session_20260510_222208.csv,yanz0510workout,db_squat,0,11,354343,354640,354413,354640,0.7643
datasets/workout/yanz0510workout/yanz0510workout_whole_session_20260510_222208.csv,yanz0510workout,db_squat,1,0,360490,360740,360490,360687,0.788
datasets/workout/yanz0510workout/yanz0510workout_whole_session_20260510_222208.csv,yanz0510workout,db_squat,1,1,360740,360994,360687,361006,0.7962
datasets/workout/yanz0510workout/yanz0510workout_whole_session_20260510_222208.csv,yanz0510workout,db_squat,1,2,360994,361294,361006,361162,0.52
datasets/workout/yanz0510workout/yanz0510workout_whole_session_20260510_222208.csv,yanz0510workout,db_squat,1,3,361294,361557,361394,361635,0.478
datasets/workout/yanz0510workout/yanz0510workout_whole_session_20260510_222208.csv,yanz0510workout,db_squat,1,4,361557,361779,361635,361874,0.4543
datasets/workout/yanz0510workout/yanz0510workout_whole_session_20260510_222208.csv,yanz0510workout,db_squat,1,5,361779,362034,361874,362097,0.5031
datasets/workout/yanz0510workout/yanz0510workout_whole_session_20260510_222208.csv,yanz0510workout,db_squat,1,6,362034,362259,362097,362319,0.5684
datasets/workout/yanz0510workout/yanz0510workout_whole_session_20260510_222208.csv,yanz0510workout,db_squat,1,7,362259,362464,362319,362448,0.6293
datasets/workout/yanz0510workout/yanz0510workout_whole_session_20260510_222208.csv,yanz0510workout,db_squat,1,8,362464,362691,362448,362769,0.7072
datasets/workout/yanz0510workout/yanz0510workout_whole_session_20260510_222208.csv,yanz0510workout,db_squat,1,9,362691,362947,362769,363010,0.558
datasets/workout/yanz0510workout/yanz0510workout_whole_session_20260510_222208.csv,yanz0510workout,db_squat,1,10,362947,363171,363010,363240,0.5495
datasets/workout/yanz0510workout/yanz0510workout_whole_session_20260510_222208.csv,yanz0510workout,db_squat,1,11,363171,363423,363240,363423,0.7262
datasets/workout/yanz0510workout/yanz0510workout_whole_session_20260510_222208.csv,yanz0510workout,db_squat,2,0,370576,370732,370576,370770,0.8041
datasets/workout/yanz0510workout/yanz0510workout_whole_session_20260510_222208.csv,yanz0510workout,db_squat,2,1,370732,370967,370770,371041,0.6375
datasets/workout/yanz0510workout/yanz0510workout_whole_session_20260510_222208.csv,yanz0510workout,db_squat,2,2,370967,371205,371041,371385,0.3923
datasets/workout/yanz0510workout/yanz0510workout_whole_session_20260510_222208.csv,yanz0510workout,db_squat,2,3,371205,371471,371041,371385,0.4186
datasets/workout/yanz0510workout/yanz0510workout_whole_session_20260510_222208.csv,yanz0510workout,db_squat,2,4,371471,371720,371519,371790,0.6301
datasets/workout/yanz0510workout/yanz0510workout_whole_session_20260510_222208.csv,yanz0510workout,db_squat,2,5,371720,371970,371790,372050,0.5455
datasets/workout/yanz0510workout/yanz0510workout_whole_session_20260510_222208.csv,yanz0510workout,db_squat,2,6,371970,372236,372050,372283,0.5942
datasets/workout/yanz0510workout/yanz0510workout_whole_session_20260510_222208.csv,yanz0510workout,db_squat,2,7,372236,372517,372283,372571,0.6985
datasets/workout/yanz0510workout/yanz0510workout_whole_session_20260510_222208.csv,yanz0510workout,db_squat,2,8,372517,372726,372571,372838,0.4829
datasets/workout/yanz0510workout/yanz0510workout_whole_session_20260510_222208.csv,yanz0510workout,db_squat,2,9,372726,372990,372838,373066,0.4471
datasets/workout/yanz0510workout/yanz0510workout_whole_session_20260510_222208.csv,yanz0510workout,db_squat,2,10,372990,373215,373066,373283,0.5085
datasets/workout/yanz0510workout/yanz0510workout_whole_session_20260510_222208.csv,yanz0510workout,db_squat,2,11,373215,373499,373283,373499,0.7606
datasets/workout/yoru0511workout/yoru0511workout_whole_session_20260511_180608.csv,yoru0511workout,db_bench_press,0,0,66,421,66,370,0.8563
datasets/workout/yoru0511workout/yoru0511workout_whole_session_20260511_180608.csv,yoru0511workout,db_bench_press,0,1,421,757,370,770,0.84
datasets/workout/yoru0511workout/yoru0511workout_whole_session_20260511_180608.csv,yoru0511workout,db_bench_press,0,2,757,1105,770,948,0.5115
datasets/workout/yoru0511workout/yoru0511workout_whole_session_20260511_180608.csv,yoru0511workout,db_bench_press,0,3,1105,1455,948,1286,0.357
datasets/workout/yoru0511workout/yoru0511workout_whole_session_20260511_180608.csv,yoru0511workout,db_bench_press,0,4,1455,1787,1286,1635,0.3593
datasets/workout/yoru0511workout/yoru0511workout_whole_session_20260511_180608.csv,yoru0511workout,db_bench_press,0,5,1787,2118,1935,2275,0.375
datasets/workout/yoru0511workout/yoru0511workout_whole_session_20260511_180608.csv,yoru0511workout,db_bench_press,0,6,2118,2456,1935,2275,0.3013
datasets/workout/yoru0511workout/yoru0511workout_whole_session_20260511_180608.csv,yoru0511workout,db_bench_press,0,7,2456,2762,2275,2738,0.5791
datasets/workout/yoru0511workout/yoru0511workout_whole_session_20260511_180608.csv,yoru0511workout,db_bench_press,0,8,2762,3092,2738,3008,0.6949
datasets/workout/yoru0511workout/yoru0511workout_whole_session_20260511_180608.csv,yoru0511workout,db_bench_press,0,9,3092,3451,3008,3276,0.4153
datasets/workout/yoru0511workout/yoru0511workout_whole_session_20260511_180608.csv,yoru0511workout,db_bench_press,0,10,3451,3762,3276,3620,0.3477
datasets/workout/yoru0511workout/yoru0511workout_whole_session_20260511_180608.csv,yoru0511workout,db_bench_press,0,11,3762,3903,3620,3903,0.4982
datasets/workout/yoru0511workout/yoru0511workout_whole_session_20260511_180608.csv,yoru0511workout,db_bench_press,1,0,9344,9454,9344,10138,0.1385
datasets/workout/yoru0511workout/yoru0511workout_whole_session_20260511_180608.csv,yoru0511workout,db_bench_press,1,1,9454,9775,9344,10138,0.4043
datasets/workout/yoru0511workout/yoru0511workout_whole_session_20260511_180608.csv,yoru0511workout,db_bench_press,1,2,9775,10095,9344,10138,0.403
datasets/workout/yoru0511workout/yoru0511workout_whole_session_20260511_180608.csv,yoru0511workout,db_bench_press,1,3,10095,10443,10138,10747,0.4678
datasets/workout/yoru0511workout/yoru0511workout_whole_session_20260511_180608.csv,yoru0511workout,db_bench_press,1,4,10443,10786,10138,10747,0.4691
datasets/workout/yoru0511workout/yoru0511workout_whole_session_20260511_180608.csv,yoru0511workout,db_bench_press,1,5,10786,11114,10747,11317,0.5754
datasets/workout/yoru0511workout/yoru0511workout_whole_session_20260511_180608.csv,yoru0511workout,db_bench_press,1,6,11114,11452,10747,11317,0.2879
datasets/workout/yoru0511workout/yoru0511workout_whole_session_20260511_180608.csv,yoru0511workout,db_bench_press,1,7,11452,11816,11317,11840,0.696
datasets/workout/yoru0511workout/yoru0511workout_whole_session_20260511_180608.csv,yoru0511workout,db_bench_press,1,8,11816,12150,11840,12493,0.4579
datasets/workout/yoru0511workout/yoru0511workout_whole_session_20260511_180608.csv,yoru0511workout,db_bench_press,1,9,12150,12496,11840,12493,0.5229
datasets/workout/yoru0511workout/yoru0511workout_whole_session_20260511_180608.csv,yoru0511workout,db_bench_press,1,10,12496,12832,12493,13331,0.401
datasets/workout/yoru0511workout/yoru0511workout_whole_session_20260511_180608.csv,yoru0511workout,db_bench_press,1,11,12832,13200,12493,13331,0.4391
datasets/workout/yoru0511workout/yoru0511workout_whole_session_20260511_180608.csv,yoru0511workout,db_bench_press,1,12,13200,13331,12493,13331,0.1563
datasets/workout/yoru0511workout/yoru0511workout_whole_session_20260511_180608.csv,yoru0511workout,db_bench_press,2,0,30134,30276,30134,30598,0.306
datasets/workout/yoru0511workout/yoru0511workout_whole_session_20260511_180608.csv,yoru0511workout,db_bench_press,2,1,30276,30582,30134,30598,0.6595
datasets/workout/yoru0511workout/yoru0511workout_whole_session_20260511_180608.csv,yoru0511workout,db_bench_press,2,2,30582,30906,30598,30906,0.9506
datasets/workout/yoru0511workout/yoru0511workout_whole_session_20260511_180608.csv,yoru0511workout,db_bench_press,3,0,32190,32284,32190,32233,0.4574
datasets/workout/yoru0511workout/yoru0511workout_whole_session_20260511_180608.csv,yoru0511workout,db_bench_press,3,1,32284,32425,32365,32425,0.4255
datasets/workout/yoru0511workout/yoru0511workout_whole_session_20260511_180608.csv,yoru0511workout,db_bench_press,4,0,52261,52401,52261,52571,0.4516
datasets/workout/yoru0511workout/yoru0511workout_whole_session_20260511_180608.csv,yoru0511workout,db_bench_press,4,1,52401,52756,52571,52921,0.3558
datasets/workout/yoru0511workout/yoru0511workout_whole_session_20260511_180608.csv,yoru0511workout,db_bench_press,4,2,52756,53108,52921,53231,0.3937
datasets/workout/yoru0511workout/yoru0511workout_whole_session_20260511_180608.csv,yoru0511workout,db_bench_press,4,3,53108,53414,53231,53755,0.2828
datasets/workout/yoru0511workout/yoru0511workout_whole_session_20260511_180608.csv,yoru0511workout,db_bench_press,4,4,53414,53758,53231,53755,0.6471
datasets/workout/yoru0511workout/yoru0511workout_whole_session_20260511_180608.csv,yoru0511workout,db_bench_press,4,5,53758,54151,53755,54128,0.9343
datasets/workout/yoru0511workout/yoru0511workout_whole_session_20260511_180608.csv,yoru0511workout,db_bench_press,4,6,54151,54493,54128,54460,0.8466
datasets/workout/yoru0511workout/yoru0511workout_whole_session_20260511_180608.csv,yoru0511workout,db_bench_press,4,7,54493,54877,54460,54819,0.7818
datasets/workout/yoru0511workout/yoru0511workout_whole_session_20260511_180608.csv,yoru0511workout,db_bench_press,4,8,54877,55283,54819,55129,0.5431
datasets/workout/yoru0511workout/yoru0511workout_whole_session_20260511_180608.csv,yoru0511workout,db_bench_press,4,9,55283,55622,55451,55781,0.3434
datasets/workout/yoru0511workout/yoru0511workout_whole_session_20260511_180608.csv,yoru0511workout,db_bench_press,4,10,55622,55964,55781,56100,0.3828
datasets/workout/yoru0511workout/yoru0511workout_whole_session_20260511_180608.csv,yoru0511workout,db_bench_press,4,11,55964,56100,55781,56100,0.4263
datasets/workout/yoru0511workout/yoru0511workout_whole_session_20260511_180608.csv,yoru0511workout,db_bench_press,5,0,62104,62287,62104,62470,0.5
datasets/workout/yoru0511workout/yoru0511workout_whole_session_20260511_180608.csv,yoru0511workout,db_bench_press,5,1,62287,62616,62104,62470,0.3574
datasets/workout/yoru0511workout/yoru0511workout_whole_session_20260511_180608.csv,yoru0511workout,db_bench_press,5,2,62616,62948,62470,62780,0.3431
datasets/workout/yoru0511workout/yoru0511workout_whole_session_20260511_180608.csv,yoru0511workout,db_bench_press,5,3,62948,63294,62780,63250,0.5875
datasets/workout/yoru0511workout/yoru0511workout_whole_session_20260511_180608.csv,yoru0511workout,db_bench_press,5,4,63294,63616,63250,63559,0.724
datasets/workout/yoru0511workout/yoru0511workout_whole_session_20260511_180608.csv,yoru0511workout,db_bench_press,5,5,63616,63970,63559,63896,0.6813
datasets/workout/yoru0511workout/yoru0511workout_whole_session_20260511_180608.csv,yoru0511workout,db_bench_press,5,6,63970,64325,64117,64489,0.4008
datasets/workout/yoru0511workout/yoru0511workout_whole_session_20260511_180608.csv,yoru0511workout,db_bench_press,5,7,64325,64679,64489,64835,0.3725
datasets/workout/yoru0511workout/yoru0511workout_whole_session_20260511_180608.csv,yoru0511workout,db_bench_press,5,8,64679,65051,64835,65198,0.4162
datasets/workout/yoru0511workout/yoru0511workout_whole_session_20260511_180608.csv,yoru0511workout,db_bench_press,5,9,65051,65383,65198,65541,0.3776
datasets/workout/yoru0511workout/yoru0511workout_whole_session_20260511_180608.csv,yoru0511workout,db_bench_press,5,10,65383,65728,65541,65870,0.384
datasets/workout/yoru0511workout/yoru0511workout_whole_session_20260511_180608.csv,yoru0511workout,db_bench_press,5,11,65728,65870,65541,65870,0.4316
datasets/workout/yoru0511workout/yoru0511workout_whole_session_20260511_180608.csv,yoru0511workout,one_arm_db_row,0,0,121979,122054,121979,122217,0.3151
datasets/workout/yoru0511workout/yoru0511workout_whole_session_20260511_180608.csv,yoru0511workout,one_arm_db_row,0,1,122054,122320,121979,122217,0.478
datasets/workout/yoru0511workout/yoru0511workout_whole_session_20260511_180608.csv,yoru0511workout,one_arm_db_row,0,2,122320,122608,122217,122528,0.532
datasets/workout/yoru0511workout/yoru0511workout_whole_session_20260511_180608.csv,yoru0511workout,one_arm_db_row,0,3,122608,122969,122528,122797,0.4286
datasets/workout/yoru0511workout/yoru0511workout_whole_session_20260511_180608.csv,yoru0511workout,one_arm_db_row,0,4,122969,123242,122797,123140,0.3843
datasets/workout/yoru0511workout/yoru0511workout_whole_session_20260511_180608.csv,yoru0511workout,one_arm_db_row,0,5,123242,123546,123140,123449,0.5099
datasets/workout/yoru0511workout/yoru0511workout_whole_session_20260511_180608.csv,yoru0511workout,one_arm_db_row,0,6,123546,123835,123449,123744,0.513
datasets/workout/yoru0511workout/yoru0511workout_whole_session_20260511_180608.csv,yoru0511workout,one_arm_db_row,0,7,123835,124124,123943,124272,0.4142
datasets/workout/yoru0511workout/yoru0511workout_whole_session_20260511_180608.csv,yoru0511workout,one_arm_db_row,0,8,124124,124391,123943,124272,0.3304
datasets/workout/yoru0511workout/yoru0511workout_whole_session_20260511_180608.csv,yoru0511workout,one_arm_db_row,0,9,124391,124684,124493,124852,0.4143
datasets/workout/yoru0511workout/yoru0511workout_whole_session_20260511_180608.csv,yoru0511workout,one_arm_db_row,0,10,124684,124974,124493,124852,0.3493
datasets/workout/yoru0511workout/yoru0511workout_whole_session_20260511_180608.csv,yoru0511workout,one_arm_db_row,0,11,124974,125125,124852,125125,0.5531
datasets/workout/yoru0511workout/yoru0511workout_whole_session_20260511_180608.csv,yoru0511workout,one_arm_db_row,2,0,131997,132086,131997,132252,0.349
datasets/workout/yoru0511workout/yoru0511workout_whole_session_20260511_180608.csv,yoru0511workout,one_arm_db_row,2,1,132086,132333,131997,132252,0.494
datasets/workout/yoru0511workout/yoru0511workout_whole_session_20260511_180608.csv,yoru0511workout,one_arm_db_row,2,2,132333,132609,132252,132526,0.5406
datasets/workout/yoru0511workout/yoru0511workout_whole_session_20260511_180608.csv,yoru0511workout,one_arm_db_row,2,3,132609,132880,132526,132781,0.4859
datasets/workout/yoru0511workout/yoru0511workout_whole_session_20260511_180608.csv,yoru0511workout,one_arm_db_row,2,4,132880,133161,132781,133074,0.5105
datasets/workout/yoru0511workout/yoru0511workout_whole_session_20260511_180608.csv,yoru0511workout,one_arm_db_row,2,5,133161,133441,133074,133293,0.3597
datasets/workout/yoru0511workout/yoru0511workout_whole_session_20260511_180608.csv,yoru0511workout,one_arm_db_row,2,6,133441,133729,133293,133643,0.4633
datasets/workout/yoru0511workout/yoru0511workout_whole_session_20260511_180608.csv,yoru0511workout,one_arm_db_row,2,7,133729,133995,133643,133899,0.483
datasets/workout/yoru0511workout/yoru0511workout_whole_session_20260511_180608.csv,yoru0511workout,one_arm_db_row,2,8,133995,134279,133899,134184,0.4974
datasets/workout/yoru0511workout/yoru0511workout_whole_session_20260511_180608.csv,yoru0511workout,one_arm_db_row,2,9,134279,134573,134380,134787,0.3799
datasets/workout/yoru0511workout/yoru0511workout_whole_session_20260511_180608.csv,yoru0511workout,one_arm_db_row,2,10,134573,134866,134380,134787,0.4403
datasets/workout/yoru0511workout/yoru0511workout_whole_session_20260511_180608.csv,yoru0511workout,one_arm_db_row,2,11,134866,135016,134787,135016,0.655
datasets/workout/yoru0511workout/yoru0511workout_whole_session_20260511_180608.csv,yoru0511workout,one_arm_db_row,3,0,140956,141064,140956,141364,0.2647
datasets/workout/yoru0511workout/yoru0511workout_whole_session_20260511_180608.csv,yoru0511workout,one_arm_db_row,3,1,141064,141310,140956,141364,0.6029
datasets/workout/yoru0511workout/yoru0511workout_whole_session_20260511_180608.csv,yoru0511workout,one_arm_db_row,3,2,141310,141587,141364,141653,0.6501
datasets/workout/yoru0511workout/yoru0511workout_whole_session_20260511_180608.csv,yoru0511workout,one_arm_db_row,3,3,141587,141867,141653,141972,0.5558
datasets/workout/yoru0511workout/yoru0511workout_whole_session_20260511_180608.csv,yoru0511workout,one_arm_db_row,3,4,141867,142121,141972,142297,0.3465
datasets/workout/yoru0511workout/yoru0511workout_whole_session_20260511_180608.csv,yoru0511workout,one_arm_db_row,3,5,142121,142365,141972,142297,0.4478
datasets/workout/yoru0511workout/yoru0511workout_whole_session_20260511_180608.csv,yoru0511workout,one_arm_db_row,3,6,142365,142650,142297,142555,0.5382
datasets/workout/yoru0511workout/yoru0511workout_whole_session_20260511_180608.csv,yoru0511workout,one_arm_db_row,3,7,142650,142943,142555,142791,0.3634
datasets/workout/yoru0511workout/yoru0511workout_whole_session_20260511_180608.csv,yoru0511workout,one_arm_db_row,3,8,142943,143243,142791,143122,0.396
datasets/workout/yoru0511workout/yoru0511workout_whole_session_20260511_180608.csv,yoru0511workout,one_arm_db_row,3,9,143243,143560,143365,143770,0.37
datasets/workout/yoru0511workout/yoru0511workout_whole_session_20260511_180608.csv,yoru0511workout,one_arm_db_row,3,10,143560,143867,143365,143770,0.4183
datasets/workout/yoru0511workout/yoru0511workout_whole_session_20260511_180608.csv,yoru0511workout,one_arm_db_row,3,11,143867,144071,143770,144071,0.6777
datasets/workout/yoru0511workout/yoru0511workout_whole_session_20260511_180608.csv,yoru0511workout,db_rdl,0,0,200102,200246,200102,200472,0.3892
datasets/workout/yoru0511workout/yoru0511workout_whole_session_20260511_180608.csv,yoru0511workout,db_rdl,0,1,200246,200632,200102,200472,0.4264
datasets/workout/yoru0511workout/yoru0511workout_whole_session_20260511_180608.csv,yoru0511workout,db_rdl,0,2,200632,201031,200472,200859,0.4061
datasets/workout/yoru0511workout/yoru0511workout_whole_session_20260511_180608.csv,yoru0511workout,db_rdl,0,3,201031,201401,200859,201322,0.5369
datasets/workout/yoru0511workout/yoru0511workout_whole_session_20260511_180608.csv,yoru0511workout,db_rdl,0,4,201401,201786,201322,201736,0.722
datasets/workout/yoru0511workout/yoru0511workout_whole_session_20260511_180608.csv,yoru0511workout,db_rdl,0,5,201786,202143,201736,202155,0.852
datasets/workout/yoru0511workout/yoru0511workout_whole_session_20260511_180608.csv,yoru0511workout,db_rdl,0,6,202143,202538,202155,202530,0.9494
datasets/workout/yoru0511workout/yoru0511workout_whole_session_20260511_180608.csv,yoru0511workout,db_rdl,0,7,202538,203014,202530,202832,0.6074
datasets/workout/yoru0511workout/yoru0511workout_whole_session_20260511_180608.csv,yoru0511workout,db_rdl,0,8,203014,203435,202832,203258,0.4046
datasets/workout/yoru0511workout/yoru0511workout_whole_session_20260511_180608.csv,yoru0511workout,db_rdl,0,9,203435,203795,203603,203837,0.4776
datasets/workout/yoru0511workout/yoru0511workout_whole_session_20260511_180608.csv,yoru0511workout,db_rdl,0,10,203795,204155,203837,204324,0.6011
datasets/workout/yoru0511workout/yoru0511workout_whole_session_20260511_180608.csv,yoru0511workout,db_rdl,0,11,204155,204324,203837,204324,0.347
datasets/workout/yoru0511workout/yoru0511workout_whole_session_20260511_180608.csv,yoru0511workout,db_rdl,1,0,211601,211815,211601,211973,0.5753
datasets/workout/yoru0511workout/yoru0511workout_whole_session_20260511_180608.csv,yoru0511workout,db_rdl,1,1,211815,212184,211973,212197,0.5524
datasets/workout/yoru0511workout/yoru0511workout_whole_session_20260511_180608.csv,yoru0511workout,db_rdl,1,2,212184,212499,212197,212528,0.8779
datasets/workout/yoru0511workout/yoru0511workout_whole_session_20260511_180608.csv,yoru0511workout,db_rdl,1,3,212499,212852,212528,212900,0.808
datasets/workout/yoru0511workout/yoru0511workout_whole_session_20260511_180608.csv,yoru0511workout,db_rdl,1,4,212852,213206,212900,213250,0.7688
datasets/workout/yoru0511workout/yoru0511workout_whole_session_20260511_180608.csv,yoru0511workout,db_rdl,1,5,213206,213562,213250,213587,0.8189
datasets/workout/yoru0511workout/yoru0511workout_whole_session_20260511_180608.csv,yoru0511workout,db_rdl,1,6,213562,213991,213587,214035,0.8541
datasets/workout/yoru0511workout/yoru0511workout_whole_session_20260511_180608.csv,yoru0511workout,db_rdl,1,7,213991,214377,214035,214390,0.8571
datasets/workout/yoru0511workout/yoru0511workout_whole_session_20260511_180608.csv,yoru0511workout,db_rdl,1,8,214377,214753,214390,214801,0.8561
datasets/workout/yoru0511workout/yoru0511workout_whole_session_20260511_180608.csv,yoru0511workout,db_rdl,1,9,214753,215212,214801,215016,0.4684
datasets/workout/yoru0511workout/yoru0511workout_whole_session_20260511_180608.csv,yoru0511workout,db_rdl,1,10,215212,215602,215301,215750,0.5595
datasets/workout/yoru0511workout/yoru0511workout_whole_session_20260511_180608.csv,yoru0511workout,db_rdl,1,11,215602,215750,215301,215750,0.3296
datasets/workout/yoru0511workout/yoru0511workout_whole_session_20260511_180608.csv,yoru0511workout,db_rdl,2,0,226213,226351,226213,226504,0.4742
datasets/workout/yoru0511workout/yoru0511workout_whole_session_20260511_180608.csv,yoru0511workout,db_rdl,2,1,226351,226706,226504,226740,0.5193
datasets/workout/yoru0511workout/yoru0511workout_whole_session_20260511_180608.csv,yoru0511workout,db_rdl,2,2,226706,227035,226740,227083,0.7825
datasets/workout/yoru0511workout/yoru0511workout_whole_session_20260511_180608.csv,yoru0511workout,db_rdl,2,3,227035,227406,227083,227445,0.7878
datasets/workout/yoru0511workout/yoru0511workout_whole_session_20260511_180608.csv,yoru0511workout,db_rdl,2,4,227406,227754,227445,227789,0.8068
datasets/workout/yoru0511workout/yoru0511workout_whole_session_20260511_180608.csv,yoru0511workout,db_rdl,2,5,227754,228097,227789,228169,0.7422
datasets/workout/yoru0511workout/yoru0511workout_whole_session_20260511_180608.csv,yoru0511workout,db_rdl,2,6,228097,228466,228169,228512,0.7157
datasets/workout/yoru0511workout/yoru0511workout_whole_session_20260511_180608.csv,yoru0511workout,db_rdl,2,7,228466,228820,228512,228841,0.8213
datasets/workout/yoru0511workout/yoru0511workout_whole_session_20260511_180608.csv,yoru0511workout,db_rdl,2,8,228820,229152,228841,229191,0.8383
datasets/workout/yoru0511workout/yoru0511workout_whole_session_20260511_180608.csv,yoru0511workout,db_rdl,2,9,229152,229508,229191,229512,0.8806
datasets/workout/yoru0511workout/yoru0511workout_whole_session_20260511_180608.csv,yoru0511workout,db_rdl,2,10,229508,229848,229512,229795,0.8324
datasets/workout/yoru0511workout/yoru0511workout_whole_session_20260511_180608.csv,yoru0511workout,db_rdl,2,11,229848,230024,229795,230024,0.7686
datasets/workout/yoru0511workout/yoru0511workout_whole_session_20260511_180608.csv,yoru0511workout,db_weighted_crunch,0,0,247770,247941,247770,247961,0.8953
datasets/workout/yoru0511workout/yoru0511workout_whole_session_20260511_180608.csv,yoru0511workout,db_weighted_crunch,0,1,247941,248234,247961,248279,0.8077
datasets/workout/yoru0511workout/yoru0511workout_whole_session_20260511_180608.csv,yoru0511workout,db_weighted_crunch,0,2,248234,248578,248279,248606,0.8038
datasets/workout/yoru0511workout/yoru0511workout_whole_session_20260511_180608.csv,yoru0511workout,db_weighted_crunch,0,3,248578,248916,248606,248943,0.8493
datasets/workout/yoru0511workout/yoru0511workout_whole_session_20260511_180608.csv,yoru0511workout,db_weighted_crunch,0,4,248916,249234,248943,249255,0.8584
datasets/workout/yoru0511workout/yoru0511workout_whole_session_20260511_180608.csv,yoru0511workout,db_weighted_crunch,0,5,249234,249533,249255,249560,0.8528
datasets/workout/yoru0511workout/yoru0511workout_whole_session_20260511_180608.csv,yoru0511workout,db_weighted_crunch,0,6,249533,249855,249560,249892,0.8217
datasets/workout/yoru0511workout/yoru0511workout_whole_session_20260511_180608.csv,yoru0511workout,db_weighted_crunch,0,7,249855,250173,249892,250191,0.8363
datasets/workout/yoru0511workout/yoru0511workout_whole_session_20260511_180608.csv,yoru0511workout,db_weighted_crunch,0,8,250173,250489,250191,250512,0.8791
datasets/workout/yoru0511workout/yoru0511workout_whole_session_20260511_180608.csv,yoru0511workout,db_weighted_crunch,0,9,250489,250802,250512,250808,0.9091
datasets/workout/yoru0511workout/yoru0511workout_whole_session_20260511_180608.csv,yoru0511workout,db_weighted_crunch,0,10,250802,251148,250808,251098,0.8382
datasets/workout/yoru0511workout/yoru0511workout_whole_session_20260511_180608.csv,yoru0511workout,db_weighted_crunch,0,11,251148,251306,251098,251306,0.7596
datasets/workout/yoru0511workout/yoru0511workout_whole_session_20260511_180608.csv,yoru0511workout,db_weighted_crunch,1,0,256958,257086,256958,257371,0.3099
datasets/workout/yoru0511workout/yoru0511workout_whole_session_20260511_180608.csv,yoru0511workout,db_weighted_crunch,1,1,257086,257365,256958,257371,0.6755
datasets/workout/yoru0511workout/yoru0511workout_whole_session_20260511_180608.csv,yoru0511workout,db_weighted_crunch,1,2,257365,257679,257371,257689,0.9506
datasets/workout/yoru0511workout/yoru0511workout_whole_session_20260511_180608.csv,yoru0511workout,db_weighted_crunch,1,3,257679,258004,257689,258014,0.9403
datasets/workout/yoru0511workout/yoru0511workout_whole_session_20260511_180608.csv,yoru0511workout,db_weighted_crunch,1,4,258004,258327,258014,258332,0.9543
datasets/workout/yoru0511workout/yoru0511workout_whole_session_20260511_180608.csv,yoru0511workout,db_weighted_crunch,1,5,258327,258623,258332,258658,0.8792
datasets/workout/yoru0511workout/yoru0511workout_whole_session_20260511_180608.csv,yoru0511workout,db_weighted_crunch,1,6,258623,258916,258658,258942,0.8088
datasets/workout/yoru0511workout/yoru0511workout_whole_session_20260511_180608.csv,yoru0511workout,db_weighted_crunch,1,7,258916,259236,258942,259246,0.8909
datasets/workout/yoru0511workout/yoru0511workout_whole_session_20260511_180608.csv,yoru0511workout,db_weighted_crunch,1,8,259236,259517,259246,259533,0.9125
datasets/workout/yoru0511workout/yoru0511workout_whole_session_20260511_180608.csv,yoru0511workout,db_weighted_crunch,1,9,259517,259814,259533,259833,0.8892
datasets/workout/yoru0511workout/yoru0511workout_whole_session_20260511_180608.csv,yoru0511workout,db_weighted_crunch,1,10,259814,260094,259833,260263,0.5813
datasets/workout/yoru0511workout/yoru0511workout_whole_session_20260511_180608.csv,yoru0511workout,db_weighted_crunch,1,11,260094,260263,259833,260263,0.393
datasets/workout/yoru0511workout/yoru0511workout_whole_session_20260511_180608.csv,yoru0511workout,db_weighted_crunch,2,0,266896,267007,266896,267242,0.3208
datasets/workout/yoru0511workout/yoru0511workout_whole_session_20260511_180608.csv,yoru0511workout,db_weighted_crunch,2,1,267007,267253,266896,267242,0.6583
datasets/workout/yoru0511workout/yoru0511workout_whole_session_20260511_180608.csv,yoru0511workout,db_weighted_crunch,2,2,267253,267562,267242,267577,0.9224
datasets/workout/yoru0511workout/yoru0511workout_whole_session_20260511_180608.csv,yoru0511workout,db_weighted_crunch,2,3,267562,267834,267577,267857,0.8712
datasets/workout/yoru0511workout/yoru0511workout_whole_session_20260511_180608.csv,yoru0511workout,db_weighted_crunch,2,4,267834,268095,267857,268153,0.7461
datasets/workout/yoru0511workout/yoru0511workout_whole_session_20260511_180608.csv,yoru0511workout,db_weighted_crunch,2,5,268095,268360,268153,268418,0.6409
datasets/workout/yoru0511workout/yoru0511workout_whole_session_20260511_180608.csv,yoru0511workout,db_weighted_crunch,2,6,268360,268654,268418,268717,0.6611
datasets/workout/yoru0511workout/yoru0511workout_whole_session_20260511_180608.csv,yoru0511workout,db_weighted_crunch,2,7,268654,268944,268717,268979,0.6985
datasets/workout/yoru0511workout/yoru0511workout_whole_session_20260511_180608.csv,yoru0511workout,db_weighted_crunch,2,8,268944,269223,268979,269263,0.7649
datasets/workout/yoru0511workout/yoru0511workout_whole_session_20260511_180608.csv,yoru0511workout,db_weighted_crunch,2,9,269223,269508,269263,269546,0.7585
datasets/workout/yoru0511workout/yoru0511workout_whole_session_20260511_180608.csv,yoru0511workout,db_weighted_crunch,2,10,269508,269804,269546,269943,0.5931
datasets/workout/yoru0511workout/yoru0511workout_whole_session_20260511_180608.csv,yoru0511workout,db_weighted_crunch,2,11,269804,269943,269546,269943,0.3501
datasets/workout/yoru0511workout/yoru0511workout_whole_session_20260511_180608.csv,yoru0511workout,db_shoulder_press,0,0,284796,284898,284796,285050,0.4016
datasets/workout/yoru0511workout/yoru0511workout_whole_session_20260511_180608.csv,yoru0511workout,db_shoulder_press,0,1,284898,285182,284796,285050,0.3938
datasets/workout/yoru0511workout/yoru0511workout_whole_session_20260511_180608.csv,yoru0511workout,db_shoulder_press,0,2,285182,285455,285050,285353,0.4222
datasets/workout/yoru0511workout/yoru0511workout_whole_session_20260511_180608.csv,yoru0511workout,db_shoulder_press,0,3,285455,285748,285353,285637,0.4608
datasets/workout/yoru0511workout/yoru0511workout_whole_session_20260511_180608.csv,yoru0511workout,db_shoulder_press,0,4,285748,286020,285637,285906,0.4125
datasets/workout/yoru0511workout/yoru0511workout_whole_session_20260511_180608.csv,yoru0511workout,db_shoulder_press,0,5,286020,286301,285906,286182,0.4101
datasets/workout/yoru0511workout/yoru0511workout_whole_session_20260511_180608.csv,yoru0511workout,db_shoulder_press,0,6,286301,286586,286182,286493,0.4752
datasets/workout/yoru0511workout/yoru0511workout_whole_session_20260511_180608.csv,yoru0511workout,db_shoulder_press,0,7,286586,286875,286493,286808,0.5812
datasets/workout/yoru0511workout/yoru0511workout_whole_session_20260511_180608.csv,yoru0511workout,db_shoulder_press,0,8,286875,287155,286808,287060,0.5331
datasets/workout/yoru0511workout/yoru0511workout_whole_session_20260511_180608.csv,yoru0511workout,db_shoulder_press,0,9,287155,287426,287060,287295,0.3825
datasets/workout/yoru0511workout/yoru0511workout_whole_session_20260511_180608.csv,yoru0511workout,db_shoulder_press,0,10,287426,287754,287295,287657,0.5033
datasets/workout/yoru0511workout/yoru0511workout_whole_session_20260511_180608.csv,yoru0511workout,db_shoulder_press,0,11,287754,287865,287657,287865,0.5337
datasets/workout/yoru0511workout/yoru0511workout_whole_session_20260511_180608.csv,yoru0511workout,db_shoulder_press,1,0,293266,293388,293266,293622,0.3427
datasets/workout/yoru0511workout/yoru0511workout_whole_session_20260511_180608.csv,yoru0511workout,db_shoulder_press,1,1,293388,293641,293266,293622,0.624
datasets/workout/yoru0511workout/yoru0511workout_whole_session_20260511_180608.csv,yoru0511workout,db_shoulder_press,1,2,293641,293881,293622,293894,0.8824
datasets/workout/yoru0511workout/yoru0511workout_whole_session_20260511_180608.csv,yoru0511workout,db_shoulder_press,1,3,293881,294165,293894,294171,0.9345
datasets/workout/yoru0511workout/yoru0511workout_whole_session_20260511_180608.csv,yoru0511workout,db_shoulder_press,1,4,294165,294449,294171,294361,0.669
datasets/workout/yoru0511workout/yoru0511workout_whole_session_20260511_180608.csv,yoru0511workout,db_shoulder_press,1,5,294449,294731,294361,294749,0.7268
datasets/workout/yoru0511workout/yoru0511workout_whole_session_20260511_180608.csv,yoru0511workout,db_shoulder_press,1,6,294731,295033,294749,294942,0.6391
datasets/workout/yoru0511workout/yoru0511workout_whole_session_20260511_180608.csv,yoru0511workout,db_shoulder_press,1,7,295033,295317,294942,295214,0.4827
datasets/workout/yoru0511workout/yoru0511workout_whole_session_20260511_180608.csv,yoru0511workout,db_shoulder_press,1,8,295317,295586,295214,295509,0.5161
datasets/workout/yoru0511workout/yoru0511workout_whole_session_20260511_180608.csv,yoru0511workout,db_shoulder_press,1,9,295586,295913,295509,295835,0.6163
datasets/workout/yoru0511workout/yoru0511workout_whole_session_20260511_180608.csv,yoru0511workout,db_shoulder_press,1,10,295913,296208,295835,296121,0.5576
datasets/workout/yoru0511workout/yoru0511workout_whole_session_20260511_180608.csv,yoru0511workout,db_shoulder_press,1,11,296208,296348,296121,296348,0.6167
datasets/workout/yoru0511workout/yoru0511workout_whole_session_20260511_180608.csv,yoru0511workout,db_shoulder_press,2,0,302729,302841,302729,303088,0.312
datasets/workout/yoru0511workout/yoru0511workout_whole_session_20260511_180608.csv,yoru0511workout,db_shoulder_press,2,1,302841,303108,302729,303088,0.6517
datasets/workout/yoru0511workout/yoru0511workout_whole_session_20260511_180608.csv,yoru0511workout,db_shoulder_press,2,2,303108,303373,303088,303240,0.4632
datasets/workout/yoru0511workout/yoru0511workout_whole_session_20260511_180608.csv,yoru0511workout,db_shoulder_press,2,3,303373,303661,303240,303555,0.4323
datasets/workout/yoru0511workout/yoru0511workout_whole_session_20260511_180608.csv,yoru0511workout,db_shoulder_press,2,4,303661,303947,303555,303821,0.4082
datasets/workout/yoru0511workout/yoru0511workout_whole_session_20260511_180608.csv,yoru0511workout,db_shoulder_press,2,5,303947,304210,303821,304116,0.4344
datasets/workout/yoru0511workout/yoru0511workout_whole_session_20260511_180608.csv,yoru0511workout,db_shoulder_press,2,6,304210,304505,304116,304374,0.4216
datasets/workout/yoru0511workout/yoru0511workout_whole_session_20260511_180608.csv,yoru0511workout,db_shoulder_press,2,7,304505,304742,304374,304697,0.5217
datasets/workout/yoru0511workout/yoru0511workout_whole_session_20260511_180608.csv,yoru0511workout,db_shoulder_press,2,8,304742,305014,304697,304931,0.5962
datasets/workout/yoru0511workout/yoru0511workout_whole_session_20260511_180608.csv,yoru0511workout,db_shoulder_press,2,9,305014,305263,304931,305129,0.3464
datasets/workout/yoru0511workout/yoru0511workout_whole_session_20260511_180608.csv,yoru0511workout,db_shoulder_press,2,10,305263,305547,305129,305479,0.5167
datasets/workout/yoru0511workout/yoru0511workout_whole_session_20260511_180608.csv,yoru0511workout,db_shoulder_press,2,11,305547,305689,305479,305689,0.6762
datasets/workout/yoru0511workout/yoru0511workout_whole_session_20260511_180608.csv,yoru0511workout,db_biceps_curl,0,0,320083,320215,320083,320383,0.44
datasets/workout/yoru0511workout/yoru0511workout_whole_session_20260511_180608.csv,yoru0511workout,db_biceps_curl,0,1,320215,320498,320083,320383,0.4048
datasets/workout/yoru0511workout/yoru0511workout_whole_session_20260511_180608.csv,yoru0511workout,db_biceps_curl,0,2,320498,320807,320383,320674,0.4151
datasets/workout/yoru0511workout/yoru0511workout_whole_session_20260511_180608.csv,yoru0511workout,db_biceps_curl,0,3,320807,321132,320674,321144,0.6915
datasets/workout/yoru0511workout/yoru0511workout_whole_session_20260511_180608.csv,yoru0511workout,db_biceps_curl,0,4,321132,321425,321144,321321,0.6041
datasets/workout/yoru0511workout/yoru0511workout_whole_session_20260511_180608.csv,yoru0511workout,db_biceps_curl,0,5,321425,321730,321321,321756,0.7011
datasets/workout/yoru0511workout/yoru0511workout_whole_session_20260511_180608.csv,yoru0511workout,db_biceps_curl,0,6,321730,322051,321756,322076,0.8526
datasets/workout/yoru0511workout/yoru0511workout_whole_session_20260511_180608.csv,yoru0511workout,db_biceps_curl,0,7,322051,322394,322076,322255,0.5219
datasets/workout/yoru0511workout/yoru0511workout_whole_session_20260511_180608.csv,yoru0511workout,db_biceps_curl,0,8,322394,322620,322255,322620,0.6192
datasets/workout/yoru0511workout/yoru0511workout_whole_session_20260511_180608.csv,yoru0511workout,db_biceps_curl,1,0,335419,335532,335419,335680,0.433
datasets/workout/yoru0511workout/yoru0511workout_whole_session_20260511_180608.csv,yoru0511workout,db_biceps_curl,1,1,335532,335789,335419,335680,0.4
datasets/workout/yoru0511workout/yoru0511workout_whole_session_20260511_180608.csv,yoru0511workout,db_biceps_curl,1,2,335789,336048,335680,336068,0.6675
datasets/workout/yoru0511workout/yoru0511workout_whole_session_20260511_180608.csv,yoru0511workout,db_biceps_curl,1,3,336048,336324,336068,336340,0.8767
datasets/workout/yoru0511workout/yoru0511workout_whole_session_20260511_180608.csv,yoru0511workout,db_biceps_curl,1,4,336324,336583,336340,336606,0.8617
datasets/workout/yoru0511workout/yoru0511workout_whole_session_20260511_180608.csv,yoru0511workout,db_biceps_curl,1,5,336583,336874,336606,336877,0.9116
datasets/workout/yoru0511workout/yoru0511workout_whole_session_20260511_180608.csv,yoru0511workout,db_biceps_curl,1,6,336874,337134,336877,337159,0.9018
datasets/workout/yoru0511workout/yoru0511workout_whole_session_20260511_180608.csv,yoru0511workout,db_biceps_curl,1,7,337134,337431,337159,337460,0.8344
datasets/workout/yoru0511workout/yoru0511workout_whole_session_20260511_180608.csv,yoru0511workout,db_biceps_curl,1,8,337431,337738,337460,337615,0.5049
datasets/workout/yoru0511workout/yoru0511workout_whole_session_20260511_180608.csv,yoru0511workout,db_biceps_curl,1,9,337738,338040,337615,337913,0.4118
datasets/workout/yoru0511workout/yoru0511workout_whole_session_20260511_180608.csv,yoru0511workout,db_biceps_curl,1,10,338040,338352,337913,338224,0.4191
datasets/workout/yoru0511workout/yoru0511workout_whole_session_20260511_180608.csv,yoru0511workout,db_biceps_curl,1,11,338352,338520,338224,338520,0.5676
datasets/workout/yoru0511workout/yoru0511workout_whole_session_20260511_180608.csv,yoru0511workout,db_biceps_curl,2,0,344459,344558,344459,344708,0.3976
datasets/workout/yoru0511workout/yoru0511workout_whole_session_20260511_180608.csv,yoru0511workout,db_biceps_curl,2,1,344558,344794,344459,344708,0.4478
datasets/workout/yoru0511workout/yoru0511workout_whole_session_20260511_180608.csv,yoru0511workout,db_biceps_curl,2,2,344794,345051,344708,344943,0.4344
datasets/workout/yoru0511workout/yoru0511workout_whole_session_20260511_180608.csv,yoru0511workout,db_biceps_curl,2,3,345051,345327,344943,345346,0.6849
datasets/workout/yoru0511workout/yoru0511workout_whole_session_20260511_180608.csv,yoru0511workout,db_biceps_curl,2,4,345327,345605,345346,345626,0.8662
datasets/workout/yoru0511workout/yoru0511workout_whole_session_20260511_180608.csv,yoru0511workout,db_biceps_curl,2,5,345605,345917,345626,345944,0.8584
datasets/workout/yoru0511workout/yoru0511workout_whole_session_20260511_180608.csv,yoru0511workout,db_biceps_curl,2,6,345917,346233,345944,346113,0.5348
datasets/workout/yoru0511workout/yoru0511workout_whole_session_20260511_180608.csv,yoru0511workout,db_biceps_curl,2,7,346233,346524,346113,346549,0.6674
datasets/workout/yoru0511workout/yoru0511workout_whole_session_20260511_180608.csv,yoru0511workout,db_biceps_curl,2,8,346524,346855,346549,346718,0.5106
datasets/workout/yoru0511workout/yoru0511workout_whole_session_20260511_180608.csv,yoru0511workout,db_biceps_curl,2,9,346855,347192,346718,347082,0.4789
datasets/workout/yoru0511workout/yoru0511workout_whole_session_20260511_180608.csv,yoru0511workout,db_biceps_curl,2,10,347192,347508,347082,347374,0.4272
datasets/workout/yoru0511workout/yoru0511workout_whole_session_20260511_180608.csv,yoru0511workout,db_biceps_curl,2,11,347508,347672,347374,347672,0.5503
datasets/workout/yoru0511workout/yoru0511workout_whole_session_20260511_180608.csv,yoru0511workout,db_biceps_curl,3,0,354328,354479,354328,354641,0.4824
datasets/workout/yoru0511workout/yoru0511workout_whole_session_20260511_180608.csv,yoru0511workout,db_biceps_curl,3,1,354479,354752,354328,354641,0.3821
datasets/workout/yoru0511workout/yoru0511workout_whole_session_20260511_180608.csv,yoru0511workout,db_biceps_curl,3,2,354752,355019,354641,354896,0.381
datasets/workout/yoru0511workout/yoru0511workout_whole_session_20260511_180608.csv,yoru0511workout,db_biceps_curl,3,3,355019,355301,354896,355163,0.3556
datasets/workout/yoru0511workout/yoru0511workout_whole_session_20260511_180608.csv,yoru0511workout,db_biceps_curl,3,4,355301,355620,355163,355487,0.407
datasets/workout/yoru0511workout/yoru0511workout_whole_session_20260511_180608.csv,yoru0511workout,db_biceps_curl,3,5,355620,355910,355487,355770,0.3546
datasets/workout/yoru0511workout/yoru0511workout_whole_session_20260511_180608.csv,yoru0511workout,db_biceps_curl,3,6,355910,356265,355770,356107,0.398
datasets/workout/yoru0511workout/yoru0511workout_whole_session_20260511_180608.csv,yoru0511workout,db_biceps_curl,3,7,356265,356597,356107,356453,0.3837
datasets/workout/yoru0511workout/yoru0511workout_whole_session_20260511_180608.csv,yoru0511workout,db_biceps_curl,3,8,356597,357027,356453,356876,0.4861
datasets/workout/yoru0511workout/yoru0511workout_whole_session_20260511_180608.csv,yoru0511workout,db_biceps_curl,3,9,357027,357363,357192,357373,0.4942
datasets/workout/yoru0511workout/yoru0511workout_whole_session_20260511_180608.csv,yoru0511workout,db_biceps_curl,3,10,357363,357758,357373,357762,0.9649
datasets/workout/yoru0511workout/yoru0511workout_whole_session_20260511_180608.csv,yoru0511workout,db_biceps_curl,3,11,357758,358042,357762,358042,0.9859
datasets/workout/yoru0511workout/yoru0511workout_whole_session_20260511_180608.csv,yoru0511workout,db_triceps_curl,0,0,376635,376752,376635,377882,0.0938
datasets/workout/yoru0511workout/yoru0511workout_whole_session_20260511_180608.csv,yoru0511workout,db_triceps_curl,0,1,376752,377063,376635,377882,0.2494
datasets/workout/yoru0511workout/yoru0511workout_whole_session_20260511_180608.csv,yoru0511workout,db_triceps_curl,0,2,377063,377345,376635,377882,0.2261
datasets/workout/yoru0511workout/yoru0511workout_whole_session_20260511_180608.csv,yoru0511workout,db_triceps_curl,0,3,377345,377730,376635,377882,0.3087
datasets/workout/yoru0511workout/yoru0511workout_whole_session_20260511_180608.csv,yoru0511workout,db_triceps_curl,0,4,377730,378033,377882,378747,0.1485
datasets/workout/yoru0511workout/yoru0511workout_whole_session_20260511_180608.csv,yoru0511workout,db_triceps_curl,0,5,378033,378372,377882,378747,0.3919
datasets/workout/yoru0511workout/yoru0511workout_whole_session_20260511_180608.csv,yoru0511workout,db_triceps_curl,0,6,378372,378725,377882,378747,0.4081
datasets/workout/yoru0511workout/yoru0511workout_whole_session_20260511_180608.csv,yoru0511workout,db_triceps_curl,0,7,378725,379014,378747,379855,0.2363
datasets/workout/yoru0511workout/yoru0511workout_whole_session_20260511_180608.csv,yoru0511workout,db_triceps_curl,0,8,379014,379306,378747,379855,0.2635
datasets/workout/yoru0511workout/yoru0511workout_whole_session_20260511_180608.csv,yoru0511workout,db_triceps_curl,0,9,379306,379587,378747,379855,0.2536
datasets/workout/yoru0511workout/yoru0511workout_whole_session_20260511_180608.csv,yoru0511workout,db_triceps_curl,0,10,379587,379845,378747,379855,0.2329
datasets/workout/yoru0511workout/yoru0511workout_whole_session_20260511_180608.csv,yoru0511workout,db_triceps_curl,0,11,379845,380087,379855,380626,0.2971
datasets/workout/yoru0511workout/yoru0511workout_whole_session_20260511_180608.csv,yoru0511workout,db_triceps_curl,0,12,380087,380424,379855,380626,0.4371
datasets/workout/yoru0511workout/yoru0511workout_whole_session_20260511_180608.csv,yoru0511workout,db_triceps_curl,0,13,380424,380626,379855,380626,0.262
datasets/workout/yoru0511workout/yoru0511workout_whole_session_20260511_180608.csv,yoru0511workout,db_triceps_curl,1,0,388073,388185,388073,388274,0.5572
datasets/workout/yoru0511workout/yoru0511workout_whole_session_20260511_180608.csv,yoru0511workout,db_triceps_curl,1,1,388185,388404,388274,388652,0.2784
datasets/workout/yoru0511workout/yoru0511workout_whole_session_20260511_180608.csv,yoru0511workout,db_triceps_curl,1,2,388404,388626,388274,388652,0.5873
datasets/workout/yoru0511workout/yoru0511workout_whole_session_20260511_180608.csv,yoru0511workout,db_triceps_curl,1,3,388626,388881,388652,388876,0.8784
datasets/workout/yoru0511workout/yoru0511workout_whole_session_20260511_180608.csv,yoru0511workout,db_triceps_curl,1,4,388881,389112,388876,389153,0.8339
datasets/workout/yoru0511workout/yoru0511workout_whole_session_20260511_180608.csv,yoru0511workout,db_triceps_curl,1,5,389112,389420,389153,389428,0.8449
datasets/workout/yoru0511workout/yoru0511workout_whole_session_20260511_180608.csv,yoru0511workout,db_triceps_curl,1,6,389420,389655,389428,389652,0.9532
datasets/workout/yoru0511workout/yoru0511workout_whole_session_20260511_180608.csv,yoru0511workout,db_triceps_curl,1,7,389655,389940,389652,389952,0.95
datasets/workout/yoru0511workout/yoru0511workout_whole_session_20260511_180608.csv,yoru0511workout,db_triceps_curl,1,8,389940,390208,389952,390240,0.8533
datasets/workout/yoru0511workout/yoru0511workout_whole_session_20260511_180608.csv,yoru0511workout,db_triceps_curl,1,9,390208,390491,390240,390503,0.8508
datasets/workout/yoru0511workout/yoru0511workout_whole_session_20260511_180608.csv,yoru0511workout,db_triceps_curl,1,10,390491,390824,390503,390675,0.5165
datasets/workout/yoru0511workout/yoru0511workout_whole_session_20260511_180608.csv,yoru0511workout,db_triceps_curl,1,11,390824,390945,390675,390945,0.4481
datasets/workout/yoru0511workout/yoru0511workout_whole_session_20260511_180608.csv,yoru0511workout,db_triceps_curl,2,0,397307,397405,397307,397609,0.3245
datasets/workout/yoru0511workout/yoru0511workout_whole_session_20260511_180608.csv,yoru0511workout,db_triceps_curl,2,1,397405,397585,397307,397609,0.596
datasets/workout/yoru0511workout/yoru0511workout_whole_session_20260511_180608.csv,yoru0511workout,db_triceps_curl,2,2,397585,397856,397609,397868,0.8728
datasets/workout/yoru0511workout/yoru0511workout_whole_session_20260511_180608.csv,yoru0511workout,db_triceps_curl,2,3,397856,398113,397868,398123,0.9176
datasets/workout/yoru0511workout/yoru0511workout_whole_session_20260511_180608.csv,yoru0511workout,db_triceps_curl,2,4,398113,398351,398123,398378,0.8604
datasets/workout/yoru0511workout/yoru0511workout_whole_session_20260511_180608.csv,yoru0511workout,db_triceps_curl,2,5,398351,398622,398378,398623,0.8971
datasets/workout/yoru0511workout/yoru0511workout_whole_session_20260511_180608.csv,yoru0511workout,db_triceps_curl,2,6,398622,398875,398623,398881,0.973
datasets/workout/yoru0511workout/yoru0511workout_whole_session_20260511_180608.csv,yoru0511workout,db_triceps_curl,2,7,398875,399154,398881,399168,0.9317
datasets/workout/yoru0511workout/yoru0511workout_whole_session_20260511_180608.csv,yoru0511workout,db_triceps_curl,2,8,399154,399444,399168,399438,0.931
datasets/workout/yoru0511workout/yoru0511workout_whole_session_20260511_180608.csv,yoru0511workout,db_triceps_curl,2,9,399444,399759,399438,399603,0.4953
datasets/workout/yoru0511workout/yoru0511workout_whole_session_20260511_180608.csv,yoru0511workout,db_triceps_curl,2,10,399759,400018,399881,400140,0.3596
datasets/workout/yoru0511workout/yoru0511workout_whole_session_20260511_180608.csv,yoru0511workout,db_triceps_curl,2,11,400018,400140,399881,400140,0.471
datasets/workout/yoru0511workout/yoru0511workout_whole_session_20260511_180608.csv,yoru0511workout,db_squat,0,0,411680,411831,411680,411980,0.5033
datasets/workout/yoru0511workout/yoru0511workout_whole_session_20260511_180608.csv,yoru0511workout,db_squat,0,1,411831,412137,411680,411980,0.326
datasets/workout/yoru0511workout/yoru0511workout_whole_session_20260511_180608.csv,yoru0511workout,db_squat,0,2,412137,412403,411980,412408,0.6215
datasets/workout/yoru0511workout/yoru0511workout_whole_session_20260511_180608.csv,yoru0511workout,db_squat,0,3,412403,412675,412408,412682,0.957
datasets/workout/yoru0511workout/yoru0511workout_whole_session_20260511_180608.csv,yoru0511workout,db_squat,0,4,412675,412979,412682,412996,0.9252
datasets/workout/yoru0511workout/yoru0511workout_whole_session_20260511_180608.csv,yoru0511workout,db_squat,0,5,412979,413273,412996,413292,0.885
datasets/workout/yoru0511workout/yoru0511workout_whole_session_20260511_180608.csv,yoru0511workout,db_squat,0,6,413273,413588,413292,413599,0.908
datasets/workout/yoru0511workout/yoru0511workout_whole_session_20260511_180608.csv,yoru0511workout,db_squat,0,7,413588,413843,413599,413869,0.8683
datasets/workout/yoru0511workout/yoru0511workout_whole_session_20260511_180608.csv,yoru0511workout,db_squat,0,8,413843,414180,413869,414343,0.622
datasets/workout/yoru0511workout/yoru0511workout_whole_session_20260511_180608.csv,yoru0511workout,db_squat,0,9,414180,414492,414343,414651,0.3163
datasets/workout/yoru0511workout/yoru0511workout_whole_session_20260511_180608.csv,yoru0511workout,db_squat,0,10,414492,414810,414651,414941,0.3541
datasets/workout/yoru0511workout/yoru0511workout_whole_session_20260511_180608.csv,yoru0511workout,db_squat,0,11,414810,414941,414651,414941,0.4517
datasets/workout/yoru0511workout/yoru0511workout_whole_session_20260511_180608.csv,yoru0511workout,db_squat,1,0,425030,425163,425030,425438,0.326
datasets/workout/yoru0511workout/yoru0511workout_whole_session_20260511_180608.csv,yoru0511workout,db_squat,1,1,425163,425456,425030,425438,0.6455
datasets/workout/yoru0511workout/yoru0511workout_whole_session_20260511_180608.csv,yoru0511workout,db_squat,1,2,425456,425758,425438,425644,0.5875
datasets/workout/yoru0511workout/yoru0511workout_whole_session_20260511_180608.csv,yoru0511workout,db_squat,1,3,425758,426057,425644,426065,0.7102
datasets/workout/yoru0511workout/yoru0511workout_whole_session_20260511_180608.csv,yoru0511workout,db_squat,1,4,426057,426353,426065,426387,0.8727
datasets/workout/yoru0511workout/yoru0511workout_whole_session_20260511_180608.csv,yoru0511workout,db_squat,1,5,426353,426700,426387,426715,0.8646
datasets/workout/yoru0511workout/yoru0511workout_whole_session_20260511_180608.csv,yoru0511workout,db_squat,1,6,426700,427036,426715,427038,0.9497
datasets/workout/yoru0511workout/yoru0511workout_whole_session_20260511_180608.csv,yoru0511workout,db_squat,1,7,427036,427371,427038,427212,0.5194
datasets/workout/yoru0511workout/yoru0511workout_whole_session_20260511_180608.csv,yoru0511workout,db_squat,1,8,427371,427702,427534,427854,0.3478
datasets/workout/yoru0511workout/yoru0511workout_whole_session_20260511_180608.csv,yoru0511workout,db_squat,1,9,427702,428038,427854,428194,0.374
datasets/workout/yoru0511workout/yoru0511workout_whole_session_20260511_180608.csv,yoru0511workout,db_squat,1,10,428038,428369,428194,428503,0.3763
datasets/workout/yoru0511workout/yoru0511workout_whole_session_20260511_180608.csv,yoru0511workout,db_squat,1,11,428369,428503,428194,428503,0.4337
datasets/workout/yoru0511workout/yoru0511workout_whole_session_20260511_180608.csv,yoru0511workout,db_squat,2,0,438220,438340,438220,438629,0.2934
datasets/workout/yoru0511workout/yoru0511workout_whole_session_20260511_180608.csv,yoru0511workout,db_squat,2,1,438340,438615,438220,438629,0.6724
datasets/workout/yoru0511workout/yoru0511workout_whole_session_20260511_180608.csv,yoru0511workout,db_squat,2,2,438615,438926,438629,438927,0.9519
datasets/workout/yoru0511workout/yoru0511workout_whole_session_20260511_180608.csv,yoru0511workout,db_squat,2,3,438926,439220,438927,439231,0.9607
datasets/workout/yoru0511workout/yoru0511workout_whole_session_20260511_180608.csv,yoru0511workout,db_squat,2,4,439220,439526,439231,439527,0.9609
datasets/workout/yoru0511workout/yoru0511workout_whole_session_20260511_180608.csv,yoru0511workout,db_squat,2,5,439526,439873,439527,439885,0.9638
datasets/workout/yoru0511workout/yoru0511workout_whole_session_20260511_180608.csv,yoru0511workout,db_squat,2,6,439873,440186,439885,440137,0.8051
datasets/workout/yoru0511workout/yoru0511workout_whole_session_20260511_180608.csv,yoru0511workout,db_squat,2,7,440186,440490,440137,440324,0.3909
datasets/workout/yoru0511workout/yoru0511workout_whole_session_20260511_180608.csv,yoru0511workout,db_squat,2,8,440490,440845,440324,440705,0.4127
datasets/workout/yoru0511workout/yoru0511workout_whole_session_20260511_180608.csv,yoru0511workout,db_squat,2,9,440845,441173,440705,441028,0.391
datasets/workout/yoru0511workout/yoru0511workout_whole_session_20260511_180608.csv,yoru0511workout,db_squat,2,10,441173,441517,441329,441663,0.3837
datasets/workout/yoru0511workout/yoru0511workout_whole_session_20260511_180608.csv,yoru0511workout,db_squat,2,11,441517,441663,441329,441663,0.4371
datasets/workout/yushuan0513workout/yushuan0513workout_whole_session_20260513_144737.csv,yushuan0513workout,db_bench_press,0,0,189,557,189,597,0.902
datasets/workout/yushuan0513workout/yushuan0513workout_whole_session_20260513_144737.csv,yushuan0513workout,db_bench_press,0,1,557,1011,597,1124,0.7302
datasets/workout/yushuan0513workout/yushuan0513workout_whole_session_20260513_144737.csv,yushuan0513workout,db_bench_press,0,2,1011,1395,1124,1582,0.4746
datasets/workout/yushuan0513workout/yushuan0513workout_whole_session_20260513_144737.csv,yushuan0513workout,db_bench_press,0,3,1395,1817,1582,1985,0.3983
datasets/workout/yushuan0513workout/yushuan0513workout_whole_session_20260513_144737.csv,yushuan0513workout,db_bench_press,0,4,1817,2284,1985,2346,0.5652
datasets/workout/yushuan0513workout/yushuan0513workout_whole_session_20260513_144737.csv,yushuan0513workout,db_bench_press,0,5,2284,2842,2346,2661,0.5645
datasets/workout/yushuan0513workout/yushuan0513workout_whole_session_20260513_144737.csv,yushuan0513workout,db_bench_press,0,6,2842,3249,2661,3127,0.4847
datasets/workout/yushuan0513workout/yushuan0513workout_whole_session_20260513_144737.csv,yushuan0513workout,db_bench_press,0,7,3249,3661,3127,3670,0.7587
datasets/workout/yushuan0513workout/yushuan0513workout_whole_session_20260513_144737.csv,yushuan0513workout,db_bench_press,0,8,3661,4089,3670,3903,0.5444
datasets/workout/yushuan0513workout/yushuan0513workout_whole_session_20260513_144737.csv,yushuan0513workout,db_bench_press,0,9,4089,4452,3903,4475,0.6346
datasets/workout/yushuan0513workout/yushuan0513workout_whole_session_20260513_144737.csv,yushuan0513workout,db_bench_press,0,10,4452,4877,4475,4753,0.6541
datasets/workout/yushuan0513workout/yushuan0513workout_whole_session_20260513_144737.csv,yushuan0513workout,db_bench_press,0,11,4877,5220,4753,5220,0.7345
datasets/workout/yushuan0513workout/yushuan0513workout_whole_session_20260513_144737.csv,yushuan0513workout,db_bench_press,1,0,11562,11898,11562,12809,0.2694
datasets/workout/yushuan0513workout/yushuan0513workout_whole_session_20260513_144737.csv,yushuan0513workout,db_bench_press,1,1,11898,12173,11562,12809,0.2205
datasets/workout/yushuan0513workout/yushuan0513workout_whole_session_20260513_144737.csv,yushuan0513workout,db_bench_press,1,2,12173,12504,11562,12809,0.2654
datasets/workout/yushuan0513workout/yushuan0513workout_whole_session_20260513_144737.csv,yushuan0513workout,db_bench_press,1,3,12504,12886,11562,12809,0.2304
datasets/workout/yushuan0513workout/yushuan0513workout_whole_session_20260513_144737.csv,yushuan0513workout,db_bench_press,1,4,12886,13313,12809,13916,0.3857
datasets/workout/yushuan0513workout/yushuan0513workout_whole_session_20260513_144737.csv,yushuan0513workout,db_bench_press,1,5,13313,13660,12809,13916,0.3135
datasets/workout/yushuan0513workout/yushuan0513workout_whole_session_20260513_144737.csv,yushuan0513workout,db_bench_press,1,6,13660,14074,12809,13916,0.2024
datasets/workout/yushuan0513workout/yushuan0513workout_whole_session_20260513_144737.csv,yushuan0513workout,db_bench_press,1,7,14074,14420,13916,15278,0.254
datasets/workout/yushuan0513workout/yushuan0513workout_whole_session_20260513_144737.csv,yushuan0513workout,db_bench_press,1,8,14420,14795,13916,15278,0.2753
datasets/workout/yushuan0513workout/yushuan0513workout_whole_session_20260513_144737.csv,yushuan0513workout,db_bench_press,1,9,14795,15224,13916,15278,0.315
datasets/workout/yushuan0513workout/yushuan0513workout_whole_session_20260513_144737.csv,yushuan0513workout,db_bench_press,1,10,15224,15668,15278,16023,0.4881
datasets/workout/yushuan0513workout/yushuan0513workout_whole_session_20260513_144737.csv,yushuan0513workout,db_bench_press,1,11,15668,16023,15278,16023,0.4765
datasets/workout/yushuan0513workout/yushuan0513workout_whole_session_20260513_144737.csv,yushuan0513workout,db_bench_press,2,0,28488,28679,28564,28679,0.6021
datasets/workout/yushuan0513workout/yushuan0513workout_whole_session_20260513_144737.csv,yushuan0513workout,db_bench_press,3,0,29239,29548,29239,29750,0.6047
datasets/workout/yushuan0513workout/yushuan0513workout_whole_session_20260513_144737.csv,yushuan0513workout,db_bench_press,3,1,29548,29957,29750,30051,0.4115
datasets/workout/yushuan0513workout/yushuan0513workout_whole_session_20260513_144737.csv,yushuan0513workout,db_bench_press,3,2,29957,30411,30051,30641,0.5263
datasets/workout/yushuan0513workout/yushuan0513workout_whole_session_20260513_144737.csv,yushuan0513workout,db_bench_press,3,3,30411,30846,30051,30641,0.2893
datasets/workout/yushuan0513workout/yushuan0513workout_whole_session_20260513_144737.csv,yushuan0513workout,db_bench_press,3,4,30846,31292,30641,31147,0.4624
datasets/workout/yushuan0513workout/yushuan0513workout_whole_session_20260513_144737.csv,yushuan0513workout,db_bench_press,3,5,31292,31768,31147,31710,0.6731
datasets/workout/yushuan0513workout/yushuan0513workout_whole_session_20260513_144737.csv,yushuan0513workout,db_bench_press,3,6,31768,32367,31710,32095,0.4977
datasets/workout/yushuan0513workout/yushuan0513workout_whole_session_20260513_144737.csv,yushuan0513workout,db_bench_press,3,7,32367,32500,32095,32500,0.3284
datasets/workout/yushuan0513workout/yushuan0513workout_whole_session_20260513_144737.csv,yushuan0513workout,one_arm_db_row,0,0,83302,83616,83302,83804,0.6255
datasets/workout/yushuan0513workout/yushuan0513workout_whole_session_20260513_144737.csv,yushuan0513workout,one_arm_db_row,0,1,83616,83989,83804,84084,0.3953
datasets/workout/yushuan0513workout/yushuan0513workout_whole_session_20260513_144737.csv,yushuan0513workout,one_arm_db_row,0,2,83989,84340,84084,84343,0.7232
datasets/workout/yushuan0513workout/yushuan0513workout_whole_session_20260513_144737.csv,yushuan0513workout,one_arm_db_row,0,3,84340,84735,84343,84960,0.6323
datasets/workout/yushuan0513workout/yushuan0513workout_whole_session_20260513_144737.csv,yushuan0513workout,one_arm_db_row,0,4,84735,85162,84960,85369,0.3186
datasets/workout/yushuan0513workout/yushuan0513workout_whole_session_20260513_144737.csv,yushuan0513workout,one_arm_db_row,0,5,85162,85570,85369,85593,0.4664
datasets/workout/yushuan0513workout/yushuan0513workout_whole_session_20260513_144737.csv,yushuan0513workout,one_arm_db_row,0,6,85570,85957,85593,85948,0.9173
datasets/workout/yushuan0513workout/yushuan0513workout_whole_session_20260513_144737.csv,yushuan0513workout,one_arm_db_row,0,7,85957,86352,85948,86381,0.9122
datasets/workout/yushuan0513workout/yushuan0513workout_whole_session_20260513_144737.csv,yushuan0513workout,one_arm_db_row,0,8,86352,86735,86381,86777,0.8329
datasets/workout/yushuan0513workout/yushuan0513workout_whole_session_20260513_144737.csv,yushuan0513workout,one_arm_db_row,0,9,86735,87186,86777,87249,0.7957
datasets/workout/yushuan0513workout/yushuan0513workout_whole_session_20260513_144737.csv,yushuan0513workout,one_arm_db_row,0,10,87186,87619,87249,87623,0.8467
datasets/workout/yushuan0513workout/yushuan0513workout_whole_session_20260513_144737.csv,yushuan0513workout,one_arm_db_row,0,11,87619,87981,87623,87981,0.989
datasets/workout/yushuan0513workout/yushuan0513workout_whole_session_20260513_144737.csv,yushuan0513workout,one_arm_db_row,1,0,124830,125239,124830,125251,0.9715
datasets/workout/yushuan0513workout/yushuan0513workout_whole_session_20260513_144737.csv,yushuan0513workout,one_arm_db_row,1,1,125239,125584,125251,125614,0.888
datasets/workout/yushuan0513workout/yushuan0513workout_whole_session_20260513_144737.csv,yushuan0513workout,one_arm_db_row,1,2,125584,125953,125614,125955,0.9137
datasets/workout/yushuan0513workout/yushuan0513workout_whole_session_20260513_144737.csv,yushuan0513workout,one_arm_db_row,1,3,125953,126284,125955,126289,0.9792
datasets/workout/yushuan0513workout/yushuan0513workout_whole_session_20260513_144737.csv,yushuan0513workout,one_arm_db_row,1,4,126284,126643,126289,126800,0.686
datasets/workout/yushuan0513workout/yushuan0513workout_whole_session_20260513_144737.csv,yushuan0513workout,one_arm_db_row,1,5,126643,126974,126800,127155,0.3398
datasets/workout/yushuan0513workout/yushuan0513workout_whole_session_20260513_144737.csv,yushuan0513workout,one_arm_db_row,1,6,126974,127330,126800,127155,0.3415
datasets/workout/yushuan0513workout/yushuan0513workout_whole_session_20260513_144737.csv,yushuan0513workout,one_arm_db_row,1,7,127330,127656,127155,127494,0.3273
datasets/workout/yushuan0513workout/yushuan0513workout_whole_session_20260513_144737.csv,yushuan0513workout,one_arm_db_row,1,8,127656,127984,127494,127975,0.651
datasets/workout/yushuan0513workout/yushuan0513workout_whole_session_20260513_144737.csv,yushuan0513workout,one_arm_db_row,1,9,127984,128340,127975,128339,0.9726
datasets/workout/yushuan0513workout/yushuan0513workout_whole_session_20260513_144737.csv,yushuan0513workout,one_arm_db_row,1,10,128340,128687,128339,128735,0.8763
datasets/workout/yushuan0513workout/yushuan0513workout_whole_session_20260513_144737.csv,yushuan0513workout,one_arm_db_row,1,11,128687,129017,128735,129017,0.8545
datasets/workout/yushuan0513workout/yushuan0513workout_whole_session_20260513_144737.csv,yushuan0513workout,one_arm_db_row,2,0,144426,144688,144426,144848,0.6209
datasets/workout/yushuan0513workout/yushuan0513workout_whole_session_20260513_144737.csv,yushuan0513workout,one_arm_db_row,2,1,144688,144998,144848,145150,0.3247
datasets/workout/yushuan0513workout/yushuan0513workout_whole_session_20260513_144737.csv,yushuan0513workout,one_arm_db_row,2,2,144998,145284,144848,145150,0.3486
datasets/workout/yushuan0513workout/yushuan0513workout_whole_session_20260513_144737.csv,yushuan0513workout,one_arm_db_row,2,3,145284,145597,145150,145485,0.4497
datasets/workout/yushuan0513workout/yushuan0513workout_whole_session_20260513_144737.csv,yushuan0513workout,one_arm_db_row,2,4,145597,145915,145485,145778,0.4209
datasets/workout/yushuan0513workout/yushuan0513workout_whole_session_20260513_144737.csv,yushuan0513workout,one_arm_db_row,2,5,145915,146223,145778,146080,0.3708
datasets/workout/yushuan0513workout/yushuan0513workout_whole_session_20260513_144737.csv,yushuan0513workout,one_arm_db_row,2,6,146223,146509,146080,146408,0.4312
datasets/workout/yushuan0513workout/yushuan0513workout_whole_session_20260513_144737.csv,yushuan0513workout,one_arm_db_row,2,7,146509,146827,146408,146811,0.7208
datasets/workout/yushuan0513workout/yushuan0513workout_whole_session_20260513_144737.csv,yushuan0513workout,one_arm_db_row,2,8,146827,147134,146811,147022,0.6037
datasets/workout/yushuan0513workout/yushuan0513workout_whole_session_20260513_144737.csv,yushuan0513workout,one_arm_db_row,2,9,147134,147440,147022,147295,0.3852
datasets/workout/yushuan0513workout/yushuan0513workout_whole_session_20260513_144737.csv,yushuan0513workout,one_arm_db_row,2,10,147440,147707,147295,147743,0.596
datasets/workout/yushuan0513workout/yushuan0513workout_whole_session_20260513_144737.csv,yushuan0513workout,one_arm_db_row,2,11,147707,148023,147743,148023,0.8861
datasets/workout/yushuan0513workout/yushuan0513workout_whole_session_20260513_144737.csv,yushuan0513workout,db_rdl,0,0,172761,173250,172761,173300,0.9072
datasets/workout/yushuan0513workout/yushuan0513workout_whole_session_20260513_144737.csv,yushuan0513workout,db_rdl,0,1,173250,173843,173300,173666,0.6172
datasets/workout/yushuan0513workout/yushuan0513workout_whole_session_20260513_144737.csv,yushuan0513workout,db_rdl,0,2,173843,174278,173666,174096,0.4134
datasets/workout/yushuan0513workout/yushuan0513workout_whole_session_20260513_144737.csv,yushuan0513workout,db_rdl,0,3,174278,174760,174096,174546,0.4036
datasets/workout/yushuan0513workout/yushuan0513workout_whole_session_20260513_144737.csv,yushuan0513workout,db_rdl,0,4,174760,175196,174546,174992,0.3569
datasets/workout/yushuan0513workout/yushuan0513workout_whole_session_20260513_144737.csv,yushuan0513workout,db_rdl,0,5,175196,175646,174992,175451,0.3899
datasets/workout/yushuan0513workout/yushuan0513workout_whole_session_20260513_144737.csv,yushuan0513workout,db_rdl,0,6,175646,176089,175451,175893,0.3871
datasets/workout/yushuan0513workout/yushuan0513workout_whole_session_20260513_144737.csv,yushuan0513workout,db_rdl,0,7,176089,176564,176224,176560,0.7074
datasets/workout/yushuan0513workout/yushuan0513workout_whole_session_20260513_144737.csv,yushuan0513workout,db_rdl,0,8,176564,176999,176560,177019,0.9477
datasets/workout/yushuan0513workout/yushuan0513workout_whole_session_20260513_144737.csv,yushuan0513workout,db_rdl,0,9,176999,177480,177019,177440,0.8753
datasets/workout/yushuan0513workout/yushuan0513workout_whole_session_20260513_144737.csv,yushuan0513workout,db_rdl,0,10,177480,177882,177440,177914,0.8481
datasets/workout/yushuan0513workout/yushuan0513workout_whole_session_20260513_144737.csv,yushuan0513workout,db_rdl,0,11,177882,178310,177914,178310,0.9252
datasets/workout/yushuan0513workout/yushuan0513workout_whole_session_20260513_144737.csv,yushuan0513workout,db_rdl,1,0,214256,214707,214256,214918,0.6813
datasets/workout/yushuan0513workout/yushuan0513workout_whole_session_20260513_144737.csv,yushuan0513workout,db_rdl,1,1,214707,215070,214256,214918,0.2592
datasets/workout/yushuan0513workout/yushuan0513workout_whole_session_20260513_144737.csv,yushuan0513workout,db_rdl,1,2,215070,215440,214918,215603,0.5401
datasets/workout/yushuan0513workout/yushuan0513workout_whole_session_20260513_144737.csv,yushuan0513workout,db_rdl,1,3,215440,215818,214918,215603,0.1811
datasets/workout/yushuan0513workout/yushuan0513workout_whole_session_20260513_144737.csv,yushuan0513workout,db_rdl,1,4,215818,216287,215603,216699,0.4279
datasets/workout/yushuan0513workout/yushuan0513workout_whole_session_20260513_144737.csv,yushuan0513workout,db_rdl,1,5,216287,216664,215603,216699,0.344
datasets/workout/yushuan0513workout/yushuan0513workout_whole_session_20260513_144737.csv,yushuan0513workout,db_rdl,1,6,216664,217199,216699,217710,0.478
datasets/workout/yushuan0513workout/yushuan0513workout_whole_session_20260513_144737.csv,yushuan0513workout,db_rdl,1,7,217199,217573,216699,217710,0.3699
datasets/workout/yushuan0513workout/yushuan0513workout_whole_session_20260513_144737.csv,yushuan0513workout,db_rdl,1,8,217573,217949,217710,218362,0.3029
datasets/workout/yushuan0513workout/yushuan0513workout_whole_session_20260513_144737.csv,yushuan0513workout,db_rdl,1,9,217949,218333,217710,218362,0.589
datasets/workout/yushuan0513workout/yushuan0513workout_whole_session_20260513_144737.csv,yushuan0513workout,db_rdl,1,10,218333,218742,218362,219061,0.522
datasets/workout/yushuan0513workout/yushuan0513workout_whole_session_20260513_144737.csv,yushuan0513workout,db_rdl,1,11,218742,219061,218362,219061,0.4564
datasets/workout/yushuan0513workout/yushuan0513workout_whole_session_20260513_144737.csv,yushuan0513workout,db_rdl,2,0,232954,233345,232954,233190,0.6036
datasets/workout/yushuan0513workout/yushuan0513workout_whole_session_20260513_144737.csv,yushuan0513workout,db_rdl,2,1,233345,233740,233190,233555,0.3818
datasets/workout/yushuan0513workout/yushuan0513workout_whole_session_20260513_144737.csv,yushuan0513workout,db_rdl,2,2,233740,234108,233892,234287,0.3949
datasets/workout/yushuan0513workout/yushuan0513workout_whole_session_20260513_144737.csv,yushuan0513workout,db_rdl,2,3,234108,234476,234287,234537,0.4406
datasets/workout/yushuan0513workout/yushuan0513workout_whole_session_20260513_144737.csv,yushuan0513workout,db_rdl,2,4,234476,234890,234537,234942,0.7575
datasets/workout/yushuan0513workout/yushuan0513workout_whole_session_20260513_144737.csv,yushuan0513workout,db_rdl,2,5,234890,235324,234942,235182,0.553
datasets/workout/yushuan0513workout/yushuan0513workout_whole_session_20260513_144737.csv,yushuan0513workout,db_rdl,2,6,235324,235731,235182,235693,0.6721
datasets/workout/yushuan0513workout/yushuan0513workout_whole_session_20260513_144737.csv,yushuan0513workout,db_rdl,2,7,235731,236180,235693,235990,0.5318
datasets/workout/yushuan0513workout/yushuan0513workout_whole_session_20260513_144737.csv,yushuan0513workout,db_rdl,2,8,236180,236656,236202,236484,0.5924
datasets/workout/yushuan0513workout/yushuan0513workout_whole_session_20260513_144737.csv,yushuan0513workout,db_rdl,2,9,236656,237148,236915,237173,0.4507
datasets/workout/yushuan0513workout/yushuan0513workout_whole_session_20260513_144737.csv,yushuan0513workout,db_rdl,2,10,237148,237546,237173,237551,0.9256
datasets/workout/yushuan0513workout/yushuan0513workout_whole_session_20260513_144737.csv,yushuan0513workout,db_rdl,2,11,237546,237917,237551,237917,0.9865
datasets/workout/yushuan0513workout/yushuan0513workout_whole_session_20260513_144737.csv,yushuan0513workout,db_weighted_crunch,0,0,272075,272423,272075,272447,0.9355
datasets/workout/yushuan0513workout/yushuan0513workout_whole_session_20260513_144737.csv,yushuan0513workout,db_weighted_crunch,0,1,272423,272771,272447,272747,0.8621
datasets/workout/yushuan0513workout/yushuan0513workout_whole_session_20260513_144737.csv,yushuan0513workout,db_weighted_crunch,0,2,272771,273066,272747,273084,0.8754
datasets/workout/yushuan0513workout/yushuan0513workout_whole_session_20260513_144737.csv,yushuan0513workout,db_weighted_crunch,0,3,273066,273438,273084,273436,0.9462
datasets/workout/yushuan0513workout/yushuan0513workout_whole_session_20260513_144737.csv,yushuan0513workout,db_weighted_crunch,0,4,273438,273794,273436,273855,0.8496
datasets/workout/yushuan0513workout/yushuan0513workout_whole_session_20260513_144737.csv,yushuan0513workout,db_weighted_crunch,0,5,273794,274149,273855,274200,0.7241
datasets/workout/yushuan0513workout/yushuan0513workout_whole_session_20260513_144737.csv,yushuan0513workout,db_weighted_crunch,0,6,274149,274506,274200,274562,0.7409
datasets/workout/yushuan0513workout/yushuan0513workout_whole_session_20260513_144737.csv,yushuan0513workout,db_weighted_crunch,0,7,274506,274974,274562,275008,0.8207
datasets/workout/yushuan0513workout/yushuan0513workout_whole_session_20260513_144737.csv,yushuan0513workout,db_weighted_crunch,0,8,274974,275393,275008,275398,0.908
datasets/workout/yushuan0513workout/yushuan0513workout_whole_session_20260513_144737.csv,yushuan0513workout,db_weighted_crunch,0,9,275393,275740,275398,275779,0.886
datasets/workout/yushuan0513workout/yushuan0513workout_whole_session_20260513_144737.csv,yushuan0513workout,db_weighted_crunch,0,10,275740,276119,275779,276140,0.85
datasets/workout/yushuan0513workout/yushuan0513workout_whole_session_20260513_144737.csv,yushuan0513workout,db_weighted_crunch,0,11,276119,276473,276140,276473,0.9407
datasets/workout/yushuan0513workout/yushuan0513workout_whole_session_20260513_144737.csv,yushuan0513workout,db_weighted_crunch,1,0,283217,283514,283217,283774,0.5332
datasets/workout/yushuan0513workout/yushuan0513workout_whole_session_20260513_144737.csv,yushuan0513workout,db_weighted_crunch,1,1,283514,283790,283217,283774,0.4538
datasets/workout/yushuan0513workout/yushuan0513workout_whole_session_20260513_144737.csv,yushuan0513workout,db_weighted_crunch,1,2,283790,284128,283774,284119,0.9294
datasets/workout/yushuan0513workout/yushuan0513workout_whole_session_20260513_144737.csv,yushuan0513workout,db_weighted_crunch,1,3,284128,284503,284119,284464,0.875
datasets/workout/yushuan0513workout/yushuan0513workout_whole_session_20260513_144737.csv,yushuan0513workout,db_weighted_crunch,1,4,284503,284963,284464,284972,0.9055
datasets/workout/yushuan0513workout/yushuan0513workout_whole_session_20260513_144737.csv,yushuan0513workout,db_weighted_crunch,1,5,284963,285379,284972,285411,0.9085
datasets/workout/yushuan0513workout/yushuan0513workout_whole_session_20260513_144737.csv,yushuan0513workout,db_weighted_crunch,1,6,285379,285811,285411,285870,0.8147
datasets/workout/yushuan0513workout/yushuan0513workout_whole_session_20260513_144737.csv,yushuan0513workout,db_weighted_crunch,1,7,285811,286224,285870,286235,0.8349
datasets/workout/yushuan0513workout/yushuan0513workout_whole_session_20260513_144737.csv,yushuan0513workout,db_weighted_crunch,1,8,286224,286640,286235,286666,0.9163
datasets/workout/yushuan0513workout/yushuan0513workout_whole_session_20260513_144737.csv,yushuan0513workout,db_weighted_crunch,1,9,286640,287038,286666,287088,0.8304
datasets/workout/yushuan0513workout/yushuan0513workout_whole_session_20260513_144737.csv,yushuan0513workout,db_weighted_crunch,1,10,287038,287486,287088,287495,0.8709
datasets/workout/yushuan0513workout/yushuan0513workout_whole_session_20260513_144737.csv,yushuan0513workout,db_weighted_crunch,1,11,287486,287833,287495,287833,0.9741
datasets/workout/yushuan0513workout/yushuan0513workout_whole_session_20260513_144737.csv,yushuan0513workout,db_weighted_crunch,2,0,296430,296719,296430,296712,0.9758
datasets/workout/yushuan0513workout/yushuan0513workout_whole_session_20260513_144737.csv,yushuan0513workout,db_weighted_crunch,2,1,296719,297045,296712,297078,0.8907
datasets/workout/yushuan0513workout/yushuan0513workout_whole_session_20260513_144737.csv,yushuan0513workout,db_weighted_crunch,2,2,297045,297367,297078,297434,0.7429
datasets/workout/yushuan0513workout/yushuan0513workout_whole_session_20260513_144737.csv,yushuan0513workout,db_weighted_crunch,2,3,297367,297749,297434,297948,0.5422
datasets/workout/yushuan0513workout/yushuan0513workout_whole_session_20260513_144737.csv,yushuan0513workout,db_weighted_crunch,2,4,297749,298131,297948,298154,0.4519
datasets/workout/yushuan0513workout/yushuan0513workout_whole_session_20260513_144737.csv,yushuan0513workout,db_weighted_crunch,2,5,298131,298522,298154,298763,0.5823
datasets/workout/yushuan0513workout/yushuan0513workout_whole_session_20260513_144737.csv,yushuan0513workout,db_weighted_crunch,2,6,298522,298975,298763,299000,0.4435
datasets/workout/yushuan0513workout/yushuan0513workout_whole_session_20260513_144737.csv,yushuan0513workout,db_weighted_crunch,2,7,298975,299376,299000,299356,0.8878
datasets/workout/yushuan0513workout/yushuan0513workout_whole_session_20260513_144737.csv,yushuan0513workout,db_weighted_crunch,2,8,299376,299817,299356,299727,0.7614
datasets/workout/yushuan0513workout/yushuan0513workout_whole_session_20260513_144737.csv,yushuan0513workout,db_weighted_crunch,2,9,299817,300241,299727,300189,0.7237
datasets/workout/yushuan0513workout/yushuan0513workout_whole_session_20260513_144737.csv,yushuan0513workout,db_weighted_crunch,2,10,300241,300598,300189,300579,0.8264
datasets/workout/yushuan0513workout/yushuan0513workout_whole_session_20260513_144737.csv,yushuan0513workout,db_weighted_crunch,2,11,300598,300883,300579,300883,0.9375
datasets/workout/yushuan0513workout/yushuan0513workout_whole_session_20260513_144737.csv,yushuan0513workout,db_shoulder_press,0,0,351703,352085,351703,352325,0.6141
datasets/workout/yushuan0513workout/yushuan0513workout_whole_session_20260513_144737.csv,yushuan0513workout,db_shoulder_press,0,1,352085,352467,351703,352325,0.3141
datasets/workout/yushuan0513workout/yushuan0513workout_whole_session_20260513_144737.csv,yushuan0513workout,db_shoulder_press,0,2,352467,352876,352325,352713,0.4465
datasets/workout/yushuan0513workout/yushuan0513workout_whole_session_20260513_144737.csv,yushuan0513workout,db_shoulder_press,0,3,352876,353345,352713,353140,0.4177
datasets/workout/yushuan0513workout/yushuan0513workout_whole_session_20260513_144737.csv,yushuan0513workout,db_shoulder_press,0,4,353345,353725,353140,353749,0.624
datasets/workout/yushuan0513workout/yushuan0513workout_whole_session_20260513_144737.csv,yushuan0513workout,db_shoulder_press,0,5,353725,354164,353749,354183,0.9061
datasets/workout/yushuan0513workout/yushuan0513workout_whole_session_20260513_144737.csv,yushuan0513workout,db_shoulder_press,0,6,354164,354607,354183,354688,0.8092
datasets/workout/yushuan0513workout/yushuan0513workout_whole_session_20260513_144737.csv,yushuan0513workout,db_shoulder_press,0,7,354607,355069,354688,355149,0.703
datasets/workout/yushuan0513workout/yushuan0513workout_whole_session_20260513_144737.csv,yushuan0513workout,db_shoulder_press,0,8,355069,355550,355149,355627,0.7186
datasets/workout/yushuan0513workout/yushuan0513workout_whole_session_20260513_144737.csv,yushuan0513workout,db_shoulder_press,0,9,355550,356021,355627,356069,0.7592
datasets/workout/yushuan0513workout/yushuan0513workout_whole_session_20260513_144737.csv,yushuan0513workout,db_shoulder_press,0,10,356021,356439,356069,356450,0.8625
datasets/workout/yushuan0513workout/yushuan0513workout_whole_session_20260513_144737.csv,yushuan0513workout,db_shoulder_press,0,11,356439,356928,356450,356928,0.9775
datasets/workout/yushuan0513workout/yushuan0513workout_whole_session_20260513_144737.csv,yushuan0513workout,db_shoulder_press,1,0,373716,374086,373716,374125,0.9046
datasets/workout/yushuan0513workout/yushuan0513workout_whole_session_20260513_144737.csv,yushuan0513workout,db_shoulder_press,1,1,374086,374482,374125,374797,0.5021
datasets/workout/yushuan0513workout/yushuan0513workout_whole_session_20260513_144737.csv,yushuan0513workout,db_shoulder_press,1,2,374482,374939,374125,374797,0.387
datasets/workout/yushuan0513workout/yushuan0513workout_whole_session_20260513_144737.csv,yushuan0513workout,db_shoulder_press,1,3,374939,375392,374797,375232,0.4924
datasets/workout/yushuan0513workout/yushuan0513workout_whole_session_20260513_144737.csv,yushuan0513workout,db_shoulder_press,1,4,375392,375881,375508,375988,0.6258
datasets/workout/yushuan0513workout/yushuan0513workout_whole_session_20260513_144737.csv,yushuan0513workout,db_shoulder_press,1,5,375881,376400,375988,376509,0.6561
datasets/workout/yushuan0513workout/yushuan0513workout_whole_session_20260513_144737.csv,yushuan0513workout,db_shoulder_press,1,6,376400,376948,376509,376938,0.7828
datasets/workout/yushuan0513workout/yushuan0513workout_whole_session_20260513_144737.csv,yushuan0513workout,db_shoulder_press,1,7,376948,377397,376938,377476,0.8346
datasets/workout/yushuan0513workout/yushuan0513workout_whole_session_20260513_144737.csv,yushuan0513workout,db_shoulder_press,1,8,377397,377862,377476,378010,0.6297
datasets/workout/yushuan0513workout/yushuan0513workout_whole_session_20260513_144737.csv,yushuan0513workout,db_shoulder_press,1,9,377862,378429,378010,378500,0.6567
datasets/workout/yushuan0513workout/yushuan0513workout_whole_session_20260513_144737.csv,yushuan0513workout,db_shoulder_press,1,10,378429,378866,378500,378920,0.7454
datasets/workout/yushuan0513workout/yushuan0513workout_whole_session_20260513_144737.csv,yushuan0513workout,db_shoulder_press,1,11,378866,379317,378920,379317,0.8803
datasets/workout/yushuan0513workout/yushuan0513workout_whole_session_20260513_144737.csv,yushuan0513workout,db_shoulder_press,2,0,404439,404794,404439,404805,0.9699
datasets/workout/yushuan0513workout/yushuan0513workout_whole_session_20260513_144737.csv,yushuan0513workout,db_shoulder_press,2,1,404794,405230,404805,405640,0.5024
datasets/workout/yushuan0513workout/yushuan0513workout_whole_session_20260513_144737.csv,yushuan0513workout,db_shoulder_press,2,2,405230,405781,404805,405640,0.4201
datasets/workout/yushuan0513workout/yushuan0513workout_whole_session_20260513_144737.csv,yushuan0513workout,db_shoulder_press,2,3,405781,406254,405640,406063,0.4593
datasets/workout/yushuan0513workout/yushuan0513workout_whole_session_20260513_144737.csv,yushuan0513workout,db_shoulder_press,2,4,406254,406785,406483,407067,0.3715
datasets/workout/yushuan0513workout/yushuan0513workout_whole_session_20260513_144737.csv,yushuan0513workout,db_shoulder_press,2,5,406785,407337,406483,407067,0.3302
datasets/workout/yushuan0513workout/yushuan0513workout_whole_session_20260513_144737.csv,yushuan0513workout,db_shoulder_press,2,6,407337,407981,407067,407740,0.4409
datasets/workout/yushuan0513workout/yushuan0513workout_whole_session_20260513_144737.csv,yushuan0513workout,db_shoulder_press,2,7,407981,408515,407740,408284,0.391
datasets/workout/yushuan0513workout/yushuan0513workout_whole_session_20260513_144737.csv,yushuan0513workout,db_shoulder_press,2,8,408515,409211,408657,409211,0.796
datasets/workout/yushuan0513workout/yushuan0513workout_whole_session_20260513_144737.csv,yushuan0513workout,db_biceps_curl,0,0,442354,442674,442354,442666,0.975
datasets/workout/yushuan0513workout/yushuan0513workout_whole_session_20260513_144737.csv,yushuan0513workout,db_biceps_curl,0,1,442674,442934,442666,442927,0.944
datasets/workout/yushuan0513workout/yushuan0513workout_whole_session_20260513_144737.csv,yushuan0513workout,db_biceps_curl,0,2,442934,443194,442927,443198,0.9594
datasets/workout/yushuan0513workout/yushuan0513workout_whole_session_20260513_144737.csv,yushuan0513workout,db_biceps_curl,0,3,443194,443457,443198,443461,0.97
datasets/workout/yushuan0513workout/yushuan0513workout_whole_session_20260513_144737.csv,yushuan0513workout,db_biceps_curl,0,4,443457,443732,443461,443745,0.941
datasets/workout/yushuan0513workout/yushuan0513workout_whole_session_20260513_144737.csv,yushuan0513workout,db_biceps_curl,0,5,443732,444003,443745,444004,0.9485
datasets/workout/yushuan0513workout/yushuan0513workout_whole_session_20260513_144737.csv,yushuan0513workout,db_biceps_curl,0,6,444003,444290,444004,444410,0.7027
datasets/workout/yushuan0513workout/yushuan0513workout_whole_session_20260513_144737.csv,yushuan0513workout,db_biceps_curl,0,7,444290,444559,444410,444565,0.5418
datasets/workout/yushuan0513workout/yushuan0513workout_whole_session_20260513_144737.csv,yushuan0513workout,db_biceps_curl,0,8,444559,444873,444565,444860,0.9395
datasets/workout/yushuan0513workout/yushuan0513workout_whole_session_20260513_144737.csv,yushuan0513workout,db_biceps_curl,0,9,444873,445186,444860,445175,0.9264
datasets/workout/yushuan0513workout/yushuan0513workout_whole_session_20260513_144737.csv,yushuan0513workout,db_biceps_curl,0,10,445186,445469,445175,445465,0.949
datasets/workout/yushuan0513workout/yushuan0513workout_whole_session_20260513_144737.csv,yushuan0513workout,db_biceps_curl,0,11,445469,445725,445465,445725,0.9846
datasets/workout/yushuan0513workout/yushuan0513workout_whole_session_20260513_144737.csv,yushuan0513workout,db_biceps_curl,1,0,457530,457824,457530,457816,0.9728
datasets/workout/yushuan0513workout/yushuan0513workout_whole_session_20260513_144737.csv,yushuan0513workout,db_biceps_curl,1,1,457824,458061,457816,458069,0.9368
datasets/workout/yushuan0513workout/yushuan0513workout_whole_session_20260513_144737.csv,yushuan0513workout,db_biceps_curl,1,2,458061,458307,458069,458313,0.9444
datasets/workout/yushuan0513workout/yushuan0513workout_whole_session_20260513_144737.csv,yushuan0513workout,db_biceps_curl,1,3,458307,458566,458313,458559,0.9498
datasets/workout/yushuan0513workout/yushuan0513workout_whole_session_20260513_144737.csv,yushuan0513workout,db_biceps_curl,1,4,458566,458802,458559,458800,0.963
datasets/workout/yushuan0513workout/yushuan0513workout_whole_session_20260513_144737.csv,yushuan0513workout,db_biceps_curl,1,5,458802,459058,458800,459061,0.9808
datasets/workout/yushuan0513workout/yushuan0513workout_whole_session_20260513_144737.csv,yushuan0513workout,db_biceps_curl,1,6,459058,459299,459061,459309,0.9482
datasets/workout/yushuan0513workout/yushuan0513workout_whole_session_20260513_144737.csv,yushuan0513workout,db_biceps_curl,1,7,459299,459584,459309,459448,0.4877
datasets/workout/yushuan0513workout/yushuan0513workout_whole_session_20260513_144737.csv,yushuan0513workout,db_biceps_curl,1,8,459584,459874,459448,459736,0.3568
datasets/workout/yushuan0513workout/yushuan0513workout_whole_session_20260513_144737.csv,yushuan0513workout,db_biceps_curl,1,9,459874,460179,459736,460028,0.3476
datasets/workout/yushuan0513workout/yushuan0513workout_whole_session_20260513_144737.csv,yushuan0513workout,db_biceps_curl,1,10,460179,460490,460028,460344,0.3571
datasets/workout/yushuan0513workout/yushuan0513workout_whole_session_20260513_144737.csv,yushuan0513workout,db_biceps_curl,1,11,460490,460792,460598,460792,0.6424
datasets/workout/yushuan0513workout/yushuan0513workout_whole_session_20260513_144737.csv,yushuan0513workout,db_biceps_curl,2,0,473693,473965,473693,474081,0.701
datasets/workout/yushuan0513workout/yushuan0513workout_whole_session_20260513_144737.csv,yushuan0513workout,db_biceps_curl,2,1,473965,474221,474081,474344,0.3694
datasets/workout/yushuan0513workout/yushuan0513workout_whole_session_20260513_144737.csv,yushuan0513workout,db_biceps_curl,2,2,474221,474467,474081,474344,0.3187
datasets/workout/yushuan0513workout/yushuan0513workout_whole_session_20260513_144737.csv,yushuan0513workout,db_biceps_curl,2,3,474467,474729,474344,474607,0.3636
datasets/workout/yushuan0513workout/yushuan0513workout_whole_session_20260513_144737.csv,yushuan0513workout,db_biceps_curl,2,4,474729,475026,474850,475033,0.5789
datasets/workout/yushuan0513workout/yushuan0513workout_whole_session_20260513_144737.csv,yushuan0513workout,db_biceps_curl,2,5,475026,475297,475033,475438,0.6408
datasets/workout/yushuan0513workout/yushuan0513workout_whole_session_20260513_144737.csv,yushuan0513workout,db_biceps_curl,2,6,475297,475573,475438,475683,0.3497
datasets/workout/yushuan0513workout/yushuan0513workout_whole_session_20260513_144737.csv,yushuan0513workout,db_biceps_curl,2,7,475573,475880,475683,476033,0.4283
datasets/workout/yushuan0513workout/yushuan0513workout_whole_session_20260513_144737.csv,yushuan0513workout,db_biceps_curl,2,8,475880,476173,476033,476313,0.3233
datasets/workout/yushuan0513workout/yushuan0513workout_whole_session_20260513_144737.csv,yushuan0513workout,db_biceps_curl,2,9,476173,476496,476313,476485,0.5325
datasets/workout/yushuan0513workout/yushuan0513workout_whole_session_20260513_144737.csv,yushuan0513workout,db_biceps_curl,2,10,476496,476790,476485,476908,0.695
datasets/workout/yushuan0513workout/yushuan0513workout_whole_session_20260513_144737.csv,yushuan0513workout,db_biceps_curl,2,11,476790,477150,476908,477150,0.6722
datasets/workout/yushuan0513workout/yushuan0513workout_whole_session_20260513_144737.csv,yushuan0513workout,db_triceps_curl,0,0,492672,492919,492672,492929,0.9611
datasets/workout/yushuan0513workout/yushuan0513workout_whole_session_20260513_144737.csv,yushuan0513workout,db_triceps_curl,0,1,492919,493241,492929,493220,0.9037
datasets/workout/yushuan0513workout/yushuan0513workout_whole_session_20260513_144737.csv,yushuan0513workout,db_triceps_curl,0,2,493241,493505,493220,493531,0.8489
datasets/workout/yushuan0513workout/yushuan0513workout_whole_session_20260513_144737.csv,yushuan0513workout,db_triceps_curl,0,3,493505,493863,493531,493883,0.8783
datasets/workout/yushuan0513workout/yushuan0513workout_whole_session_20260513_144737.csv,yushuan0513workout,db_triceps_curl,0,4,493863,494180,493883,494201,0.8787
datasets/workout/yushuan0513workout/yushuan0513workout_whole_session_20260513_144737.csv,yushuan0513workout,db_triceps_curl,0,5,494180,494502,494201,494518,0.8905
datasets/workout/yushuan0513workout/yushuan0513workout_whole_session_20260513_144737.csv,yushuan0513workout,db_triceps_curl,0,6,494502,494797,494518,494816,0.8885
datasets/workout/yushuan0513workout/yushuan0513workout_whole_session_20260513_144737.csv,yushuan0513workout,db_triceps_curl,0,7,494797,495108,494816,495100,0.9132
datasets/workout/yushuan0513workout/yushuan0513workout_whole_session_20260513_144737.csv,yushuan0513workout,db_triceps_curl,0,8,495108,495428,495100,495454,0.904
datasets/workout/yushuan0513workout/yushuan0513workout_whole_session_20260513_144737.csv,yushuan0513workout,db_triceps_curl,0,9,495428,495755,495454,495771,0.8776
datasets/workout/yushuan0513workout/yushuan0513workout_whole_session_20260513_144737.csv,yushuan0513workout,db_triceps_curl,0,10,495755,496068,495771,496078,0.9195
datasets/workout/yushuan0513workout/yushuan0513workout_whole_session_20260513_144737.csv,yushuan0513workout,db_triceps_curl,0,11,496068,496348,496078,496348,0.9643
datasets/workout/yushuan0513workout/yushuan0513workout_whole_session_20260513_144737.csv,yushuan0513workout,db_triceps_curl,1,0,503870,504162,503870,504081,0.7226
datasets/workout/yushuan0513workout/yushuan0513workout_whole_session_20260513_144737.csv,yushuan0513workout,db_triceps_curl,1,1,504162,504385,504081,504422,0.654
datasets/workout/yushuan0513workout/yushuan0513workout_whole_session_20260513_144737.csv,yushuan0513workout,db_triceps_curl,1,2,504385,504597,504422,504649,0.6629
datasets/workout/yushuan0513workout/yushuan0513workout_whole_session_20260513_144737.csv,yushuan0513workout,db_triceps_curl,1,3,504597,504830,504649,504882,0.6351
datasets/workout/yushuan0513workout/yushuan0513workout_whole_session_20260513_144737.csv,yushuan0513workout,db_triceps_curl,1,4,504830,505060,504882,505119,0.6159
datasets/workout/yushuan0513workout/yushuan0513workout_whole_session_20260513_144737.csv,yushuan0513workout,db_triceps_curl,1,5,505060,505319,505119,505478,0.4785
datasets/workout/yushuan0513workout/yushuan0513workout_whole_session_20260513_144737.csv,yushuan0513workout,db_triceps_curl,1,6,505319,505548,505119,505478,0.3706
datasets/workout/yushuan0513workout/yushuan0513workout_whole_session_20260513_144737.csv,yushuan0513workout,db_triceps_curl,1,7,505548,505840,505478,505744,0.5414
datasets/workout/yushuan0513workout/yushuan0513workout_whole_session_20260513_144737.csv,yushuan0513workout,db_triceps_curl,1,8,505840,506196,505888,506155,0.75
datasets/workout/yushuan0513workout/yushuan0513workout_whole_session_20260513_144737.csv,yushuan0513workout,db_triceps_curl,1,9,506196,506426,506155,506460,0.7541
datasets/workout/yushuan0513workout/yushuan0513workout_whole_session_20260513_144737.csv,yushuan0513workout,db_triceps_curl,1,10,506426,506682,506460,506710,0.7817
datasets/workout/yushuan0513workout/yushuan0513workout_whole_session_20260513_144737.csv,yushuan0513workout,db_triceps_curl,1,11,506682,506944,506710,507006,0.7222
datasets/workout/yushuan0513workout/yushuan0513workout_whole_session_20260513_144737.csv,yushuan0513workout,db_triceps_curl,1,12,506944,507262,507006,507262,0.805
datasets/workout/yushuan0513workout/yushuan0513workout_whole_session_20260513_144737.csv,yushuan0513workout,db_triceps_curl,2,0,514473,514722,514473,514722,1.0
datasets/workout/yushuan0513workout/yushuan0513workout_whole_session_20260513_144737.csv,yushuan0513workout,db_triceps_curl,2,1,514722,514945,514722,515008,0.7797
datasets/workout/yushuan0513workout/yushuan0513workout_whole_session_20260513_144737.csv,yushuan0513workout,db_triceps_curl,2,2,514945,515249,515008,515292,0.6945
datasets/workout/yushuan0513workout/yushuan0513workout_whole_session_20260513_144737.csv,yushuan0513workout,db_triceps_curl,2,3,515249,515527,515292,515602,0.6657
datasets/workout/yushuan0513workout/yushuan0513workout_whole_session_20260513_144737.csv,yushuan0513workout,db_triceps_curl,2,4,515527,515862,515602,515918,0.665
datasets/workout/yushuan0513workout/yushuan0513workout_whole_session_20260513_144737.csv,yushuan0513workout,db_triceps_curl,2,5,515862,516182,515918,516216,0.7458
datasets/workout/yushuan0513workout/yushuan0513workout_whole_session_20260513_144737.csv,yushuan0513workout,db_triceps_curl,2,6,516182,516466,516216,516524,0.731
datasets/workout/yushuan0513workout/yushuan0513workout_whole_session_20260513_144737.csv,yushuan0513workout,db_triceps_curl,2,7,516466,516776,516524,516788,0.7826
datasets/workout/yushuan0513workout/yushuan0513workout_whole_session_20260513_144737.csv,yushuan0513workout,db_triceps_curl,2,8,516776,517037,516788,517080,0.8191
datasets/workout/yushuan0513workout/yushuan0513workout_whole_session_20260513_144737.csv,yushuan0513workout,db_triceps_curl,2,9,517037,517320,517080,517356,0.7524
datasets/workout/yushuan0513workout/yushuan0513workout_whole_session_20260513_144737.csv,yushuan0513workout,db_triceps_curl,2,10,517320,517567,517356,517648,0.6433
datasets/workout/yushuan0513workout/yushuan0513workout_whole_session_20260513_144737.csv,yushuan0513workout,db_triceps_curl,2,11,517567,517882,517648,517882,0.7429
datasets/workout/yushuan0513workout/yushuan0513workout_whole_session_20260513_144737.csv,yushuan0513workout,db_squat,0,0,537595,537874,537595,538035,0.6341
datasets/workout/yushuan0513workout/yushuan0513workout_whole_session_20260513_144737.csv,yushuan0513workout,db_squat,0,1,537874,538194,538035,538322,0.3549
datasets/workout/yushuan0513workout/yushuan0513workout_whole_session_20260513_144737.csv,yushuan0513workout,db_squat,0,2,538194,538551,538322,538570,0.609
datasets/workout/yushuan0513workout/yushuan0513workout_whole_session_20260513_144737.csv,yushuan0513workout,db_squat,0,3,538551,538843,538570,538943,0.6964
datasets/workout/yushuan0513workout/yushuan0513workout_whole_session_20260513_144737.csv,yushuan0513workout,db_squat,0,4,538843,539145,538943,539392,0.3679
datasets/workout/yushuan0513workout/yushuan0513workout_whole_session_20260513_144737.csv,yushuan0513workout,db_squat,0,5,539145,539465,538943,539392,0.4732
datasets/workout/yushuan0513workout/yushuan0513workout_whole_session_20260513_144737.csv,yushuan0513workout,db_squat,0,6,539465,539824,539392,539684,0.5069
datasets/workout/yushuan0513workout/yushuan0513workout_whole_session_20260513_144737.csv,yushuan0513workout,db_squat,0,7,539824,540177,539684,540025,0.4077
datasets/workout/yushuan0513workout/yushuan0513workout_whole_session_20260513_144737.csv,yushuan0513workout,db_squat,0,8,540177,540485,540025,540406,0.4978
datasets/workout/yushuan0513workout/yushuan0513workout_whole_session_20260513_144737.csv,yushuan0513workout,db_squat,0,9,540485,540829,540406,540860,0.7577
datasets/workout/yushuan0513workout/yushuan0513workout_whole_session_20260513_144737.csv,yushuan0513workout,db_squat,0,10,540829,541159,540860,541166,0.8872
datasets/workout/yushuan0513workout/yushuan0513workout_whole_session_20260513_144737.csv,yushuan0513workout,db_squat,0,11,541159,541473,541166,541473,0.9777
datasets/workout/yushuan0513workout/yushuan0513workout_whole_session_20260513_144737.csv,yushuan0513workout,db_squat,1,0,548391,548700,548391,548834,0.6975
datasets/workout/yushuan0513workout/yushuan0513workout_whole_session_20260513_144737.csv,yushuan0513workout,db_squat,1,1,548700,548997,548834,549028,0.497
datasets/workout/yushuan0513workout/yushuan0513workout_whole_session_20260513_144737.csv,yushuan0513workout,db_squat,1,2,548997,549324,549028,549491,0.5992
datasets/workout/yushuan0513workout/yushuan0513workout_whole_session_20260513_144737.csv,yushuan0513workout,db_squat,1,3,549324,549683,549491,549703,0.5066
datasets/workout/yushuan0513workout/yushuan0513workout_whole_session_20260513_144737.csv,yushuan0513workout,db_squat,1,4,549683,550030,549703,550054,0.8814
datasets/workout/yushuan0513workout/yushuan0513workout_whole_session_20260513_144737.csv,yushuan0513workout,db_squat,1,5,550030,550359,550054,550454,0.7193
datasets/workout/yushuan0513workout/yushuan0513workout_whole_session_20260513_144737.csv,yushuan0513workout,db_squat,1,6,550359,550707,550454,550761,0.6294
datasets/workout/yushuan0513workout/yushuan0513workout_whole_session_20260513_144737.csv,yushuan0513workout,db_squat,1,7,550707,551064,550761,551075,0.8234
datasets/workout/yushuan0513workout/yushuan0513workout_whole_session_20260513_144737.csv,yushuan0513workout,db_squat,1,8,551064,551407,551075,551421,0.93
datasets/workout/yushuan0513workout/yushuan0513workout_whole_session_20260513_144737.csv,yushuan0513workout,db_squat,1,9,551407,551851,551421,551787,0.8243
datasets/workout/yushuan0513workout/yushuan0513workout_whole_session_20260513_144737.csv,yushuan0513workout,db_squat,1,10,551851,552150,551787,552001,0.4132
datasets/workout/yushuan0513workout/yushuan0513workout_whole_session_20260513_144737.csv,yushuan0513workout,db_squat,1,11,552150,552435,552001,552435,0.6567
datasets/workout/yushuan0513workout/yushuan0513workout_whole_session_20260513_144737.csv,yushuan0513workout,db_squat,2,0,558610,558906,558610,558959,0.8481
datasets/workout/yushuan0513workout/yushuan0513workout_whole_session_20260513_144737.csv,yushuan0513workout,db_squat,2,1,558906,559253,558959,559261,0.8282
datasets/workout/yushuan0513workout/yushuan0513workout_whole_session_20260513_144737.csv,yushuan0513workout,db_squat,2,2,559253,559581,559261,559693,0.7273
datasets/workout/yushuan0513workout/yushuan0513workout_whole_session_20260513_144737.csv,yushuan0513workout,db_squat,2,3,559581,559910,559693,560085,0.4306
datasets/workout/yushuan0513workout/yushuan0513workout_whole_session_20260513_144737.csv,yushuan0513workout,db_squat,2,4,559910,560235,560085,560304,0.3807
datasets/workout/yushuan0513workout/yushuan0513workout_whole_session_20260513_144737.csv,yushuan0513workout,db_squat,2,5,560235,560577,560304,560721,0.5617
datasets/workout/yushuan0513workout/yushuan0513workout_whole_session_20260513_144737.csv,yushuan0513workout,db_squat,2,6,560577,560949,560721,561007,0.5302
datasets/workout/yushuan0513workout/yushuan0513workout_whole_session_20260513_144737.csv,yushuan0513workout,db_squat,2,7,560949,561274,561007,561387,0.6096
datasets/workout/yushuan0513workout/yushuan0513workout_whole_session_20260513_144737.csv,yushuan0513workout,db_squat,2,8,561274,561630,561387,561633,0.6769
datasets/workout/yushuan0513workout/yushuan0513workout_whole_session_20260513_144737.csv,yushuan0513workout,db_squat,2,9,561630,561988,561633,562008,0.9392
datasets/workout/yushuan0513workout/yushuan0513workout_whole_session_20260513_144737.csv,yushuan0513workout,db_squat,2,10,561988,562336,562008,562389,0.818
datasets/workout/yushuan0513workout/yushuan0513workout_whole_session_20260513_144737.csv,yushuan0513workout,db_squat,2,11,562336,562683,562389,562683,0.8473
datasets/workout/ziho0512workout/ziho0512workout_whole_session_20260512_204157.csv,ziho0512workout,db_bench_press,0,0,118,528,223,369,0.3561
datasets/workout/ziho0512workout/ziho0512workout_whole_session_20260512_204157.csv,ziho0512workout,db_bench_press,0,1,528,812,579,708,0.4542
datasets/workout/ziho0512workout/ziho0512workout_whole_session_20260512_204157.csv,ziho0512workout,db_bench_press,0,2,812,1062,859,979,0.48
datasets/workout/ziho0512workout/ziho0512workout_whole_session_20260512_204157.csv,ziho0512workout,db_bench_press,0,3,1062,1377,1180,1300,0.381
datasets/workout/ziho0512workout/ziho0512workout_whole_session_20260512_204157.csv,ziho0512workout,db_bench_press,0,4,1377,1667,1547,1674,0.404
datasets/workout/ziho0512workout/ziho0512workout_whole_session_20260512_204157.csv,ziho0512workout,db_bench_press,0,5,1667,1906,1674,1807,0.5565
datasets/workout/ziho0512workout/ziho0512workout_whole_session_20260512_204157.csv,ziho0512workout,db_bench_press,0,6,1906,2145,1918,2040,0.5105
datasets/workout/ziho0512workout/ziho0512workout_whole_session_20260512_204157.csv,ziho0512workout,db_bench_press,0,7,2145,2424,2145,2300,0.5556
datasets/workout/ziho0512workout/ziho0512workout_whole_session_20260512_204157.csv,ziho0512workout,db_bench_press,0,8,2424,2824,2635,2782,0.3675
datasets/workout/ziho0512workout/ziho0512workout_whole_session_20260512_204157.csv,ziho0512workout,db_bench_press,0,9,2824,3724,3109,3263,0.1711
datasets/workout/ziho0512workout/ziho0512workout_whole_session_20260512_204157.csv,ziho0512workout,db_bench_press,1,0,9210,9466,9210,9546,0.7619
datasets/workout/ziho0512workout/ziho0512workout_whole_session_20260512_204157.csv,ziho0512workout,db_bench_press,1,1,9466,9803,9546,9874,0.6299
datasets/workout/ziho0512workout/ziho0512workout_whole_session_20260512_204157.csv,ziho0512workout,db_bench_press,1,2,9803,10105,9874,10170,0.6294
datasets/workout/ziho0512workout/ziho0512workout_whole_session_20260512_204157.csv,ziho0512workout,db_bench_press,1,3,10105,10401,10170,10445,0.6794
datasets/workout/ziho0512workout/ziho0512workout_whole_session_20260512_204157.csv,ziho0512workout,db_bench_press,1,4,10401,10686,10445,10736,0.7194
datasets/workout/ziho0512workout/ziho0512workout_whole_session_20260512_204157.csv,ziho0512workout,db_bench_press,1,5,10686,10991,10736,11071,0.6623
datasets/workout/ziho0512workout/ziho0512workout_whole_session_20260512_204157.csv,ziho0512workout,db_bench_press,1,6,10991,11272,11071,11336,0.5826
datasets/workout/ziho0512workout/ziho0512workout_whole_session_20260512_204157.csv,ziho0512workout,db_bench_press,1,7,11272,11574,11336,11627,0.6704
datasets/workout/ziho0512workout/ziho0512workout_whole_session_20260512_204157.csv,ziho0512workout,db_bench_press,1,8,11574,11868,11627,11921,0.6945
datasets/workout/ziho0512workout/ziho0512workout_whole_session_20260512_204157.csv,ziho0512workout,db_bench_press,1,9,11868,12194,11921,12256,0.7036
datasets/workout/ziho0512workout/ziho0512workout_whole_session_20260512_204157.csv,ziho0512workout,db_bench_press,1,10,12194,12490,12256,12588,0.5939
datasets/workout/ziho0512workout/ziho0512workout_whole_session_20260512_204157.csv,ziho0512workout,db_bench_press,1,11,12490,12772,12588,12857,0.5014
datasets/workout/ziho0512workout/ziho0512workout_whole_session_20260512_204157.csv,ziho0512workout,db_bench_press,1,12,12772,13129,12857,13192,0.6476
datasets/workout/ziho0512workout/ziho0512workout_whole_session_20260512_204157.csv,ziho0512workout,db_bench_press,1,13,13129,13420,13192,13420,0.7835
datasets/workout/ziho0512workout/ziho0512workout_whole_session_20260512_204157.csv,ziho0512workout,db_bench_press,2,0,21762,22008,21762,22057,0.8339
datasets/workout/ziho0512workout/ziho0512workout_whole_session_20260512_204157.csv,ziho0512workout,db_bench_press,2,1,22008,22352,22057,22392,0.7682
datasets/workout/ziho0512workout/ziho0512workout_whole_session_20260512_204157.csv,ziho0512workout,db_bench_press,2,2,22352,22612,22392,22677,0.6769
datasets/workout/ziho0512workout/ziho0512workout_whole_session_20260512_204157.csv,ziho0512workout,db_bench_press,2,3,22612,22952,22677,23024,0.6675
datasets/workout/ziho0512workout/ziho0512workout_whole_session_20260512_204157.csv,ziho0512workout,db_bench_press,2,4,22952,23285,23024,23340,0.6727
datasets/workout/ziho0512workout/ziho0512workout_whole_session_20260512_204157.csv,ziho0512workout,db_bench_press,2,5,23285,23625,23340,23681,0.7197
datasets/workout/ziho0512workout/ziho0512workout_whole_session_20260512_204157.csv,ziho0512workout,db_bench_press,2,6,23625,23918,23681,23989,0.6511
datasets/workout/ziho0512workout/ziho0512workout_whole_session_20260512_204157.csv,ziho0512workout,db_bench_press,2,7,23918,24258,23989,24342,0.6344
datasets/workout/ziho0512workout/ziho0512workout_whole_session_20260512_204157.csv,ziho0512workout,db_bench_press,2,8,24258,24637,24342,24720,0.6385
datasets/workout/ziho0512workout/ziho0512workout_whole_session_20260512_204157.csv,ziho0512workout,db_bench_press,2,9,24637,24983,24720,25075,0.6005
datasets/workout/ziho0512workout/ziho0512workout_whole_session_20260512_204157.csv,ziho0512workout,db_bench_press,2,10,24983,25302,25075,25428,0.5101
datasets/workout/ziho0512workout/ziho0512workout_whole_session_20260512_204157.csv,ziho0512workout,db_bench_press,2,11,25302,25686,25428,25686,0.6719
datasets/workout/ziho0512workout/ziho0512workout_whole_session_20260512_204157.csv,ziho0512workout,db_bench_press,3,0,33400,33729,33400,33826,0.7723
datasets/workout/ziho0512workout/ziho0512workout_whole_session_20260512_204157.csv,ziho0512workout,db_bench_press,3,1,33729,34074,33826,34150,0.5891
datasets/workout/ziho0512workout/ziho0512workout_whole_session_20260512_204157.csv,ziho0512workout,db_bench_press,3,2,34074,34395,34150,34457,0.6397
datasets/workout/ziho0512workout/ziho0512workout_whole_session_20260512_204157.csv,ziho0512workout,db_bench_press,3,3,34395,34750,34457,34873,0.613
datasets/workout/ziho0512workout/ziho0512workout_whole_session_20260512_204157.csv,ziho0512workout,db_bench_press,3,4,34750,35119,34873,35186,0.5642
datasets/workout/ziho0512workout/ziho0512workout_whole_session_20260512_204157.csv,ziho0512workout,db_bench_press,3,5,35119,35468,35186,35566,0.6309
datasets/workout/ziho0512workout/ziho0512workout_whole_session_20260512_204157.csv,ziho0512workout,db_bench_press,3,6,35468,35851,35566,35939,0.6051
datasets/workout/ziho0512workout/ziho0512workout_whole_session_20260512_204157.csv,ziho0512workout,db_bench_press,3,7,35851,36199,35939,36308,0.5689
datasets/workout/ziho0512workout/ziho0512workout_whole_session_20260512_204157.csv,ziho0512workout,db_bench_press,3,8,36199,36571,36308,36571,0.707
datasets/workout/ziho0512workout/ziho0512workout_whole_session_20260512_204157.csv,ziho0512workout,one_arm_db_row,0,0,62963,63251,62963,63287,0.8889
datasets/workout/ziho0512workout/ziho0512workout_whole_session_20260512_204157.csv,ziho0512workout,one_arm_db_row,0,1,63251,63560,63287,63634,0.7128
datasets/workout/ziho0512workout/ziho0512workout_whole_session_20260512_204157.csv,ziho0512workout,one_arm_db_row,0,2,63560,63893,63634,63982,0.6137
datasets/workout/ziho0512workout/ziho0512workout_whole_session_20260512_204157.csv,ziho0512workout,one_arm_db_row,0,3,63893,64235,63982,64316,0.5981
datasets/workout/ziho0512workout/ziho0512workout_whole_session_20260512_204157.csv,ziho0512workout,one_arm_db_row,0,4,64235,64591,64316,64635,0.6875
datasets/workout/ziho0512workout/ziho0512workout_whole_session_20260512_204157.csv,ziho0512workout,one_arm_db_row,0,5,64591,64891,64635,64972,0.6719
datasets/workout/ziho0512workout/ziho0512workout_whole_session_20260512_204157.csv,ziho0512workout,one_arm_db_row,0,6,64891,65221,64972,65281,0.6385
datasets/workout/ziho0512workout/ziho0512workout_whole_session_20260512_204157.csv,ziho0512workout,one_arm_db_row,0,7,65221,65523,65281,65612,0.6189
datasets/workout/ziho0512workout/ziho0512workout_whole_session_20260512_204157.csv,ziho0512workout,one_arm_db_row,0,8,65523,65858,65612,65917,0.6244
datasets/workout/ziho0512workout/ziho0512workout_whole_session_20260512_204157.csv,ziho0512workout,one_arm_db_row,0,9,65858,66172,65917,66221,0.7025
datasets/workout/ziho0512workout/ziho0512workout_whole_session_20260512_204157.csv,ziho0512workout,one_arm_db_row,0,10,66172,66443,66221,66529,0.6218
datasets/workout/ziho0512workout/ziho0512workout_whole_session_20260512_204157.csv,ziho0512workout,one_arm_db_row,0,11,66443,66776,66529,66776,0.7417
datasets/workout/ziho0512workout/ziho0512workout_whole_session_20260512_204157.csv,ziho0512workout,one_arm_db_row,1,0,76930,77191,76930,77234,0.8586
datasets/workout/ziho0512workout/ziho0512workout_whole_session_20260512_204157.csv,ziho0512workout,one_arm_db_row,1,1,77191,77488,77234,77525,0.7605
datasets/workout/ziho0512workout/ziho0512workout_whole_session_20260512_204157.csv,ziho0512workout,one_arm_db_row,1,2,77488,77759,77525,77843,0.6592
datasets/workout/ziho0512workout/ziho0512workout_whole_session_20260512_204157.csv,ziho0512workout,one_arm_db_row,1,3,77759,78052,77843,78111,0.5938
datasets/workout/ziho0512workout/ziho0512workout_whole_session_20260512_204157.csv,ziho0512workout,one_arm_db_row,1,4,78052,78328,78111,78452,0.5425
datasets/workout/ziho0512workout/ziho0512workout_whole_session_20260512_204157.csv,ziho0512workout,one_arm_db_row,1,5,78328,78673,78452,78726,0.5553
datasets/workout/ziho0512workout/ziho0512workout_whole_session_20260512_204157.csv,ziho0512workout,one_arm_db_row,1,6,78673,78971,78726,79026,0.6941
datasets/workout/ziho0512workout/ziho0512workout_whole_session_20260512_204157.csv,ziho0512workout,one_arm_db_row,1,7,78971,79252,79026,79292,0.704
datasets/workout/ziho0512workout/ziho0512workout_whole_session_20260512_204157.csv,ziho0512workout,one_arm_db_row,1,8,79252,79545,79292,79602,0.7229
datasets/workout/ziho0512workout/ziho0512workout_whole_session_20260512_204157.csv,ziho0512workout,one_arm_db_row,1,9,79545,79840,79602,79905,0.6611
datasets/workout/ziho0512workout/ziho0512workout_whole_session_20260512_204157.csv,ziho0512workout,one_arm_db_row,1,10,79840,80141,79905,80140,0.7807
datasets/workout/ziho0512workout/ziho0512workout_whole_session_20260512_204157.csv,ziho0512workout,one_arm_db_row,1,11,80141,80408,80140,80408,0.9963
datasets/workout/ziho0512workout/ziho0512workout_whole_session_20260512_204157.csv,ziho0512workout,one_arm_db_row,2,0,89099,89373,89099,89441,0.8012
datasets/workout/ziho0512workout/ziho0512workout_whole_session_20260512_204157.csv,ziho0512workout,one_arm_db_row,2,1,89373,89677,89441,89742,0.6396
datasets/workout/ziho0512workout/ziho0512workout_whole_session_20260512_204157.csv,ziho0512workout,one_arm_db_row,2,2,89677,89995,89742,90065,0.6521
datasets/workout/ziho0512workout/ziho0512workout_whole_session_20260512_204157.csv,ziho0512workout,one_arm_db_row,2,3,89995,90297,90065,90370,0.6187
datasets/workout/ziho0512workout/ziho0512workout_whole_session_20260512_204157.csv,ziho0512workout,one_arm_db_row,2,4,90297,90582,90370,90642,0.6145
datasets/workout/ziho0512workout/ziho0512workout_whole_session_20260512_204157.csv,ziho0512workout,one_arm_db_row,2,5,90582,90875,90642,90924,0.6813
datasets/workout/ziho0512workout/ziho0512workout_whole_session_20260512_204157.csv,ziho0512workout,one_arm_db_row,2,6,90875,91133,90924,91199,0.6451
datasets/workout/ziho0512workout/ziho0512workout_whole_session_20260512_204157.csv,ziho0512workout,one_arm_db_row,2,7,91133,91415,91199,91466,0.6486
datasets/workout/ziho0512workout/ziho0512workout_whole_session_20260512_204157.csv,ziho0512workout,one_arm_db_row,2,8,91415,91700,91466,91723,0.7597
datasets/workout/ziho0512workout/ziho0512workout_whole_session_20260512_204157.csv,ziho0512workout,one_arm_db_row,2,9,91700,91977,91723,92027,0.7768
datasets/workout/ziho0512workout/ziho0512workout_whole_session_20260512_204157.csv,ziho0512workout,one_arm_db_row,2,10,91977,92270,92027,92332,0.6845
datasets/workout/ziho0512workout/ziho0512workout_whole_session_20260512_204157.csv,ziho0512workout,one_arm_db_row,2,11,92270,92606,92332,92606,0.8155
datasets/workout/ziho0512workout/ziho0512workout_whole_session_20260512_204157.csv,ziho0512workout,db_rdl,0,0,165362,165756,165362,166087,0.5434
datasets/workout/ziho0512workout/ziho0512workout_whole_session_20260512_204157.csv,ziho0512workout,db_rdl,0,1,165756,166147,165362,166087,0.4217
datasets/workout/ziho0512workout/ziho0512workout_whole_session_20260512_204157.csv,ziho0512workout,db_rdl,0,2,166147,166476,166087,166678,0.5567
datasets/workout/ziho0512workout/ziho0512workout_whole_session_20260512_204157.csv,ziho0512workout,db_rdl,0,3,166476,166851,166087,166678,0.2644
datasets/workout/ziho0512workout/ziho0512workout_whole_session_20260512_204157.csv,ziho0512workout,db_rdl,0,4,166851,167187,166678,167410,0.459
datasets/workout/ziho0512workout/ziho0512workout_whole_session_20260512_204157.csv,ziho0512workout,db_rdl,0,5,167187,167521,166678,167410,0.2645
datasets/workout/ziho0512workout/ziho0512workout_whole_session_20260512_204157.csv,ziho0512workout,db_rdl,0,6,167521,167871,167410,168047,0.5495
datasets/workout/ziho0512workout/ziho0512workout_whole_session_20260512_204157.csv,ziho0512workout,db_rdl,0,7,167871,168208,167410,168047,0.2206
datasets/workout/ziho0512workout/ziho0512workout_whole_session_20260512_204157.csv,ziho0512workout,db_rdl,0,8,168208,168542,168047,168742,0.4806
datasets/workout/ziho0512workout/ziho0512workout_whole_session_20260512_204157.csv,ziho0512workout,db_rdl,0,9,168542,168846,168047,168742,0.2503
datasets/workout/ziho0512workout/ziho0512workout_whole_session_20260512_204157.csv,ziho0512workout,db_rdl,0,10,168846,169124,168742,169505,0.3644
datasets/workout/ziho0512workout/ziho0512workout_whole_session_20260512_204157.csv,ziho0512workout,db_rdl,0,11,169124,169505,168742,169505,0.4993
datasets/workout/ziho0512workout/ziho0512workout_whole_session_20260512_204157.csv,ziho0512workout,db_rdl,1,0,182230,182532,182230,182463,0.7715
datasets/workout/ziho0512workout/ziho0512workout_whole_session_20260512_204157.csv,ziho0512workout,db_rdl,1,1,182532,182870,182463,182870,0.8305
datasets/workout/ziho0512workout/ziho0512workout_whole_session_20260512_204157.csv,ziho0512workout,db_rdl,2,0,184572,184745,184572,184814,0.7149
datasets/workout/ziho0512workout/ziho0512workout_whole_session_20260512_204157.csv,ziho0512workout,db_rdl,2,1,184745,185038,184814,185076,0.6767
datasets/workout/ziho0512workout/ziho0512workout_whole_session_20260512_204157.csv,ziho0512workout,db_rdl,2,2,185038,185311,185076,185415,0.6233
datasets/workout/ziho0512workout/ziho0512workout_whole_session_20260512_204157.csv,ziho0512workout,db_rdl,2,3,185311,185576,185415,185699,0.4149
datasets/workout/ziho0512workout/ziho0512workout_whole_session_20260512_204157.csv,ziho0512workout,db_rdl,2,4,185576,185937,185699,185949,0.6381
datasets/workout/ziho0512workout/ziho0512workout_whole_session_20260512_204157.csv,ziho0512workout,db_rdl,2,5,185937,186193,185949,186244,0.7948
datasets/workout/ziho0512workout/ziho0512workout_whole_session_20260512_204157.csv,ziho0512workout,db_rdl,2,6,186193,186450,186244,186556,0.5675
datasets/workout/ziho0512workout/ziho0512workout_whole_session_20260512_204157.csv,ziho0512workout,db_rdl,2,7,186450,186727,186556,186798,0.4914
datasets/workout/ziho0512workout/ziho0512workout_whole_session_20260512_204157.csv,ziho0512workout,db_rdl,2,8,186727,187077,186798,187004,0.5886
datasets/workout/ziho0512workout/ziho0512workout_whole_session_20260512_204157.csv,ziho0512workout,db_rdl,2,9,187077,187362,187004,187388,0.7422
datasets/workout/ziho0512workout/ziho0512workout_whole_session_20260512_204157.csv,ziho0512workout,db_rdl,2,10,187362,187614,187388,187677,0.7175
datasets/workout/ziho0512workout/ziho0512workout_whole_session_20260512_204157.csv,ziho0512workout,db_rdl,2,11,187614,187948,187677,187948,0.8114
datasets/workout/ziho0512workout/ziho0512workout_whole_session_20260512_204157.csv,ziho0512workout,db_rdl,5,0,195795,196125,195795,196042,0.7485
datasets/workout/ziho0512workout/ziho0512workout_whole_session_20260512_204157.csv,ziho0512workout,db_rdl,5,1,196125,196444,196042,196492,0.7089
datasets/workout/ziho0512workout/ziho0512workout_whole_session_20260512_204157.csv,ziho0512workout,db_rdl,5,2,196444,196739,196492,196786,0.7222
datasets/workout/ziho0512workout/ziho0512workout_whole_session_20260512_204157.csv,ziho0512workout,db_rdl,5,3,196739,197069,196786,196970,0.5576
datasets/workout/ziho0512workout/ziho0512workout_whole_session_20260512_204157.csv,ziho0512workout,db_rdl,5,4,197069,197379,196970,197422,0.6858
datasets/workout/ziho0512workout/ziho0512workout_whole_session_20260512_204157.csv,ziho0512workout,db_rdl,5,5,197379,197655,197422,197593,0.6196
datasets/workout/ziho0512workout/ziho0512workout_whole_session_20260512_204157.csv,ziho0512workout,db_rdl,5,6,197655,197949,197593,197829,0.4888
datasets/workout/ziho0512workout/ziho0512workout_whole_session_20260512_204157.csv,ziho0512workout,db_rdl,5,7,197949,198242,197829,198230,0.6804
datasets/workout/ziho0512workout/ziho0512workout_whole_session_20260512_204157.csv,ziho0512workout,db_rdl,5,8,198242,198503,198230,198575,0.7565
datasets/workout/ziho0512workout/ziho0512workout_whole_session_20260512_204157.csv,ziho0512workout,db_rdl,5,9,198503,198829,198575,198883,0.6684
datasets/workout/ziho0512workout/ziho0512workout_whole_session_20260512_204157.csv,ziho0512workout,db_rdl,5,10,198829,199121,198883,199159,0.7212
datasets/workout/ziho0512workout/ziho0512workout_whole_session_20260512_204157.csv,ziho0512workout,db_rdl,5,11,199121,199442,199159,199442,0.8816
datasets/workout/ziho0512workout/ziho0512workout_whole_session_20260512_204157.csv,ziho0512workout,db_weighted_crunch,0,0,218748,219106,218748,219189,0.8118
datasets/workout/ziho0512workout/ziho0512workout_whole_session_20260512_204157.csv,ziho0512workout,db_weighted_crunch,0,1,219106,219555,219189,219663,0.6571
datasets/workout/ziho0512workout/ziho0512workout_whole_session_20260512_204157.csv,ziho0512workout,db_weighted_crunch,0,2,219555,219918,219663,220026,0.5414
datasets/workout/ziho0512workout/ziho0512workout_whole_session_20260512_204157.csv,ziho0512workout,db_weighted_crunch,0,3,219918,220332,220026,220438,0.5885
datasets/workout/ziho0512workout/ziho0512workout_whole_session_20260512_204157.csv,ziho0512workout,db_weighted_crunch,0,4,220332,220718,220438,220839,0.5523
datasets/workout/ziho0512workout/ziho0512workout_whole_session_20260512_204157.csv,ziho0512workout,db_weighted_crunch,0,5,220718,221114,220839,221170,0.6084
datasets/workout/ziho0512workout/ziho0512workout_whole_session_20260512_204157.csv,ziho0512workout,db_weighted_crunch,0,6,221114,221484,221170,221608,0.6356
datasets/workout/ziho0512workout/ziho0512workout_whole_session_20260512_204157.csv,ziho0512workout,db_weighted_crunch,0,7,221484,221897,221608,222016,0.5432
datasets/workout/ziho0512workout/ziho0512workout_whole_session_20260512_204157.csv,ziho0512workout,db_weighted_crunch,0,8,221897,222321,222016,222401,0.6052
datasets/workout/ziho0512workout/ziho0512workout_whole_session_20260512_204157.csv,ziho0512workout,db_weighted_crunch,0,9,222321,222692,222401,222804,0.6025
datasets/workout/ziho0512workout/ziho0512workout_whole_session_20260512_204157.csv,ziho0512workout,db_weighted_crunch,0,10,222692,223073,222804,223187,0.5434
datasets/workout/ziho0512workout/ziho0512workout_whole_session_20260512_204157.csv,ziho0512workout,db_weighted_crunch,0,11,223073,223451,223187,223451,0.6984
datasets/workout/ziho0512workout/ziho0512workout_whole_session_20260512_204157.csv,ziho0512workout,db_weighted_crunch,1,0,230471,230764,230471,230883,0.7112
datasets/workout/ziho0512workout/ziho0512workout_whole_session_20260512_204157.csv,ziho0512workout,db_weighted_crunch,1,1,230764,231151,230883,231238,0.5654
datasets/workout/ziho0512workout/ziho0512workout_whole_session_20260512_204157.csv,ziho0512workout,db_weighted_crunch,1,2,231151,231545,231238,231664,0.5984
datasets/workout/ziho0512workout/ziho0512workout_whole_session_20260512_204157.csv,ziho0512workout,db_weighted_crunch,1,3,231545,231964,231664,232064,0.578
datasets/workout/ziho0512workout/ziho0512workout_whole_session_20260512_204157.csv,ziho0512workout,db_weighted_crunch,1,4,231964,232348,232064,232430,0.6094
datasets/workout/ziho0512workout/ziho0512workout_whole_session_20260512_204157.csv,ziho0512workout,db_weighted_crunch,1,5,232348,232701,232430,232773,0.6376
datasets/workout/ziho0512workout/ziho0512workout_whole_session_20260512_204157.csv,ziho0512workout,db_weighted_crunch,1,6,232701,233096,232773,233162,0.7007
datasets/workout/ziho0512workout/ziho0512workout_whole_session_20260512_204157.csv,ziho0512workout,db_weighted_crunch,1,7,233096,233466,233162,233556,0.6609
datasets/workout/ziho0512workout/ziho0512workout_whole_session_20260512_204157.csv,ziho0512workout,db_weighted_crunch,1,8,233466,233821,233556,233930,0.5711
datasets/workout/ziho0512workout/ziho0512workout_whole_session_20260512_204157.csv,ziho0512workout,db_weighted_crunch,1,9,233821,234203,233930,234276,0.6
datasets/workout/ziho0512workout/ziho0512workout_whole_session_20260512_204157.csv,ziho0512workout,db_weighted_crunch,1,10,234203,234617,234276,234718,0.6621
datasets/workout/ziho0512workout/ziho0512workout_whole_session_20260512_204157.csv,ziho0512workout,db_weighted_crunch,1,11,234617,235067,234718,235067,0.7756
datasets/workout/ziho0512workout/ziho0512workout_whole_session_20260512_204157.csv,ziho0512workout,db_weighted_crunch,2,0,243909,244194,243909,244295,0.7383
datasets/workout/ziho0512workout/ziho0512workout_whole_session_20260512_204157.csv,ziho0512workout,db_weighted_crunch,2,1,244194,244550,244295,244666,0.5403
datasets/workout/ziho0512workout/ziho0512workout_whole_session_20260512_204157.csv,ziho0512workout,db_weighted_crunch,2,2,244550,244972,244666,245039,0.6258
datasets/workout/ziho0512workout/ziho0512workout_whole_session_20260512_204157.csv,ziho0512workout,db_weighted_crunch,2,3,244972,245381,245039,245483,0.6693
datasets/workout/ziho0512workout/ziho0512workout_whole_session_20260512_204157.csv,ziho0512workout,db_weighted_crunch,2,4,245381,245799,245483,245874,0.641
datasets/workout/ziho0512workout/ziho0512workout_whole_session_20260512_204157.csv,ziho0512workout,db_weighted_crunch,2,5,245799,246160,245874,246270,0.6072
datasets/workout/ziho0512workout/ziho0512workout_whole_session_20260512_204157.csv,ziho0512workout,db_weighted_crunch,2,6,246160,246533,246270,246657,0.5292
datasets/workout/ziho0512workout/ziho0512workout_whole_session_20260512_204157.csv,ziho0512workout,db_weighted_crunch,2,7,246533,246925,246657,246988,0.589
datasets/workout/ziho0512workout/ziho0512workout_whole_session_20260512_204157.csv,ziho0512workout,db_weighted_crunch,2,8,246925,247292,246988,247408,0.6294
datasets/workout/ziho0512workout/ziho0512workout_whole_session_20260512_204157.csv,ziho0512workout,db_weighted_crunch,2,9,247292,247712,247408,247840,0.5547
datasets/workout/ziho0512workout/ziho0512workout_whole_session_20260512_204157.csv,ziho0512workout,db_weighted_crunch,2,10,247712,248087,247840,248208,0.498
datasets/workout/ziho0512workout/ziho0512workout_whole_session_20260512_204157.csv,ziho0512workout,db_weighted_crunch,2,11,248087,248527,248208,248527,0.725
datasets/workout/ziho0512workout/ziho0512workout_whole_session_20260512_204157.csv,ziho0512workout,db_shoulder_press,0,0,281528,281913,281528,281770,0.6286
datasets/workout/ziho0512workout/ziho0512workout_whole_session_20260512_204157.csv,ziho0512workout,db_shoulder_press,0,1,281913,282279,281770,282142,0.4499
datasets/workout/ziho0512workout/ziho0512workout_whole_session_20260512_204157.csv,ziho0512workout,db_shoulder_press,0,2,282279,282665,282142,282566,0.5488
datasets/workout/ziho0512workout/ziho0512workout_whole_session_20260512_204157.csv,ziho0512workout,db_shoulder_press,0,3,282665,283039,282566,282942,0.5856
datasets/workout/ziho0512workout/ziho0512workout_whole_session_20260512_204157.csv,ziho0512workout,db_shoulder_press,0,4,283039,283433,282942,283257,0.444
datasets/workout/ziho0512workout/ziho0512workout_whole_session_20260512_204157.csv,ziho0512workout,db_shoulder_press,0,5,283433,283731,283578,283906,0.3235
datasets/workout/ziho0512workout/ziho0512workout_whole_session_20260512_204157.csv,ziho0512workout,db_shoulder_press,0,6,283731,284042,283578,283906,0.3772
datasets/workout/ziho0512workout/ziho0512workout_whole_session_20260512_204157.csv,ziho0512workout,db_shoulder_press,0,7,284042,284341,283906,284256,0.492
datasets/workout/ziho0512workout/ziho0512workout_whole_session_20260512_204157.csv,ziho0512workout,db_shoulder_press,0,8,284341,284638,284256,284591,0.6545
datasets/workout/ziho0512workout/ziho0512workout_whole_session_20260512_204157.csv,ziho0512workout,db_shoulder_press,0,9,284638,284983,284591,284877,0.6097
datasets/workout/ziho0512workout/ziho0512workout_whole_session_20260512_204157.csv,ziho0512workout,db_shoulder_press,0,10,284983,285247,284877,285247,0.7135
datasets/workout/ziho0512workout/ziho0512workout_whole_session_20260512_204157.csv,ziho0512workout,db_shoulder_press,1,0,301737,301991,301737,301937,0.7874
datasets/workout/ziho0512workout/ziho0512workout_whole_session_20260512_204157.csv,ziho0512workout,db_shoulder_press,1,1,301991,302318,301937,302265,0.7192
datasets/workout/ziho0512workout/ziho0512workout_whole_session_20260512_204157.csv,ziho0512workout,db_shoulder_press,1,2,302318,302653,302265,302755,0.6837
datasets/workout/ziho0512workout/ziho0512workout_whole_session_20260512_204157.csv,ziho0512workout,db_shoulder_press,1,3,302653,302881,302755,302934,0.4484
datasets/workout/ziho0512workout/ziho0512workout_whole_session_20260512_204157.csv,ziho0512workout,db_shoulder_press,1,4,302881,303207,302934,303310,0.6364
datasets/workout/ziho0512workout/ziho0512workout_whole_session_20260512_204157.csv,ziho0512workout,db_shoulder_press,1,5,303207,303395,302934,303310,0.2234
datasets/workout/ziho0512workout/ziho0512workout_whole_session_20260512_204157.csv,ziho0512workout,db_shoulder_press,1,6,303395,303760,303310,303665,0.6
datasets/workout/ziho0512workout/ziho0512workout_whole_session_20260512_204157.csv,ziho0512workout,db_shoulder_press,1,7,303760,304069,303665,303927,0.4134
datasets/workout/ziho0512workout/ziho0512workout_whole_session_20260512_204157.csv,ziho0512workout,db_shoulder_press,1,8,304069,304425,303927,304286,0.4357
datasets/workout/ziho0512workout/ziho0512workout_whole_session_20260512_204157.csv,ziho0512workout,db_shoulder_press,1,9,304425,304725,304286,304615,0.4328
datasets/workout/ziho0512workout/ziho0512workout_whole_session_20260512_204157.csv,ziho0512workout,db_shoulder_press,1,10,304725,304898,304615,304898,0.6113
datasets/workout/ziho0512workout/ziho0512workout_whole_session_20260512_204157.csv,ziho0512workout,db_shoulder_press,2,0,317667,317941,317667,318002,0.8179
datasets/workout/ziho0512workout/ziho0512workout_whole_session_20260512_204157.csv,ziho0512workout,db_shoulder_press,2,1,317941,318279,318002,318298,0.7759
datasets/workout/ziho0512workout/ziho0512workout_whole_session_20260512_204157.csv,ziho0512workout,db_shoulder_press,2,2,318279,318558,318298,318774,0.5253
datasets/workout/ziho0512workout/ziho0512workout_whole_session_20260512_204157.csv,ziho0512workout,db_shoulder_press,2,3,318558,318866,318298,318774,0.3803
datasets/workout/ziho0512workout/ziho0512workout_whole_session_20260512_204157.csv,ziho0512workout,db_shoulder_press,2,4,318866,319224,318774,319106,0.5333
datasets/workout/ziho0512workout/ziho0512workout_whole_session_20260512_204157.csv,ziho0512workout,db_shoulder_press,2,5,319224,319557,319106,319438,0.4745
datasets/workout/ziho0512workout/ziho0512workout_whole_session_20260512_204157.csv,ziho0512workout,db_shoulder_press,2,6,319557,319864,319695,320068,0.3307
datasets/workout/ziho0512workout/ziho0512workout_whole_session_20260512_204157.csv,ziho0512workout,db_shoulder_press,2,7,319864,320199,319695,320068,0.4048
datasets/workout/ziho0512workout/ziho0512workout_whole_session_20260512_204157.csv,ziho0512workout,db_shoulder_press,2,8,320199,320323,320068,320323,0.4863
datasets/workout/ziho0512workout/ziho0512workout_whole_session_20260512_204157.csv,ziho0512workout,db_biceps_curl,0,0,339943,340323,339943,340349,0.936
datasets/workout/ziho0512workout/ziho0512workout_whole_session_20260512_204157.csv,ziho0512workout,db_biceps_curl,0,1,340323,340706,340349,340709,0.9249
datasets/workout/ziho0512workout/ziho0512workout_whole_session_20260512_204157.csv,ziho0512workout,db_biceps_curl,0,2,340706,341066,340709,341078,0.9597
datasets/workout/ziho0512workout/ziho0512workout_whole_session_20260512_204157.csv,ziho0512workout,db_biceps_curl,0,3,341066,341394,341078,341416,0.9029
datasets/workout/ziho0512workout/ziho0512workout_whole_session_20260512_204157.csv,ziho0512workout,db_biceps_curl,0,4,341394,341688,341416,341714,0.85
datasets/workout/ziho0512workout/ziho0512workout_whole_session_20260512_204157.csv,ziho0512workout,db_biceps_curl,0,5,341688,342042,341714,342253,0.5805
datasets/workout/ziho0512workout/ziho0512workout_whole_session_20260512_204157.csv,ziho0512workout,db_biceps_curl,0,6,342042,342386,341714,342253,0.314
datasets/workout/ziho0512workout/ziho0512workout_whole_session_20260512_204157.csv,ziho0512workout,db_biceps_curl,0,7,342386,342750,342253,342593,0.4165
datasets/workout/ziho0512workout/ziho0512workout_whole_session_20260512_204157.csv,ziho0512workout,db_biceps_curl,0,8,342750,343171,342804,343205,0.8066
datasets/workout/ziho0512workout/ziho0512workout_whole_session_20260512_204157.csv,ziho0512workout,db_biceps_curl,0,9,343171,343540,343205,343575,0.8292
datasets/workout/ziho0512workout/ziho0512workout_whole_session_20260512_204157.csv,ziho0512workout,db_biceps_curl,0,10,343540,343935,343575,343951,0.8759
datasets/workout/ziho0512workout/ziho0512workout_whole_session_20260512_204157.csv,ziho0512workout,db_biceps_curl,0,11,343935,344330,343951,344330,0.9595
datasets/workout/ziho0512workout/ziho0512workout_whole_session_20260512_204157.csv,ziho0512workout,db_biceps_curl,1,0,352875,353255,352875,353260,0.987
datasets/workout/ziho0512workout/ziho0512workout_whole_session_20260512_204157.csv,ziho0512workout,db_biceps_curl,1,1,353255,353568,353260,353595,0.9059
datasets/workout/ziho0512workout/ziho0512workout_whole_session_20260512_204157.csv,ziho0512workout,db_biceps_curl,1,2,353568,353972,353595,353995,0.8829
datasets/workout/ziho0512workout/ziho0512workout_whole_session_20260512_204157.csv,ziho0512workout,db_biceps_curl,1,3,353972,354373,353995,354358,0.9052
datasets/workout/ziho0512workout/ziho0512workout_whole_session_20260512_204157.csv,ziho0512workout,db_biceps_curl,1,4,354373,354741,354358,354730,0.9321
datasets/workout/ziho0512workout/ziho0512workout_whole_session_20260512_204157.csv,ziho0512workout,db_biceps_curl,1,5,354741,355152,354730,355147,0.9621
datasets/workout/ziho0512workout/ziho0512workout_whole_session_20260512_204157.csv,ziho0512workout,db_biceps_curl,1,6,355152,355491,355147,355542,0.8582
datasets/workout/ziho0512workout/ziho0512workout_whole_session_20260512_204157.csv,ziho0512workout,db_biceps_curl,1,7,355491,355881,355542,355873,0.8487
datasets/workout/ziho0512workout/ziho0512workout_whole_session_20260512_204157.csv,ziho0512workout,db_biceps_curl,1,8,355881,356292,355873,356287,0.969
datasets/workout/ziho0512workout/ziho0512workout_whole_session_20260512_204157.csv,ziho0512workout,db_biceps_curl,1,9,356292,356664,356287,356671,0.9688
datasets/workout/ziho0512workout/ziho0512workout_whole_session_20260512_204157.csv,ziho0512workout,db_biceps_curl,1,10,356664,357075,356671,357079,0.9735
datasets/workout/ziho0512workout/ziho0512workout_whole_session_20260512_204157.csv,ziho0512workout,db_biceps_curl,1,11,357075,357443,357079,357443,0.9891
datasets/workout/ziho0512workout/ziho0512workout_whole_session_20260512_204157.csv,ziho0512workout,db_biceps_curl,2,0,366969,367328,366969,367305,0.9359
datasets/workout/ziho0512workout/ziho0512workout_whole_session_20260512_204157.csv,ziho0512workout,db_biceps_curl,2,1,367328,367693,367305,367671,0.884
datasets/workout/ziho0512workout/ziho0512workout_whole_session_20260512_204157.csv,ziho0512workout,db_biceps_curl,2,2,367693,368021,367671,368012,0.9114
datasets/workout/ziho0512workout/ziho0512workout_whole_session_20260512_204157.csv,ziho0512workout,db_biceps_curl,2,3,368021,368387,368012,368402,0.9385
datasets/workout/ziho0512workout/ziho0512workout_whole_session_20260512_204157.csv,ziho0512workout,db_biceps_curl,2,4,368387,368696,368402,368729,0.8596
datasets/workout/ziho0512workout/ziho0512workout_whole_session_20260512_204157.csv,ziho0512workout,db_biceps_curl,2,5,368696,369104,368729,369119,0.8865
datasets/workout/ziho0512workout/ziho0512workout_whole_session_20260512_204157.csv,ziho0512workout,db_biceps_curl,2,6,369104,369496,369119,369527,0.8913
datasets/workout/ziho0512workout/ziho0512workout_whole_session_20260512_204157.csv,ziho0512workout,db_biceps_curl,2,7,369496,369874,369527,369724,0.5212
datasets/workout/ziho0512workout/ziho0512workout_whole_session_20260512_204157.csv,ziho0512workout,db_biceps_curl,2,8,369874,370215,369724,370078,0.4155
datasets/workout/ziho0512workout/ziho0512workout_whole_session_20260512_204157.csv,ziho0512workout,db_biceps_curl,2,9,370215,370571,370078,370558,0.6957
datasets/workout/ziho0512workout/ziho0512workout_whole_session_20260512_204157.csv,ziho0512workout,db_biceps_curl,2,10,370571,370944,370558,370772,0.5207
datasets/workout/ziho0512workout/ziho0512workout_whole_session_20260512_204157.csv,ziho0512workout,db_biceps_curl,2,11,370944,371251,370772,371251,0.6409
datasets/workout/ziho0512workout/ziho0512workout_whole_session_20260512_204157.csv,ziho0512workout,db_triceps_curl,0,0,399360,399649,399360,399680,0.9031
datasets/workout/ziho0512workout/ziho0512workout_whole_session_20260512_204157.csv,ziho0512workout,db_triceps_curl,0,1,399649,399956,399680,400199,0.5018
datasets/workout/ziho0512workout/ziho0512workout_whole_session_20260512_204157.csv,ziho0512workout,db_triceps_curl,0,2,399956,400331,399680,400199,0.3733
datasets/workout/ziho0512workout/ziho0512workout_whole_session_20260512_204157.csv,ziho0512workout,db_triceps_curl,0,3,400331,400666,400199,400562,0.4946
datasets/workout/ziho0512workout/ziho0512workout_whole_session_20260512_204157.csv,ziho0512workout,db_triceps_curl,0,4,400666,400986,400562,400897,0.5448
datasets/workout/ziho0512workout/ziho0512workout_whole_session_20260512_204157.csv,ziho0512workout,db_triceps_curl,0,5,400986,401369,400897,401255,0.5699
datasets/workout/ziho0512workout/ziho0512workout_whole_session_20260512_204157.csv,ziho0512workout,db_triceps_curl,0,6,401369,401738,401255,401619,0.5176
datasets/workout/ziho0512workout/ziho0512workout_whole_session_20260512_204157.csv,ziho0512workout,db_triceps_curl,0,7,401738,402065,401619,401944,0.4619
datasets/workout/ziho0512workout/ziho0512workout_whole_session_20260512_204157.csv,ziho0512workout,db_triceps_curl,0,8,402065,402387,401944,402259,0.4379
datasets/workout/ziho0512workout/ziho0512workout_whole_session_20260512_204157.csv,ziho0512workout,db_triceps_curl,0,9,402387,402718,402259,402596,0.4553
datasets/workout/ziho0512workout/ziho0512workout_whole_session_20260512_204157.csv,ziho0512workout,db_triceps_curl,0,10,402718,403011,402596,402916,0.4771
datasets/workout/ziho0512workout/ziho0512workout_whole_session_20260512_204157.csv,ziho0512workout,db_triceps_curl,0,11,403011,403366,402916,403366,0.7889
datasets/workout/ziho0512workout/ziho0512workout_whole_session_20260512_204157.csv,ziho0512workout,db_triceps_curl,1,0,415560,415807,415560,415864,0.8125
datasets/workout/ziho0512workout/ziho0512workout_whole_session_20260512_204157.csv,ziho0512workout,db_triceps_curl,1,1,415807,416117,415864,416378,0.4431
datasets/workout/ziho0512workout/ziho0512workout_whole_session_20260512_204157.csv,ziho0512workout,db_triceps_curl,1,2,416117,416465,415864,416378,0.4343
datasets/workout/ziho0512workout/ziho0512workout_whole_session_20260512_204157.csv,ziho0512workout,db_triceps_curl,1,3,416465,416887,416594,416914,0.6526
datasets/workout/ziho0512workout/ziho0512workout_whole_session_20260512_204157.csv,ziho0512workout,db_triceps_curl,1,4,416887,417193,416914,417421,0.5225
datasets/workout/ziho0512workout/ziho0512workout_whole_session_20260512_204157.csv,ziho0512workout,db_triceps_curl,1,5,417193,417522,416914,417421,0.375
datasets/workout/ziho0512workout/ziho0512workout_whole_session_20260512_204157.csv,ziho0512workout,db_triceps_curl,1,6,417522,417876,417623,418152,0.4016
datasets/workout/ziho0512workout/ziho0512workout_whole_session_20260512_204157.csv,ziho0512workout,db_triceps_curl,1,7,417876,418308,417623,418152,0.4029
datasets/workout/ziho0512workout/ziho0512workout_whole_session_20260512_204157.csv,ziho0512workout,db_triceps_curl,1,8,418308,418678,418152,418534,0.4297
datasets/workout/ziho0512workout/ziho0512workout_whole_session_20260512_204157.csv,ziho0512workout,db_triceps_curl,1,9,418678,419037,418779,419112,0.5945
datasets/workout/ziho0512workout/ziho0512workout_whole_session_20260512_204157.csv,ziho0512workout,db_triceps_curl,1,10,419037,419409,419112,419483,0.6659
datasets/workout/ziho0512workout/ziho0512workout_whole_session_20260512_204157.csv,ziho0512workout,db_triceps_curl,1,11,419409,419850,419483,419850,0.8322
datasets/workout/ziho0512workout/ziho0512workout_whole_session_20260512_204157.csv,ziho0512workout,db_triceps_curl,2,0,427625,427873,427625,427884,0.9575
datasets/workout/ziho0512workout/ziho0512workout_whole_session_20260512_204157.csv,ziho0512workout,db_triceps_curl,2,1,427873,428158,427884,428349,0.5756
datasets/workout/ziho0512workout/ziho0512workout_whole_session_20260512_204157.csv,ziho0512workout,db_triceps_curl,2,2,428158,428451,427884,428349,0.3369
datasets/workout/ziho0512workout/ziho0512workout_whole_session_20260512_204157.csv,ziho0512workout,db_triceps_curl,2,3,428451,428735,428349,428640,0.4896
datasets/workout/ziho0512workout/ziho0512workout_whole_session_20260512_204157.csv,ziho0512workout,db_triceps_curl,2,4,428735,429091,428640,428950,0.4767
datasets/workout/ziho0512workout/ziho0512workout_whole_session_20260512_204157.csv,ziho0512workout,db_triceps_curl,2,5,429091,429344,428950,429274,0.4645
datasets/workout/ziho0512workout/ziho0512workout_whole_session_20260512_204157.csv,ziho0512workout,db_triceps_curl,2,6,429344,429660,429274,429579,0.6088
datasets/workout/ziho0512workout/ziho0512workout_whole_session_20260512_204157.csv,ziho0512workout,db_triceps_curl,2,7,429660,429996,429579,429886,0.542
datasets/workout/ziho0512workout/ziho0512workout_whole_session_20260512_204157.csv,ziho0512workout,db_triceps_curl,2,8,429996,430308,429886,430199,0.481
datasets/workout/ziho0512workout/ziho0512workout_whole_session_20260512_204157.csv,ziho0512workout,db_triceps_curl,2,9,430308,430626,430199,430520,0.4965
datasets/workout/ziho0512workout/ziho0512workout_whole_session_20260512_204157.csv,ziho0512workout,db_triceps_curl,2,10,430626,430979,430701,431073,0.6219
datasets/workout/ziho0512workout/ziho0512workout_whole_session_20260512_204157.csv,ziho0512workout,db_triceps_curl,2,11,430979,431357,431073,431357,0.7513
datasets/workout/ziho0512workout/ziho0512workout_whole_session_20260512_204157.csv,ziho0512workout,db_squat,0,0,466586,466843,466586,466909,0.7957
datasets/workout/ziho0512workout/ziho0512workout_whole_session_20260512_204157.csv,ziho0512workout,db_squat,0,1,466843,467200,466909,467254,0.708
datasets/workout/ziho0512workout/ziho0512workout_whole_session_20260512_204157.csv,ziho0512workout,db_squat,0,2,467200,467539,467254,467628,0.6659
datasets/workout/ziho0512workout/ziho0512workout_whole_session_20260512_204157.csv,ziho0512workout,db_squat,0,3,467539,467953,467628,467844,0.5217
datasets/workout/ziho0512workout/ziho0512workout_whole_session_20260512_204157.csv,ziho0512workout,db_squat,0,4,467953,468366,467844,468216,0.5038
datasets/workout/ziho0512workout/ziho0512workout_whole_session_20260512_204157.csv,ziho0512workout,db_squat,0,5,468366,468702,468216,468620,0.5226
datasets/workout/ziho0512workout/ziho0512workout_whole_session_20260512_204157.csv,ziho0512workout,db_squat,0,6,468702,468996,468839,469113,0.382
datasets/workout/ziho0512workout/ziho0512workout_whole_session_20260512_204157.csv,ziho0512workout,db_squat,0,7,468996,469373,469113,469402,0.6404
datasets/workout/ziho0512workout/ziho0512workout_whole_session_20260512_204157.csv,ziho0512workout,db_squat,0,8,469373,469719,469402,469741,0.8614
datasets/workout/ziho0512workout/ziho0512workout_whole_session_20260512_204157.csv,ziho0512workout,db_squat,0,9,469719,470018,469741,470063,0.8052
datasets/workout/ziho0512workout/ziho0512workout_whole_session_20260512_204157.csv,ziho0512workout,db_squat,0,10,470018,470316,470063,470440,0.5995
datasets/workout/ziho0512workout/ziho0512workout_whole_session_20260512_204157.csv,ziho0512workout,db_squat,0,11,470316,470440,470063,470440,0.3289
datasets/workout/ziho0512workout/ziho0512workout_whole_session_20260512_204157.csv,ziho0512workout,db_squat,1,0,479026,479285,479026,479431,0.6395
datasets/workout/ziho0512workout/ziho0512workout_whole_session_20260512_204157.csv,ziho0512workout,db_squat,1,1,479285,479617,479431,479711,0.4366
datasets/workout/ziho0512workout/ziho0512workout_whole_session_20260512_204157.csv,ziho0512workout,db_squat,1,2,479617,479934,479711,479965,0.6408
datasets/workout/ziho0512workout/ziho0512workout_whole_session_20260512_204157.csv,ziho0512workout,db_squat,1,3,479934,480192,479965,480280,0.6561
datasets/workout/ziho0512workout/ziho0512workout_whole_session_20260512_204157.csv,ziho0512workout,db_squat,1,4,480192,480501,480280,480576,0.5755
datasets/workout/ziho0512workout/ziho0512workout_whole_session_20260512_204157.csv,ziho0512workout,db_squat,1,5,480501,480814,480576,480886,0.6182
datasets/workout/ziho0512workout/ziho0512workout_whole_session_20260512_204157.csv,ziho0512workout,db_squat,1,6,480814,481154,480886,481186,0.7204
datasets/workout/ziho0512workout/ziho0512workout_whole_session_20260512_204157.csv,ziho0512workout,db_squat,1,7,481154,481466,481186,481550,0.7071
datasets/workout/ziho0512workout/ziho0512workout_whole_session_20260512_204157.csv,ziho0512workout,db_squat,1,8,481466,481782,481550,481869,0.5757
datasets/workout/ziho0512workout/ziho0512workout_whole_session_20260512_204157.csv,ziho0512workout,db_squat,1,9,481782,482102,481869,482234,0.5155
datasets/workout/ziho0512workout/ziho0512workout_whole_session_20260512_204157.csv,ziho0512workout,db_squat,1,10,482102,482511,482234,482544,0.6267
datasets/workout/ziho0512workout/ziho0512workout_whole_session_20260512_204157.csv,ziho0512workout,db_squat,1,11,482511,482799,482544,482799,0.8854
datasets/workout/ziho0512workout/ziho0512workout_whole_session_20260512_204157.csv,ziho0512workout,db_squat,2,0,492489,492750,492489,492808,0.8182
datasets/workout/ziho0512workout/ziho0512workout_whole_session_20260512_204157.csv,ziho0512workout,db_squat,2,1,492750,493096,492808,493147,0.7254
datasets/workout/ziho0512workout/ziho0512workout_whole_session_20260512_204157.csv,ziho0512workout,db_squat,2,2,493096,493369,493147,493400,0.7303
datasets/workout/ziho0512workout/ziho0512workout_whole_session_20260512_204157.csv,ziho0512workout,db_squat,2,3,493369,493678,493400,493745,0.7394
datasets/workout/ziho0512workout/ziho0512workout_whole_session_20260512_204157.csv,ziho0512workout,db_squat,2,4,493678,494014,493745,494107,0.627
datasets/workout/ziho0512workout/ziho0512workout_whole_session_20260512_204157.csv,ziho0512workout,db_squat,2,5,494014,494384,494107,494408,0.703
datasets/workout/ziho0512workout/ziho0512workout_whole_session_20260512_204157.csv,ziho0512workout,db_squat,2,6,494384,494690,494408,494632,0.732
datasets/workout/ziho0512workout/ziho0512workout_whole_session_20260512_204157.csv,ziho0512workout,db_squat,2,7,494690,494992,494632,495068,0.6927
datasets/workout/ziho0512workout/ziho0512workout_whole_session_20260512_204157.csv,ziho0512workout,db_squat,2,8,494992,495306,495068,495359,0.6485
datasets/workout/ziho0512workout/ziho0512workout_whole_session_20260512_204157.csv,ziho0512workout,db_squat,2,9,495306,495625,495359,495697,0.6803
datasets/workout/ziho0512workout/ziho0512workout_whole_session_20260512_204157.csv,ziho0512workout,db_squat,2,10,495625,495964,495697,496031,0.6576
datasets/workout/ziho0512workout/ziho0512workout_whole_session_20260512_204157.csv,ziho0512workout,db_squat,2,11,495964,496324,496031,496324,0.8139
