folder,exercise,set_id,set_index_numeric,borg,kg,n_reps,total_tut_sec,total_concentric_sec,total_eccentric_sec,mean_rep_duration_sec,mean_concentric_sec,mean_eccentric_sec,mean_concentric_ratio,mean_phase_balance_abs,duration_gain_last2_vs_first2,concentric_gain_last2_vs_first2,eccentric_gain_last2_vs_first2,velocity_loss_last2_vs_first2,pca_range_loss_last2_vs_first2,gyro_diff_gain_last2_vs_first2,acc_diff_gain_last2_vs_first2,sim_to_first_mean,sim_to_first_min,sim_to_first_last,sim_to_first_last_minus_first,rep_duration_slope,concentric_sec_slope,eccentric_sec_slope,pca_range_slope,movement_rate_slope,gyro_mag_diff_rms_slope,acc_mag_diff_rms_slope,sim_to_first_slope,rep_duration_cv,pca_range_cv,movement_rate_cv,sim_to_first_std,kg_x_total_tut,kg_x_n_reps,pca_range_mean,pca_range_max,pca_range_std,pca_diff_rms_mean,pca_diff_rms_max,pca_diff_rms_std,acc_mag_range_mean,acc_mag_range_max,acc_mag_range_std,acc_mag_diff_rms_mean,acc_mag_diff_rms_max,acc_mag_diff_rms_std,gyro_mag_range_mean,gyro_mag_range_max,gyro_mag_range_std,gyro_mag_diff_rms_mean,gyro_mag_diff_rms_max,gyro_mag_diff_rms_std,mag_mag_range_mean,mag_mag_range_max,mag_mag_range_std,gx_range_mean,gx_range_max,gx_range_std,gy_range_mean,gy_range_max,gy_range_std,gz_range_mean,gz_range_max,gz_range_std,cumulative_tut_exercise_sec
haoyu0512workout,db_bench_press,0,0,8.0,8.0,13,74.23705799999999,63.815724,41.197841999999994,5.710542923076923,4.908901846153846,3.169064769230769,0.6750127638490752,0.2042113620167731,3.568894952251023,10.349333333333334,5.815642458100559,0.7402196370793537,-0.1567361410263121,-0.420192676950057,-0.0234331950986941,-0.1147463535609116,-0.8294431014610609,-0.8294431014610609,-1.8294431014610608,4.520564307692308,6.549178153846155,3.4935216923076924,0.0960289534967548,-0.3353746958769663,-0.0820505877208696,-0.0028414708186203,-0.3154177926702002,0.740392639771041,0.1746092572088266,0.3438006638330145,0.6061905994643018,593.8964639999999,104.0,4.018702302007721,5.277969474477279,0.730355246951247,0.0518249592350126,0.0740067654786037,0.0174356421867716,1.1450826407815786,2.4298662249688534,0.4973435665232479,0.1290082838548403,0.1503698466846764,0.0120251262941409,5.32387019214658,9.336376877650528,1.532114869865775,0.2844150984212796,0.4688961874295516,0.0705107851846016,0.750723727169058,1.2841185679808502,0.227143671515666,6.637054705595191,11.861132602077198,1.8838248639434816,5.921523166751184,9.000627146257846,1.3867387178325314,5.477601880187573,8.75726689673837,1.2085899684270311,74.23705799999999
haoyu0512workout,db_bench_press,1,1,9.0,8.0,12,47.296116000000005,28.293048,18.99387,3.941343,2.357754,1.5828224999999998,0.5958485147246586,0.191939983773904,0.0895705521472391,-0.0344827586206896,0.3150684931506848,-0.1759627700384838,-0.3196174749767524,-0.1492486461847193,0.040226909713003,0.1813165939081782,-0.5596056727546154,0.3443159740257461,-0.6556840259742539,0.0258251538461538,-0.0870272307692307,0.1144443461538462,0.4503013630691553,0.1016796917375711,-0.026959982838353,-0.003612565410046,-0.0005095962878698,0.1137335512217156,0.1083323794505605,0.1287784025389696,0.3800033726322265,378.368928,96.0,4.693233920084059,5.570942556373447,0.5310369779191395,0.0742460475807672,0.0992145653109253,0.011691515153564,1.0573975541802905,1.3667659971991448,0.1519004724435467,0.1398827196704932,0.1704613885096865,0.0175943132739941,5.522740098193974,6.531520985871161,0.7402934467750014,0.3321728400432124,0.3855091291286815,0.0330915508528308,0.5825055019033013,0.705326232940473,0.0548123092829507,6.430084638687503,7.326641293184894,0.5355085964238242,5.931742607792638,7.207502980986376,0.6914165567006917,5.515357013286436,6.890104752975173,0.659451493445741,121.533174
haoyu0512workout,db_bench_press,2,2,9.0,8.0,12,49.549626,29.783124,19.766502000000003,4.1291355,2.481927,1.6472085000000003,0.6015050372998311,0.2030100745996619,0.2985274431057565,0.4018475750577366,0.1560509554140126,-0.0224450023280919,-0.2897261987298996,0.1425252496697506,0.0195736473570329,0.0836619242246151,-0.3776899501915499,-0.266957153686615,-1.266957153686615,0.6440368846153848,0.4683904615384617,0.175646423076923,0.6460675036812312,-0.0021674218309204,0.0060275394945092,-0.0005260765604066,-0.3522471688059919,0.1353688115032968,0.1439556547928649,0.1652868486231807,0.4233154957665648,396.397008,96.0,4.708781649233842,5.92442024003927,0.707997235612631,0.0676119293464826,0.0896304939151866,0.0116371058882181,1.0558592176188148,1.413612095286202,0.1546853278644646,0.1298555101477471,0.1600534128351299,0.0141836221119229,5.252960254281999,6.408069512395315,0.7457191843106388,0.3199045780884429,0.3770084628377124,0.0307909061371269,0.7087300482576379,0.8146911587625707,0.0659952577332002,6.180999315415057,7.600252735684744,0.667496269527835,5.863605379138228,6.969163524172553,0.5232904300667461,5.627838304867257,6.225676365413287,0.5197013797649215,171.0828
haoyu0512workout,db_biceps_curl,0,0,9.0,5.0,12,40.50799199999999,14.229306,26.278686,3.375665999999999,1.1857755,2.1898905,0.3481365912775889,0.3214288882531054,0.1274999999999999,-0.4107142857142857,0.6446078431372548,0.0991514081546669,-0.0300394992821342,-0.1819075851474629,-0.4908584712918585,0.3845943849674306,-0.2141138859372359,0.5230248639301566,-0.4769751360698434,0.1121448461538461,-0.4706899615384615,0.5828348076923079,-0.0710106060980091,-0.0427841272788362,-0.0090130170766043,-0.0312907366288843,-0.1646285232045914,0.2278370207922058,0.0962353238955942,0.1897865972202544,0.313479882224943,202.53995999999995,60.0,3.1701548359834923,4.071285553120758,0.3186465841300348,0.0391434870538069,0.0799963100876676,0.0167360452709511,0.7911717995369374,1.1679203463706114,0.1372227066127159,0.108555351285169,0.1689319314335484,0.026764178424999,3.057406274581421,3.936268451229106,0.4150976258084384,0.0686132681518236,0.0836434055508259,0.0098250078420857,0.9435998466638976,1.082549101300572,0.1447849667095377,5.75091727537859,6.455498142026858,0.5289839774732863,3.145925261548862,4.053412749674983,0.3686000400877754,3.6313480734329313,4.810676011591476,0.4831743746705214,40.50799199999999
haoyu0512workout,db_biceps_curl,1,1,9.0,5.0,12,41.271426000000005,15.213492,26.057934000000003,3.4392855000000004,1.267791,2.1714945,0.3694244677917709,0.2611510644164581,0.1706970128022757,-0.0860927152317879,0.364089775561097,0.1390957389869282,-0.0165668470688082,-0.1505723751828683,-0.3085364039422335,0.7619770211059423,0.6008948302264293,0.8528422280105846,-0.1471577719894153,0.2895601153846155,-0.1163900769230769,0.4059501923076923,0.0119290195790628,-0.072810570599863,-0.0044474033187271,-0.0167102412924448,-0.0685695415894482,0.0743675014639419,0.0312372554792418,0.0907085433400507,0.1228445309690968,206.35713000000004,60.0,2.996670127072003,3.1283806754055696,0.0977701065574834,0.0238393629887138,0.0324705051329205,0.0032084112449444,0.641666273061972,0.9392187182733418,0.1353146233974919,0.0871375612887429,0.133963321938198,0.0162803956054146,2.9896717468602625,3.352692344742636,0.2634159510677906,0.0658333571250477,0.0887706609363032,0.0097350190992987,1.0142945461396045,1.175869436182643,0.0779921162807037,5.686683961136164,6.851539815034448,0.5391891323524828,3.1558186573213427,3.492191133753228,0.1954688575647666,3.3678884016986537,3.5540031722651317,0.1356142349372948,81.77941799999999
haoyu0512workout,db_biceps_curl,3,3,9.0,5.0,12,41.243832,14.634018,26.609814,3.4369859999999997,1.2195015,2.2174845,0.3546985010915016,0.2906029978169965,0.0804438280166435,0.0932835820895523,0.0728476821192052,0.0769050166298721,0.0059204711081968,-0.3810892740445516,-0.4435739918245688,0.8690212558069531,0.48213343033871,0.8564520264281772,-0.1435479735718228,0.1797147692307693,0.0872041153846154,0.0925106538461539,-0.0222565130524033,-0.0536199558084976,-0.0228377269951948,-0.0367814394585876,-0.0415576638012129,0.0455256933004475,0.0526910686963912,0.070008381182164,0.1639893529362393,206.21916,60.0,3.132803326503455,3.4110367089192444,0.1724107808853544,0.0371483209322196,0.1001012120295592,0.0230071145082706,0.85631833485674,1.432497936803638,0.1941633217743859,0.1120139644148309,0.1756618906325247,0.0285227056205948,3.028118477514738,3.51445331694433,0.2758567284158419,0.0878463636863097,0.1234976440242505,0.0180637184849845,1.0185614993344074,1.2648424078167837,0.1032985698879112,5.734675761373347,6.931556880887465,0.6065729320705054,3.2189807820634466,3.5743795388491173,0.1640227661015519,3.469372409712452,3.756543707631426,0.1480060847207363,123.02324999999999
haoyu0512workout,db_rdl,0,0,9.0,10.5,12,51.159276000000006,28.578186,22.571892,4.263273000000001,2.3815155000000003,1.880991,0.5585932363277749,0.1187883211244059,-0.0581039755351682,-0.1423728813559321,0.0690537084398976,0.1102314905058617,0.1750500873364758,0.0014545874847733,0.2567721018144051,0.2023003106840488,-0.2647276946093898,0.7074075179535237,-0.2925924820464762,-0.0275939999999998,-0.1682172692307691,0.1418614615384615,-0.4595186792650274,-0.0954459315790697,0.0140062546656396,0.0105155948117173,-0.1263434172816686,0.0904585044653834,0.1054413399053215,0.1224919397590948,0.3907500823392612,537.172398,126.0,4.777989854281632,6.330022024687771,0.5261994863192258,0.082166916846021,0.110770959074287,0.0130908450368844,0.8581391584575456,1.054533867103999,0.1183160474686721,0.0923583207193122,0.1129381056360668,0.0150690536522117,5.300753727153679,8.290041672000633,1.2251338631708613,0.4529993373251106,0.5405019208336806,0.0471212173834601,2.1020778779063236,2.851196096395122,0.3715570636182627,6.285905137726072,7.756761139054763,0.8941100347263745,5.358369174921701,6.371935610521978,0.5216812844737532,7.319756598208994,12.498710180240089,2.0085125912781225,51.159276000000006
haoyu0512workout,db_rdl,1,1,9.0,10.5,12,45.934812,26.324675999999997,19.610135999999997,3.827901,2.193723,1.6341779999999997,0.5709243461049677,0.1434826791380399,0.2081151832460732,0.3768472906403939,0.0167597765363129,0.1945836607115959,0.029395828844332,-0.0202398170016538,0.0561376661799626,0.2677713459588674,-0.781482394496334,-0.7631795482572442,-1.7631795482572443,0.2476384615384614,0.2854917692307692,-0.0378533076923076,-0.0985171557544649,-0.1046533431527047,-0.0104188766831523,0.006637635181595,-0.8416557213976466,0.1000921066068301,0.064117018719924,0.0941027754429965,0.7086844737402862,482.315526,126.0,4.60247547069839,5.203361268235861,0.3082187704130273,0.0697899283153665,0.08118374984565,0.008863633675051,0.8800256943807944,1.015947118640014,0.1055485103946063,0.0977063776128123,0.1216104578093762,0.0125572042878663,5.072564195739218,7.460121138782695,1.1582955256482128,0.397672380177638,0.4509525891672415,0.0433638145352181,1.7791172731493996,2.0512257238284293,0.1919972048776077,6.231484392983365,8.37266088221791,1.08215818302681,5.329852574971424,5.967798865273567,0.4017475632879224,5.539519854964908,5.992391441809502,0.3364320821290907,97.094088
haoyu0512workout,db_rdl,2,2,9.0,10.5,12,53.394389999999994,30.85929,22.535099999999996,4.449532499999999,2.5716075000000003,1.8779249999999996,0.5766245035125448,0.1701359380089368,-0.3482506102522376,-0.3989637305699482,-0.2625820568927789,-0.2763914560609442,0.1730716988497429,0.6378152445729943,1.045353637459872,0.1596133750196086,-0.6341837119106463,0.7130449879859727,-0.2869550120140275,-0.6638479615384616,-0.6136127307692308,-0.0502352307692307,-0.3058474612845357,0.079079898135208,0.0536524731496941,0.0361343224404007,-0.0010511571530113,0.1626500903504922,0.0822029581831726,0.1082523730802462,0.5743716882006229,560.641095,126.0,4.687254223239953,5.592292659242534,0.4024391619846975,0.0672064607995104,0.0873900439763473,0.0087593032355764,0.8367236042654085,1.2807720184502935,0.202247429648138,0.0896343056463071,0.1667547419733948,0.0290747508784471,5.217595237819383,7.756240671895016,1.083367068393439,0.3948228358048937,0.5671098354941786,0.083022740693123,1.6240294719516104,1.942837092328333,0.2027032557372013,6.4520099702288904,9.75067507356844,1.265079491229807,5.193524895366166,6.407720457256938,0.5566085006363775,5.736055501195953,7.129104413036609,0.7968481939491576,150.488478
haoyu0512workout,db_shoulder_press,0,0,7.0,5.0,12,45.5301,28.633374,16.896725999999997,3.794175000000001,2.3861145,1.4080604999999995,0.6258612568248908,0.2517225136497814,-0.2474849094567405,-0.2431192660550458,-0.2558823529411765,-0.1973081858307492,0.0568112470426614,-0.0686897570576661,-0.0997100783321811,0.1333308572126753,-0.738806574450287,0.7008514301011809,-0.2991485698988191,-0.5211020769230769,-0.3288285000000001,-0.1922735769230769,-0.0374603976625256,0.1146889956994236,-0.0128585715702169,-0.0139452930558173,0.0196217233178504,0.1617792106819557,0.1241996684742178,0.206430831078421,0.6149903889431282,227.6505,60.0,3.7724005669977103,4.847198946982373,0.4893645646518569,0.0503548706321726,0.0654257040824521,0.0098229384926141,0.900905308684492,1.1916343717128877,0.1485663994936806,0.1444450343968208,0.1925452630758316,0.0227750253436521,4.262918106360393,4.933792273438774,0.4379283214212921,0.3375063541862416,0.3795847668726354,0.0347433529936444,1.6197260268919156,1.986873946849531,0.1658679118469635,5.9752119443539655,8.174053688479928,0.89689073438,5.326611793709007,6.852265819760021,0.7544619377256072,5.158604546254309,5.668589922787502,0.2983015743795656,45.5301
haoyu0512workout,db_shoulder_press,1,1,9.0,5.0,12,40.213656,24.144749999999995,16.068906,3.351138,2.0120624999999994,1.3390755,0.5948064372615117,0.1896128745230233,0.2643478260869565,0.3662420382165605,0.1417624521072797,0.2122499027625118,0.0064574174518473,-0.0001495483435007,-0.1609653360077336,0.0647564595235825,-0.8430558971721811,0.0884272177349063,-0.911572782265094,0.3350194615384616,0.2934515769230769,0.0415678846153846,-0.0252819876046259,-0.1352668271909299,0.0101580558171056,-0.0074314616231246,0.0581520163267437,0.1482935538153692,0.1715189346153322,0.1422661877577885,0.7082232023950088,201.06828,60.0,3.700523970791216,5.420785488737366,0.6629328999008661,0.0523857957633772,0.0875537781768203,0.0139348062371899,0.7998454996279692,0.960363860121236,0.1051468126563711,0.1291236883493968,0.1513498707772769,0.0133401740589181,3.7642561531872905,4.592779548197177,0.6065741541105646,0.3140368588422342,0.414070819584374,0.0473339738082438,1.4254280687199958,1.6727312845367512,0.148118494557318,5.501554622427513,6.2022474759388295,0.4879133852345078,4.860297609848389,5.6206013890815925,0.4857691601593645,4.699890522620722,6.094938068086962,0.629535472447277,85.74375599999999
haoyu0512workout,db_shoulder_press,2,2,9.0,5.0,12,47.664036,29.553174,18.092466,3.972003,2.4627645,1.5077055,0.6136848786375261,0.2373844092918223,0.0024539877300613,0.05,-0.0533333333333333,-0.0742753782567775,-0.0991641976118318,0.2942116277918023,0.0400049110705782,0.2215534400306618,-0.8719913869401084,0.8005409007207445,-0.1994590992792555,0.1786534615384617,0.1735238076923076,0.0051296538461538,0.2747186476756965,0.0220076856504379,0.0343900568597011,-0.0016085744384949,-0.4691796228590761,0.1308284061592014,0.1260921528926183,0.1523441201142075,0.7343729439385881,238.32018,60.0,3.820645950273288,4.901873405627567,0.503175092294365,0.0527561359893433,0.0821252731436801,0.0148400690588362,0.8877911543387037,1.2165477619038378,0.1507869211736056,0.1511564973005768,0.2077729310494686,0.0229352264349895,4.425683335801656,5.5656993814571605,0.6920303840551018,0.321160072629213,0.3992814559986223,0.0438015902367505,1.5814738254800724,1.9136019716385104,0.1717147016487401,5.8779429848169515,7.034925732113211,0.6339040558493927,5.466786132213069,6.123203914211887,0.5822137219997144,5.073010069345455,6.432444374109943,0.6345565589977473,133.407792
haoyu0512workout,db_squat,0,0,6.0,10.5,12,40.866713999999995,24.8346,16.032114,3.4055594999999994,2.06955,1.3360095,0.6062748147873774,0.2125496295747547,0.1765625000000001,0.3656509695290857,-0.068100358422939,0.1848391595126185,0.0453131894715133,-0.2259802253307513,-0.1520527463456583,0.5019065726588184,-0.5749205598517647,0.5445228444439637,-0.4554771555560365,0.2764706538461539,0.2770013076923077,-0.0005306538461538,-0.0362817509974861,-0.13471720845658,-0.0461117141982225,-0.0112262307581173,-0.1819250372344597,0.0995126254538929,0.1309141975157132,0.13835859260348,0.52636726766588,429.100497,126.0,4.740933284981856,5.549442760598257,0.6482535030091174,0.0800334300337192,0.106262264224912,0.0120222602713739,1.2014835769915122,1.4193285947475187,0.1263416068569987,0.1515910636434678,0.1743510109773554,0.0177680721854198,4.656735047607331,5.616329876635115,0.5504468450247006,0.3826380924771622,0.4750429314157613,0.0434013221368851,0.4239186602454186,0.4604792735149039,0.0242717238253534,6.407730238222057,7.318422135326172,0.7587690905449215,6.007530887887364,7.558151209665878,1.021747274273238,5.366662710963772,5.983385653822891,0.3889217739742512,40.866713999999995
haoyu0512workout,db_squat,1,1,9.0,10.5,12,35.016786,20.263194,14.753592,2.9180655000000004,1.6885994999999998,1.2294660000000002,0.5780823203367645,0.1561646406735289,0.0527182866556836,0.1944444444444442,-0.1095406360424029,0.1528821912427908,0.1108477532048427,0.0411558394774986,0.1377461755592337,0.734633366047627,0.5532993581380083,0.6765832040074307,-0.3234167959925693,0.0337849615384616,0.1222272692307692,-0.0884423076923077,-0.3430004438813421,-0.1370991527663859,0.0121545110040252,0.0106261739621399,-0.0389500353220211,0.0509580831792203,0.1171084321725071,0.1174393380667192,0.1108719735458282,367.676253,126.0,4.179456435847406,5.32390869497616,0.511213424573255,0.0580618389386822,0.0690615509232245,0.0061463660374163,1.3347457666865985,1.7577318386640386,0.1909829045553838,0.1451535992272805,0.1677838800346596,0.0145121857551463,3.687217154485382,4.467790814475594,0.4687282281220123,0.264642282399107,0.301951125453935,0.0204813033764741,0.48498880268821,0.525768179400883,0.0359296193519671,5.225319369333744,6.212260341399867,0.5664651446687166,5.150420271449996,6.202894502397596,0.4541233221273272,4.842369523198551,5.670260235203277,0.4284866624047588,75.8835
haoyu0512workout,db_squat,2,2,8.0,10.5,12,31.116834,17.945298,13.162338,2.5930695,1.4954415,1.0968615,0.5762124242813829,0.1527007867526111,0.0185873605947957,0.0830564784053156,-0.0632911392405064,0.1163779936199074,0.0981369500700242,-0.0338967950782505,0.2751285087829203,0.004427360346086,-0.9471659616576464,-0.7285984280862587,-1.7285984280862587,-0.0175115769230769,0.0090211153846154,-0.0270633461538461,-0.2600239698944431,-0.097879305333894,-0.0101152172160798,0.0331163234595838,-0.5767740829144956,0.0711710541161907,0.0665525123290711,0.0781629489189114,0.8851602477332542,326.726757,126.0,4.130333339693101,4.539559967096073,0.2871070374822266,0.0558045605866167,0.0646261572258171,0.0052596178774307,1.4587779010101964,1.893966233422936,0.2937269985347066,0.2018376856097217,0.269185248683655,0.0359008882084456,3.860809339931563,4.494759094119321,0.3462665565337339,0.2980130714792375,0.3361752289282745,0.0231431342622648,0.5389541790380784,0.6238594557026329,0.0365669836426023,5.009319978039407,5.9121104357593275,0.5112509534435732,5.208950014662936,6.110330006389624,0.5639980159698074,4.821145386893083,5.498041156350088,0.3364932008917859,107.000334
haoyu0512workout,db_triceps_curl,0,0,7.0,5.0,12,44.619498,25.055352,19.564146,3.7182915,2.087946,1.6303455,0.5621120066812351,0.1495302537594197,0.2679127725856698,0.1913043478260869,0.356902356902357,0.1871830284000557,-0.0414182130115161,-0.2625705608715851,-0.3885347258636806,-0.2318653901800955,-0.9468297571086434,-0.9050580329947416,-1.905058032994742,0.3160928076923078,0.0831357692307691,0.2329570384615385,0.0412771362006572,-0.0870363279892986,-0.0085255808324863,-0.0157521632456037,-0.507461810279634,0.1253002249215837,0.1218097358379214,0.1407221592295771,0.6720605719947825,223.09749,60.0,3.445078233343715,4.4670780529866345,0.4383039357721727,0.0422126141742541,0.0700553954898703,0.01589941201177,0.9085899709617778,1.0701032319551842,0.0796197628496968,0.0647187926001245,0.0982854716721965,0.0136549419962624,3.475328752190576,4.338947606555792,0.4691353006176043,0.0820673227666372,0.1102900283106018,0.0139729144594721,0.7661345073723297,0.905031325111564,0.0820428225682215,6.7064300296969455,8.664394486998555,1.0705508753622388,3.645688035998136,4.214387067438445,0.2351505012561786,3.359242181091321,3.521038142073902,0.1372288108474341,44.619498
haoyu0512workout,db_triceps_curl,1,1,9.0,5.0,12,43.120224,25.883172,17.237052,3.593352,2.156931,1.436421,0.5997264516886279,0.1994529033772557,0.0754985754985755,0.1335078534031413,0.00625,0.0987272861120939,0.0255713987864339,0.10717432917081,-0.0511202210733189,-0.3870914362827137,-0.9379329217015436,-0.2842700706235169,-1.284270070623517,-0.0194573076923077,0.0944563846153845,-0.1139136923076922,-0.0690024780501545,-0.0195850870403862,0.0048956375084591,1.121172627509088e-05,-0.1655081773187687,0.0841947425550086,0.1419034842301996,0.1285228495205956,0.5871648099143117,215.60112,60.0,3.739617729416048,4.7946694107152545,0.5542612917413002,0.0481337800273167,0.07658471361285,0.0107941607716646,1.149014300678872,1.4116780240953186,0.1834886842273671,0.075415329511763,0.0938316924948986,0.0089962051628586,3.8794766030873338,5.307914299278049,0.6345040616447026,0.0938763901618897,0.1293059631489061,0.0180431732476557,0.68373846108758,0.8570048128885455,0.1332851622098251,7.023691899813653,9.649258773092788,1.473157999455725,3.7892809506777927,4.422603035131704,0.2892551773988683,3.599430121787322,4.033371892009758,0.2501441500575335,87.739722
haoyu0512workout,db_triceps_curl,2,2,9.0,5.0,12,39.68937,22.76505,16.924319999999998,3.3074475,1.8970875000000005,1.4103599999999998,0.5751991537854168,0.1561738851285891,0.1953255425709517,0.1915492957746476,0.2008196721311477,0.2236058820511141,0.0660352447414475,0.3931106737155792,-0.0202838131362974,-0.0907505158234937,-0.90073964275024,-0.90073964275024,-1.9007396427502403,0.2269429615384616,0.1961650384615384,0.0307779230769231,-0.0689188425224247,-0.1060206793567753,0.0198242360665711,-0.0020863094181211,-0.5013505636623761,0.1041015468201142,0.0819477758254415,0.1274611823460878,0.6819043452171047,198.44685,60.0,3.222499234065436,3.8804425523466826,0.2758190599487999,0.0414495814606304,0.0565299121664404,0.0080417856044206,1.1224049428111502,1.326106854076607,0.1086345897458556,0.0887203569542548,0.124715284732652,0.0184528394414755,3.3017060459639924,4.441746697659119,0.5247205914231176,0.0930782189524407,0.1254339124639878,0.0172267302075071,0.602914938231276,0.7081106440771983,0.0732026308387981,6.222090169020898,8.775154366492592,0.9231105898342103,3.587634737279186,4.041070632763611,0.2209058260250159,3.282840740803721,3.5933795352129065,0.2075437550725187,127.429092
haoyu0512workout,db_weighted_crunch,0,0,6.0,8.0,12,38.83395599999999,18.662742,20.171213999999996,3.2361629999999995,1.5552285,1.6809344999999996,0.4728460829259733,0.123574512444784,-0.25,-0.3546798029556651,-0.1398963730569948,-0.2283158447868469,0.0668191648030085,-0.3560294042332712,-0.1604605106272297,-0.0582074064637451,-0.8354747699716234,-0.4243732148502645,-1.4243732148502646,-0.245515846153846,-0.2216364230769231,-0.023879423076923,-0.1470876689851796,0.0360474774782767,-0.0546757377560804,-0.0091903182320042,-0.4382624750089243,0.1456676795415462,0.0702560315577709,0.1546422402035874,0.7361253989106409,310.67164799999995,96.0,3.5808065953626844,4.113382803720445,0.2627597016295256,0.0542660630338162,0.0760623199745334,0.0112788400192215,0.8061019845193654,0.9379983504930094,0.0874875501286777,0.0816802768910795,0.1057650322113651,0.0118406242056053,3.1288415281580293,3.750026330710694,0.3642330171776259,0.1905810225003721,0.2903424653942435,0.0522121069651859,1.1530584982043488,1.410019744226634,0.1702199020793832,5.390337689494731,6.641098607964266,0.6150850534640877,3.623636395745765,4.377684789042892,0.3448435496382273,5.477046892235491,7.29558657681303,0.9127960721681568,38.83395599999999
haoyu0512workout,db_weighted_crunch,1,1,7.0,8.0,12,39.606588,19.45377,20.152818,3.300549,1.6211475,1.6794015,0.4875529084042913,0.0930531000631775,0.1805555555555553,0.2048192771084338,0.1550632911392404,0.2137297662329781,0.0224181357489131,-0.4178517536558159,-0.2729867910209811,-0.1388722428120256,-0.8092121712919679,0.8869237817805798,-0.1130762182194201,0.1213428461538461,0.0500583461538462,0.0712845,-0.2242993313109063,-0.1312962260648335,-0.059533411389114,-0.0143052553874957,-0.1374184780819123,0.1169288851661655,0.0813092640789053,0.1684251845483766,0.7022909679206834,316.852704,96.0,3.580986187984601,4.071379674495053,0.3041143803668589,0.0582643022278486,0.0737899357168143,0.0099469215404914,0.8456959182180093,0.92794267658361,0.0687199140686338,0.077952501479901,0.113196060076919,0.0131489855975851,3.1007333618031705,3.998167682500678,0.4117396504907075,0.1490007597345821,0.2995856554649547,0.0572010049739673,1.4469393829941215,1.7655618032828724,0.2593785189051779,5.653550743422309,6.906790002278055,0.5275834607999813,3.545753721409808,4.560787098765842,0.4090154590803835,5.549081532702928,6.408716466424179,0.5474813796342748,78.44054399999999
haoyu0512workout,db_weighted_crunch,2,2,9.0,8.0,12,36.97595999999999,18.230435999999997,18.745524,3.0813299999999995,1.519203,1.562127,0.482953842849269,0.1310272501498308,-0.0903954802259885,-0.1089918256130789,-0.0703812316715541,-0.0580306259550575,-0.0262703606850873,-0.2595142654266137,-0.4036606755149503,-0.0077931996107078,-0.9123227218068743,-0.8280797503736522,-1.8280797503736523,-0.1252343076923076,-0.1606112307692308,0.0353769230769231,0.0888488711763985,0.0392616819812346,-0.0318196741475526,-0.0294495063514165,-0.0457408087885053,0.1615115722497765,0.0572086040198956,0.1598656713685088,0.7831774046122857,295.80767999999995,96.0,3.587096904577942,3.9337351302643953,0.2143377858559849,0.0628324165886669,0.0961003329873735,0.0179093918259001,0.7669586716242596,0.941762295730406,0.0823586587126646,0.0848148606415564,0.1340284016792258,0.0238264565425807,3.2328752569226498,3.794814507437727,0.3843143337575957,0.1650991782095337,0.2132949947645339,0.0316778658827716,1.3473043485601497,1.5813550054258232,0.2221129571201772,5.621861530800355,6.148096981781945,0.380308743820406,3.669954032633297,4.530258944032675,0.3341066659950297,5.558741845628703,6.419654118383411,0.5226333896554329,115.41650399999999
haoyu0512workout,one_arm_db_row,0,0,9.0,10.5,12,47.480076,19.72971,27.750366,3.956673,1.6441425,2.3125305,0.4123631852702767,0.1752736294594464,0.0630026809651476,0.0185185185185183,0.0971563981042655,-0.0016980159139634,-0.0379767744735877,-0.1473755167407311,-0.2328318547555458,-0.303958469347758,-0.9698875679100092,-0.9698875679100092,-1.9698875679100092,-0.1209890769230768,-0.0992322692307692,-0.0217568076923076,0.0353800792277686,0.0330862169663192,-0.0375864729767289,-0.0192567736902866,-0.7299964155231666,0.1383814134192951,0.0330283289166322,0.1314234542209782,0.906978597725474,498.540798,126.0,3.3411207049033074,3.5568984385102227,0.1152585222391684,0.0388636991880163,0.056493156746766,0.0075992295460252,1.1517282800034008,1.441247798957806,0.1171968028448736,0.1111127189390922,0.1387285092579851,0.0169864683446796,3.6267479346224945,4.302954719436425,0.3650408583037491,0.345792116193113,0.4088976600223999,0.0380440740597444,0.2331491248056129,0.258678046145032,0.0131874538892123,5.75774644997892,6.669214600930608,0.4549861153826895,4.6921772227080805,5.595840322217122,0.3698115001696298,4.246589287260162,4.9037688210312105,0.3604149620351998,47.480076
haoyu0512workout,one_arm_db_row,1,1,9.0,10.5,12,41.041476,19.748106,21.293369999999996,3.420123,1.6456755,1.7744474999999995,0.4766903756026295,0.1201932112551519,-0.1264080100125156,-0.0938271604938272,-0.1598984771573603,-0.0573398691820752,0.063947758432557,-0.0624225214926881,-0.0044329854776625,-0.0403354407669577,-0.9177583699437034,0.9637731882844232,-0.036226811715577,-0.2486997692307693,-0.0787136538461539,-0.1699861153846154,-0.0591238021904797,0.0486126508680422,0.0231957261667776,0.0030665583037793,0.1275798509499827,0.1170668694506556,0.0376877989227834,0.103640493634989,0.821624389127603,430.93549799999994,126.0,3.420447079776602,3.724718039492125,0.1346411864927575,0.045879946637861,0.0635569309109318,0.0105072065915244,1.107497318545741,1.2557415764545086,0.0933300367671625,0.1115878027748641,0.1403046656901698,0.0144363107588711,3.7007768009746713,4.532623000135309,0.4418827334347748,0.3403321012246078,0.4578661282641619,0.0657676706054335,0.2566825341443738,0.2854084221973587,0.0249574954205939,6.217325488723017,7.855366449259376,0.8006475337963187,4.76168343693051,5.34018382334817,0.3375082062010182,4.325471619970652,5.279281414635462,0.4687270881870197,88.521552
haoyu0512workout,one_arm_db_row,2,2,9.0,10.5,12,38.649995999999994,16.574796,22.0752,3.2208329999999994,1.381233,1.8396,0.4258629993100568,0.1482740013798861,-0.1304909560723514,-0.1700879765395893,-0.0993071593533486,-0.0097849756854018,0.1157122065976188,0.2809155126191798,0.2272128949929541,0.0149007131444056,-0.956145942810754,-0.9437523234159436,-1.9437523234159435,-0.1850213076923077,-0.1167438461538462,-0.0682774615384615,-0.2244396912596426,-0.0180161972723458,0.0539373951359472,0.0075931372818557,-0.8706675505523807,0.1172311562799377,0.0637983759880143,0.148277021453853,0.9115902551988312,405.8249579999999,126.0,3.45267463723189,3.7468230777035103,0.230069770205901,0.0423639055051077,0.0538066566800253,0.0079713911353195,1.181808078300161,1.4344911509451943,0.1573505764669701,0.1146690729050222,0.1542526362461398,0.0192071792997734,3.5001147354631628,4.866687846397553,0.6470649839775289,0.3143829937062554,0.4060054230289073,0.0598105053664535,0.2571162471527284,0.2971949888027463,0.0233230915094281,5.871188170716818,7.020997883021041,0.6752677279062044,4.4864559089413385,5.282103747075385,0.4410867797564233,4.121580476469516,4.632335988104199,0.340856833881957,127.171548
hsianshun0514workout,db_bench_press,0,0,4.0,12.0,12,50.012325,26.72835,23.283975,4.167693750000001,2.2273625,1.94033125,0.5347468087453872,0.1050707444296596,-0.0023474178403757,0.0774818401937045,-0.0774487471526196,-0.1458029650243091,-0.1226504694684251,0.0089817345752412,-0.2404240020017319,0.2871552383921541,-0.5605039031605942,-0.016161846828786,-1.0161618468287863,0.2025999038461541,0.1942980769230769,0.0083018269230769,0.4174877800145243,0.0568048030948742,0.0095814285356301,-0.012141344582124,-0.0191206848107805,0.1026830326511825,0.0862294515751342,0.1005280875255618,0.4655971811017388,600.1479,144.0,5.411806053978758,6.015521553697893,0.4874074112640879,0.0977866868294732,0.1826002212634443,0.0288582992087826,1.0413506754800026,1.790363694571591,0.297999568149864,0.1071887575718896,0.1466331588804388,0.0232278601064313,5.236576792243867,6.229066036894758,0.6174616147036927,0.3852587500683402,0.4351276329512126,0.0286084441422179,0.5351138892089553,0.6162490121731654,0.0655225612181842,7.3076990081414595,9.606808554067529,1.165015298380767,6.40580803053982,8.063749861453063,0.7167953187908745,6.505129248180631,7.234359987850387,0.5667668461726675,50.012325
hsianshun0514workout,db_bench_press,1,1,6.0,12.0,12,50.444019999999995,26.737535,23.706485,4.203668333333333,2.2281279166666668,1.9755404166666668,0.5326278755398695,0.0981323280042304,-0.1306532663316584,-0.0411985018726591,-0.2342733188720173,-0.3380813337150148,-0.1667894608835411,-0.2747721459576667,-0.2338311354446479,0.3520607634074951,-0.4121280583714442,0.5883848571923789,-0.4116151428076211,-0.1321226923076924,-0.0111279807692307,-0.1209947115384615,0.2320242311428726,0.0977562166483046,-0.0742682312228547,-0.0186875134876896,0.0469083930879581,0.137050353810215,0.1254105831198041,0.1188285878057124,0.393344279568581,605.3282399999999,144.0,6.251016162583325,7.071464890149506,0.8188023669791541,0.0868852013799551,0.0999988651990509,0.0089158766422264,1.180904771155774,1.585995663374819,0.2093498816282372,0.100747776958989,0.1426928531723755,0.0225809347971297,5.80900456385325,6.7213478586483495,0.6966690780442711,0.345889474823752,0.4992936777551944,0.0654066339136674,0.5535121471501742,0.6432362956168665,0.0933338816477001,6.747397523867485,8.009247030104222,0.8036206785183594,6.468909488770653,7.803111562543605,0.8864046858427268,7.135143333609232,8.388658910993176,0.8184593941081597,100.456345
hsianshun0514workout,db_bench_press,2,2,7.0,12.0,12,48.230435,25.222010000000004,23.008425,4.019202916666667,2.101834166666667,1.91736875,0.5249258845224981,0.1054417589282376,0.0208078335373316,-0.0217864923747278,0.0754189944134078,0.0186950716207726,0.0108346805951734,-0.0527750498851478,-0.0627192662711426,0.329889820249361,-0.8132732407717673,-0.7452448422186677,-1.7452448422186675,0.2110783653846154,0.1370684615384615,0.0740099038461539,0.0210640509674637,-0.0638089644526265,-0.0346149034732258,-0.0051623753054354,-0.4586527848711825,0.1121396839802765,0.1525745832995954,0.1368551564988624,0.5909770564637858,578.76522,144.0,5.387546809849936,6.418422503635046,0.8585538291747589,0.0772726011994614,0.1055664558801542,0.0155616681304049,1.046417063535401,1.2856641196189798,0.1836975955222739,0.1105472672463249,0.1388473895857334,0.0167215410795343,4.809431234996265,5.672196041891211,0.5672762577519376,0.373479399276367,0.4593055027295225,0.0548047267335835,0.583393332206038,0.7155470241366537,0.0768643480121946,6.921389904035525,8.2877108077437,0.9619672403492124,6.288006206722382,7.906738103620297,0.7322172260166959,6.536471033807202,7.160325537266738,0.4416800962475067,148.68678
hsianshun0514workout,db_biceps_curl,0,0,9.0,11.0,11,38.659665,21.87867,16.771810000000002,3.5145150000000003,1.98897,1.5247100000000002,0.566634345089187,0.1566624244626981,0.8623326959847033,1.594795539033457,0.0866141732283465,0.5000947477932209,0.079865203131844,0.1700726571669186,-0.6478111735125609,0.4746297698331361,-0.6172607396330337,-0.6172607396330337,-1.617260739633034,1.3247274999999998,1.022875,0.301435,-0.2934395019512742,-0.4450797221712235,-0.0068048735360737,-0.1557407361449291,-0.5711658456081632,0.2836726596001526,0.1462576752259643,0.3599132447111968,0.5004815971248732,425.256315,121.0,3.2002433702256483,4.505331472042711,0.4909056325501468,0.0520471306686887,0.1750349165512262,0.0480841994481516,1.8128712684164023,3.461448671703016,0.7281506135344726,0.2403437743802515,0.4238651664178462,0.1174329749267562,3.582081613916783,4.770234524712498,0.7183755643531037,0.1323226316087462,0.185350923325392,0.0335281410822216,0.8603428373181831,1.3655558089149036,0.2994078994133432,5.917438291664541,8.660523203995727,1.546854520469981,3.776227279965998,5.790386936771881,0.959943083375586,4.285255010928108,5.070988740657862,0.5450948577042004,38.659665
hsianshun0514workout,db_biceps_curl,1,1,10.0,10.5,7,23.228865,14.696,8.532865,3.3184092857142855,2.099428571428571,1.218980714285714,0.611608590639834,0.2628714771617217,0.5089722675367048,1.2365269461077846,-0.3620071684587813,0.2548383370085693,-0.128414947005691,0.6326863669857272,-0.3179433527248172,0.6635347251176084,-0.0647920703273528,0.741536818209447,-0.2584631817905533,0.7548101785714284,1.054962857142857,-0.3001526785714286,0.2754957998680816,-0.1184630049280905,0.026181329082256,-0.0308728352492169,-0.2289439024173847,0.1915122954088468,0.1163556575425552,0.1843106787371381,0.3439491781045792,243.9030825,73.5,3.3226750414564603,3.9535016063102457,0.417588729542471,0.0381530151563805,0.0566359256547605,0.0116451101436084,0.966503232490744,1.3590076686208503,0.2013728635024064,0.1338487285800689,0.1767467519630873,0.028355683506207,3.067794356411734,3.9459942911336823,0.4556148159525857,0.0903688134317347,0.1427993794636423,0.0248648229475613,0.4587232250549068,0.63564437893074,0.1105118758320234,5.339864920462501,6.04279438943505,0.4652850001779574,3.5114660692038404,4.953548071449325,0.7393056769644532,3.5435422078742578,4.905523783563954,0.7705302456611858,61.888529999999996
hsianshun0514workout,db_biceps_curl,2,2,10.0,8.0,11,30.60442,16.156415000000003,14.438820000000002,2.78222,1.4687650000000003,1.31262,0.5181012854095092,0.1004328893128934,0.5209471766848817,0.625,0.3839662447257383,0.3037603543850413,-0.0803127855543186,0.2517187387468245,0.0829786012100299,0.7912730038605716,0.3596197258303825,0.8860817963755658,-0.1139182036244343,0.7043224999999997,0.4559099999999999,0.2496649999999999,0.1852222566144895,-0.1958190264737649,0.013355952378639,0.0047918954869468,0.1144324571454124,0.2049646351926679,0.0719986047945806,0.1787912580248185,0.1805356488155964,244.83536,88.0,3.2056729421882717,3.5839164163474067,0.2420692556463206,0.0392722242016882,0.0498231608940056,0.0078303995686599,0.9096834763459648,1.0767071501868897,0.1318328699101031,0.1363208983411303,0.1841271923596935,0.0224995665479196,2.702688013995321,3.648066005415383,0.4376274451715272,0.0796594658096348,0.1063457109856277,0.0162204890970738,0.5183625072091782,0.7157860264747429,0.0892009850044996,5.429452912469708,6.1702672796253815,0.5780448104759807,3.2280036344658067,4.725046719494425,0.5279507295603403,3.2598543188983813,4.508552649082335,0.6046957525489867,92.49295
hsianshun0514workout,db_rdl,0,0,4.0,13.0,12,37.80546000000001,17.828085,19.977375,3.150455000000001,1.48567375,1.66478125,0.4694787903300931,0.1273816351505586,-0.0997109826589596,-0.2093023255813952,0.0393442622950819,-0.2055808988958987,-0.0977232426320484,0.3844400448343399,0.0301674203244881,-0.0975963365350451,-0.802187282217958,-0.5845687324746999,-1.5845687324747,-0.1006817307692308,-0.1245274038461538,0.023845673076923,0.2185247379470133,0.1186366572128808,0.0615205962782076,-0.0001201520987552,-0.3342690602462586,0.129357607297454,0.1122055968114159,0.1310103454835732,0.4594528180326623,491.47098000000017,156.0,5.122155422009009,6.224591811900451,0.6002906136992511,0.1126099673954749,0.1844046065485059,0.0433759943399077,1.0930642116935405,1.305138978110644,0.1275449721120439,0.0812716248862276,0.0928902703647224,0.0059977004512014,7.961199970755686,10.611202563950156,2.0686265712647973,0.4977098139342292,0.6220372919788721,0.0875126899607494,0.4632522795855278,0.5119150950521658,0.0360118127828279,8.157814404668672,10.382449240343304,1.4926444542991903,7.043769832419468,9.085393543175991,1.398050302273913,4.915240138410658,5.592057773773115,0.4376544625253953,37.80546000000001
hsianshun0514workout,db_rdl,1,1,6.0,13.0,12,34.636635000000005,16.88203,17.754605,2.8863862500000006,1.4068358333333333,1.4795504166666669,0.4889752036414185,0.0686027200778852,0.1927480916030532,0.1654676258992806,0.2235772357723577,-0.1900133588536132,-0.4090246816456568,0.2795807425699157,0.4678633807155929,-0.1950882733026121,-0.8305705634262502,0.1411696132314065,-0.8588303867685937,0.2559435576923077,0.1158723076923077,0.14007125,0.7073157494389173,0.1104095585476829,0.0602406491667738,0.0157590158695818,-0.5912187992580644,0.1081716871949511,0.1720054783103356,0.1412425264264719,0.62920987639293,450.2762550000001,156.0,4.593731643622259,5.3907391659052255,0.8252816346951192,0.1381164833382597,0.2469593644305235,0.0621157084191631,1.295836567612872,1.8593985194235616,0.2380765109868882,0.0987270811800109,0.1330846294608086,0.0170050641005451,7.818311567845995,10.862318560713732,2.0408411368048154,0.5191342413900343,0.68545521162883,0.0732084261631895,0.4829726761706887,0.5400634269318574,0.0451464485598043,7.896706386879721,11.592687349855897,1.8210715859878648,7.180032487165556,9.52587721629262,1.2585635998753495,5.0461866539612705,6.0602805517692655,0.6534785010803846,72.44209500000002
hsianshun0514workout,db_rdl,2,2,8.0,13.0,12,34.37027,16.358485,18.011785,2.8641891666666663,1.3632070833333334,1.5009820833333334,0.4749179085696425,0.0933231899095553,0.0377668308702792,-0.0798816568047336,0.1845018450184501,-0.1221999045462438,-0.1843717152029638,0.1048332799913525,0.2014988128493913,0.0442290640136436,-0.7367344643994612,0.0561916349238856,-0.9438083650761144,-0.0494576923076923,-0.0687108653846153,0.019253173076923,0.4811174403424726,0.1822486155550883,0.0343251212792481,0.0139295624313451,-0.1984545652621284,0.0806063364727818,0.1453132722565792,0.1681336962171538,0.456661800877831,446.8135099999999,156.0,4.381869821608151,5.712936178442245,0.6650572531546525,0.1026220138571159,0.2660678669340555,0.0560189790391245,1.1051635715119488,1.8460105567850735,0.2546603247494989,0.0870185180918448,0.1366229527273997,0.0183469152219646,5.794480672172736,10.929733729551524,2.4381039672980513,0.4502223403367149,0.7460491014068946,0.1223462920512652,0.4895406913888909,0.5487723613463173,0.0389234727309276,7.067639136059007,12.070470514714202,2.228407792841383,6.345955678096726,11.948577693730968,2.126454426307257,5.140404280378391,6.065071179445959,0.4962480902687051,106.81236500000001
hsianshun0514workout,db_shoulder_press,1,1,9.0,13.0,12,38.971954999999994,19.260944999999996,19.71101,3.247662916666666,1.6050787499999997,1.6425841666666667,0.4930856253829902,0.1401101023159568,0.4157509157509156,0.1821561338289963,0.6425992779783396,0.535106936572415,0.343152891636695,-0.2720482916940422,-0.2826651314007581,0.0937301226504586,-0.5296420974012198,0.2538751284305509,-0.7461248715694491,0.5067647115384617,0.0461016346153846,0.4606630769230771,-0.4710263215907604,-0.3887153866854137,-0.0689081321799086,-0.0347723688383507,-0.2089241009674804,0.1478768868139097,0.2234771536534426,0.2224689300085709,0.4397970112694869,506.6354149999999,156.0,4.485976029205253,6.195299921124648,1.0470908398590058,0.0851439814895491,0.1192113197326284,0.0275343491898385,1.4431887067599038,2.3880428363235997,0.4251208378456024,0.1713959161756287,0.2598922971323533,0.040317359868863,4.587070254625188,6.62452594055278,0.9272123629821304,0.3291354345772928,0.461124722772146,0.0708896305312608,3.0745133746653117,3.731503537846975,0.3990166038810671,6.838204082221665,8.478809263700384,1.0871936112960283,6.044559104435309,8.090314416417568,0.9449565639120676,5.591842683622052,7.104162088564053,0.7109374404297959,38.971954999999994
hsianshun0514workout,db_shoulder_press,2,2,10.0,11.0,12,34.930555,14.696,20.234554999999997,2.910879583333333,1.2246666666666666,1.6862129166666664,0.4294117587936396,0.1471716862496511,0.2394881170018279,-0.172549019607843,0.5993150684931505,0.1540715257095203,-0.0052984872037658,0.6478658319875954,0.7035514536292726,0.2096865358664055,-0.7403201649291088,0.1755981228753271,-0.8244018771246728,0.2453454807692308,-0.1416609615384615,0.3870064423076924,0.0794861008970329,-0.0854182778089073,0.0763521791830773,0.0564961511133859,0.0656998519444263,0.1869491586798762,0.1623387226597894,0.1876998299490858,0.6026304205124848,384.2361049999999,132.0,4.165854513816326,5.310973223187523,0.7063509013696857,0.0809589878549113,0.155615594318914,0.0343176544008617,1.661453069643854,2.629502097192639,0.3940664609478045,0.2008200593845654,0.2878645251763959,0.0457275524692852,4.583513465461915,6.9318056357376365,1.0021496698739984,0.3157207648508954,0.4801708977583288,0.0880110755522362,2.4616464860029597,3.4119033236996743,0.6224004793762009,6.409520870828111,10.000659315025963,1.3452646796280796,6.321720334082181,7.869977280036844,0.8284628516151147,4.93191606426366,5.89171250557777,0.6238685395983504,73.90250999999999
hsianshun0514workout,db_shoulder_press,3,3,10.0,11.0,10,33.865095000000004,15.127695,18.7374,3.3865095000000003,1.5127695,1.87374,0.456392089832294,0.1510395155838286,1.15234375,0.6280991735537191,1.6222222222222222,0.4055691919085654,-0.1154213344988241,0.1938181115932025,0.2805169434693846,0.1828436948605502,-0.6678176676351666,0.7859783522228829,-0.214021647777117,1.3955355,0.3734955000000001,1.02204,0.5602025428328153,-0.2975157247414694,0.033045581709658,0.0316350357129979,0.310960146323323,0.331946747557144,0.1645630806516319,0.2285593393283986,0.6090487875779865,372.516045,110.0,4.69213314397562,5.868621824960345,0.8139195520644034,0.0713655836128927,0.0944651425055848,0.0179740476642,1.7451044939989686,4.431332188624065,0.9808778885086988,0.1614788395700948,0.2065678078091879,0.0287547629422782,5.31912384295765,8.296195894882555,1.2891217978093814,0.3106509209287739,0.3986793189132571,0.0519322654613118,2.5626612450719013,3.146953806897443,0.3691645620934672,6.793216273359536,12.365191753274832,2.0476439683637335,6.250703773609438,7.441466800063487,0.7309543886598039,5.53689040299542,7.465002165173853,0.9806386844793832,107.767605
hsianshun0514workout,db_squat,0,0,4.0,15.0,12,28.510239999999996,14.411265,14.08979,2.375853333333333,1.20093875,1.1741491666666666,0.5046521878637317,0.0685492935941503,-0.049079754601227,-0.0699588477366255,-0.0284552845528455,-0.2384408011959664,-0.1210515263639975,-0.0261043814276735,-0.0853651183664158,-0.1787069775502199,-0.900147064867083,0.8553944321813938,-0.1446055678186062,-0.0830182692307692,-0.0937929807692307,0.0116578846153845,0.1465749783498566,0.1691520681022494,0.0099317979179111,-0.0239178394968824,-0.1968320267333471,0.0981117899036588,0.0754820958957612,0.1778313060523766,0.6545861346210013,427.6535999999999,180.0,3.840111761968627,4.43304067270919,0.3027485663599206,0.0657657851401793,0.0880897971000219,0.0139845447161412,3.0500714759662473,4.445472043764565,0.6099206953057786,0.417370753978346,0.5157235366806417,0.0547203339787375,4.281757202836837,5.724114167983246,0.7720987397392433,0.4546820916511425,0.5883706985046502,0.066203723018345,0.5108384867012129,0.5837557182797799,0.0489295914555065,5.976091910030083,7.810471510100543,0.8455215818260241,5.76893685411994,7.42760144429916,0.7975345168512336,4.687921827343336,5.719688002283277,0.5255602323009381,28.510239999999996
hsianshun0514workout,db_squat,1,1,6.0,15.0,12,28.041805000000004,14.943995,13.09781,2.3368170833333335,1.245332916666667,1.0914841666666668,0.5299477987550592,0.0915000032037544,0.1425576519916143,0.1582733812949639,0.1206030150753769,0.0416933815332191,-0.111454513279511,0.0215981227237522,-0.0590495393675343,-0.0051302906102138,-0.7784805962045741,0.6755714600726221,-0.3244285399273781,0.1273535576923077,0.0962658653846154,0.0310876923076923,0.0556574534289218,-0.0680411464350869,-0.0084065183065271,0.0100743548099866,-0.2127299930581888,0.0996877961393103,0.1226955050945896,0.128775360561389,0.6230482300659816,420.6270750000001,180.0,3.614182738175766,4.547307037667871,0.4631621279282575,0.0554005573197308,0.0785869024438918,0.0117197054059638,2.8728758343872567,3.6860974169942535,0.4008621349646922,0.3292349204573397,0.3968967959201731,0.0432782419897454,3.96752146676954,5.858371289285987,0.7309605796834485,0.3628607130412623,0.4828772314157062,0.0487815946221967,0.5453419161728504,0.6375489855738885,0.0489630403538942,5.412104388523805,6.850197033416891,0.6779487670343998,5.376950478327406,5.888453132233745,0.3648525661052961,4.186337427356402,4.465887456499582,0.2045342098703879,56.552045
hsianshun0514workout,db_squat,2,2,7.0,15.0,12,25.929255,13.72239,12.206865000000002,2.1607712500000003,1.1435324999999998,1.0172387500000002,0.5225285231208036,0.0767943266969926,-0.0038240917782026,-0.2182890855457226,0.3913043478260869,-0.0122581986771139,-0.0427084515201274,0.1698110209922252,0.2268845678828603,0.0185837483054626,-0.4394190221458396,-0.1267375436282399,-1.12673754362824,0.0203129807692308,-0.1459001923076923,0.1662131730769231,0.0830184729638418,-0.0122979495371363,0.0185996188984572,0.0292121902588536,-0.0902770196676918,0.1356499975458793,0.1557310005084206,0.1846907522054462,0.3563844427285623,388.938825,180.0,3.983443683997446,4.9069420808156075,0.6479299210898748,0.0642834107112969,0.1066474186805784,0.0171696449928569,2.932684459758402,3.9063529467575298,0.4410408315979035,0.2885173698079598,0.3686594742457704,0.0388570755590768,4.141052833089172,6.191514349061622,0.8887704727290974,0.3279829311791671,0.3697837376254505,0.0307939458957491,0.6287804734406356,0.7910307031007799,0.1101715260981082,5.397013288772601,6.423305009887753,0.5549193652364462,5.371521915137207,5.936276284196828,0.46276540759837,4.537402851347,5.301003955656578,0.4063172821755704,82.4813
hsianshun0514workout,db_triceps_curl,0,0,4.0,5.0,11,28.060175,18.14956,9.910615000000002,2.550925,1.64996,0.900965,0.6747459427406196,0.3501040679116035,-0.255533199195171,-0.1041009463722397,-0.5222222222222224,-3.364711737091447,-0.0654881406913381,1.1269704521552164,-0.065437268470187,0.3564767082775975,-0.9310374732961674,0.4439601298292687,-0.5560398701707313,-0.2133424999999999,-0.0868399999999999,-0.1265024999999999,0.2108179952253935,2.1875237661494555,0.0814879996857897,-0.0112747111279608,-0.3913910504944717,0.3012762116518441,0.0953501757584485,1.3741304781662431,0.5964663119073882,140.30087500000002,55.0,3.3679113501467337,3.8795673740833094,0.3368049704283131,0.0581628014930371,0.2010953443900812,0.0482061428140885,1.5524897032248195,2.1629374855985177,0.3985381846528292,0.21914297774386,0.26923793414999,0.0362573292016169,3.698057318330403,3.990715544965677,0.2481079574362733,0.1952937090286227,0.4806241863344355,0.1089481198304398,1.141782199719857,1.4647832798976586,0.3285049873768785,6.1644768535004495,8.205904199263774,1.2674376095293969,3.806128315318183,4.743936385596056,0.4581962073214746,3.857935846118414,4.500542178152981,0.3875802371407334,28.060175
hsianshun0514workout,db_triceps_curl,1,1,7.0,8.0,12,33.167035,17.772975,15.39406,2.763919583333333,1.48108125,1.2828383333333333,0.5388121022397169,0.1344663897835775,-0.0698027314112292,0.1846689895470383,-0.2661290322580646,-0.1014571127488357,-0.0244410723815016,-0.1150487398728801,-0.4657954956741006,0.5027394804025987,-0.6882490887383412,-0.6882490887383412,-1.6882490887383412,-0.0849612499999999,0.1103966346153846,-0.1953578846153846,0.0318580803150895,0.0404058254157497,-0.0128173043812064,-0.0804265162621596,-0.4334729867053773,0.0569557482454919,0.0361919354739301,0.081002126859112,0.5559140952376768,265.33628,96.0,3.1365567356175603,3.364615798108285,0.1185657457013237,0.0397853673019632,0.0598610964365284,0.0076720141282262,1.632103765950598,2.8059163399658487,0.4430799301017374,0.2263040249271777,0.3159211886171036,0.065601722522602,3.3155335533569974,4.479561673555014,0.4669192146493592,0.1527212386873934,0.1972795957339776,0.025833954987245,1.432680325284566,1.739362946432797,0.1358609042298067,5.643739161213664,6.695294246724487,0.556863456575522,3.729803551928226,4.237792664480569,0.2260650968387277,3.8385732563717263,4.68562084178993,0.3112133541538859,61.22721
hsianshun0514workout,db_triceps_curl,2,2,8.0,8.0,12,29.603255,18.0026,11.600655,2.4669379166666667,1.5002166666666668,0.96672125,0.6106868616197665,0.2213737232395328,0.194274028629857,0.1182432432432432,0.310880829015544,0.2145955336307713,0.0743779726043876,0.4617144589963147,-0.1996483543977965,0.0121274919675801,-0.864574607191779,-0.6861372885963125,-1.6861372885963126,0.2209699038461538,0.0890238461538461,0.1319460576923077,-0.1210097074851931,-0.1556236547370628,0.0196559361408764,-0.0254817831842797,-0.5044574629312729,0.0872708308639263,0.054871105659457,0.1050420040898747,0.5344870940970442,236.82604,96.0,3.185029732306831,3.498586402795163,0.1825372412730951,0.0381357653553321,0.0438178209846147,0.0037594490078183,1.2103550955406257,1.4924065176008827,0.1638890290027218,0.1479347167014888,0.2001370022883065,0.0262002180007212,3.429419765762125,4.023745853618734,0.371202073715799,0.1330780270834344,0.1977657775116264,0.0243492278750742,1.2368184719214703,1.3739394932115268,0.086821669379009,5.6885100237233575,6.522245997259111,0.6749611671351655,3.6006100737684723,4.062312281949599,0.2785375440489996,3.6485504322281006,4.168517981180601,0.304154044454841,90.830465
hsianshun0514workout,db_weighted_crunch,0,0,5.0,13.0,12,39.97312,14.888885000000004,25.084235,3.3310933333333335,1.240740416666667,2.090352916666667,0.3759528491751516,0.2722171086672405,0.2318840579710144,0.4549763033175353,0.0938416422287389,0.2171720754483195,0.0549916760947266,0.0126772803457331,-0.1556040477014053,0.0405653216948435,-0.7356945048806828,0.4065386554266993,-0.5934613445733009,0.2338642307692308,0.1478431730769231,0.0860210576923077,0.009329869021836,-0.1205567457112243,0.0015470342810973,-0.0178226483806252,-0.017803022562079,0.1357434394662647,0.0977896111450161,0.1707181446116842,0.5684006533672149,519.65056,156.0,4.579753412454256,5.364695401380524,0.4677664771717946,0.1101722480161953,0.1852606967905784,0.0412308470601188,1.2429489175492197,2.1758401461745778,0.3338588212356396,0.1633265625801555,0.2330430312611309,0.0260995406635414,5.309566688033328,6.574664398506301,0.8523323629775473,0.3864049287189119,0.4339688380848701,0.0291491168708681,0.4112999203069898,0.4781255095956609,0.0528380084076903,6.889295709739321,8.739363342796317,1.0623542143335616,5.027501853045984,6.247096406832125,0.5627577739259989,6.389189210394918,7.41990600246771,0.6467894084956314,39.97312
hsianshun0514workout,db_weighted_crunch,2,2,7.0,13.0,12,39.174025,14.576595000000005,24.59743,3.264502083333334,1.2147162500000002,2.0497858333333334,0.3682935451791109,0.2634129096417781,0.4270650263620388,0.263392857142857,0.5333333333333332,0.2177857810352258,-0.1420497240172227,0.1775778976731989,-0.1323905632698461,-0.0055449349290458,-0.7077023020545186,-0.2516095854467791,-1.251609585446779,0.4940470192307694,0.2156708653846154,0.2783761538461539,0.6972204892468193,-0.0406857142512961,0.0293420139585195,-0.0104838938892657,-0.1086256902899775,0.152421858368338,0.173713634530728,0.2154491582295727,0.4858341657117274,509.262325,156.0,4.772265148387674,6.306550718045291,0.8658701191503412,0.1096242930280818,0.1629608196568746,0.0366608981447359,1.0947126465249333,1.4074111569060588,0.2271044547304095,0.1349541559035652,0.1674211060709262,0.0254764323797547,5.046722291444666,6.587115930685059,0.8791160846430683,0.3677509496426491,0.5231379819747062,0.0675300111091777,0.374652801960354,0.5584074498471872,0.0905806207933328,6.705901185489103,9.119745221892831,1.104829781076169,5.3305060707750025,6.715151287920788,0.6884509833611612,6.66426556193171,8.407163488541327,0.939829955645184,79.147145
hsianshun0514workout,db_weighted_crunch,3,3,7.0,13.0,12,40.487480000000005,16.69833,23.789150000000003,3.373956666666667,1.3915274999999998,1.982429166666667,0.4162628077074431,0.2180648460783529,-0.010233918128655,-0.0685358255451713,0.0413223140495868,0.0550083377860824,0.0577163369391754,0.2628362513258242,-0.0799809518440952,-0.0393683219546097,-0.6676998610222967,0.3801495389987844,-0.6198504610012159,0.1406011538461538,-0.1130461538461538,0.2536473076923077,-0.3764066829326091,-0.1725795295862214,0.0466633536932833,-0.0047143672950645,0.1084575240701035,0.1080750440703425,0.1082650211482341,0.1621853870191868,0.543069228657771,526.3372400000001,156.0,4.326110346777657,5.087694080066058,0.4891927796791347,0.0784520056220595,0.1216835729587555,0.0183745856869306,1.1805654667162249,1.6978523333845423,0.2383783883419195,0.1162439983303274,0.1477828092174384,0.0185049392863484,5.566602510296041,6.453940362912405,0.683079976671011,0.4286832176603677,0.492968948701442,0.0505236078960044,0.4188899770197711,0.4741775673890376,0.0352647599848727,6.796874447306911,7.825876963727923,0.5476835947609474,5.806663301401973,8.004435000540596,0.8595249487142561,5.730375361784188,7.540076912345756,0.9646085081599756,119.634625
hsianshun0514workout,one_arm_db_row,1,1,7.0,15.0,12,29.566515000000003,13.64891,15.90842,2.46387625,1.1374091666666668,1.3257016666666666,0.4583799732097005,0.1190751300754369,0.2265795206971677,0.5497382198952878,-0.003731343283582,0.166741276293648,-0.0504219637962615,-0.0479343708683418,-0.002064859932267,0.1587966062121504,-0.7101935003202341,-0.6795121354484421,-1.679512135448442,0.2439324038461538,0.2190269230769231,0.0254353846153846,-0.0547354677237486,-0.2049083880770704,0.0060701535730224,-0.0014471188521591,-0.0206670540342613,0.0999147433009857,0.1114846617889908,0.1295581773716517,0.6079075979233225,443.49772500000006,180.0,4.100825596103437,4.950796149307666,0.4775080535463373,0.1264814833886145,0.2578947202486918,0.0549902683866616,1.3700318041385795,1.6776579628070438,0.1678384226016555,0.176385862146113,0.2051704050900669,0.0192416477621695,4.053771063319658,4.979449320379419,0.5377385680740674,0.4365456716875529,0.6073231268973819,0.0732220411832582,1.6931639263188327,2.221029639929105,0.3249082801086794,6.596400155367132,8.11229541187078,0.7779006323103134,5.757621707054111,6.635320344760062,0.5872446067728762,4.575178479036338,5.40644252258547,0.4154706660141473,29.566515000000003
hsianshun0514workout,one_arm_db_row,2,2,8.0,15.0,12,26.755905,11.821094999999998,14.93481,2.22965875,0.98509125,1.2445674999999998,0.4412051723833716,0.1190516435373503,0.0317796610169491,0.0599078341013825,0.0078431372549019,0.068236408437544,0.0354434445178317,0.8254040691852327,0.4886984848527018,0.0644966063857554,-0.9002165773400154,-0.5949969960912979,-1.594996996091298,0.0408025961538461,0.0333839423076923,0.0074186538461538,-0.1153453743295751,-0.0801390751259334,0.1430779312173748,0.0212544656385361,0.1492008316371471,0.0563359672587885,0.0803077796504741,0.1002466203522019,0.7740824642752975,401.3385750000001,180.0,3.55894744886006,4.079646176035192,0.2985200285173133,0.0847223351029749,0.1181891080276012,0.0140485605503435,1.348154583671559,1.8274462564536968,0.2635764344165995,0.1697183689728984,0.2290642273865565,0.0271847641155397,4.20544820710184,5.336739088365593,0.5897994045755769,0.4821302147136494,0.7138882339540524,0.1146485098132866,2.866506921043768,3.296780516337745,0.3388905891867586,6.3590567128853985,7.8526787735524115,0.6601347514723104,5.666706580893856,6.598023310253072,0.5715451236490134,4.3246737737133385,5.308869984424156,0.4665006828140216,56.32242
tsenyu0515workout,db_bench_press,0,0,3.0,5.0,12,42.015083999999995,24.066624,17.939232,3.5012569999999994,2.005552,1.494936,0.5722538321585935,0.1447292955228607,0.0526315789473683,0.1898734177215189,-0.1162079510703364,0.1294166002699387,0.068982553486744,0.195961323627468,0.0786273708999758,0.3424026830015801,-0.8692396901673469,-0.0471039130296143,-1.0471039130296145,0.0672579230769231,0.1575858461538461,-0.0919250769230768,-0.2650732892614879,-0.1179472942334098,0.0186068158810184,0.0017552263755629,-0.0331446638959493,0.0797137345898831,0.1497578296367888,0.1425325599789559,0.5018592641689685,210.07542,60.0,5.432537543407441,6.713149110935131,0.8497409623460548,0.0783226190047446,0.1079541407938503,0.0161692820198072,1.0067598186857043,1.2524076828343966,0.1633187245493212,0.0460294869231754,0.0552405267354841,0.0058560381913161,4.386479185689956,5.741400513017639,0.6503188440659979,0.2779785615629309,0.3426665012783541,0.0363673723436677,1.4858598667226603,1.7371116250648453,0.1435390507576479,5.524436628578134,6.42594040299481,0.5912067617839936,5.28371873164516,6.28959087720482,0.5316063727269055,5.124583138604647,6.044710177340372,0.6038403037389498,42.015083999999995
tsenyu0515workout,db_bench_press,1,1,6.0,8.0,12,52.304304,28.569888,23.725188000000003,4.3586920000000005,2.380824,1.977099,0.5451873189775297,0.1400606952089187,-0.1229268292682926,-0.2879045996592845,0.0981735159817349,-0.2519762879707041,-0.0815130775136161,-0.2450069232001371,0.0762243174428707,0.1024719175264477,-0.2290491817229425,-0.1482193583267515,-1.1482193583267517,-0.0181010769230768,-0.2523503076923078,0.2354914615384616,0.7265786076069196,0.1721642394389747,0.0051780744210538,0.0061299495563933,-0.3711681126488576,0.0968786817528531,0.200581431240663,0.1659008724632727,0.3559222408029673,418.434432,96.0,5.225272825733258,6.951634769112257,1.094697124739502,0.0854617464252158,0.1181751797025636,0.0238453444598499,0.8904534188060959,1.073812645216165,0.1350113753638842,0.0895298399701829,0.1110330281798395,0.0102916241530217,5.145182366197823,7.191253196280313,1.0589099040382728,0.3356985299775161,0.4410420816868047,0.0678696368998129,1.4872177063745189,1.6924154260799067,0.137503917600251,7.546979873013718,12.861966160630018,2.4179090422940046,6.602249987941126,8.390966607726504,0.9341304931135428,5.562679251855264,6.923761609351336,0.7201078317296025,94.319388
tsenyu0515workout,db_bench_press,2,2,8.0,8.0,12,54.07607999999999,29.132796000000003,24.943284,4.506339999999999,2.4277330000000004,2.078607,0.5330034076950356,0.1134837602063734,0.4445828144458281,0.5552884615384615,0.3255813953488373,0.1643682191342655,-0.2442641558691596,-0.1072670660238269,-0.0604856442682734,-0.0755685053257799,-0.4834533273192067,0.4084859277240349,-0.5915140722759653,0.6328278461538462,0.4065643846153847,0.2262634615384615,-0.3716114786742563,-0.2277073950959859,-0.0188555200242519,-0.0042012604307699,-0.0635895682008153,0.1559282540996433,0.232914671280593,0.249081105943731,0.4372724062252083,432.6086399999999,96.0,5.317962013131884,7.084308912091559,1.2937082772535418,0.0792706522363872,0.1153206107507441,0.0258285087069904,0.9336318242750932,1.2191269576425323,0.1130600354284393,0.1002875045311645,0.1120811889851779,0.0088362608618047,5.133348323720752,6.408645255790788,0.9043387488250152,0.3282206954270379,0.4425616626172717,0.08959022398684,1.8029536166600528,2.3563336688244676,0.2485401880736475,6.541661474075503,10.03833721477312,1.502226898494041,6.609921609576904,8.601169863610167,0.8443038541358379,5.926100428184949,6.998170327341532,0.7382591296733667,148.395468
tsenyu0515workout,db_biceps_curl,0,0,6.0,4.0,12,60.6741,20.9937,39.6804,5.0561750000000005,1.749475,3.3067,0.3457033450446891,0.3085933099106217,0.2782705099778271,0.3618421052631579,0.2357859531772577,0.0849165655109323,-0.1780770276797942,-0.0272748958142562,0.0001589010969984,0.0182663899401602,-0.630788765094133,-0.4539188063439157,-1.4539188063439157,0.5609559230769234,0.2667246923076923,0.2942312307692308,0.2517142218567939,-0.0269509820738408,-0.0005688029935094,0.0020263700672962,-0.5373949342297205,0.1007596240728959,0.1467255319807021,0.1297137519186379,0.4675123200107828,242.6964,48.0,3.2250985768665803,4.045703588912905,0.4942457765686985,0.0236862823026356,0.027319851227887,0.0033725494454358,0.7380267712259556,1.107186221634055,0.159390735879579,0.0524708175630462,0.0650739893500374,0.0089770588802746,3.8092575295483697,4.153672486896752,0.1831204908553557,0.0425747185393752,0.0456196427753293,0.0021526451631289,0.6201296392831639,0.8122272895155767,0.1035736099160171,6.13686440759728,7.335179025432582,0.4644443918123565,3.6245742367924625,3.9046754743486662,0.1935045999195213,3.607602530178219,3.822877589304907,0.2009769461714951,60.6741
tsenyu0515workout,db_biceps_curl,1,1,9.0,4.0,11,51.298452,22.230252,29.068199999999997,4.663495636363636,2.020932,2.642563636363636,0.461542875502151,0.2587324308138797,-0.005580357142857,0.2919896640826873,-0.2318271119842829,-0.7642040779893944,-0.3210557893446379,1.2164523874191642,-0.177184368544743,0.6048005710512061,0.0824410550770358,0.0824410550770358,-0.9175589449229642,0.3062018181818183,0.2957154545454544,0.0104863636363637,0.3879356237601335,0.2035880463618765,0.0232274551117721,-0.0088757003043704,-0.1872104949902047,0.2149138013187577,0.2019271080309654,0.5735751887031696,0.2428503056439385,205.193808,44.0,3.101505960374461,4.932658142360051,0.6568460432356833,0.0306328351783287,0.0727774961864831,0.0150308392164166,0.615757287571385,0.7347003467048052,0.0919953795384071,0.0545668514612431,0.0751692674636205,0.0090280334784067,3.55639930242446,4.678664278192386,0.4442277055604935,0.0540082868623092,0.1382144155006975,0.0280396856342498,0.4949017065660601,0.6419344171776347,0.0959470836962026,6.434245577075615,7.792715243380433,1.0113296794881754,3.780166452558672,5.115411022163771,0.4799971947911162,3.7373398658626513,5.005963281343416,0.4669800893900042,111.97255200000001
tsenyu0515workout,db_biceps_curl,2,2,9.0,4.0,12,56.899848000000006,21.971868000000004,34.927980000000005,4.7416540000000005,1.8309890000000004,2.9106650000000003,0.3886168398802521,0.2253436398271247,0.0693779904306222,0.063400576368876,0.0736196319018405,0.1218334568360459,0.0717789500927615,0.190450897929465,0.1440720317865409,0.7324724421177446,0.1915379453698965,0.1915379453698965,-0.8084620546301038,0.2757752307692309,-0.1318539230769231,0.4076291538461538,-0.117010523792506,-0.0663390425010464,0.0040966484100293,0.0039127450008028,-0.0580968211154661,0.1874951592269398,0.0652919974933615,0.1531607511888692,0.2511618500579485,227.599392,48.0,3.159232065181506,3.5645796068542017,0.2154446750146477,0.0293528664291512,0.0352976328761818,0.004314672364302,0.7178779097905457,1.1735359885436651,0.2488173340404643,0.0539470705949655,0.0690200128590166,0.0054094234545399,3.6016465679069523,4.092460278700201,0.3993014161879222,0.0461132103923317,0.0554657937827885,0.0046794462933738,0.445059472820857,0.5616935845995439,0.0679850180997794,6.011461904840534,6.672025926568627,0.5420629068784047,3.5437202711018156,3.895618265146326,0.2075210754594512,3.5514566782942154,4.070934598585719,0.2372649385382983,168.8724
tsenyu0515workout,db_rdl,0,0,6.0,10.5,12,72.19064399999999,40.658567999999995,31.532076000000004,6.015886999999999,3.3882139999999996,2.627673,0.5587457464587802,0.1583106893682371,-0.1916461916461916,-0.0678733031674208,-0.3387096774193548,-0.5249566036221265,-0.174324175582194,-0.0231960525497203,0.2247150647785483,-0.0418135715621055,-0.7269618921662294,0.0383535346133897,-0.9616464653866102,-0.5070076153846155,-0.1533267692307692,-0.3536808461538462,0.4826466598415775,0.222774940749525,-0.0034051095495707,0.0070118464110483,-0.4582307259197904,0.1709698695790464,0.1503637359685492,0.320770691170006,0.4471982814970026,758.0017619999999,126.0,5.2734341670274745,7.358529522090761,0.8281917822408724,0.076798137338542,0.1181102240123612,0.0179236864012713,0.536175526071049,0.7484139707142761,0.0874664565860802,0.0537525874290997,0.0856903010659945,0.0123762233976282,5.242227440044808,7.76106976784949,1.0786512569725462,0.3147925175816755,0.3655032268514857,0.0344086027786308,0.3498674728092253,0.4048738133352287,0.0345429415077312,7.040561926214462,9.646864830791769,1.404529157105434,5.3226350530199715,5.926831741837751,0.4793074041447003,6.47692860994779,7.7088985774607455,0.6556817094405478,72.19064399999999
tsenyu0515workout,db_rdl,1,1,10.0,10.5,11,74.93136000000001,42.374976,32.556384,6.811941818181819,3.852270545454545,2.959671272727273,0.5587013881502295,0.1611126018284664,0.3758333333333332,0.7401032702237522,0.0339256865912762,0.0141667045794228,-0.3436465966984325,-0.0597224374334475,-0.2297921327524742,0.5451067782619496,-0.2886038659218891,0.3691719772219717,-0.6308280227780283,0.8636569090909089,0.9622287272727272,-0.0985718181818182,0.9244205823285144,0.0361977247066101,-0.0160108964415837,-0.0066602117931962,-0.1972665708447876,0.1222652754986421,0.1483223255611627,0.1132141681488216,0.3748545040162427,786.7792800000001,115.5,4.98306457852692,6.190649330832812,0.7751743330520872,0.0774831428764659,0.0958529542178507,0.0145545374480506,0.4397050265869892,0.5223941193308763,0.0579188427365665,0.0470739987666421,0.0583662107001689,0.0057762119584181,5.326100252521571,7.390178398293308,1.2069951904846266,0.3338520042300366,0.4029992934859697,0.049879557059272,0.3102091555388466,0.3462943684276569,0.0358065652932255,6.735687309326765,7.642760515909176,0.809939354466963,6.019277984412884,8.38204399492867,1.1198245748487274,6.880364834050764,8.662174864603235,1.1456956504475462,147.122004
tsenyu0515workout,db_rdl,2,2,6.0,8.0,7,46.629084,30.184788000000005,16.444295999999998,6.661297714285714,4.312112571428572,2.3491851428571424,0.6305137727389928,0.2672237589031148,0.7308429118773947,1.3440677966101693,-0.0660792951541849,0.1906414416163359,-0.4254264979419888,0.3329576139307251,0.5782116327390123,0.2052418935206679,-0.5615448517712891,0.5088297003908545,-0.4911702996091455,1.9279928571428573,2.1474874285714285,-0.2194945714285715,1.050351889688612,-0.0849595589607474,0.0577703721740526,0.0155478368607032,-0.0828551080934435,0.2187338135561251,0.2049803045375573,0.1867807867775598,0.5036442730981372,373.032672,56.0,4.7726194052306985,7.039108950351278,1.0566771874648044,0.0840333719366702,0.1083985970787309,0.0130859229849198,0.6116352400919219,1.875252076954922,0.5618013349071985,0.0527753782071889,0.0962606277189958,0.0201448297457769,5.970787170427699,8.55720579403962,1.4199613824256003,0.3585099537447945,0.446108277197707,0.0609919772024095,0.3455379565622785,0.5142512830066499,0.0799109340954379,7.364261783566896,9.23951717574807,1.1052606589473428,6.414517698562888,9.54612202380953,1.5787878668832316,7.00925460626229,8.923521373642712,1.2545969447001892,193.751088
tsenyu0515workout,db_shoulder_press,0,0,5.0,5.5,12,51.63066,28.791359999999997,22.8393,4.302555,2.3992799999999996,1.903275,0.556552556053035,0.1369146359155936,0.1006211180124223,0.3911007025761122,-0.2275132275132274,-0.223185012290541,-0.3277703879436502,0.2555278821859361,0.7622125593819464,-0.1970876329495737,-0.569675718489363,-0.569675718489363,-1.569675718489363,0.0083406923076922,0.1959175384615385,-0.1875768461538461,0.414245838296307,0.1174218286195116,0.0362751279455907,0.0245520119493957,-0.3664483281964475,0.1179466233572372,0.1599366720180739,0.0811888176357723,0.4550208349165399,283.96863,66.0,6.529673524356915,8.174405966900895,1.0907715526224186,0.0882843128383051,0.1111531449415308,0.0177580185779022,1.0322306120834697,2.970355431003865,0.6336138221858995,0.0739404505170998,0.1824826271154789,0.0372049986801842,6.347848298104124,11.63413509246438,2.3737199664873865,0.3605198176774329,0.5371686538019296,0.0912609409759924,1.0235131627127132,1.1262987303031058,0.0773257809770977,7.9579095847503725,13.914453485923955,2.479485172486396,5.941486913772345,7.104863791075351,0.7768448459761159,6.685144576023755,10.721852223811094,1.5463850360471951,51.63066
tsenyu0515workout,db_shoulder_press,1,1,8.0,5.5,12,52.78416,30.037139999999997,22.737792,4.39868,2.5030949999999996,1.894816,0.5665693406788576,0.1472975511617461,0.3866481223922116,0.5989304812834222,0.156521739130435,0.1848066298633029,-0.1294918259179438,0.2212645831798017,0.0943062890751413,-0.0627222020501682,-0.6623219584617541,0.4629706410977657,-0.5370293589022344,0.6988435384615386,0.5733782307692309,0.1256427692307693,0.5944891594313496,-0.1353144059991387,0.0354516446482356,0.0017238693756187,-0.0465231850835424,0.1409745809046618,0.1387820808395503,0.1765260738032434,0.6069135384229227,290.31288,66.0,6.2512599136187035,7.566049128841376,0.9061398530003428,0.0859661306496657,0.1052621526272122,0.0086379995984282,0.9785398127193498,1.721836521530258,0.285965941081284,0.0739397094810047,0.1135255152552576,0.0141136791986581,5.939872587419571,9.460295272817614,1.5776795549170823,0.3077913094956981,0.4310714615464464,0.0676116748853621,1.0226534912947276,1.20054049398123,0.1259746417587832,6.535083905247835,10.224865864909091,1.618164131371001,6.147091973038587,8.180620133840751,1.0213883996955393,7.024264774017411,9.324034622762008,0.9273942737361376,104.41481999999999
tsenyu0515workout,db_shoulder_press,2,2,9.0,5.5,12,51.298452,26.94576,24.352692000000005,4.274871,2.24548,2.0293910000000004,0.5276289634347144,0.1050440537578974,0.1155844155844154,0.2494004796163071,-0.0424929178470254,0.2328991952874854,0.1353867535182878,-0.1892139873923659,0.0197599782776982,-0.0685554291539221,-0.8016579211883207,-0.1872987089425921,-1.1872987089425924,0.2777273076923078,0.2367336923076922,0.0409936153846154,-0.3485624251336662,-0.208442364561014,-0.0770981249608886,-0.0033843761566038,-0.1091502320345575,0.1271081026801281,0.1334478359095279,0.1546279999382621,0.5401997026429066,282.141486,66.0,6.060038857487606,7.445189320207301,0.8446586319813921,0.09891267519105,0.1920977410712299,0.034399090163475,1.2112118779496754,2.83291018536178,0.595091312065934,0.0836972562791448,0.1742473835779599,0.0320781047348118,6.647249681339577,13.527704832194203,3.054297244674507,0.3963650961288352,0.6561641979030892,0.1269025486684325,1.0103408792968394,1.2982376440738443,0.1553672373051772,7.97017898125153,18.884523815782657,4.202479225232263,6.216878236788749,7.725977432869428,0.87043051095753,7.264358446801389,10.28825693857586,1.6903401080923928,155.713272
tsenyu0515workout,db_squat,1,1,4.0,10.5,12,46.010808,29.704932,16.305875999999998,3.834234,2.475411,1.358823,0.6329440575805692,0.2689631459114457,0.3971518987341771,1.2662538699690409,-0.5113268608414239,0.243865887124929,-0.0698901027925162,-0.2939474296207898,0.6102650407279295,-0.0209205433682195,-0.7361733657160213,-0.250690554667458,-1.2506905546674585,0.741789230769231,1.0333585384615387,-0.2915693076923076,0.0979103608638198,-0.2132928947644386,-0.0382530926952877,0.1032083353495245,-0.0416483905021698,0.171201595004393,0.0997015478000425,0.1524893119910781,0.5023474171798407,483.113484,126.0,4.145264192409598,4.865744894376072,0.4316665495212937,0.062163029355857,0.0793356912335501,0.0097404332331754,2.4539646006174665,3.265197289316664,0.4986201368037676,0.3910838568167978,0.4814966637010996,0.0759779497883088,4.383139620016817,5.978543794851372,0.8395402334617799,0.2944666439447757,0.3529733469398274,0.0601758689295619,0.4800109075731757,0.5294742067020197,0.0277612709016719,5.674617796615027,7.1461178320594305,0.7301044492781421,6.4759272707184445,7.715860875110542,0.6586746790130689,5.661053993026086,7.503191043641303,0.7696518465357551,46.010808
tsenyu0515workout,db_squat,2,2,6.0,10.5,12,46.721364,29.0682,17.653164,3.893447,2.42235,1.471097,0.6205761104412729,0.2498841874732822,0.0635761589403973,0.387700534759358,-0.2545931758530183,-0.0357616339712945,-0.1217557595536678,0.0234402407098224,1.0617040600894625,0.0730810018759735,-0.6612532443341119,-0.2108662786287071,-1.210866278628707,-0.0094054615384614,0.2771949230769231,-0.2866003846153847,0.2495963157069795,0.0647942598407859,-0.0126843340308128,0.0873514555653759,-0.1145262849278587,0.0932393776892859,0.1861439291827164,0.194186306286912,0.4735553518837174,490.574322,126.0,4.163589988426966,5.734390561261547,0.8094893007237247,0.068962572397551,0.120897750620885,0.0233851119368176,2.517634943003409,3.1129581146673546,0.5607152548019395,0.3634120091106058,0.4671248487027776,0.079590986348762,4.933156196478693,7.392330656389973,1.1446778044505066,0.3041510297535971,0.3877047403922821,0.0457841134745763,0.5201299856905428,0.5652766727710634,0.029330494742509,6.820065255593318,10.002299953441137,1.4640419783829064,6.564775099204378,8.023979298462493,0.850335685817096,5.8493684172464855,7.31452560034478,0.7977201774369961,92.73217199999999
tsenyu0515workout,db_squat,3,3,5.0,10.5,12,39.274368,23.983572,15.290796,3.272864,1.9986310000000005,1.274233,0.6089662888894372,0.2179325777788743,0.2685025817555937,0.4680851063829787,0.0079365079365079,0.0185894457622717,-0.2438815427006511,0.0483222998633348,1.319184014491797,-0.2874833864961376,-0.9177134618879176,0.2826976717603948,-0.7173023282396052,0.3804775384615386,0.3927223846153848,-0.0122448461538461,0.457930331611527,-0.0263091799944322,0.0112495401339412,0.1256529147682568,0.1607770345053913,0.1149770714053516,0.1051079359083782,0.0524801066027613,0.5587818804636486,412.380864,126.0,4.5738165181108466,5.46372190930963,0.5021211636349703,0.0777601186508097,0.1106976963015287,0.013828109443459,2.802147941809808,5.322790770340606,1.1176677391108256,0.3411457462533898,0.4929124012433877,0.1126273991510674,4.528991556512811,5.643877108086697,0.752614746135101,0.296550295929173,0.3348264943968307,0.0197306522812537,0.5229378968728324,0.5857443932885706,0.035079135060684,6.041632411918564,8.002388991262336,0.7401736829822028,6.335794811211589,8.22516371037431,1.089876692786213,5.775523176068417,6.768519729930864,0.6959811375090358,132.00654
tsenyu0515workout,db_triceps_curl,0,0,4.0,5.0,12,42.005856,24.417288,17.588568,3.5004880000000003,2.034774,1.465714,0.5811103206462401,0.1682447376780225,0.2032,0.4367469879518073,-0.061433447098976,0.0789059823837067,-0.1166717059987638,-0.1573084719646428,-0.2797069675221246,0.1669881048119729,-0.7792600961030671,-0.7792600961030671,-1.7792600961030671,0.2062103076923077,0.3382416923076924,-0.1320313846153846,0.0991044979930881,-0.0395300912637419,-0.0078211867838318,-0.0111048586734584,-0.5819291207117241,0.0984045464937912,0.1222987856927257,0.1303064836189673,0.6848079823178636,210.02928,60.0,3.6996586431273784,4.358054838206229,0.4725829839854775,0.0415729389986161,0.0648083793759511,0.0124326297348792,0.7139219697936889,0.9357520309239308,0.1330173194286852,0.0634638986086369,0.0772716830209719,0.0086623339722725,4.3678196445256665,4.7178885192546405,0.2454053814268896,0.0747602040333976,0.0864778822022821,0.007447779342615,0.7474003223253439,0.8965212767214981,0.0888843425654993,6.895320867194346,8.146113749466993,0.7651251950978911,3.791904783769351,4.521210270493208,0.2816823408517948,3.785550762321872,3.9749173228909234,0.1564170028722512,42.005856
tsenyu0515workout,db_triceps_curl,1,1,6.0,5.0,12,42.439572,23.918976,18.520596,3.536631,1.993248,1.5433829999999995,0.5592348491091685,0.1500083148749212,0.3206951026856239,0.7909407665505224,-0.0693641618497109,0.1619900709167515,-0.0913195648783917,-0.0791082870246431,-0.2184007719131365,0.5839404378032027,-0.7659127126011352,0.8502053426127779,-0.149794657387222,0.4889065384615384,0.4748870769230769,0.0140194615384615,0.116696644040079,-0.1180882379157623,-0.0045643028160621,-0.0113038468986184,-0.3165080009135703,0.1030638195768728,0.10385349137213,0.1036201666636433,0.6158554660304786,212.19786,60.0,3.950807673823507,4.367708917014215,0.4285497740166303,0.0437311672236141,0.0556983231681003,0.0085800411466846,0.7863710985315158,0.9718203727802004,0.1335750591170199,0.0702105165513001,0.0880707493580225,0.0098695649035286,4.382435681131685,5.235712856914901,0.4893260633497259,0.0803250382659384,0.1030459747146158,0.0095981532158738,0.7677173667705373,0.8900042937681356,0.0675935533268041,6.863377800147482,8.227313530536385,0.7480414772393597,3.872686469307046,4.5264202953256145,0.2688538447132511,3.936490326769844,4.423764862550032,0.2644596519002734,84.44542799999999
tsenyu0515workout,db_triceps_curl,2,2,7.0,5.0,12,44.072928,23.762100000000004,20.310828,3.672744,1.980175,1.692569,0.5377154094637053,0.1119636196002448,0.2243401759530792,0.6398713826366558,-0.123989218328841,0.1288250203915919,-0.0583378924449662,0.113755669536155,-0.2098892333348507,0.626770094303173,-0.834848210801636,0.805755684948813,-0.194244315051187,0.2417026153846153,0.4097586923076923,-0.168056076923077,0.1961790327532648,-0.0178888458926538,0.0025286792791983,-0.0047169331248685,0.0397999995441196,0.0851248469782751,0.0860124578896992,0.1089463964838781,0.4719100626958433,220.36464,60.0,3.962521057108466,4.495720277337044,0.3559813303806388,0.0409347349937508,0.0723736303461172,0.0104625946921111,0.7880182785959361,1.006209641870714,0.1381113065519335,0.0507683502773968,0.0591120027022709,0.0056150457534418,4.831198859352093,5.462943166364619,0.37127290680675,0.083672354680275,0.0962937845837595,0.0066244320970054,0.7215684159760652,0.905880244215137,0.1095019558119605,7.309780943651037,9.47259625504004,0.8666683531469452,4.064720684817675,4.750051274579003,0.2761576629251435,4.171573763728959,4.4566105991281555,0.2252506266687195,128.51835599999998
tsenyu0515workout,db_weighted_crunch,0,0,3.0,8.0,12,36.11839200000001,17.200992,18.9174,3.0098660000000006,1.433416,1.57645,0.4723108579177714,0.099247275065565,0.1396160558464221,0.1901140684410647,0.096774193548387,0.342747156194003,0.2869279955472363,-0.1199138887567541,-0.0832448170062867,0.3530172369851814,-0.3360938001970744,0.3298989526084139,-0.6701010473915863,0.1029276923076923,0.0837618461538461,0.0191658461538461,-0.5230409607406867,-0.2092124356431278,-0.0152423669703684,-0.0023888670741037,-0.1165289229932237,0.1162816443744182,0.2367060498891652,0.2639527187748976,0.3086624403105091,288.94713600000006,96.0,3.9747956373497217,5.895830537549111,0.9826943135530946,0.0968909618471626,0.1773294758755824,0.0433412389785377,1.0715711589572774,1.2133140119194967,0.1172257624998433,0.0789465617458271,0.091395818317928,0.0081199242421022,3.9328632953301415,4.767785552532811,0.5229712305545585,0.1407048232262928,0.1829911429489708,0.0198036209949784,1.038998245054649,1.2785760339351409,0.1581437711062513,5.897909933041743,6.957212811108744,0.5950120113009602,4.409049145591497,5.2213090128646185,0.4550074989652768,6.563502854298947,8.303624329748505,0.9509681865416582,36.11839200000001
tsenyu0515workout,db_weighted_crunch,1,1,5.0,10.5,12,36.40446000000001,17.191764,19.212696,3.0337050000000008,1.432647,1.601058,0.4720347185123395,0.1133015779955038,0.0894039735099339,0.3223443223443223,-0.1027190332326284,0.1820116320577617,0.1018781740961515,-0.3184767296293161,-0.1399792429229265,0.6170744678691316,-0.7540084353681975,0.742016508328624,-0.257983491671376,0.0732916153846154,0.1971597692307692,-0.1238681538461538,-0.0995082297608957,-0.0664521914960914,-0.0180308087881729,-0.0041838103040429,0.2121793446601158,0.0857946125472123,0.1635421130005509,0.1874976139114935,0.4512570106392188,382.2468300000001,126.0,3.1955372553687673,4.822171449479249,0.5458430314759696,0.0532721203631858,0.111262843045109,0.0189667650179179,0.8601914160820735,1.0789489361951776,0.1517603211379684,0.0749421973048351,0.0849472558277433,0.0064335059564025,3.68776679275432,4.687195427300174,0.5605542080852799,0.1307408804361397,0.2041956960140731,0.0283485896801195,0.8064907065218069,1.0469980534402648,0.1010887736119829,6.315661012194369,6.695031990761886,0.493111430791755,4.2824062177012925,4.952810417334673,0.3715944043368561,5.692926727024038,7.1310569129076775,0.5935943622948382,72.52285200000001
tsenyu0515workout,db_weighted_crunch,2,2,7.0,10.5,12,36.238356,17.976144,18.262212,3.0198630000000004,1.498012,1.5218509999999998,0.4956600901706307,0.0552014778104223,0.0031897926634767,0.1805054151624547,-0.1371428571428571,0.1629242438558817,0.1536536906163177,-0.1132891073660005,0.0708046553750754,-0.5379068107843178,-0.9403462529479302,-0.7689266920760557,-1.7689266920760556,0.0559003846153846,0.1284821538461538,-0.0725817692307692,-0.2590843612572987,-0.1134310808016166,-0.0144603013239095,0.0034168141294449,-0.1371391746957247,0.061218718296256,0.0917768670400345,0.101892272124335,0.6560083211403591,380.502738,126.0,3.25542416076761,3.876478958849823,0.3120578349424817,0.0526653457216468,0.0817506754173719,0.0124809782415528,0.8548615886392564,1.2807302566564869,0.1535435407804603,0.0820035136814153,0.0954063410432536,0.0058163238164467,3.5541056305252163,4.896652470292308,0.502748790376468,0.1362959000878408,0.1927811634493968,0.0261364404643628,0.7885691640605649,1.01644527651491,0.0962349993385487,6.396585824129421,7.543373635630019,0.489213582493614,3.971290532600221,4.528281714658991,0.3422545437429548,5.933396503192106,7.857227626610798,0.9012886116670258,108.76120800000001
tsenyu0515workout,one_arm_db_row,0,0,5.0,10.5,12,48.788436,18.474455999999996,30.313980000000004,4.065703,1.5395379999999996,2.526165,0.3782111016995544,0.2585303859517299,0.1151832460732984,0.1349693251533743,0.1004566210045661,-0.1532162025752768,-0.3005746664189033,-0.3990534312169513,-0.1004774574654397,-0.0368533087554449,-0.678283222778358,-0.4084402211434688,-1.4084402211434688,0.306476076923077,0.0202306153846153,0.2862454615384615,0.5623352838712097,0.0558015244309134,-0.0439320283579161,-0.0021454951367393,-0.3240314623074232,0.1392888965842952,0.1529043699307593,0.153131080833985,0.5208050872959956,512.278578,126.0,4.530118712745453,6.464941737453174,0.723475387183386,0.0615365945220837,0.0954507263695343,0.0132695392712467,0.5823971200693675,0.7116430324552203,0.0694116088224461,0.0781954709296607,0.0892378453128569,0.0048765729810729,4.725091863587365,5.382685132956951,0.4450396135970028,0.1742580064527576,0.2217490040028165,0.0324954740566251,0.5247788205079639,0.6069840306471685,0.0488360081201394,7.766255518030879,10.162989734817115,1.6480501565250087,5.6916253360175695,7.453558805321899,0.8773157554242489,4.349797778002679,5.460256520391984,0.4480200232151454,48.788436
tsenyu0515workout,one_arm_db_row,1,1,8.0,10.5,12,50.15418,17.081028,33.073152,4.179515,1.423419,2.756096,0.3395716364532075,0.3208567270935847,0.005980861244019,0.0660066006600659,-0.0281425891181988,-0.4131027257802624,-0.4714287923033387,-0.0102878499885834,0.0525493982688032,0.0545407824138629,-0.5231581362767124,0.1224522493253402,-0.8775477506746601,-0.1662814615384617,-0.0079857692307691,-0.1582956923076922,0.9989159628734406,0.2806089208166645,-0.0081754264780453,-0.0004741684177305,-0.1646028361590867,0.1565269198657773,0.2116509546834943,0.2129494750403461,0.4024605921204741,526.6188900000001,126.0,5.2381667215742995,8.219809308882017,1.1579607245616663,0.0644051378826197,0.1041238416680552,0.0174084201477323,0.675675857951728,0.7658219781049915,0.0604353117439704,0.0727394124183604,0.0813738304331726,0.0048653842872413,5.01131225481356,7.072861407862912,0.7794432352021289,0.1818295637188275,0.2136430126786777,0.0228279538385359,0.4382468577337255,0.5151766374767888,0.054198892446167,7.883427558062312,10.837289512884649,1.214876866979465,6.13357470010703,9.590315796313597,1.32469098208837,4.452023518293667,4.996858465285197,0.4502472725475768,98.94261599999999
tsenyu0515workout,one_arm_db_row,2,2,9.0,10.5,12,49.54513200000001,15.143148,34.392756000000006,4.128761000000001,1.261929,2.8660630000000005,0.3027797086072298,0.3942712060917733,-0.0759036144578314,-0.1404682274247491,-0.0395480225988701,-0.055104200927831,-0.0492036896835801,-0.1622339580173729,0.3458686765333143,0.0201259946255749,-0.3413876275033903,-0.2245811708356609,-1.224581170835661,-0.2638853076923078,-0.1045248461538461,-0.1602477692307692,-0.5713768544096957,-0.0837358883676313,-0.0276020259653561,0.0111326081252475,-0.1978910431997843,0.1724433338993593,0.2882848230855803,0.2376604328935267,0.3657317701328916,520.2238860000001,126.0,4.935776042259138,7.09990729521574,1.4861803176507165,0.0548494736890817,0.0902428736581033,0.0230659484811939,0.8266501913761147,0.9796558612469362,0.1034395479382558,0.0727195174576914,0.0946171154683801,0.0099492003255552,5.0306260753442915,6.9172512407596,1.0207895587638187,0.1838720781602287,0.2610792947412101,0.0331574961609544,0.4179218310984471,0.5587869246846708,0.0751746805202204,7.996944758354286,10.616255046804396,1.6679664203116873,6.181343443052378,7.062619275262496,0.6787348307772105,4.758944435962762,6.194176872607341,0.6753508562852307,148.487748
yanz0510workout,db_bench_press,2,2,5.0,8.0,12,37.775979,21.070377,16.696413,3.14799825,1.75586475,1.39136775,0.5590502928538709,0.1413888367742601,0.1176470588235294,0.1102150537634409,0.1277372262773721,0.0015415165285532,-0.0465449486448414,-0.1568491794105471,-0.1928358525852725,0.1405840263437576,-0.8409787419951312,0.6263566372088668,-0.3736433627911332,0.2945781346153847,0.1853704038461539,0.1090310192307692,-0.1114086200364134,-0.12362329887094,-0.0121755810060853,-0.0146479353723962,-0.0200544446332125,0.1106749246228439,0.229159120244529,0.2815538498697463,0.649836304503882,302.207832,96.0,4.357035810624632,6.93829211340355,1.0428517065664202,0.0764322800379867,0.2185370566167444,0.0489717099039269,1.3822142415997314,1.6372383228857923,0.1634671736908267,0.1543463691380014,0.2006883919157497,0.0212374775761475,4.364314064153338,6.028753312254457,0.6882572801527339,0.3050946691212984,0.350788058725658,0.0304518261576414,1.613741737890143,1.952375369408027,0.2057081782684167,6.506077641188962,7.671258591891323,0.7097899196450086,5.102007754256256,6.212668075690159,0.5470684340775355,4.989692567469592,5.907905368389427,0.4313007553441296,37.775979
yanz0510workout,db_bench_press,3,3,7.0,8.0,12,39.668913,22.035221999999997,17.633690999999995,3.3057427500000003,1.8362685,1.4694742499999995,0.5556344229707907,0.1201445855865517,0.0642857142857145,-0.0642201834862384,0.2765151515151516,0.1601452495412625,0.1073339316650089,-0.011739203949397,-0.1764261017355283,0.197687731374116,-0.6080300436000436,0.4652057626375598,-0.5347942373624404,0.0648531346153846,-0.0618490384615384,0.1267021730769231,-0.090919160756555,-0.0509838807744172,-0.00474062275982,-0.0172526110643935,-0.0139655835105553,0.0823510524772121,0.1522384632820529,0.1538145309778157,0.4281694588851725,317.351304,96.0,3.8484681653983617,4.660501755806718,0.6119367988891888,0.0647180995616531,0.0801794246635156,0.0140713268944963,1.2404590710754502,1.5033109647844076,0.1459803378448136,0.143220394614238,0.1630858174773299,0.0143791011730158,4.501904103899474,5.365555991044157,0.6185837479206264,0.2860125709899467,0.3219889886358367,0.0253290428706831,1.574843319656101,1.9223070539637903,0.2136181304042037,6.016028658084299,7.686711678667061,0.7434819563045811,5.091349366783235,5.942150161006005,0.5215008320546382,5.12189986569423,5.766195045361329,0.4197150022965966,77.44489200000001
yanz0510workout,db_bench_press,4,4,8.0,8.0,12,31.922585999999995,16.687224,15.235362,2.6602154999999996,1.390602,1.2696135,0.5146218743349165,0.2496780547197951,0.2032193158953721,-0.1694915254237288,0.7475247524752475,0.194842706241517,-0.0388172978854111,-0.1542109707578075,-0.1361531382981395,-0.1137093349041182,-0.6869662983093666,-0.6869662983093666,-1.6869662983093665,-0.0678572307692309,-0.2152346538461539,0.1473774230769231,0.0439167636472687,0.046495831265982,-0.0378403811123202,-0.0130963225537815,-0.2063758819214869,0.1855316762106457,0.1314161616593847,0.3116011762082062,0.5064284614365085,255.38068799999996,96.0,3.757092123394647,4.406952540708849,0.5156973537278282,0.0638286723242189,0.0983967789368047,0.0134814925685933,1.238270133798051,1.4693832497977488,0.1398820236112997,0.1531271802473857,0.1769907009159264,0.0174869106180329,3.876880904094173,5.220494984868439,0.5724625874827387,0.3120548466659004,0.3650944938406743,0.0362554744249957,1.5688886045936603,1.8739045270830343,0.1944470282183515,6.017328359816084,7.475246952136315,0.7822076171873104,4.62418401032965,5.72782782583656,0.6477358683274217,5.13774175824365,6.014133406161441,0.6174614886132069,109.367478
yanz0510workout,db_biceps_curl,0,0,7.0,5.0,12,30.535046999999995,16.016427,14.51862,2.5445872499999997,1.33470225,1.209885,0.5210857189640143,0.099078537088649,0.2679738562091502,0.5499999999999998,0.0083682008368202,0.2870043682404651,0.0195661249500535,-0.0346786046774502,-0.4098421793720487,0.0426780982817356,-0.7472852131257071,0.0523860678328599,-0.94761393216714,0.3094219038461538,0.2507536730769231,0.0586682307692307,-0.1379408940828485,-0.2701404758142381,-0.0016536509965717,-0.0444108103297748,-0.2288274139168668,0.1543650808704965,0.1101930477760453,0.2080596993890364,0.5214408074949342,152.675235,60.0,3.242307008170588,3.910164147965417,0.3731664668375721,0.0394891034573508,0.0590763510246084,0.0096330142134453,1.765330725448582,2.358716494186891,0.3489835170127262,0.1651993947446941,0.3236609301805192,0.056668035808417,2.80029087023733,3.3541281969138095,0.2891797100611646,0.0756138970703665,0.092275914836633,0.0099862812109451,1.4115917235362376,1.902777854761088,0.405897041940928,4.598987680459049,5.156044306081559,0.3958288142838201,3.001984598564975,3.6515385033311807,0.3108289968219372,3.2384866798184557,3.737425020623333,0.1885321995110423,30.535046999999995
yanz0510workout,db_biceps_curl,1,1,9.0,5.0,12,29.708036999999997,15.52941,14.178627000000002,2.47566975,1.2941175,1.1815522500000002,0.5204344052031499,0.1139118106271585,0.0287769784172662,-0.0679611650485437,0.1497975708502026,0.1842760250502472,0.1520447858681477,1.135955656032401,1.2140958161288946,0.5020344495915673,-0.7716095881289423,0.5683346745654017,-0.4316653254345983,0.0058314807692308,0.0212053846153845,-0.0153739038461538,-0.2010552392302899,-0.0847353686610433,0.0307821692164005,0.0674880438970521,-0.1235962190413893,0.0893060668717578,0.0866029015645858,0.0801631167271244,0.4611710692766987,148.54018499999998,60.0,3.2594466271616285,3.8960422720417895,0.2948292701557166,0.041663356652633,0.0555801809243837,0.0062784955333985,1.9138214171112389,2.5662644701635755,0.3586940118803751,0.1608763518562574,0.2415962675178294,0.0513693957034733,2.746027659517789,3.252504761915156,0.3155015427389349,0.0741387368825843,0.1245948456752221,0.0236002924285691,1.608458151490426,1.8581060241951728,0.1398731342897524,4.0856693677309766,4.463966070227901,0.3051854213178022,3.3095072931351743,3.7941363736228326,0.2894568997044565,3.2929832217286528,3.534989713871422,0.1908318006502991,60.243083999999996
yanz0510workout,db_biceps_curl,2,2,10.0,5.0,9,21.50226,11.173823999999998,10.328436,2.38914,1.2415359999999998,1.147604,0.5414993011473856,0.1578926390340792,-0.0286885245901639,0.2222222222222218,-0.2775510204081632,-0.4447277544337225,-0.1823414110117558,0.3788938996119901,-0.0390480373308694,0.7112283257733278,0.4262091413728035,0.5957590879189655,-0.4042409120810347,-0.0471701999999999,0.1372223999999999,-0.1843925999999999,0.3697543862337366,0.364352941517048,0.0120373381249512,0.0073445456500488,-0.0801409040263211,0.1540276706955862,0.1535494954733982,0.385884789394072,0.1716393712319647,107.5113,45.0,3.348371716594752,4.61226596386789,0.5453286562438731,0.037823411627243,0.061585927000947,0.0097769034855535,1.9003171201991045,2.4418363878232805,0.4084118820670495,0.1190539481195367,0.2234661906383286,0.0443644309272404,3.0069172190350586,4.161786050883003,0.457463091065748,0.0668751885181259,0.0846122789189835,0.0145988440904429,1.492627247604443,1.818397777471636,0.2325296657035742,3.871546017045402,4.188286361783431,0.2656952987642506,3.424595592447224,3.804389721562221,0.2877342521259568,3.342034206934042,3.642670652369424,0.1473431964002133,81.74534399999999
yanz0510workout,db_rdl,0,0,5.0,12.0,12,44.428815,27.502677,16.926138,3.70240125,2.2918897499999997,1.4105115,0.6219072417748083,0.2438144835496164,0.1316165951359085,0.0955414012738855,0.206140350877193,0.1299762459214329,0.0012709276081919,-0.0327515111799135,0.1858499077912017,0.3197120562227955,-0.7071503510881918,0.6661594058698589,-0.3338405941301411,0.1878443653846153,0.0464751346153846,0.1413692307692307,0.0803139784708021,-0.0513092973333052,0.0089080331172581,0.0079748652580387,0.2735139915506135,0.0874758268836473,0.1028061567899538,0.1542260030668657,0.4864737225305889,533.1457800000001,144.0,4.037463033318374,5.0188299082596615,0.4335328029406564,0.0873413927969049,0.1224347697732078,0.0201549139811467,0.7652227957281982,1.48470407763498,0.2933103312225202,0.0984415053960223,0.1375863315463002,0.0151096087594083,5.102208940939986,9.028245459929696,1.754005966019106,0.3870106298316706,0.5247313677613794,0.066701774279395,0.3714430377122716,0.4701542875521296,0.0521654625298586,6.327801658172789,8.697684628550654,1.144673259188456,4.896325187742916,5.8672378280758215,0.4985613198989134,7.572464327866733,15.92223976203746,3.5362893659839787,44.428815
yanz0510workout,db_rdl,1,1,8.0,12.0,12,43.362891,29.055618,14.298084,3.61357425,2.4213015,1.191507,0.6706301783841414,0.341465611283882,0.2255639097744362,0.3061674008810571,0.04739336492891,-0.2269659594046593,-0.5041841899204962,0.0163641990547274,-0.1626415086548308,-0.1856903767310632,-0.8007556653872553,0.4931725985434783,-0.5068274014565219,0.392122903846154,0.3046506923076923,0.0858818076923076,0.5306201545358257,0.0401576929645451,0.0449573076778235,-0.0120584263659804,0.1337745143051792,0.0939107342479916,0.2097981427683197,0.165587683389892,0.6695370721814357,520.354692,144.0,3.646168547340336,5.091272286356819,0.7989740245029122,0.0661249364054074,0.1145740542503955,0.026673366227428,0.8072986151142788,1.05465165324347,0.1112392846946504,0.1053497863139284,0.1421774505282829,0.0188473328765111,4.609413429315126,7.706693551339124,1.1531477074688048,0.3363605610004977,0.482226893262187,0.0722207869490464,0.4780758032852971,0.597828171487353,0.0440342235856372,6.353178618100684,7.585922747842554,1.0219366675493409,4.611168494385759,4.966640146986244,0.2424878770922347,6.88725313884913,11.584464357979268,1.742475897546919,87.791706
yanz0510workout,db_rdl,2,2,9.0,12.0,12,42.021297,25.45353,16.567767,3.5017747500000005,2.1211275,1.38064725,0.6059494579772604,0.2118989159545206,0.1982116244411327,0.1717647058823528,0.2439024390243902,-0.2162089344241933,-0.473573382990766,0.1424851695139624,0.3290713519492445,0.3615762163104131,-0.8328826822319535,-0.8328826822319535,-1.8328826822319535,0.3260327884615385,0.2922808846153846,0.0337519038461538,0.6185812225268655,0.0772387131807703,0.0215807545071454,0.0081965795220653,-0.5261933105734465,0.0843356559737526,0.1866252314292893,0.1753042155437866,0.6160375668844046,504.2555640000001,144.0,3.3172256004063407,4.607089720010699,0.6466058777359686,0.0591214114292757,0.1210786872945118,0.0328755515469261,0.8445299845066714,1.0108874615376828,0.1464528452847126,0.1177272342736817,0.1534482322065886,0.019556336034113,4.264243499093872,6.646197944722728,0.8623877296358906,0.3862974520865453,0.474650641960841,0.0412064929584468,0.4628781969333613,0.5118267168473456,0.0279390978031537,6.007730203205662,7.363544835710124,0.5810648857320543,4.609432569740856,5.5572254651298625,0.3823249661890963,6.8990120361483696,12.089356585584287,1.78458614947868,129.81300299999998
yanz0510workout,db_shoulder_press,1,1,7.0,8.0,12,37.022481,20.932542,16.089938999999998,3.08520675,1.7443784999999998,1.3408282499999995,0.5669292660024402,0.1408613331253285,0.0642504118616147,-0.045685279187817,0.2676056338028167,-0.0983771020555301,-0.1981599915692209,-0.0508888585568748,0.0818824165299334,0.1405156523828248,-0.464884023165464,0.3004965046192529,-0.6995034953807473,-0.0482422499999999,-0.0805804615384614,0.0323382115384615,0.5243302173830451,0.1727573239055826,-0.0141701804779458,-0.0122836787542051,0.1507165448491325,0.0962054900276433,0.1077856981500679,0.1442404292362706,0.4783315641190979,296.179848,96.0,4.963588680243119,6.137559791873635,0.5587933189854237,0.0877874221108649,0.1316672690633942,0.0158058684438761,1.9213788252114528,3.106747374278607,0.4693190971201085,0.261666233992197,0.3873073482090161,0.0575881563844642,4.1830866217216585,4.987413408235083,0.4676201119932918,0.2809850544260798,0.317392658901081,0.0278799159014733,0.8822066361719969,1.3587096737101183,0.2188938721976686,6.709490668141562,9.135244231816774,1.0030145778239348,4.6552634274805245,5.416091679403917,0.5110152195981656,5.5145604949570135,6.186782777520755,0.4071632954165666,37.022481
yanz0510workout,db_shoulder_press,2,2,10.0,8.0,7,21.465503999999996,11.21058,10.245735,3.0665005714285707,1.6015114285714287,1.4636764285714283,0.5238034484725645,0.073616560755149,0.0993883792048928,-0.0365168539325843,0.261744966442953,-0.01338894922615,-0.1007943077678934,-0.0709691837120642,-0.2056035587950953,0.4795804317839632,-0.4778793810934033,-0.0552974440770057,-1.055297444077006,0.154572107142857,-0.0699020357142858,0.2254586785714286,0.1820493702771766,-0.0040715725027265,-0.0019039681056697,-0.027042865558217,-0.6006997046240438,0.0769786534006473,0.0936560433252303,0.127973482175927,0.5681091145844162,171.72403199999997,56.0,5.237974149731662,5.8490026787672935,0.5298739290972668,0.0832356700631889,0.1053340286340601,0.0118433882722997,1.6554427121090334,2.272187007352375,0.3956018868852348,0.2304730364754735,0.2823877362500569,0.0311323500873448,4.894043761279937,5.446156215753731,0.4483997304038103,0.3362122157120775,0.4040335038298278,0.0383911986009797,1.2721018074050228,2.3414557015469435,0.5145305323340259,5.764216596581873,6.4203936208462995,0.4942834332252598,5.027240733734649,5.777507228922074,0.599911784897927,5.81180961844831,6.5037528416220685,0.5675156014122369,58.487984999999995
yanz0510workout,db_shoulder_press,3,3,10.0,8.0,7,15.998049,10.034387999999998,5.963661,2.2854355714285712,1.4334839999999998,0.8519515714285715,0.635958431519649,0.2719168630392982,-0.0857142857142856,0.1521035598705502,-0.425925925925926,0.0905267961520976,0.1884553398499127,0.0973619684935871,-0.0291383702181353,-0.0087169058202926,-0.4637327269073851,0.1085723972329334,-0.8914276027670666,-0.1496494285714284,0.1368504642857143,-0.2864998928571429,-0.3912877702558295,-0.0070886395136001,0.0068395822827338,-0.0078013181279716,-0.1465739745140446,0.0729669317227578,0.1418317284896398,0.1600535305463802,0.5040619927999768,127.984392,56.0,4.544395882557219,5.39242447102321,0.6961822530345132,0.0798410403989658,0.1004843778623267,0.0144944105930684,1.7519073389087898,2.196007597899456,0.2967804213962894,0.2317577690527755,0.2620568876090254,0.0230911791940272,4.463744163095044,5.26007771132978,0.5546232425988448,0.3200160404763861,0.3824261278135638,0.032143879606162,1.1574943571646077,1.834624058250527,0.3793721532446781,5.535622911178479,6.343315969867485,0.5409198913330625,4.702223394289505,5.408915841907167,0.5531750064536867,5.430844171346046,6.376922653098723,0.5860839020853699,74.48603399999999
yanz0510workout,db_squat,0,0,7.0,12.0,12,33.089589,18.865017,14.224571999999998,2.7574657499999997,1.57208475,1.1853809999999998,0.5606517611948686,0.1213035223897373,-0.343030303030303,-0.4751381215469613,-0.0886524822695036,-0.2543416177695758,0.1170511634442188,-0.1233687444698414,0.5963104706675286,-0.414612095037662,-0.7358883250248545,-0.0691278372194144,-1.0691278372194144,-0.5822645192307694,-0.5479824807692307,-0.0342820384615384,-0.1015462852461575,0.1920161851600281,-0.0334080702109811,0.0267561207868694,-0.094003141807021,0.2442242526041753,0.0961505401843474,0.1558122906128757,0.4879892398989488,397.075068,144.0,3.80316441023198,4.375126899869503,0.3819364518627705,0.0698627791223145,0.0994125161797159,0.016909182708304,1.173489584227738,1.4727151053005247,0.1921942842170161,0.1367826733706617,0.1927461912607738,0.0250017608313734,3.562510213705765,4.514058763674483,0.5088995169105837,0.2884932960622999,0.3472785931545948,0.0477308038532608,0.3025759018043694,0.4711424660216852,0.0577589442918856,5.398816783959902,7.0916634301428925,0.7356756756107287,5.142136432706981,6.960483999935685,0.6920409303727453,4.174645791584793,4.983582966527792,0.4918348924145467,33.089589
yanz0510workout,db_squat,1,1,8.0,12.0,12,26.951337,15.125094,11.826242999999998,2.24594475,1.2604244999999998,0.98552025,0.5687337857993223,0.2699289305954366,-0.0555555555555558,0.0413223140495866,-0.1450381679389313,-0.1230549715795878,-0.0570742085758493,0.1220727190318977,0.6135738306869893,0.2514603561704256,-0.9620554330529376,0.9074047520104992,-0.0925952479895008,-0.144373326923077,0.0742188461538461,-0.2185921730769231,-0.0107105706356528,0.0931282695693881,0.0169751927745394,0.0274113902137949,-0.068381157744227,0.0989213006903546,0.1029817159369229,0.0832156004327985,0.810015885184312,323.416044,144.0,3.280770923169617,4.051572194209845,0.3528826544881513,0.0547287372252505,0.0714130484885197,0.0117704038389235,1.19376519728899,1.501603173082207,0.2046701682351177,0.1186888502641731,0.1641924275689435,0.0209748884455935,3.3459051256581556,3.9705891200548873,0.3779576317375084,0.2269440401281247,0.2772696204886354,0.0287728579806138,0.3213086848468536,0.4081322359837966,0.0397222021265431,4.7838623813152195,5.731579369967939,0.5537113554038425,4.873083001361088,5.791327554634448,0.5746744371929277,3.967598482354758,4.431768712093003,0.2234080279783495,60.040926
yanz0510workout,db_squat,2,2,9.0,12.0,12,26.859447,16.576956,10.282491,2.23828725,1.381413,0.8568742500000001,0.6121885631945477,0.2585651605771297,0.3017902813299233,0.4484304932735425,0.1071428571428569,0.523529824588757,0.3971217251686875,-0.4329563174921593,-0.2869496177367224,-0.3267062026091065,-0.8077629902028876,-0.1848552007097974,-1.1848552007097974,0.2344962115384616,0.1813060384615384,0.0531901730769231,-0.6400253845847871,-0.5328234844034072,-0.05025507172396,-0.0032949559280067,-0.3914096050889979,0.1394362228924999,0.2625628685876671,0.3280937295096029,0.5212841113328853,322.313364,144.0,3.687613809012259,6.70443536256944,1.0112837333452271,0.0644907834041311,0.2081063803842312,0.0459472225807814,1.177749249730099,1.5418521934495144,0.1693115350707443,0.1043886399202436,0.20523084307311,0.0361751930678471,3.878297468328025,10.457730524589351,2.1162081159966157,0.2244253041916307,0.4835851522958028,0.0848159194664696,0.309143605137829,0.4228933620985404,0.0539522319912383,5.01303585048257,9.263742599753664,1.457436738857112,4.60584175113876,5.47668456131957,0.5236483852279602,4.3156618330815295,5.594763998866307,0.6069026605971666,86.900373
yanz0510workout,db_triceps_curl,0,0,7.0,5.0,12,33.521472,21.336858,12.175425,2.7934560000000004,1.7780715,1.01461875,0.6340540348287337,0.2683768868617684,-0.0625,-0.1564102564102564,0.0940170940170939,-0.0708838342320612,-0.0034014709481555,-0.3071191378048965,-0.4184075643128064,0.1931750184074913,-0.9410431045074318,-0.8042971087396702,-1.8042971087396704,-0.1809526153846154,-0.2678946923076924,0.0864119423076923,-0.056854261386168,0.0492608815159276,-0.0254539874245356,-0.0300346015658963,0.2774761198086228,0.0861879770169335,0.0639148637064873,0.0486034913392796,0.9585085217492222,167.60736000000003,60.0,2.9972469974627476,3.245173697868263,0.2000869118761816,0.0372196034903599,0.0462872545583901,0.0051534674690406,0.8738596365560864,1.2394440816557932,0.2207588916468937,0.0890793806999397,0.1223272909151261,0.0238861321058941,3.217052142849696,3.5221598768197695,0.1861169697783004,0.103311115093888,0.1508892778640598,0.0245557108902366,0.4995270251072508,0.5943781986726744,0.0645396293130377,6.67720592195053,8.52866544337504,1.1664803899187288,3.541486907134621,3.858818985555709,0.2431876170997852,3.331439496658,3.6572252872970625,0.2189204614947279,33.521472
yanz0510workout,db_triceps_curl,2,2,8.0,5.0,12,28.14590699999999,16.907759999999996,11.238146999999998,2.3454922499999995,1.4089799999999997,0.9365122499999998,0.5993738702109942,0.1987477404219883,0.0883002207505521,0.3471074380165289,-0.2085308056872037,0.1381658339865777,0.03025402254948,0.3793028440019785,0.3028977616253647,0.2817776129566969,-0.7734634183637767,-0.7734634183637767,-1.7734634183637767,0.0772229423076923,0.1622211923076923,-0.0849982499999999,0.0058895484709266,-0.0691743135707893,0.0288152249393959,0.0211160670926467,-0.4704431020239185,0.106455134809478,0.0835183216086735,0.1338306758360921,0.6750784261838807,140.72953499999997,60.0,3.060662357133398,3.5577361497666016,0.2669878270708863,0.0420376229448077,0.0620452063638582,0.010291761781527,0.7288996347523514,1.1140810409300816,0.1717700973567649,0.0967946623523333,0.1341652349141584,0.0195803396096319,3.11385725867687,3.417449304335005,0.264109711119893,0.1055341243683995,0.1556212946385349,0.0256988911012928,0.3331684703210525,0.4263107104482282,0.0532413860231641,6.191188376621247,7.0621439256172795,0.5480448520107476,3.5078438446646167,3.797531120189983,0.1631150117893491,3.4347758924686818,3.8091719664241266,0.2091467562001033,61.667379
yanz0510workout,db_triceps_curl,4,4,9.0,5.0,12,29.230209,16.26453,12.965678999999998,2.4358507499999997,1.3553775,1.0804732499999998,0.5553118495365854,0.1289277926404222,0.111570247933884,0.3729508196721312,-0.1541666666666665,0.0757638682828641,-0.0325380679849887,0.2080224526922958,0.540917196918419,0.3896046300296261,-0.9182348472298956,0.9535646899228996,-0.0464353100771004,0.0100725576923077,0.1219309615384615,-0.1118584038461538,-0.0269680436905459,-0.0223351984690176,0.0094924486580367,0.0230904258372543,-0.1033388227761349,0.0732217669478477,0.0622842311259618,0.0947391501695205,0.7669040580563967,146.15104499999998,60.0,2.962585395311509,3.305258359856178,0.1927273126038763,0.0435017929218197,0.064448594384139,0.0088462950089013,0.931757288869582,1.1992458184101515,0.1575538566106914,0.1251179436322276,0.1605928696192473,0.0221647084161059,3.3325072399724647,3.883847855720474,0.2282129923302512,0.1340638173906286,0.2029985527834017,0.0317306734502744,0.2919371878167821,0.3275516969203287,0.0257818432783798,6.471657600718651,7.962805342825062,0.7942377499047055,3.812518686610417,4.352255929353603,0.2240327464211524,3.626806766037424,4.021017084248091,0.221484089136826,90.89758799999998
yanz0510workout,db_weighted_crunch,0,0,6.0,8.0,12,39.393243,22.724396999999996,16.650467999999996,3.28277025,1.8936997499999997,1.3875389999999996,0.5937594106975268,0.3258248157504225,-0.1631455399061031,1.069868995633188,-0.6163723916532905,0.2830547271000185,0.3590237786516035,-0.3052895603246622,-0.4654109303674693,0.1146423410699605,-0.2586345517860456,-0.2119968958159675,-1.2119968958159677,-0.1556828653846151,0.4235775576923078,-0.5806741153846152,-0.6947994046884637,-0.177260979665566,-0.130625434896716,-0.0389529196509185,-0.2608749110590582,0.1495702017095793,0.1884911181644171,0.2048131841988275,0.3201088315370157,315.145944,96.0,4.226255885160542,6.039287129740773,0.8320337819864548,0.1572713128509323,0.415192581643472,0.107006537360247,1.021737669700438,1.7851697602657954,0.2794956821742481,0.1473228636792514,0.2334890777190851,0.0352726767719601,5.065083446347475,8.332182898934475,1.177797336505702,0.6347717645561062,0.8521184103278834,0.1113603218117924,0.7756754922426669,0.8756541856324092,0.0836876065255617,6.344998426742431,7.427189090043687,0.6374110080698475,5.651681200035788,6.653102941274427,0.5853179009135562,6.237377906436468,10.181930913890415,1.3169931387480174,39.393243
yanz0510workout,db_weighted_crunch,2,2,7.0,8.0,12,35.515485,20.39958,15.106716,2.95962375,1.699965,1.2588929999999998,0.5704615443793456,0.1774046623436242,0.3405797101449275,0.7392857142857141,-0.0698529411764705,0.4068129625089425,0.2101821467676518,-0.2927721674925381,-0.0716601975913986,-0.0368140645993204,-0.5346017122807347,0.5797392623827383,-0.4202607376172619,0.3444107884615384,0.4025488846153847,-0.0572545384615384,-0.4681233548083976,-0.3405360767260255,-0.0765049148974432,-0.0172154462707762,0.0745084302205169,0.1250131827654104,0.1829436431167164,0.2525619229865513,0.5165725188728072,284.12388,96.0,4.09918170125664,6.3682226432565585,0.7832650947001609,0.1258463431750659,0.3425996466251525,0.0769593382413355,1.2095457638256863,1.5236515118247411,0.2537693666430793,0.1749713689567782,0.225465646647826,0.036205753601256,4.407879761106277,6.000074995775036,0.7009359336706609,0.5411043265464985,0.7080565907090993,0.0870202333350731,0.8334661574190649,1.203859807217076,0.1428022977628155,6.373001359584202,7.913145915298114,0.8591690411970035,5.084147565233605,6.310910422409138,0.57965637744703,6.352459777110968,8.191338026572536,0.7741957643798439,74.908728
yanz0510workout,db_weighted_crunch,3,3,8.0,8.0,12,32.097176999999995,19.66446,12.432717,2.6747647499999996,1.638705,1.03605975,0.6124815100156593,0.2295292300769809,0.3508771929824561,0.366906474820144,0.3258426966292134,0.3513305789052952,0.1204144536209289,-0.3753996425885563,0.2599028787861375,0.4015599363300413,-0.3419998067876431,0.416860280523445,-0.5831397194765551,0.3871749807692309,0.2650673076923077,0.122107673076923,-0.2152960125857259,-0.3330804928939794,-0.0706511598899561,0.0274762264027376,-0.0258486227564778,0.1162010819610015,0.1349461380472955,0.22202902423981,0.2983523638157633,256.77741599999996,96.0,3.853432059179243,4.9059251248815245,0.5431283179692632,0.1080956213012152,0.2698732670614328,0.0570089748724774,1.0502708789051445,1.3840560722728408,0.192434702529587,0.1382596502919571,0.1838757200385196,0.0292886519197488,4.084154873768022,5.0185996974150235,0.4777189570940212,0.4297347703193159,0.6850810196561756,0.1008356137301066,0.8087559869956832,1.0177295551507557,0.1142257171297048,5.831352471221739,7.361360115732332,0.8675670483996765,5.132548311673638,6.29124814319661,0.6872765738759309,5.926071890071104,6.9879261714745216,0.5304979790123517,107.00590499999998
yanz0510workout,one_arm_db_row,0,0,6.0,11.0,12,34.440372,19.002852,15.437519999999996,2.8700310000000004,1.583571,1.2864599999999995,0.5509943599251753,0.1019887198503504,-0.0151057401812689,-0.1145038167938931,0.130111524163569,-0.1893375945156934,-0.1918637897277924,-0.047938972247142,-0.2014146177018919,-0.323288477759632,-0.8922046568143683,-0.8249322500718412,-1.8249322500718412,-0.0547805769230771,-0.0950708076923076,0.0402902307692308,0.3803965241509195,0.1497362810514259,-0.0069410837803949,-0.0300864639705392,-0.3684514175707626,0.0785270955780027,0.1298329035313604,0.1263691360618844,0.761563324760941,378.8440920000001,132.0,3.8187491959565167,5.098887455396868,0.5178454756006989,0.0838998059065609,0.1473195585486028,0.0295161596816583,1.5141235463218197,2.1288916326984877,0.3373103673822878,0.1984569398377297,0.260732411101567,0.04044278106289,3.5226833591977,4.970184464808179,0.5817484907390051,0.3478608902806259,0.4157350961277553,0.0333478122610475,1.6288114442940425,2.758423153579579,0.4554576011408974,5.327028785551331,6.194583428470598,0.4691398811792343,4.779332316766539,6.020481817038789,0.7273731492699971,5.345963773936628,6.147858700716535,0.5310087456507305,34.440372
yanz0510workout,one_arm_db_row,1,1,7.0,11.0,12,29.698847999999995,15.860214,13.829444999999996,2.4749039999999995,1.3216845,1.1524537499999996,0.5329768931786797,0.0869149393044852,-0.033450704225352,0.0,-0.0763358778625953,0.1026022079133842,0.1287668680751047,0.3731065358795165,0.1059533984071749,0.1332874569020088,-0.8259897921478584,-0.3027836362846078,-1.302783636284608,0.0127232307692308,0.0703311923076923,-0.0595517884615384,-0.3317100513707616,-0.1506858264724656,0.0796444197148397,0.0110092755103144,-0.5431345676858021,0.0916426759800168,0.0766823586664285,0.1099442161419991,0.7201913128587676,326.6873279999999,132.0,3.911013453165493,4.407111469049941,0.3132413255643776,0.0677701534499854,0.0831565854922659,0.0107066907122151,1.3779765868997655,1.6992299629219436,0.1701993242385547,0.1602931125939057,0.188989747300166,0.025136681163993,3.1469601862196144,4.089250987161018,0.4653802795350016,0.2987594041736833,0.4748454230851162,0.0776521270822807,1.722351052870945,2.778036652171204,0.4402067564044121,4.945824823005798,5.4218261213001195,0.3955433986117346,3.931624858753505,4.7790000452433725,0.3912276384033528,5.0731932133774675,5.815843295279795,0.5824578779804593,64.13922
yanz0510workout,one_arm_db_row,2,2,9.0,11.0,12,29.377232999999993,16.733169,12.644064000000002,2.448102749999999,1.39443075,1.0536720000000002,0.5718476317502675,0.1662437477974877,0.1227722772277226,0.2918287937743189,-0.0524193548387095,0.1751363080214586,0.0704568448638259,0.0363481765938056,-0.2482686573473225,-0.0712679990503673,-0.906805722176492,-0.6983163772744939,-1.698316377274494,0.1517952115384614,0.1804224807692307,-0.0286272692307692,-0.1755810641132091,-0.1695810617757394,0.0039773743682746,-0.0285076427686994,-0.2707278808640114,0.0935680614066995,0.0506972901335358,0.0934826374409047,0.6346341249413379,323.14956299999994,132.0,3.939805450823542,4.241229529020881,0.2086189730706054,0.0631421493811753,0.0795625997142221,0.010476250192762,1.4125742174492857,1.6382009140306244,0.1747107424643588,0.1634485438505924,0.2035684617202003,0.0297400371233943,3.5229488183815185,4.19513708713306,0.3568938863895309,0.3034516714403946,0.3961493097846586,0.0350016733213765,1.995358563175482,2.4980767917378803,0.3196141592961133,5.545541044772603,6.429083221055727,0.5693591802411764,4.093192356437984,4.68289125641539,0.3128499331673529,4.99540477450448,5.895497336437975,0.3716760154863341,93.51645299999998
yoru0511workout,db_bench_press,0,0,3.0,8.0,12,35.227497,20.638888,14.588609,2.93562475,1.7199073333333337,1.2157174166666669,0.5555022693934514,0.2776712054535694,-0.345875542691751,-0.6537037037037037,0.7549668874172188,-0.2228343943613906,0.2869610886052811,-0.0298702821778578,-0.0580843605032053,0.1842418175422328,-0.2797242746433299,0.1478600337604701,-0.8521399662395299,-0.4719387115384616,-0.6310171923076924,0.1590784807692307,-0.6102364946496398,0.1796056067933278,-0.0174006305210751,-0.0039097033993587,-0.2354091213117218,0.1752769693207015,0.1400303780382842,0.2085937223159504,0.2977764676644953,281.819976,96.0,4.731807288822366,5.718874867951052,0.692059748559713,0.0843819706183277,0.1046231440819738,0.0096497148720214,0.9278922237556412,1.201348220062751,0.1653293182012974,0.0666871662681449,0.0814348795176263,0.00796284871286,4.121890637316731,5.112548229674268,0.5447444192015968,0.3345365260327098,0.3908888606809546,0.0378695227913168,0.6382336505723011,1.0445622366121905,0.1626127704364528,5.657939912894254,6.469519766907755,0.5060478477871061,4.723395123129638,5.103941605333993,0.2818744870643057,4.901047317440397,5.905333292508183,0.6713374728845866,35.227497
yoru0511workout,db_bench_press,4,4,5.0,8.0,12,35.245858999999996,20.097209,15.148650000000002,2.937154916666666,1.6747674166666666,1.2623875000000002,0.5623073165787319,0.2912812998241306,-0.0343434343434343,-0.4024767801857585,0.6569767441860463,0.0767263131416483,0.1679826896268108,0.1427846720100214,-0.041887922917433,0.1880033735461983,-0.4771052772805532,0.4622882848404742,-0.5377117151595259,0.0559687884615385,-0.1802654038461538,0.2362341923076924,-0.5260892650726816,-0.1744967448256649,0.0079613692259904,-0.0065200007330463,-0.2234747308699206,0.2668056928940663,0.1950144866000249,0.229827121418525,0.3720234161348978,281.96687199999997,96.0,5.317368284595362,7.109169607985837,1.0830734138222495,0.1003472393688253,0.1220153540348884,0.0140477909948122,1.0854343642393,1.712383422868391,0.3759605256936545,0.0767230190550925,0.0965068632181855,0.0092168023389814,4.089518066252387,4.881004112400873,0.7067693711509766,0.3549813823151489,0.4324944530821401,0.0446161146378687,0.6715139967614913,0.8408718181450316,0.1074548155012956,5.281756949908117,5.980892520833516,0.5999697186861447,5.412145095746131,7.58020906549806,0.9405104129715084,5.43597659024415,7.141185493014083,0.9294755268823026,70.473356
yoru0511workout,db_bench_press,5,5,7.0,8.0,12,34.575646,20.785784,13.789862,2.8813038333333334,1.7321486666666666,1.1491551666666666,0.5870985483053359,0.3408637632773383,-0.048828125,-0.4223433242506812,0.896551724137931,-0.2397072914291864,-0.0308038845913847,-0.2124866482626871,0.0505956369576829,0.0831965861320926,-0.6274187492315015,-0.6274187492315015,-1.6274187492315015,-0.0141246153846154,-0.2556555384615385,0.2415309230769231,0.045785246397302,0.1804284941406237,-0.0312331492712971,-0.0020085591312485,-0.3042981705616656,0.2213570402658836,0.1766067316054553,0.177305361526903,0.3878166334007736,276.605168,96.0,5.764249535732735,6.737230691664446,1.0632718276064317,0.0987050299080615,0.1183682010927555,0.0172132012872236,1.222050604646612,1.6885344055622036,0.2801774421194191,0.070392150342882,0.0872706373136018,0.0112294354319503,4.4387876760392535,5.725415528741241,0.7919187479725874,0.329291319300057,0.3781692065755046,0.0475935683292135,0.699454493922365,0.9563014264190636,0.1336885594079018,5.7107640140483795,6.721580534836402,0.6631497740837665,5.080965007877675,6.015980531300071,0.6105033876486063,5.335184745439617,6.224062884857856,0.7745286256235722,105.049002
yoru0511workout,db_biceps_curl,0,0,6.0,5.0,9,23.292197,9.676774,13.615423,2.5880218888888886,1.0751971111111112,1.5128247777777777,0.4398792434540806,0.3424637353140609,0.3710843373493975,-0.4146341463414634,1.5147928994082838,0.3434951018426694,0.0145855889007953,-0.0865341083886972,-0.2389523836137275,0.2507099388533619,-0.0732256183412855,0.7359031630614832,-0.2640968369385168,0.3427573333333333,-0.2827748,0.6255321333333332,-0.0108966182480966,-0.3076914366921253,-0.0020196974984728,-0.0111203781996228,-0.0396748390280839,0.2183845150532162,0.0217245554222359,0.355620867042093,0.3711986419151844,116.460985,45.0,2.918745370087172,3.0035888581047776,0.0672548127555627,0.0336660361157458,0.0429588589166302,0.0060794496896913,0.9124199846793328,1.1690918340751355,0.1653811981840973,0.1077489722193096,0.1377158979840832,0.0232607907474842,2.700413961489698,3.066095149602386,0.3177714614751418,0.0604175831449878,0.084761752588858,0.0137778902940848,0.9231753105092032,1.206362866254091,0.2080882926089065,6.096240691580689,6.949975030717434,0.7036417787399993,3.147042167907259,3.9040499495004015,0.316906921237174,3.337608601428096,3.658828034435971,0.2372055059772249,23.292197
yoru0511workout,db_biceps_curl,1,1,8.0,5.0,12,28.470281,12.247454,16.222827000000002,2.3725234166666667,1.0206211666666667,1.3519022500000002,0.4446470477276473,0.2773725712113721,0.2972972972972976,-0.45,1.393333333333333,0.1213527256531308,-0.2749684501536176,-0.0104131676395224,-0.3020234708062371,0.1774962228340048,-0.0638803281758413,0.50132705405678,-0.4986729459432202,0.2893780576923078,-0.1733796538461538,0.4627577115384615,0.3193251840630802,-0.1378433342905961,-0.0013055611960326,-0.0160075033800125,-0.0024099871223694,0.2215024747618942,0.122327303919027,0.3422124826602564,0.3224905019009704,142.351405,60.0,3.053848361886704,4.199101979727681,0.3901801334647503,0.0402284639301442,0.0832992994938501,0.0146137334674078,0.9383743123101048,1.2998426384797528,0.1378149373775596,0.0940412145381546,0.1682125990475687,0.0267955455114718,2.7139237962910285,2.993740956122688,0.2480517998735163,0.0524742823872216,0.0703290285400271,0.0075578301659779,0.9700185227440224,1.1880624192158062,0.1445243895773153,5.798304632368761,6.768401865902895,0.8362662007818339,3.137561368437392,3.691152711030615,0.1975924511610901,3.2579620792783786,3.558493665728717,0.1773735208370669,51.762478
yoru0511workout,db_biceps_curl,2,2,9.0,5.0,12,29.498553,12.981933999999995,16.516619,2.45821275,1.081827833333333,1.3763849166666666,0.4542997193468208,0.2580672279730251,0.4328358208955223,-0.2553191489361702,1.3129251700680271,0.3288850177157338,-0.0290057795625324,0.3368577619834336,0.0407163132162493,0.1816043599593848,-0.9886235123835472,-0.9886235123835472,-1.9886235123835472,0.4083779423076923,-0.0455518846153846,0.453929826923077,0.0335942171983506,-0.3696501324818655,0.0080477034988698,-0.00449387430719,-0.4214780558980691,0.2562470992049763,0.0434153672894125,0.4301310217991469,0.4421652402549511,147.492765,60.0,3.0327447785263355,3.239601967968528,0.137522457206505,0.0374030835510041,0.0545007542779882,0.0085578097631835,0.9033196034910576,1.2977152143469706,0.194643017182278,0.094688269101094,0.1497442604768334,0.0237943305423667,2.577769358507376,2.9530828673754543,0.2807245660746101,0.0564555398805831,0.115948590403228,0.0203342683421179,0.916708837284523,1.1466902764534788,0.1662549761645644,5.931360613649944,8.314522536417767,1.3086371770530585,3.0795386714373834,3.401084029631374,0.1958137115308634,3.3653225323200537,4.055284986329608,0.2526058728730901,81.261031
yoru0511workout,db_rdl,0,0,6.0,10.5,12,38.762182,19.124023,19.638159,3.230181833333333,1.5936685833333335,1.63651325,0.4982912972892916,0.2357993118745306,-0.0018867924528301,-0.4815950920245397,0.7647058823529411,-0.0512439306384453,-0.0570609804861899,0.2049345182259883,-0.1220049040668708,0.0640285552692988,-0.374315382253034,0.93474643461952,-0.06525356538048,0.0589702692307691,-0.3645916346153846,0.4235619038461539,-0.2364937775679216,-0.0683466790470248,-0.0056821068191834,-0.0036171360660317,0.0515689187212744,0.2641789715394343,0.146152008513827,0.3606086403590111,0.4825063957989894,407.0029109999999,126.0,3.842756442862019,5.287175921325197,0.5865998234266263,0.0924476057663559,0.2116164662745978,0.0398891601539487,0.5131298577573596,0.7516194121956785,0.1274370381796612,0.0633251354157283,0.0784520521027354,0.0076854814481931,3.974825996294536,5.16972760263836,0.5916741023623665,0.4592962095142331,0.5975717587228645,0.084943742593439,0.3607094860814987,0.4137932459403599,0.0497333803743314,5.593413586755102,6.838037653390274,0.6280167222339468,4.494599147842135,5.2614200826063415,0.3273287682896718,5.203572180003537,5.767025996426791,0.5010381128712929,38.762182
yoru0511workout,db_rdl,1,1,6.0,10.5,12,38.09196899999999,19.37191,18.720059,3.1743307499999993,1.6143258333333332,1.5600049166666663,0.5008603182666017,0.2267559059252462,-0.0771869639794168,-0.593984962406015,1.0434782608695654,-0.0255086066396286,0.1748500207558346,-0.0251387941294596,0.4431123353974173,0.1502637858531361,-0.2974564077456369,0.8799141304640505,-0.1200858695359494,0.1333010576923077,-0.3725367307692308,0.5058377884615387,-0.272086979596302,-0.0476532514334069,-0.0329569565779686,0.0070653871592329,0.1070059703654172,0.2397036737810131,0.1090960782617213,0.3067820853252583,0.4520074669775299,399.9656744999999,126.0,3.632907134208341,4.504623655944231,0.4139593686248802,0.0717452321237036,0.1100388666320307,0.0209424634340178,0.564402184148587,0.7627664450277949,0.109990327152632,0.0615787683539089,0.0764253816920131,0.0098272774883678,3.8282806901260056,4.314743360877915,0.358532843807864,0.3610132137094243,0.5107604626254753,0.0873939117996404,0.3591953275258379,0.4010587670544101,0.0256659852635625,5.213944645143765,5.839368484869688,0.3636798024657163,4.63906217628288,5.620052698900693,0.6313111604046091,5.6359954355553015,6.3403909952005275,0.5532085332660517,76.854151
yoru0511workout,db_rdl,2,2,7.0,10.5,12,34.988791,17.416356999999998,17.572433999999998,2.9157325833333334,1.451363083333333,1.4643695,0.5024951527662131,0.2225549807543779,0.0466531440162274,-0.5285285285285286,1.24375,0.0780497305074146,-0.1040225753365879,-0.047259439461268,0.1465030858137359,0.2897731414617573,-0.443285437633699,0.2411825484435126,-0.7588174515564874,0.0566750192307692,-0.3165679423076923,0.3732429615384615,0.1931562824693788,-0.058731979926358,-0.0552771444222484,0.007799942990441,-0.1926022184702821,0.2306842418395577,0.15129014737973,0.3682665282839698,0.3462864063056547,367.3823055,126.0,3.976639808318681,5.752989864515104,0.6283783045233629,0.0825555524461734,0.120890338559754,0.0157618609714473,0.6757616957077431,0.8395147692831961,0.1148576532807806,0.0811056812235937,0.1160660068655847,0.015919199861604,4.254204582112002,5.118962351292077,0.528149764887681,0.3871599961019645,0.5399697935011473,0.080559719138523,0.3719162303349068,0.4358503539501637,0.0519909111923724,5.282538458884921,6.458601129069919,0.5817171985977699,4.582879750144685,5.916922988986122,0.5163642068374181,5.656400984774257,6.363466042642857,0.5096270582868047,111.842942
yoru0511workout,db_shoulder_press,0,0,7.0,8.0,12,28.176489,15.717872000000002,12.458617,2.34804075,1.3098226666666668,1.0382180833333334,0.553262428358637,0.2737763187055783,0.1373056994818653,-0.3053435114503817,1.07258064516129,0.1877989508836263,0.0765542626055343,-0.0380640862142092,-0.3799402383903681,0.0025311994419886,-0.6327600257080752,-0.6327600257080752,-1.6327600257080752,0.0831586730769231,-0.1772639230769231,0.2604225961538461,-0.2784416319958912,-0.2766879855413608,0.0028276305869245,-0.0335736325605953,-0.3950978162404844,0.2670566478061068,0.1559707365218642,0.2893018148668188,0.3982275055923729,225.411912,96.0,4.8086657744047105,5.9276784747692615,0.7833610897846631,0.0903561160323707,0.1112586630538187,0.0171097128949768,1.3345760040841146,1.9088833896758697,0.268306609773247,0.1226311749680507,0.2038135685789221,0.0327449846372401,4.4943776478219535,6.032920610956744,0.6063791975351033,0.3624862668971024,0.4771687568006916,0.0618827904207485,0.6358770729092321,0.7926200282186653,0.084990562025904,5.651100755553924,7.149356263384739,0.5931347622742614,5.2664354226777235,6.074602858292957,0.8156007684315499,4.938967253857693,5.7186652975554,0.62970015782693,28.176489
yoru0511workout,db_shoulder_press,1,1,8.0,8.0,12,28.295841999999997,15.892311,12.403531,2.357986833333333,1.32435925,1.0336275833333337,0.5588538623218386,0.284374391310344,0.1600000000000001,-0.4102564102564103,1.6862745098039218,0.0107178160945191,-0.1883890354194228,0.211348541964587,-0.24774568751094,-0.0833329851703632,-0.902179900175866,-0.902179900175866,-1.902179900175866,0.1995101923076923,-0.1912119807692308,0.3907221730769231,0.2714944801270354,-0.08063282392921,0.0458986586571816,-0.0270229504574825,-0.4170683527367066,0.2345419259236048,0.1778028021927476,0.1630630821390572,0.4956333682151453,226.36673599999995,96.0,4.8200499742534495,5.885687004460847,0.8951265168788728,0.0906675892852438,0.1091285440263957,0.0109671930731988,1.3769957113622877,1.8929498467464996,0.223996427061998,0.1211812069013422,0.2097523896586657,0.0339222116160168,4.573658772160198,5.633167257949085,0.5884674295944782,0.3805506639875479,0.5094255630820539,0.0727912432888994,0.6505330588054661,0.7931372690120988,0.0761460850586142,6.160862756468361,8.334714508333331,0.9414356872217604,5.199076407886967,6.1681042565708895,0.682984952351347,5.170903999702937,6.666680643525993,0.553123035591061,56.472331
yoru0511workout,db_shoulder_press,2,2,9.0,8.0,12,27.17576,14.625333,12.550427,2.2646466666666667,1.21877775,1.0458689166666668,0.5396685340390301,0.2636316824053422,0.1240105540897096,-0.5298245614035089,2.106382978723404,0.2604017471906871,0.228176786839129,0.325217241860781,0.214975721154188,0.0480176383996136,-0.6011814727275799,-0.6011814727275799,-1.6011814727275802,0.0310741538461537,-0.3010308653846154,0.3321050192307693,-0.2725556638899959,-0.1710321520962468,0.094784271331375,0.0234096032706036,-0.6019478383654284,0.2276315150570933,0.21778553639595,0.160346971586684,0.4783090738416412,217.40608,96.0,4.46864873299114,5.900847318376222,1.0164816239224717,0.1145869771167356,0.2276392605398817,0.0531361349542269,1.2613784437773177,1.67956098812332,0.2042057992851196,0.1283817591285688,0.2031391357370936,0.0288480378494592,4.611545412003218,6.504135128146048,1.009704887062173,0.471831989939817,0.5903034833135666,0.0709794667358102,0.698608333229877,0.9863825592534056,0.1301302630135075,5.9765607035773245,7.547263469469259,0.9662352096472052,5.445143796366572,7.054040710612751,0.8631033892020237,5.412619605232513,6.861041476160103,0.7804153365244189,83.648091
yoru0511workout,db_squat,0,0,4.0,12.0,12,29.939241,16.847135,13.092106,2.49493675,1.4039279166666667,1.0910088333333334,0.5521142975125989,0.2741632355480736,-0.0175054704595185,-0.5014084507042254,1.666666666666667,-0.0986003516444304,-0.090143340006572,-0.4929019077288228,-0.2326125033978473,0.3281565914926961,-0.3797085116148542,0.80831345867682,-0.1916865413231799,0.0722120961538461,-0.24559175,0.3178038461538462,0.0572337081218076,-0.0021368063000605,-0.0656671767878375,-0.0247682109252982,-0.0237899246688865,0.2310316832460558,0.2043192168636187,0.3213154203425631,0.4531401433855409,359.270892,144.0,3.722989127774088,5.334194048272191,0.7945024919559294,0.0652667197307923,0.1304542745369655,0.0292770296413584,1.9023832191452976,2.3184048965288766,0.3703444193079842,0.1830399749027587,0.2914126648206706,0.0571923022356242,4.333278872614236,7.044225924258988,1.2001813789840412,0.2503548012762733,0.4242394212507351,0.0923548892589916,0.5209501463444338,0.626547337192968,0.0703674717962834,6.328337153696428,8.977306354622783,1.2418175704449488,4.902187771379266,6.115663483117249,0.7218200437605975,4.088105246147421,4.927838133797095,0.4466164305503526,29.939241
yoru0511workout,db_squat,1,1,5.0,12.0,12,31.885612999999996,17.159288999999998,14.726324000000002,2.657134416666666,1.42994075,1.2271936666666667,0.5354805292216883,0.2611627875500047,0.0915492957746477,-0.3274647887323944,0.9295774647887328,0.0694331864259493,-0.0403384023643853,-0.3006376302836122,0.1694255853308779,0.2886271068998388,-0.5991605320239003,0.7989112098906191,-0.2010887901093808,0.1513099423076923,-0.15378175,0.3050916923076923,0.0056912577819459,-0.1039682080727089,-0.0523655516198273,0.0160615963933625,0.2835655149387758,0.2485980835321861,0.1125329326110061,0.3341753307495189,0.5261527918282565,382.627356,144.0,3.410011872576421,4.227384260504536,0.400801933798007,0.0467111636343999,0.0804115210643251,0.0126038062964729,2.788422258893298,4.157506550069377,0.52601685540251,0.3010175610139514,0.4290236463313961,0.0517368583721737,3.870228534155398,6.3483966272815096,0.939613949496333,0.1582400188128984,0.3540335084362312,0.0668435121676131,0.5265161179759498,0.5915177254150659,0.0304314890577335,5.202649076614863,8.268971084565784,1.1237366179163557,4.784311482388134,5.648470782508635,0.5220213712125286,4.211559480013264,4.593096089590164,0.2938132830969415,61.824853999999995
yoru0511workout,db_squat,2,2,6.0,12.0,12,31.610183000000003,17.159289,14.450894000000002,2.634181916666667,1.42994075,1.2042411666666668,0.5431793158410733,0.2672529406252361,0.240506329113924,-0.3405017921146953,1.6379310344827585,0.2486798758338873,0.1108304425872649,-0.4347733154217098,-0.1988633452301702,0.071169107866963,-0.6170963717271561,0.687832680203738,-0.312167319796262,0.2279359807692308,-0.2258172884615384,0.4537532692307692,-0.2528450358075539,-0.2873872480999602,-0.037169085794985,-0.0035373583124593,-0.2297645108421772,0.2525742469867966,0.1489504627246907,0.3536583915515995,0.5755963102094629,379.322196,144.0,3.675793124701834,4.776438949907766,0.5718566796041821,0.0459088036066495,0.0795208804240637,0.0128152543303466,2.4756367923221743,3.264278091873275,0.3620184468840947,0.2506485829328687,0.3787798627018837,0.0551670500173075,3.7773174251109736,6.012062441184149,0.7898540832897856,0.1368152415775042,0.2638145143010099,0.0433972331067368,0.5130643773436293,0.597962791554167,0.0381619034485722,4.8908322773257025,7.442551162899795,1.0078005625569602,4.511891499337625,5.186515665652106,0.32113961702837,4.263709018882233,4.750061927829016,0.3168894118015162,93.435037
yoru0511workout,db_triceps_curl,0,0,5.0,5.0,12,31.692812000000007,17.315366,14.377446,2.6410676666666673,1.442947166666667,1.1981205,0.5709046276763626,0.1581546137222003,0.1682242990654208,-0.125,0.8870967741935483,0.1436018670744676,-0.2346495115379105,0.074939452914605,0.0316281404242544,0.4197122239395904,-0.6831812375900311,0.5119502464432534,-0.4880497535567466,0.0702699615384615,-0.1320651538461538,0.2023351153846153,0.1861313220566899,-0.1164634229456258,-0.0038684119935279,-0.0049522222132869,-0.123468932299275,0.2229198524019246,0.1276869876472078,0.2757640063837243,0.5238640618481081,158.46406000000005,60.0,3.5099033595588316,4.234597855304105,0.4680972402850945,0.044532871050249,0.0655645132333499,0.0090930986673942,0.656021689325445,0.7924099235675179,0.0932087583731443,0.0664560056741046,0.0851100845045041,0.0084196437727031,3.633920473922787,4.375240012967292,0.5408210246115702,0.0819654679894449,0.1021787528869294,0.0131867326408136,0.4448633458466079,0.5252634123794031,0.0547450301899243,5.1775774102756555,6.164786333698684,0.5536667242877662,3.698961159163639,4.554242899921881,0.379259469457554,4.056511194877827,4.911366329234343,0.4075624641968399,31.692812000000007
yoru0511workout,db_triceps_curl,1,1,5.0,5.0,12,26.367831999999996,14.368265,11.999567,2.197319333333333,1.197355416666667,0.9999639166666668,0.5425406805488173,0.2517480277643015,0.3716012084592144,-0.2184873949579832,1.881720430107527,0.3611941736355848,0.218900311621807,-0.5358106915131255,-0.3824751199433899,0.333810067601366,-0.6739907052267406,0.7117852426013569,-0.2882147573986433,0.3012074230769231,-0.0545563269230769,0.35576375,-0.2895976978870876,-0.4273858478908027,-0.0335227121693792,-0.0163629306310096,0.1861655078860376,0.2685350903155828,0.1726213863765637,0.3899287322849832,0.4840081943380684,131.83916,60.0,3.4122509474797056,4.943960362590584,0.6152191476999579,0.05281836980391,0.0816316221846716,0.0156129882352947,0.7272401088984474,0.9226818855376522,0.1088866321068294,0.0836410014538994,0.1405480638456031,0.02029627768615,3.354962861007754,4.1101971679261435,0.4137959362912658,0.0966423670699509,0.269330893555886,0.0559643131510891,0.4276746597720069,0.5226819102024982,0.0482487779980651,5.584303741498381,8.476696141767823,1.2107358754289148,3.477907951213023,3.837561969086809,0.2806273339408308,3.8318523546543832,4.223394773787297,0.2934177420658375,58.060644
yoru0511workout,db_triceps_curl,2,2,6.0,5.0,12,26.009773,14.313178999999998,11.696594,2.167481083333333,1.1927649166666665,0.9747161666666668,0.5499677412280408,0.2666021491227483,0.3705035971223021,-0.2338308457711443,1.948051948051948,0.3031873553586233,0.0732019276803279,0.1023321399331538,0.0653242254276476,0.7002813065322452,0.4067352030336887,0.9690979535708422,-0.0309020464291578,0.2741940961538461,-0.0287789038461538,0.302973,-0.0293468493618993,-0.3424715479362187,-0.0151766962103035,-0.0058341556134708,-0.0798142786161282,0.2731317575422148,0.122259268261785,0.3447703965703677,0.1775277570842512,130.048865,60.0,3.3516550022178735,4.132892102388317,0.4279917340103076,0.0543934757290501,0.1280623419139734,0.0260343683982177,0.771463245384361,1.137343463354077,0.1534616413854325,0.0867122503502873,0.1231556132247382,0.0194419831579246,3.2375921384232824,4.041914916571075,0.4291528563573573,0.088914018792351,0.2250025216516863,0.0438243221003625,0.4333553934172229,0.4960696259105601,0.0499848618070155,5.607306600406221,9.579338980551816,1.520644149667984,3.42375301076866,3.94783804626252,0.2530356263303159,3.967042734775049,6.215549564108863,0.7639215044072821,84.070417
yoru0511workout,db_weighted_crunch,0,0,6.0,8.0,12,32.464016,14.184645000000002,18.279371,2.705334666666667,1.18205375,1.5232809166666663,0.4396206971161387,0.2874252724343892,0.0862068965517239,-0.460431654676259,0.903225806451613,-0.0381079584133188,-0.0198277682090173,0.2236799926396808,0.0798854896522001,0.2233209859985063,-0.5656392188768639,0.9336337340983462,-0.0663662659016538,0.0052967307692307,-0.2900842884615385,0.2953810192307693,0.0076406151193813,0.0456649017427236,0.0275319773654973,0.0047304875810363,-0.0857481246598358,0.2044822113407829,0.0655588960999346,0.3116847987818111,0.4782032489569318,259.712128,96.0,3.305020648690182,3.6785315843416337,0.2263080954782834,0.0468928880108187,0.0609274917128407,0.0058380958704969,0.7319148798179912,0.917167942747006,0.1086294827255726,0.0935809824996097,0.1049204194167715,0.0082755071147491,3.754466764560251,4.50431773419097,0.4532368894236756,0.2656117515097991,0.3100935581742778,0.0401317901339197,1.0113382003921332,1.3057090990346056,0.1673822986431766,5.934651881349467,6.976572663546477,0.7751152825040671,4.2178433219708875,4.902753500062776,0.4792799812779866,4.441497711028489,5.200885702050522,0.378368949811974,32.464016
yoru0511workout,db_weighted_crunch,1,1,7.0,8.0,12,30.343205,13.22064,17.122565,2.528600416666667,1.10172,1.4268804166666669,0.4469994703348204,0.2726677259970258,0.1031941031941032,-0.4152542372881356,0.8187134502923976,0.1878052240097875,0.0289006430066082,0.1461752277607704,0.0858354633099049,0.0168738016425494,-0.3391686381702894,0.793105284745208,-0.2068947152547919,0.0192447884615385,-0.1998633076923077,0.2191080961538462,-0.069457161191222,-0.1376610826289959,-0.004482331330182,0.0007610398359224,-0.170077741027455,0.2161276117890166,0.0499998630246508,0.347085113351874,0.4430354236657174,242.74564,96.0,3.100250007758282,3.420833286464482,0.1619048327275237,0.04863167967114,0.0798556442873238,0.0115104024125103,0.9827210077331812,1.2148421533648042,0.1637319838820851,0.1046796360257381,0.1214956668337849,0.0099271833661243,3.813464396625033,4.275782981998315,0.5044184229240662,0.2252720613594742,0.3376619883892122,0.0556344666956941,1.021599945985839,1.264013189692491,0.1460446327061145,5.644730126813126,6.9186017177874515,0.6789944685321024,4.208315363208601,4.892259554604162,0.3399727415530841,4.44149476374146,5.339025429889482,0.4977916208762629,62.807221
yoru0511workout,db_weighted_crunch,2,2,7.0,8.0,12,27.974507,10.824399,17.150108,2.3312089166666667,0.90203325,1.4291756666666666,0.4006991836307909,0.3652682994050849,0.2184873949579833,-0.395,1.0,0.207998536609724,0.0405695718420037,0.1124297707592023,-0.1337125870157283,0.3442793137402557,-0.3958457911323972,0.9171598912289312,-0.0828401087710688,0.1308292500000001,-0.1654345576923077,0.2962638076923077,-0.0045152657330734,-0.1574526701447705,0.0144940233506591,-0.010787689256103,0.0296884933919081,0.2371250068657133,0.0565928362956825,0.3460703363599368,0.4443340271894222,223.796056,96.0,3.0972040554684974,3.4161502436102267,0.1830735318286609,0.0450721553053553,0.0558794899295939,0.0071025969972028,1.028917022215896,1.3264419254084685,0.2131719709173509,0.1122201613244489,0.1329361564611973,0.0118532586756026,3.4276227395591934,3.851675197323413,0.4207665242063899,0.204242781114921,0.2711223857801468,0.0311000836954054,0.9058035590115444,1.1493235540108795,0.1534716968508599,5.619480257619934,6.810590144741509,0.8940938007582381,3.964256473747593,4.645087478374902,0.403961783852187,4.187795067508477,4.6267061687032935,0.4208734372650394,90.781728
yoru0511workout,one_arm_db_row,0,0,5.0,10.5,12,28.883426,11.393621,17.489805,2.4069521666666667,0.9494684166666666,1.45748375,0.4141864538951876,0.3442956055983596,0.2932551319648093,-0.4693877551020408,1.3241379310344827,0.272138169250875,-0.1277061142496296,0.0994748587547049,-0.2113585191978689,0.3728461139803222,-0.1204070708326233,0.8979218516947393,-0.1020781483052607,0.1147625,-0.2653662115384615,0.3801287115384616,0.0240766353542062,-0.3648007379356933,-0.0088855025188514,-0.0103890994547244,0.0722025605446441,0.2761482320539998,0.124947576401554,0.3896932696036468,0.3445917873413806,303.275973,126.0,4.089375280502231,4.664771821656889,0.5336777350001832,0.0600358506654456,0.0754759687133715,0.00849945437293,0.7940328567105248,1.0738273042109012,0.1413267117797886,0.0846263242113143,0.1029343198345533,0.0098965762072463,3.8675503010980914,4.749393047202535,0.7285371663403897,0.2859925796699216,0.3494669098098587,0.0469416651383977,1.2631006614071387,1.5837552054287791,0.2114138592435212,5.196986680341077,6.436506543433156,0.74103508680648,4.723475102532977,5.943340707276974,0.8007127036523493,4.8784759419476424,6.292184669544014,0.8430627090684231,28.883426
yoru0511workout,one_arm_db_row,2,2,7.0,10.5,12,27.717439,10.962114,16.755325,2.309786583333333,0.9135095,1.3962770833333331,0.4146422591366629,0.3373821483933406,0.3184523809523809,-0.3422459893048128,1.1476510067114094,0.3091577678520751,0.0423598212678805,0.5589225815832897,0.0052390777408444,0.1820954304490824,-0.6463514043278836,-0.6463514043278836,-1.6463514043278835,0.2187549807692308,-0.1345369615384615,0.3532919423076923,-0.0612006750254792,-0.4218872033963268,0.0667317761648387,0.0002042576714932,-0.3543338897227312,0.2448067953159423,0.1161054757510317,0.3723072081104149,0.3791023221800595,291.03310949999997,126.0,4.292094093385846,5.0850886893775575,0.5204945866307993,0.0614921280169515,0.0765663711276499,0.010140372897413,0.8590755966144563,1.0000493424045915,0.0761002415155061,0.0881529477705857,0.1104129217604622,0.0106957525332698,3.898975821888232,5.137746359704497,0.5744017932674811,0.3282446285843319,0.5017315409398521,0.0655815646490155,1.2127750088058766,1.4393032038066582,0.1454612698931524,5.427928528518444,6.182222193660371,0.5641193290780548,5.153902130901672,6.704227366129659,0.734804282387713,4.6187518001220305,5.829941450943581,0.7863220979815341,56.600865
yoru0511workout,one_arm_db_row,3,3,8.0,10.5,12,28.598815,11.549698,17.049117,2.383234583333333,0.9624748333333334,1.42075975,0.4260675615112554,0.3145315436441558,0.4435028248587571,-0.4088888888888888,1.9302325581395348,0.3455452307509257,-0.0120858397986247,0.1746499581472957,0.0335329999758891,0.1901044585474862,-0.2529634993022038,-0.2472259538816774,-1.2472259538816777,0.3783631346153847,-0.1786763846153846,0.5570395192307693,-0.0630675004072505,-0.4861959748175699,0.0377063747288452,0.0039725654850819,-0.1958690949498383,0.2115477264225685,0.1212252083465911,0.2772991904744971,0.3381545250543272,300.2875575,126.0,4.212764783520152,5.047490965851013,0.5334017435480654,0.0627544042853015,0.0757994765456932,0.0072916400175068,0.8345259471718377,1.105190026532966,0.1240355979127074,0.0811354860633955,0.0941482959449922,0.0067397343796787,3.9025101392878785,4.547294700822028,0.4626706142411372,0.3328771755138924,0.4383482644426142,0.0587413330758806,1.237000296341793,1.6044074700050897,0.199905605186198,5.213936240958172,6.246490306205006,0.6303757501426516,5.319300076443482,6.108073235024882,0.5036133449035602,4.953723145424233,6.364009290245656,0.819932800146513,85.19968
yushuan0513workout,db_bench_press,0,0,9.0,3.0,12,46.204704,24.447808,21.756896,3.850392,2.0373173333333336,1.8130746666666664,0.527548016692772,0.0782294494736351,-0.0656934306569342,-0.1274725274725275,0.010899182561308,-0.089446515475976,-0.0382515343386458,0.0844885808069777,-0.2892050712397953,0.0689073254106102,-0.5808037341167017,-0.354085512547919,-1.354085512547919,-0.1711403076923075,-0.2101723076923076,0.039032,0.0945373207869444,0.0631591211022938,0.0138620845905271,-0.0084578653900953,-0.1624889976090206,0.1304732050509306,0.0862392735429095,0.1332472920793671,0.4547699159990137,138.614112,36.0,3.8143542718305654,4.280154816947979,0.3435740838890866,0.0458379486744135,0.0592714589412162,0.006049818832391,0.6512470460401149,0.7952525606950342,0.0896310380180003,0.051418748461864,0.0726406177257126,0.0076881880157092,3.6227762574180287,5.497438705287447,0.7473597760710963,0.1898965794134967,0.2469362320776897,0.0318910546990732,0.2452950989101375,0.3077438957168481,0.0376433979619138,5.578802676732579,6.8679137733291995,0.5947555320773923,4.442661136693083,5.1689759407676075,0.3993401689883419,4.974655110201567,5.43513697575101,0.3125487324246204,46.204704
yushuan0513workout,db_bench_press,1,1,10.0,3.0,12,40.969824,23.584512,17.376127999999998,3.4141519999999996,1.965376,1.4480106666666666,0.5732783998418993,0.1467790219060206,0.3076923076923077,0.5253731343283579,0.0434782608695651,0.2008178614347129,-0.0399192823127447,0.1385023869194346,-0.1920912399798399,0.0701182937963103,-0.5748645010906908,-0.0880729302403242,-1.0880729302403245,0.389436923076923,0.3214400000000001,0.0671138461538461,0.0816683933423671,-0.1088603316584792,0.0061355546858893,-0.0027723198865829,-0.0961134278141107,0.1283185462683294,0.1279112652598657,0.1415492262737425,0.4215506770181329,122.909472,36.0,4.079198918338271,5.319772399493558,0.5449767305148353,0.0606104737837789,0.0765754299051061,0.0114541153840728,0.6393450083992831,0.90631852816916,0.1495585065248771,0.0601414246525554,0.0779711800888911,0.0082111013691917,3.811016481340763,4.72850783365087,0.5481800107348498,0.24311423043149,0.2993294160159769,0.044036621619593,0.2268885658945319,0.2750825227890876,0.0266984853131288,5.7224455537572405,7.084099818710282,0.5643149633582268,4.802979957724964,5.6642426649527415,0.4371483854528603,4.882619069497082,5.866048637346921,0.500734519628535,87.17452800000001
yushuan0513workout,db_bench_press,3,3,10.0,3.0,8,29.949024,16.246496,13.702528,3.743628,2.030812,1.712816,0.583208747333998,0.2079295076778128,0.0194986072423397,0.1181318681318679,-0.0819209039548022,-0.5165241355497026,-0.2170312440379784,0.3120304634565576,0.5992564261436182,0.000587376006996,-0.4564078768392519,-0.1169096527647511,-1.116909652764751,-0.0784466666666669,0.0792119999999998,-0.1576586666666667,0.2950789791047237,0.3530074605298743,0.0567743688761852,0.0233154883711386,-0.2880537066807486,0.3137119480685429,0.2180475546596305,0.4034237955280254,0.4642785598800784,89.847072,24.0,4.216314189965078,6.469164502268117,0.9828339730391574,0.0653204385794881,0.0819701922056272,0.0095619968776248,0.6664209464727663,0.9729755987364586,0.1581557542354675,0.0864278860149903,0.1562642300702423,0.0291730849150825,4.533453397261147,9.536199640401158,2.1459555822411898,0.2968884818789825,0.3542928818830451,0.0463956494672298,0.2867995128610207,0.3273805199168051,0.0349794808162187,5.9556616384111845,9.03262634017328,1.4150917781481245,4.935673020544367,6.4191227581360755,0.7006988889682094,4.985593890020329,7.809541306004477,1.199650988401968,117.123552
yushuan0513workout,db_biceps_curl,0,0,7.0,2.5,12,30.959264,15.006656,15.943424,2.5799386666666666,1.2505546666666667,1.3286186666666666,0.4855852180191786,0.0791521023930591,-0.0706896551724137,-0.2484276729559746,0.1450381679389312,0.0966323571988053,0.159630762000565,-0.2092283813895458,0.0945611982971099,0.7527321359514382,0.4935182424363976,0.4935182424363976,-0.5064817575636025,0.0224301538461538,-0.1211581538461538,0.1448246153846154,-0.280749618972097,-0.1166893309341899,-0.0041454260755285,0.0051304601694158,-0.1276595465253291,0.0781592573377027,0.0791024828858547,0.0877819332816573,0.114974638059664,77.39816,30.0,3.2752680779512837,3.936389449033741,0.2706021534003434,0.0400517460647117,0.0505304868788098,0.006265287250117,0.685547511138385,0.8519834243396303,0.1022786252215895,0.0890152590997156,0.100804481332182,0.0091267506819222,2.494118534975914,3.1420649455493814,0.2500621049252418,0.0485991824144034,0.059553044916358,0.0050116915995672,0.5470674515556739,0.6858518803755043,0.0738664001106672,4.735642652854828,5.2167780506980685,0.3735405250729722,2.9083684687733693,3.1273642966620274,0.1397884743547261,3.0525678581266384,3.376368433841325,0.1588464596354463,30.959264
yushuan0513workout,db_biceps_curl,1,1,9.0,2.5,12,29.95820800000001,14.630112000000002,15.328096000000002,2.4965173333333337,1.2191760000000005,1.2773413333333334,0.4876302004507802,0.0508251784694826,0.1544256120527307,0.1843137254901961,0.1268115942028984,0.2756603948103454,0.1596030494801228,-0.056265353943578,-0.0161268124754984,0.7400056001445502,0.4619677410642501,0.4619677410642501,-0.5380322589357499,0.2567987692307693,0.1315784615384616,0.1252203076923077,-0.3602406658793474,-0.2723334354782535,-0.0025668174868764,-0.0001282132237657,-0.1788432098211723,0.1011351980538588,0.0757823031086176,0.1506797330321087,0.1544616842387864,74.89552000000002,30.0,3.3019454634397065,3.822007257082969,0.2613557000124079,0.0476011298458158,0.0646966870172968,0.0107979347706563,0.777358009188794,0.8932592787985998,0.1172344880930596,0.0909241880554703,0.1016637920828533,0.0074627995328703,2.5104365530935664,2.765567296874522,0.1434036273015237,0.0519840637963648,0.0577809366471062,0.0043343405423655,0.4573961013657883,0.540892607719222,0.0564641127154694,4.777832296311479,5.800472722840367,0.5951288336666299,2.9820722629867973,3.0951046336884316,0.0894336007127358,2.9419943730072813,3.089217042336297,0.0890380838221804,60.91747200000001
yushuan0513workout,db_biceps_curl,2,2,10.0,2.5,12,31.749088,16.108736,15.640351999999998,2.6457573333333335,1.3423946666666666,1.3033626666666664,0.5081128064133779,0.0580706451934552,0.2386363636363635,0.304029304029304,0.168627450980392,0.3895536854956659,0.2522745760217673,0.0661946108039948,0.1827591430153015,0.6266516127423997,-0.1250635934266302,-0.1250635934266302,-1.1250635934266304,0.3601187692307693,0.1748492307692307,0.1852695384615384,-0.4046943126100016,-0.3259929284535008,0.0030265026706929,0.0058982461076667,-0.3869952487835588,0.105405996213006,0.1053174370938642,0.1634473120082258,0.2968730798356609,79.37272,30.0,3.5551282747775783,4.495390771027887,0.3910658006299041,0.0541072226570869,0.0867314751019718,0.0167238400724789,0.8098648455337526,1.0369299461324926,0.1159899836036214,0.0925878938332632,0.1071162363395864,0.0093691581590094,2.6816274020243527,3.2694826226952007,0.2959120992971319,0.0539433555255952,0.065316800237885,0.0050045060577234,0.4123991492372637,0.4555681129089941,0.0299417608252901,5.333070285138862,6.439520098957896,0.7711932736438062,3.095707691118785,3.49399866962639,0.2141270118209663,3.1054056967834973,3.500657770459974,0.1874024280971373,92.66656
yushuan0513workout,db_rdl,0,0,6.0,5.0,12,50.962016,28.360192000000005,22.601824000000004,4.2468346666666665,2.3633493333333337,1.8834853333333337,0.5539812916094367,0.1171650372066034,-0.232902033271719,-0.2429022082018928,-0.21875,-0.5200737839228935,-0.1494765839938145,0.0357036077658199,0.0433427283690917,0.0124574205248315,-0.8946667294671236,-0.2696190836237376,-1.2696190836237375,-0.3873175384615382,-0.2709279999999999,-0.1163895384615384,0.5109839705590349,0.2207815998166351,0.0034767656982684,0.0034880806027811,-0.0913474058519375,0.1010726311761776,0.1524440041041271,0.1663177191713827,0.5643652434486934,254.81008,60.0,4.338629788342398,5.4041668149104325,0.6908077825478491,0.0618432654421257,0.0859965026236872,0.01313041368097,0.5598219298815598,0.7652799021892978,0.0889978232126487,0.0831147288433442,0.0894357989455933,0.005522039364754,4.341022782738608,5.701898112111061,0.7379530067499093,0.2383344986811651,0.2782337729705879,0.0185078997667445,0.266815881260928,0.3065501382421234,0.0274264407844895,6.069476378074369,7.641728128958221,0.7595851852649733,4.690478107771773,6.315636157577666,0.6409239614280855,6.350448951103374,9.741148951520897,1.3766604217977276,50.962016
yushuan0513workout,db_rdl,1,1,8.0,5.0,12,44.12912,21.646687999999997,22.473248,3.677426666666667,1.8038906666666663,1.8727706666666668,0.4971568722506352,0.0949590402337056,-0.1056511056511055,-0.0785219399538105,-0.1364829396325458,-0.263235246824139,-0.1281800068080507,-0.4611945790668534,-0.0474879807683596,0.1433169371060196,-0.7034746633089936,0.7303994023073317,-0.2696005976926683,-0.1902147692307693,-0.094136,-0.0959021538461538,0.3700462882391533,0.1722973500423162,-0.1017267334955235,-0.0010000700008275,-0.2609386992373938,0.1387066719528139,0.115382115026314,0.1745085308872878,0.5056526212974892,220.6456,60.0,4.6129878408704394,5.934334910904059,0.5559235678187613,0.1375191223601826,0.3260493120712467,0.0823879158351326,0.4796301441822817,0.6099462855907893,0.0619500006634072,0.0853729606259144,0.0933912850095541,0.0049276417119795,4.519164213286499,6.549385956333878,0.950491272644137,0.3264643071502629,0.4452071581990668,0.0893506934749292,0.2106078469871617,0.3029953521996551,0.0435952274935851,6.114003149292588,6.998779049538488,0.6626540978801985,4.733096234378798,5.593809670689367,0.4077300108269444,5.587612774340353,6.3630921992894445,0.4229858140993744,95.091136
yushuan0513workout,db_rdl,2,2,8.0,5.0,12,45.580192,25.825408,19.754783999999997,3.798349333333333,2.1521173333333334,1.6462319999999997,0.5635822656965449,0.1344109082046839,-0.0216284987277354,-0.0220588235294116,-0.021164021164021,0.1769274049246965,0.1950750791155138,-0.2229477091379668,-0.0608512102192808,0.1569881909425468,-0.5064381085237419,0.4182190494807406,-0.5817809505192596,0.2283636923076923,0.217236923076923,0.0111267692307692,-0.3158179791384972,-0.1605458400589031,-0.0187010204577379,-0.0018355428577778,-0.0929274674507955,0.0957714246831062,0.1889547627488,0.1898472062273528,0.4312834233137825,227.90096,60.0,4.481250313882876,5.747120343941658,0.8844052805879198,0.0813314292725625,0.1762818408564149,0.0401561753169702,0.4789448560918585,0.5519178427377733,0.0423847596755971,0.0773578844259864,0.0878431764153086,0.0061664427364052,4.346597373503462,6.2462736938410455,1.0884053094951922,0.2837246907419579,0.3681533418351299,0.0544190001983777,0.2127539255710318,0.2843243677468521,0.0277668827388525,5.909880440573114,7.211685404663948,0.548037361544375,4.5611891413642125,5.260886522740906,0.3862823157939418,5.866495201677078,6.9624997229896,0.5013365333334905,140.671328
yushuan0513workout,db_shoulder_press,0,0,8.0,2.5,12,47.98639999999999,25.871328,22.115072,3.998866666666666,2.155944,1.8429226666666665,0.540096511897623,0.1255146038495237,0.1871727748691101,-0.0090909090909091,0.4537037037037037,0.0822562312215725,-0.0774443750564117,0.3458141757855149,-0.0275596565324595,0.1555425226751426,-0.5574366776011411,0.01096470844842,-0.98903529155158,0.3965015384615385,0.1481803076923077,0.2483212307692308,0.1244099164529353,-0.058675255545163,0.0321534699153439,0.0009075187522663,-0.0636974120101889,0.0886987912062894,0.1307262323512792,0.1471388607954958,0.5081515549644112,119.96599999999998,30.0,3.545191042658502,4.2368634924718425,0.4840571822311466,0.0407314771296115,0.0555034241450561,0.0078520449983382,0.9435391437395092,1.0443666696319849,0.0680769278823191,0.0873107030333643,0.0967164360437718,0.0056867545127773,3.806865274815164,4.795394034221199,0.5321464476894394,0.1944425660664623,0.2238626203878597,0.0263587300251114,0.231061735883013,0.4733029706134639,0.0855662228551755,5.870951193392398,6.763434519951083,0.5135873694111476,4.289975552769303,4.75141182740215,0.3417054752662912,4.608191218419617,5.541071808476256,0.4478064647398303,47.98639999999999
yushuan0513workout,db_shoulder_press,1,1,9.0,2.5,12,51.439584,31.13376,20.305824,4.286632,2.59448,1.692152,0.6046193409670323,0.2092386819340644,0.1592689295039162,0.2454545454545453,0.0429447852760735,0.1807090616046561,0.0536383053633796,-0.1010834388410022,0.0957005313200374,0.1739468150181576,-0.5828023979191491,-0.3517544393083473,-1.3517544393083474,0.3530541538461538,0.2522067692307693,0.1008473846153846,-0.161055409198282,-0.1139785010191376,-0.0027615040874157,0.0021103348248975,-0.6101287456203083,0.117312710155473,0.1593486930413856,0.1891342167830488,0.4986721573429584,128.59895999999998,30.0,4.065817926301739,4.9225612019855935,0.6766914864346028,0.0445036669319761,0.0569499679258053,0.0075577433625445,0.9202472569176912,1.0394682677676692,0.0811981988352954,0.0890917340882471,0.1034526669279743,0.0065604672822078,4.256258109956198,4.895641574323833,0.3774386872921297,0.1853118650265462,0.2270785529491378,0.0223096841431104,0.250617135934054,0.3202418890390688,0.0391061041653644,6.13015388293315,7.427120504577051,0.7325789090639466,5.082039579584307,5.958142769724846,0.5979894647952756,4.990708344344891,5.658126513320276,0.3455716235625738,99.425984
yushuan0513workout,db_shoulder_press,2,2,10.0,2.5,9,43.82604799999999,23.667167999999997,20.149696,4.869560888888888,2.6296853333333328,2.238855111111111,0.5423112915969563,0.1147208299506838,0.5549936788874841,0.4295154185022025,0.7210682492581602,0.3577578039920217,0.0154361817091031,-0.0551288217483677,-0.0122779413331811,0.1489497086898141,-0.8622176374363582,0.5893017624805776,-0.4106982375194223,1.1773887999999997,0.5485909333333332,0.6269610666666667,-0.0984015356808921,-0.220404160477396,0.0047566923128259,0.0012504035732843,-0.1714797955241253,0.1824257056578442,0.1434435267106333,0.1981458694693248,0.7499911498875547,109.56511999999998,22.5,3.976908172777509,4.975445927118141,0.6050660404680613,0.0453166873811071,0.0586258234325629,0.0093429490847833,0.8472767560359694,0.9423976747962872,0.0885927147865219,0.0942277833381231,0.1081772652856934,0.0077830765233944,4.334573500352408,5.049682956484552,0.5475689885395648,0.2595015808639694,0.2899668773404363,0.0224851264800715,0.2298796808975487,0.3310193301457078,0.0564324391043426,6.56000849783981,7.518304832715934,0.8340957628511516,5.207450611699145,6.403230421222839,0.6684434962285726,5.326400713589113,6.006788322123709,0.5728560493963156,143.25203199999999
yushuan0513workout,db_squat,0,0,6.0,5.0,12,35.615552,19.910912,15.695456000000002,2.9679626666666667,1.6592426666666666,1.3079546666666668,0.5603061249973648,0.124002642776046,0.0751252086811353,0.3089700996677744,-0.1644295302013422,0.1600409760098239,0.0866594972507758,-0.077046737741742,0.2180644861634908,0.1753259424655446,-0.7856222755175598,-0.1420530057587302,-1.14205300575873,0.1158596923076923,0.2016947692307693,-0.0877778461538461,-0.0971827078083253,-0.0996059732844903,-0.0115602372436537,0.0232196122426004,-0.2218167801629245,0.0773783714214958,0.0919916965541467,0.1208018360112921,0.6345785975972835,178.07776,60.0,4.069377085043182,4.595815477787076,0.3909946761889271,0.0869968295748277,0.109730698080447,0.0149471980030122,0.9805004847459924,1.2167736909164732,0.1232781891441971,0.1805007309536626,0.2330220249084536,0.0227298498534702,3.500204223635943,4.032068549911511,0.2697569357515687,0.2265259356435638,0.257515584083642,0.0164458884498183,0.4196637325674413,0.4992313723185537,0.040083708799491,5.02973885607197,5.900690409508544,0.5982410697643361,4.847376883893212,5.899641311489223,0.4604497633517432,4.663566185058278,5.3293241086768806,0.3233321003115056,35.615552
yushuan0513workout,db_squat,1,1,7.0,5.0,12,37.140096,20.957888,16.182208,3.095008,1.7464906666666666,1.3485173333333331,0.565077270749398,0.1587413807652468,-0.0363036303630361,0.2695035460992909,-0.302469135802469,0.0580435974942684,0.0943025915075191,-0.0137093611407848,-0.0169007665324918,-0.0712392486447473,-0.7416205815213076,0.478153681690726,-0.5218463183092741,0.0957255384615385,0.167078153846154,-0.0713526153846153,-0.3418632402294101,-0.1278517926475497,0.0078858933345079,-0.0002106310179826,-0.0310762816108771,0.118959890927891,0.1117652371907769,0.1588452282126924,0.622850269269349,185.70048,60.0,3.84426594009256,4.751999042633859,0.4487603193372457,0.0717416997382775,0.1213359821571396,0.0246993087707432,0.8180465888562366,0.9080216232052504,0.0613201011609341,0.1566004965590291,0.1828390398472637,0.0113731626668836,3.7187266574327063,4.401172146973958,0.5132718024603529,0.2140624819428594,0.2474651608880341,0.0257445806083223,0.4199528009887371,0.4616739245306507,0.0287596985355656,5.206113840778939,6.473031036092333,0.7127694816421314,4.821084621280328,5.899227814494438,0.5407106946800488,5.185613754706295,6.119435953748105,0.4952052473673513,72.75564800000001
yushuan0513workout,db_squat,2,2,8.0,5.0,12,37.406431999999995,22.069152000000003,15.33728,3.117202666666666,1.8390960000000005,1.2781066666666667,0.5901366968276777,0.1802733936553551,0.0808709175738724,0.17989417989418,-0.060377358490566,0.0547095871861686,-0.0379216833050561,-0.0559728112783871,0.3118158805172462,0.19140814048565,-0.6847825534864472,0.7884114876656874,-0.2115885123343126,0.1669015384615384,0.1435883076923076,0.0233132307692307,0.1065253078554134,-0.0469475667898442,0.0041359214878986,0.0153736604206934,0.0664657257067213,0.0565243810841809,0.1192599998865701,0.1534363424534572,0.6116954216459414,187.03216,60.0,4.039991367965706,4.871370799025715,0.5032334745716779,0.0676416354577499,0.0933802943733745,0.0131525791937233,0.7401010411922219,0.8837205195303577,0.0739344243775687,0.1346623943622662,0.1600300916005211,0.0139565980461894,3.692082006541444,4.228605314022371,0.3730917171544949,0.1935128409092114,0.2294857703285058,0.0242072832893063,0.4768554154316122,0.5302382460995974,0.027012264472526,4.927748204770766,5.527750944376885,0.3671633043560472,4.475477699794413,5.249566552351354,0.3842884974146948,5.162297302983222,6.73550516028209,0.6201301020394873,110.16208
yushuan0513workout,db_triceps_curl,0,0,6.0,2.5,12,33.760383999999995,18.55168,15.19952,2.813365333333333,1.5459733333333332,1.2666266666666666,0.5512692629809339,0.1151893226064595,0.0421792618629175,0.0339506172839507,0.057377049180328,-0.232854029337443,-0.2976887817217777,0.0679364999788612,-0.2865991949326001,0.5309564686387236,-0.4806512410322194,0.4813725742722939,-0.5186274257277064,0.0861883076923076,0.0236664615384615,0.0641113846153846,0.4422130687234358,0.113914996163361,-0.0008847616835396,-0.0273869781462115,-0.1463653305529783,0.0946524820427736,0.1665988761974009,0.1819549620925483,0.3624199943855746,84.40095999999998,30.0,4.072117883788191,5.106372373393988,0.708576410346535,0.1402782933857406,0.3116647480640633,0.0926265106978561,0.9421209924019004,1.3050981327677111,0.2030556709430853,0.1301021223432502,0.1775234565316703,0.0272992914562691,3.0565698316382295,3.341672568933852,0.2274215708032161,0.0836804333525917,0.1134797942569837,0.0129879828611466,0.3918038149463463,0.4773889426006457,0.0464577460452881,5.7923458218346795,7.0497850483430184,0.669611977157541,3.3280992888889753,3.6225379456353295,0.1802833137676598,3.717029791841051,4.590333124713778,0.375792220027974,33.760383999999995
yushuan0513workout,db_triceps_curl,1,1,7.0,2.5,12,28.231616,18.27616,9.937088,2.3526346666666664,1.523013333333333,0.8280906666666666,0.6540565587911799,0.3190718232561064,0.0058252427184466,-0.0193370165745856,0.0723684210526316,-0.0271881212780384,-0.0439661822107986,-0.195162164779449,-0.3026358025855454,0.4243541740989554,-0.7092495130104904,0.4760704260089674,-0.5239295739910328,0.1525956923076923,-0.0561636923076923,0.2098190769230769,0.0588817482190431,-0.0557604773066732,-0.0065962299660362,-0.0289170885134987,-0.1967553836276697,0.15232663268344,0.0610222766950748,0.1363493956663059,0.4141827570704407,70.57903999999999,30.0,3.2452021039318946,3.630155122637597,0.206835193105864,0.0733779916548868,0.1710187077967407,0.0408335494115385,0.8749048569099179,1.1999850965067007,0.1782095909330041,0.1193012961995033,0.1709519158158783,0.0263305916206801,2.828184134889248,3.461947040908929,0.3005386389434303,0.075230427307714,0.0888704680916679,0.0069049145226045,0.375092767647913,0.5325862114546485,0.0824748334021414,5.657922903759965,6.7650811755046085,0.5603554018822788,3.2154406508106725,3.914427649260926,0.2667360275909315,3.6332075458481623,4.52442377564719,0.3313976591972578,61.99199999999999
yushuan0513workout,db_triceps_curl,2,2,9.0,2.5,12,31.308255999999997,19.65376,11.654496000000002,2.609021333333333,1.6378133333333331,0.9712080000000002,0.6226862287619613,0.2594286824235211,0.1906779661016948,0.522267206477733,-0.1733333333333332,0.1683497823086235,0.0136747891741718,-0.0800249555753382,-0.4296690838337172,0.0105906323986486,-0.8345150116528796,0.130532780773448,-0.8694672192265522,0.1057926153846153,0.1603667692307692,-0.0545741538461538,0.0655081744093658,-0.0417817270388481,-0.0043049195820681,-0.0333532576422144,-0.073829592384768,0.1150327533704102,0.1000359014304371,0.1345259040365324,0.4742540184422366,78.27063999999999,30.0,3.5091669659318137,4.206348061049505,0.366652121987171,0.0776192202541847,0.2131751176233813,0.0447875035660922,0.7607920919796073,1.0563987952348888,0.1592705985251265,0.1028698299505317,0.1642880414061504,0.0256127269777487,3.043356061109121,3.6048321926177422,0.2756706399878109,0.0804361525481524,0.0962956890550616,0.0086504215550906,0.4368318650862408,0.6987977844223916,0.1063163254002888,5.617220131346226,6.612199810095159,0.508274176136359,3.364024390349615,3.652151103042703,0.1826319279967964,4.183458366927071,4.702379481464543,0.2895014251552192,93.30025599999999
yushuan0513workout,db_weighted_crunch,0,0,5.0,3.0,12,40.391232,16.567936,23.823296000000003,3.365936,1.3806613333333333,1.985274666666667,0.4083860835972966,0.1860526915624687,0.0531609195402296,0.3050193050193051,-0.0961098398169336,0.0108707545890669,-0.0435463512824181,0.4918078723499188,-0.0442374043015044,0.1080065250134289,-0.7472923593654474,0.3761304966250519,-0.6238695033749484,0.2264209230769229,0.2151175384615384,0.0113033846153845,-0.0072353734925709,-0.1011833972780644,0.040958115757764,-0.0050774918593402,0.0923308904905555,0.111142953675513,0.1769128030576006,0.1754066305596022,0.4779771705922565,121.173696,36.0,4.755493389334197,6.125612019641564,0.8787171980126477,0.2176404881530732,0.3245630891558822,0.0787947480024431,0.6293379148060051,0.7741925977085946,0.0746241632169819,0.1092221352729436,0.1230278532548268,0.0093875677209487,3.8622145102894287,5.465851963836527,0.6181359195195464,0.2826280741509064,0.3914707372176025,0.0522456473348848,0.2637688857994274,0.3562782654509302,0.0415158579072505,6.342599651358103,7.71147896040857,0.7048049794973067,4.409775026566455,5.314149871902787,0.5019130924646087,5.147721630526494,6.5172068607933475,0.6593452982598739,40.391232
yushuan0513workout,db_weighted_crunch,1,1,6.0,3.0,12,42.39334399999999,19.37824,23.015104,3.532778666666666,1.6148533333333333,1.9179253333333337,0.4554511032381876,0.1107116263766505,0.387434554973822,0.7264957264957266,0.153392330383481,0.2136591539110985,-0.07318801560416,-0.2988326412599338,0.111846379050539,0.2201594660449041,-0.3581747181341093,0.7183853312249301,-0.2816146687750699,0.4588467692307693,0.3687729230769231,0.0900738461538461,-0.0587407798682047,-0.1941591037713703,-0.0522264986993112,0.0026008809543474,0.1212712229105797,0.1463958561871125,0.1772302731442042,0.2452520431711199,0.4410866403466501,127.18003199999998,36.0,4.156036816007234,5.66576714095792,0.7693280607277173,0.1392062027047081,0.2653696165726508,0.074325553687302,0.6632473948554041,0.7881382879600358,0.0828319265035561,0.1061314742933578,0.1304344726522101,0.0129515750544824,4.164495268177024,5.209559695903845,0.5692816830944188,0.2318396247685056,0.3350815649610446,0.0508706582235427,0.2669075718357325,0.3157716888201884,0.0328537306711881,6.215689478720459,8.08039692260065,0.8664898063974318,4.622061788815589,6.52653865539773,0.6781497266555153,5.47475876617566,5.989366228023782,0.4908897327286916,82.78457599999999
yushuan0513workout,db_weighted_crunch,2,2,7.0,3.0,12,40.896352,17.95472,22.932447999999997,3.408029333333334,1.4962266666666666,1.911037333333333,0.4404401087928944,0.1195206189426181,0.0439024390243902,-0.1054545454545454,0.164705882352941,-0.2262419944637286,-0.2628320102147172,0.072162528904536,0.2302222067537986,0.4625780357548504,-0.4733771024119976,0.2280632024530412,-0.771936797546959,0.2407267692307693,-0.0196043076923076,0.2601544615384616,0.2788472298051968,0.0298522826604834,-0.0013380798582001,0.0127756938444954,-0.0796657172227802,0.1449467564554112,0.151832242247953,0.2463516328693306,0.4651956994756704,122.689056,36.0,4.112973391834109,5.141658426499787,0.65225014763972,0.1305113471471785,0.3273236141468875,0.107476169523706,0.7413945263103711,0.8685005759937887,0.0749920781903026,0.1168182444715312,0.1446126344363255,0.0145740039692968,4.2565318078575425,6.851791599969165,0.905891709374277,0.2779685618946665,0.3629631109468677,0.0594302969360534,0.2556307606809679,0.2882398127439212,0.0172898479842216,6.229383058304734,7.911598736940752,0.7609443142767364,4.34254419900993,4.910948674320958,0.3702381065796767,5.535076259582279,7.003809502004156,0.7182465505921777,123.680928
yushuan0513workout,one_arm_db_row,0,0,9.0,4.0,12,42.97193599999999,21.07728,21.894656,3.580994666666666,1.7564400000000002,1.8245546666666668,0.4881257113919677,0.0851002378223983,0.1572052401746726,0.3726708074534162,-0.0328767123287669,-0.0030842548449552,-0.1654834304024179,0.0331308524899898,-0.3854836196231962,0.0538784371700238,-0.8554863034422638,-0.8382791835822171,-1.838279183582217,0.2809950769230771,0.3021889230769232,-0.0211938461538461,0.3958417620465707,0.0229887879306844,-0.0030494046952197,-0.0281103121229562,-0.5549145980964134,0.0928864976268124,0.1649572194500227,0.1619075550553148,0.750080017205211,171.88774399999997,48.0,3.9071157442884625,5.835881246916907,0.673165553832695,0.0685508811713359,0.1023489667733766,0.0172228593914904,0.8945156627052023,1.3823734057643289,0.260159745791131,0.1138477269017436,0.1807248983058021,0.0261297854132599,4.281912690656274,7.7688166465086095,1.2489966340015983,0.2891858281956289,0.3653109149105345,0.0445650002983727,0.6483760133992583,0.801242403913873,0.1149949986796255,5.560724658525737,6.937490123058563,0.6643120788891866,5.4139680548106695,6.9335571239795755,0.9315076828588976,4.667774125352616,5.593771441003339,0.4953380728290788,42.97193599999999
yushuan0513workout,one_arm_db_row,1,1,8.0,4.0,12,38.453408,18.04656,20.397664,3.2044506666666663,1.50388,1.6998053333333332,0.4691962211005819,0.0927384700920103,-0.1021220159151192,-0.0540540540540541,-0.1484375000000001,-0.3817180674625047,-0.2336169281657707,-0.1902207389672584,-0.2170970318571002,0.1864033421543002,-0.9054079385035484,-0.3680528934715134,-1.3680528934715133,-0.1820904615384616,-0.0711759999999999,-0.1110910769230769,0.3775538244574507,0.1836559845400078,-0.0076013371828702,-0.0184065518169461,-0.6270089400228567,0.0651291619810047,0.1461125738965683,0.1552596532007519,0.8289768237828948,153.81363199999998,48.0,3.5763637803387716,4.965936442082816,0.5457874682077071,0.0588042941327911,0.0827235507039564,0.0146111384620501,1.159171033293129,1.511672459883366,0.1545331021905055,0.138083574804899,0.1667590385939521,0.0171279880458438,3.8842301800026897,4.853416761029008,0.6016602548363523,0.2555540708917702,0.3304667746210824,0.0410734634139808,0.6799731933545697,0.9549785939196516,0.169469632019225,5.485014184843842,7.63489755364441,0.9279568532593906,4.666532817694276,5.291919691231614,0.4311618435792391,4.466236752501765,5.576226563041526,0.4606596568648614,81.425344
yushuan0513workout,one_arm_db_row,2,2,9.0,4.0,12,33.034848,15.052576,17.982272000000002,2.7529039999999996,1.2543813333333331,1.498522666666667,0.4550183309620343,0.0910115561052814,0.0192307692307693,-0.0306513409961686,0.0610932475884242,-0.0565642684396248,-0.0692195844902625,-0.1445962321013709,-0.2877243659240305,0.3296596914747386,-0.7674733921454456,-0.1865056539337301,-1.1865056539337302,0.0521015384615385,-0.0097138461538461,0.0618153846153845,0.0751004602908779,0.0073552771433473,-0.0083579240145634,-0.0279221326261124,-0.5162444441803615,0.0627556692106823,0.0831058760187772,0.0478169947974826,0.6534818868229185,132.139392,48.0,3.7430706174999937,4.210305654686695,0.3249032329954137,0.0455497501249971,0.062516550787139,0.0082392546302803,1.2526103447485013,1.8113544425715529,0.2693792534734285,0.1337485197606866,0.1914443133788893,0.0243269409642401,3.984597615054844,5.041019662453139,0.669238301729907,0.1654401260731972,0.1859605691703044,0.0155471153522474,0.9701487378400288,1.5929938719730847,0.309552754631052,4.714013409195453,6.311353988305523,0.6015880564727858,4.7143721650781645,5.234476765673095,0.372942207197795,4.5461369005119465,5.247240858023494,0.3108377268346063,114.46019199999999
ziho0512workout,db_bench_press,1,1,8.0,4.0,12,32.713408,18.799648,13.913760000000002,2.7261173333333333,1.5666373333333334,1.15948,0.5735182781570304,0.1616547404797792,-0.0252951096121416,-0.096,0.0963302752293577,-0.1924474939735934,-0.1830127003817185,0.1126045141271576,-0.0013776139537982,0.2818748391578942,-0.8700258153630326,0.6934989979552251,-0.3065010020447749,0.0180147692307692,-0.0655243076923077,0.0835390769230769,0.3781191347047794,0.1253979792162456,-0.0007762159326517,-0.0026775434894699,0.3417983256912726,0.0678790085586889,0.1000658893162749,0.1141339765283772,0.768587787207917,130.853632,48.0,3.352979910027953,4.00146613978109,0.3504380791377582,0.0479172900934344,0.0633365378695782,0.0073645634407956,1.1424594426997203,1.717606332036257,0.2240622034237166,0.1043342913372257,0.1283312675549406,0.0098089990789919,3.612769138216178,5.802137842137856,0.7828400848216088,0.2353655712248178,0.3720648588846943,0.0495233733802889,1.002062541166831,1.308950427891247,0.2014597147361968,6.502307492102289,11.776616901815576,1.8043883635440707,4.1124537344417424,4.796661232369973,0.36659985274185,4.228677465414937,4.697105894147253,0.291739763669462,32.713408
ziho0512workout,db_bench_press,2,2,9.0,4.0,12,36.038016,20.425216,15.6128,3.003168,1.7021013333333332,1.3010666666666666,0.5659589728408899,0.1468230947332704,0.1915254237288137,0.273615635179153,0.1024734982332153,0.1425038203064645,-0.0534971214845425,0.0673682220937128,-0.0030284749106875,0.1921364535365155,-0.7567099208952105,0.723656994599457,-0.276343005400543,0.3645341538461539,0.2016947692307692,0.1628393846153845,-0.0888913035455184,-0.1847788149128151,-0.0067097017307678,0.0006520101953213,-0.3133095580569052,0.123010308019075,0.2077508613489941,0.2129306323927149,0.7500930887747571,144.152064,48.0,3.783802543376221,5.8770275736953215,0.821042386613709,0.050925452852648,0.1248202937864605,0.0246331153420775,1.0322755730559374,1.3081317156075851,0.1384477784950406,0.097129994580756,0.1139279206361314,0.0082422756925318,3.751905691699272,5.298093330640636,0.6767586114868971,0.231174206981781,0.3379465866904373,0.0501903211301688,0.8178595817470189,0.9461696508390318,0.1045926794413439,7.235330330746134,10.312785298237458,1.6576671752159555,4.0745707440474614,4.54650411374905,0.3286292270976489,4.529471041219689,5.586194310209564,0.644754934519092,68.751424
ziho0512workout,db_bench_press,3,3,10.0,4.0,9,29.122463999999997,17.201632,11.920832,3.2358293333333332,1.9112924444444443,1.3245368888888889,0.5906649751269231,0.181329950253846,0.0682492581602374,0.0820895522388063,0.0477941176470588,0.2737858864878598,0.2260517091178988,-0.1519797684235613,0.2335182045020656,0.2544417842291515,-0.4056023814044096,0.6845537352796464,-0.3154462647203538,0.1830677333333333,0.1285760000000001,0.0544917333333333,-0.4198669716745211,-0.1917251038197968,-0.024000073040021,0.0133334918487223,-0.2387693356792536,0.053701668671025,0.1077048472316161,0.1459161962177199,0.4804351001762633,116.489856,36.0,3.40727030825404,4.138048795364249,0.3892405692371383,0.0432657237839356,0.0496817928062029,0.0047554715863071,0.9432812809546974,1.280769255250351,0.1614345065935199,0.0822977280861285,0.1065664869520251,0.0118426406165948,3.4647966646952093,4.111539124643216,0.4334677679656368,0.2110413695743034,0.2421862683335819,0.0249940504899805,0.8937842572488045,1.1331044336258418,0.1478827325708548,5.796171007518721,6.910435314558571,0.725616896025447,4.226557812007252,4.5853158151675295,0.2909304981130111,4.529189546765721,5.783278874330165,0.6400391869292716,97.873888
ziho0512workout,db_biceps_curl,0,0,9.0,2.5,12,40.29020799999999,16.3016,23.988608,3.357517333333333,1.3584666666666667,1.9990506666666663,0.4063168643521344,0.1873662712957311,0.0353866317169069,0.2169117647058824,-0.0651731160896131,0.0592145656391476,0.0259979820590354,0.0302699425253285,0.0799474367711323,0.94676644694265,0.8693681401990779,0.903395849672584,-0.0966041503274162,0.1767920000000001,0.1799710769230769,-0.003179076923077,-0.0313494498026325,-0.0541737529554171,0.0022849137322143,0.0036740278049303,-0.0038474082455586,0.0882652327220021,0.0420188170139382,0.1131554464525885,0.0372230353547289,100.72552,30.0,2.8923229418477643,3.119288395561002,0.1269360220262808,0.0217474479956585,0.0247744499267439,0.0016714442600645,0.9757516933994947,1.1378500620926462,0.1153042744619227,0.0764820806883987,0.0945400057495209,0.0096605269175454,2.8120134968799895,3.1527192529929713,0.1993378658398046,0.0520090605283275,0.059787896250541,0.0043607619744009,0.6135770296354334,1.0710742454439843,0.2243813390248576,5.337441155451214,6.989455738598283,0.5676495638734097,3.213663764906906,3.357687456659439,0.1113140907136419,3.5165791507684756,3.990701249158387,0.2058728458819355,40.29020799999999
ziho0512workout,db_biceps_curl,1,1,9.0,2.5,12,41.952512,16.944480000000002,25.008032,3.4960426666666664,1.4120400000000002,2.0840026666666667,0.4027585232793906,0.1989436184858254,0.1240981240981242,0.3571428571428574,-0.0210772833723653,0.0722749461134963,-0.0489924691488279,0.1838748470662756,0.1366314465480906,0.9404107583207364,0.8082608846684359,0.8578272690653086,-0.1421727309346914,0.1006707692307693,0.1464141538461538,-0.0457433846153846,0.0670085766816597,-0.009058734814599,0.0049414010645677,-0.0024411370030323,-0.0300768016079831,0.0777684749051296,0.048914052830768,0.1131675134411984,0.0550783384662869,104.88128,30.0,2.913961546711333,3.214936155479375,0.1488715620102738,0.0223118035167886,0.0327350170083672,0.0036981524875565,0.8550691608978321,1.2088353067652282,0.1421979140562826,0.0774969152275486,0.0955500093550474,0.0125875396475439,2.739106542718831,3.1101260214203204,0.2157381559058394,0.04961679361419,0.0566290695007392,0.0041855586242409,0.5646772764740903,1.0957212309556137,0.2004363746224026,5.507470037831845,6.383293823969652,0.5740725840216292,3.156506148358319,3.4158090887026873,0.1530073041482379,3.7032305425922174,4.352480768405759,0.3743694334562933,82.24271999999999
ziho0512workout,db_biceps_curl,2,2,9.0,2.5,12,39.325888,13.812736,25.513152,3.2771573333333333,1.1510613333333333,2.126096,0.3504934176030184,0.299013164793963,-0.0607734806629832,-0.1741071428571428,-0.0099999999999998,-0.0578773017684846,0.0160345243378546,0.1824289894938275,-0.3128238088755379,0.9192644681231394,0.7504407797180602,0.97856736445064,-0.02143263554936,-0.0420344615384614,-0.0017661538461538,-0.0402683076923076,-0.0481569753609066,-0.0006552786822325,0.00454255793693,-0.0161487540925849,-0.0147886255745456,0.0831872500043565,0.0331206412592268,0.1056472300037704,0.0770098886365462,98.31472,30.0,2.838270686069032,3.0257000949405795,0.0981853808277549,0.0243392260211034,0.0286412118636846,0.0024046947872032,1.05615959838935,1.251359036297898,0.0922732122856742,0.087126199971899,0.1117514852573207,0.0144788939697894,2.8992916226265453,3.2303564045511513,0.2213588712778099,0.0608716112026925,0.0760984019248394,0.0095224294740216,0.4668776112010326,0.7705147652545676,0.1082871848430802,5.4748679305163845,6.030061055558159,0.3308254784493363,3.267637824017415,3.556274124966992,0.1982843269619065,3.646025543886951,3.974613872815765,0.2499231480865574,121.56860799999998
ziho0512workout,db_rdl,0,0,8.0,7.0,12,38.049312,19.139456,18.909856,3.170776,1.5949546666666663,1.5758213333333335,0.500197992604507,0.0857916700511019,-0.1605095541401273,-0.3755458515283842,0.1406727828746179,-0.1346182745846014,0.0653737932578319,-0.087810216327587,0.0891832715920575,0.0479518394780069,-0.7373409675221593,-0.7373409675221593,-1.7373409675221594,-0.268632,-0.3345095384615385,0.0658775384615384,-0.0789348540103193,0.1041306840276603,-0.0489853387089882,0.0006798795112043,-0.4129921486610067,0.09733058724441,0.1574249255953487,0.14191216843032,0.5516544733959269,266.345184,84.0,4.350829586765261,5.747853075162612,0.7153850339370955,0.1099629257782128,0.2496458570098619,0.061415847464305,0.3957711368446359,0.5031288675432015,0.050421493204352,0.0513722376660873,0.0585557203860469,0.005678359879268,3.6093329995721306,4.469110255476191,0.4356633703288152,0.4195244728698622,0.5388607682585432,0.0655959659237505,0.5322342087653449,0.6680489629866773,0.0753745781541996,5.528637178113423,7.39992706171911,1.0040234072942564,4.608446215866329,5.306718629981216,0.4938851733999302,5.160414445633604,6.215821251420413,0.4893804798770007,38.049312
ziho0512workout,db_rdl,2,2,9.0,5.0,12,31.005184,17.321023999999998,13.674976,2.5837653333333335,1.4434186666666664,1.1395813333333331,0.5596362721402331,0.1260974263559379,0.257510729613734,0.0735785953177254,0.5868263473053892,0.0086937826808028,-0.2835076759515504,-0.2525554186623839,0.2117550540251598,0.0622979687598712,-0.7406710077953903,0.3036333289529201,-0.6963666710470799,0.2931815384615386,0.1112676923076922,0.1827969230769231,0.3097973689967372,-0.0698467052873393,-0.02426095781246,0.0071464564960038,-0.3650191310949355,0.1722212541289727,0.0984143968769469,0.1794222617028425,0.5794704904896747,155.02592,60.0,3.6401086844848343,4.274490148081702,0.374168537581539,0.0820777574008665,0.1939159504275301,0.0400239641100963,0.4103413930377094,0.5742896112133389,0.0729965457790727,0.0492197279984033,0.0627375722812978,0.0085153905053077,3.5991836529857033,4.384891431644598,0.3769711223593314,0.3515048686700529,0.4301701180707534,0.0444412636472234,0.6024193939472128,0.8044640890012296,0.0824980988571388,5.33229903623912,6.602877234124275,0.484832462961813,4.196065555331068,4.83781034019691,0.3432216265844663,5.090902955454314,5.870622307980746,0.5234521003260001,69.054496
ziho0512workout,db_shoulder_press,0,0,10.0,2.5,11,34.155296,17.477152,16.66896,3.1050269090909093,1.588832,1.5153599999999998,0.508256374172651,0.0990288259953088,-0.1890812250332889,-0.2022160664819944,-0.1769230769230769,-0.0642937779707664,0.1517888356496287,0.221013218641016,0.8080821781763226,0.1939685038056896,-0.5556332440655544,0.2031156836366979,-0.7968843163633021,-0.4963534545454544,-0.3506618181818182,-0.1465265454545453,-0.0106663080709862,0.2040646468296071,0.0489754376961493,0.0342425767190087,-0.3505743071044854,0.1285713573601145,0.1173998568385914,0.1984320206102389,0.4919243318043894,85.38824,27.5,3.914616209819919,4.947381478577372,0.4820067276834822,0.0564913736781629,0.0708679662780339,0.0069915075923845,1.2736679234795842,1.6691173064497058,0.2408759323020368,0.1224645713329197,0.1648273155782564,0.026673061776387,4.377582623296099,5.280573582394263,0.5298674921102003,0.2742850472831266,0.3220590563207285,0.0406361074066008,0.3993399523557974,0.4789794359671777,0.0489419275357545,5.442200810943776,6.3839848350267285,0.6077646173289143,5.590310100135064,6.68208043632845,0.6163530994642396,4.96018000412131,5.702758003661933,0.4941980453985868,34.155296
ziho0512workout,db_shoulder_press,1,1,10.0,2.5,11,29.030624,14.253568,14.777055999999998,2.6391476363636364,1.295778909090909,1.343368727272727,0.5071295818882227,0.2460762858770954,-0.1858864027538725,-0.0879765395894426,-0.3249999999999999,-0.3083684255228911,-0.0104940320338851,0.5466222885964942,1.0898533032559716,0.1483919093092819,-0.8644630180090188,0.7181124184530612,-0.281887581546939,-0.1039461818181817,0.0930923636363636,-0.1970385454545454,0.015913281650433,0.1179740314716816,0.0560349381940662,0.0460821588703678,0.1617608114506262,0.2208093988287969,0.0832488837982815,0.2911024716769082,0.7651918784931585,72.57656,27.5,3.69889988105773,4.224693804429994,0.3229589601657001,0.0618093170480613,0.0938200751023354,0.0135478614471232,0.9599422135324184,1.2531572900120524,0.2023130563618835,0.1286080797690952,0.2227745387875957,0.0403629703325548,3.7589424654497687,5.469507174797565,0.6758056557042892,0.2981433285033691,0.3964314376762848,0.0562412198880353,0.3757294800338733,0.4770562015830697,0.0742289394807615,5.141180356527608,6.028623103788305,0.5492678008122929,5.169788948524235,6.403380529459381,0.6611284020150017,4.653743747381764,6.355072959395065,0.7496844741079389,63.185919999999996
ziho0512workout,db_shoulder_press,2,2,10.0,2.5,9,24.392704,12.8576,11.535104,2.710300444444444,1.4286222222222222,1.2816782222222225,0.5593032891179388,0.1495702912643997,-0.25,-0.1441717791411044,-0.3706293706293706,-0.7823389593328667,-0.0357075199487959,0.3762573838799072,1.619440589068844,0.4272860453847323,-0.9085605845031784,0.4710033902803249,-0.5289966097196751,-0.3232768,-0.0697984,-0.2534784,-0.1209201296107278,0.4278753143901407,0.0455630737213041,0.0781593609440411,-0.4414632518896362,0.223384549251385,0.0968758268106847,0.4587265366938332,0.6809454295647502,60.981759999999994,22.5,3.6648665730924943,4.421347091048588,0.3765735835789324,0.0560436791911767,0.0841934507390741,0.0126386530845919,1.1984675552432225,1.6617381289041409,0.2450080796488812,0.1382445757098635,0.3167963078754118,0.0714491591663071,4.299161413948387,5.582228662795384,0.9113285388628908,0.218121072194582,0.2904412278232519,0.0360380107298775,0.3484536158301201,0.3915469917463905,0.0386005442881661,5.395315547536481,6.206732213433376,0.5383226282915232,5.4417933403703,6.736240480019329,0.8346835256902475,4.462154185033747,5.425098204418112,0.4067670083875195,87.57862399999999
ziho0512workout,db_squat,0,0,7.0,7.0,12,35.395136,19.148639999999997,16.246496,2.9495946666666666,1.5957199999999998,1.3538746666666668,0.5646759052036033,0.1803685832400624,-0.3127035830618893,-0.1900584795321638,-0.4669117647058823,-0.405605322869736,0.1355998704338131,-0.3545759556634096,-0.3301773322838214,0.0851920806514637,-0.4378540620525825,-0.3244479217228144,-1.324447921722815,-0.4881649230769231,-0.0845987692307692,-0.4035661538461538,-0.4839378881040666,0.2766487813694049,-0.0604888138796458,-0.0467065948818959,-0.3130463037215706,0.2332911256964184,0.1582807484924088,0.3986627261891655,0.4307481265987469,247.765952,84.0,4.200320785297347,5.358743565453338,0.6943922022043721,0.096713855669671,0.2514509385134837,0.0580525706918664,1.7081009967622238,2.318167585997741,0.3627737259384948,0.2043317052152792,0.3166740368830049,0.0482767603283822,3.7195714781469618,5.1258484964003355,0.5035644574590152,0.3408125381531836,0.4741565860603803,0.0675821843828041,0.3687668598244109,0.441744623124978,0.0468799765764138,5.549259001367539,6.43422809718545,0.6406100331676443,5.434854634523103,6.205308984012888,0.4317146363789888,4.719738835367462,5.5190858216263,0.5014390422019548,35.395136
ziho0512workout,db_squat,1,1,8.0,7.0,12,34.651232,18.707808,15.943424,2.8876026666666665,1.558984,1.3286186666666666,0.5365028130476391,0.0835342269853249,0.1793570219966158,0.465034965034965,-0.0885245901639345,0.0467594527490424,-0.1135548607543055,0.1870330182892774,0.0477364814720524,0.152412221821127,-0.446756339111299,0.4396036394918025,-0.5603963605081977,0.2400203076923077,0.268632,-0.0286116923076922,0.1254434448751662,-0.0725745892539589,0.0188927104438694,-0.0125442507031536,-0.4505223935857687,0.1194941470358071,0.0818793767245282,0.1072674536012259,0.4525433627163466,242.558624,84.0,4.205587031072945,4.844221246146872,0.3596627274027927,0.0948944061649672,0.1694186737362043,0.0282029989638622,1.58144642142807,2.1957715594884224,0.2880805899168224,0.1931971891119719,0.2842099236244146,0.0459373808143988,3.6290719211453335,4.0865782509352195,0.2793127192729027,0.2828690087025994,0.3584127562375037,0.053066587452936,0.4391453048552201,0.5565250906555619,0.0507551157257092,5.3874273771158725,6.18469376946863,0.417029547260746,5.636405838756702,6.492319123150168,0.4971370760660582,4.609246583061894,5.535809193654606,0.4498813550201119,70.046368
ziho0512workout,db_squat,2,2,9.0,7.0,12,35.220639999999996,19.846624,15.355648000000002,2.935053333333333,1.6538853333333332,1.2796373333333335,0.5618685072051065,0.1594997810553327,0.1515650741350904,0.0766961651917406,0.2462686567164176,0.1726933610199567,0.0386993948738403,-0.0269661127122675,0.5834502737326546,-0.2046121134141529,-0.7367984747409927,-0.3066385000638483,-1.3066385000638483,0.2131747692307692,0.0838923076923077,0.1303421538461538,-0.3551248818590689,-0.2295921781743872,0.0207887007786272,0.0398247974603295,-0.5336337186303767,0.0979510083219011,0.1620386694236737,0.1806828577798251,0.4767020736597129,246.54447999999996,84.0,4.181217469831444,5.221124289875291,0.7076454279326015,0.0890351922495735,0.1318135724535646,0.0280499503452813,1.303426603866397,2.053544528692931,0.4716166842476291,0.1277381658599767,0.1830914258062562,0.0323435571855417,3.926481175968143,5.333301547750601,0.683970325914449,0.2573949726146886,0.3393372120523569,0.0477284445786541,0.3686698721574465,0.4345957444986481,0.0433028125338026,5.126275436668824,6.407202993734723,0.6884378371536202,5.534161946468541,6.402690673072188,0.4679566031330333,4.6428170700680695,5.646844801507143,0.4700835615161011,105.267008
ziho0512workout,db_triceps_curl,0,0,8.0,1.25,12,36.791104,18.698624,18.09248,3.065925333333333,1.5582186666666669,1.5077066666666663,0.5064252909621434,0.0489495151705437,0.0872483221476509,0.2095588235294119,-0.0154320987654321,0.1837488922564231,0.1159126172960236,0.2500265915052635,-0.1249816951293564,0.3278406741779274,-0.5351051048042981,-0.4551950344859889,-1.455195034485989,0.0413279999999999,0.0586363076923077,-0.0173083076923076,-0.1479075441641275,-0.0735381494151325,0.0101799022558968,-0.0076623341560413,-0.1339509602526268,0.0889522046536714,0.1820089027375477,0.2210349501111991,0.573885364166708,45.988879999999995,15.0,3.4923630966225203,4.905357036294643,0.6639055548228093,0.0498114221552254,0.076972332942931,0.0144533923489734,0.5543170942117039,0.7380280883301538,0.0775271857760925,0.0814247864148144,0.0974848028226965,0.0115053018497729,3.1978311674671063,3.709323906343814,0.2880876634928569,0.0908321096740612,0.111264009580878,0.0133957688254201,0.4172131356821849,0.4659414357067146,0.0310634527254343,6.083878449580304,9.41644327633048,1.2448488340307262,3.736784145013501,4.3442129286365,0.2688162212845233,3.746819113861011,4.418336826538713,0.3251992665366893,36.791104
ziho0512workout,db_triceps_curl,1,1,9.0,1.25,12,39.39936,20.829312,18.570048,3.28328,1.7357760000000002,1.547504,0.5309708474401121,0.1283874714655379,0.4596050269299823,0.4966216216216217,0.4176245210727969,-0.0204739323267857,-0.4656833300583325,0.5076237063397533,-0.0585764430351845,0.4503093943811205,-0.8647486298565824,0.7260371835498767,-0.2739628164501233,0.5143039999999999,0.3422806153846154,0.1720233846153847,0.560406305586527,-0.0078773964797605,0.0267801936754616,-0.002973105520508,0.1903785141635044,0.1512495430572458,0.2181199592787112,0.2392248985782836,0.6354144319102294,49.2492,15.0,3.5099267338993534,5.818827457380195,0.7996275330698339,0.0512181873604878,0.1175760842800875,0.0225893744291813,0.4989648913087667,0.6588329721890582,0.0734333315728525,0.0687937214200491,0.0784546740357816,0.0069868298170185,3.368958861738937,3.888701732906788,0.3251029470640276,0.1096704839976752,0.1541174522644994,0.0205047081221662,0.3779608123035592,0.4623223926797364,0.043759343076814,6.437558139109861,8.264785437860718,0.7160326624097597,4.028363587110972,4.761505679967916,0.3641974403119763,4.1074629808426,5.143505291296824,0.3776422401280111,76.19046399999999
ziho0512workout,db_triceps_curl,2,2,9.0,1.25,12,34.274688,17.183264,17.091424,2.8562239999999997,1.4319386666666667,1.4242853333333334,0.4950081595558764,0.1324117776512443,0.3714821763602252,0.9692307692307692,0.026627218934911,0.1645537371965215,-0.1410986269813365,0.6443348653477545,-0.2498836473640948,0.1702491735149182,-0.4383686537999355,0.212022450746756,-0.7879775492532443,0.4168123076923077,0.3650640000000001,0.0517483076923076,0.0681528171070631,-0.1491059337886825,0.0230501383466732,-0.020149556483781,-0.2522553053941025,0.1246715200308282,0.1297162296729364,0.1800852235348124,0.4328502192111924,42.84336,15.0,3.249569606086237,4.117723607923616,0.4402652838492139,0.0429343956917263,0.0666583095012256,0.009720685964241,0.5139937978393004,0.709473398160146,0.096425193588753,0.0787660980747133,0.1172208901524251,0.0177355888952365,3.4023842944074416,3.8623058518816737,0.2649701314023979,0.1255079584426968,0.1683784833147946,0.0243549411652679,0.434968534412139,0.5151538526530273,0.0591029746971995,6.419465825266463,8.011252187577263,0.7549812871546622,3.870175012467539,4.44515996629465,0.2599143050648911,4.068755969774716,4.359137592060703,0.1838837393826146,110.46515199999999
ziho0512workout,db_weighted_crunch,0,0,6.0,5.0,12,43.192352,21.701792,21.481375999999997,3.5993626666666665,1.808482666666667,1.7901146666666663,0.5033977549860803,0.1002962662405675,-0.0594795539033458,-0.1285046728971962,0.0184696569920843,-0.1050728076630957,-0.042319648312634,-0.2999456938623526,-0.1148642633685265,0.4983350305501746,-0.7935067258287436,-0.7935067258287436,-1.7935067258287436,-0.0407981538461538,-0.0736486153846153,0.0340867692307692,-0.2442774608279856,-0.0554257971324081,-0.0423613170351967,-0.0151707288949712,-0.2074727378651282,0.067864363375899,0.2489046873154457,0.2300736904246658,0.7309043165854683,215.96176,60.0,3.364546741532376,5.45660750722114,0.8746895172227007,0.0490275846524705,0.1226715743775469,0.0337741907390948,1.125173839576587,1.7388621042151706,0.3302281638558695,0.111670262730089,0.1407375154717979,0.0196349481907541,3.898290462076376,4.9778114686703185,0.5338886038095524,0.1607903904653936,0.2693423527235662,0.0561277262388985,0.7754586853885977,1.2350378474193318,0.209486355000655,7.417952539299939,8.539305547756221,0.6576246609790937,4.257225415140593,4.960951156674166,0.3956126090192324,5.510087684759138,7.0810474281213,0.8261991591707681,43.192352
ziho0512workout,db_weighted_crunch,1,1,8.0,5.0,12,42.209664,23.841664,18.368,3.517472,1.9868053333333335,1.5306666666666666,0.5642785503410734,0.1320475020783076,0.2705882352941176,0.2826666666666666,0.2557377049180327,0.384814771177759,0.2512337908351189,-0.4183635974853553,0.1372480834979634,0.3282082858835141,-0.8036390043506528,0.7321808040498947,-0.2678191959501053,0.2765796923076922,0.1056159999999999,0.1709636923076923,-0.4275949895618951,-0.1854560053841445,-0.0308994119732941,0.0115587717289005,-0.1717264743061959,0.0982211514963891,0.2536781515795071,0.2457324751437411,0.6210880269901768,211.04832,60.0,3.974961101314037,6.269047772120734,1.0531984906347682,0.0855737157340365,0.158354079609225,0.0450557827679506,1.3208810151653294,2.1723171339495826,0.3597548166095871,0.1198861000601199,0.1339517091311726,0.0138723273780127,4.127937551428339,5.833120691563018,0.6571240072453974,0.1505931728935914,0.2682346948186099,0.0466796599150844,1.0422636691766525,1.4048859929613062,0.2001498776219741,7.816258797032943,9.992276301625042,1.0706727384611885,4.329019257947172,4.957933575518322,0.2748050716737265,5.628494502400332,6.923748881586534,0.6082434579282529,85.402016
ziho0512workout,db_weighted_crunch,2,2,9.0,5.0,12,42.411712,25.834591999999997,16.57712,3.5343093333333333,2.1528826666666663,1.3814266666666668,0.6050475834260799,0.2293934124661948,0.2714508580343213,0.4373259052924791,0.0602836879432624,0.1611128724477244,-0.0829545234739874,-0.2337889637626851,0.0467668038604998,0.4199893118078746,-0.6932944933726166,-0.5729298077040523,-1.5729298077040523,0.2801119999999999,0.3170246153846153,-0.0369126153846154,-0.0330766349648669,-0.1161921841940025,-0.0149289882428753,0.0018899077760623,-0.4755358821438311,0.1042591136253609,0.1931436651084283,0.1915345265742545,0.6151408587137884,212.05856,60.0,3.705485572377782,5.156113909755733,0.7475149373330551,0.0670077931555904,0.1356376770654117,0.0304758991080448,1.2272572836880358,1.9763086143860769,0.3406104662762053,0.1311301503518948,0.1581225907789849,0.0186406155663256,4.025476787145455,5.575805414044811,0.6570184789562172,0.1275243199325339,0.2110053032279473,0.0293984119325973,1.199635332005403,1.5743350968344103,0.2185233044351948,6.998468550877988,8.468561980351963,0.8564615285783663,4.313769677307372,4.641439160437323,0.2845235293833083,5.351289856160776,6.499916256400008,0.6183198778363418,127.813728
ziho0512workout,one_arm_db_row,0,0,6.0,4.0,12,35.018592,16.834272,18.18432,2.9182159999999997,1.402856,1.51536,0.4809892494145658,0.0866181520158456,0.0117252931323283,0.3346938775510204,-0.2130681818181817,0.0411069286233938,0.0289536394365601,0.085524268767867,-0.4244821291030366,0.3103931016515088,-0.5751699111532413,-0.5751699111532413,-1.5751699111532416,-0.0259624615384615,0.1753790769230769,-0.2013415384615384,-0.3135978220623772,-0.0947059127072915,-0.0028215963850024,-0.0247223398930995,-0.2980293236927521,0.074298503577346,0.1511713716334269,0.1294093352222572,0.4535778530190691,140.074368,48.0,3.782630825230672,5.115964757929711,0.5972522457328729,0.0606402564786399,0.1024811572517026,0.0201333914389212,0.8993821890493622,1.3101598113639423,0.1803155892535861,0.0936069410773082,0.1285835602794733,0.0210231829246147,3.534627665049777,4.290654456375231,0.5110148346360802,0.2817432744027527,0.3296672735315415,0.0333665200648162,2.340019425000901,3.032724091568685,0.3611226874848079,5.775205297046532,6.916093876445394,0.6042370172964991,4.641313962730116,5.688456481702852,0.5753340702784914,4.2977511569415965,4.883237403972751,0.3578626282750129,35.018592
ziho0512workout,one_arm_db_row,1,1,8.0,4.0,12,31.941951999999997,14.244384000000002,17.688384,2.661829333333333,1.187032,1.474032,0.4461099145839646,0.1157892587675012,0.0179211469534048,0.0846153846153845,-0.0402684563758389,0.001151104043513,-0.0203235804972581,0.4564696677586199,0.1191070443476582,-0.1825067910597606,-0.8054973109013857,0.001055235336358,-0.9989447646636422,0.0420344615384614,0.0884843076923076,-0.0469796923076923,0.0088739983925491,-0.0226352347307969,0.0272309366895543,0.0044997380208671,-0.3179694376100396,0.072576274998964,0.0939909857245125,0.1068997527046986,0.5422046553840252,127.767808,48.0,3.628252650861541,4.24293278019614,0.3561869518309492,0.0617237370921466,0.0785109757597994,0.0148010964003778,0.7202982250469914,1.0080098446483132,0.1388587467042082,0.0775581941561738,0.1186102078596281,0.0156913447739513,3.4101172966945654,4.526627601404533,0.5003558893335799,0.2225906702779615,0.3698789179012023,0.0643001268019279,1.3479203670512334,1.6425143858045124,0.1723793850212344,5.589569967554289,7.391890046893566,0.7542149375884932,4.656192008943924,5.317828700113429,0.340549852278158,4.031332873373803,4.551073995989588,0.3148154022863783,66.960544
ziho0512workout,one_arm_db_row,2,2,9.0,4.0,12,32.208287999999996,17.054688,15.1536,2.6840239999999995,1.4212239999999998,1.2628,0.5292150477285756,0.0800455675845687,0.0882352941176469,0.0064308681672025,0.1835205992509361,-0.110208613770341,-0.20474656515602,0.2152138542416486,0.0253192792760215,-0.3126147370932802,-0.8723838632548723,-0.548415164245971,-1.5484151642459714,0.0294947692307691,-0.0231366153846153,0.0526313846153846,0.18105831004231,0.0580596204619957,0.0233223194125384,0.0014275234214542,-0.5408478681554514,0.0681506085154816,0.1262111298800199,0.13616462405797,0.6320502897090581,128.83315199999998,48.0,4.085866101224776,4.898067416188353,0.5386120499371636,0.0873288490948705,0.1085438992017451,0.017281076515397,0.7938130247395213,0.94626104452745,0.0880520071947604,0.0895514689826935,0.1196897496475402,0.0128889673120567,3.506279689870866,4.776117311753243,0.5761950775503454,0.2686966100248851,0.3134571093499592,0.0295961454617084,1.7082347371240327,2.1695348874233167,0.2838474352746756,5.661984411042414,7.096753829271821,0.9666293833825124,5.011534446378945,6.015364022399974,0.527361811763539,4.1412357435390375,4.584100471105188,0.2560328760845541,99.168832
