stage,model_type,fold,train_subjects,val_subject,test_subject,folder,exercise,set_id,borg_true,borg_pred,added_feature,added_feature_family,claim_role
M0_exercise_mean,exercise_mean,1,tsenyu0515workout|yanz0510workout|yoru0511workout|yushuan0513workout|ziho0512workout,hsianshun0514workout,haoyu0512workout,haoyu0512workout,db_bench_press,0,8.0,7.2,,,
M0_exercise_mean,exercise_mean,1,tsenyu0515workout|yanz0510workout|yoru0511workout|yushuan0513workout|ziho0512workout,hsianshun0514workout,haoyu0512workout,haoyu0512workout,db_bench_press,1,9.0,7.2,,,
M0_exercise_mean,exercise_mean,1,tsenyu0515workout|yanz0510workout|yoru0511workout|yushuan0513workout|ziho0512workout,hsianshun0514workout,haoyu0512workout,haoyu0512workout,db_bench_press,2,9.0,7.2,,,
M0_exercise_mean,exercise_mean,1,tsenyu0515workout|yanz0510workout|yoru0511workout|yushuan0513workout|ziho0512workout,hsianshun0514workout,haoyu0512workout,haoyu0512workout,db_biceps_curl,0,9.0,8.4,,,
M0_exercise_mean,exercise_mean,1,tsenyu0515workout|yanz0510workout|yoru0511workout|yushuan0513workout|ziho0512workout,hsianshun0514workout,haoyu0512workout,haoyu0512workout,db_biceps_curl,1,9.0,8.4,,,
M0_exercise_mean,exercise_mean,1,tsenyu0515workout|yanz0510workout|yoru0511workout|yushuan0513workout|ziho0512workout,hsianshun0514workout,haoyu0512workout,haoyu0512workout,db_biceps_curl,3,9.0,8.4,,,
M0_exercise_mean,exercise_mean,1,tsenyu0515workout|yanz0510workout|yoru0511workout|yushuan0513workout|ziho0512workout,hsianshun0514workout,haoyu0512workout,haoyu0512workout,db_rdl,0,9.0,7.285714285714286,,,
M0_exercise_mean,exercise_mean,1,tsenyu0515workout|yanz0510workout|yoru0511workout|yushuan0513workout|ziho0512workout,hsianshun0514workout,haoyu0512workout,haoyu0512workout,db_rdl,1,9.0,7.285714285714286,,,
M0_exercise_mean,exercise_mean,1,tsenyu0515workout|yanz0510workout|yoru0511workout|yushuan0513workout|ziho0512workout,hsianshun0514workout,haoyu0512workout,haoyu0512workout,db_rdl,2,9.0,7.285714285714286,,,
M0_exercise_mean,exercise_mean,1,tsenyu0515workout|yanz0510workout|yoru0511workout|yushuan0513workout|ziho0512workout,hsianshun0514workout,haoyu0512workout,haoyu0512workout,db_shoulder_press,0,7.0,8.666666666666666,,,
M0_exercise_mean,exercise_mean,1,tsenyu0515workout|yanz0510workout|yoru0511workout|yushuan0513workout|ziho0512workout,hsianshun0514workout,haoyu0512workout,haoyu0512workout,db_shoulder_press,1,9.0,8.666666666666666,,,
M0_exercise_mean,exercise_mean,1,tsenyu0515workout|yanz0510workout|yoru0511workout|yushuan0513workout|ziho0512workout,hsianshun0514workout,haoyu0512workout,haoyu0512workout,db_shoulder_press,2,9.0,8.666666666666666,,,
M0_exercise_mean,exercise_mean,1,tsenyu0515workout|yanz0510workout|yoru0511workout|yushuan0513workout|ziho0512workout,hsianshun0514workout,haoyu0512workout,haoyu0512workout,db_squat,0,6.0,6.6,,,
M0_exercise_mean,exercise_mean,1,tsenyu0515workout|yanz0510workout|yoru0511workout|yushuan0513workout|ziho0512workout,hsianshun0514workout,haoyu0512workout,haoyu0512workout,db_squat,1,9.0,6.6,,,
M0_exercise_mean,exercise_mean,1,tsenyu0515workout|yanz0510workout|yoru0511workout|yushuan0513workout|ziho0512workout,hsianshun0514workout,haoyu0512workout,haoyu0512workout,db_squat,2,8.0,6.6,,,
M0_exercise_mean,exercise_mean,1,tsenyu0515workout|yanz0510workout|yoru0511workout|yushuan0513workout|ziho0512workout,hsianshun0514workout,haoyu0512workout,haoyu0512workout,db_triceps_curl,0,7.0,7.0,,,
M0_exercise_mean,exercise_mean,1,tsenyu0515workout|yanz0510workout|yoru0511workout|yushuan0513workout|ziho0512workout,hsianshun0514workout,haoyu0512workout,haoyu0512workout,db_triceps_curl,1,9.0,7.0,,,
M0_exercise_mean,exercise_mean,1,tsenyu0515workout|yanz0510workout|yoru0511workout|yushuan0513workout|ziho0512workout,hsianshun0514workout,haoyu0512workout,haoyu0512workout,db_triceps_curl,2,9.0,7.0,,,
M0_exercise_mean,exercise_mean,1,tsenyu0515workout|yanz0510workout|yoru0511workout|yushuan0513workout|ziho0512workout,hsianshun0514workout,haoyu0512workout,haoyu0512workout,db_weighted_crunch,0,6.0,6.466666666666667,,,
M0_exercise_mean,exercise_mean,1,tsenyu0515workout|yanz0510workout|yoru0511workout|yushuan0513workout|ziho0512workout,hsianshun0514workout,haoyu0512workout,haoyu0512workout,db_weighted_crunch,1,7.0,6.466666666666667,,,
M0_exercise_mean,exercise_mean,1,tsenyu0515workout|yanz0510workout|yoru0511workout|yushuan0513workout|ziho0512workout,hsianshun0514workout,haoyu0512workout,haoyu0512workout,db_weighted_crunch,2,9.0,6.466666666666667,,,
M0_exercise_mean,exercise_mean,1,tsenyu0515workout|yanz0510workout|yoru0511workout|yushuan0513workout|ziho0512workout,hsianshun0514workout,haoyu0512workout,haoyu0512workout,one_arm_db_row,0,9.0,7.533333333333333,,,
M0_exercise_mean,exercise_mean,1,tsenyu0515workout|yanz0510workout|yoru0511workout|yushuan0513workout|ziho0512workout,hsianshun0514workout,haoyu0512workout,haoyu0512workout,one_arm_db_row,1,9.0,7.533333333333333,,,
M0_exercise_mean,exercise_mean,1,tsenyu0515workout|yanz0510workout|yoru0511workout|yushuan0513workout|ziho0512workout,hsianshun0514workout,haoyu0512workout,haoyu0512workout,one_arm_db_row,2,9.0,7.533333333333333,,,
M0_exercise_mean,exercise_mean,2,haoyu0512workout|yanz0510workout|yoru0511workout|yushuan0513workout|ziho0512workout,tsenyu0515workout,hsianshun0514workout,hsianshun0514workout,db_bench_press,0,4.0,7.8,,,
M0_exercise_mean,exercise_mean,2,haoyu0512workout|yanz0510workout|yoru0511workout|yushuan0513workout|ziho0512workout,tsenyu0515workout,hsianshun0514workout,hsianshun0514workout,db_bench_press,1,6.0,7.8,,,
M0_exercise_mean,exercise_mean,2,haoyu0512workout|yanz0510workout|yoru0511workout|yushuan0513workout|ziho0512workout,tsenyu0515workout,hsianshun0514workout,hsianshun0514workout,db_bench_press,2,7.0,7.8,,,
M0_exercise_mean,exercise_mean,2,haoyu0512workout|yanz0510workout|yoru0511workout|yushuan0513workout|ziho0512workout,tsenyu0515workout,hsianshun0514workout,hsianshun0514workout,db_biceps_curl,0,9.0,8.6,,,
M0_exercise_mean,exercise_mean,2,haoyu0512workout|yanz0510workout|yoru0511workout|yushuan0513workout|ziho0512workout,tsenyu0515workout,hsianshun0514workout,hsianshun0514workout,db_biceps_curl,1,10.0,8.6,,,
M0_exercise_mean,exercise_mean,2,haoyu0512workout|yanz0510workout|yoru0511workout|yushuan0513workout|ziho0512workout,tsenyu0515workout,hsianshun0514workout,hsianshun0514workout,db_biceps_curl,2,10.0,8.6,,,
M0_exercise_mean,exercise_mean,2,haoyu0512workout|yanz0510workout|yoru0511workout|yushuan0513workout|ziho0512workout,tsenyu0515workout,hsianshun0514workout,hsianshun0514workout,db_rdl,0,4.0,7.642857142857143,,,
M0_exercise_mean,exercise_mean,2,haoyu0512workout|yanz0510workout|yoru0511workout|yushuan0513workout|ziho0512workout,tsenyu0515workout,hsianshun0514workout,hsianshun0514workout,db_rdl,1,6.0,7.642857142857143,,,
M0_exercise_mean,exercise_mean,2,haoyu0512workout|yanz0510workout|yoru0511workout|yushuan0513workout|ziho0512workout,tsenyu0515workout,hsianshun0514workout,hsianshun0514workout,db_rdl,2,8.0,7.642857142857143,,,
M0_exercise_mean,exercise_mean,2,haoyu0512workout|yanz0510workout|yoru0511workout|yushuan0513workout|ziho0512workout,tsenyu0515workout,hsianshun0514workout,hsianshun0514workout,db_shoulder_press,1,9.0,8.866666666666667,,,
M0_exercise_mean,exercise_mean,2,haoyu0512workout|yanz0510workout|yoru0511workout|yushuan0513workout|ziho0512workout,tsenyu0515workout,hsianshun0514workout,hsianshun0514workout,db_shoulder_press,2,10.0,8.866666666666667,,,
M0_exercise_mean,exercise_mean,2,haoyu0512workout|yanz0510workout|yoru0511workout|yushuan0513workout|ziho0512workout,tsenyu0515workout,hsianshun0514workout,hsianshun0514workout,db_shoulder_press,3,10.0,8.866666666666667,,,
M0_exercise_mean,exercise_mean,2,haoyu0512workout|yanz0510workout|yoru0511workout|yushuan0513workout|ziho0512workout,tsenyu0515workout,hsianshun0514workout,hsianshun0514workout,db_squat,0,4.0,7.133333333333334,,,
M0_exercise_mean,exercise_mean,2,haoyu0512workout|yanz0510workout|yoru0511workout|yushuan0513workout|ziho0512workout,tsenyu0515workout,hsianshun0514workout,hsianshun0514workout,db_squat,1,6.0,7.133333333333334,,,
M0_exercise_mean,exercise_mean,2,haoyu0512workout|yanz0510workout|yoru0511workout|yushuan0513workout|ziho0512workout,tsenyu0515workout,hsianshun0514workout,hsianshun0514workout,db_squat,2,7.0,7.133333333333334,,,
M0_exercise_mean,exercise_mean,2,haoyu0512workout|yanz0510workout|yoru0511workout|yushuan0513workout|ziho0512workout,tsenyu0515workout,hsianshun0514workout,hsianshun0514workout,db_triceps_curl,0,4.0,7.533333333333333,,,
M0_exercise_mean,exercise_mean,2,haoyu0512workout|yanz0510workout|yoru0511workout|yushuan0513workout|ziho0512workout,tsenyu0515workout,hsianshun0514workout,hsianshun0514workout,db_triceps_curl,1,7.0,7.533333333333333,,,
M0_exercise_mean,exercise_mean,2,haoyu0512workout|yanz0510workout|yoru0511workout|yushuan0513workout|ziho0512workout,tsenyu0515workout,hsianshun0514workout,hsianshun0514workout,db_triceps_curl,2,8.0,7.533333333333333,,,
M0_exercise_mean,exercise_mean,2,haoyu0512workout|yanz0510workout|yoru0511workout|yushuan0513workout|ziho0512workout,tsenyu0515workout,hsianshun0514workout,hsianshun0514workout,db_weighted_crunch,0,5.0,6.933333333333334,,,
M0_exercise_mean,exercise_mean,2,haoyu0512workout|yanz0510workout|yoru0511workout|yushuan0513workout|ziho0512workout,tsenyu0515workout,hsianshun0514workout,hsianshun0514workout,db_weighted_crunch,2,7.0,6.933333333333334,,,
M0_exercise_mean,exercise_mean,2,haoyu0512workout|yanz0510workout|yoru0511workout|yushuan0513workout|ziho0512workout,tsenyu0515workout,hsianshun0514workout,hsianshun0514workout,db_weighted_crunch,3,7.0,6.933333333333334,,,
M0_exercise_mean,exercise_mean,2,haoyu0512workout|yanz0510workout|yoru0511workout|yushuan0513workout|ziho0512workout,tsenyu0515workout,hsianshun0514workout,hsianshun0514workout,one_arm_db_row,1,7.0,7.866666666666666,,,
M0_exercise_mean,exercise_mean,2,haoyu0512workout|yanz0510workout|yoru0511workout|yushuan0513workout|ziho0512workout,tsenyu0515workout,hsianshun0514workout,hsianshun0514workout,one_arm_db_row,2,8.0,7.866666666666666,,,
M0_exercise_mean,exercise_mean,3,haoyu0512workout|hsianshun0514workout|yoru0511workout|yushuan0513workout|ziho0512workout,yanz0510workout,tsenyu0515workout,tsenyu0515workout,db_bench_press,0,3.0,7.6,,,
M0_exercise_mean,exercise_mean,3,haoyu0512workout|hsianshun0514workout|yoru0511workout|yushuan0513workout|ziho0512workout,yanz0510workout,tsenyu0515workout,tsenyu0515workout,db_bench_press,1,6.0,7.6,,,
M0_exercise_mean,exercise_mean,3,haoyu0512workout|hsianshun0514workout|yoru0511workout|yushuan0513workout|ziho0512workout,yanz0510workout,tsenyu0515workout,tsenyu0515workout,db_bench_press,2,8.0,7.6,,,
M0_exercise_mean,exercise_mean,3,haoyu0512workout|hsianshun0514workout|yoru0511workout|yushuan0513workout|ziho0512workout,yanz0510workout,tsenyu0515workout,tsenyu0515workout,db_biceps_curl,0,6.0,8.8,,,
M0_exercise_mean,exercise_mean,3,haoyu0512workout|hsianshun0514workout|yoru0511workout|yushuan0513workout|ziho0512workout,yanz0510workout,tsenyu0515workout,tsenyu0515workout,db_biceps_curl,1,9.0,8.8,,,
M0_exercise_mean,exercise_mean,3,haoyu0512workout|hsianshun0514workout|yoru0511workout|yushuan0513workout|ziho0512workout,yanz0510workout,tsenyu0515workout,tsenyu0515workout,db_biceps_curl,2,9.0,8.8,,,
M0_exercise_mean,exercise_mean,3,haoyu0512workout|hsianshun0514workout|yoru0511workout|yushuan0513workout|ziho0512workout,yanz0510workout,tsenyu0515workout,tsenyu0515workout,db_rdl,0,6.0,7.357142857142857,,,
M0_exercise_mean,exercise_mean,3,haoyu0512workout|hsianshun0514workout|yoru0511workout|yushuan0513workout|ziho0512workout,yanz0510workout,tsenyu0515workout,tsenyu0515workout,db_rdl,1,10.0,7.357142857142857,,,
M0_exercise_mean,exercise_mean,3,haoyu0512workout|hsianshun0514workout|yoru0511workout|yushuan0513workout|ziho0512workout,yanz0510workout,tsenyu0515workout,tsenyu0515workout,db_rdl,2,6.0,7.357142857142857,,,
M0_exercise_mean,exercise_mean,3,haoyu0512workout|hsianshun0514workout|yoru0511workout|yushuan0513workout|ziho0512workout,yanz0510workout,tsenyu0515workout,tsenyu0515workout,db_shoulder_press,0,5.0,9.0,,,
M0_exercise_mean,exercise_mean,3,haoyu0512workout|hsianshun0514workout|yoru0511workout|yushuan0513workout|ziho0512workout,yanz0510workout,tsenyu0515workout,tsenyu0515workout,db_shoulder_press,1,8.0,9.0,,,
M0_exercise_mean,exercise_mean,3,haoyu0512workout|hsianshun0514workout|yoru0511workout|yushuan0513workout|ziho0512workout,yanz0510workout,tsenyu0515workout,tsenyu0515workout,db_shoulder_press,2,9.0,9.0,,,
M0_exercise_mean,exercise_mean,3,haoyu0512workout|hsianshun0514workout|yoru0511workout|yushuan0513workout|ziho0512workout,yanz0510workout,tsenyu0515workout,tsenyu0515workout,db_squat,1,4.0,6.666666666666667,,,
M0_exercise_mean,exercise_mean,3,haoyu0512workout|hsianshun0514workout|yoru0511workout|yushuan0513workout|ziho0512workout,yanz0510workout,tsenyu0515workout,tsenyu0515workout,db_squat,2,6.0,6.666666666666667,,,
M0_exercise_mean,exercise_mean,3,haoyu0512workout|hsianshun0514workout|yoru0511workout|yushuan0513workout|ziho0512workout,yanz0510workout,tsenyu0515workout,tsenyu0515workout,db_squat,3,5.0,6.666666666666667,,,
M0_exercise_mean,exercise_mean,3,haoyu0512workout|hsianshun0514workout|yoru0511workout|yushuan0513workout|ziho0512workout,yanz0510workout,tsenyu0515workout,tsenyu0515workout,db_triceps_curl,0,4.0,7.2,,,
M0_exercise_mean,exercise_mean,3,haoyu0512workout|hsianshun0514workout|yoru0511workout|yushuan0513workout|ziho0512workout,yanz0510workout,tsenyu0515workout,tsenyu0515workout,db_triceps_curl,1,6.0,7.2,,,
M0_exercise_mean,exercise_mean,3,haoyu0512workout|hsianshun0514workout|yoru0511workout|yushuan0513workout|ziho0512workout,yanz0510workout,tsenyu0515workout,tsenyu0515workout,db_triceps_curl,2,7.0,7.2,,,
M0_exercise_mean,exercise_mean,3,haoyu0512workout|hsianshun0514workout|yoru0511workout|yushuan0513workout|ziho0512workout,yanz0510workout,tsenyu0515workout,tsenyu0515workout,db_weighted_crunch,0,3.0,6.8,,,
M0_exercise_mean,exercise_mean,3,haoyu0512workout|hsianshun0514workout|yoru0511workout|yushuan0513workout|ziho0512workout,yanz0510workout,tsenyu0515workout,tsenyu0515workout,db_weighted_crunch,1,5.0,6.8,,,
M0_exercise_mean,exercise_mean,3,haoyu0512workout|hsianshun0514workout|yoru0511workout|yushuan0513workout|ziho0512workout,yanz0510workout,tsenyu0515workout,tsenyu0515workout,db_weighted_crunch,2,7.0,6.8,,,
M0_exercise_mean,exercise_mean,3,haoyu0512workout|hsianshun0514workout|yoru0511workout|yushuan0513workout|ziho0512workout,yanz0510workout,tsenyu0515workout,tsenyu0515workout,one_arm_db_row,0,5.0,7.928571428571429,,,
M0_exercise_mean,exercise_mean,3,haoyu0512workout|hsianshun0514workout|yoru0511workout|yushuan0513workout|ziho0512workout,yanz0510workout,tsenyu0515workout,tsenyu0515workout,one_arm_db_row,1,8.0,7.928571428571429,,,
M0_exercise_mean,exercise_mean,3,haoyu0512workout|hsianshun0514workout|yoru0511workout|yushuan0513workout|ziho0512workout,yanz0510workout,tsenyu0515workout,tsenyu0515workout,one_arm_db_row,2,9.0,7.928571428571429,,,
M0_exercise_mean,exercise_mean,4,haoyu0512workout|hsianshun0514workout|tsenyu0515workout|yushuan0513workout|ziho0512workout,yoru0511workout,yanz0510workout,yanz0510workout,db_bench_press,2,5.0,7.733333333333333,,,
M0_exercise_mean,exercise_mean,4,haoyu0512workout|hsianshun0514workout|tsenyu0515workout|yushuan0513workout|ziho0512workout,yoru0511workout,yanz0510workout,yanz0510workout,db_bench_press,3,7.0,7.733333333333333,,,
M0_exercise_mean,exercise_mean,4,haoyu0512workout|hsianshun0514workout|tsenyu0515workout|yushuan0513workout|ziho0512workout,yoru0511workout,yanz0510workout,yanz0510workout,db_bench_press,4,8.0,7.733333333333333,,,
M0_exercise_mean,exercise_mean,4,haoyu0512workout|hsianshun0514workout|tsenyu0515workout|yushuan0513workout|ziho0512workout,yoru0511workout,yanz0510workout,yanz0510workout,db_biceps_curl,0,7.0,8.866666666666667,,,
M0_exercise_mean,exercise_mean,4,haoyu0512workout|hsianshun0514workout|tsenyu0515workout|yushuan0513workout|ziho0512workout,yoru0511workout,yanz0510workout,yanz0510workout,db_biceps_curl,1,9.0,8.866666666666667,,,
M0_exercise_mean,exercise_mean,4,haoyu0512workout|hsianshun0514workout|tsenyu0515workout|yushuan0513workout|ziho0512workout,yoru0511workout,yanz0510workout,yanz0510workout,db_biceps_curl,2,10.0,8.866666666666667,,,
M0_exercise_mean,exercise_mean,4,haoyu0512workout|hsianshun0514workout|tsenyu0515workout|yushuan0513workout|ziho0512workout,yoru0511workout,yanz0510workout,yanz0510workout,db_rdl,0,5.0,7.571428571428571,,,
M0_exercise_mean,exercise_mean,4,haoyu0512workout|hsianshun0514workout|tsenyu0515workout|yushuan0513workout|ziho0512workout,yoru0511workout,yanz0510workout,yanz0510workout,db_rdl,1,8.0,7.571428571428571,,,
M0_exercise_mean,exercise_mean,4,haoyu0512workout|hsianshun0514workout|tsenyu0515workout|yushuan0513workout|ziho0512workout,yoru0511workout,yanz0510workout,yanz0510workout,db_rdl,2,9.0,7.571428571428571,,,
M0_exercise_mean,exercise_mean,4,haoyu0512workout|hsianshun0514workout|tsenyu0515workout|yushuan0513workout|ziho0512workout,yoru0511workout,yanz0510workout,yanz0510workout,db_shoulder_press,1,7.0,8.866666666666667,,,
M0_exercise_mean,exercise_mean,4,haoyu0512workout|hsianshun0514workout|tsenyu0515workout|yushuan0513workout|ziho0512workout,yoru0511workout,yanz0510workout,yanz0510workout,db_shoulder_press,2,10.0,8.866666666666667,,,
M0_exercise_mean,exercise_mean,4,haoyu0512workout|hsianshun0514workout|tsenyu0515workout|yushuan0513workout|ziho0512workout,yoru0511workout,yanz0510workout,yanz0510workout,db_shoulder_press,3,10.0,8.866666666666667,,,
M0_exercise_mean,exercise_mean,4,haoyu0512workout|hsianshun0514workout|tsenyu0515workout|yushuan0513workout|ziho0512workout,yoru0511workout,yanz0510workout,yanz0510workout,db_squat,0,7.0,6.666666666666667,,,
M0_exercise_mean,exercise_mean,4,haoyu0512workout|hsianshun0514workout|tsenyu0515workout|yushuan0513workout|ziho0512workout,yoru0511workout,yanz0510workout,yanz0510workout,db_squat,1,8.0,6.666666666666667,,,
M0_exercise_mean,exercise_mean,4,haoyu0512workout|hsianshun0514workout|tsenyu0515workout|yushuan0513workout|ziho0512workout,yoru0511workout,yanz0510workout,yanz0510workout,db_squat,2,9.0,6.666666666666667,,,
M0_exercise_mean,exercise_mean,4,haoyu0512workout|hsianshun0514workout|tsenyu0515workout|yushuan0513workout|ziho0512workout,yoru0511workout,yanz0510workout,yanz0510workout,db_triceps_curl,0,7.0,7.266666666666667,,,
M0_exercise_mean,exercise_mean,4,haoyu0512workout|hsianshun0514workout|tsenyu0515workout|yushuan0513workout|ziho0512workout,yoru0511workout,yanz0510workout,yanz0510workout,db_triceps_curl,2,8.0,7.266666666666667,,,
M0_exercise_mean,exercise_mean,4,haoyu0512workout|hsianshun0514workout|tsenyu0515workout|yushuan0513workout|ziho0512workout,yoru0511workout,yanz0510workout,yanz0510workout,db_triceps_curl,4,9.0,7.266666666666667,,,
M0_exercise_mean,exercise_mean,4,haoyu0512workout|hsianshun0514workout|tsenyu0515workout|yushuan0513workout|ziho0512workout,yoru0511workout,yanz0510workout,yanz0510workout,db_weighted_crunch,0,6.0,6.466666666666667,,,
M0_exercise_mean,exercise_mean,4,haoyu0512workout|hsianshun0514workout|tsenyu0515workout|yushuan0513workout|ziho0512workout,yoru0511workout,yanz0510workout,yanz0510workout,db_weighted_crunch,2,7.0,6.466666666666667,,,
M0_exercise_mean,exercise_mean,4,haoyu0512workout|hsianshun0514workout|tsenyu0515workout|yushuan0513workout|ziho0512workout,yoru0511workout,yanz0510workout,yanz0510workout,db_weighted_crunch,3,8.0,6.466666666666667,,,
M0_exercise_mean,exercise_mean,4,haoyu0512workout|hsianshun0514workout|tsenyu0515workout|yushuan0513workout|ziho0512workout,yoru0511workout,yanz0510workout,yanz0510workout,one_arm_db_row,0,6.0,8.071428571428571,,,
M0_exercise_mean,exercise_mean,4,haoyu0512workout|hsianshun0514workout|tsenyu0515workout|yushuan0513workout|ziho0512workout,yoru0511workout,yanz0510workout,yanz0510workout,one_arm_db_row,1,7.0,8.071428571428571,,,
M0_exercise_mean,exercise_mean,4,haoyu0512workout|hsianshun0514workout|tsenyu0515workout|yushuan0513workout|ziho0512workout,yoru0511workout,yanz0510workout,yanz0510workout,one_arm_db_row,2,9.0,8.071428571428571,,,
M0_exercise_mean,exercise_mean,5,haoyu0512workout|hsianshun0514workout|tsenyu0515workout|yanz0510workout|ziho0512workout,yushuan0513workout,yoru0511workout,yoru0511workout,db_bench_press,0,3.0,7.133333333333334,,,
M0_exercise_mean,exercise_mean,5,haoyu0512workout|hsianshun0514workout|tsenyu0515workout|yanz0510workout|ziho0512workout,yushuan0513workout,yoru0511workout,yoru0511workout,db_bench_press,4,5.0,7.133333333333334,,,
M0_exercise_mean,exercise_mean,5,haoyu0512workout|hsianshun0514workout|tsenyu0515workout|yanz0510workout|ziho0512workout,yushuan0513workout,yoru0511workout,yoru0511workout,db_bench_press,5,7.0,7.133333333333334,,,
M0_exercise_mean,exercise_mean,5,haoyu0512workout|hsianshun0514workout|tsenyu0515workout|yanz0510workout|ziho0512workout,yushuan0513workout,yoru0511workout,yoru0511workout,db_biceps_curl,0,6.0,8.866666666666667,,,
M0_exercise_mean,exercise_mean,5,haoyu0512workout|hsianshun0514workout|tsenyu0515workout|yanz0510workout|ziho0512workout,yushuan0513workout,yoru0511workout,yoru0511workout,db_biceps_curl,1,8.0,8.866666666666667,,,
M0_exercise_mean,exercise_mean,5,haoyu0512workout|hsianshun0514workout|tsenyu0515workout|yanz0510workout|ziho0512workout,yushuan0513workout,yoru0511workout,yoru0511workout,db_biceps_curl,2,9.0,8.866666666666667,,,
M0_exercise_mean,exercise_mean,5,haoyu0512workout|hsianshun0514workout|tsenyu0515workout|yanz0510workout|ziho0512workout,yushuan0513workout,yoru0511workout,yoru0511workout,db_rdl,0,6.0,7.571428571428571,,,
M0_exercise_mean,exercise_mean,5,haoyu0512workout|hsianshun0514workout|tsenyu0515workout|yanz0510workout|ziho0512workout,yushuan0513workout,yoru0511workout,yoru0511workout,db_rdl,1,6.0,7.571428571428571,,,
M0_exercise_mean,exercise_mean,5,haoyu0512workout|hsianshun0514workout|tsenyu0515workout|yanz0510workout|ziho0512workout,yushuan0513workout,yoru0511workout,yoru0511workout,db_rdl,2,7.0,7.571428571428571,,,
M0_exercise_mean,exercise_mean,5,haoyu0512workout|hsianshun0514workout|tsenyu0515workout|yanz0510workout|ziho0512workout,yushuan0513workout,yoru0511workout,yoru0511workout,db_shoulder_press,0,7.0,8.866666666666667,,,
M0_exercise_mean,exercise_mean,5,haoyu0512workout|hsianshun0514workout|tsenyu0515workout|yanz0510workout|ziho0512workout,yushuan0513workout,yoru0511workout,yoru0511workout,db_shoulder_press,1,8.0,8.866666666666667,,,
M0_exercise_mean,exercise_mean,5,haoyu0512workout|hsianshun0514workout|tsenyu0515workout|yanz0510workout|ziho0512workout,yushuan0513workout,yoru0511workout,yoru0511workout,db_shoulder_press,2,9.0,8.866666666666667,,,
M0_exercise_mean,exercise_mean,5,haoyu0512workout|hsianshun0514workout|tsenyu0515workout|yanz0510workout|ziho0512workout,yushuan0513workout,yoru0511workout,yoru0511workout,db_squat,0,4.0,6.866666666666666,,,
M0_exercise_mean,exercise_mean,5,haoyu0512workout|hsianshun0514workout|tsenyu0515workout|yanz0510workout|ziho0512workout,yushuan0513workout,yoru0511workout,yoru0511workout,db_squat,1,5.0,6.866666666666666,,,
M0_exercise_mean,exercise_mean,5,haoyu0512workout|hsianshun0514workout|tsenyu0515workout|yanz0510workout|ziho0512workout,yushuan0513workout,yoru0511workout,yoru0511workout,db_squat,2,6.0,6.866666666666666,,,
M0_exercise_mean,exercise_mean,5,haoyu0512workout|hsianshun0514workout|tsenyu0515workout|yanz0510workout|ziho0512workout,yushuan0513workout,yoru0511workout,yoru0511workout,db_triceps_curl,0,5.0,7.4,,,
M0_exercise_mean,exercise_mean,5,haoyu0512workout|hsianshun0514workout|tsenyu0515workout|yanz0510workout|ziho0512workout,yushuan0513workout,yoru0511workout,yoru0511workout,db_triceps_curl,1,5.0,7.4,,,
M0_exercise_mean,exercise_mean,5,haoyu0512workout|hsianshun0514workout|tsenyu0515workout|yanz0510workout|ziho0512workout,yushuan0513workout,yoru0511workout,yoru0511workout,db_triceps_curl,2,6.0,7.4,,,
M0_exercise_mean,exercise_mean,5,haoyu0512workout|hsianshun0514workout|tsenyu0515workout|yanz0510workout|ziho0512workout,yushuan0513workout,yoru0511workout,yoru0511workout,db_weighted_crunch,0,6.0,6.666666666666667,,,
M0_exercise_mean,exercise_mean,5,haoyu0512workout|hsianshun0514workout|tsenyu0515workout|yanz0510workout|ziho0512workout,yushuan0513workout,yoru0511workout,yoru0511workout,db_weighted_crunch,1,7.0,6.666666666666667,,,
M0_exercise_mean,exercise_mean,5,haoyu0512workout|hsianshun0514workout|tsenyu0515workout|yanz0510workout|ziho0512workout,yushuan0513workout,yoru0511workout,yoru0511workout,db_weighted_crunch,2,7.0,6.666666666666667,,,
M0_exercise_mean,exercise_mean,5,haoyu0512workout|hsianshun0514workout|tsenyu0515workout|yanz0510workout|ziho0512workout,yushuan0513workout,yoru0511workout,yoru0511workout,one_arm_db_row,0,5.0,7.785714285714286,,,
M0_exercise_mean,exercise_mean,5,haoyu0512workout|hsianshun0514workout|tsenyu0515workout|yanz0510workout|ziho0512workout,yushuan0513workout,yoru0511workout,yoru0511workout,one_arm_db_row,2,7.0,7.785714285714286,,,
M0_exercise_mean,exercise_mean,5,haoyu0512workout|hsianshun0514workout|tsenyu0515workout|yanz0510workout|ziho0512workout,yushuan0513workout,yoru0511workout,yoru0511workout,one_arm_db_row,3,8.0,7.785714285714286,,,
M0_exercise_mean,exercise_mean,6,haoyu0512workout|hsianshun0514workout|tsenyu0515workout|yanz0510workout|yoru0511workout,ziho0512workout,yushuan0513workout,yushuan0513workout,db_bench_press,0,9.0,6.333333333333333,,,
M0_exercise_mean,exercise_mean,6,haoyu0512workout|hsianshun0514workout|tsenyu0515workout|yanz0510workout|yoru0511workout,ziho0512workout,yushuan0513workout,yushuan0513workout,db_bench_press,1,10.0,6.333333333333333,,,
M0_exercise_mean,exercise_mean,6,haoyu0512workout|hsianshun0514workout|tsenyu0515workout|yanz0510workout|yoru0511workout,ziho0512workout,yushuan0513workout,yushuan0513workout,db_bench_press,3,10.0,6.333333333333333,,,
M0_exercise_mean,exercise_mean,6,haoyu0512workout|hsianshun0514workout|tsenyu0515workout|yanz0510workout|yoru0511workout,ziho0512workout,yushuan0513workout,yushuan0513workout,db_biceps_curl,0,7.0,8.6,,,
M0_exercise_mean,exercise_mean,6,haoyu0512workout|hsianshun0514workout|tsenyu0515workout|yanz0510workout|yoru0511workout,ziho0512workout,yushuan0513workout,yushuan0513workout,db_biceps_curl,1,9.0,8.6,,,
M0_exercise_mean,exercise_mean,6,haoyu0512workout|hsianshun0514workout|tsenyu0515workout|yanz0510workout|yoru0511workout,ziho0512workout,yushuan0513workout,yushuan0513workout,db_biceps_curl,2,10.0,8.6,,,
M0_exercise_mean,exercise_mean,6,haoyu0512workout|hsianshun0514workout|tsenyu0515workout|yanz0510workout|yoru0511workout,ziho0512workout,yushuan0513workout,yushuan0513workout,db_rdl,0,6.0,7.2,,,
M0_exercise_mean,exercise_mean,6,haoyu0512workout|hsianshun0514workout|tsenyu0515workout|yanz0510workout|yoru0511workout,ziho0512workout,yushuan0513workout,yushuan0513workout,db_rdl,1,8.0,7.2,,,
M0_exercise_mean,exercise_mean,6,haoyu0512workout|hsianshun0514workout|tsenyu0515workout|yanz0510workout|yoru0511workout,ziho0512workout,yushuan0513workout,yushuan0513workout,db_rdl,2,8.0,7.2,,,
M0_exercise_mean,exercise_mean,6,haoyu0512workout|hsianshun0514workout|tsenyu0515workout|yanz0510workout|yoru0511workout,ziho0512workout,yushuan0513workout,yushuan0513workout,db_shoulder_press,0,8.0,8.466666666666667,,,
M0_exercise_mean,exercise_mean,6,haoyu0512workout|hsianshun0514workout|tsenyu0515workout|yanz0510workout|yoru0511workout,ziho0512workout,yushuan0513workout,yushuan0513workout,db_shoulder_press,1,9.0,8.466666666666667,,,
M0_exercise_mean,exercise_mean,6,haoyu0512workout|hsianshun0514workout|tsenyu0515workout|yanz0510workout|yoru0511workout,ziho0512workout,yushuan0513workout,yushuan0513workout,db_shoulder_press,2,10.0,8.466666666666667,,,
M0_exercise_mean,exercise_mean,6,haoyu0512workout|hsianshun0514workout|tsenyu0515workout|yanz0510workout|yoru0511workout,ziho0512workout,yushuan0513workout,yushuan0513workout,db_squat,0,6.0,6.266666666666667,,,
M0_exercise_mean,exercise_mean,6,haoyu0512workout|hsianshun0514workout|tsenyu0515workout|yanz0510workout|yoru0511workout,ziho0512workout,yushuan0513workout,yushuan0513workout,db_squat,1,7.0,6.266666666666667,,,
M0_exercise_mean,exercise_mean,6,haoyu0512workout|hsianshun0514workout|tsenyu0515workout|yanz0510workout|yoru0511workout,ziho0512workout,yushuan0513workout,yushuan0513workout,db_squat,2,8.0,6.266666666666667,,,
M0_exercise_mean,exercise_mean,6,haoyu0512workout|hsianshun0514workout|tsenyu0515workout|yanz0510workout|yoru0511workout,ziho0512workout,yushuan0513workout,yushuan0513workout,db_triceps_curl,0,6.0,6.733333333333333,,,
M0_exercise_mean,exercise_mean,6,haoyu0512workout|hsianshun0514workout|tsenyu0515workout|yanz0510workout|yoru0511workout,ziho0512workout,yushuan0513workout,yushuan0513workout,db_triceps_curl,1,7.0,6.733333333333333,,,
M0_exercise_mean,exercise_mean,6,haoyu0512workout|hsianshun0514workout|tsenyu0515workout|yanz0510workout|yoru0511workout,ziho0512workout,yushuan0513workout,yushuan0513workout,db_triceps_curl,2,9.0,6.733333333333333,,,
M0_exercise_mean,exercise_mean,6,haoyu0512workout|hsianshun0514workout|tsenyu0515workout|yanz0510workout|yoru0511workout,ziho0512workout,yushuan0513workout,yushuan0513workout,db_weighted_crunch,0,5.0,6.466666666666667,,,
M0_exercise_mean,exercise_mean,6,haoyu0512workout|hsianshun0514workout|tsenyu0515workout|yanz0510workout|yoru0511workout,ziho0512workout,yushuan0513workout,yushuan0513workout,db_weighted_crunch,1,6.0,6.466666666666667,,,
M0_exercise_mean,exercise_mean,6,haoyu0512workout|hsianshun0514workout|tsenyu0515workout|yanz0510workout|yoru0511workout,ziho0512workout,yushuan0513workout,yushuan0513workout,db_weighted_crunch,2,7.0,6.466666666666667,,,
M0_exercise_mean,exercise_mean,6,haoyu0512workout|hsianshun0514workout|tsenyu0515workout|yanz0510workout|yoru0511workout,ziho0512workout,yushuan0513workout,yushuan0513workout,one_arm_db_row,0,9.0,7.571428571428571,,,
M0_exercise_mean,exercise_mean,6,haoyu0512workout|hsianshun0514workout|tsenyu0515workout|yanz0510workout|yoru0511workout,ziho0512workout,yushuan0513workout,yushuan0513workout,one_arm_db_row,1,8.0,7.571428571428571,,,
M0_exercise_mean,exercise_mean,6,haoyu0512workout|hsianshun0514workout|tsenyu0515workout|yanz0510workout|yoru0511workout,ziho0512workout,yushuan0513workout,yushuan0513workout,one_arm_db_row,2,9.0,7.571428571428571,,,
M0_exercise_mean,exercise_mean,7,hsianshun0514workout|tsenyu0515workout|yanz0510workout|yoru0511workout|yushuan0513workout,haoyu0512workout,ziho0512workout,ziho0512workout,db_bench_press,1,8.0,6.533333333333333,,,
M0_exercise_mean,exercise_mean,7,hsianshun0514workout|tsenyu0515workout|yanz0510workout|yoru0511workout|yushuan0513workout,haoyu0512workout,ziho0512workout,ziho0512workout,db_bench_press,2,9.0,6.533333333333333,,,
M0_exercise_mean,exercise_mean,7,hsianshun0514workout|tsenyu0515workout|yanz0510workout|yoru0511workout|yushuan0513workout,haoyu0512workout,ziho0512workout,ziho0512workout,db_bench_press,3,10.0,6.533333333333333,,,
M0_exercise_mean,exercise_mean,7,hsianshun0514workout|tsenyu0515workout|yanz0510workout|yoru0511workout|yushuan0513workout,haoyu0512workout,ziho0512workout,ziho0512workout,db_biceps_curl,0,9.0,8.533333333333333,,,
M0_exercise_mean,exercise_mean,7,hsianshun0514workout|tsenyu0515workout|yanz0510workout|yoru0511workout|yushuan0513workout,haoyu0512workout,ziho0512workout,ziho0512workout,db_biceps_curl,1,9.0,8.533333333333333,,,
M0_exercise_mean,exercise_mean,7,hsianshun0514workout|tsenyu0515workout|yanz0510workout|yoru0511workout|yushuan0513workout,haoyu0512workout,ziho0512workout,ziho0512workout,db_biceps_curl,2,9.0,8.533333333333333,,,
M0_exercise_mean,exercise_mean,7,hsianshun0514workout|tsenyu0515workout|yanz0510workout|yoru0511workout|yushuan0513workout,haoyu0512workout,ziho0512workout,ziho0512workout,db_rdl,0,8.0,6.866666666666666,,,
M0_exercise_mean,exercise_mean,7,hsianshun0514workout|tsenyu0515workout|yanz0510workout|yoru0511workout|yushuan0513workout,haoyu0512workout,ziho0512workout,ziho0512workout,db_rdl,2,9.0,6.866666666666666,,,
M0_exercise_mean,exercise_mean,7,hsianshun0514workout|tsenyu0515workout|yanz0510workout|yoru0511workout|yushuan0513workout,haoyu0512workout,ziho0512workout,ziho0512workout,db_shoulder_press,0,10.0,8.6,,,
M0_exercise_mean,exercise_mean,7,hsianshun0514workout|tsenyu0515workout|yanz0510workout|yoru0511workout|yushuan0513workout,haoyu0512workout,ziho0512workout,ziho0512workout,db_shoulder_press,1,10.0,8.6,,,
M0_exercise_mean,exercise_mean,7,hsianshun0514workout|tsenyu0515workout|yanz0510workout|yoru0511workout|yushuan0513workout,haoyu0512workout,ziho0512workout,ziho0512workout,db_shoulder_press,2,10.0,8.6,,,
M0_exercise_mean,exercise_mean,7,hsianshun0514workout|tsenyu0515workout|yanz0510workout|yoru0511workout|yushuan0513workout,haoyu0512workout,ziho0512workout,ziho0512workout,db_squat,0,7.0,6.133333333333334,,,
M0_exercise_mean,exercise_mean,7,hsianshun0514workout|tsenyu0515workout|yanz0510workout|yoru0511workout|yushuan0513workout,haoyu0512workout,ziho0512workout,ziho0512workout,db_squat,1,8.0,6.133333333333334,,,
M0_exercise_mean,exercise_mean,7,hsianshun0514workout|tsenyu0515workout|yanz0510workout|yoru0511workout|yushuan0513workout,haoyu0512workout,ziho0512workout,ziho0512workout,db_squat,2,9.0,6.133333333333334,,,
M0_exercise_mean,exercise_mean,7,hsianshun0514workout|tsenyu0515workout|yanz0510workout|yoru0511workout|yushuan0513workout,haoyu0512workout,ziho0512workout,ziho0512workout,db_triceps_curl,0,8.0,6.533333333333333,,,
M0_exercise_mean,exercise_mean,7,hsianshun0514workout|tsenyu0515workout|yanz0510workout|yoru0511workout|yushuan0513workout,haoyu0512workout,ziho0512workout,ziho0512workout,db_triceps_curl,1,9.0,6.533333333333333,,,
M0_exercise_mean,exercise_mean,7,hsianshun0514workout|tsenyu0515workout|yanz0510workout|yoru0511workout|yushuan0513workout,haoyu0512workout,ziho0512workout,ziho0512workout,db_triceps_curl,2,9.0,6.533333333333333,,,
M0_exercise_mean,exercise_mean,7,hsianshun0514workout|tsenyu0515workout|yanz0510workout|yoru0511workout|yushuan0513workout,haoyu0512workout,ziho0512workout,ziho0512workout,db_weighted_crunch,0,6.0,6.2,,,
M0_exercise_mean,exercise_mean,7,hsianshun0514workout|tsenyu0515workout|yanz0510workout|yoru0511workout|yushuan0513workout,haoyu0512workout,ziho0512workout,ziho0512workout,db_weighted_crunch,1,8.0,6.2,,,
M0_exercise_mean,exercise_mean,7,hsianshun0514workout|tsenyu0515workout|yanz0510workout|yoru0511workout|yushuan0513workout,haoyu0512workout,ziho0512workout,ziho0512workout,db_weighted_crunch,2,9.0,6.2,,,
M0_exercise_mean,exercise_mean,7,hsianshun0514workout|tsenyu0515workout|yanz0510workout|yoru0511workout|yushuan0513workout,haoyu0512workout,ziho0512workout,ziho0512workout,one_arm_db_row,0,6.0,7.5,,,
M0_exercise_mean,exercise_mean,7,hsianshun0514workout|tsenyu0515workout|yanz0510workout|yoru0511workout|yushuan0513workout,haoyu0512workout,ziho0512workout,ziho0512workout,one_arm_db_row,1,8.0,7.5,,,
M0_exercise_mean,exercise_mean,7,hsianshun0514workout|tsenyu0515workout|yanz0510workout|yoru0511workout|yushuan0513workout,haoyu0512workout,ziho0512workout,ziho0512workout,one_arm_db_row,2,9.0,7.5,,,
M1_exercise_plus_set_index,ridge,1,tsenyu0515workout|yanz0510workout|yoru0511workout|yushuan0513workout|ziho0512workout,hsianshun0514workout,haoyu0512workout,haoyu0512workout,db_bench_press,0,8.0,5.702866380958748,,,
M1_exercise_plus_set_index,ridge,1,tsenyu0515workout|yanz0510workout|yoru0511workout|yushuan0513workout|ziho0512workout,hsianshun0514workout,haoyu0512workout,haoyu0512workout,db_bench_press,1,9.0,6.427313989230312,,,
M1_exercise_plus_set_index,ridge,1,tsenyu0515workout|yanz0510workout|yoru0511workout|yushuan0513workout|ziho0512workout,hsianshun0514workout,haoyu0512workout,haoyu0512workout,db_bench_press,2,9.0,7.151761597501874,,,
M1_exercise_plus_set_index,ridge,1,tsenyu0515workout|yanz0510workout|yoru0511workout|yushuan0513workout|ziho0512workout,hsianshun0514workout,haoyu0512workout,haoyu0512workout,db_biceps_curl,0,9.0,7.675465626508766,,,
M1_exercise_plus_set_index,ridge,1,tsenyu0515workout|yanz0510workout|yoru0511workout|yushuan0513workout|ziho0512workout,hsianshun0514workout,haoyu0512workout,haoyu0512workout,db_biceps_curl,1,9.0,8.399913234780328,,,
M1_exercise_plus_set_index,ridge,1,tsenyu0515workout|yanz0510workout|yoru0511workout|yushuan0513workout|ziho0512workout,hsianshun0514workout,haoyu0512workout,haoyu0512workout,db_biceps_curl,3,9.0,9.848808451323455,,,
M1_exercise_plus_set_index,ridge,1,tsenyu0515workout|yanz0510workout|yoru0511workout|yushuan0513workout|ziho0512workout,hsianshun0514workout,haoyu0512workout,haoyu0512workout,db_rdl,0,9.0,6.5612616931620655,,,
M1_exercise_plus_set_index,ridge,1,tsenyu0515workout|yanz0510workout|yoru0511workout|yushuan0513workout|ziho0512workout,hsianshun0514workout,haoyu0512workout,haoyu0512workout,db_rdl,1,9.0,7.285709301433628,,,
M1_exercise_plus_set_index,ridge,1,tsenyu0515workout|yanz0510workout|yoru0511workout|yushuan0513workout|ziho0512workout,hsianshun0514workout,haoyu0512workout,haoyu0512workout,db_rdl,2,9.0,8.010156909705191,,,
M1_exercise_plus_set_index,ridge,1,tsenyu0515workout|yanz0510workout|yoru0511workout|yushuan0513workout|ziho0512workout,hsianshun0514workout,haoyu0512workout,haoyu0512workout,db_shoulder_press,0,7.0,7.797233828725392,,,
M1_exercise_plus_set_index,ridge,1,tsenyu0515workout|yanz0510workout|yoru0511workout|yushuan0513workout|ziho0512workout,hsianshun0514workout,haoyu0512workout,haoyu0512workout,db_shoulder_press,1,9.0,8.521681436996955,,,
M1_exercise_plus_set_index,ridge,1,tsenyu0515workout|yanz0510workout|yoru0511workout|yushuan0513workout|ziho0512workout,hsianshun0514workout,haoyu0512workout,haoyu0512workout,db_shoulder_press,2,9.0,9.246129045268518,,,
M1_exercise_plus_set_index,ridge,1,tsenyu0515workout|yanz0510workout|yoru0511workout|yushuan0513workout|ziho0512workout,hsianshun0514workout,haoyu0512workout,haoyu0512workout,db_squat,0,6.0,5.7307189292711715,,,
M1_exercise_plus_set_index,ridge,1,tsenyu0515workout|yanz0510workout|yoru0511workout|yushuan0513workout|ziho0512workout,hsianshun0514workout,haoyu0512workout,haoyu0512workout,db_squat,1,9.0,6.455166537542734,,,
M1_exercise_plus_set_index,ridge,1,tsenyu0515workout|yanz0510workout|yoru0511workout|yushuan0513workout|ziho0512workout,hsianshun0514workout,haoyu0512workout,haoyu0512workout,db_squat,2,8.0,7.1796141458142975,,,
M1_exercise_plus_set_index,ridge,1,tsenyu0515workout|yanz0510workout|yoru0511workout|yushuan0513workout|ziho0512workout,hsianshun0514workout,haoyu0512workout,haoyu0512workout,db_triceps_curl,0,7.0,6.130689554971989,,,
M1_exercise_plus_set_index,ridge,1,tsenyu0515workout|yanz0510workout|yoru0511workout|yushuan0513workout|ziho0512workout,hsianshun0514workout,haoyu0512workout,haoyu0512workout,db_triceps_curl,1,9.0,6.855137163243551,,,
M1_exercise_plus_set_index,ridge,1,tsenyu0515workout|yanz0510workout|yoru0511workout|yushuan0513workout|ziho0512workout,hsianshun0514workout,haoyu0512workout,haoyu0512workout,db_triceps_curl,2,9.0,7.579584771515115,,,
M1_exercise_plus_set_index,ridge,1,tsenyu0515workout|yanz0510workout|yoru0511workout|yushuan0513workout|ziho0512workout,hsianshun0514workout,haoyu0512workout,haoyu0512workout,db_weighted_crunch,0,6.0,5.645688347898871,,,
M1_exercise_plus_set_index,ridge,1,tsenyu0515workout|yanz0510workout|yoru0511workout|yushuan0513workout|ziho0512workout,hsianshun0514workout,haoyu0512workout,haoyu0512workout,db_weighted_crunch,1,7.0,6.370135956170435,,,
M1_exercise_plus_set_index,ridge,1,tsenyu0515workout|yanz0510workout|yoru0511workout|yushuan0513workout|ziho0512workout,hsianshun0514workout,haoyu0512workout,haoyu0512workout,db_weighted_crunch,2,9.0,7.094583564441997,,,
M1_exercise_plus_set_index,ridge,1,tsenyu0515workout|yanz0510workout|yoru0511workout|yushuan0513workout|ziho0512workout,hsianshun0514workout,haoyu0512workout,haoyu0512workout,one_arm_db_row,0,9.0,6.7122766831010505,,,
M1_exercise_plus_set_index,ridge,1,tsenyu0515workout|yanz0510workout|yoru0511workout|yushuan0513workout|ziho0512workout,hsianshun0514workout,haoyu0512workout,haoyu0512workout,one_arm_db_row,1,9.0,7.436724291372613,,,
M1_exercise_plus_set_index,ridge,1,tsenyu0515workout|yanz0510workout|yoru0511workout|yushuan0513workout|ziho0512workout,hsianshun0514workout,haoyu0512workout,haoyu0512workout,one_arm_db_row,2,9.0,8.161171899644176,,,
M1_exercise_plus_set_index,ridge,2,haoyu0512workout|yanz0510workout|yoru0511workout|yushuan0513workout|ziho0512workout,tsenyu0515workout,hsianshun0514workout,hsianshun0514workout,db_bench_press,0,4.0,6.672871448351511,,,
M1_exercise_plus_set_index,ridge,2,haoyu0512workout|yanz0510workout|yoru0511workout|yushuan0513workout|ziho0512workout,tsenyu0515workout,hsianshun0514workout,hsianshun0514workout,db_bench_press,1,6.0,7.2182724452426275,,,
M1_exercise_plus_set_index,ridge,2,haoyu0512workout|yanz0510workout|yoru0511workout|yushuan0513workout|ziho0512workout,tsenyu0515workout,hsianshun0514workout,hsianshun0514workout,db_bench_press,2,7.0,7.763673442133744,,,
M1_exercise_plus_set_index,ridge,2,haoyu0512workout|yanz0510workout|yoru0511workout|yushuan0513workout|ziho0512workout,tsenyu0515workout,hsianshun0514workout,hsianshun0514workout,db_biceps_curl,0,9.0,8.018173644714118,,,
M1_exercise_plus_set_index,ridge,2,haoyu0512workout|yanz0510workout|yoru0511workout|yushuan0513workout|ziho0512workout,tsenyu0515workout,hsianshun0514workout,hsianshun0514workout,db_biceps_curl,1,10.0,8.563574641605234,,,
M1_exercise_plus_set_index,ridge,2,haoyu0512workout|yanz0510workout|yoru0511workout|yushuan0513workout|ziho0512workout,tsenyu0515workout,hsianshun0514workout,hsianshun0514workout,db_biceps_curl,2,10.0,9.10897563849635,,,
M1_exercise_plus_set_index,ridge,2,haoyu0512workout|yanz0510workout|yoru0511workout|yushuan0513workout|ziho0512workout,tsenyu0515workout,hsianshun0514workout,hsianshun0514workout,db_rdl,0,4.0,7.0974584947715424,,,
M1_exercise_plus_set_index,ridge,2,haoyu0512workout|yanz0510workout|yoru0511workout|yushuan0513workout|ziho0512workout,tsenyu0515workout,hsianshun0514workout,hsianshun0514workout,db_rdl,1,6.0,7.642859491662659,,,
M1_exercise_plus_set_index,ridge,2,haoyu0512workout|yanz0510workout|yoru0511workout|yushuan0513workout|ziho0512workout,tsenyu0515workout,hsianshun0514workout,hsianshun0514workout,db_rdl,2,8.0,8.188260488553775,,,
M1_exercise_plus_set_index,ridge,2,haoyu0512workout|yanz0510workout|yoru0511workout|yushuan0513workout|ziho0512workout,tsenyu0515workout,hsianshun0514workout,hsianshun0514workout,db_shoulder_press,1,9.0,8.757506932744315,,,
M1_exercise_plus_set_index,ridge,2,haoyu0512workout|yanz0510workout|yoru0511workout|yushuan0513workout|ziho0512workout,tsenyu0515workout,hsianshun0514workout,hsianshun0514workout,db_shoulder_press,2,10.0,9.302907929635431,,,
M1_exercise_plus_set_index,ridge,2,haoyu0512workout|yanz0510workout|yoru0511workout|yushuan0513workout|ziho0512workout,tsenyu0515workout,hsianshun0514workout,hsianshun0514workout,db_shoulder_press,3,10.0,9.848308926526547,,,
M1_exercise_plus_set_index,ridge,2,haoyu0512workout|yanz0510workout|yoru0511workout|yushuan0513workout|ziho0512workout,tsenyu0515workout,hsianshun0514workout,hsianshun0514workout,db_squat,0,4.0,6.587972080141853,,,
M1_exercise_plus_set_index,ridge,2,haoyu0512workout|yanz0510workout|yoru0511workout|yushuan0513workout|ziho0512workout,tsenyu0515workout,hsianshun0514workout,hsianshun0514workout,db_squat,1,6.0,7.13337307703297,,,
M1_exercise_plus_set_index,ridge,2,haoyu0512workout|yanz0510workout|yoru0511workout|yushuan0513workout|ziho0512workout,tsenyu0515workout,hsianshun0514workout,hsianshun0514workout,db_squat,2,7.0,7.678774073924086,,,
M1_exercise_plus_set_index,ridge,2,haoyu0512workout|yanz0510workout|yoru0511workout|yushuan0513workout|ziho0512workout,tsenyu0515workout,hsianshun0514workout,hsianshun0514workout,db_triceps_curl,0,4.0,6.878870516850476,,,
M1_exercise_plus_set_index,ridge,2,haoyu0512workout|yanz0510workout|yoru0511workout|yushuan0513workout|ziho0512workout,tsenyu0515workout,hsianshun0514workout,hsianshun0514workout,db_triceps_curl,1,7.0,7.424271513741592,,,
M1_exercise_plus_set_index,ridge,2,haoyu0512workout|yanz0510workout|yoru0511workout|yushuan0513workout|ziho0512workout,tsenyu0515workout,hsianshun0514workout,hsianshun0514workout,db_triceps_curl,2,8.0,7.969672510632709,,,
M1_exercise_plus_set_index,ridge,2,haoyu0512workout|yanz0510workout|yoru0511workout|yushuan0513workout|ziho0512workout,tsenyu0515workout,hsianshun0514workout,hsianshun0514workout,db_weighted_crunch,0,5.0,6.315271974629982,,,
M1_exercise_plus_set_index,ridge,2,haoyu0512workout|yanz0510workout|yoru0511workout|yushuan0513workout|ziho0512workout,tsenyu0515workout,hsianshun0514workout,hsianshun0514workout,db_weighted_crunch,2,7.0,7.4060739684122145,,,
M1_exercise_plus_set_index,ridge,2,haoyu0512workout|yanz0510workout|yoru0511workout|yushuan0513workout|ziho0512workout,tsenyu0515workout,hsianshun0514workout,hsianshun0514workout,db_weighted_crunch,3,7.0,7.951474965303331,,,
M1_exercise_plus_set_index,ridge,2,haoyu0512workout|yanz0510workout|yoru0511workout|yushuan0513workout|ziho0512workout,tsenyu0515workout,hsianshun0514workout,hsianshun0514workout,one_arm_db_row,1,7.0,7.793937764823005,,,
M1_exercise_plus_set_index,ridge,2,haoyu0512workout|yanz0510workout|yoru0511workout|yushuan0513workout|ziho0512workout,tsenyu0515workout,hsianshun0514workout,hsianshun0514workout,one_arm_db_row,2,8.0,8.33933876171412,,,
M1_exercise_plus_set_index,ridge,3,haoyu0512workout|hsianshun0514workout|yoru0511workout|yushuan0513workout|ziho0512workout,yanz0510workout,tsenyu0515workout,tsenyu0515workout,db_bench_press,0,3.0,6.583313334858767,,,
M1_exercise_plus_set_index,ridge,3,haoyu0512workout|hsianshun0514workout|yoru0511workout|yushuan0513workout|ziho0512workout,yanz0510workout,tsenyu0515workout,tsenyu0515workout,db_bench_press,1,6.0,7.194994256571336,,,
M1_exercise_plus_set_index,ridge,3,haoyu0512workout|hsianshun0514workout|yoru0511workout|yushuan0513workout|ziho0512workout,yanz0510workout,tsenyu0515workout,tsenyu0515workout,db_bench_press,2,8.0,7.806675178283905,,,
M1_exercise_plus_set_index,ridge,3,haoyu0512workout|hsianshun0514workout|yoru0511workout|yushuan0513workout|ziho0512workout,yanz0510workout,tsenyu0515workout,tsenyu0515workout,db_biceps_curl,0,6.0,8.138815373238712,,,
M1_exercise_plus_set_index,ridge,3,haoyu0512workout|hsianshun0514workout|yoru0511workout|yushuan0513workout|ziho0512workout,yanz0510workout,tsenyu0515workout,tsenyu0515workout,db_biceps_curl,1,9.0,8.750496294951281,,,
M1_exercise_plus_set_index,ridge,3,haoyu0512workout|hsianshun0514workout|yoru0511workout|yushuan0513workout|ziho0512workout,yanz0510workout,tsenyu0515workout,tsenyu0515workout,db_biceps_curl,2,9.0,9.36217721666385,,,
M1_exercise_plus_set_index,ridge,3,haoyu0512workout|hsianshun0514workout|yoru0511workout|yushuan0513workout|ziho0512workout,yanz0510workout,tsenyu0515workout,tsenyu0515workout,db_rdl,0,6.0,6.747047528340718,,,
M1_exercise_plus_set_index,ridge,3,haoyu0512workout|hsianshun0514workout|yoru0511workout|yushuan0513workout|ziho0512workout,yanz0510workout,tsenyu0515workout,tsenyu0515workout,db_rdl,1,10.0,7.358728450053287,,,
M1_exercise_plus_set_index,ridge,3,haoyu0512workout|hsianshun0514workout|yoru0511workout|yushuan0513workout|ziho0512workout,yanz0510workout,tsenyu0515workout,tsenyu0515workout,db_rdl,2,6.0,7.970409371765856,,,
M1_exercise_plus_set_index,ridge,3,haoyu0512workout|hsianshun0514workout|yoru0511workout|yushuan0513workout|ziho0512workout,yanz0510workout,tsenyu0515workout,tsenyu0515workout,db_shoulder_press,0,5.0,8.256388195615312,,,
M1_exercise_plus_set_index,ridge,3,haoyu0512workout|hsianshun0514workout|yoru0511workout|yushuan0513workout|ziho0512workout,yanz0510workout,tsenyu0515workout,tsenyu0515workout,db_shoulder_press,1,8.0,8.868069117327881,,,
M1_exercise_plus_set_index,ridge,3,haoyu0512workout|hsianshun0514workout|yoru0511workout|yushuan0513workout|ziho0512workout,yanz0510workout,tsenyu0515workout,tsenyu0515workout,db_shoulder_press,2,9.0,9.47975003904045,,,
M1_exercise_plus_set_index,ridge,3,haoyu0512workout|hsianshun0514workout|yoru0511workout|yushuan0513workout|ziho0512workout,yanz0510workout,tsenyu0515workout,tsenyu0515workout,db_squat,1,4.0,6.673307279262138,,,
M1_exercise_plus_set_index,ridge,3,haoyu0512workout|hsianshun0514workout|yoru0511workout|yushuan0513workout|ziho0512workout,yanz0510workout,tsenyu0515workout,tsenyu0515workout,db_squat,2,6.0,7.284988200974707,,,
M1_exercise_plus_set_index,ridge,3,haoyu0512workout|hsianshun0514workout|yoru0511workout|yushuan0513workout|ziho0512workout,yanz0510workout,tsenyu0515workout,tsenyu0515workout,db_squat,3,5.0,7.8966691226872765,,,
M1_exercise_plus_set_index,ridge,3,haoyu0512workout|hsianshun0514workout|yoru0511workout|yushuan0513workout|ziho0512workout,yanz0510workout,tsenyu0515workout,tsenyu0515workout,db_triceps_curl,0,4.0,6.591043434139954,,,
M1_exercise_plus_set_index,ridge,3,haoyu0512workout|hsianshun0514workout|yoru0511workout|yushuan0513workout|ziho0512workout,yanz0510workout,tsenyu0515workout,tsenyu0515workout,db_triceps_curl,1,6.0,7.202724355852523,,,
M1_exercise_plus_set_index,ridge,3,haoyu0512workout|hsianshun0514workout|yoru0511workout|yushuan0513workout|ziho0512workout,yanz0510workout,tsenyu0515workout,tsenyu0515workout,db_triceps_curl,2,7.0,7.8144052775650925,,,
M1_exercise_plus_set_index,ridge,3,haoyu0512workout|hsianshun0514workout|yoru0511workout|yushuan0513workout|ziho0512workout,yanz0510workout,tsenyu0515workout,tsenyu0515workout,db_weighted_crunch,0,3.0,6.11302204535237,,,
M1_exercise_plus_set_index,ridge,3,haoyu0512workout|hsianshun0514workout|yoru0511workout|yushuan0513workout|ziho0512workout,yanz0510workout,tsenyu0515workout,tsenyu0515workout,db_weighted_crunch,1,5.0,6.724702967064939,,,
M1_exercise_plus_set_index,ridge,3,haoyu0512workout|hsianshun0514workout|yoru0511workout|yushuan0513workout|ziho0512workout,yanz0510workout,tsenyu0515workout,tsenyu0515workout,db_weighted_crunch,2,7.0,7.336383888777508,,,
M1_exercise_plus_set_index,ridge,3,haoyu0512workout|hsianshun0514workout|yoru0511workout|yushuan0513workout|ziho0512workout,yanz0510workout,tsenyu0515workout,tsenyu0515workout,one_arm_db_row,0,5.0,7.184136944091984,,,
M1_exercise_plus_set_index,ridge,3,haoyu0512workout|hsianshun0514workout|yoru0511workout|yushuan0513workout|ziho0512workout,yanz0510workout,tsenyu0515workout,tsenyu0515workout,one_arm_db_row,1,8.0,7.795817865804553,,,
M1_exercise_plus_set_index,ridge,3,haoyu0512workout|hsianshun0514workout|yoru0511workout|yushuan0513workout|ziho0512workout,yanz0510workout,tsenyu0515workout,tsenyu0515workout,one_arm_db_row,2,9.0,8.407498787517122,,,
M1_exercise_plus_set_index,ridge,4,haoyu0512workout|hsianshun0514workout|tsenyu0515workout|yushuan0513workout|ziho0512workout,yoru0511workout,yanz0510workout,yanz0510workout,db_bench_press,2,5.0,8.088318373949814,,,
M1_exercise_plus_set_index,ridge,4,haoyu0512workout|hsianshun0514workout|tsenyu0515workout|yushuan0513workout|ziho0512workout,yoru0511workout,yanz0510workout,yanz0510workout,db_bench_press,3,7.0,8.559044621653008,,,
M1_exercise_plus_set_index,ridge,4,haoyu0512workout|hsianshun0514workout|tsenyu0515workout|yushuan0513workout|ziho0512workout,yoru0511workout,yanz0510workout,yanz0510workout,db_bench_press,4,8.0,9.0297708693562,,,
M1_exercise_plus_set_index,ridge,4,haoyu0512workout|hsianshun0514workout|tsenyu0515workout|yushuan0513workout|ziho0512workout,yoru0511workout,yanz0510workout,yanz0510workout,db_biceps_curl,0,7.0,7.85242283808509,,,
M1_exercise_plus_set_index,ridge,4,haoyu0512workout|hsianshun0514workout|tsenyu0515workout|yushuan0513workout|ziho0512workout,yoru0511workout,yanz0510workout,yanz0510workout,db_biceps_curl,1,9.0,8.323149085788282,,,
M1_exercise_plus_set_index,ridge,4,haoyu0512workout|hsianshun0514workout|tsenyu0515workout|yushuan0513workout|ziho0512workout,yoru0511workout,yanz0510workout,yanz0510workout,db_biceps_curl,2,10.0,8.793875333491476,,,
M1_exercise_plus_set_index,ridge,4,haoyu0512workout|hsianshun0514workout|tsenyu0515workout|yushuan0513workout|ziho0512workout,yoru0511workout,yanz0510workout,yanz0510workout,db_rdl,0,5.0,7.126096223956052,,,
M1_exercise_plus_set_index,ridge,4,haoyu0512workout|hsianshun0514workout|tsenyu0515workout|yushuan0513workout|ziho0512workout,yoru0511workout,yanz0510workout,yanz0510workout,db_rdl,1,8.0,7.596822471659245,,,
M1_exercise_plus_set_index,ridge,4,haoyu0512workout|hsianshun0514workout|tsenyu0515workout|yushuan0513workout|ziho0512workout,yoru0511workout,yanz0510workout,yanz0510workout,db_rdl,2,9.0,8.067548719362438,,,
M1_exercise_plus_set_index,ridge,4,haoyu0512workout|hsianshun0514workout|tsenyu0515workout|yushuan0513workout|ziho0512workout,yoru0511workout,yanz0510workout,yanz0510workout,db_shoulder_press,1,7.0,8.287072510089144,,,
M1_exercise_plus_set_index,ridge,4,haoyu0512workout|hsianshun0514workout|tsenyu0515workout|yushuan0513workout|ziho0512workout,yoru0511workout,yanz0510workout,yanz0510workout,db_shoulder_press,2,10.0,8.757798757792338,,,
M1_exercise_plus_set_index,ridge,4,haoyu0512workout|hsianshun0514workout|tsenyu0515workout|yushuan0513workout|ziho0512workout,yoru0511workout,yanz0510workout,yanz0510workout,db_shoulder_press,3,10.0,9.22852500549553,,,
M1_exercise_plus_set_index,ridge,4,haoyu0512workout|hsianshun0514workout|tsenyu0515workout|yushuan0513workout|ziho0512workout,yoru0511workout,yanz0510workout,yanz0510workout,db_squat,0,7.0,6.551782193693747,,,
M1_exercise_plus_set_index,ridge,4,haoyu0512workout|hsianshun0514workout|tsenyu0515workout|yushuan0513workout|ziho0512workout,yoru0511workout,yanz0510workout,yanz0510workout,db_squat,1,8.0,7.02250844139694,,,
M1_exercise_plus_set_index,ridge,4,haoyu0512workout|hsianshun0514workout|tsenyu0515workout|yushuan0513workout|ziho0512workout,yoru0511workout,yanz0510workout,yanz0510workout,db_squat,2,9.0,7.493234689100133,,,
M1_exercise_plus_set_index,ridge,4,haoyu0512workout|hsianshun0514workout|tsenyu0515workout|yushuan0513workout|ziho0512workout,yoru0511workout,yanz0510workout,yanz0510workout,db_triceps_curl,0,7.0,6.950778166885781,,,
M1_exercise_plus_set_index,ridge,4,haoyu0512workout|hsianshun0514workout|tsenyu0515workout|yushuan0513workout|ziho0512workout,yoru0511workout,yanz0510workout,yanz0510workout,db_triceps_curl,2,8.0,7.892230662292167,,,
M1_exercise_plus_set_index,ridge,4,haoyu0512workout|hsianshun0514workout|tsenyu0515workout|yushuan0513workout|ziho0512workout,yoru0511workout,yanz0510workout,yanz0510workout,db_triceps_curl,4,9.0,8.833683157698554,,,
M1_exercise_plus_set_index,ridge,4,haoyu0512workout|hsianshun0514workout|tsenyu0515workout|yushuan0513workout|ziho0512workout,yoru0511workout,yanz0510workout,yanz0510workout,db_weighted_crunch,0,6.0,6.454860111662205,,,
M1_exercise_plus_set_index,ridge,4,haoyu0512workout|hsianshun0514workout|tsenyu0515workout|yushuan0513workout|ziho0512workout,yoru0511workout,yanz0510workout,yanz0510workout,db_weighted_crunch,2,7.0,7.396312607068591,,,
M1_exercise_plus_set_index,ridge,4,haoyu0512workout|hsianshun0514workout|tsenyu0515workout|yushuan0513workout|ziho0512workout,yoru0511workout,yanz0510workout,yanz0510workout,db_weighted_crunch,3,8.0,7.867038854771784,,,
M1_exercise_plus_set_index,ridge,4,haoyu0512workout|hsianshun0514workout|tsenyu0515workout|yushuan0513workout|ziho0512workout,yoru0511workout,yanz0510workout,yanz0510workout,one_arm_db_row,0,6.0,7.393068314210771,,,
M1_exercise_plus_set_index,ridge,4,haoyu0512workout|hsianshun0514workout|tsenyu0515workout|yushuan0513workout|ziho0512workout,yoru0511workout,yanz0510workout,yanz0510workout,one_arm_db_row,1,7.0,7.863794561913964,,,
M1_exercise_plus_set_index,ridge,4,haoyu0512workout|hsianshun0514workout|tsenyu0515workout|yushuan0513workout|ziho0512workout,yoru0511workout,yanz0510workout,yanz0510workout,one_arm_db_row,2,9.0,8.334520809617157,,,
M1_exercise_plus_set_index,ridge,5,haoyu0512workout|hsianshun0514workout|tsenyu0515workout|yanz0510workout|ziho0512workout,yushuan0513workout,yoru0511workout,yoru0511workout,db_bench_press,0,3.0,5.82167333112003,,,
M1_exercise_plus_set_index,ridge,5,haoyu0512workout|hsianshun0514workout|tsenyu0515workout|yanz0510workout|ziho0512workout,yushuan0513workout,yoru0511workout,yoru0511workout,db_bench_press,4,5.0,9.100974135281401,,,
M1_exercise_plus_set_index,ridge,5,haoyu0512workout|hsianshun0514workout|tsenyu0515workout|yanz0510workout|ziho0512workout,yushuan0513workout,yoru0511workout,yoru0511workout,db_bench_press,5,7.0,9.920799336321746,,,
M1_exercise_plus_set_index,ridge,5,haoyu0512workout|hsianshun0514workout|tsenyu0515workout|yanz0510workout|ziho0512workout,yushuan0513workout,yoru0511workout,yoru0511workout,db_biceps_curl,0,6.0,7.992086219730375,,,
M1_exercise_plus_set_index,ridge,5,haoyu0512workout|hsianshun0514workout|tsenyu0515workout|yanz0510workout|ziho0512workout,yushuan0513workout,yoru0511workout,yoru0511workout,db_biceps_curl,1,8.0,8.811911420770718,,,
M1_exercise_plus_set_index,ridge,5,haoyu0512workout|hsianshun0514workout|tsenyu0515workout|yanz0510workout|ziho0512workout,yushuan0513workout,yoru0511workout,yoru0511workout,db_biceps_curl,2,9.0,9.631736621811061,,,
M1_exercise_plus_set_index,ridge,5,haoyu0512workout|hsianshun0514workout|tsenyu0515workout|yanz0510workout|ziho0512workout,yushuan0513workout,yoru0511workout,yoru0511workout,db_rdl,0,6.0,6.751594818531365,,,
M1_exercise_plus_set_index,ridge,5,haoyu0512workout|hsianshun0514workout|tsenyu0515workout|yanz0510workout|ziho0512workout,yushuan0513workout,yoru0511workout,yoru0511workout,db_rdl,1,6.0,7.5714200195717085,,,
M1_exercise_plus_set_index,ridge,5,haoyu0512workout|hsianshun0514workout|tsenyu0515workout|yanz0510workout|ziho0512workout,yushuan0513workout,yoru0511workout,yoru0511workout,db_rdl,2,7.0,8.391245220612053,,,
M1_exercise_plus_set_index,ridge,5,haoyu0512workout|hsianshun0514workout|tsenyu0515workout|yanz0510workout|ziho0512workout,yushuan0513workout,yoru0511workout,yoru0511workout,db_shoulder_press,0,7.0,7.718831366197188,,,
M1_exercise_plus_set_index,ridge,5,haoyu0512workout|hsianshun0514workout|tsenyu0515workout|yanz0510workout|ziho0512workout,yushuan0513workout,yoru0511workout,yoru0511workout,db_shoulder_press,1,8.0,8.538656567237531,,,
M1_exercise_plus_set_index,ridge,5,haoyu0512workout|hsianshun0514workout|tsenyu0515workout|yanz0510workout|ziho0512workout,yushuan0513workout,yoru0511workout,yoru0511workout,db_shoulder_press,2,9.0,9.358481768277874,,,
M1_exercise_plus_set_index,ridge,5,haoyu0512workout|hsianshun0514workout|tsenyu0515workout|yanz0510workout|ziho0512workout,yushuan0513workout,yoru0511workout,yoru0511workout,db_squat,0,4.0,5.882932213366432,,,
M1_exercise_plus_set_index,ridge,5,haoyu0512workout|hsianshun0514workout|tsenyu0515workout|yanz0510workout|ziho0512workout,yushuan0513workout,yoru0511workout,yoru0511workout,db_squat,1,5.0,6.702757414406776,,,
M1_exercise_plus_set_index,ridge,5,haoyu0512workout|hsianshun0514workout|tsenyu0515workout|yanz0510workout|ziho0512workout,yushuan0513workout,yoru0511workout,yoru0511workout,db_squat,2,6.0,7.522582615447119,,,
M1_exercise_plus_set_index,ridge,5,haoyu0512workout|hsianshun0514workout|tsenyu0515workout|yanz0510workout|ziho0512workout,yushuan0513workout,yoru0511workout,yoru0511workout,db_triceps_curl,0,5.0,6.416226097353277,,,
M1_exercise_plus_set_index,ridge,5,haoyu0512workout|hsianshun0514workout|tsenyu0515workout|yanz0510workout|ziho0512workout,yushuan0513workout,yoru0511workout,yoru0511workout,db_triceps_curl,1,5.0,7.236051298393621,,,
M1_exercise_plus_set_index,ridge,5,haoyu0512workout|hsianshun0514workout|tsenyu0515workout|yanz0510workout|ziho0512workout,yushuan0513workout,yoru0511workout,yoru0511workout,db_triceps_curl,2,6.0,8.055876499433964,,,
M1_exercise_plus_set_index,ridge,5,haoyu0512workout|hsianshun0514workout|tsenyu0515workout|yanz0510workout|ziho0512workout,yushuan0513workout,yoru0511workout,yoru0511workout,db_weighted_crunch,0,6.0,5.628296036164728,,,
M1_exercise_plus_set_index,ridge,5,haoyu0512workout|hsianshun0514workout|tsenyu0515workout|yanz0510workout|ziho0512workout,yushuan0513workout,yoru0511workout,yoru0511workout,db_weighted_crunch,1,7.0,6.448121237205071,,,
M1_exercise_plus_set_index,ridge,5,haoyu0512workout|hsianshun0514workout|tsenyu0515workout|yanz0510workout|ziho0512workout,yushuan0513workout,yoru0511workout,yoru0511workout,db_weighted_crunch,2,7.0,7.267946438245414,,,
M1_exercise_plus_set_index,ridge,5,haoyu0512workout|hsianshun0514workout|tsenyu0515workout|yanz0510workout|ziho0512workout,yushuan0513workout,yoru0511workout,yoru0511workout,one_arm_db_row,0,5.0,6.907309959337907,,,
M1_exercise_plus_set_index,ridge,5,haoyu0512workout|hsianshun0514workout|tsenyu0515workout|yanz0510workout|ziho0512workout,yushuan0513workout,yoru0511workout,yoru0511workout,one_arm_db_row,2,7.0,8.546960361418593,,,
M1_exercise_plus_set_index,ridge,5,haoyu0512workout|hsianshun0514workout|tsenyu0515workout|yanz0510workout|ziho0512workout,yushuan0513workout,yoru0511workout,yoru0511workout,one_arm_db_row,3,8.0,9.366785562458936,,,
M1_exercise_plus_set_index,ridge,6,haoyu0512workout|hsianshun0514workout|tsenyu0515workout|yanz0510workout|yoru0511workout,ziho0512workout,yushuan0513workout,yushuan0513workout,db_bench_press,0,9.0,6.08534813467517,,,
M1_exercise_plus_set_index,ridge,6,haoyu0512workout|hsianshun0514workout|tsenyu0515workout|yanz0510workout|yoru0511workout,ziho0512workout,yushuan0513workout,yushuan0513workout,db_bench_press,1,10.0,6.476291776179426,,,
M1_exercise_plus_set_index,ridge,6,haoyu0512workout|hsianshun0514workout|tsenyu0515workout|yanz0510workout|yoru0511workout,ziho0512workout,yushuan0513workout,yushuan0513workout,db_bench_press,3,10.0,7.258179059187938,,,
M1_exercise_plus_set_index,ridge,6,haoyu0512workout|hsianshun0514workout|tsenyu0515workout|yanz0510workout|yoru0511workout,ziho0512workout,yushuan0513workout,yushuan0513workout,db_biceps_curl,0,7.0,7.55752402865549,,,
M1_exercise_plus_set_index,ridge,6,haoyu0512workout|hsianshun0514workout|tsenyu0515workout|yanz0510workout|yoru0511workout,ziho0512workout,yushuan0513workout,yushuan0513workout,db_biceps_curl,1,9.0,7.948467670159746,,,
M1_exercise_plus_set_index,ridge,6,haoyu0512workout|hsianshun0514workout|tsenyu0515workout|yanz0510workout|yoru0511workout,ziho0512workout,yushuan0513workout,yushuan0513workout,db_biceps_curl,2,10.0,8.339411311664001,,,
M1_exercise_plus_set_index,ridge,6,haoyu0512workout|hsianshun0514workout|tsenyu0515workout|yanz0510workout|yoru0511workout,ziho0512workout,yushuan0513workout,yushuan0513workout,db_rdl,0,6.0,6.765360715292413,,,
M1_exercise_plus_set_index,ridge,6,haoyu0512workout|hsianshun0514workout|tsenyu0515workout|yanz0510workout|yoru0511workout,ziho0512workout,yushuan0513workout,yushuan0513workout,db_rdl,1,8.0,7.156304356796668,,,
M1_exercise_plus_set_index,ridge,6,haoyu0512workout|hsianshun0514workout|tsenyu0515workout|yanz0510workout|yoru0511workout,ziho0512workout,yushuan0513workout,yushuan0513workout,db_rdl,2,8.0,7.547247998300924,,,
M1_exercise_plus_set_index,ridge,6,haoyu0512workout|hsianshun0514workout|tsenyu0515workout|yanz0510workout|yoru0511workout,ziho0512workout,yushuan0513workout,yushuan0513workout,db_shoulder_press,0,8.0,7.405514027605835,,,
M1_exercise_plus_set_index,ridge,6,haoyu0512workout|hsianshun0514workout|tsenyu0515workout|yanz0510workout|yoru0511workout,ziho0512workout,yushuan0513workout,yushuan0513workout,db_shoulder_press,1,9.0,7.796457669110091,,,
M1_exercise_plus_set_index,ridge,6,haoyu0512workout|hsianshun0514workout|tsenyu0515workout|yanz0510workout|yoru0511workout,ziho0512workout,yushuan0513workout,yushuan0513workout,db_shoulder_press,2,10.0,8.187401310614346,,,
M1_exercise_plus_set_index,ridge,6,haoyu0512workout|hsianshun0514workout|tsenyu0515workout|yanz0510workout|yoru0511workout,ziho0512workout,yushuan0513workout,yushuan0513workout,db_squat,0,6.0,6.18215303177783,,,
M1_exercise_plus_set_index,ridge,6,haoyu0512workout|hsianshun0514workout|tsenyu0515workout|yanz0510workout|yoru0511workout,ziho0512workout,yushuan0513workout,yushuan0513workout,db_squat,1,7.0,6.573096673282085,,,
M1_exercise_plus_set_index,ridge,6,haoyu0512workout|hsianshun0514workout|tsenyu0515workout|yanz0510workout|yoru0511workout,ziho0512workout,yushuan0513workout,yushuan0513workout,db_squat,2,8.0,6.964040314786341,,,
M1_exercise_plus_set_index,ridge,6,haoyu0512workout|hsianshun0514workout|tsenyu0515workout|yanz0510workout|yoru0511workout,ziho0512workout,yushuan0513workout,yushuan0513workout,db_triceps_curl,0,6.0,6.451216452105449,,,
M1_exercise_plus_set_index,ridge,6,haoyu0512workout|hsianshun0514workout|tsenyu0515workout|yanz0510workout|yoru0511workout,ziho0512workout,yushuan0513workout,yushuan0513workout,db_triceps_curl,1,7.0,6.842160093609705,,,
M1_exercise_plus_set_index,ridge,6,haoyu0512workout|hsianshun0514workout|tsenyu0515workout|yanz0510workout|yoru0511workout,ziho0512workout,yushuan0513workout,yushuan0513workout,db_triceps_curl,2,9.0,7.23310373511396,,,
M1_exercise_plus_set_index,ridge,6,haoyu0512workout|hsianshun0514workout|tsenyu0515workout|yanz0510workout|yoru0511workout,ziho0512workout,yushuan0513workout,yushuan0513workout,db_weighted_crunch,0,5.0,6.282438978584171,,,
M1_exercise_plus_set_index,ridge,6,haoyu0512workout|hsianshun0514workout|tsenyu0515workout|yanz0510workout|yoru0511workout,ziho0512workout,yushuan0513workout,yushuan0513workout,db_weighted_crunch,1,6.0,6.673382620088426,,,
M1_exercise_plus_set_index,ridge,6,haoyu0512workout|hsianshun0514workout|tsenyu0515workout|yanz0510workout|yoru0511workout,ziho0512workout,yushuan0513workout,yushuan0513workout,db_weighted_crunch,2,7.0,7.064326261592682,,,
M1_exercise_plus_set_index,ridge,6,haoyu0512workout|hsianshun0514workout|tsenyu0515workout|yanz0510workout|yoru0511workout,ziho0512workout,yushuan0513workout,yushuan0513workout,one_arm_db_row,0,9.0,6.930298543029432,,,
M1_exercise_plus_set_index,ridge,6,haoyu0512workout|hsianshun0514workout|tsenyu0515workout|yanz0510workout|yoru0511workout,ziho0512workout,yushuan0513workout,yushuan0513workout,one_arm_db_row,1,8.0,7.321242184533688,,,
M1_exercise_plus_set_index,ridge,6,haoyu0512workout|hsianshun0514workout|tsenyu0515workout|yanz0510workout|yoru0511workout,ziho0512workout,yushuan0513workout,yushuan0513workout,one_arm_db_row,2,9.0,7.712185826037943,,,
M1_exercise_plus_set_index,ridge,7,hsianshun0514workout|tsenyu0515workout|yanz0510workout|yoru0511workout|yushuan0513workout,haoyu0512workout,ziho0512workout,ziho0512workout,db_bench_press,1,8.0,6.517290937155876,,,
M1_exercise_plus_set_index,ridge,7,hsianshun0514workout|tsenyu0515workout|yanz0510workout|yoru0511workout|yushuan0513workout,haoyu0512workout,ziho0512workout,ziho0512workout,db_bench_press,2,9.0,6.941079197156591,,,
M1_exercise_plus_set_index,ridge,7,hsianshun0514workout|tsenyu0515workout|yanz0510workout|yoru0511workout|yushuan0513workout,haoyu0512workout,ziho0512workout,ziho0512workout,db_bench_press,3,10.0,7.364867457157305,,,
M1_exercise_plus_set_index,ridge,7,hsianshun0514workout|tsenyu0515workout|yanz0510workout|yoru0511workout|yushuan0513workout,haoyu0512workout,ziho0512workout,ziho0512workout,db_biceps_curl,0,9.0,7.458394041915857,,,
M1_exercise_plus_set_index,ridge,7,hsianshun0514workout|tsenyu0515workout|yanz0510workout|yoru0511workout|yushuan0513workout,haoyu0512workout,ziho0512workout,ziho0512workout,db_biceps_curl,1,9.0,7.882182301916571,,,
M1_exercise_plus_set_index,ridge,7,hsianshun0514workout|tsenyu0515workout|yanz0510workout|yoru0511workout|yushuan0513workout,haoyu0512workout,ziho0512workout,ziho0512workout,db_biceps_curl,2,9.0,8.305970561917286,,,
M1_exercise_plus_set_index,ridge,7,hsianshun0514workout|tsenyu0515workout|yanz0510workout|yoru0511workout|yushuan0513workout,haoyu0512workout,ziho0512workout,ziho0512workout,db_rdl,0,8.0,6.4974532550315,,,
M1_exercise_plus_set_index,ridge,7,hsianshun0514workout|tsenyu0515workout|yanz0510workout|yoru0511workout|yushuan0513workout,haoyu0512workout,ziho0512workout,ziho0512workout,db_rdl,2,9.0,7.3450297750329305,,,
M1_exercise_plus_set_index,ridge,7,hsianshun0514workout|tsenyu0515workout|yanz0510workout|yoru0511workout|yushuan0513workout,haoyu0512workout,ziho0512workout,ziho0512workout,db_shoulder_press,0,10.0,7.399095171622245,,,
M1_exercise_plus_set_index,ridge,7,hsianshun0514workout|tsenyu0515workout|yanz0510workout|yoru0511workout|yushuan0513workout,haoyu0512workout,ziho0512workout,ziho0512workout,db_shoulder_press,1,10.0,7.82288343162296,,,
M1_exercise_plus_set_index,ridge,7,hsianshun0514workout|tsenyu0515workout|yanz0510workout|yoru0511workout|yushuan0513workout,haoyu0512workout,ziho0512workout,ziho0512workout,db_shoulder_press,2,10.0,8.246671691623675,,,
M1_exercise_plus_set_index,ridge,7,hsianshun0514workout|tsenyu0515workout|yanz0510workout|yoru0511workout|yushuan0513workout,haoyu0512workout,ziho0512workout,ziho0512workout,db_squat,0,7.0,6.025771057917892,,,
M1_exercise_plus_set_index,ridge,7,hsianshun0514workout|tsenyu0515workout|yanz0510workout|yoru0511workout|yushuan0513workout,haoyu0512workout,ziho0512workout,ziho0512workout,db_squat,1,8.0,6.449559317918607,,,
M1_exercise_plus_set_index,ridge,7,hsianshun0514workout|tsenyu0515workout|yanz0510workout|yoru0511workout|yushuan0513workout,haoyu0512workout,ziho0512workout,ziho0512workout,db_squat,2,9.0,6.873347577919321,,,
M1_exercise_plus_set_index,ridge,7,hsianshun0514workout|tsenyu0515workout|yanz0510workout|yoru0511workout|yushuan0513workout,haoyu0512workout,ziho0512workout,ziho0512workout,db_triceps_curl,0,8.0,6.256396846770137,,,
M1_exercise_plus_set_index,ridge,7,hsianshun0514workout|tsenyu0515workout|yanz0510workout|yoru0511workout|yushuan0513workout,haoyu0512workout,ziho0512workout,ziho0512workout,db_triceps_curl,1,9.0,6.6801851067708515,,,
M1_exercise_plus_set_index,ridge,7,hsianshun0514workout|tsenyu0515workout|yanz0510workout|yoru0511workout|yushuan0513workout,haoyu0512workout,ziho0512workout,ziho0512workout,db_triceps_curl,2,9.0,7.103973366771567,,,
M1_exercise_plus_set_index,ridge,7,hsianshun0514workout|tsenyu0515workout|yanz0510workout|yoru0511workout|yushuan0513workout,haoyu0512workout,ziho0512workout,ziho0512workout,db_weighted_crunch,0,6.0,6.047919272431768,,,
M1_exercise_plus_set_index,ridge,7,hsianshun0514workout|tsenyu0515workout|yanz0510workout|yoru0511workout|yushuan0513workout,haoyu0512workout,ziho0512workout,ziho0512workout,db_weighted_crunch,1,8.0,6.471707532432483,,,
M1_exercise_plus_set_index,ridge,7,hsianshun0514workout|tsenyu0515workout|yanz0510workout|yoru0511workout|yushuan0513workout,haoyu0512workout,ziho0512workout,ziho0512workout,db_weighted_crunch,2,9.0,6.895495792433198,,,
M1_exercise_plus_set_index,ridge,7,hsianshun0514workout|tsenyu0515workout|yanz0510workout|yoru0511workout|yushuan0513workout,haoyu0512workout,ziho0512workout,ziho0512workout,one_arm_db_row,0,6.0,6.809284849801687,,,
M1_exercise_plus_set_index,ridge,7,hsianshun0514workout|tsenyu0515workout|yanz0510workout|yoru0511workout|yushuan0513workout,haoyu0512workout,ziho0512workout,ziho0512workout,one_arm_db_row,1,8.0,7.233073109802401,,,
M1_exercise_plus_set_index,ridge,7,hsianshun0514workout|tsenyu0515workout|yanz0510workout|yoru0511workout|yushuan0513workout,haoyu0512workout,ziho0512workout,ziho0512workout,one_arm_db_row,2,9.0,7.656861369803116,,,
M2_exercise_plus_cumulative_tut,ridge,1,tsenyu0515workout|yanz0510workout|yoru0511workout|yushuan0513workout|ziho0512workout,hsianshun0514workout,haoyu0512workout,haoyu0512workout,db_bench_press,0,8.0,7.11901705771561,,,
M2_exercise_plus_cumulative_tut,ridge,1,tsenyu0515workout|yanz0510workout|yoru0511workout|yushuan0513workout|ziho0512workout,hsianshun0514workout,haoyu0512workout,haoyu0512workout,db_bench_press,1,9.0,8.13874219434271,,,
M2_exercise_plus_cumulative_tut,ridge,1,tsenyu0515workout|yanz0510workout|yoru0511workout|yushuan0513workout|ziho0512workout,hsianshun0514workout,haoyu0512workout,haoyu0512workout,db_bench_press,2,9.0,9.207054001229173,,,
M2_exercise_plus_cumulative_tut,ridge,1,tsenyu0515workout|yanz0510workout|yoru0511workout|yushuan0513workout|ziho0512workout,hsianshun0514workout,haoyu0512workout,haoyu0512workout,db_biceps_curl,0,9.0,7.693626381745609,,,
M2_exercise_plus_cumulative_tut,ridge,1,tsenyu0515workout|yanz0510workout|yoru0511workout|yushuan0513workout|ziho0512workout,hsianshun0514workout,haoyu0512workout,haoyu0512workout,db_biceps_curl,1,9.0,8.583456542781354,,,
M2_exercise_plus_cumulative_tut,ridge,1,tsenyu0515workout|yanz0510workout|yoru0511workout|yushuan0513workout|ziho0512workout,hsianshun0514workout,haoyu0512workout,haoyu0512workout,db_biceps_curl,3,9.0,9.472691764997595,,,
M2_exercise_plus_cumulative_tut,ridge,1,tsenyu0515workout|yanz0510workout|yoru0511workout|yushuan0513workout|ziho0512workout,hsianshun0514workout,haoyu0512workout,haoyu0512workout,db_rdl,0,9.0,6.3922924009925595,,,
M2_exercise_plus_cumulative_tut,ridge,1,tsenyu0515workout|yanz0510workout|yoru0511workout|yushuan0513workout|ziho0512workout,hsianshun0514workout,haoyu0512workout,haoyu0512workout,db_rdl,1,9.0,7.3826672225242085,,,
M2_exercise_plus_cumulative_tut,ridge,1,tsenyu0515workout|yanz0510workout|yoru0511workout|yushuan0513workout|ziho0512workout,hsianshun0514workout,haoyu0512workout,haoyu0512workout,db_rdl,2,9.0,8.533873838261336,,,
M2_exercise_plus_cumulative_tut,ridge,1,tsenyu0515workout|yanz0510workout|yoru0511workout|yushuan0513workout|ziho0512workout,hsianshun0514workout,haoyu0512workout,haoyu0512workout,db_shoulder_press,0,7.0,8.030273350765539,,,
M2_exercise_plus_cumulative_tut,ridge,1,tsenyu0515workout|yanz0510workout|yoru0511workout|yushuan0513workout|ziho0512workout,hsianshun0514workout,haoyu0512workout,haoyu0512workout,db_shoulder_press,1,9.0,8.897297523720358,,,
M2_exercise_plus_cumulative_tut,ridge,1,tsenyu0515workout|yanz0510workout|yoru0511workout|yushuan0513workout|ziho0512workout,hsianshun0514workout,haoyu0512workout,haoyu0512workout,db_shoulder_press,2,9.0,9.924955177940824,,,
M2_exercise_plus_cumulative_tut,ridge,1,tsenyu0515workout|yanz0510workout|yoru0511workout|yushuan0513workout|ziho0512workout,hsianshun0514workout,haoyu0512workout,haoyu0512workout,db_squat,0,6.0,5.950045809897398,,,
M2_exercise_plus_cumulative_tut,ridge,1,tsenyu0515workout|yanz0510workout|yoru0511workout|yushuan0513workout|ziho0512workout,hsianshun0514workout,haoyu0512workout,haoyu0512workout,db_squat,1,9.0,6.705023171845933,,,
M2_exercise_plus_cumulative_tut,ridge,1,tsenyu0515workout|yanz0510workout|yoru0511workout|yushuan0513workout|ziho0512workout,hsianshun0514workout,haoyu0512workout,haoyu0512workout,db_squat,2,8.0,7.375915847304797,,,
M2_exercise_plus_cumulative_tut,ridge,1,tsenyu0515workout|yanz0510workout|yoru0511workout|yushuan0513workout|ziho0512workout,hsianshun0514workout,haoyu0512workout,haoyu0512workout,db_triceps_curl,0,7.0,6.485316830947628,,,
M2_exercise_plus_cumulative_tut,ridge,1,tsenyu0515workout|yanz0510workout|yoru0511workout|yushuan0513workout|ziho0512workout,hsianshun0514workout,haoyu0512workout,haoyu0512workout,db_triceps_curl,1,9.0,7.415007892890032,,,
M2_exercise_plus_cumulative_tut,ridge,1,tsenyu0515workout|yanz0510workout|yoru0511workout|yushuan0513workout|ziho0512workout,hsianshun0514workout,haoyu0512workout,haoyu0512workout,db_triceps_curl,2,9.0,8.270728228274304,,,
M2_exercise_plus_cumulative_tut,ridge,1,tsenyu0515workout|yanz0510workout|yoru0511workout|yushuan0513workout|ziho0512workout,hsianshun0514workout,haoyu0512workout,haoyu0512workout,db_weighted_crunch,0,6.0,5.6826255925310365,,,
M2_exercise_plus_cumulative_tut,ridge,1,tsenyu0515workout|yanz0510workout|yoru0511workout|yushuan0513workout|ziho0512workout,hsianshun0514workout,haoyu0512workout,haoyu0512workout,db_weighted_crunch,1,7.0,6.536561111456803,,,
M2_exercise_plus_cumulative_tut,ridge,1,tsenyu0515workout|yanz0510workout|yoru0511workout|yushuan0513workout|ziho0512workout,hsianshun0514workout,haoyu0512workout,haoyu0512workout,db_weighted_crunch,2,9.0,7.333779129590008,,,
M2_exercise_plus_cumulative_tut,ridge,1,tsenyu0515workout|yanz0510workout|yoru0511workout|yushuan0513workout|ziho0512workout,hsianshun0514workout,haoyu0512workout,haoyu0512workout,one_arm_db_row,0,9.0,6.977342856014779,,,
M2_exercise_plus_cumulative_tut,ridge,1,tsenyu0515workout|yanz0510workout|yoru0511workout|yushuan0513workout|ziho0512workout,hsianshun0514workout,haoyu0512workout,haoyu0512workout,one_arm_db_row,1,9.0,7.86221519355467,,,
M2_exercise_plus_cumulative_tut,ridge,1,tsenyu0515workout|yanz0510workout|yoru0511workout|yushuan0513workout|ziho0512workout,hsianshun0514workout,haoyu0512workout,haoyu0512workout,one_arm_db_row,2,9.0,8.695526166737686,,,
M2_exercise_plus_cumulative_tut,ridge,2,haoyu0512workout|yanz0510workout|yoru0511workout|yushuan0513workout|ziho0512workout,tsenyu0515workout,hsianshun0514workout,hsianshun0514workout,db_bench_press,0,4.0,7.401285059545653,,,
M2_exercise_plus_cumulative_tut,ridge,2,haoyu0512workout|yanz0510workout|yoru0511workout|yushuan0513workout|ziho0512workout,tsenyu0515workout,hsianshun0514workout,hsianshun0514workout,db_bench_press,1,6.0,8.085490070994172,,,
M2_exercise_plus_cumulative_tut,ridge,2,haoyu0512workout|yanz0510workout|yoru0511workout|yushuan0513workout|ziho0512workout,tsenyu0515workout,hsianshun0514workout,hsianshun0514workout,db_bench_press,2,7.0,8.739670791153706,,,
M2_exercise_plus_cumulative_tut,ridge,2,haoyu0512workout|yanz0510workout|yoru0511workout|yushuan0513workout|ziho0512workout,tsenyu0515workout,hsianshun0514workout,hsianshun0514workout,db_biceps_curl,0,9.0,7.838494538939749,,,
M2_exercise_plus_cumulative_tut,ridge,2,haoyu0512workout|yanz0510workout|yoru0511workout|yushuan0513workout|ziho0512workout,tsenyu0515workout,hsianshun0514workout,hsianshun0514workout,db_biceps_curl,1,10.0,8.15356272429177,,,
M2_exercise_plus_cumulative_tut,ridge,2,haoyu0512workout|yanz0510workout|yoru0511workout|yushuan0513workout|ziho0512workout,tsenyu0515workout,hsianshun0514workout,hsianshun0514workout,db_biceps_curl,2,10.0,8.568670353233223,,,
M2_exercise_plus_cumulative_tut,ridge,2,haoyu0512workout|yanz0510workout|yoru0511workout|yushuan0513workout|ziho0512workout,tsenyu0515workout,hsianshun0514workout,hsianshun0514workout,db_rdl,0,4.0,7.138274023844297,,,
M2_exercise_plus_cumulative_tut,ridge,2,haoyu0512workout|yanz0510workout|yoru0511workout|yushuan0513workout|ziho0512workout,tsenyu0515workout,hsianshun0514workout,hsianshun0514workout,db_rdl,1,6.0,7.608073204137881,,,
M2_exercise_plus_cumulative_tut,ridge,2,haoyu0512workout|yanz0510workout|yoru0511workout|yushuan0513workout|ziho0512workout,tsenyu0515workout,hsianshun0514workout,hsianshun0514workout,db_rdl,2,8.0,8.074259502907065,,,
M2_exercise_plus_cumulative_tut,ridge,2,haoyu0512workout|yanz0510workout|yoru0511workout|yushuan0513workout|ziho0512workout,tsenyu0515workout,hsianshun0514workout,hsianshun0514workout,db_shoulder_press,1,9.0,7.956980615031483,,,
M2_exercise_plus_cumulative_tut,ridge,2,haoyu0512workout|yanz0510workout|yoru0511workout|yushuan0513workout|ziho0512workout,tsenyu0515workout,hsianshun0514workout,hsianshun0514workout,db_shoulder_press,2,10.0,8.430766423214061,,,
M2_exercise_plus_cumulative_tut,ridge,2,haoyu0512workout|yanz0510workout|yoru0511workout|yushuan0513workout|ziho0512workout,tsenyu0515workout,hsianshun0514workout,hsianshun0514workout,db_shoulder_press,3,10.0,8.890100705299037,,,
M2_exercise_plus_cumulative_tut,ridge,2,haoyu0512workout|yanz0510workout|yoru0511workout|yushuan0513workout|ziho0512workout,tsenyu0515workout,hsianshun0514workout,hsianshun0514workout,db_squat,0,4.0,6.847160107151071,,,
M2_exercise_plus_cumulative_tut,ridge,2,haoyu0512workout|yanz0510workout|yoru0511workout|yushuan0513workout|ziho0512workout,tsenyu0515workout,hsianshun0514workout,hsianshun0514workout,db_squat,1,6.0,7.2275093241853625,,,
M2_exercise_plus_cumulative_tut,ridge,2,haoyu0512workout|yanz0510workout|yoru0511workout|yushuan0513workout|ziho0512workout,tsenyu0515workout,hsianshun0514workout,hsianshun0514workout,db_squat,2,7.0,7.579204653267512,,,
M2_exercise_plus_cumulative_tut,ridge,2,haoyu0512workout|yanz0510workout|yoru0511workout|yushuan0513workout|ziho0512workout,tsenyu0515workout,hsianshun0514workout,hsianshun0514workout,db_triceps_curl,0,4.0,7.0643951166827925,,,
M2_exercise_plus_cumulative_tut,ridge,2,haoyu0512workout|yanz0510workout|yoru0511workout|yushuan0513workout|ziho0512workout,tsenyu0515workout,hsianshun0514workout,hsianshun0514workout,db_triceps_curl,1,7.0,7.514261157531409,,,
M2_exercise_plus_cumulative_tut,ridge,2,haoyu0512workout|yanz0510workout|yoru0511workout|yushuan0513workout|ziho0512workout,tsenyu0515workout,hsianshun0514workout,hsianshun0514workout,db_triceps_curl,2,8.0,7.915789335225978,,,
M2_exercise_plus_cumulative_tut,ridge,2,haoyu0512workout|yanz0510workout|yoru0511workout|yushuan0513workout|ziho0512workout,tsenyu0515workout,hsianshun0514workout,hsianshun0514workout,db_weighted_crunch,0,5.0,6.822107207222503,,,
M2_exercise_plus_cumulative_tut,ridge,2,haoyu0512workout|yanz0510workout|yoru0511workout|yushuan0513workout|ziho0512workout,tsenyu0515workout,hsianshun0514workout,hsianshun0514workout,db_weighted_crunch,2,7.0,7.353449955552425,,,
M2_exercise_plus_cumulative_tut,ridge,2,haoyu0512workout|yanz0510workout|yoru0511workout|yushuan0513workout|ziho0512workout,tsenyu0515workout,hsianshun0514workout,hsianshun0514workout,db_weighted_crunch,3,7.0,7.902607947261287,,,
M2_exercise_plus_cumulative_tut,ridge,2,haoyu0512workout|yanz0510workout|yoru0511workout|yushuan0513workout|ziho0512workout,tsenyu0515workout,hsianshun0514workout,hsianshun0514workout,one_arm_db_row,1,7.0,7.259413474052176,,,
M2_exercise_plus_cumulative_tut,ridge,2,haoyu0512workout|yanz0510workout|yoru0511workout|yushuan0513workout|ziho0512workout,tsenyu0515workout,hsianshun0514workout,hsianshun0514workout,one_arm_db_row,2,8.0,7.6223211940721205,,,
M2_exercise_plus_cumulative_tut,ridge,3,haoyu0512workout|hsianshun0514workout|yoru0511workout|yushuan0513workout|ziho0512workout,yanz0510workout,tsenyu0515workout,tsenyu0515workout,db_bench_press,0,3.0,6.429115630026188,,,
M2_exercise_plus_cumulative_tut,ridge,3,haoyu0512workout|hsianshun0514workout|yoru0511workout|yushuan0513workout|ziho0512workout,yanz0510workout,tsenyu0515workout,tsenyu0515workout,db_bench_press,1,6.0,7.748320024409307,,,
M2_exercise_plus_cumulative_tut,ridge,3,haoyu0512workout|hsianshun0514workout|yoru0511workout|yushuan0513workout|ziho0512workout,yanz0510workout,tsenyu0515workout,tsenyu0515workout,db_bench_press,2,8.0,9.112211653041113,,,
M2_exercise_plus_cumulative_tut,ridge,3,haoyu0512workout|hsianshun0514workout|yoru0511workout|yushuan0513workout|ziho0512workout,yanz0510workout,tsenyu0515workout,tsenyu0515workout,db_biceps_curl,0,6.0,8.609563696176942,,,
M2_exercise_plus_cumulative_tut,ridge,3,haoyu0512workout|hsianshun0514workout|yoru0511workout|yushuan0513workout|ziho0512workout,yanz0510workout,tsenyu0515workout,tsenyu0515workout,db_biceps_curl,1,9.0,9.903398775283462,,,
M2_exercise_plus_cumulative_tut,ridge,3,haoyu0512workout|hsianshun0514workout|yoru0511workout|yushuan0513workout|ziho0512workout,yanz0510workout,tsenyu0515workout,tsenyu0515workout,db_biceps_curl,2,9.0,11.338510683499113,,,
M2_exercise_plus_cumulative_tut,ridge,3,haoyu0512workout|hsianshun0514workout|yoru0511workout|yushuan0513workout|ziho0512workout,yanz0510workout,tsenyu0515workout,tsenyu0515workout,db_rdl,0,6.0,7.1294265256775935,,,
M2_exercise_plus_cumulative_tut,ridge,3,haoyu0512workout|hsianshun0514workout|yoru0511workout|yushuan0513workout|ziho0512workout,yanz0510workout,tsenyu0515workout,tsenyu0515workout,db_rdl,1,10.0,9.019324140778322,,,
M2_exercise_plus_cumulative_tut,ridge,3,haoyu0512workout|hsianshun0514workout|yoru0511workout|yushuan0513workout|ziho0512workout,yanz0510workout,tsenyu0515workout,tsenyu0515workout,db_rdl,2,6.0,10.195389737958616,,,
M2_exercise_plus_cumulative_tut,ridge,3,haoyu0512workout|hsianshun0514workout|yoru0511workout|yushuan0513workout|ziho0512workout,yanz0510workout,tsenyu0515workout,tsenyu0515workout,db_shoulder_press,0,5.0,8.403418194000427,,,
M2_exercise_plus_cumulative_tut,ridge,3,haoyu0512workout|hsianshun0514workout|yoru0511workout|yushuan0513workout|ziho0512workout,yanz0510workout,tsenyu0515workout,tsenyu0515workout,db_shoulder_press,1,8.0,9.734725380992565,,,
M2_exercise_plus_cumulative_tut,ridge,3,haoyu0512workout|hsianshun0514workout|yoru0511workout|yushuan0513workout|ziho0512workout,yanz0510workout,tsenyu0515workout,tsenyu0515workout,db_shoulder_press,2,9.0,11.028560460099085,,,
M2_exercise_plus_cumulative_tut,ridge,3,haoyu0512workout|hsianshun0514workout|yoru0511workout|yushuan0513workout|ziho0512workout,yanz0510workout,tsenyu0515workout,tsenyu0515workout,db_squat,1,4.0,6.136107851281231,,,
M2_exercise_plus_cumulative_tut,ridge,3,haoyu0512workout|hsianshun0514workout|yoru0511workout|yushuan0513workout|ziho0512workout,yanz0510workout,tsenyu0515workout,tsenyu0515workout,db_squat,2,6.0,7.314500908578643,,,
M2_exercise_plus_cumulative_tut,ridge,3,haoyu0512workout|hsianshun0514workout|yoru0511workout|yushuan0513workout|ziho0512workout,yanz0510workout,tsenyu0515workout,tsenyu0515workout,db_squat,3,5.0,8.305067934424542,,,
M2_exercise_plus_cumulative_tut,ridge,3,haoyu0512workout|hsianshun0514workout|yoru0511workout|yushuan0513workout|ziho0512workout,yanz0510workout,tsenyu0515workout,tsenyu0515workout,db_triceps_curl,0,4.0,6.533932354503987,,,
M2_exercise_plus_cumulative_tut,ridge,3,haoyu0512workout|hsianshun0514workout|yoru0511workout|yushuan0513workout|ziho0512workout,yanz0510workout,tsenyu0515workout,tsenyu0515workout,db_triceps_curl,1,6.0,7.604331262367072,,,
M2_exercise_plus_cumulative_tut,ridge,3,haoyu0512workout|hsianshun0514workout|yoru0511workout|yushuan0513workout|ziho0512workout,yanz0510workout,tsenyu0515workout,tsenyu0515workout,db_triceps_curl,2,7.0,8.715926214303165,,,
M2_exercise_plus_cumulative_tut,ridge,3,haoyu0512workout|hsianshun0514workout|yoru0511workout|yushuan0513workout|ziho0512workout,yanz0510workout,tsenyu0515workout,tsenyu0515workout,db_weighted_crunch,0,3.0,5.759274315346621,,,
M2_exercise_plus_cumulative_tut,ridge,3,haoyu0512workout|hsianshun0514workout|yoru0511workout|yushuan0513workout|ziho0512workout,yanz0510workout,tsenyu0515workout,tsenyu0515workout,db_weighted_crunch,1,5.0,6.677457331550116,,,
M2_exercise_plus_cumulative_tut,ridge,3,haoyu0512workout|hsianshun0514workout|yoru0511workout|yushuan0513workout|ziho0512workout,yanz0510workout,tsenyu0515workout,tsenyu0515workout,db_weighted_crunch,2,7.0,7.591450919542796,,,
M2_exercise_plus_cumulative_tut,ridge,3,haoyu0512workout|hsianshun0514workout|yoru0511workout|yushuan0513workout|ziho0512workout,yanz0510workout,tsenyu0515workout,tsenyu0515workout,one_arm_db_row,0,5.0,7.430027817392558,,,
M2_exercise_plus_cumulative_tut,ridge,3,haoyu0512workout|hsianshun0514workout|yoru0511workout|yushuan0513workout|ziho0512workout,yanz0510workout,tsenyu0515workout,tsenyu0515workout,one_arm_db_row,1,8.0,8.695002391046803,,,
M2_exercise_plus_cumulative_tut,ridge,3,haoyu0512workout|hsianshun0514workout|yoru0511workout|yushuan0513workout|ziho0512workout,yanz0510workout,tsenyu0515workout,tsenyu0515workout,one_arm_db_row,2,9.0,9.94461572792806,,,
M2_exercise_plus_cumulative_tut,ridge,4,haoyu0512workout|hsianshun0514workout|tsenyu0515workout|yushuan0513workout|ziho0512workout,yoru0511workout,yanz0510workout,yanz0510workout,db_bench_press,2,5.0,6.742730325301264,,,
M2_exercise_plus_cumulative_tut,ridge,4,haoyu0512workout|hsianshun0514workout|tsenyu0515workout|yushuan0513workout|ziho0512workout,yoru0511workout,yanz0510workout,yanz0510workout,db_bench_press,3,7.0,7.449554351816898,,,
M2_exercise_plus_cumulative_tut,ridge,4,haoyu0512workout|hsianshun0514workout|tsenyu0515workout|yushuan0513workout|ziho0512workout,yoru0511workout,yanz0510workout,yanz0510workout,db_bench_press,4,8.0,8.018353672668255,,,
M2_exercise_plus_cumulative_tut,ridge,4,haoyu0512workout|hsianshun0514workout|tsenyu0515workout|yushuan0513workout|ziho0512workout,yoru0511workout,yanz0510workout,yanz0510workout,db_biceps_curl,0,7.0,7.975091199532791,,,
M2_exercise_plus_cumulative_tut,ridge,4,haoyu0512workout|hsianshun0514workout|tsenyu0515workout|yushuan0513workout|ziho0512workout,yoru0511workout,yanz0510workout,yanz0510workout,db_biceps_curl,1,9.0,8.504431500140862,,,
M2_exercise_plus_cumulative_tut,ridge,4,haoyu0512workout|hsianshun0514workout|tsenyu0515workout|yushuan0513workout|ziho0512workout,yoru0511workout,yanz0510workout,yanz0510workout,db_biceps_curl,2,10.0,8.887560576361984,,,
M2_exercise_plus_cumulative_tut,ridge,4,haoyu0512workout|hsianshun0514workout|tsenyu0515workout|yushuan0513workout|ziho0512workout,yoru0511workout,yanz0510workout,yanz0510workout,db_rdl,0,5.0,6.679670867937694,,,
M2_exercise_plus_cumulative_tut,ridge,4,haoyu0512workout|hsianshun0514workout|tsenyu0515workout|yushuan0513workout|ziho0512workout,yoru0511workout,yanz0510workout,yanz0510workout,db_rdl,1,8.0,7.452314504983623,,,
M2_exercise_plus_cumulative_tut,ridge,4,haoyu0512workout|hsianshun0514workout|tsenyu0515workout|yushuan0513workout|ziho0512workout,yoru0511workout,yanz0510workout,yanz0510workout,db_rdl,2,9.0,8.201053507359346,,,
M2_exercise_plus_cumulative_tut,ridge,4,haoyu0512workout|hsianshun0514workout|tsenyu0515workout|yushuan0513workout|ziho0512workout,yoru0511workout,yanz0510workout,yanz0510workout,db_shoulder_press,1,7.0,8.014487242462856,,,
M2_exercise_plus_cumulative_tut,ridge,4,haoyu0512workout|hsianshun0514workout|tsenyu0515workout|yushuan0513workout|ziho0512workout,yoru0511workout,yanz0510workout,yanz0510workout,db_shoulder_press,2,10.0,8.396961397186164,,,
M2_exercise_plus_cumulative_tut,ridge,4,haoyu0512workout|hsianshun0514workout|tsenyu0515workout|yushuan0513workout|ziho0512workout,yoru0511workout,yanz0510workout,yanz0510workout,db_shoulder_press,3,10.0,8.682015979109657,,,
M2_exercise_plus_cumulative_tut,ridge,4,haoyu0512workout|hsianshun0514workout|tsenyu0515workout|yushuan0513workout|ziho0512workout,yoru0511workout,yanz0510workout,yanz0510workout,db_squat,0,7.0,5.960015228023616,,,
M2_exercise_plus_cumulative_tut,ridge,4,haoyu0512workout|hsianshun0514workout|tsenyu0515workout|yushuan0513workout|ziho0512workout,yoru0511workout,yanz0510workout,yanz0510workout,db_squat,1,8.0,6.440236416295647,,,
M2_exercise_plus_cumulative_tut,ridge,4,haoyu0512workout|hsianshun0514workout|tsenyu0515workout|yushuan0513workout|ziho0512workout,yoru0511workout,yanz0510workout,yanz0510workout,db_squat,2,9.0,6.918820300823143,,,
M2_exercise_plus_cumulative_tut,ridge,4,haoyu0512workout|hsianshun0514workout|tsenyu0515workout|yushuan0513workout|ziho0512workout,yoru0511workout,yanz0510workout,yanz0510workout,db_triceps_curl,0,7.0,6.548555060144342,,,
M2_exercise_plus_cumulative_tut,ridge,4,haoyu0512workout|hsianshun0514workout|tsenyu0515workout|yushuan0513workout|ziho0512workout,yoru0511workout,yanz0510workout,yanz0510workout,db_triceps_curl,2,8.0,7.0500611970953235,,,
M2_exercise_plus_cumulative_tut,ridge,4,haoyu0512workout|hsianshun0514workout|tsenyu0515workout|yushuan0513workout|ziho0512workout,yoru0511workout,yanz0510workout,yanz0510workout,db_triceps_curl,4,9.0,7.570887518231814,,,
M2_exercise_plus_cumulative_tut,ridge,4,haoyu0512workout|hsianshun0514workout|tsenyu0515workout|yushuan0513workout|ziho0512workout,yoru0511workout,yanz0510workout,yanz0510workout,db_weighted_crunch,0,6.0,5.752587449364692,,,
M2_exercise_plus_cumulative_tut,ridge,4,haoyu0512workout|hsianshun0514workout|tsenyu0515workout|yushuan0513workout|ziho0512workout,yoru0511workout,yanz0510workout,yanz0510workout,db_weighted_crunch,2,7.0,6.385405346627357,,,
M2_exercise_plus_cumulative_tut,ridge,4,haoyu0512workout|hsianshun0514workout|tsenyu0515workout|yushuan0513workout|ziho0512workout,yoru0511workout,yanz0510workout,yanz0510workout,db_weighted_crunch,3,8.0,6.957315544593331,,,
M2_exercise_plus_cumulative_tut,ridge,4,haoyu0512workout|hsianshun0514workout|tsenyu0515workout|yushuan0513workout|ziho0512workout,yoru0511workout,yanz0510workout,yanz0510workout,one_arm_db_row,0,6.0,7.303789301176991,,,
M2_exercise_plus_cumulative_tut,ridge,4,haoyu0512workout|hsianshun0514workout|tsenyu0515workout|yushuan0513workout|ziho0512workout,yoru0511workout,yanz0510workout,yanz0510workout,one_arm_db_row,1,7.0,7.832965871410609,,,
M2_exercise_plus_cumulative_tut,ridge,4,haoyu0512workout|hsianshun0514workout|tsenyu0515workout|yushuan0513workout|ziho0512workout,yoru0511workout,yanz0510workout,yanz0510workout,one_arm_db_row,2,9.0,8.356411878538355,,,
M2_exercise_plus_cumulative_tut,ridge,5,haoyu0512workout|hsianshun0514workout|tsenyu0515workout|yanz0510workout|ziho0512workout,yushuan0513workout,yoru0511workout,yoru0511workout,db_bench_press,0,3.0,6.035932061508267,,,
M2_exercise_plus_cumulative_tut,ridge,5,haoyu0512workout|hsianshun0514workout|tsenyu0515workout|yanz0510workout|ziho0512workout,yushuan0513workout,yoru0511workout,yoru0511workout,db_bench_press,4,5.0,6.7215567200594215,,,
M2_exercise_plus_cumulative_tut,ridge,5,haoyu0512workout|hsianshun0514workout|tsenyu0515workout|yanz0510workout|ziho0512workout,yushuan0513workout,yoru0511workout,yoru0511workout,db_bench_press,5,7.0,7.394143973016872,,,
M2_exercise_plus_cumulative_tut,ridge,5,haoyu0512workout|hsianshun0514workout|tsenyu0515workout|yanz0510workout|ziho0512workout,yushuan0513workout,yoru0511workout,yoru0511workout,db_biceps_curl,0,6.0,7.768004969072589,,,
M2_exercise_plus_cumulative_tut,ridge,5,haoyu0512workout|hsianshun0514workout|tsenyu0515workout|yanz0510workout|ziho0512workout,yushuan0513workout,yoru0511workout,yoru0511workout,db_biceps_curl,1,8.0,8.321826814909299,,,
M2_exercise_plus_cumulative_tut,ridge,5,haoyu0512workout|hsianshun0514workout|tsenyu0515workout|yanz0510workout|ziho0512workout,yushuan0513workout,yoru0511workout,yoru0511workout,db_biceps_curl,2,9.0,8.895651255629502,,,
M2_exercise_plus_cumulative_tut,ridge,5,haoyu0512workout|hsianshun0514workout|tsenyu0515workout|yanz0510workout|ziho0512workout,yushuan0513workout,yoru0511workout,yoru0511workout,db_rdl,0,6.0,6.521938907464013,,,
M2_exercise_plus_cumulative_tut,ridge,5,haoyu0512workout|hsianshun0514workout|tsenyu0515workout|yanz0510workout|ziho0512workout,yushuan0513workout,yoru0511workout,yoru0511workout,db_rdl,1,6.0,7.262927891139122,,,
M2_exercise_plus_cumulative_tut,ridge,5,haoyu0512workout|hsianshun0514workout|tsenyu0515workout|yanz0510workout|ziho0512workout,yushuan0513workout,yoru0511workout,yoru0511workout,db_rdl,2,7.0,7.943551900969404,,,
M2_exercise_plus_cumulative_tut,ridge,5,haoyu0512workout|hsianshun0514workout|tsenyu0515workout|yanz0510workout|ziho0512workout,yushuan0513workout,yoru0511workout,yoru0511workout,db_shoulder_press,0,7.0,7.920718680485278,,,
M2_exercise_plus_cumulative_tut,ridge,5,haoyu0512workout|hsianshun0514workout|tsenyu0515workout|yanz0510workout|ziho0512workout,yushuan0513workout,yoru0511workout,yoru0511workout,db_shoulder_press,1,8.0,8.471147228975681,,,
M2_exercise_plus_cumulative_tut,ridge,5,haoyu0512workout|hsianshun0514workout|tsenyu0515workout|yanz0510workout|ziho0512workout,yushuan0513workout,yoru0511workout,yoru0511workout,db_shoulder_press,2,9.0,8.999787236610853,,,
M2_exercise_plus_cumulative_tut,ridge,5,haoyu0512workout|hsianshun0514workout|tsenyu0515workout|yanz0510workout|ziho0512workout,yushuan0513workout,yoru0511workout,yoru0511workout,db_squat,0,4.0,6.083814422564192,,,
M2_exercise_plus_cumulative_tut,ridge,5,haoyu0512workout|hsianshun0514workout|tsenyu0515workout|yanz0510workout|ziho0512workout,yushuan0513workout,yoru0511workout,yoru0511workout,db_squat,1,5.0,6.704073458549647,,,
M2_exercise_plus_cumulative_tut,ridge,5,haoyu0512workout|hsianshun0514workout|tsenyu0515workout|yanz0510workout|ziho0512workout,yushuan0513workout,yoru0511workout,yoru0511workout,db_squat,2,6.0,7.318974656619881,,,
M2_exercise_plus_cumulative_tut,ridge,5,haoyu0512workout|hsianshun0514workout|tsenyu0515workout|yanz0510workout|ziho0512workout,yushuan0513workout,yoru0511workout,yoru0511workout,db_triceps_curl,0,5.0,6.584274180573445,,,
M2_exercise_plus_cumulative_tut,ridge,5,haoyu0512workout|hsianshun0514workout|tsenyu0515workout|yanz0510workout|ziho0512workout,yushuan0513workout,yoru0511workout,yoru0511workout,db_triceps_curl,1,5.0,7.0971978636573,,,
M2_exercise_plus_cumulative_tut,ridge,5,haoyu0512workout|hsianshun0514workout|tsenyu0515workout|yanz0510workout|ziho0512workout,yushuan0513workout,yoru0511workout,yoru0511workout,db_triceps_curl,2,6.0,7.6031563574513665,,,
M2_exercise_plus_cumulative_tut,ridge,5,haoyu0512workout|hsianshun0514workout|tsenyu0515workout|yanz0510workout|ziho0512workout,yushuan0513workout,yoru0511workout,yoru0511workout,db_weighted_crunch,0,6.0,5.78539732045769,,,
M2_exercise_plus_cumulative_tut,ridge,5,haoyu0512workout|hsianshun0514workout|tsenyu0515workout|yanz0510workout|ziho0512workout,yushuan0513workout,yoru0511workout,yoru0511workout,db_weighted_crunch,1,7.0,6.3756524641179055,,,
M2_exercise_plus_cumulative_tut,ridge,5,haoyu0512workout|hsianshun0514workout|tsenyu0515workout|yanz0510workout|ziho0512workout,yushuan0513workout,yoru0511workout,yoru0511workout,db_weighted_crunch,2,7.0,6.919830201707218,,,
M2_exercise_plus_cumulative_tut,ridge,5,haoyu0512workout|hsianshun0514workout|tsenyu0515workout|yanz0510workout|ziho0512workout,yushuan0513workout,yoru0511workout,yoru0511workout,one_arm_db_row,0,5.0,6.904551599224055,,,
M2_exercise_plus_cumulative_tut,ridge,5,haoyu0512workout|hsianshun0514workout|tsenyu0515workout|yanz0510workout|ziho0512workout,yushuan0513workout,yoru0511workout,yoru0511workout,one_arm_db_row,2,7.0,7.443728688092494,,,
M2_exercise_plus_cumulative_tut,ridge,5,haoyu0512workout|hsianshun0514workout|tsenyu0515workout|yanz0510workout|ziho0512workout,yushuan0513workout,yoru0511workout,yoru0511workout,one_arm_db_row,3,8.0,8.000050858289642,,,
M2_exercise_plus_cumulative_tut,ridge,6,haoyu0512workout|hsianshun0514workout|tsenyu0515workout|yanz0510workout|yoru0511workout,ziho0512workout,yushuan0513workout,yushuan0513workout,db_bench_press,0,9.0,6.188373459695432,,,
M2_exercise_plus_cumulative_tut,ridge,6,haoyu0512workout|hsianshun0514workout|tsenyu0515workout|yanz0510workout|yoru0511workout,ziho0512workout,yushuan0513workout,yushuan0513workout,db_bench_press,1,10.0,6.714457470250865,,,
M2_exercise_plus_cumulative_tut,ridge,6,haoyu0512workout|hsianshun0514workout|tsenyu0515workout|yanz0510workout|yoru0511workout,ziho0512workout,yushuan0513workout,yushuan0513workout,db_bench_press,3,10.0,7.099025943333418,,,
M2_exercise_plus_cumulative_tut,ridge,6,haoyu0512workout|hsianshun0514workout|tsenyu0515workout|yanz0510workout|yoru0511workout,ziho0512workout,yushuan0513workout,yushuan0513workout,db_biceps_curl,0,7.0,7.436389239686362,,,
M2_exercise_plus_cumulative_tut,ridge,6,haoyu0512workout|hsianshun0514workout|tsenyu0515workout|yanz0510workout|yoru0511workout,ziho0512workout,yushuan0513workout,yushuan0513workout,db_biceps_curl,1,9.0,7.821075642383475,,,
M2_exercise_plus_cumulative_tut,ridge,6,haoyu0512workout|hsianshun0514workout|tsenyu0515workout|yanz0510workout|yoru0511workout,ziho0512workout,yushuan0513workout,yushuan0513workout,db_biceps_curl,2,10.0,8.228758319919931,,,
M2_exercise_plus_cumulative_tut,ridge,6,haoyu0512workout|hsianshun0514workout|tsenyu0515workout|yanz0510workout|yoru0511workout,ziho0512workout,yushuan0513workout,yushuan0513workout,db_rdl,0,6.0,6.73321698639359,,,
M2_exercise_plus_cumulative_tut,ridge,6,haoyu0512workout|hsianshun0514workout|tsenyu0515workout|yanz0510workout|yoru0511workout,ziho0512workout,yushuan0513workout,yushuan0513workout,db_rdl,1,8.0,7.2998687843579155,,,
M2_exercise_plus_cumulative_tut,ridge,6,haoyu0512workout|hsianshun0514workout|tsenyu0515workout|yanz0510workout|yoru0511workout,ziho0512workout,yushuan0513workout,yushuan0513workout,db_rdl,2,8.0,7.885153461422837,,,
M2_exercise_plus_cumulative_tut,ridge,6,haoyu0512workout|hsianshun0514workout|tsenyu0515workout|yanz0510workout|yoru0511workout,ziho0512workout,yushuan0513workout,yushuan0513workout,db_shoulder_press,0,8.0,7.564994056308081,,,
M2_exercise_plus_cumulative_tut,ridge,6,haoyu0512workout|hsianshun0514workout|tsenyu0515workout|yanz0510workout|yoru0511workout,ziho0512workout,yushuan0513workout,yushuan0513workout,db_shoulder_press,1,9.0,8.22551782746275,,,
M2_exercise_plus_cumulative_tut,ridge,6,haoyu0512workout|hsianshun0514workout|tsenyu0515workout|yanz0510workout|yoru0511workout,ziho0512workout,yushuan0513workout,yushuan0513workout,db_shoulder_press,2,10.0,8.788277948146572,,,
M2_exercise_plus_cumulative_tut,ridge,6,haoyu0512workout|hsianshun0514workout|tsenyu0515workout|yanz0510workout|yoru0511workout,ziho0512workout,yushuan0513workout,yushuan0513workout,db_squat,0,6.0,6.191056894533366,,,
M2_exercise_plus_cumulative_tut,ridge,6,haoyu0512workout|hsianshun0514workout|tsenyu0515workout|yanz0510workout|yoru0511workout,ziho0512workout,yushuan0513workout,yushuan0513workout,db_squat,1,7.0,6.667964255816973,,,
M2_exercise_plus_cumulative_tut,ridge,6,haoyu0512workout|hsianshun0514workout|tsenyu0515workout|yanz0510workout|yoru0511workout,ziho0512workout,yushuan0513workout,yushuan0513workout,db_squat,2,8.0,7.148291575922842,,,
M2_exercise_plus_cumulative_tut,ridge,6,haoyu0512workout|hsianshun0514workout|tsenyu0515workout|yanz0510workout|yoru0511workout,ziho0512workout,yushuan0513workout,yushuan0513workout,db_triceps_curl,0,6.0,6.422719252610898,,,
M2_exercise_plus_cumulative_tut,ridge,6,haoyu0512workout|hsianshun0514workout|tsenyu0515workout|yanz0510workout|yoru0511workout,ziho0512workout,yushuan0513workout,yushuan0513workout,db_triceps_curl,1,7.0,6.785234887770594,,,
M2_exercise_plus_cumulative_tut,ridge,6,haoyu0512workout|hsianshun0514workout|tsenyu0515workout|yanz0510workout|yoru0511workout,ziho0512workout,yushuan0513workout,yushuan0513workout,db_triceps_curl,2,9.0,7.187256943808135,,,
M2_exercise_plus_cumulative_tut,ridge,6,haoyu0512workout|hsianshun0514workout|tsenyu0515workout|yanz0510workout|yoru0511workout,ziho0512workout,yushuan0513workout,yushuan0513workout,db_weighted_crunch,0,5.0,6.3336687755736225,,,
M2_exercise_plus_cumulative_tut,ridge,6,haoyu0512workout|hsianshun0514workout|tsenyu0515workout|yanz0510workout|yoru0511workout,ziho0512workout,yushuan0513workout,yushuan0513workout,db_weighted_crunch,1,6.0,6.878031876385969,,,
M2_exercise_plus_cumulative_tut,ridge,6,haoyu0512workout|hsianshun0514workout|tsenyu0515workout|yanz0510workout|yoru0511workout,ziho0512workout,yushuan0513workout,yushuan0513workout,db_weighted_crunch,2,7.0,7.4031724500249165,,,
M2_exercise_plus_cumulative_tut,ridge,6,haoyu0512workout|hsianshun0514workout|tsenyu0515workout|yanz0510workout|yoru0511workout,ziho0512workout,yushuan0513workout,yushuan0513workout,one_arm_db_row,0,9.0,7.010709702068181,,,
M2_exercise_plus_cumulative_tut,ridge,6,haoyu0512workout|hsianshun0514workout|tsenyu0515workout|yanz0510workout|yoru0511workout,ziho0512workout,yushuan0513workout,yushuan0513workout,one_arm_db_row,1,8.0,7.504480998233973,,,
M2_exercise_plus_cumulative_tut,ridge,6,haoyu0512workout|hsianshun0514workout|tsenyu0515workout|yanz0510workout|yoru0511workout,ziho0512workout,yushuan0513workout,yushuan0513workout,one_arm_db_row,2,9.0,7.928673821808932,,,
M2_exercise_plus_cumulative_tut,ridge,7,hsianshun0514workout|tsenyu0515workout|yanz0510workout|yoru0511workout|yushuan0513workout,haoyu0512workout,ziho0512workout,ziho0512workout,db_bench_press,1,8.0,5.426875573816817,,,
M2_exercise_plus_cumulative_tut,ridge,7,hsianshun0514workout|tsenyu0515workout|yanz0510workout|yoru0511workout|yushuan0513workout,haoyu0512workout,ziho0512workout,ziho0512workout,db_bench_press,2,9.0,6.231709503173897,,,
M2_exercise_plus_cumulative_tut,ridge,7,hsianshun0514workout|tsenyu0515workout|yanz0510workout|yoru0511workout|yushuan0513workout,haoyu0512workout,ziho0512workout,ziho0512workout,db_bench_press,3,10.0,6.882099001132943,,,
M2_exercise_plus_cumulative_tut,ridge,7,hsianshun0514workout|tsenyu0515workout|yanz0510workout|yoru0511workout|yushuan0513workout,haoyu0512workout,ziho0512workout,ziho0512workout,db_biceps_curl,0,9.0,7.766868102577656,,,
M2_exercise_plus_cumulative_tut,ridge,7,hsianshun0514workout|tsenyu0515workout|yanz0510workout|yoru0511workout|yushuan0513workout,haoyu0512workout,ziho0512workout,ziho0512workout,db_biceps_curl,1,9.0,8.703789965295073,,,
M2_exercise_plus_cumulative_tut,ridge,7,hsianshun0514workout|tsenyu0515workout|yanz0510workout|yoru0511workout|yushuan0513workout,haoyu0512workout,ziho0512workout,ziho0512workout,db_biceps_curl,2,9.0,9.582051658849355,,,
M2_exercise_plus_cumulative_tut,ridge,7,hsianshun0514workout|tsenyu0515workout|yanz0510workout|yoru0511workout|yushuan0513workout,haoyu0512workout,ziho0512workout,ziho0512workout,db_rdl,0,8.0,5.667085528601262,,,
M2_exercise_plus_cumulative_tut,ridge,7,hsianshun0514workout|tsenyu0515workout|yanz0510workout|yoru0511workout|yushuan0513workout,haoyu0512workout,ziho0512workout,ziho0512workout,db_rdl,2,9.0,6.3595216513101045,,,
M2_exercise_plus_cumulative_tut,ridge,7,hsianshun0514workout|tsenyu0515workout|yanz0510workout|yoru0511workout|yushuan0513workout,haoyu0512workout,ziho0512workout,ziho0512workout,db_shoulder_press,0,10.0,7.5346554439235,,,
M2_exercise_plus_cumulative_tut,ridge,7,hsianshun0514workout|tsenyu0515workout|yanz0510workout|yoru0511workout|yushuan0513workout,haoyu0512workout,ziho0512workout,ziho0512workout,db_shoulder_press,1,10.0,8.182993887016702,,,
M2_exercise_plus_cumulative_tut,ridge,7,hsianshun0514workout|tsenyu0515workout|yanz0510workout|yoru0511workout|yushuan0513workout,haoyu0512workout,ziho0512workout,ziho0512workout,db_shoulder_press,2,10.0,8.727754059384797,,,
M2_exercise_plus_cumulative_tut,ridge,7,hsianshun0514workout|tsenyu0515workout|yanz0510workout|yoru0511workout|yushuan0513workout,haoyu0512workout,ziho0512workout,ziho0512workout,db_squat,0,7.0,5.457650811275947,,,
M2_exercise_plus_cumulative_tut,ridge,7,hsianshun0514workout|tsenyu0515workout|yanz0510workout|yoru0511workout|yushuan0513workout,haoyu0512workout,ziho0512workout,ziho0512workout,db_squat,1,8.0,6.231513812158786,,,
M2_exercise_plus_cumulative_tut,ridge,7,hsianshun0514workout|tsenyu0515workout|yanz0510workout|yoru0511workout|yushuan0513workout,haoyu0512workout,ziho0512workout,ziho0512workout,db_squat,2,9.0,7.018093353209856,,,
M2_exercise_plus_cumulative_tut,ridge,7,hsianshun0514workout|tsenyu0515workout|yanz0510workout|yoru0511workout|yushuan0513workout,haoyu0512workout,ziho0512workout,ziho0512workout,db_triceps_curl,0,8.0,5.914174428119812,,,
M2_exercise_plus_cumulative_tut,ridge,7,hsianshun0514workout|tsenyu0515workout|yanz0510workout|yoru0511workout|yushuan0513workout,haoyu0512workout,ziho0512workout,ziho0512workout,db_triceps_curl,1,9.0,6.794076965566772,,,
M2_exercise_plus_cumulative_tut,ridge,7,hsianshun0514workout|tsenyu0515workout|yanz0510workout|yoru0511workout|yushuan0513workout,haoyu0512workout,ziho0512workout,ziho0512workout,db_triceps_curl,2,9.0,7.559530641499651,,,
M2_exercise_plus_cumulative_tut,ridge,7,hsianshun0514workout|tsenyu0515workout|yanz0510workout|yoru0511workout|yushuan0513workout,haoyu0512workout,ziho0512workout,ziho0512workout,db_weighted_crunch,0,6.0,5.571393309813986,,,
M2_exercise_plus_cumulative_tut,ridge,7,hsianshun0514workout|tsenyu0515workout|yanz0510workout|yoru0511workout|yushuan0513workout,haoyu0512workout,ziho0512workout,ziho0512workout,db_weighted_crunch,1,8.0,6.5140581261557635,,,
M2_exercise_plus_cumulative_tut,ridge,7,hsianshun0514workout|tsenyu0515workout|yanz0510workout|yoru0511workout|yushuan0513workout,haoyu0512workout,ziho0512workout,ziho0512workout,db_weighted_crunch,2,9.0,7.461235263202398,,,
M2_exercise_plus_cumulative_tut,ridge,7,hsianshun0514workout|tsenyu0515workout|yanz0510workout|yoru0511workout|yushuan0513workout,haoyu0512workout,ziho0512workout,ziho0512workout,one_arm_db_row,0,6.0,6.677771472360591,,,
M2_exercise_plus_cumulative_tut,ridge,7,hsianshun0514workout|tsenyu0515workout|yanz0510workout|yoru0511workout|yushuan0513workout,haoyu0512workout,ziho0512workout,ziho0512workout,one_arm_db_row,1,8.0,7.39112835470104,,,
M2_exercise_plus_cumulative_tut,ridge,7,hsianshun0514workout|tsenyu0515workout|yanz0510workout|yoru0511workout|yushuan0513workout,haoyu0512workout,ziho0512workout,ziho0512workout,one_arm_db_row,2,9.0,8.110433296152436,,,
M3_progression_control,ridge,1,tsenyu0515workout|yanz0510workout|yoru0511workout|yushuan0513workout|ziho0512workout,hsianshun0514workout,haoyu0512workout,haoyu0512workout,db_bench_press,0,8.0,6.294677862859821,,,
M3_progression_control,ridge,1,tsenyu0515workout|yanz0510workout|yoru0511workout|yushuan0513workout|ziho0512workout,hsianshun0514workout,haoyu0512workout,haoyu0512workout,db_bench_press,1,9.0,7.3236845227406056,,,
M3_progression_control,ridge,1,tsenyu0515workout|yanz0510workout|yoru0511workout|yushuan0513workout|ziho0512workout,hsianshun0514workout,haoyu0512workout,haoyu0512workout,db_bench_press,2,9.0,8.381972452336734,,,
M3_progression_control,ridge,1,tsenyu0515workout|yanz0510workout|yoru0511workout|yushuan0513workout|ziho0512workout,hsianshun0514workout,haoyu0512workout,haoyu0512workout,db_biceps_curl,0,9.0,7.55980120196695,,,
M3_progression_control,ridge,1,tsenyu0515workout|yanz0510workout|yoru0511workout|yushuan0513workout|ziho0512workout,hsianshun0514workout,haoyu0512workout,haoyu0512workout,db_biceps_curl,1,9.0,8.510525283629159,,,
M3_progression_control,ridge,1,tsenyu0515workout|yanz0510workout|yoru0511workout|yushuan0513workout|ziho0512workout,hsianshun0514workout,haoyu0512workout,haoyu0512workout,db_biceps_curl,3,9.0,9.875349361149903,,,
M3_progression_control,ridge,1,tsenyu0515workout|yanz0510workout|yoru0511workout|yushuan0513workout|ziho0512workout,hsianshun0514workout,haoyu0512workout,haoyu0512workout,db_rdl,0,9.0,6.332821348435795,,,
M3_progression_control,ridge,1,tsenyu0515workout|yanz0510workout|yoru0511workout|yushuan0513workout|ziho0512workout,hsianshun0514workout,haoyu0512workout,haoyu0512workout,db_rdl,1,9.0,7.344139731100779,,,
M3_progression_control,ridge,1,tsenyu0515workout|yanz0510workout|yoru0511workout|yushuan0513workout|ziho0512workout,hsianshun0514workout,haoyu0512workout,haoyu0512workout,db_rdl,2,9.0,8.452385092292884,,,
M3_progression_control,ridge,1,tsenyu0515workout|yanz0510workout|yoru0511workout|yushuan0513workout|ziho0512workout,hsianshun0514workout,haoyu0512workout,haoyu0512workout,db_shoulder_press,0,7.0,7.785748834328506,,,
M3_progression_control,ridge,1,tsenyu0515workout|yanz0510workout|yoru0511workout|yushuan0513workout|ziho0512workout,hsianshun0514workout,haoyu0512workout,haoyu0512workout,db_shoulder_press,1,9.0,8.72272864653249,,,
M3_progression_control,ridge,1,tsenyu0515workout|yanz0510workout|yoru0511workout|yushuan0513workout|ziho0512workout,hsianshun0514workout,haoyu0512workout,haoyu0512workout,db_shoulder_press,2,9.0,9.756515921877003,,,
M3_progression_control,ridge,1,tsenyu0515workout|yanz0510workout|yoru0511workout|yushuan0513workout|ziho0512workout,hsianshun0514workout,haoyu0512workout,haoyu0512workout,db_squat,0,6.0,5.710969866774795,,,
M3_progression_control,ridge,1,tsenyu0515workout|yanz0510workout|yoru0511workout|yushuan0513workout|ziho0512workout,hsianshun0514workout,haoyu0512workout,haoyu0512workout,db_squat,1,9.0,6.580423485553595,,,
M3_progression_control,ridge,1,tsenyu0515workout|yanz0510workout|yoru0511workout|yushuan0513workout|ziho0512workout,hsianshun0514workout,haoyu0512workout,haoyu0512workout,db_squat,2,8.0,7.399202580416861,,,
M3_progression_control,ridge,1,tsenyu0515workout|yanz0510workout|yoru0511workout|yushuan0513workout|ziho0512workout,hsianshun0514workout,haoyu0512workout,haoyu0512workout,db_triceps_curl,0,7.0,6.1924807039712855,,,
M3_progression_control,ridge,1,tsenyu0515workout|yanz0510workout|yoru0511workout|yushuan0513workout|ziho0512workout,hsianshun0514workout,haoyu0512workout,haoyu0512workout,db_triceps_curl,1,9.0,7.167227378338737,,,
M3_progression_control,ridge,1,tsenyu0515workout|yanz0510workout|yoru0511workout|yushuan0513workout|ziho0512workout,hsianshun0514workout,haoyu0512workout,haoyu0512workout,db_triceps_curl,2,9.0,8.097394813506906,,,
M3_progression_control,ridge,1,tsenyu0515workout|yanz0510workout|yoru0511workout|yushuan0513workout|ziho0512workout,hsianshun0514workout,haoyu0512workout,haoyu0512workout,db_weighted_crunch,0,6.0,5.524460088269416,,,
M3_progression_control,ridge,1,tsenyu0515workout|yanz0510workout|yoru0511workout|yushuan0513workout|ziho0512workout,hsianshun0514workout,haoyu0512workout,haoyu0512workout,db_weighted_crunch,1,7.0,6.453551884958247,,,
M3_progression_control,ridge,1,tsenyu0515workout|yanz0510workout|yoru0511workout|yushuan0513workout|ziho0512workout,hsianshun0514workout,haoyu0512workout,haoyu0512workout,db_weighted_crunch,2,9.0,7.34846228108141,,,
M3_progression_control,ridge,1,tsenyu0515workout|yanz0510workout|yoru0511workout|yushuan0513workout|ziho0512workout,hsianshun0514workout,haoyu0512workout,haoyu0512workout,one_arm_db_row,0,9.0,6.728532730241887,,,
M3_progression_control,ridge,1,tsenyu0515workout|yanz0510workout|yoru0511workout|yushuan0513workout|ziho0512workout,hsianshun0514workout,haoyu0512workout,haoyu0512workout,one_arm_db_row,1,9.0,7.6762689272392635,,,
M3_progression_control,ridge,1,tsenyu0515workout|yanz0510workout|yoru0511workout|yushuan0513workout|ziho0512workout,hsianshun0514workout,haoyu0512workout,haoyu0512workout,one_arm_db_row,2,9.0,8.592931123722398,,,
M3_progression_control,ridge,2,haoyu0512workout|yanz0510workout|yoru0511workout|yushuan0513workout|ziho0512workout,tsenyu0515workout,hsianshun0514workout,hsianshun0514workout,db_bench_press,0,4.0,7.206826748571889,,,
M3_progression_control,ridge,2,haoyu0512workout|yanz0510workout|yoru0511workout|yushuan0513workout|ziho0512workout,tsenyu0515workout,hsianshun0514workout,hsianshun0514workout,db_bench_press,1,6.0,7.945021537368733,,,
M3_progression_control,ridge,2,haoyu0512workout|yanz0510workout|yoru0511workout|yushuan0513workout|ziho0512workout,tsenyu0515workout,hsianshun0514workout,hsianshun0514workout,db_bench_press,2,7.0,8.657158411863449,,,
M3_progression_control,ridge,2,haoyu0512workout|yanz0510workout|yoru0511workout|yushuan0513workout|ziho0512workout,tsenyu0515workout,hsianshun0514workout,hsianshun0514workout,db_biceps_curl,0,9.0,7.730455024599482,,,
M3_progression_control,ridge,2,haoyu0512workout|yanz0510workout|yoru0511workout|yushuan0513workout|ziho0512workout,tsenyu0515workout,hsianshun0514workout,hsianshun0514workout,db_biceps_curl,1,10.0,8.1482780288436,,,
M3_progression_control,ridge,2,haoyu0512workout|yanz0510workout|yoru0511workout|yushuan0513workout|ziho0512workout,tsenyu0515workout,hsianshun0514workout,hsianshun0514workout,db_biceps_curl,2,10.0,8.652924706052902,,,
M3_progression_control,ridge,2,haoyu0512workout|yanz0510workout|yoru0511workout|yushuan0513workout|ziho0512workout,tsenyu0515workout,hsianshun0514workout,hsianshun0514workout,db_rdl,0,4.0,7.055355443180882,,,
M3_progression_control,ridge,2,haoyu0512workout|yanz0510workout|yoru0511workout|yushuan0513workout|ziho0512workout,tsenyu0515workout,hsianshun0514workout,hsianshun0514workout,db_rdl,1,6.0,7.607468611587838,,,
M3_progression_control,ridge,2,haoyu0512workout|yanz0510workout|yoru0511workout|yushuan0513workout|ziho0512workout,tsenyu0515workout,hsianshun0514workout,hsianshun0514workout,db_rdl,2,8.0,8.156446180348478,,,
M3_progression_control,ridge,2,haoyu0512workout|yanz0510workout|yoru0511workout|yushuan0513workout|ziho0512workout,tsenyu0515workout,hsianshun0514workout,hsianshun0514workout,db_shoulder_press,1,9.0,7.98687779544113,,,
M3_progression_control,ridge,2,haoyu0512workout|yanz0510workout|yoru0511workout|yushuan0513workout|ziho0512workout,tsenyu0515workout,hsianshun0514workout,hsianshun0514workout,db_shoulder_press,2,10.0,8.542450935871605,,,
M3_progression_control,ridge,2,haoyu0512workout|yanz0510workout|yoru0511workout|yushuan0513workout|ziho0512workout,tsenyu0515workout,hsianshun0514workout,hsianshun0514workout,db_shoulder_press,3,10.0,9.085481677716823,,,
M3_progression_control,ridge,2,haoyu0512workout|yanz0510workout|yoru0511workout|yushuan0513workout|ziho0512workout,tsenyu0515workout,hsianshun0514workout,hsianshun0514workout,db_squat,0,4.0,6.763918755863816,,,
M3_progression_control,ridge,2,haoyu0512workout|yanz0510workout|yoru0511workout|yushuan0513workout|ziho0512workout,tsenyu0515workout,hsianshun0514workout,hsianshun0514workout,db_squat,1,6.0,7.238398801993061,,,
M3_progression_control,ridge,2,haoyu0512workout|yanz0510workout|yoru0511workout|yushuan0513workout|ziho0512workout,tsenyu0515workout,hsianshun0514workout,hsianshun0514workout,db_squat,2,7.0,7.688010299203262,,,
M3_progression_control,ridge,2,haoyu0512workout|yanz0510workout|yoru0511workout|yushuan0513workout|ziho0512workout,tsenyu0515workout,hsianshun0514workout,hsianshun0514workout,db_triceps_curl,0,4.0,6.966274222152709,,,
M3_progression_control,ridge,2,haoyu0512workout|yanz0510workout|yoru0511workout|yushuan0513workout|ziho0512workout,tsenyu0515workout,hsianshun0514workout,hsianshun0514workout,db_triceps_curl,1,7.0,7.501087530442069,,,
M3_progression_control,ridge,2,haoyu0512workout|yanz0510workout|yoru0511workout|yushuan0513workout|ziho0512workout,tsenyu0515workout,hsianshun0514workout,hsianshun0514workout,db_triceps_curl,2,8.0,7.993948677946259,,,
M3_progression_control,ridge,2,haoyu0512workout|yanz0510workout|yoru0511workout|yushuan0513workout|ziho0512workout,tsenyu0515workout,hsianshun0514workout,hsianshun0514workout,db_weighted_crunch,0,5.0,6.715842978513855,,,
M3_progression_control,ridge,2,haoyu0512workout|yanz0510workout|yoru0511workout|yushuan0513workout|ziho0512workout,tsenyu0515workout,hsianshun0514workout,hsianshun0514workout,db_weighted_crunch,2,7.0,7.465746555294259,,,
M3_progression_control,ridge,2,haoyu0512workout|yanz0510workout|yoru0511workout|yushuan0513workout|ziho0512workout,tsenyu0515workout,hsianshun0514workout,hsianshun0514workout,db_weighted_crunch,3,7.0,8.086734791794392,,,
M3_progression_control,ridge,2,haoyu0512workout|yanz0510workout|yoru0511workout|yushuan0513workout|ziho0512workout,tsenyu0515workout,hsianshun0514workout,hsianshun0514workout,one_arm_db_row,1,7.0,7.3108452979059315,,,
M3_progression_control,ridge,2,haoyu0512workout|yanz0510workout|yoru0511workout|yushuan0513workout|ziho0512workout,tsenyu0515workout,hsianshun0514workout,hsianshun0514workout,one_arm_db_row,2,8.0,7.77018796643228,,,
M3_progression_control,ridge,3,haoyu0512workout|hsianshun0514workout|yoru0511workout|yushuan0513workout|ziho0512workout,yanz0510workout,tsenyu0515workout,tsenyu0515workout,db_bench_press,0,3.0,6.495989069919962,,,
M3_progression_control,ridge,3,haoyu0512workout|hsianshun0514workout|yoru0511workout|yushuan0513workout|ziho0512workout,yanz0510workout,tsenyu0515workout,tsenyu0515workout,db_bench_press,1,6.0,7.695970042810329,,,
M3_progression_control,ridge,3,haoyu0512workout|hsianshun0514workout|yoru0511workout|yushuan0513workout|ziho0512workout,yanz0510workout,tsenyu0515workout,tsenyu0515workout,db_bench_press,2,8.0,8.933667783324909,,,
M3_progression_control,ridge,3,haoyu0512workout|hsianshun0514workout|yoru0511workout|yushuan0513workout|ziho0512workout,yanz0510workout,tsenyu0515workout,tsenyu0515workout,db_biceps_curl,0,6.0,8.459664102062305,,,
M3_progression_control,ridge,3,haoyu0512workout|hsianshun0514workout|yoru0511workout|yushuan0513workout|ziho0512workout,yanz0510workout,tsenyu0515workout,tsenyu0515workout,db_biceps_curl,1,9.0,9.638232951666009,,,
M3_progression_control,ridge,3,haoyu0512workout|hsianshun0514workout|yoru0511workout|yushuan0513workout|ziho0512workout,yanz0510workout,tsenyu0515workout,tsenyu0515workout,db_biceps_curl,2,9.0,10.93604179058168,,,
M3_progression_control,ridge,3,haoyu0512workout|hsianshun0514workout|yoru0511workout|yushuan0513workout|ziho0512workout,yanz0510workout,tsenyu0515workout,tsenyu0515workout,db_rdl,0,6.0,7.109322798666505,,,
M3_progression_control,ridge,3,haoyu0512workout|hsianshun0514workout|yoru0511workout|yushuan0513workout|ziho0512workout,yanz0510workout,tsenyu0515workout,tsenyu0515workout,db_rdl,1,10.0,8.79097832475777,,,
M3_progression_control,ridge,3,haoyu0512workout|hsianshun0514workout|yoru0511workout|yushuan0513workout|ziho0512workout,yanz0510workout,tsenyu0515workout,tsenyu0515workout,db_rdl,2,6.0,9.870147776351827,,,
M3_progression_control,ridge,3,haoyu0512workout|hsianshun0514workout|yoru0511workout|yushuan0513workout|ziho0512workout,yanz0510workout,tsenyu0515workout,tsenyu0515workout,db_shoulder_press,0,5.0,8.30270206382846,,,
M3_progression_control,ridge,3,haoyu0512workout|hsianshun0514workout|yoru0511workout|yushuan0513workout|ziho0512workout,yanz0510workout,tsenyu0515workout,tsenyu0515workout,db_shoulder_press,1,8.0,9.512897994617052,,,
M3_progression_control,ridge,3,haoyu0512workout|hsianshun0514workout|yoru0511workout|yushuan0513workout|ziho0512workout,yanz0510workout,tsenyu0515workout,tsenyu0515workout,db_shoulder_press,2,9.0,10.691466844220756,,,
M3_progression_control,ridge,3,haoyu0512workout|hsianshun0514workout|yoru0511workout|yushuan0513workout|ziho0512workout,yanz0510workout,tsenyu0515workout,tsenyu0515workout,db_squat,1,4.0,6.276274888696126,,,
M3_progression_control,ridge,3,haoyu0512workout|hsianshun0514workout|yoru0511workout|yushuan0513workout|ziho0512workout,yanz0510workout,tsenyu0515workout,tsenyu0515workout,db_squat,2,6.0,7.35740875527061,,,
M3_progression_control,ridge,3,haoyu0512workout|hsianshun0514workout|yoru0511workout|yushuan0513workout|ziho0512workout,yanz0510workout,tsenyu0515workout,tsenyu0515workout,db_squat,3,5.0,8.280014332924571,,,
M3_progression_control,ridge,3,haoyu0512workout|hsianshun0514workout|yoru0511workout|yushuan0513workout|ziho0512workout,yanz0510workout,tsenyu0515workout,tsenyu0515workout,db_triceps_curl,0,4.0,6.573985536262886,,,
M3_progression_control,ridge,3,haoyu0512workout|hsianshun0514workout|yoru0511workout|yushuan0513workout|ziho0512workout,yanz0510workout,tsenyu0515workout,tsenyu0515workout,db_triceps_curl,1,6.0,7.5639705477455195,,,
M3_progression_control,ridge,3,haoyu0512workout|hsianshun0514workout|yoru0511workout|yushuan0513workout|ziho0512workout,yanz0510workout,tsenyu0515workout,tsenyu0515workout,db_triceps_curl,2,7.0,8.588725704381725,,,
M3_progression_control,ridge,3,haoyu0512workout|hsianshun0514workout|yoru0511workout|yushuan0513workout|ziho0512workout,yanz0510workout,tsenyu0515workout,tsenyu0515workout,db_weighted_crunch,0,3.0,5.887685425595421,,,
M3_progression_control,ridge,3,haoyu0512workout|hsianshun0514workout|yoru0511workout|yushuan0513workout|ziho0512workout,yanz0510workout,tsenyu0515workout,tsenyu0515workout,db_weighted_crunch,1,5.0,6.749197697358076,,,
M3_progression_control,ridge,3,haoyu0512workout|hsianshun0514workout|yoru0511workout|yushuan0513workout|ziho0512workout,yanz0510workout,tsenyu0515workout,tsenyu0515workout,db_weighted_crunch,2,7.0,7.607174022155961,,,
M3_progression_control,ridge,3,haoyu0512workout|hsianshun0514workout|yoru0511workout|yushuan0513workout|ziho0512workout,yanz0510workout,tsenyu0515workout,tsenyu0515workout,one_arm_db_row,0,5.0,7.376512238618255,,,
M3_progression_control,ridge,3,haoyu0512workout|hsianshun0514workout|yoru0511workout|yushuan0513workout|ziho0512workout,yanz0510workout,tsenyu0515workout,tsenyu0515workout,one_arm_db_row,1,8.0,8.530722342464653,,,
M3_progression_control,ridge,3,haoyu0512workout|hsianshun0514workout|yoru0511workout|yushuan0513workout|ziho0512workout,yanz0510workout,tsenyu0515workout,tsenyu0515workout,one_arm_db_row,2,9.0,9.671967307440228,,,
M3_progression_control,ridge,4,haoyu0512workout|hsianshun0514workout|tsenyu0515workout|yushuan0513workout|ziho0512workout,yoru0511workout,yanz0510workout,yanz0510workout,db_bench_press,2,5.0,7.702552623096141,,,
M3_progression_control,ridge,4,haoyu0512workout|hsianshun0514workout|tsenyu0515workout|yushuan0513workout|ziho0512workout,yoru0511workout,yanz0510workout,yanz0510workout,db_bench_press,3,7.0,8.305531036164165,,,
M3_progression_control,ridge,4,haoyu0512workout|hsianshun0514workout|tsenyu0515workout|yushuan0513workout|ziho0512workout,yoru0511workout,yanz0510workout,yanz0510workout,db_bench_press,4,8.0,8.862325744952246,,,
M3_progression_control,ridge,4,haoyu0512workout|hsianshun0514workout|tsenyu0515workout|yushuan0513workout|ziho0512workout,yoru0511workout,yanz0510workout,yanz0510workout,db_biceps_curl,0,7.0,7.663890239641497,,,
M3_progression_control,ridge,4,haoyu0512workout|hsianshun0514workout|tsenyu0515workout|yushuan0513workout|ziho0512workout,yoru0511workout,yanz0510workout,yanz0510workout,db_biceps_curl,1,9.0,8.207481777929615,,,
M3_progression_control,ridge,4,haoyu0512workout|hsianshun0514workout|tsenyu0515workout|yushuan0513workout|ziho0512workout,yoru0511workout,yanz0510workout,yanz0510workout,db_biceps_curl,2,10.0,8.702150364946098,,,
M3_progression_control,ridge,4,haoyu0512workout|hsianshun0514workout|tsenyu0515workout|yushuan0513workout|ziho0512workout,yoru0511workout,yanz0510workout,yanz0510workout,db_rdl,0,5.0,6.968937143329978,,,
M3_progression_control,ridge,4,haoyu0512workout|hsianshun0514workout|tsenyu0515workout|yushuan0513workout|ziho0512workout,yoru0511workout,yanz0510workout,yanz0510workout,db_rdl,1,8.0,7.593939102211214,,,
M3_progression_control,ridge,4,haoyu0512workout|hsianshun0514workout|tsenyu0515workout|yushuan0513workout|ziho0512workout,yoru0511workout,yanz0510workout,yanz0510workout,db_rdl,2,9.0,8.210942459876708,,,
M3_progression_control,ridge,4,haoyu0512workout|hsianshun0514workout|tsenyu0515workout|yushuan0513workout|ziho0512workout,yoru0511workout,yanz0510workout,yanz0510workout,db_shoulder_press,1,7.0,8.02629747171671,,,
M3_progression_control,ridge,4,haoyu0512workout|hsianshun0514workout|tsenyu0515workout|yushuan0513workout|ziho0512workout,yoru0511workout,yanz0510workout,yanz0510workout,db_shoulder_press,2,10.0,8.520746918973854,,,
M3_progression_control,ridge,4,haoyu0512workout|hsianshun0514workout|tsenyu0515workout|yushuan0513workout|ziho0512workout,yoru0511workout,yanz0510workout,yanz0510workout,db_shoulder_press,3,10.0,8.982599327029853,,,
M3_progression_control,ridge,4,haoyu0512workout|hsianshun0514workout|tsenyu0515workout|yushuan0513workout|ziho0512workout,yoru0511workout,yanz0510workout,yanz0510workout,db_squat,0,7.0,6.413252910416007,,,
M3_progression_control,ridge,4,haoyu0512workout|hsianshun0514workout|tsenyu0515workout|yushuan0513workout|ziho0512workout,yoru0511workout,yanz0510workout,yanz0510workout,db_squat,1,8.0,6.940408966753969,,,
M3_progression_control,ridge,4,haoyu0512workout|hsianshun0514workout|tsenyu0515workout|yushuan0513workout|ziho0512workout,yoru0511workout,yanz0510workout,yanz0510workout,db_squat,2,9.0,7.467017173693591,,,
M3_progression_control,ridge,4,haoyu0512workout|hsianshun0514workout|tsenyu0515workout|yushuan0513workout|ziho0512workout,yoru0511workout,yanz0510workout,yanz0510workout,db_triceps_curl,0,7.0,6.79916271057475,,,
M3_progression_control,ridge,4,haoyu0512workout|hsianshun0514workout|tsenyu0515workout|yushuan0513workout|ziho0512workout,yoru0511workout,yanz0510workout,yanz0510workout,db_triceps_curl,2,8.0,7.699912636896358,,,
M3_progression_control,ridge,4,haoyu0512workout|hsianshun0514workout|tsenyu0515workout|yushuan0513workout|ziho0512workout,yoru0511workout,yanz0510workout,yanz0510workout,db_triceps_curl,4,9.0,8.607127186118364,,,
M3_progression_control,ridge,4,haoyu0512workout|hsianshun0514workout|tsenyu0515workout|yushuan0513workout|ziho0512workout,yoru0511workout,yanz0510workout,yanz0510workout,db_weighted_crunch,0,6.0,6.326882638482353,,,
M3_progression_control,ridge,4,haoyu0512workout|hsianshun0514workout|tsenyu0515workout|yushuan0513workout|ziho0512workout,yoru0511workout,yanz0510workout,yanz0510workout,db_weighted_crunch,2,7.0,7.271570086550718,,,
M3_progression_control,ridge,4,haoyu0512workout|hsianshun0514workout|tsenyu0515workout|yushuan0513workout|ziho0512workout,yoru0511workout,yanz0510workout,yanz0510workout,db_weighted_crunch,3,8.0,7.829405709195641,,,
M3_progression_control,ridge,4,haoyu0512workout|hsianshun0514workout|tsenyu0515workout|yushuan0513workout|ziho0512workout,yoru0511workout,yanz0510workout,yanz0510workout,one_arm_db_row,0,6.0,7.238495440256933,,,
M3_progression_control,ridge,4,haoyu0512workout|hsianshun0514workout|tsenyu0515workout|yushuan0513workout|ziho0512workout,yoru0511workout,yanz0510workout,yanz0510workout,one_arm_db_row,1,7.0,7.782032193605218,,,
M3_progression_control,ridge,4,haoyu0512workout|hsianshun0514workout|tsenyu0515workout|yushuan0513workout|ziho0512workout,yoru0511workout,yanz0510workout,yanz0510workout,one_arm_db_row,2,9.0,8.323651474059318,,,
M3_progression_control,ridge,5,haoyu0512workout|hsianshun0514workout|tsenyu0515workout|yanz0510workout|ziho0512workout,yushuan0513workout,yoru0511workout,yoru0511workout,db_bench_press,0,3.0,5.695931159939827,,,
M3_progression_control,ridge,5,haoyu0512workout|hsianshun0514workout|tsenyu0515workout|yanz0510workout|ziho0512workout,yushuan0513workout,yoru0511workout,yoru0511workout,db_bench_press,4,5.0,8.433789472652968,,,
M3_progression_control,ridge,5,haoyu0512workout|hsianshun0514workout|tsenyu0515workout|yanz0510workout|ziho0512workout,yushuan0513workout,yoru0511workout,yoru0511workout,db_bench_press,5,7.0,9.326664277681116,,,
M3_progression_control,ridge,5,haoyu0512workout|hsianshun0514workout|tsenyu0515workout|yanz0510workout|ziho0512workout,yushuan0513workout,yoru0511workout,yoru0511workout,db_biceps_curl,0,6.0,7.755674529220493,,,
M3_progression_control,ridge,5,haoyu0512workout|hsianshun0514workout|tsenyu0515workout|yanz0510workout|ziho0512workout,yushuan0513workout,yoru0511workout,yoru0511workout,db_biceps_curl,1,8.0,8.599162144634331,,,
M3_progression_control,ridge,5,haoyu0512workout|hsianshun0514workout|tsenyu0515workout|yanz0510workout|ziho0512workout,yushuan0513workout,yoru0511workout,yoru0511workout,db_biceps_curl,2,9.0,9.450967602509525,,,
M3_progression_control,ridge,5,haoyu0512workout|hsianshun0514workout|tsenyu0515workout|yanz0510workout|ziho0512workout,yushuan0513workout,yoru0511workout,yoru0511workout,db_rdl,0,6.0,6.521816071471017,,,
M3_progression_control,ridge,5,haoyu0512workout|hsianshun0514workout|tsenyu0515workout|yanz0510workout|ziho0512workout,yushuan0513workout,yoru0511workout,yoru0511workout,db_rdl,1,6.0,7.443134927058985,,,
M3_progression_control,ridge,5,haoyu0512workout|hsianshun0514workout|tsenyu0515workout|yanz0510workout|ziho0512workout,yushuan0513workout,yoru0511workout,yoru0511workout,db_rdl,2,7.0,8.339351722361785,,,
M3_progression_control,ridge,5,haoyu0512workout|hsianshun0514workout|tsenyu0515workout|yanz0510workout|ziho0512workout,yushuan0513workout,yoru0511workout,yoru0511workout,db_shoulder_press,0,7.0,7.614798054144593,,,
M3_progression_control,ridge,5,haoyu0512workout|hsianshun0514workout|tsenyu0515workout|yanz0510workout|ziho0512workout,yushuan0513workout,yoru0511workout,yoru0511workout,db_shoulder_press,1,8.0,8.456874606998023,,,
M3_progression_control,ridge,5,haoyu0512workout|hsianshun0514workout|tsenyu0515workout|yanz0510workout|ziho0512workout,yushuan0513workout,yoru0511workout,yoru0511workout,db_shoulder_press,2,9.0,9.289890652884614,,,
M3_progression_control,ridge,5,haoyu0512workout|hsianshun0514workout|tsenyu0515workout|yanz0510workout|ziho0512workout,yushuan0513workout,yoru0511workout,yoru0511workout,db_squat,0,4.0,5.805334306416962,,,
M3_progression_control,ridge,5,haoyu0512workout|hsianshun0514workout|tsenyu0515workout|yanz0510workout|ziho0512workout,yushuan0513workout,yoru0511workout,yoru0511workout,db_squat,1,5.0,6.676449041434594,,,
M3_progression_control,ridge,5,haoyu0512workout|hsianshun0514workout|tsenyu0515workout|yanz0510workout|ziho0512workout,yushuan0513workout,yoru0511workout,yoru0511workout,db_squat,2,6.0,7.545335782935791,,,
M3_progression_control,ridge,5,haoyu0512workout|hsianshun0514workout|tsenyu0515workout|yanz0510workout|ziho0512workout,yushuan0513workout,yoru0511workout,yoru0511workout,db_triceps_curl,0,5.0,6.324974507527724,,,
M3_progression_control,ridge,5,haoyu0512workout|hsianshun0514workout|tsenyu0515workout|yanz0510workout|ziho0512workout,yushuan0513workout,yoru0511workout,yoru0511workout,db_triceps_curl,1,5.0,7.151455105766107,,,
M3_progression_control,ridge,5,haoyu0512workout|hsianshun0514workout|tsenyu0515workout|yanz0510workout|ziho0512workout,yushuan0513workout,yoru0511workout,yoru0511workout,db_triceps_curl,2,6.0,7.9750393124331245,,,
M3_progression_control,ridge,5,haoyu0512workout|hsianshun0514workout|tsenyu0515workout|yanz0510workout|ziho0512workout,yushuan0513workout,yoru0511workout,yoru0511workout,db_weighted_crunch,0,6.0,5.523541227445578,,,
M3_progression_control,ridge,5,haoyu0512workout|hsianshun0514workout|tsenyu0515workout|yanz0510workout|ziho0512workout,yushuan0513workout,yoru0511workout,yoru0511workout,db_weighted_crunch,1,7.0,6.382179198771173,,,
M3_progression_control,ridge,5,haoyu0512workout|hsianshun0514workout|tsenyu0515workout|yanz0510workout|ziho0512workout,yushuan0513workout,yoru0511workout,yoru0511workout,db_weighted_crunch,2,7.0,7.221656425855427,,,
M3_progression_control,ridge,5,haoyu0512workout|hsianshun0514workout|tsenyu0515workout|yanz0510workout|ziho0512workout,yushuan0513workout,yoru0511workout,yoru0511workout,one_arm_db_row,0,5.0,6.762293393725333,,,
M3_progression_control,ridge,5,haoyu0512workout|hsianshun0514workout|tsenyu0515workout|yanz0510workout|ziho0512workout,yushuan0513workout,yoru0511workout,yoru0511workout,one_arm_db_row,2,7.0,8.212878512459248,,,
M3_progression_control,ridge,5,haoyu0512workout|hsianshun0514workout|tsenyu0515workout|yanz0510workout|ziho0512workout,yushuan0513workout,yoru0511workout,yoru0511workout,one_arm_db_row,3,8.0,9.057405858180756,,,
M3_progression_control,ridge,6,haoyu0512workout|hsianshun0514workout|tsenyu0515workout|yanz0510workout|yoru0511workout,ziho0512workout,yushuan0513workout,yushuan0513workout,db_bench_press,0,9.0,5.868524212611202,,,
M3_progression_control,ridge,6,haoyu0512workout|hsianshun0514workout|tsenyu0515workout|yanz0510workout|yoru0511workout,ziho0512workout,yushuan0513workout,yushuan0513workout,db_bench_press,1,10.0,6.555042552045584,,,
M3_progression_control,ridge,6,haoyu0512workout|hsianshun0514workout|tsenyu0515workout|yanz0510workout|yoru0511workout,ziho0512workout,yushuan0513workout,yushuan0513workout,db_bench_press,3,10.0,7.4023938113787935,,,
M3_progression_control,ridge,6,haoyu0512workout|hsianshun0514workout|tsenyu0515workout|yanz0510workout|yoru0511workout,ziho0512workout,yushuan0513workout,yushuan0513workout,db_biceps_curl,0,7.0,7.244170716706045,,,
M3_progression_control,ridge,6,haoyu0512workout|hsianshun0514workout|tsenyu0515workout|yanz0510workout|yoru0511workout,ziho0512workout,yushuan0513workout,yushuan0513workout,db_biceps_curl,1,9.0,7.819348865710621,,,
M3_progression_control,ridge,6,haoyu0512workout|hsianshun0514workout|tsenyu0515workout|yanz0510workout|yoru0511workout,ziho0512workout,yushuan0513workout,yushuan0513workout,db_biceps_curl,2,10.0,8.412634885552405,,,
M3_progression_control,ridge,6,haoyu0512workout|hsianshun0514workout|tsenyu0515workout|yanz0510workout|yoru0511workout,ziho0512workout,yushuan0513workout,yushuan0513workout,db_rdl,0,6.0,6.529352226218496,,,
M3_progression_control,ridge,6,haoyu0512workout|hsianshun0514workout|tsenyu0515workout|yanz0510workout|yoru0511workout,ziho0512workout,yushuan0513workout,yushuan0513workout,db_rdl,1,8.0,7.247814707027233,,,
M3_progression_control,ridge,6,haoyu0512workout|hsianshun0514workout|tsenyu0515workout|yanz0510workout|yoru0511workout,ziho0512workout,yushuan0513workout,yushuan0513workout,db_rdl,2,8.0,7.980949206257913,,,
M3_progression_control,ridge,6,haoyu0512workout|hsianshun0514workout|tsenyu0515workout|yanz0510workout|yoru0511workout,ziho0512workout,yushuan0513workout,yushuan0513workout,db_shoulder_press,0,8.0,7.2767695703046025,,,
M3_progression_control,ridge,6,haoyu0512workout|hsianshun0514workout|tsenyu0515workout|yanz0510workout|yoru0511workout,ziho0512workout,yushuan0513workout,yushuan0513workout,db_shoulder_press,1,9.0,8.069149308479583,,,
M3_progression_control,ridge,6,haoyu0512workout|hsianshun0514workout|tsenyu0515workout|yanz0510workout|yoru0511workout,ziho0512workout,yushuan0513workout,yushuan0513workout,db_shoulder_press,2,10.0,8.784547380377408,,,
M3_progression_control,ridge,6,haoyu0512workout|hsianshun0514workout|tsenyu0515workout|yanz0510workout|yoru0511workout,ziho0512workout,yushuan0513workout,yushuan0513workout,db_squat,0,6.0,5.95665372043222,,,
M3_progression_control,ridge,6,haoyu0512workout|hsianshun0514workout|tsenyu0515workout|yanz0510workout|yoru0511workout,ziho0512workout,yushuan0513workout,yushuan0513workout,db_squat,1,7.0,6.604449074537802,,,
M3_progression_control,ridge,6,haoyu0512workout|hsianshun0514workout|tsenyu0515workout|yanz0510workout|yoru0511workout,ziho0512workout,yushuan0513workout,yushuan0513workout,db_squat,2,8.0,7.254937394049945,,,
M3_progression_control,ridge,6,haoyu0512workout|hsianshun0514workout|tsenyu0515workout|yanz0510workout|yoru0511workout,ziho0512workout,yushuan0513workout,yushuan0513workout,db_triceps_curl,0,6.0,6.196266561953907,,,
M3_progression_control,ridge,6,haoyu0512workout|hsianshun0514workout|tsenyu0515workout|yanz0510workout|yoru0511workout,ziho0512workout,yushuan0513workout,yushuan0513workout,db_triceps_curl,1,7.0,6.753986866253893,,,
M3_progression_control,ridge,6,haoyu0512workout|hsianshun0514workout|tsenyu0515workout|yanz0510workout|yoru0511workout,ziho0512workout,yushuan0513workout,yushuan0513workout,db_triceps_curl,2,9.0,7.34281556404344,,,
M3_progression_control,ridge,6,haoyu0512workout|hsianshun0514workout|tsenyu0515workout|yanz0510workout|yoru0511workout,ziho0512workout,yushuan0513workout,yushuan0513workout,db_weighted_crunch,0,5.0,6.0829972948991955,,,
M3_progression_control,ridge,6,haoyu0512workout|hsianshun0514workout|tsenyu0515workout|yanz0510workout|yoru0511workout,ziho0512workout,yushuan0513workout,yushuan0513workout,db_weighted_crunch,1,6.0,6.783909070127255,,,
M3_progression_control,ridge,6,haoyu0512workout|hsianshun0514workout|tsenyu0515workout|yanz0510workout|yoru0511workout,ziho0512workout,yushuan0513workout,yushuan0513workout,db_weighted_crunch,2,7.0,7.46968452255293,,,
M3_progression_control,ridge,6,haoyu0512workout|hsianshun0514workout|tsenyu0515workout|yanz0510workout|yoru0511workout,ziho0512workout,yushuan0513workout,yushuan0513workout,one_arm_db_row,0,9.0,6.759523758757134,,,
M3_progression_control,ridge,6,haoyu0512workout|hsianshun0514workout|tsenyu0515workout|yanz0510workout|yoru0511workout,ziho0512workout,yushuan0513workout,yushuan0513workout,one_arm_db_row,1,8.0,7.420598218143336,,,
M3_progression_control,ridge,6,haoyu0512workout|hsianshun0514workout|tsenyu0515workout|yanz0510workout|yoru0511workout,ziho0512workout,yushuan0513workout,yushuan0513workout,one_arm_db_row,2,9.0,8.026884760637474,,,
M3_progression_control,ridge,7,hsianshun0514workout|tsenyu0515workout|yanz0510workout|yoru0511workout|yushuan0513workout,haoyu0512workout,ziho0512workout,ziho0512workout,db_bench_press,1,8.0,6.138038168773974,,,
M3_progression_control,ridge,7,hsianshun0514workout|tsenyu0515workout|yanz0510workout|yoru0511workout|yushuan0513workout,haoyu0512workout,ziho0512workout,ziho0512workout,db_bench_press,2,9.0,6.786920125759571,,,
M3_progression_control,ridge,7,hsianshun0514workout|tsenyu0515workout|yanz0510workout|yoru0511workout|yushuan0513workout,haoyu0512workout,ziho0512workout,ziho0512workout,db_bench_press,3,10.0,7.3715443844216555,,,
M3_progression_control,ridge,7,hsianshun0514workout|tsenyu0515workout|yanz0510workout|yoru0511workout|yushuan0513workout,haoyu0512workout,ziho0512workout,ziho0512workout,db_biceps_curl,0,9.0,7.283669654428493,,,
M3_progression_control,ridge,7,hsianshun0514workout|tsenyu0515workout|yanz0510workout|yoru0511workout|yushuan0513workout,haoyu0512workout,ziho0512workout,ziho0512workout,db_biceps_curl,1,9.0,7.98750773056461,,,
M3_progression_control,ridge,7,hsianshun0514workout|tsenyu0515workout|yanz0510workout|yoru0511workout|yushuan0513workout,haoyu0512workout,ziho0512workout,ziho0512workout,db_biceps_curl,2,9.0,8.666939828320215,,,
M3_progression_control,ridge,7,hsianshun0514workout|tsenyu0515workout|yanz0510workout|yoru0511workout|yushuan0513workout,haoyu0512workout,ziho0512workout,ziho0512workout,db_rdl,0,8.0,6.173903784030981,,,
M3_progression_control,ridge,7,hsianshun0514workout|tsenyu0515workout|yanz0510workout|yoru0511workout|yushuan0513workout,haoyu0512workout,ziho0512workout,ziho0512workout,db_rdl,2,9.0,7.090046945143283,,,
M3_progression_control,ridge,7,hsianshun0514workout|tsenyu0515workout|yanz0510workout|yoru0511workout|yushuan0513workout,haoyu0512workout,ziho0512workout,ziho0512workout,db_shoulder_press,0,10.0,7.152173910158205,,,
M3_progression_control,ridge,7,hsianshun0514workout|tsenyu0515workout|yanz0510workout|yoru0511workout|yushuan0513workout,haoyu0512workout,ziho0512workout,ziho0512workout,db_shoulder_press,1,10.0,7.735944812932859,,,
M3_progression_control,ridge,7,hsianshun0514workout|tsenyu0515workout|yanz0510workout|yoru0511workout|yushuan0513workout,haoyu0512workout,ziho0512workout,ziho0512workout,db_shoulder_press,2,10.0,8.276621243392276,,,
M3_progression_control,ridge,7,hsianshun0514workout|tsenyu0515workout|yanz0510workout|yoru0511workout|yushuan0513workout,haoyu0512workout,ziho0512workout,ziho0512workout,db_squat,0,7.0,5.827465280580621,,,
M3_progression_control,ridge,7,hsianshun0514workout|tsenyu0515workout|yanz0510workout|yoru0511workout|yushuan0513workout,haoyu0512workout,ziho0512workout,ziho0512workout,db_squat,1,8.0,6.463461563666018,,,
M3_progression_control,ridge,7,hsianshun0514workout|tsenyu0515workout|yanz0510workout|yoru0511workout|yushuan0513workout,haoyu0512workout,ziho0512workout,ziho0512workout,db_squat,2,9.0,7.104748653253484,,,
M3_progression_control,ridge,7,hsianshun0514workout|tsenyu0515workout|yanz0510workout|yoru0511workout|yushuan0513workout,haoyu0512workout,ziho0512workout,ziho0512workout,db_triceps_curl,0,8.0,6.084636042322695,,,
M3_progression_control,ridge,7,hsianshun0514workout|tsenyu0515workout|yanz0510workout|yoru0511workout|yushuan0513workout,haoyu0512workout,ziho0512workout,ziho0512workout,db_triceps_curl,1,9.0,6.764750824788245,,,
M3_progression_control,ridge,7,hsianshun0514workout|tsenyu0515workout|yanz0510workout|yoru0511workout|yushuan0513workout,haoyu0512workout,ziho0512workout,ziho0512workout,db_triceps_curl,2,9.0,7.397248348735178,,,
M3_progression_control,ridge,7,hsianshun0514workout|tsenyu0515workout|yanz0510workout|yoru0511workout|yushuan0513workout,haoyu0512workout,ziho0512workout,ziho0512workout,db_weighted_crunch,0,6.0,5.894739177567329,,,
M3_progression_control,ridge,7,hsianshun0514workout|tsenyu0515workout|yanz0510workout|yoru0511workout|yushuan0513workout,haoyu0512workout,ziho0512workout,ziho0512workout,db_weighted_crunch,1,8.0,6.6009666501882505,,,
M3_progression_control,ridge,7,hsianshun0514workout|tsenyu0515workout|yanz0510workout|yoru0511workout|yushuan0513workout,haoyu0512workout,ziho0512workout,ziho0512workout,db_weighted_crunch,2,9.0,7.309071505761519,,,
M3_progression_control,ridge,7,hsianshun0514workout|tsenyu0515workout|yanz0510workout|yoru0511workout|yushuan0513workout,haoyu0512workout,ziho0512workout,ziho0512workout,one_arm_db_row,0,6.0,6.596871287908849,,,
M3_progression_control,ridge,7,hsianshun0514workout|tsenyu0515workout|yanz0510workout|yoru0511workout|yushuan0513workout,haoyu0512workout,ziho0512workout,ziho0512workout,one_arm_db_row,1,8.0,7.207693572315049,,,
M3_progression_control,ridge,7,hsianshun0514workout|tsenyu0515workout|yanz0510workout|yoru0511workout|yushuan0513workout,haoyu0512workout,ziho0512workout,ziho0512workout,one_arm_db_row,2,9.0,7.820990588794796,,,
M4_add_one__kg,ridge,1,tsenyu0515workout|yanz0510workout|yoru0511workout|yushuan0513workout|ziho0512workout,hsianshun0514workout,haoyu0512workout,haoyu0512workout,db_bench_press,0,8.0,6.5980955897009474,kg,workload_dose,load control
M4_add_one__kg,ridge,1,tsenyu0515workout|yanz0510workout|yoru0511workout|yushuan0513workout|ziho0512workout,hsianshun0514workout,haoyu0512workout,haoyu0512workout,db_bench_press,1,9.0,7.267688372898742,kg,workload_dose,load control
M4_add_one__kg,ridge,1,tsenyu0515workout|yanz0510workout|yoru0511workout|yushuan0513workout|ziho0512workout,hsianshun0514workout,haoyu0512workout,haoyu0512workout,db_bench_press,2,9.0,7.956067897312255,kg,workload_dose,load control
M4_add_one__kg,ridge,1,tsenyu0515workout|yanz0510workout|yoru0511workout|yushuan0513workout|ziho0512workout,hsianshun0514workout,haoyu0512workout,haoyu0512workout,db_biceps_curl,0,9.0,7.3805984468220664,kg,workload_dose,load control
M4_add_one__kg,ridge,1,tsenyu0515workout|yanz0510workout|yoru0511workout|yushuan0513workout|ziho0512workout,hsianshun0514workout,haoyu0512workout,haoyu0512workout,db_biceps_curl,1,9.0,7.999965452483963,kg,workload_dose,load control
M4_add_one__kg,ridge,1,tsenyu0515workout|yanz0510workout|yoru0511workout|yushuan0513workout|ziho0512workout,hsianshun0514workout,haoyu0512workout,haoyu0512workout,db_biceps_curl,3,9.0,8.89440367581358,kg,workload_dose,load control
M4_add_one__kg,ridge,1,tsenyu0515workout|yanz0510workout|yoru0511workout|yushuan0513workout|ziho0512workout,hsianshun0514workout,haoyu0512workout,haoyu0512workout,db_rdl,0,9.0,6.463417025105765,kg,workload_dose,load control
M4_add_one__kg,ridge,1,tsenyu0515workout|yanz0510workout|yoru0511workout|yushuan0513workout|ziho0512workout,hsianshun0514workout,haoyu0512workout,haoyu0512workout,db_rdl,1,9.0,7.121661082997738,kg,workload_dose,load control
M4_add_one__kg,ridge,1,tsenyu0515workout|yanz0510workout|yoru0511workout|yushuan0513workout|ziho0512workout,hsianshun0514workout,haoyu0512workout,haoyu0512workout,db_rdl,2,9.0,7.842093088342557,kg,workload_dose,load control
M4_add_one__kg,ridge,1,tsenyu0515workout|yanz0510workout|yoru0511workout|yushuan0513workout|ziho0512workout,hsianshun0514workout,haoyu0512workout,haoyu0512workout,db_shoulder_press,0,7.0,7.625730003209579,kg,workload_dose,load control
M4_add_one__kg,ridge,1,tsenyu0515workout|yanz0510workout|yoru0511workout|yushuan0513workout|ziho0512workout,hsianshun0514workout,haoyu0512workout,haoyu0512workout,db_shoulder_press,1,9.0,8.236278742586546,kg,workload_dose,load control
M4_add_one__kg,ridge,1,tsenyu0515workout|yanz0510workout|yoru0511workout|yushuan0513workout|ziho0512workout,hsianshun0514workout,haoyu0512workout,haoyu0512workout,db_shoulder_press,2,9.0,8.908938748839969,kg,workload_dose,load control
M4_add_one__kg,ridge,1,tsenyu0515workout|yanz0510workout|yoru0511workout|yushuan0513workout|ziho0512workout,hsianshun0514workout,haoyu0512workout,haoyu0512workout,db_squat,0,6.0,6.083052123162439,kg,workload_dose,load control
M4_add_one__kg,ridge,1,tsenyu0515workout|yanz0510workout|yoru0511workout|yushuan0513workout|ziho0512workout,hsianshun0514workout,haoyu0512workout,haoyu0512workout,db_squat,1,9.0,6.650276336878669,kg,workload_dose,load control
M4_add_one__kg,ridge,1,tsenyu0515workout|yanz0510workout|yoru0511workout|yushuan0513workout|ziho0512workout,hsianshun0514workout,haoyu0512workout,haoyu0512workout,db_squat,2,8.0,7.184987986205249,kg,workload_dose,load control
M4_add_one__kg,ridge,1,tsenyu0515workout|yanz0510workout|yoru0511workout|yushuan0513workout|ziho0512workout,hsianshun0514workout,haoyu0512workout,haoyu0512workout,db_triceps_curl,0,7.0,6.595896710436971,kg,workload_dose,load control
M4_add_one__kg,ridge,1,tsenyu0515workout|yanz0510workout|yoru0511workout|yushuan0513workout|ziho0512workout,hsianshun0514workout,haoyu0512workout,haoyu0512workout,db_triceps_curl,1,9.0,7.230676511953395,kg,workload_dose,load control
M4_add_one__kg,ridge,1,tsenyu0515workout|yanz0510workout|yoru0511workout|yushuan0513workout|ziho0512workout,hsianshun0514workout,haoyu0512workout,haoyu0512workout,db_triceps_curl,2,9.0,7.836854458476093,kg,workload_dose,load control
M4_add_one__kg,ridge,1,tsenyu0515workout|yanz0510workout|yoru0511workout|yushuan0513workout|ziho0512workout,hsianshun0514workout,haoyu0512workout,haoyu0512workout,db_weighted_crunch,0,6.0,6.085604792017217,kg,workload_dose,load control
M4_add_one__kg,ridge,1,tsenyu0515workout|yanz0510workout|yoru0511workout|yushuan0513workout|ziho0512workout,hsianshun0514workout,haoyu0512workout,haoyu0512workout,db_weighted_crunch,1,7.0,6.691092613352399,kg,workload_dose,load control
M4_add_one__kg,ridge,1,tsenyu0515workout|yanz0510workout|yoru0511workout|yushuan0513workout|ziho0512workout,hsianshun0514workout,haoyu0512workout,haoyu0512workout,db_weighted_crunch,2,9.0,7.274649789839846,kg,workload_dose,load control
M4_add_one__kg,ridge,1,tsenyu0515workout|yanz0510workout|yoru0511workout|yushuan0513workout|ziho0512workout,hsianshun0514workout,haoyu0512workout,haoyu0512workout,one_arm_db_row,0,9.0,6.598247617342176,kg,workload_dose,load control
M4_add_one__kg,ridge,1,tsenyu0515workout|yanz0510workout|yoru0511workout|yushuan0513workout|ziho0512workout,hsianshun0514workout,haoyu0512workout,haoyu0512workout,one_arm_db_row,1,9.0,7.215697608594305,kg,workload_dose,load control
M4_add_one__kg,ridge,1,tsenyu0515workout|yanz0510workout|yoru0511workout|yushuan0513workout|ziho0512workout,hsianshun0514workout,haoyu0512workout,haoyu0512workout,one_arm_db_row,2,9.0,7.813210649984857,kg,workload_dose,load control
M4_add_one__kg,ridge,2,haoyu0512workout|yanz0510workout|yoru0511workout|yushuan0513workout|ziho0512workout,tsenyu0515workout,hsianshun0514workout,hsianshun0514workout,db_bench_press,0,4.0,6.812901201115773,kg,workload_dose,load control
M4_add_one__kg,ridge,2,haoyu0512workout|yanz0510workout|yoru0511workout|yushuan0513workout|ziho0512workout,tsenyu0515workout,hsianshun0514workout,hsianshun0514workout,db_bench_press,1,6.0,7.548388946593242,kg,workload_dose,load control
M4_add_one__kg,ridge,2,haoyu0512workout|yanz0510workout|yoru0511workout|yushuan0513workout|ziho0512workout,tsenyu0515workout,hsianshun0514workout,hsianshun0514workout,db_bench_press,2,7.0,8.258352938091694,kg,workload_dose,load control
M4_add_one__kg,ridge,2,haoyu0512workout|yanz0510workout|yoru0511workout|yushuan0513workout|ziho0512workout,tsenyu0515workout,hsianshun0514workout,hsianshun0514workout,db_biceps_curl,0,9.0,7.324257608584394,kg,workload_dose,load control
M4_add_one__kg,ridge,2,haoyu0512workout|yanz0510workout|yoru0511workout|yushuan0513workout|ziho0512workout,tsenyu0515workout,hsianshun0514workout,hsianshun0514workout,db_biceps_curl,1,10.0,7.7797603502011015,kg,workload_dose,load control
M4_add_one__kg,ridge,2,haoyu0512workout|yanz0510workout|yoru0511workout|yushuan0513workout|ziho0512workout,tsenyu0515workout,hsianshun0514workout,hsianshun0514workout,db_biceps_curl,2,10.0,8.455584929505287,kg,workload_dose,load control
M4_add_one__kg,ridge,2,haoyu0512workout|yanz0510workout|yoru0511workout|yushuan0513workout|ziho0512workout,tsenyu0515workout,hsianshun0514workout,hsianshun0514workout,db_rdl,0,4.0,6.711474685916077,kg,workload_dose,load control
M4_add_one__kg,ridge,2,haoyu0512workout|yanz0510workout|yoru0511workout|yushuan0513workout|ziho0512workout,tsenyu0515workout,hsianshun0514workout,hsianshun0514workout,db_rdl,1,6.0,7.264695291983223,kg,workload_dose,load control
M4_add_one__kg,ridge,2,haoyu0512workout|yanz0510workout|yoru0511workout|yushuan0513workout|ziho0512workout,tsenyu0515workout,hsianshun0514workout,hsianshun0514workout,db_rdl,2,8.0,7.814844574957458,kg,workload_dose,load control
M4_add_one__kg,ridge,2,haoyu0512workout|yanz0510workout|yoru0511workout|yushuan0513workout|ziho0512workout,tsenyu0515workout,hsianshun0514workout,hsianshun0514workout,db_shoulder_press,1,9.0,7.501565621318819,kg,workload_dose,load control
M4_add_one__kg,ridge,2,haoyu0512workout|yanz0510workout|yoru0511workout|yushuan0513workout|ziho0512workout,tsenyu0515workout,hsianshun0514workout,hsianshun0514workout,db_shoulder_press,2,10.0,8.193453233879161,kg,workload_dose,load control
M4_add_one__kg,ridge,2,haoyu0512workout|yanz0510workout|yoru0511workout|yushuan0513workout|ziho0512workout,tsenyu0515workout,hsianshun0514workout,hsianshun0514workout,db_shoulder_press,3,10.0,8.737777593746152,kg,workload_dose,load control
M4_add_one__kg,ridge,2,haoyu0512workout|yanz0510workout|yoru0511workout|yushuan0513workout|ziho0512workout,tsenyu0515workout,hsianshun0514workout,hsianshun0514workout,db_squat,0,4.0,6.296812145105054,kg,workload_dose,load control
M4_add_one__kg,ridge,2,haoyu0512workout|yanz0510workout|yoru0511workout|yushuan0513workout|ziho0512workout,tsenyu0515workout,hsianshun0514workout,hsianshun0514workout,db_squat,1,6.0,6.773991027699446,kg,workload_dose,load control
M4_add_one__kg,ridge,2,haoyu0512workout|yanz0510workout|yoru0511workout|yushuan0513workout|ziho0512workout,tsenyu0515workout,hsianshun0514workout,hsianshun0514workout,db_squat,2,7.0,7.2268111409362685,kg,workload_dose,load control
M4_add_one__kg,ridge,2,haoyu0512workout|yanz0510workout|yoru0511workout|yushuan0513workout|ziho0512workout,tsenyu0515workout,hsianshun0514workout,hsianshun0514workout,db_triceps_curl,0,4.0,6.958263948555838,kg,workload_dose,load control
M4_add_one__kg,ridge,2,haoyu0512workout|yanz0510workout|yoru0511workout|yushuan0513workout|ziho0512workout,tsenyu0515workout,hsianshun0514workout,hsianshun0514workout,db_triceps_curl,1,7.0,7.2916223832829825,kg,workload_dose,load control
M4_add_one__kg,ridge,2,haoyu0512workout|yanz0510workout|yoru0511workout|yushuan0513workout|ziho0512workout,tsenyu0515workout,hsianshun0514workout,hsianshun0514workout,db_triceps_curl,2,8.0,7.786805573663401,kg,workload_dose,load control
M4_add_one__kg,ridge,2,haoyu0512workout|yanz0510workout|yoru0511workout|yushuan0513workout|ziho0512workout,tsenyu0515workout,hsianshun0514workout,hsianshun0514workout,db_weighted_crunch,0,5.0,6.268585971716348,kg,workload_dose,load control
M4_add_one__kg,ridge,2,haoyu0512workout|yanz0510workout|yoru0511workout|yushuan0513workout|ziho0512workout,tsenyu0515workout,hsianshun0514workout,hsianshun0514workout,db_weighted_crunch,2,7.0,7.027967674351728,kg,workload_dose,load control
M4_add_one__kg,ridge,2,haoyu0512workout|yanz0510workout|yoru0511workout|yushuan0513workout|ziho0512workout,tsenyu0515workout,hsianshun0514workout,hsianshun0514workout,db_weighted_crunch,3,7.0,7.648651480770051,kg,workload_dose,load control
M4_add_one__kg,ridge,2,haoyu0512workout|yanz0510workout|yoru0511workout|yushuan0513workout|ziho0512workout,tsenyu0515workout,hsianshun0514workout,hsianshun0514workout,one_arm_db_row,1,7.0,6.80196680208876,kg,workload_dose,load control
M4_add_one__kg,ridge,2,haoyu0512workout|yanz0510workout|yoru0511workout|yushuan0513workout|ziho0512workout,tsenyu0515workout,hsianshun0514workout,hsianshun0514workout,one_arm_db_row,2,8.0,7.264318607682892,kg,workload_dose,load control
M4_add_one__kg,ridge,3,haoyu0512workout|hsianshun0514workout|yoru0511workout|yushuan0513workout|ziho0512workout,yanz0510workout,tsenyu0515workout,tsenyu0515workout,db_bench_press,0,3.0,6.690349551316335,kg,workload_dose,load control
M4_add_one__kg,ridge,3,haoyu0512workout|hsianshun0514workout|yoru0511workout|yushuan0513workout|ziho0512workout,yanz0510workout,tsenyu0515workout,tsenyu0515workout,db_bench_press,1,6.0,7.526527298569516,kg,workload_dose,load control
M4_add_one__kg,ridge,3,haoyu0512workout|hsianshun0514workout|yoru0511workout|yushuan0513workout|ziho0512workout,yanz0510workout,tsenyu0515workout,tsenyu0515workout,db_bench_press,2,8.0,8.716100739073637,kg,workload_dose,load control
M4_add_one__kg,ridge,3,haoyu0512workout|hsianshun0514workout|yoru0511workout|yushuan0513workout|ziho0512workout,yanz0510workout,tsenyu0515workout,tsenyu0515workout,db_biceps_curl,0,6.0,8.515274932855283,kg,workload_dose,load control
M4_add_one__kg,ridge,3,haoyu0512workout|hsianshun0514workout|yoru0511workout|yushuan0513workout|ziho0512workout,yanz0510workout,tsenyu0515workout,tsenyu0515workout,db_biceps_curl,1,9.0,9.652080267715613,kg,workload_dose,load control
M4_add_one__kg,ridge,3,haoyu0512workout|hsianshun0514workout|yoru0511workout|yushuan0513workout|ziho0512workout,yanz0510workout,tsenyu0515workout,tsenyu0515workout,db_biceps_curl,2,9.0,10.895298360468901,kg,workload_dose,load control
M4_add_one__kg,ridge,3,haoyu0512workout|hsianshun0514workout|yoru0511workout|yushuan0513workout|ziho0512workout,yanz0510workout,tsenyu0515workout,tsenyu0515workout,db_rdl,0,6.0,6.89958392664071,kg,workload_dose,load control
M4_add_one__kg,ridge,3,haoyu0512workout|hsianshun0514workout|yoru0511workout|yushuan0513workout|ziho0512workout,yanz0510workout,tsenyu0515workout,tsenyu0515workout,db_rdl,1,10.0,8.485356432775944,kg,workload_dose,load control
M4_add_one__kg,ridge,3,haoyu0512workout|hsianshun0514workout|yoru0511workout|yushuan0513workout|ziho0512workout,yanz0510workout,tsenyu0515workout,tsenyu0515workout,db_rdl,2,6.0,9.799902170842298,kg,workload_dose,load control
M4_add_one__kg,ridge,3,haoyu0512workout|hsianshun0514workout|yoru0511workout|yushuan0513workout|ziho0512workout,yanz0510workout,tsenyu0515workout,tsenyu0515workout,db_shoulder_press,0,5.0,8.320737599765037,kg,workload_dose,load control
M4_add_one__kg,ridge,3,haoyu0512workout|hsianshun0514workout|yoru0511workout|yushuan0513workout|ziho0512workout,yanz0510workout,tsenyu0515workout,tsenyu0515workout,db_shoulder_press,1,8.0,9.485767735318557,kg,workload_dose,load control
M4_add_one__kg,ridge,3,haoyu0512workout|hsianshun0514workout|yoru0511workout|yushuan0513workout|ziho0512workout,yanz0510workout,tsenyu0515workout,tsenyu0515workout,db_shoulder_press,2,9.0,10.622573070178888,kg,workload_dose,load control
M4_add_one__kg,ridge,3,haoyu0512workout|hsianshun0514workout|yoru0511workout|yushuan0513workout|ziho0512workout,yanz0510workout,tsenyu0515workout,tsenyu0515workout,db_squat,1,4.0,6.240187451683523,kg,workload_dose,load control
M4_add_one__kg,ridge,3,haoyu0512workout|hsianshun0514workout|yoru0511workout|yushuan0513workout|ziho0512workout,yanz0510workout,tsenyu0515workout,tsenyu0515workout,db_squat,2,6.0,7.2900393632902984,kg,workload_dose,load control
M4_add_one__kg,ridge,3,haoyu0512workout|hsianshun0514workout|yoru0511workout|yushuan0513workout|ziho0512workout,yanz0510workout,tsenyu0515workout,tsenyu0515workout,db_squat,3,5.0,8.198416652788973,kg,workload_dose,load control
M4_add_one__kg,ridge,3,haoyu0512workout|hsianshun0514workout|yoru0511workout|yushuan0513workout|ziho0512workout,yanz0510workout,tsenyu0515workout,tsenyu0515workout,db_triceps_curl,0,4.0,6.4898381149714695,kg,workload_dose,load control
M4_add_one__kg,ridge,3,haoyu0512workout|hsianshun0514workout|yoru0511workout|yushuan0513workout|ziho0512workout,yanz0510workout,tsenyu0515workout,tsenyu0515workout,db_triceps_curl,1,6.0,7.458346501599114,kg,workload_dose,load control
M4_add_one__kg,ridge,3,haoyu0512workout|hsianshun0514workout|yoru0511workout|yushuan0513workout|ziho0512workout,yanz0510workout,tsenyu0515workout,tsenyu0515workout,db_triceps_curl,2,7.0,8.457884638057159,kg,workload_dose,load control
M4_add_one__kg,ridge,3,haoyu0512workout|hsianshun0514workout|yoru0511workout|yushuan0513workout|ziho0512workout,yanz0510workout,tsenyu0515workout,tsenyu0515workout,db_weighted_crunch,0,3.0,5.829531910852312,kg,workload_dose,load control
M4_add_one__kg,ridge,3,haoyu0512workout|hsianshun0514workout|yoru0511workout|yushuan0513workout|ziho0512workout,yanz0510workout,tsenyu0515workout,tsenyu0515workout,db_weighted_crunch,1,5.0,6.416941081826105,kg,workload_dose,load control
M4_add_one__kg,ridge,3,haoyu0512workout|hsianshun0514workout|yoru0511workout|yushuan0513workout|ziho0512workout,yanz0510workout,tsenyu0515workout,tsenyu0515workout,db_weighted_crunch,2,7.0,7.267641604690869,kg,workload_dose,load control
M4_add_one__kg,ridge,3,haoyu0512workout|hsianshun0514workout|yoru0511workout|yushuan0513workout|ziho0512workout,yanz0510workout,tsenyu0515workout,tsenyu0515workout,one_arm_db_row,0,5.0,7.0932728646372905,kg,workload_dose,load control
M4_add_one__kg,ridge,3,haoyu0512workout|hsianshun0514workout|yoru0511workout|yushuan0513workout|ziho0512workout,yanz0510workout,tsenyu0515workout,tsenyu0515workout,one_arm_db_row,1,8.0,8.208339843684232,kg,workload_dose,load control
M4_add_one__kg,ridge,3,haoyu0512workout|hsianshun0514workout|yoru0511workout|yushuan0513workout|ziho0512workout,yanz0510workout,tsenyu0515workout,tsenyu0515workout,one_arm_db_row,2,9.0,9.311836407540177,kg,workload_dose,load control
M4_add_one__kg,ridge,4,haoyu0512workout|hsianshun0514workout|tsenyu0515workout|yushuan0513workout|ziho0512workout,yoru0511workout,yanz0510workout,yanz0510workout,db_bench_press,2,5.0,7.650911099452359,kg,workload_dose,load control
M4_add_one__kg,ridge,4,haoyu0512workout|hsianshun0514workout|tsenyu0515workout|yushuan0513workout|ziho0512workout,yoru0511workout,yanz0510workout,yanz0510workout,db_bench_press,3,7.0,8.26004862111723,kg,workload_dose,load control
M4_add_one__kg,ridge,4,haoyu0512workout|hsianshun0514workout|tsenyu0515workout|yushuan0513workout|ziho0512workout,yoru0511workout,yanz0510workout,yanz0510workout,db_bench_press,4,8.0,8.824025797544259,kg,workload_dose,load control
M4_add_one__kg,ridge,4,haoyu0512workout|hsianshun0514workout|tsenyu0515workout|yushuan0513workout|ziho0512workout,yoru0511workout,yanz0510workout,yanz0510workout,db_biceps_curl,0,7.0,7.699734913300072,kg,workload_dose,load control
M4_add_one__kg,ridge,4,haoyu0512workout|hsianshun0514workout|tsenyu0515workout|yushuan0513workout|ziho0512workout,yoru0511workout,yanz0510workout,yanz0510workout,db_biceps_curl,1,9.0,8.250801480946176,kg,workload_dose,load control
M4_add_one__kg,ridge,4,haoyu0512workout|hsianshun0514workout|tsenyu0515workout|yushuan0513workout|ziho0512workout,yoru0511workout,yanz0510workout,yanz0510workout,db_biceps_curl,2,10.0,8.754029153814828,kg,workload_dose,load control
M4_add_one__kg,ridge,4,haoyu0512workout|hsianshun0514workout|tsenyu0515workout|yushuan0513workout|ziho0512workout,yoru0511workout,yanz0510workout,yanz0510workout,db_rdl,0,5.0,6.733564425760198,kg,workload_dose,load control
M4_add_one__kg,ridge,4,haoyu0512workout|hsianshun0514workout|tsenyu0515workout|yushuan0513workout|ziho0512workout,yoru0511workout,yanz0510workout,yanz0510workout,db_rdl,1,8.0,7.364237485723541,kg,workload_dose,load control
M4_add_one__kg,ridge,4,haoyu0512workout|hsianshun0514workout|tsenyu0515workout|yushuan0513workout|ziho0512workout,yoru0511workout,yanz0510workout,yanz0510workout,db_rdl,2,9.0,7.9870891810312195,kg,workload_dose,load control
M4_add_one__kg,ridge,4,haoyu0512workout|hsianshun0514workout|tsenyu0515workout|yushuan0513workout|ziho0512workout,yoru0511workout,yanz0510workout,yanz0510workout,db_shoulder_press,1,7.0,7.916390227115587,kg,workload_dose,load control
M4_add_one__kg,ridge,4,haoyu0512workout|hsianshun0514workout|tsenyu0515workout|yushuan0513workout|ziho0512workout,yoru0511workout,yanz0510workout,yanz0510workout,db_shoulder_press,2,10.0,8.41940361602107,kg,workload_dose,load control
M4_add_one__kg,ridge,4,haoyu0512workout|hsianshun0514workout|tsenyu0515workout|yushuan0513workout|ziho0512workout,yoru0511workout,yanz0510workout,yanz0510workout,db_shoulder_press,3,10.0,8.890542265405184,kg,workload_dose,load control
M4_add_one__kg,ridge,4,haoyu0512workout|hsianshun0514workout|tsenyu0515workout|yushuan0513workout|ziho0512workout,yoru0511workout,yanz0510workout,yanz0510workout,db_squat,0,7.0,6.19602193042064,kg,workload_dose,load control
M4_add_one__kg,ridge,4,haoyu0512workout|hsianshun0514workout|tsenyu0515workout|yushuan0513workout|ziho0512workout,yoru0511workout,yanz0510workout,yanz0510workout,db_squat,1,8.0,6.731017200829078,kg,workload_dose,load control
M4_add_one__kg,ridge,4,haoyu0512workout|hsianshun0514workout|tsenyu0515workout|yushuan0513workout|ziho0512workout,yoru0511workout,yanz0510workout,yanz0510workout,db_squat,2,9.0,7.2654767613295945,kg,workload_dose,load control
M4_add_one__kg,ridge,4,haoyu0512workout|hsianshun0514workout|tsenyu0515workout|yushuan0513workout|ziho0512workout,yoru0511workout,yanz0510workout,yanz0510workout,db_triceps_curl,0,7.0,6.813440983304984,kg,workload_dose,load control
M4_add_one__kg,ridge,4,haoyu0512workout|hsianshun0514workout|tsenyu0515workout|yushuan0513workout|ziho0512workout,yoru0511workout,yanz0510workout,yanz0510workout,db_triceps_curl,2,8.0,7.73327203693127,kg,workload_dose,load control
M4_add_one__kg,ridge,4,haoyu0512workout|hsianshun0514workout|tsenyu0515workout|yushuan0513workout|ziho0512workout,yoru0511workout,yanz0510workout,yanz0510workout,db_triceps_curl,4,9.0,8.659424467471037,kg,workload_dose,load control
M4_add_one__kg,ridge,4,haoyu0512workout|hsianshun0514workout|tsenyu0515workout|yushuan0513workout|ziho0512workout,yoru0511workout,yanz0510workout,yanz0510workout,db_weighted_crunch,0,6.0,6.28397646059633,kg,workload_dose,load control
M4_add_one__kg,ridge,4,haoyu0512workout|hsianshun0514workout|tsenyu0515workout|yushuan0513workout|ziho0512workout,yoru0511workout,yanz0510workout,yanz0510workout,db_weighted_crunch,2,7.0,7.2467714488379755,kg,workload_dose,load control
M4_add_one__kg,ridge,4,haoyu0512workout|hsianshun0514workout|tsenyu0515workout|yushuan0513workout|ziho0512workout,yoru0511workout,yanz0510workout,yanz0510workout,db_weighted_crunch,3,8.0,7.8117664740900565,kg,workload_dose,load control
M4_add_one__kg,ridge,4,haoyu0512workout|hsianshun0514workout|tsenyu0515workout|yushuan0513workout|ziho0512workout,yoru0511workout,yanz0510workout,yanz0510workout,one_arm_db_row,0,6.0,7.039092327796362,kg,workload_dose,load control
M4_add_one__kg,ridge,4,haoyu0512workout|hsianshun0514workout|tsenyu0515workout|yushuan0513workout|ziho0512workout,yoru0511workout,yanz0510workout,yanz0510workout,one_arm_db_row,1,7.0,7.590105324451674,kg,workload_dose,load control
M4_add_one__kg,ridge,4,haoyu0512workout|hsianshun0514workout|tsenyu0515workout|yushuan0513workout|ziho0512workout,yoru0511workout,yanz0510workout,yanz0510workout,one_arm_db_row,2,9.0,8.139243336429258,kg,workload_dose,load control
M4_add_one__kg,ridge,5,haoyu0512workout|hsianshun0514workout|tsenyu0515workout|yanz0510workout|ziho0512workout,yushuan0513workout,yoru0511workout,yoru0511workout,db_bench_press,0,3.0,5.804534316106211,kg,workload_dose,load control
M4_add_one__kg,ridge,5,haoyu0512workout|hsianshun0514workout|tsenyu0515workout|yanz0510workout|ziho0512workout,yushuan0513workout,yoru0511workout,yoru0511workout,db_bench_press,4,5.0,8.427869147185678,kg,workload_dose,load control
M4_add_one__kg,ridge,5,haoyu0512workout|hsianshun0514workout|tsenyu0515workout|yanz0510workout|ziho0512workout,yushuan0513workout,yoru0511workout,yoru0511workout,db_bench_press,5,7.0,9.27726924548172,kg,workload_dose,load control
M4_add_one__kg,ridge,5,haoyu0512workout|hsianshun0514workout|tsenyu0515workout|yanz0510workout|ziho0512workout,yushuan0513workout,yoru0511workout,yoru0511workout,db_biceps_curl,0,6.0,7.767280989720121,kg,workload_dose,load control
M4_add_one__kg,ridge,5,haoyu0512workout|hsianshun0514workout|tsenyu0515workout|yanz0510workout|ziho0512workout,yushuan0513workout,yoru0511workout,yoru0511workout,db_biceps_curl,1,8.0,8.57081145783357,kg,workload_dose,load control
M4_add_one__kg,ridge,5,haoyu0512workout|hsianshun0514workout|tsenyu0515workout|yanz0510workout|ziho0512workout,yushuan0513workout,yoru0511workout,yoru0511workout,db_biceps_curl,2,9.0,9.382067337346191,kg,workload_dose,load control
M4_add_one__kg,ridge,5,haoyu0512workout|hsianshun0514workout|tsenyu0515workout|yanz0510workout|ziho0512workout,yushuan0513workout,yoru0511workout,yoru0511workout,db_rdl,0,6.0,6.565421096397641,kg,workload_dose,load control
M4_add_one__kg,ridge,5,haoyu0512workout|hsianshun0514workout|tsenyu0515workout|yanz0510workout|ziho0512workout,yushuan0513workout,yoru0511workout,yoru0511workout,db_rdl,1,6.0,7.4412393426033585,kg,workload_dose,load control
M4_add_one__kg,ridge,5,haoyu0512workout|hsianshun0514workout|tsenyu0515workout|yanz0510workout|ziho0512workout,yushuan0513workout,yoru0511workout,yoru0511workout,db_rdl,2,7.0,8.29374340083657,kg,workload_dose,load control
M4_add_one__kg,ridge,5,haoyu0512workout|hsianshun0514workout|tsenyu0515workout|yanz0510workout|ziho0512workout,yushuan0513workout,yoru0511workout,yoru0511workout,db_shoulder_press,0,7.0,7.46405862766699,kg,workload_dose,load control
M4_add_one__kg,ridge,5,haoyu0512workout|hsianshun0514workout|tsenyu0515workout|yanz0510workout|ziho0512workout,yushuan0513workout,yoru0511workout,yoru0511workout,db_shoulder_press,1,8.0,8.26627853491808,kg,workload_dose,load control
M4_add_one__kg,ridge,5,haoyu0512workout|hsianshun0514workout|tsenyu0515workout|yanz0510workout|ziho0512workout,yushuan0513workout,yoru0511workout,yoru0511workout,db_shoulder_press,2,9.0,9.060083261895066,kg,workload_dose,load control
M4_add_one__kg,ridge,5,haoyu0512workout|hsianshun0514workout|tsenyu0515workout|yanz0510workout|ziho0512workout,yushuan0513workout,yoru0511workout,yoru0511workout,db_squat,0,4.0,5.786650521808744,kg,workload_dose,load control
M4_add_one__kg,ridge,5,haoyu0512workout|hsianshun0514workout|tsenyu0515workout|yanz0510workout|ziho0512workout,yushuan0513workout,yoru0511workout,yoru0511workout,db_squat,1,5.0,6.6158403920694475,kg,workload_dose,load control
M4_add_one__kg,ridge,5,haoyu0512workout|hsianshun0514workout|tsenyu0515workout|yanz0510workout|ziho0512workout,yushuan0513workout,yoru0511workout,yoru0511workout,db_squat,2,6.0,7.442960955705373,kg,workload_dose,load control
M4_add_one__kg,ridge,5,haoyu0512workout|hsianshun0514workout|tsenyu0515workout|yanz0510workout|ziho0512workout,yushuan0513workout,yoru0511workout,yoru0511workout,db_triceps_curl,0,5.0,6.378459583341352,kg,workload_dose,load control
M4_add_one__kg,ridge,5,haoyu0512workout|hsianshun0514workout|tsenyu0515workout|yanz0510workout|ziho0512workout,yushuan0513workout,yoru0511workout,yoru0511workout,db_triceps_curl,1,5.0,7.166194344218989,kg,workload_dose,load control
M4_add_one__kg,ridge,5,haoyu0512workout|hsianshun0514workout|tsenyu0515workout|yanz0510workout|ziho0512workout,yushuan0513workout,yoru0511workout,yoru0511workout,db_triceps_curl,2,6.0,7.951239006484414,kg,workload_dose,load control
M4_add_one__kg,ridge,5,haoyu0512workout|hsianshun0514workout|tsenyu0515workout|yanz0510workout|ziho0512workout,yushuan0513workout,yoru0511workout,yoru0511workout,db_weighted_crunch,0,6.0,5.714114203002571,kg,workload_dose,load control
M4_add_one__kg,ridge,5,haoyu0512workout|hsianshun0514workout|tsenyu0515workout|yanz0510workout|ziho0512workout,yushuan0513workout,yoru0511workout,yoru0511workout,db_weighted_crunch,1,7.0,6.531715956164514,kg,workload_dose,load control
M4_add_one__kg,ridge,5,haoyu0512workout|hsianshun0514workout|tsenyu0515workout|yanz0510workout|ziho0512workout,yushuan0513workout,yoru0511workout,yoru0511workout,db_weighted_crunch,2,7.0,7.331521672353361,kg,workload_dose,load control
M4_add_one__kg,ridge,5,haoyu0512workout|hsianshun0514workout|tsenyu0515workout|yanz0510workout|ziho0512workout,yushuan0513workout,yoru0511workout,yoru0511workout,one_arm_db_row,0,5.0,6.719357668628754,kg,workload_dose,load control
M4_add_one__kg,ridge,5,haoyu0512workout|hsianshun0514workout|tsenyu0515workout|yanz0510workout|ziho0512workout,yushuan0513workout,yoru0511workout,yoru0511workout,one_arm_db_row,2,7.0,8.106865171966627,kg,workload_dose,load control
M4_add_one__kg,ridge,5,haoyu0512workout|hsianshun0514workout|tsenyu0515workout|yanz0510workout|ziho0512workout,yushuan0513workout,yoru0511workout,yoru0511workout,one_arm_db_row,3,8.0,8.911361316504973,kg,workload_dose,load control
M4_add_one__kg,ridge,6,haoyu0512workout|hsianshun0514workout|tsenyu0515workout|yanz0510workout|yoru0511workout,ziho0512workout,yushuan0513workout,yushuan0513workout,db_bench_press,0,9.0,5.884576469871671,kg,workload_dose,load control
M4_add_one__kg,ridge,6,haoyu0512workout|hsianshun0514workout|tsenyu0515workout|yanz0510workout|yoru0511workout,ziho0512workout,yushuan0513workout,yushuan0513workout,db_bench_press,1,10.0,6.570799506426919,kg,workload_dose,load control
M4_add_one__kg,ridge,6,haoyu0512workout|hsianshun0514workout|tsenyu0515workout|yanz0510workout|yoru0511workout,ziho0512workout,yushuan0513workout,yushuan0513workout,db_bench_press,3,10.0,7.4181830458418805,kg,workload_dose,load control
M4_add_one__kg,ridge,6,haoyu0512workout|hsianshun0514workout|tsenyu0515workout|yanz0510workout|yoru0511workout,ziho0512workout,yushuan0513workout,yushuan0513workout,db_biceps_curl,0,7.0,7.257210259305493,kg,workload_dose,load control
M4_add_one__kg,ridge,6,haoyu0512workout|hsianshun0514workout|tsenyu0515workout|yanz0510workout|yoru0511workout,ziho0512workout,yushuan0513workout,yushuan0513workout,db_biceps_curl,1,9.0,7.832225032673858,kg,workload_dose,load control
M4_add_one__kg,ridge,6,haoyu0512workout|hsianshun0514workout|tsenyu0515workout|yanz0510workout|yoru0511workout,ziho0512workout,yushuan0513workout,yushuan0513workout,db_biceps_curl,2,10.0,8.425326220822408,kg,workload_dose,load control
M4_add_one__kg,ridge,6,haoyu0512workout|hsianshun0514workout|tsenyu0515workout|yanz0510workout|yoru0511workout,ziho0512workout,yushuan0513workout,yushuan0513workout,db_rdl,0,6.0,6.543953619638909,kg,workload_dose,load control
M4_add_one__kg,ridge,6,haoyu0512workout|hsianshun0514workout|tsenyu0515workout|yanz0510workout|yoru0511workout,ziho0512workout,yushuan0513workout,yushuan0513workout,db_rdl,1,8.0,7.262082946883305,kg,workload_dose,load control
M4_add_one__kg,ridge,6,haoyu0512workout|hsianshun0514workout|tsenyu0515workout|yanz0510workout|yoru0511workout,ziho0512workout,yushuan0513workout,yushuan0513workout,db_rdl,2,8.0,7.994866907641901,kg,workload_dose,load control
M4_add_one__kg,ridge,6,haoyu0512workout|hsianshun0514workout|tsenyu0515workout|yanz0510workout|yoru0511workout,ziho0512workout,yushuan0513workout,yushuan0513workout,db_shoulder_press,0,8.0,7.292570763215625,kg,workload_dose,load control
M4_add_one__kg,ridge,6,haoyu0512workout|hsianshun0514workout|tsenyu0515workout|yanz0510workout|yoru0511workout,ziho0512workout,yushuan0513workout,yushuan0513workout,db_shoulder_press,1,9.0,8.084529763101187,kg,workload_dose,load control
M4_add_one__kg,ridge,6,haoyu0512workout|hsianshun0514workout|tsenyu0515workout|yanz0510workout|yoru0511workout,ziho0512workout,yushuan0513workout,yushuan0513workout,db_shoulder_press,2,10.0,8.799598312459704,kg,workload_dose,load control
M4_add_one__kg,ridge,6,haoyu0512workout|hsianshun0514workout|tsenyu0515workout|yanz0510workout|yoru0511workout,ziho0512workout,yushuan0513workout,yushuan0513workout,db_squat,0,6.0,5.972624983178491,kg,workload_dose,load control
M4_add_one__kg,ridge,6,haoyu0512workout|hsianshun0514workout|tsenyu0515workout|yanz0510workout|yoru0511workout,ziho0512workout,yushuan0513workout,yushuan0513workout,db_squat,1,7.0,6.62017091735765,kg,workload_dose,load control
M4_add_one__kg,ridge,6,haoyu0512workout|hsianshun0514workout|tsenyu0515workout|yanz0510workout|yoru0511workout,ziho0512workout,yushuan0513workout,yushuan0513workout,db_squat,2,8.0,7.27040662604258,kg,workload_dose,load control
M4_add_one__kg,ridge,6,haoyu0512workout|hsianshun0514workout|tsenyu0515workout|yanz0510workout|yoru0511workout,ziho0512workout,yushuan0513workout,yushuan0513workout,db_triceps_curl,0,6.0,6.20864517194376,kg,workload_dose,load control
M4_add_one__kg,ridge,6,haoyu0512workout|hsianshun0514workout|tsenyu0515workout|yanz0510workout|yoru0511workout,ziho0512workout,yushuan0513workout,yushuan0513workout,db_triceps_curl,1,7.0,6.766222786447126,kg,workload_dose,load control
M4_add_one__kg,ridge,6,haoyu0512workout|hsianshun0514workout|tsenyu0515workout|yanz0510workout|yoru0511workout,ziho0512workout,yushuan0513workout,yushuan0513workout,db_triceps_curl,2,9.0,7.354871934034399,kg,workload_dose,load control
M4_add_one__kg,ridge,6,haoyu0512workout|hsianshun0514workout|tsenyu0515workout|yanz0510workout|yoru0511workout,ziho0512workout,yushuan0513workout,yushuan0513workout,db_weighted_crunch,0,5.0,6.100220861064711,kg,workload_dose,load control
M4_add_one__kg,ridge,6,haoyu0512workout|hsianshun0514workout|tsenyu0515workout|yanz0510workout|yoru0511workout,ziho0512workout,yushuan0513workout,yushuan0513workout,db_weighted_crunch,1,6.0,6.800820278599081,kg,workload_dose,load control
M4_add_one__kg,ridge,6,haoyu0512workout|hsianshun0514workout|tsenyu0515workout|yanz0510workout|yoru0511workout,ziho0512workout,yushuan0513workout,yushuan0513workout,db_weighted_crunch,2,7.0,7.486301308394116,kg,workload_dose,load control
M4_add_one__kg,ridge,6,haoyu0512workout|hsianshun0514workout|tsenyu0515workout|yanz0510workout|yoru0511workout,ziho0512workout,yushuan0513workout,yushuan0513workout,one_arm_db_row,0,9.0,6.776991580654387,kg,workload_dose,load control
M4_add_one__kg,ridge,6,haoyu0512workout|hsianshun0514workout|tsenyu0515workout|yanz0510workout|yoru0511workout,ziho0512workout,yushuan0513workout,yushuan0513workout,one_arm_db_row,1,8.0,7.437800885672349,kg,workload_dose,load control
M4_add_one__kg,ridge,6,haoyu0512workout|hsianshun0514workout|tsenyu0515workout|yanz0510workout|yoru0511workout,ziho0512workout,yushuan0513workout,yushuan0513workout,one_arm_db_row,2,9.0,8.043887192124622,kg,workload_dose,load control
M4_add_one__kg,ridge,7,hsianshun0514workout|tsenyu0515workout|yanz0510workout|yoru0511workout|yushuan0513workout,haoyu0512workout,ziho0512workout,ziho0512workout,db_bench_press,1,8.0,6.298103070872772,kg,workload_dose,load control
M4_add_one__kg,ridge,7,hsianshun0514workout|tsenyu0515workout|yanz0510workout|yoru0511workout|yushuan0513workout,haoyu0512workout,ziho0512workout,ziho0512workout,db_bench_press,2,9.0,6.945007375730776,kg,workload_dose,load control
M4_add_one__kg,ridge,7,hsianshun0514workout|tsenyu0515workout|yanz0510workout|yoru0511workout|yushuan0513workout,haoyu0512workout,ziho0512workout,ziho0512workout,db_bench_press,3,10.0,7.529588681353212,kg,workload_dose,load control
M4_add_one__kg,ridge,7,hsianshun0514workout|tsenyu0515workout|yanz0510workout|yoru0511workout|yushuan0513workout,haoyu0512workout,ziho0512workout,ziho0512workout,db_biceps_curl,0,9.0,7.4414040206544225,kg,workload_dose,load control
M4_add_one__kg,ridge,7,hsianshun0514workout|tsenyu0515workout|yanz0510workout|yoru0511workout|yushuan0513workout,haoyu0512workout,ziho0512workout,ziho0512workout,db_biceps_curl,1,9.0,8.141609801618278,kg,workload_dose,load control
M4_add_one__kg,ridge,7,hsianshun0514workout|tsenyu0515workout|yanz0510workout|yoru0511workout|yushuan0513workout,haoyu0512workout,ziho0512workout,ziho0512workout,db_biceps_curl,2,9.0,8.818144430150033,kg,workload_dose,load control
M4_add_one__kg,ridge,7,hsianshun0514workout|tsenyu0515workout|yanz0510workout|yoru0511workout|yushuan0513workout,haoyu0512workout,ziho0512workout,ziho0512workout,db_rdl,0,8.0,6.265581215480862,kg,workload_dose,load control
M4_add_one__kg,ridge,7,hsianshun0514workout|tsenyu0515workout|yanz0510workout|yoru0511workout|yushuan0513workout,haoyu0512workout,ziho0512workout,ziho0512workout,db_rdl,2,9.0,7.269795071071949,kg,workload_dose,load control
M4_add_one__kg,ridge,7,hsianshun0514workout|tsenyu0515workout|yanz0510workout|yoru0511workout|yushuan0513workout,haoyu0512workout,ziho0512workout,ziho0512workout,db_shoulder_press,0,10.0,7.354313686969673,kg,workload_dose,load control
M4_add_one__kg,ridge,7,hsianshun0514workout|tsenyu0515workout|yanz0510workout|yoru0511workout|yushuan0513workout,haoyu0512workout,ziho0512workout,ziho0512workout,db_shoulder_press,1,10.0,7.938067329919657,kg,workload_dose,load control
M4_add_one__kg,ridge,7,hsianshun0514workout|tsenyu0515workout|yanz0510workout|yoru0511workout|yushuan0513workout,haoyu0512workout,ziho0512workout,ziho0512workout,db_shoulder_press,2,10.0,8.48002400791086,kg,workload_dose,load control
M4_add_one__kg,ridge,7,hsianshun0514workout|tsenyu0515workout|yanz0510workout|yoru0511workout|yushuan0513workout,haoyu0512workout,ziho0512workout,ziho0512workout,db_squat,0,7.0,5.934939850969508,kg,workload_dose,load control
M4_add_one__kg,ridge,7,hsianshun0514workout|tsenyu0515workout|yanz0510workout|yoru0511workout|yushuan0513workout,haoyu0512workout,ziho0512workout,ziho0512workout,db_squat,1,8.0,6.5693464494735005,kg,workload_dose,load control
M4_add_one__kg,ridge,7,hsianshun0514workout|tsenyu0515workout|yanz0510workout|yoru0511workout|yushuan0513workout,haoyu0512workout,ziho0512workout,ziho0512workout,db_squat,2,9.0,7.20888455654669,kg,workload_dose,load control
M4_add_one__kg,ridge,7,hsianshun0514workout|tsenyu0515workout|yanz0510workout|yoru0511workout|yushuan0513workout,haoyu0512workout,ziho0512workout,ziho0512workout,db_triceps_curl,0,8.0,6.2835497879690605,kg,workload_dose,load control
M4_add_one__kg,ridge,7,hsianshun0514workout|tsenyu0515workout|yanz0510workout|yoru0511workout|yushuan0513workout,haoyu0512workout,ziho0512workout,ziho0512workout,db_triceps_curl,1,9.0,6.9607465466387755,kg,workload_dose,load control
M4_add_one__kg,ridge,7,hsianshun0514workout|tsenyu0515workout|yanz0510workout|yoru0511workout|yushuan0513workout,haoyu0512workout,ziho0512workout,ziho0512workout,db_triceps_curl,2,9.0,7.5917597281857185,kg,workload_dose,load control
M4_add_one__kg,ridge,7,hsianshun0514workout|tsenyu0515workout|yanz0510workout|yoru0511workout|yushuan0513workout,haoyu0512workout,ziho0512workout,ziho0512workout,db_weighted_crunch,0,6.0,6.0216160462258195,kg,workload_dose,load control
M4_add_one__kg,ridge,7,hsianshun0514workout|tsenyu0515workout|yanz0510workout|yoru0511workout|yushuan0513workout,haoyu0512workout,ziho0512workout,ziho0512workout,db_weighted_crunch,1,8.0,6.724139282672539,kg,workload_dose,load control
M4_add_one__kg,ridge,7,hsianshun0514workout|tsenyu0515workout|yanz0510workout|yoru0511workout|yushuan0513workout,haoyu0512workout,ziho0512workout,ziho0512workout,db_weighted_crunch,2,9.0,7.42848337699865,kg,workload_dose,load control
M4_add_one__kg,ridge,7,hsianshun0514workout|tsenyu0515workout|yanz0510workout|yoru0511workout|yushuan0513workout,haoyu0512workout,ziho0512workout,ziho0512workout,one_arm_db_row,0,6.0,6.801146438686209,kg,workload_dose,load control
M4_add_one__kg,ridge,7,hsianshun0514workout|tsenyu0515workout|yanz0510workout|yoru0511workout|yushuan0513workout,haoyu0512workout,ziho0512workout,ziho0512workout,one_arm_db_row,1,8.0,7.411136988352894,kg,workload_dose,load control
M4_add_one__kg,ridge,7,hsianshun0514workout|tsenyu0515workout|yanz0510workout|yoru0511workout|yushuan0513workout,haoyu0512workout,ziho0512workout,ziho0512workout,one_arm_db_row,2,9.0,8.023527759769687,kg,workload_dose,load control
M4_add_one__n_reps,ridge,1,tsenyu0515workout|yanz0510workout|yoru0511workout|yushuan0513workout|ziho0512workout,hsianshun0514workout,haoyu0512workout,haoyu0512workout,db_bench_press,0,8.0,6.123723214848396,n_reps,workload_dose,volume control
M4_add_one__n_reps,ridge,1,tsenyu0515workout|yanz0510workout|yoru0511workout|yushuan0513workout|ziho0512workout,hsianshun0514workout,haoyu0512workout,haoyu0512workout,db_bench_press,1,9.0,7.268646270743001,n_reps,workload_dose,volume control
M4_add_one__n_reps,ridge,1,tsenyu0515workout|yanz0510workout|yoru0511workout|yushuan0513workout|ziho0512workout,hsianshun0514workout,haoyu0512workout,haoyu0512workout,db_bench_press,2,9.0,8.284893739713484,n_reps,workload_dose,volume control
M4_add_one__n_reps,ridge,1,tsenyu0515workout|yanz0510workout|yoru0511workout|yushuan0513workout|ziho0512workout,hsianshun0514workout,haoyu0512workout,haoyu0512workout,db_biceps_curl,0,9.0,7.523810801990225,n_reps,workload_dose,volume control
M4_add_one__n_reps,ridge,1,tsenyu0515workout|yanz0510workout|yoru0511workout|yushuan0513workout|ziho0512workout,hsianshun0514workout,haoyu0512workout,haoyu0512workout,db_biceps_curl,1,9.0,8.434766544139737,n_reps,workload_dose,volume control
M4_add_one__n_reps,ridge,1,tsenyu0515workout|yanz0510workout|yoru0511workout|yushuan0513workout|ziho0512workout,hsianshun0514workout,haoyu0512workout,haoyu0512workout,db_biceps_curl,3,9.0,9.7313893024097,n_reps,workload_dose,volume control
M4_add_one__n_reps,ridge,1,tsenyu0515workout|yanz0510workout|yoru0511workout|yushuan0513workout|ziho0512workout,hsianshun0514workout,haoyu0512workout,haoyu0512workout,db_rdl,0,9.0,6.305206585893173,n_reps,workload_dose,volume control
M4_add_one__n_reps,ridge,1,tsenyu0515workout|yanz0510workout|yoru0511workout|yushuan0513workout|ziho0512workout,hsianshun0514workout,haoyu0512workout,haoyu0512workout,db_rdl,1,9.0,7.275476667485166,n_reps,workload_dose,volume control
M4_add_one__n_reps,ridge,1,tsenyu0515workout|yanz0510workout|yoru0511workout|yushuan0513workout|ziho0512workout,hsianshun0514workout,haoyu0512workout,haoyu0512workout,db_rdl,2,9.0,8.340626294023611,n_reps,workload_dose,volume control
M4_add_one__n_reps,ridge,1,tsenyu0515workout|yanz0510workout|yoru0511workout|yushuan0513workout|ziho0512workout,hsianshun0514workout,haoyu0512workout,haoyu0512workout,db_shoulder_press,0,7.0,7.639182036897828,n_reps,workload_dose,volume control
M4_add_one__n_reps,ridge,1,tsenyu0515workout|yanz0510workout|yoru0511workout|yushuan0513workout|ziho0512workout,hsianshun0514workout,haoyu0512workout,haoyu0512workout,db_shoulder_press,1,9.0,8.536683836175772,n_reps,workload_dose,volume control
M4_add_one__n_reps,ridge,1,tsenyu0515workout|yanz0510workout|yoru0511workout|yushuan0513workout|ziho0512workout,hsianshun0514workout,haoyu0512workout,haoyu0512workout,db_shoulder_press,2,9.0,9.52894818959259,n_reps,workload_dose,volume control
M4_add_one__n_reps,ridge,1,tsenyu0515workout|yanz0510workout|yoru0511workout|yushuan0513workout|ziho0512workout,hsianshun0514workout,haoyu0512workout,haoyu0512workout,db_squat,0,6.0,5.753369771719619,n_reps,workload_dose,volume control
M4_add_one__n_reps,ridge,1,tsenyu0515workout|yanz0510workout|yoru0511workout|yushuan0513workout|ziho0512workout,hsianshun0514workout,haoyu0512workout,haoyu0512workout,db_squat,1,9.0,6.58477176471551,n_reps,workload_dose,volume control
M4_add_one__n_reps,ridge,1,tsenyu0515workout|yanz0510workout|yoru0511workout|yushuan0513workout|ziho0512workout,hsianshun0514workout,haoyu0512workout,haoyu0512workout,db_squat,2,8.0,7.366569655297966,n_reps,workload_dose,volume control
M4_add_one__n_reps,ridge,1,tsenyu0515workout|yanz0510workout|yoru0511workout|yushuan0513workout|ziho0512workout,hsianshun0514workout,haoyu0512workout,haoyu0512workout,db_triceps_curl,0,7.0,6.233158197161117,n_reps,workload_dose,volume control
M4_add_one__n_reps,ridge,1,tsenyu0515workout|yanz0510workout|yoru0511workout|yushuan0513workout|ziho0512workout,hsianshun0514workout,haoyu0512workout,haoyu0512workout,db_triceps_curl,1,9.0,7.167629091633979,n_reps,workload_dose,volume control
M4_add_one__n_reps,ridge,1,tsenyu0515workout|yanz0510workout|yoru0511workout|yushuan0513workout|ziho0512workout,hsianshun0514workout,haoyu0512workout,haoyu0512workout,db_triceps_curl,2,9.0,8.05846241487993,n_reps,workload_dose,volume control
M4_add_one__n_reps,ridge,1,tsenyu0515workout|yanz0510workout|yoru0511workout|yushuan0513workout|ziho0512workout,hsianshun0514workout,haoyu0512workout,haoyu0512workout,db_weighted_crunch,0,6.0,5.566671183618066,n_reps,workload_dose,volume control
M4_add_one__n_reps,ridge,1,tsenyu0515workout|yanz0510workout|yoru0511workout|yushuan0513workout|ziho0512workout,hsianshun0514workout,haoyu0512workout,haoyu0512workout,db_weighted_crunch,1,7.0,6.4564515895958055,n_reps,workload_dose,volume control
M4_add_one__n_reps,ridge,1,tsenyu0515workout|yanz0510workout|yoru0511workout|yushuan0513workout|ziho0512workout,hsianshun0514workout,haoyu0512workout,haoyu0512workout,db_weighted_crunch,2,9.0,7.3127726246059925,n_reps,workload_dose,volume control
M4_add_one__n_reps,ridge,1,tsenyu0515workout|yanz0510workout|yoru0511workout|yushuan0513workout|ziho0512workout,hsianshun0514workout,haoyu0512workout,haoyu0512workout,one_arm_db_row,0,9.0,6.767839680730415,n_reps,workload_dose,volume control
M4_add_one__n_reps,ridge,1,tsenyu0515workout|yanz0510workout|yoru0511workout|yushuan0513workout|ziho0512workout,hsianshun0514workout,haoyu0512workout,haoyu0512workout,one_arm_db_row,1,9.0,7.675870652690456,n_reps,workload_dose,volume control
M4_add_one__n_reps,ridge,1,tsenyu0515workout|yanz0510workout|yoru0511workout|yushuan0513workout|ziho0512workout,hsianshun0514workout,haoyu0512workout,haoyu0512workout,one_arm_db_row,2,9.0,8.553484014679995,n_reps,workload_dose,volume control
M4_add_one__n_reps,ridge,2,haoyu0512workout|yanz0510workout|yoru0511workout|yushuan0513workout|ziho0512workout,tsenyu0515workout,hsianshun0514workout,hsianshun0514workout,db_bench_press,0,4.0,7.175833769447308,n_reps,workload_dose,volume control
M4_add_one__n_reps,ridge,2,haoyu0512workout|yanz0510workout|yoru0511workout|yushuan0513workout|ziho0512workout,tsenyu0515workout,hsianshun0514workout,hsianshun0514workout,db_bench_press,1,6.0,7.895352209893484,n_reps,workload_dose,volume control
M4_add_one__n_reps,ridge,2,haoyu0512workout|yanz0510workout|yoru0511workout|yushuan0513workout|ziho0512workout,tsenyu0515workout,hsianshun0514workout,hsianshun0514workout,db_bench_press,2,7.0,8.588711905943612,n_reps,workload_dose,volume control
M4_add_one__n_reps,ridge,2,haoyu0512workout|yanz0510workout|yoru0511workout|yushuan0513workout|ziho0512workout,tsenyu0515workout,hsianshun0514workout,hsianshun0514workout,db_biceps_curl,0,9.0,7.881603603217598,n_reps,workload_dose,volume control
M4_add_one__n_reps,ridge,2,haoyu0512workout|yanz0510workout|yoru0511workout|yushuan0513workout|ziho0512workout,tsenyu0515workout,hsianshun0514workout,hsianshun0514workout,db_biceps_curl,1,10.0,9.056771475138989,n_reps,workload_dose,volume control
M4_add_one__n_reps,ridge,2,haoyu0512workout|yanz0510workout|yoru0511workout|yushuan0513workout|ziho0512workout,tsenyu0515workout,hsianshun0514workout,hsianshun0514workout,db_biceps_curl,2,10.0,8.764577216305177,n_reps,workload_dose,volume control
M4_add_one__n_reps,ridge,2,haoyu0512workout|yanz0510workout|yoru0511workout|yushuan0513workout|ziho0512workout,tsenyu0515workout,hsianshun0514workout,hsianshun0514workout,db_rdl,0,4.0,7.055593895947748,n_reps,workload_dose,volume control
M4_add_one__n_reps,ridge,2,haoyu0512workout|yanz0510workout|yoru0511workout|yushuan0513workout|ziho0512workout,tsenyu0515workout,hsianshun0514workout,hsianshun0514workout,db_rdl,1,6.0,7.588310680354101,n_reps,workload_dose,volume control
M4_add_one__n_reps,ridge,2,haoyu0512workout|yanz0510workout|yoru0511workout|yushuan0513workout|ziho0512workout,tsenyu0515workout,hsianshun0514workout,hsianshun0514workout,db_rdl,2,8.0,8.1178797320323,n_reps,workload_dose,volume control
M4_add_one__n_reps,ridge,2,haoyu0512workout|yanz0510workout|yoru0511workout|yushuan0513workout|ziho0512workout,tsenyu0515workout,hsianshun0514workout,hsianshun0514workout,db_shoulder_press,1,9.0,7.834602810056052,n_reps,workload_dose,volume control
M4_add_one__n_reps,ridge,2,haoyu0512workout|yanz0510workout|yoru0511workout|yushuan0513workout|ziho0512workout,tsenyu0515workout,hsianshun0514workout,hsianshun0514workout,db_shoulder_press,2,10.0,8.370792954714164,n_reps,workload_dose,volume control
M4_add_one__n_reps,ridge,2,haoyu0512workout|yanz0510workout|yoru0511workout|yushuan0513workout|ziho0512workout,tsenyu0515workout,hsianshun0514workout,hsianshun0514workout,db_shoulder_press,3,10.0,9.283022609602838,n_reps,workload_dose,volume control
M4_add_one__n_reps,ridge,2,haoyu0512workout|yanz0510workout|yoru0511workout|yushuan0513workout|ziho0512workout,tsenyu0515workout,hsianshun0514workout,hsianshun0514workout,db_squat,0,4.0,6.764270696173627,n_reps,workload_dose,volume control
M4_add_one__n_reps,ridge,2,haoyu0512workout|yanz0510workout|yoru0511workout|yushuan0513workout|ziho0512workout,tsenyu0515workout,hsianshun0514workout,hsianshun0514workout,db_squat,1,6.0,7.219053959931176,n_reps,workload_dose,volume control
M4_add_one__n_reps,ridge,2,haoyu0512workout|yanz0510workout|yoru0511workout|yushuan0513workout|ziho0512workout,tsenyu0515workout,hsianshun0514workout,hsianshun0514workout,db_squat,2,7.0,7.648872446879219,n_reps,workload_dose,volume control
M4_add_one__n_reps,ridge,2,haoyu0512workout|yanz0510workout|yoru0511workout|yushuan0513workout|ziho0512workout,tsenyu0515workout,hsianshun0514workout,hsianshun0514workout,db_triceps_curl,0,4.0,7.163314997523031,n_reps,workload_dose,volume control
M4_add_one__n_reps,ridge,2,haoyu0512workout|yanz0510workout|yoru0511workout|yushuan0513workout|ziho0512workout,tsenyu0515workout,hsianshun0514workout,hsianshun0514workout,db_triceps_curl,1,7.0,7.484349760099006,n_reps,workload_dose,volume control
M4_add_one__n_reps,ridge,2,haoyu0512workout|yanz0510workout|yoru0511workout|yushuan0513workout|ziho0512workout,tsenyu0515workout,hsianshun0514workout,hsianshun0514workout,db_triceps_curl,2,8.0,7.957585250194015,n_reps,workload_dose,volume control
M4_add_one__n_reps,ridge,2,haoyu0512workout|yanz0510workout|yoru0511workout|yushuan0513workout|ziho0512workout,tsenyu0515workout,hsianshun0514workout,hsianshun0514workout,db_weighted_crunch,0,5.0,6.718110427194597,n_reps,workload_dose,volume control
M4_add_one__n_reps,ridge,2,haoyu0512workout|yanz0510workout|yoru0511workout|yushuan0513workout|ziho0512workout,tsenyu0515workout,hsianshun0514workout,hsianshun0514workout,db_weighted_crunch,2,7.0,7.427850197725783,n_reps,workload_dose,volume control
M4_add_one__n_reps,ridge,2,haoyu0512workout|yanz0510workout|yoru0511workout|yushuan0513workout|ziho0512workout,tsenyu0515workout,hsianshun0514workout,hsianshun0514workout,db_weighted_crunch,3,7.0,8.02970855964368,n_reps,workload_dose,volume control
M4_add_one__n_reps,ridge,2,haoyu0512workout|yanz0510workout|yoru0511workout|yushuan0513workout|ziho0512workout,tsenyu0515workout,hsianshun0514workout,hsianshun0514workout,one_arm_db_row,1,7.0,7.291800059455186,n_reps,workload_dose,volume control
M4_add_one__n_reps,ridge,2,haoyu0512workout|yanz0510workout|yoru0511workout|yushuan0513workout|ziho0512workout,tsenyu0515workout,hsianshun0514workout,hsianshun0514workout,one_arm_db_row,2,8.0,7.731387372111296,n_reps,workload_dose,volume control
M4_add_one__n_reps,ridge,3,haoyu0512workout|hsianshun0514workout|yoru0511workout|yushuan0513workout|ziho0512workout,yanz0510workout,tsenyu0515workout,tsenyu0515workout,db_bench_press,0,3.0,6.44230586506429,n_reps,workload_dose,volume control
M4_add_one__n_reps,ridge,3,haoyu0512workout|hsianshun0514workout|yoru0511workout|yushuan0513workout|ziho0512workout,yanz0510workout,tsenyu0515workout,tsenyu0515workout,db_bench_press,1,6.0,7.626743569970603,n_reps,workload_dose,volume control
M4_add_one__n_reps,ridge,3,haoyu0512workout|hsianshun0514workout|yoru0511workout|yushuan0513workout|ziho0512workout,yanz0510workout,tsenyu0515workout,tsenyu0515workout,db_bench_press,2,8.0,8.84950487585672,n_reps,workload_dose,volume control
M4_add_one__n_reps,ridge,3,haoyu0512workout|hsianshun0514workout|yoru0511workout|yushuan0513workout|ziho0512workout,yanz0510workout,tsenyu0515workout,tsenyu0515workout,db_biceps_curl,0,6.0,8.34082337554014,n_reps,workload_dose,volume control
M4_add_one__n_reps,ridge,3,haoyu0512workout|hsianshun0514workout|yoru0511workout|yushuan0513workout|ziho0512workout,yanz0510workout,tsenyu0515workout,tsenyu0515workout,db_biceps_curl,1,9.0,9.742347358786997,n_reps,workload_dose,volume control
M4_add_one__n_reps,ridge,3,haoyu0512workout|hsianshun0514workout|yoru0511workout|yushuan0513workout|ziho0512workout,yanz0510workout,tsenyu0515workout,tsenyu0515workout,db_biceps_curl,2,9.0,10.787343997754554,n_reps,workload_dose,volume control
M4_add_one__n_reps,ridge,3,haoyu0512workout|hsianshun0514workout|yoru0511workout|yushuan0513workout|ziho0512workout,yanz0510workout,tsenyu0515workout,tsenyu0515workout,db_rdl,0,6.0,7.136436012136791,n_reps,workload_dose,volume control
M4_add_one__n_reps,ridge,3,haoyu0512workout|hsianshun0514workout|yoru0511workout|yushuan0513workout|ziho0512workout,yanz0510workout,tsenyu0515workout,tsenyu0515workout,db_rdl,1,10.0,9.049140943869451,n_reps,workload_dose,volume control
M4_add_one__n_reps,ridge,3,haoyu0512workout|hsianshun0514workout|yoru0511workout|yushuan0513workout|ziho0512workout,yanz0510workout,tsenyu0515workout,tsenyu0515workout,db_rdl,2,6.0,11.066194988307807,n_reps,workload_dose,volume control
M4_add_one__n_reps,ridge,3,haoyu0512workout|hsianshun0514workout|yoru0511workout|yushuan0513workout|ziho0512workout,yanz0510workout,tsenyu0515workout,tsenyu0515workout,db_shoulder_press,0,5.0,8.18266635220864,n_reps,workload_dose,volume control
M4_add_one__n_reps,ridge,3,haoyu0512workout|hsianshun0514workout|yoru0511workout|yushuan0513workout|ziho0512workout,yanz0510workout,tsenyu0515workout,tsenyu0515workout,db_shoulder_press,1,8.0,9.377483365713651,n_reps,workload_dose,volume control
M4_add_one__n_reps,ridge,3,haoyu0512workout|hsianshun0514workout|yoru0511workout|yushuan0513workout|ziho0512workout,yanz0510workout,tsenyu0515workout,tsenyu0515workout,db_shoulder_press,2,9.0,10.540164442980387,n_reps,workload_dose,volume control
M4_add_one__n_reps,ridge,3,haoyu0512workout|hsianshun0514workout|yoru0511workout|yushuan0513workout|ziho0512workout,yanz0510workout,tsenyu0515workout,tsenyu0515workout,db_squat,1,4.0,6.265512599629339,n_reps,workload_dose,volume control
M4_add_one__n_reps,ridge,3,haoyu0512workout|hsianshun0514workout|yoru0511workout|yushuan0513workout|ziho0512workout,yanz0510workout,tsenyu0515workout,tsenyu0515workout,db_squat,2,6.0,7.329191041031587,n_reps,workload_dose,volume control
M4_add_one__n_reps,ridge,3,haoyu0512workout|hsianshun0514workout|yoru0511workout|yushuan0513workout|ziho0512workout,yanz0510workout,tsenyu0515workout,tsenyu0515workout,db_squat,3,5.0,8.231790597065602,n_reps,workload_dose,volume control
M4_add_one__n_reps,ridge,3,haoyu0512workout|hsianshun0514workout|yoru0511workout|yushuan0513workout|ziho0512workout,yanz0510workout,tsenyu0515workout,tsenyu0515workout,db_triceps_curl,0,4.0,6.580047195547561,n_reps,workload_dose,volume control
M4_add_one__n_reps,ridge,3,haoyu0512workout|hsianshun0514workout|yoru0511workout|yushuan0513workout|ziho0512workout,yanz0510workout,tsenyu0515workout,tsenyu0515workout,db_triceps_curl,1,6.0,7.551110267915286,n_reps,workload_dose,volume control
M4_add_one__n_reps,ridge,3,haoyu0512workout|hsianshun0514workout|yoru0511workout|yushuan0513workout|ziho0512workout,yanz0510workout,tsenyu0515workout,tsenyu0515workout,db_triceps_curl,2,7.0,8.557502909936266,n_reps,workload_dose,volume control
M4_add_one__n_reps,ridge,3,haoyu0512workout|hsianshun0514workout|yoru0511workout|yushuan0513workout|ziho0512workout,yanz0510workout,tsenyu0515workout,tsenyu0515workout,db_weighted_crunch,0,3.0,5.907850207468022,n_reps,workload_dose,volume control
M4_add_one__n_reps,ridge,3,haoyu0512workout|hsianshun0514workout|yoru0511workout|yushuan0513workout|ziho0512workout,yanz0510workout,tsenyu0515workout,tsenyu0515workout,db_weighted_crunch,1,5.0,6.7483735139982945,n_reps,workload_dose,volume control
M4_add_one__n_reps,ridge,3,haoyu0512workout|hsianshun0514workout|yoru0511workout|yushuan0513workout|ziho0512workout,yanz0510workout,tsenyu0515workout,tsenyu0515workout,db_weighted_crunch,2,7.0,7.58530398293671,n_reps,workload_dose,volume control
M4_add_one__n_reps,ridge,3,haoyu0512workout|hsianshun0514workout|yoru0511workout|yushuan0513workout|ziho0512workout,yanz0510workout,tsenyu0515workout,tsenyu0515workout,one_arm_db_row,0,5.0,7.406318300117544,n_reps,workload_dose,volume control
M4_add_one__n_reps,ridge,3,haoyu0512workout|hsianshun0514workout|yoru0511workout|yushuan0513workout|ziho0512workout,yanz0510workout,tsenyu0515workout,tsenyu0515workout,one_arm_db_row,1,8.0,8.54424871841816,n_reps,workload_dose,volume control
M4_add_one__n_reps,ridge,3,haoyu0512workout|hsianshun0514workout|yoru0511workout|yushuan0513workout|ziho0512workout,yanz0510workout,tsenyu0515workout,tsenyu0515workout,one_arm_db_row,2,9.0,9.66900539888197,n_reps,workload_dose,volume control
M4_add_one__n_reps,ridge,4,haoyu0512workout|hsianshun0514workout|tsenyu0515workout|yushuan0513workout|ziho0512workout,yoru0511workout,yanz0510workout,yanz0510workout,db_bench_press,2,5.0,7.658776893778504,n_reps,workload_dose,volume control
M4_add_one__n_reps,ridge,4,haoyu0512workout|hsianshun0514workout|tsenyu0515workout|yushuan0513workout|ziho0512workout,yoru0511workout,yanz0510workout,yanz0510workout,db_bench_press,3,7.0,8.241743223412817,n_reps,workload_dose,volume control
M4_add_one__n_reps,ridge,4,haoyu0512workout|hsianshun0514workout|tsenyu0515workout|yushuan0513workout|ziho0512workout,yoru0511workout,yanz0510workout,yanz0510workout,db_bench_press,4,8.0,8.779790282370069,n_reps,workload_dose,volume control
M4_add_one__n_reps,ridge,4,haoyu0512workout|hsianshun0514workout|tsenyu0515workout|yushuan0513workout|ziho0512workout,yoru0511workout,yanz0510workout,yanz0510workout,db_biceps_curl,0,7.0,7.636350174946765,n_reps,workload_dose,volume control
M4_add_one__n_reps,ridge,4,haoyu0512workout|hsianshun0514workout|tsenyu0515workout|yushuan0513workout|ziho0512workout,yoru0511workout,yanz0510workout,yanz0510workout,db_biceps_curl,1,9.0,8.1615555444222,n_reps,workload_dose,volume control
M4_add_one__n_reps,ridge,4,haoyu0512workout|hsianshun0514workout|tsenyu0515workout|yushuan0513workout|ziho0512workout,yoru0511workout,yanz0510workout,yanz0510workout,db_biceps_curl,2,10.0,9.001749918802812,n_reps,workload_dose,volume control
M4_add_one__n_reps,ridge,4,haoyu0512workout|hsianshun0514workout|tsenyu0515workout|yushuan0513workout|ziho0512workout,yoru0511workout,yanz0510workout,yanz0510workout,db_rdl,0,5.0,6.94723970545707,n_reps,workload_dose,volume control
M4_add_one__n_reps,ridge,4,haoyu0512workout|hsianshun0514workout|tsenyu0515workout|yushuan0513workout|ziho0512workout,yoru0511workout,yanz0510workout,yanz0510workout,db_rdl,1,8.0,7.5516266125672775,n_reps,workload_dose,volume control
M4_add_one__n_reps,ridge,4,haoyu0512workout|hsianshun0514workout|tsenyu0515workout|yushuan0513workout|ziho0512workout,yoru0511workout,yanz0510workout,yanz0510workout,db_rdl,2,9.0,8.148233906962359,n_reps,workload_dose,volume control
M4_add_one__n_reps,ridge,4,haoyu0512workout|hsianshun0514workout|tsenyu0515workout|yushuan0513workout|ziho0512workout,yoru0511workout,yanz0510workout,yanz0510workout,db_shoulder_press,1,7.0,7.976337727586841,n_reps,workload_dose,volume control
M4_add_one__n_reps,ridge,4,haoyu0512workout|hsianshun0514workout|tsenyu0515workout|yushuan0513workout|ziho0512workout,yoru0511workout,yanz0510workout,yanz0510workout,db_shoulder_press,2,10.0,9.058033979567782,n_reps,workload_dose,volume control
M4_add_one__n_reps,ridge,4,haoyu0512workout|hsianshun0514workout|tsenyu0515workout|yushuan0513workout|ziho0512workout,yoru0511workout,yanz0510workout,yanz0510workout,db_shoulder_press,3,10.0,9.503738101296864,n_reps,workload_dose,volume control
M4_add_one__n_reps,ridge,4,haoyu0512workout|hsianshun0514workout|tsenyu0515workout|yushuan0513workout|ziho0512workout,yoru0511workout,yanz0510workout,yanz0510workout,db_squat,0,7.0,6.42265026307013,n_reps,workload_dose,volume control
M4_add_one__n_reps,ridge,4,haoyu0512workout|hsianshun0514workout|tsenyu0515workout|yushuan0513workout|ziho0512workout,yoru0511workout,yanz0510workout,yanz0510workout,db_squat,1,8.0,6.9318701269665395,n_reps,workload_dose,volume control
M4_add_one__n_reps,ridge,4,haoyu0512workout|hsianshun0514workout|tsenyu0515workout|yushuan0513workout|ziho0512workout,yoru0511workout,yanz0510workout,yanz0510workout,db_squat,2,9.0,7.440557140676982,n_reps,workload_dose,volume control
M4_add_one__n_reps,ridge,4,haoyu0512workout|hsianshun0514workout|tsenyu0515workout|yushuan0513workout|ziho0512workout,yoru0511workout,yanz0510workout,yanz0510workout,db_triceps_curl,0,7.0,6.802402723694236,n_reps,workload_dose,volume control
M4_add_one__n_reps,ridge,4,haoyu0512workout|hsianshun0514workout|tsenyu0515workout|yushuan0513workout|ziho0512workout,yoru0511workout,yanz0510workout,yanz0510workout,db_triceps_curl,2,8.0,7.671484544360364,n_reps,workload_dose,volume control
M4_add_one__n_reps,ridge,4,haoyu0512workout|hsianshun0514workout|tsenyu0515workout|yushuan0513workout|ziho0512workout,yoru0511workout,yanz0510workout,yanz0510workout,db_triceps_curl,4,9.0,8.546853997220909,n_reps,workload_dose,volume control
M4_add_one__n_reps,ridge,4,haoyu0512workout|hsianshun0514workout|tsenyu0515workout|yushuan0513workout|ziho0512workout,yoru0511workout,yanz0510workout,yanz0510workout,db_weighted_crunch,0,6.0,6.335362985751869,n_reps,workload_dose,volume control
M4_add_one__n_reps,ridge,4,haoyu0512workout|hsianshun0514workout|tsenyu0515workout|yushuan0513workout|ziho0512workout,yoru0511workout,yanz0510workout,yanz0510workout,db_weighted_crunch,2,7.0,7.247179391332592,n_reps,workload_dose,volume control
M4_add_one__n_reps,ridge,4,haoyu0512workout|hsianshun0514workout|tsenyu0515workout|yushuan0513workout|ziho0512workout,yoru0511workout,yanz0510workout,yanz0510workout,db_weighted_crunch,3,8.0,7.786238865643183,n_reps,workload_dose,volume control
M4_add_one__n_reps,ridge,4,haoyu0512workout|hsianshun0514workout|tsenyu0515workout|yushuan0513workout|ziho0512workout,yoru0511workout,yanz0510workout,yanz0510workout,one_arm_db_row,0,6.0,7.247047489345774,n_reps,workload_dose,volume control
M4_add_one__n_reps,ridge,4,haoyu0512workout|hsianshun0514workout|tsenyu0515workout|yushuan0513workout|ziho0512workout,yoru0511workout,yanz0510workout,yanz0510workout,one_arm_db_row,1,7.0,7.772199573802612,n_reps,workload_dose,volume control
M4_add_one__n_reps,ridge,4,haoyu0512workout|hsianshun0514workout|tsenyu0515workout|yushuan0513workout|ziho0512workout,yoru0511workout,yanz0510workout,yanz0510workout,one_arm_db_row,2,9.0,8.295486682608564,n_reps,workload_dose,volume control
M4_add_one__n_reps,ridge,5,haoyu0512workout|hsianshun0514workout|tsenyu0515workout|yanz0510workout|ziho0512workout,yushuan0513workout,yoru0511workout,yoru0511workout,db_bench_press,0,3.0,5.713128994450651,n_reps,workload_dose,volume control
M4_add_one__n_reps,ridge,5,haoyu0512workout|hsianshun0514workout|tsenyu0515workout|yanz0510workout|ziho0512workout,yushuan0513workout,yoru0511workout,yoru0511workout,db_bench_press,4,5.0,8.346352990180057,n_reps,workload_dose,volume control
M4_add_one__n_reps,ridge,5,haoyu0512workout|hsianshun0514workout|tsenyu0515workout|yanz0510workout|ziho0512workout,yushuan0513workout,yoru0511workout,yoru0511workout,db_bench_press,5,7.0,9.220610326439017,n_reps,workload_dose,volume control
M4_add_one__n_reps,ridge,5,haoyu0512workout|hsianshun0514workout|tsenyu0515workout|yanz0510workout|ziho0512workout,yushuan0513workout,yoru0511workout,yoru0511workout,db_biceps_curl,0,6.0,7.978350848775949,n_reps,workload_dose,volume control
M4_add_one__n_reps,ridge,5,haoyu0512workout|hsianshun0514workout|tsenyu0515workout|yanz0510workout|ziho0512workout,yushuan0513workout,yoru0511workout,yoru0511workout,db_biceps_curl,1,8.0,8.525412642014205,n_reps,workload_dose,volume control
M4_add_one__n_reps,ridge,5,haoyu0512workout|hsianshun0514workout|tsenyu0515workout|yanz0510workout|ziho0512workout,yushuan0513workout,yoru0511workout,yoru0511workout,db_biceps_curl,2,9.0,9.357114578881943,n_reps,workload_dose,volume control
M4_add_one__n_reps,ridge,5,haoyu0512workout|hsianshun0514workout|tsenyu0515workout|yanz0510workout|ziho0512workout,yushuan0513workout,yoru0511workout,yoru0511workout,db_rdl,0,6.0,6.495331992957016,n_reps,workload_dose,volume control
M4_add_one__n_reps,ridge,5,haoyu0512workout|hsianshun0514workout|tsenyu0515workout|yanz0510workout|ziho0512workout,yushuan0513workout,yoru0511workout,yoru0511workout,db_rdl,1,6.0,7.399062598595429,n_reps,workload_dose,volume control
M4_add_one__n_reps,ridge,5,haoyu0512workout|hsianshun0514workout|tsenyu0515workout|yanz0510workout|ziho0512workout,yushuan0513workout,yoru0511workout,yoru0511workout,db_rdl,2,7.0,8.276782851622208,n_reps,workload_dose,volume control
M4_add_one__n_reps,ridge,5,haoyu0512workout|hsianshun0514workout|tsenyu0515workout|yanz0510workout|ziho0512workout,yushuan0513workout,yoru0511workout,yoru0511workout,db_shoulder_press,0,7.0,7.536529273247312,n_reps,workload_dose,volume control
M4_add_one__n_reps,ridge,5,haoyu0512workout|hsianshun0514workout|tsenyu0515workout|yanz0510workout|ziho0512workout,yushuan0513workout,yoru0511workout,yoru0511workout,db_shoulder_press,1,8.0,8.358150274635394,n_reps,workload_dose,volume control
M4_add_one__n_reps,ridge,5,haoyu0512workout|hsianshun0514workout|tsenyu0515workout|yanz0510workout|ziho0512workout,yushuan0513workout,yoru0511workout,yoru0511workout,db_shoulder_press,2,9.0,9.170382923897384,n_reps,workload_dose,volume control
M4_add_one__n_reps,ridge,5,haoyu0512workout|hsianshun0514workout|tsenyu0515workout|yanz0510workout|ziho0512workout,yushuan0513workout,yoru0511workout,yoru0511workout,db_squat,0,4.0,5.8280372504972275,n_reps,workload_dose,volume control
M4_add_one__n_reps,ridge,5,haoyu0512workout|hsianshun0514workout|tsenyu0515workout|yanz0510workout|ziho0512workout,yushuan0513workout,yoru0511workout,yoru0511workout,db_squat,1,5.0,6.679747150912375,n_reps,workload_dose,volume control
M4_add_one__n_reps,ridge,5,haoyu0512workout|hsianshun0514workout|tsenyu0515workout|yanz0510workout|ziho0512workout,yushuan0513workout,yoru0511workout,yoru0511workout,db_squat,2,6.0,7.529148440148976,n_reps,workload_dose,volume control
M4_add_one__n_reps,ridge,5,haoyu0512workout|hsianshun0514workout|tsenyu0515workout|yanz0510workout|ziho0512workout,yushuan0513workout,yoru0511workout,yoru0511workout,db_triceps_curl,0,5.0,6.341050053486755,n_reps,workload_dose,volume control
M4_add_one__n_reps,ridge,5,haoyu0512workout|hsianshun0514workout|tsenyu0515workout|yanz0510workout|ziho0512workout,yushuan0513workout,yoru0511workout,yoru0511workout,db_triceps_curl,1,5.0,7.146510776625005,n_reps,workload_dose,volume control
M4_add_one__n_reps,ridge,5,haoyu0512workout|hsianshun0514workout|tsenyu0515workout|yanz0510workout|ziho0512workout,yushuan0513workout,yoru0511workout,yoru0511workout,db_triceps_curl,2,6.0,7.948970305231145,n_reps,workload_dose,volume control
M4_add_one__n_reps,ridge,5,haoyu0512workout|hsianshun0514workout|tsenyu0515workout|yanz0510workout|ziho0512workout,yushuan0513workout,yoru0511workout,yoru0511workout,db_weighted_crunch,0,6.0,5.5466788016145125,n_reps,workload_dose,volume control
M4_add_one__n_reps,ridge,5,haoyu0512workout|hsianshun0514workout|tsenyu0515workout|yanz0510workout|ziho0512workout,yushuan0513workout,yoru0511workout,yoru0511workout,db_weighted_crunch,1,7.0,6.3854604794297956,n_reps,workload_dose,volume control
M4_add_one__n_reps,ridge,5,haoyu0512workout|hsianshun0514workout|tsenyu0515workout|yanz0510workout|ziho0512workout,yushuan0513workout,yoru0511workout,yoru0511workout,db_weighted_crunch,2,7.0,7.204388101109572,n_reps,workload_dose,volume control
M4_add_one__n_reps,ridge,5,haoyu0512workout|hsianshun0514workout|tsenyu0515workout|yanz0510workout|ziho0512workout,yushuan0513workout,yoru0511workout,yoru0511workout,one_arm_db_row,0,5.0,6.779823528842004,n_reps,workload_dose,volume control
M4_add_one__n_reps,ridge,5,haoyu0512workout|hsianshun0514workout|tsenyu0515workout|yanz0510workout|ziho0512workout,yushuan0513workout,yoru0511workout,yoru0511workout,one_arm_db_row,2,7.0,8.181046126400465,n_reps,workload_dose,volume control
M4_add_one__n_reps,ridge,5,haoyu0512workout|hsianshun0514workout|tsenyu0515workout|yanz0510workout|ziho0512workout,yushuan0513workout,yoru0511workout,yoru0511workout,one_arm_db_row,3,8.0,9.005206600084948,n_reps,workload_dose,volume control
M4_add_one__n_reps,ridge,6,haoyu0512workout|hsianshun0514workout|tsenyu0515workout|yanz0510workout|yoru0511workout,ziho0512workout,yushuan0513workout,yushuan0513workout,db_bench_press,0,9.0,5.873350317702187,n_reps,workload_dose,volume control
M4_add_one__n_reps,ridge,6,haoyu0512workout|hsianshun0514workout|tsenyu0515workout|yanz0510workout|yoru0511workout,ziho0512workout,yushuan0513workout,yushuan0513workout,db_bench_press,1,10.0,6.5506483833796585,n_reps,workload_dose,volume control
M4_add_one__n_reps,ridge,6,haoyu0512workout|hsianshun0514workout|tsenyu0515workout|yanz0510workout|yoru0511workout,ziho0512workout,yushuan0513workout,yushuan0513workout,db_bench_press,3,10.0,7.8263964411608455,n_reps,workload_dose,volume control
M4_add_one__n_reps,ridge,6,haoyu0512workout|hsianshun0514workout|tsenyu0515workout|yanz0510workout|yoru0511workout,ziho0512workout,yushuan0513workout,yushuan0513workout,db_biceps_curl,0,7.0,7.182282792020427,n_reps,workload_dose,volume control
M4_add_one__n_reps,ridge,6,haoyu0512workout|hsianshun0514workout|tsenyu0515workout|yanz0510workout|yoru0511workout,ziho0512workout,yushuan0513workout,yushuan0513workout,db_biceps_curl,1,9.0,7.74883695223938,n_reps,workload_dose,volume control
M4_add_one__n_reps,ridge,6,haoyu0512workout|hsianshun0514workout|tsenyu0515workout|yanz0510workout|yoru0511workout,ziho0512workout,yushuan0513workout,yushuan0513workout,db_biceps_curl,2,10.0,8.333402006173436,n_reps,workload_dose,volume control
M4_add_one__n_reps,ridge,6,haoyu0512workout|hsianshun0514workout|tsenyu0515workout|yanz0510workout|yoru0511workout,ziho0512workout,yushuan0513workout,yushuan0513workout,db_rdl,0,6.0,6.500890829146388,n_reps,workload_dose,volume control
M4_add_one__n_reps,ridge,6,haoyu0512workout|hsianshun0514workout|tsenyu0515workout|yanz0510workout|yoru0511workout,ziho0512workout,yushuan0513workout,yushuan0513workout,db_rdl,1,8.0,7.209961958608456,n_reps,workload_dose,volume control
M4_add_one__n_reps,ridge,6,haoyu0512workout|hsianshun0514workout|tsenyu0515workout|yanz0510workout|yoru0511workout,ziho0512workout,yushuan0513workout,yushuan0513workout,db_rdl,2,8.0,7.933626530157634,n_reps,workload_dose,volume control
M4_add_one__n_reps,ridge,6,haoyu0512workout|hsianshun0514workout|tsenyu0515workout|yanz0510workout|yoru0511workout,ziho0512workout,yushuan0513workout,yushuan0513workout,db_shoulder_press,0,8.0,7.223894347915897,n_reps,workload_dose,volume control
M4_add_one__n_reps,ridge,6,haoyu0512workout|hsianshun0514workout|tsenyu0515workout|yanz0510workout|yoru0511workout,ziho0512workout,yushuan0513workout,yushuan0513workout,db_shoulder_press,1,9.0,8.0064868691586,n_reps,workload_dose,volume control
M4_add_one__n_reps,ridge,6,haoyu0512workout|hsianshun0514workout|tsenyu0515workout|yanz0510workout|yoru0511workout,ziho0512workout,yushuan0513workout,yushuan0513workout,db_shoulder_press,2,10.0,9.045526520354759,n_reps,workload_dose,volume control
M4_add_one__n_reps,ridge,6,haoyu0512workout|hsianshun0514workout|tsenyu0515workout|yanz0510workout|yoru0511workout,ziho0512workout,yushuan0513workout,yushuan0513workout,db_squat,0,6.0,5.954617454774205,n_reps,workload_dose,volume control
M4_add_one__n_reps,ridge,6,haoyu0512workout|hsianshun0514workout|tsenyu0515workout|yanz0510workout|yoru0511workout,ziho0512workout,yushuan0513workout,yushuan0513workout,db_squat,1,7.0,6.593399916968605,n_reps,workload_dose,volume control
M4_add_one__n_reps,ridge,6,haoyu0512workout|hsianshun0514workout|tsenyu0515workout|yanz0510workout|yoru0511workout,ziho0512workout,yushuan0513workout,yushuan0513workout,db_squat,2,8.0,7.234860922330893,n_reps,workload_dose,volume control
M4_add_one__n_reps,ridge,6,haoyu0512workout|hsianshun0514workout|tsenyu0515workout|yanz0510workout|yoru0511workout,ziho0512workout,yushuan0513workout,yushuan0513workout,db_triceps_curl,0,6.0,6.190121230807634,n_reps,workload_dose,volume control
M4_add_one__n_reps,ridge,6,haoyu0512workout|hsianshun0514workout|tsenyu0515workout|yanz0510workout|yoru0511workout,ziho0512workout,yushuan0513workout,yushuan0513workout,db_triceps_curl,1,7.0,6.739311042214074,n_reps,workload_dose,volume control
M4_add_one__n_reps,ridge,6,haoyu0512workout|hsianshun0514workout|tsenyu0515workout|yanz0510workout|yoru0511workout,ziho0512workout,yushuan0513workout,yushuan0513workout,db_triceps_curl,2,9.0,7.319442645387491,n_reps,workload_dose,volume control
M4_add_one__n_reps,ridge,6,haoyu0512workout|hsianshun0514workout|tsenyu0515workout|yanz0510workout|yoru0511workout,ziho0512workout,yushuan0513workout,yushuan0513workout,db_weighted_crunch,0,5.0,6.0811150373733796,n_reps,workload_dose,volume control
M4_add_one__n_reps,ridge,6,haoyu0512workout|hsianshun0514workout|tsenyu0515workout|yanz0510workout|yoru0511workout,ziho0512workout,yushuan0513workout,yushuan0513workout,db_weighted_crunch,1,6.0,6.772729454465422,n_reps,workload_dose,volume control
M4_add_one__n_reps,ridge,6,haoyu0512workout|hsianshun0514workout|tsenyu0515workout|yanz0510workout|yoru0511workout,ziho0512workout,yushuan0513workout,yushuan0513workout,db_weighted_crunch,2,7.0,7.449288611682786,n_reps,workload_dose,volume control
M4_add_one__n_reps,ridge,6,haoyu0512workout|hsianshun0514workout|tsenyu0515workout|yanz0510workout|yoru0511workout,ziho0512workout,yushuan0513workout,yushuan0513workout,one_arm_db_row,0,9.0,6.757188551761921,n_reps,workload_dose,volume control
M4_add_one__n_reps,ridge,6,haoyu0512workout|hsianshun0514workout|tsenyu0515workout|yanz0510workout|yoru0511workout,ziho0512workout,yushuan0513workout,yushuan0513workout,one_arm_db_row,1,8.0,7.409179002680731,n_reps,workload_dose,volume control
M4_add_one__n_reps,ridge,6,haoyu0512workout|hsianshun0514workout|tsenyu0515workout|yanz0510workout|yoru0511workout,ziho0512workout,yushuan0513workout,yushuan0513workout,one_arm_db_row,2,9.0,8.006674954666659,n_reps,workload_dose,volume control
M4_add_one__n_reps,ridge,7,hsianshun0514workout|tsenyu0515workout|yanz0510workout|yoru0511workout|yushuan0513workout,haoyu0512workout,ziho0512workout,ziho0512workout,db_bench_press,1,8.0,6.111159574222238,n_reps,workload_dose,volume control
M4_add_one__n_reps,ridge,7,hsianshun0514workout|tsenyu0515workout|yanz0510workout|yoru0511workout|yushuan0513workout,haoyu0512workout,ziho0512workout,ziho0512workout,db_bench_press,2,9.0,6.7373560488132505,n_reps,workload_dose,volume control
M4_add_one__n_reps,ridge,7,hsianshun0514workout|tsenyu0515workout|yanz0510workout|yoru0511workout|yushuan0513workout,haoyu0512workout,ziho0512workout,ziho0512workout,db_bench_press,3,10.0,7.792661430091729,n_reps,workload_dose,volume control
M4_add_one__n_reps,ridge,7,hsianshun0514workout|tsenyu0515workout|yanz0510workout|yoru0511workout|yushuan0513workout,haoyu0512workout,ziho0512workout,ziho0512workout,db_biceps_curl,0,9.0,7.195092247106509,n_reps,workload_dose,volume control
M4_add_one__n_reps,ridge,7,hsianshun0514workout|tsenyu0515workout|yanz0510workout|yoru0511workout|yushuan0513workout,haoyu0512workout,ziho0512workout,ziho0512workout,db_biceps_curl,1,9.0,7.874495032790672,n_reps,workload_dose,volume control
M4_add_one__n_reps,ridge,7,hsianshun0514workout|tsenyu0515workout|yanz0510workout|yoru0511workout|yushuan0513workout,haoyu0512workout,ziho0512workout,ziho0512workout,db_biceps_curl,2,9.0,8.530268928765766,n_reps,workload_dose,volume control
M4_add_one__n_reps,ridge,7,hsianshun0514workout|tsenyu0515workout|yanz0510workout|yoru0511workout|yushuan0513workout,haoyu0512workout,ziho0512workout,ziho0512workout,db_rdl,0,8.0,6.14042551873482,n_reps,workload_dose,volume control
M4_add_one__n_reps,ridge,7,hsianshun0514workout|tsenyu0515workout|yanz0510workout|yoru0511workout|yushuan0513workout,haoyu0512workout,ziho0512workout,ziho0512workout,db_rdl,2,9.0,7.023348556102297,n_reps,workload_dose,volume control
M4_add_one__n_reps,ridge,7,hsianshun0514workout|tsenyu0515workout|yanz0510workout|yoru0511workout|yushuan0513workout,haoyu0512workout,ziho0512workout,ziho0512workout,db_shoulder_press,0,10.0,7.2269526967680155,n_reps,workload_dose,volume control
M4_add_one__n_reps,ridge,7,hsianshun0514workout|tsenyu0515workout|yanz0510workout|yoru0511workout|yushuan0513workout,haoyu0512workout,ziho0512workout,ziho0512workout,db_shoulder_press,1,10.0,7.790111259303013,n_reps,workload_dose,volume control
M4_add_one__n_reps,ridge,7,hsianshun0514workout|tsenyu0515workout|yanz0510workout|yoru0511workout|yushuan0513workout,haoyu0512workout,ziho0512workout,ziho0512workout,db_shoulder_press,2,10.0,8.639094570809863,n_reps,workload_dose,volume control
M4_add_one__n_reps,ridge,7,hsianshun0514workout|tsenyu0515workout|yanz0510workout|yoru0511workout|yushuan0513workout,haoyu0512workout,ziho0512workout,ziho0512workout,db_squat,0,7.0,5.829559127668558,n_reps,workload_dose,volume control
M4_add_one__n_reps,ridge,7,hsianshun0514workout|tsenyu0515workout|yanz0510workout|yoru0511workout|yushuan0513workout,haoyu0512workout,ziho0512workout,ziho0512workout,db_squat,1,8.0,6.443280209441146,n_reps,workload_dose,volume control
M4_add_one__n_reps,ridge,7,hsianshun0514workout|tsenyu0515workout|yanz0510workout|yoru0511workout|yushuan0513workout,haoyu0512workout,ziho0512workout,ziho0512workout,db_squat,2,9.0,7.062123637933881,n_reps,workload_dose,volume control
M4_add_one__n_reps,ridge,7,hsianshun0514workout|tsenyu0515workout|yanz0510workout|yoru0511workout|yushuan0513workout,haoyu0512workout,ziho0512workout,ziho0512workout,db_triceps_curl,0,8.0,6.079589627798097,n_reps,workload_dose,volume control
M4_add_one__n_reps,ridge,7,hsianshun0514workout|tsenyu0515workout|yanz0510workout|yoru0511workout|yushuan0513workout,haoyu0512workout,ziho0512workout,ziho0512workout,db_triceps_curl,1,9.0,6.73602447173708,n_reps,workload_dose,volume control
M4_add_one__n_reps,ridge,7,hsianshun0514workout|tsenyu0515workout|yanz0510workout|yoru0511workout|yushuan0513workout,haoyu0512workout,ziho0512workout,ziho0512workout,db_triceps_curl,2,9.0,7.346358195194731,n_reps,workload_dose,volume control
M4_add_one__n_reps,ridge,7,hsianshun0514workout|tsenyu0515workout|yanz0510workout|yoru0511workout|yushuan0513workout,haoyu0512workout,ziho0512workout,ziho0512workout,db_weighted_crunch,0,6.0,5.895992712162506,n_reps,workload_dose,volume control
M4_add_one__n_reps,ridge,7,hsianshun0514workout|tsenyu0515workout|yanz0510workout|yoru0511workout|yushuan0513workout,haoyu0512workout,ziho0512workout,ziho0512workout,db_weighted_crunch,1,8.0,6.5777088157202845,n_reps,workload_dose,volume control
M4_add_one__n_reps,ridge,7,hsianshun0514workout|tsenyu0515workout|yanz0510workout|yoru0511workout|yushuan0513workout,haoyu0512workout,ziho0512workout,ziho0512workout,db_weighted_crunch,2,9.0,7.26124252617876,n_reps,workload_dose,volume control
M4_add_one__n_reps,ridge,7,hsianshun0514workout|tsenyu0515workout|yanz0510workout|yoru0511workout|yushuan0513workout,haoyu0512workout,ziho0512workout,ziho0512workout,one_arm_db_row,0,6.0,6.599415507698205,n_reps,workload_dose,volume control
M4_add_one__n_reps,ridge,7,hsianshun0514workout|tsenyu0515workout|yanz0510workout|yoru0511workout|yushuan0513workout,haoyu0512workout,ziho0512workout,ziho0512workout,one_arm_db_row,1,8.0,7.188764133302347,n_reps,workload_dose,volume control
M4_add_one__n_reps,ridge,7,hsianshun0514workout|tsenyu0515workout|yanz0510workout|yoru0511workout|yushuan0513workout,haoyu0512workout,ziho0512workout,ziho0512workout,one_arm_db_row,2,9.0,7.780508695275589,n_reps,workload_dose,volume control
M4_add_one__total_tut_sec,ridge,1,tsenyu0515workout|yanz0510workout|yoru0511workout|yushuan0513workout|ziho0512workout,hsianshun0514workout,haoyu0512workout,haoyu0512workout,db_bench_press,0,8.0,5.504971057585147,total_tut_sec,workload_dose,single-set TUT
M4_add_one__total_tut_sec,ridge,1,tsenyu0515workout|yanz0510workout|yoru0511workout|yushuan0513workout|ziho0512workout,hsianshun0514workout,haoyu0512workout,haoyu0512workout,db_bench_press,1,9.0,7.538403554946257,total_tut_sec,workload_dose,single-set TUT
M4_add_one__total_tut_sec,ridge,1,tsenyu0515workout|yanz0510workout|yoru0511workout|yushuan0513workout|ziho0512workout,hsianshun0514workout,haoyu0512workout,haoyu0512workout,db_bench_press,2,9.0,8.572849603673113,total_tut_sec,workload_dose,single-set TUT
M4_add_one__total_tut_sec,ridge,1,tsenyu0515workout|yanz0510workout|yoru0511workout|yushuan0513workout|ziho0512workout,hsianshun0514workout,haoyu0512workout,haoyu0512workout,db_biceps_curl,0,9.0,7.382805803045711,total_tut_sec,workload_dose,single-set TUT
M4_add_one__total_tut_sec,ridge,1,tsenyu0515workout|yanz0510workout|yoru0511workout|yushuan0513workout|ziho0512workout,hsianshun0514workout,haoyu0512workout,haoyu0512workout,db_biceps_curl,1,9.0,8.31436650412345,total_tut_sec,workload_dose,single-set TUT
M4_add_one__total_tut_sec,ridge,1,tsenyu0515workout|yanz0510workout|yoru0511workout|yushuan0513workout|ziho0512workout,hsianshun0514workout,haoyu0512workout,haoyu0512workout,db_biceps_curl,3,9.0,9.45446771894996,total_tut_sec,workload_dose,single-set TUT
M4_add_one__total_tut_sec,ridge,1,tsenyu0515workout|yanz0510workout|yoru0511workout|yushuan0513workout|ziho0512workout,hsianshun0514workout,haoyu0512workout,haoyu0512workout,db_rdl,0,9.0,6.1476054955911,total_tut_sec,workload_dose,single-set TUT
M4_add_one__total_tut_sec,ridge,1,tsenyu0515workout|yanz0510workout|yoru0511workout|yushuan0513workout|ziho0512workout,hsianshun0514workout,haoyu0512workout,haoyu0512workout,db_rdl,1,9.0,7.380677982676716,total_tut_sec,workload_dose,single-set TUT
M4_add_one__total_tut_sec,ridge,1,tsenyu0515workout|yanz0510workout|yoru0511workout|yushuan0513workout|ziho0512workout,hsianshun0514workout,haoyu0512workout,haoyu0512workout,db_rdl,2,9.0,8.301878610470753,total_tut_sec,workload_dose,single-set TUT
M4_add_one__total_tut_sec,ridge,1,tsenyu0515workout|yanz0510workout|yoru0511workout|yushuan0513workout|ziho0512workout,hsianshun0514workout,haoyu0512workout,haoyu0512workout,db_shoulder_press,0,7.0,7.478683677805726,total_tut_sec,workload_dose,single-set TUT
M4_add_one__total_tut_sec,ridge,1,tsenyu0515workout|yanz0510workout|yoru0511workout|yushuan0513workout|ziho0512workout,hsianshun0514workout,haoyu0512workout,haoyu0512workout,db_shoulder_press,1,9.0,8.60719547339273,total_tut_sec,workload_dose,single-set TUT
M4_add_one__total_tut_sec,ridge,1,tsenyu0515workout|yanz0510workout|yoru0511workout|yushuan0513workout|ziho0512workout,hsianshun0514workout,haoyu0512workout,haoyu0512workout,db_shoulder_press,2,9.0,9.420708917779072,total_tut_sec,workload_dose,single-set TUT
M4_add_one__total_tut_sec,ridge,1,tsenyu0515workout|yanz0510workout|yoru0511workout|yushuan0513workout|ziho0512workout,hsianshun0514workout,haoyu0512workout,haoyu0512workout,db_squat,0,6.0,5.665134958206476,total_tut_sec,workload_dose,single-set TUT
M4_add_one__total_tut_sec,ridge,1,tsenyu0515workout|yanz0510workout|yoru0511workout|yushuan0513workout|ziho0512workout,hsianshun0514workout,haoyu0512workout,haoyu0512workout,db_squat,1,9.0,6.714718616569598,total_tut_sec,workload_dose,single-set TUT
M4_add_one__total_tut_sec,ridge,1,tsenyu0515workout|yanz0510workout|yoru0511workout|yushuan0513workout|ziho0512workout,hsianshun0514workout,haoyu0512workout,haoyu0512workout,db_squat,2,8.0,7.621227241595503,total_tut_sec,workload_dose,single-set TUT
M4_add_one__total_tut_sec,ridge,1,tsenyu0515workout|yanz0510workout|yoru0511workout|yushuan0513workout|ziho0512workout,hsianshun0514workout,haoyu0512workout,haoyu0512workout,db_triceps_curl,0,7.0,5.973472422039997,total_tut_sec,workload_dose,single-set TUT
M4_add_one__total_tut_sec,ridge,1,tsenyu0515workout|yanz0510workout|yoru0511workout|yushuan0513workout|ziho0512workout,hsianshun0514workout,haoyu0512workout,haoyu0512workout,db_triceps_curl,1,9.0,7.020600774605346,total_tut_sec,workload_dose,single-set TUT
M4_add_one__total_tut_sec,ridge,1,tsenyu0515workout|yanz0510workout|yoru0511workout|yushuan0513workout|ziho0512workout,hsianshun0514workout,haoyu0512workout,haoyu0512workout,db_triceps_curl,2,9.0,8.071964607157902,total_tut_sec,workload_dose,single-set TUT
M4_add_one__total_tut_sec,ridge,1,tsenyu0515workout|yanz0510workout|yoru0511workout|yushuan0513workout|ziho0512workout,hsianshun0514workout,haoyu0512workout,haoyu0512workout,db_weighted_crunch,0,6.0,5.579896687366071,total_tut_sec,workload_dose,single-set TUT
M4_add_one__total_tut_sec,ridge,1,tsenyu0515workout|yanz0510workout|yoru0511workout|yushuan0513workout|ziho0512workout,hsianshun0514workout,haoyu0512workout,haoyu0512workout,db_weighted_crunch,1,7.0,6.479747610611672,total_tut_sec,workload_dose,single-set TUT
M4_add_one__total_tut_sec,ridge,1,tsenyu0515workout|yanz0510workout|yoru0511workout|yushuan0513workout|ziho0512workout,hsianshun0514workout,haoyu0512workout,haoyu0512workout,db_weighted_crunch,2,9.0,7.451417793009367,total_tut_sec,workload_dose,single-set TUT
M4_add_one__total_tut_sec,ridge,1,tsenyu0515workout|yanz0510workout|yoru0511workout|yushuan0513workout|ziho0512workout,hsianshun0514workout,haoyu0512workout,haoyu0512workout,one_arm_db_row,0,9.0,6.4239730866962175,total_tut_sec,workload_dose,single-set TUT
M4_add_one__total_tut_sec,ridge,1,tsenyu0515workout|yanz0510workout|yoru0511workout|yushuan0513workout|ziho0512workout,hsianshun0514workout,haoyu0512workout,haoyu0512workout,one_arm_db_row,1,9.0,7.608120101701594,total_tut_sec,workload_dose,single-set TUT
M4_add_one__total_tut_sec,ridge,1,tsenyu0515workout|yanz0510workout|yoru0511workout|yushuan0513workout|ziho0512workout,hsianshun0514workout,haoyu0512workout,haoyu0512workout,one_arm_db_row,2,9.0,8.60281410342427,total_tut_sec,workload_dose,single-set TUT
M4_add_one__total_tut_sec,ridge,2,haoyu0512workout|yanz0510workout|yoru0511workout|yushuan0513workout|ziho0512workout,tsenyu0515workout,hsianshun0514workout,hsianshun0514workout,db_bench_press,0,4.0,7.264487353516106,total_tut_sec,workload_dose,single-set TUT
M4_add_one__total_tut_sec,ridge,2,haoyu0512workout|yanz0510workout|yoru0511workout|yushuan0513workout|ziho0512workout,tsenyu0515workout,hsianshun0514workout,hsianshun0514workout,db_bench_press,1,6.0,8.002463841441827,total_tut_sec,workload_dose,single-set TUT
M4_add_one__total_tut_sec,ridge,2,haoyu0512workout|yanz0510workout|yoru0511workout|yushuan0513workout|ziho0512workout,tsenyu0515workout,hsianshun0514workout,hsianshun0514workout,db_bench_press,2,7.0,8.69954748142305,total_tut_sec,workload_dose,single-set TUT
M4_add_one__total_tut_sec,ridge,2,haoyu0512workout|yanz0510workout|yoru0511workout|yushuan0513workout|ziho0512workout,tsenyu0515workout,hsianshun0514workout,hsianshun0514workout,db_biceps_curl,0,9.0,7.750645379207952,total_tut_sec,workload_dose,single-set TUT
M4_add_one__total_tut_sec,ridge,2,haoyu0512workout|yanz0510workout|yoru0511workout|yushuan0513workout|ziho0512workout,tsenyu0515workout,hsianshun0514workout,hsianshun0514workout,db_biceps_curl,1,10.0,8.082788092196502,total_tut_sec,workload_dose,single-set TUT
M4_add_one__total_tut_sec,ridge,2,haoyu0512workout|yanz0510workout|yoru0511workout|yushuan0513workout|ziho0512workout,tsenyu0515workout,hsianshun0514workout,hsianshun0514workout,db_biceps_curl,2,10.0,8.632590547195154,total_tut_sec,workload_dose,single-set TUT
M4_add_one__total_tut_sec,ridge,2,haoyu0512workout|yanz0510workout|yoru0511workout|yushuan0513workout|ziho0512workout,tsenyu0515workout,hsianshun0514workout,hsianshun0514workout,db_rdl,0,4.0,7.041457412515508,total_tut_sec,workload_dose,single-set TUT
M4_add_one__total_tut_sec,ridge,2,haoyu0512workout|yanz0510workout|yoru0511workout|yushuan0513workout|ziho0512workout,tsenyu0515workout,hsianshun0514workout,hsianshun0514workout,db_rdl,1,6.0,7.5763687821518015,total_tut_sec,workload_dose,single-set TUT
M4_add_one__total_tut_sec,ridge,2,haoyu0512workout|yanz0510workout|yoru0511workout|yushuan0513workout|ziho0512workout,tsenyu0515workout,hsianshun0514workout,hsianshun0514workout,db_rdl,2,8.0,8.125097642699249,total_tut_sec,workload_dose,single-set TUT
M4_add_one__total_tut_sec,ridge,2,haoyu0512workout|yanz0510workout|yoru0511workout|yushuan0513workout|ziho0512workout,tsenyu0515workout,hsianshun0514workout,hsianshun0514workout,db_shoulder_press,1,9.0,8.013750605652344,total_tut_sec,workload_dose,single-set TUT
M4_add_one__total_tut_sec,ridge,2,haoyu0512workout|yanz0510workout|yoru0511workout|yushuan0513workout|ziho0512workout,tsenyu0515workout,hsianshun0514workout,hsianshun0514workout,db_shoulder_press,2,10.0,8.546971664687032,total_tut_sec,workload_dose,single-set TUT
M4_add_one__total_tut_sec,ridge,2,haoyu0512workout|yanz0510workout|yoru0511workout|yushuan0513workout|ziho0512workout,tsenyu0515workout,hsianshun0514workout,hsianshun0514workout,db_shoulder_press,3,10.0,9.085231307781212,total_tut_sec,workload_dose,single-set TUT
M4_add_one__total_tut_sec,ridge,2,haoyu0512workout|yanz0510workout|yoru0511workout|yushuan0513workout|ziho0512workout,tsenyu0515workout,hsianshun0514workout,hsianshun0514workout,db_squat,0,4.0,6.727576653738442,total_tut_sec,workload_dose,single-set TUT
M4_add_one__total_tut_sec,ridge,2,haoyu0512workout|yanz0510workout|yoru0511workout|yushuan0513workout|ziho0512workout,tsenyu0515workout,hsianshun0514workout,hsianshun0514workout,db_squat,1,6.0,7.202219368084527,total_tut_sec,workload_dose,single-set TUT
M4_add_one__total_tut_sec,ridge,2,haoyu0512workout|yanz0510workout|yoru0511workout|yushuan0513workout|ziho0512workout,tsenyu0515workout,hsianshun0514workout,hsianshun0514workout,db_squat,2,7.0,7.642957965604425,total_tut_sec,workload_dose,single-set TUT
M4_add_one__total_tut_sec,ridge,2,haoyu0512workout|yanz0510workout|yoru0511workout|yushuan0513workout|ziho0512workout,tsenyu0515workout,hsianshun0514workout,hsianshun0514workout,db_triceps_curl,0,4.0,6.925657524494817,total_tut_sec,workload_dose,single-set TUT
M4_add_one__total_tut_sec,ridge,2,haoyu0512workout|yanz0510workout|yoru0511workout|yushuan0513workout|ziho0512workout,tsenyu0515workout,hsianshun0514workout,hsianshun0514workout,db_triceps_curl,1,7.0,7.491784880866011,total_tut_sec,workload_dose,single-set TUT
M4_add_one__total_tut_sec,ridge,2,haoyu0512workout|yanz0510workout|yoru0511workout|yushuan0513workout|ziho0512workout,tsenyu0515workout,hsianshun0514workout,hsianshun0514workout,db_triceps_curl,2,8.0,7.966408644039134,total_tut_sec,workload_dose,single-set TUT
M4_add_one__total_tut_sec,ridge,2,haoyu0512workout|yanz0510workout|yoru0511workout|yushuan0513workout|ziho0512workout,tsenyu0515workout,hsianshun0514workout,hsianshun0514workout,db_weighted_crunch,0,5.0,6.729909539471811,total_tut_sec,workload_dose,single-set TUT
M4_add_one__total_tut_sec,ridge,2,haoyu0512workout|yanz0510workout|yoru0511workout|yushuan0513workout|ziho0512workout,tsenyu0515workout,hsianshun0514workout,hsianshun0514workout,db_weighted_crunch,2,7.0,7.485180474751789,total_tut_sec,workload_dose,single-set TUT
M4_add_one__total_tut_sec,ridge,2,haoyu0512workout|yanz0510workout|yoru0511workout|yushuan0513workout|ziho0512workout,tsenyu0515workout,hsianshun0514workout,hsianshun0514workout,db_weighted_crunch,3,7.0,8.11357724921409,total_tut_sec,workload_dose,single-set TUT
M4_add_one__total_tut_sec,ridge,2,haoyu0512workout|yanz0510workout|yoru0511workout|yushuan0513workout|ziho0512workout,tsenyu0515workout,hsianshun0514workout,hsianshun0514workout,one_arm_db_row,1,7.0,7.286255087653597,total_tut_sec,workload_dose,single-set TUT
M4_add_one__total_tut_sec,ridge,2,haoyu0512workout|yanz0510workout|yoru0511workout|yushuan0513workout|ziho0512workout,tsenyu0515workout,hsianshun0514workout,hsianshun0514workout,one_arm_db_row,2,8.0,7.732456294994175,total_tut_sec,workload_dose,single-set TUT
M4_add_one__total_tut_sec,ridge,3,haoyu0512workout|hsianshun0514workout|yoru0511workout|yushuan0513workout|ziho0512workout,yanz0510workout,tsenyu0515workout,tsenyu0515workout,db_bench_press,0,3.0,6.379632035871738,total_tut_sec,workload_dose,single-set TUT
M4_add_one__total_tut_sec,ridge,3,haoyu0512workout|hsianshun0514workout|yoru0511workout|yushuan0513workout|ziho0512workout,yanz0510workout,tsenyu0515workout,tsenyu0515workout,db_bench_press,1,6.0,7.8224536833005835,total_tut_sec,workload_dose,single-set TUT
M4_add_one__total_tut_sec,ridge,3,haoyu0512workout|hsianshun0514workout|yoru0511workout|yushuan0513workout|ziho0512workout,yanz0510workout,tsenyu0515workout,tsenyu0515workout,db_bench_press,2,8.0,9.154607472007926,total_tut_sec,workload_dose,single-set TUT
M4_add_one__total_tut_sec,ridge,3,haoyu0512workout|hsianshun0514workout|yoru0511workout|yushuan0513workout|ziho0512workout,yanz0510workout,tsenyu0515workout,tsenyu0515workout,db_biceps_curl,0,6.0,8.979718114062239,total_tut_sec,workload_dose,single-set TUT
M4_add_one__total_tut_sec,ridge,3,haoyu0512workout|hsianshun0514workout|yoru0511workout|yushuan0513workout|ziho0512workout,yanz0510workout,tsenyu0515workout,tsenyu0515workout,db_biceps_curl,1,9.0,10.05516850373068,total_tut_sec,workload_dose,single-set TUT
M4_add_one__total_tut_sec,ridge,3,haoyu0512workout|hsianshun0514workout|yoru0511workout|yushuan0513workout|ziho0512workout,yanz0510workout,tsenyu0515workout,tsenyu0515workout,db_biceps_curl,2,9.0,11.516545796848305,total_tut_sec,workload_dose,single-set TUT
M4_add_one__total_tut_sec,ridge,3,haoyu0512workout|hsianshun0514workout|yoru0511workout|yushuan0513workout|ziho0512workout,yanz0510workout,tsenyu0515workout,tsenyu0515workout,db_rdl,0,6.0,7.586431582356261,total_tut_sec,workload_dose,single-set TUT
M4_add_one__total_tut_sec,ridge,3,haoyu0512workout|hsianshun0514workout|yoru0511workout|yushuan0513workout|ziho0512workout,yanz0510workout,tsenyu0515workout,tsenyu0515workout,db_rdl,1,10.0,9.393356482095077,total_tut_sec,workload_dose,single-set TUT
M4_add_one__total_tut_sec,ridge,3,haoyu0512workout|hsianshun0514workout|yoru0511workout|yushuan0513workout|ziho0512workout,yanz0510workout,tsenyu0515workout,tsenyu0515workout,db_rdl,2,6.0,10.033986902059334,total_tut_sec,workload_dose,single-set TUT
M4_add_one__total_tut_sec,ridge,3,haoyu0512workout|hsianshun0514workout|yoru0511workout|yushuan0513workout|ziho0512workout,yanz0510workout,tsenyu0515workout,tsenyu0515workout,db_shoulder_press,0,5.0,8.600006875693609,total_tut_sec,workload_dose,single-set TUT
M4_add_one__total_tut_sec,ridge,3,haoyu0512workout|hsianshun0514workout|yoru0511workout|yushuan0513workout|ziho0512workout,yanz0510workout,tsenyu0515workout,tsenyu0515workout,db_shoulder_press,1,8.0,9.892947749692434,total_tut_sec,workload_dose,single-set TUT
M4_add_one__total_tut_sec,ridge,3,haoyu0512workout|hsianshun0514workout|yoru0511workout|yushuan0513workout|ziho0512workout,yanz0510workout,tsenyu0515workout,tsenyu0515workout,db_shoulder_press,2,9.0,11.1069368542585,total_tut_sec,workload_dose,single-set TUT
M4_add_one__total_tut_sec,ridge,3,haoyu0512workout|hsianshun0514workout|yoru0511workout|yushuan0513workout|ziho0512workout,yanz0510workout,tsenyu0515workout,tsenyu0515workout,db_squat,1,4.0,6.429489544669664,total_tut_sec,workload_dose,single-set TUT
M4_add_one__total_tut_sec,ridge,3,haoyu0512workout|hsianshun0514workout|yoru0511workout|yushuan0513workout|ziho0512workout,yanz0510workout,tsenyu0515workout,tsenyu0515workout,db_squat,2,6.0,7.58157903089219,total_tut_sec,workload_dose,single-set TUT
M4_add_one__total_tut_sec,ridge,3,haoyu0512workout|hsianshun0514workout|yoru0511workout|yushuan0513workout|ziho0512workout,yanz0510workout,tsenyu0515workout,tsenyu0515workout,db_squat,3,5.0,8.42697491197614,total_tut_sec,workload_dose,single-set TUT
M4_add_one__total_tut_sec,ridge,3,haoyu0512workout|hsianshun0514workout|yoru0511workout|yushuan0513workout|ziho0512workout,yanz0510workout,tsenyu0515workout,tsenyu0515workout,db_triceps_curl,0,4.0,6.651383027805822,total_tut_sec,workload_dose,single-set TUT
M4_add_one__total_tut_sec,ridge,3,haoyu0512workout|hsianshun0514workout|yoru0511workout|yushuan0513workout|ziho0512workout,yanz0510workout,tsenyu0515workout,tsenyu0515workout,db_triceps_curl,1,6.0,7.704629418314093,total_tut_sec,workload_dose,single-set TUT
M4_add_one__total_tut_sec,ridge,3,haoyu0512workout|hsianshun0514workout|yoru0511workout|yushuan0513workout|ziho0512workout,yanz0510workout,tsenyu0515workout,tsenyu0515workout,db_triceps_curl,2,7.0,8.814791100706906,total_tut_sec,workload_dose,single-set TUT
M4_add_one__total_tut_sec,ridge,3,haoyu0512workout|hsianshun0514workout|yoru0511workout|yushuan0513workout|ziho0512workout,yanz0510workout,tsenyu0515workout,tsenyu0515workout,db_weighted_crunch,0,3.0,5.723370813874217,total_tut_sec,workload_dose,single-set TUT
M4_add_one__total_tut_sec,ridge,3,haoyu0512workout|hsianshun0514workout|yoru0511workout|yushuan0513workout|ziho0512workout,yanz0510workout,tsenyu0515workout,tsenyu0515workout,db_weighted_crunch,1,5.0,6.641558534127277,total_tut_sec,workload_dose,single-set TUT
M4_add_one__total_tut_sec,ridge,3,haoyu0512workout|hsianshun0514workout|yoru0511workout|yushuan0513workout|ziho0512workout,yanz0510workout,tsenyu0515workout,tsenyu0515workout,db_weighted_crunch,2,7.0,7.548160751862415,total_tut_sec,workload_dose,single-set TUT
M4_add_one__total_tut_sec,ridge,3,haoyu0512workout|hsianshun0514workout|yoru0511workout|yushuan0513workout|ziho0512workout,yanz0510workout,tsenyu0515workout,tsenyu0515workout,one_arm_db_row,0,5.0,7.607879155289794,total_tut_sec,workload_dose,single-set TUT
M4_add_one__total_tut_sec,ridge,3,haoyu0512workout|hsianshun0514workout|yoru0511workout|yushuan0513workout|ziho0512workout,yanz0510workout,tsenyu0515workout,tsenyu0515workout,one_arm_db_row,1,8.0,8.846820734646533,total_tut_sec,workload_dose,single-set TUT
M4_add_one__total_tut_sec,ridge,3,haoyu0512workout|hsianshun0514workout|yoru0511workout|yushuan0513workout|ziho0512workout,yanz0510workout,tsenyu0515workout,tsenyu0515workout,one_arm_db_row,2,9.0,10.037718985030363,total_tut_sec,workload_dose,single-set TUT
M4_add_one__total_tut_sec,ridge,4,haoyu0512workout|hsianshun0514workout|tsenyu0515workout|yushuan0513workout|ziho0512workout,yoru0511workout,yanz0510workout,yanz0510workout,db_bench_press,2,5.0,7.71592668497048,total_tut_sec,workload_dose,single-set TUT
M4_add_one__total_tut_sec,ridge,4,haoyu0512workout|hsianshun0514workout|tsenyu0515workout|yushuan0513workout|ziho0512workout,yoru0511workout,yanz0510workout,yanz0510workout,db_bench_press,3,7.0,8.298661610123583,total_tut_sec,workload_dose,single-set TUT
M4_add_one__total_tut_sec,ridge,4,haoyu0512workout|hsianshun0514workout|tsenyu0515workout|yushuan0513workout|ziho0512workout,yoru0511workout,yanz0510workout,yanz0510workout,db_bench_press,4,8.0,8.93771514137159,total_tut_sec,workload_dose,single-set TUT
M4_add_one__total_tut_sec,ridge,4,haoyu0512workout|hsianshun0514workout|tsenyu0515workout|yushuan0513workout|ziho0512workout,yoru0511workout,yanz0510workout,yanz0510workout,db_biceps_curl,0,7.0,7.766309970267813,total_tut_sec,workload_dose,single-set TUT
M4_add_one__total_tut_sec,ridge,4,haoyu0512workout|hsianshun0514workout|tsenyu0515workout|yushuan0513workout|ziho0512workout,yoru0511workout,yanz0510workout,yanz0510workout,db_biceps_curl,1,9.0,8.313799321258342,total_tut_sec,workload_dose,single-set TUT
M4_add_one__total_tut_sec,ridge,4,haoyu0512workout|hsianshun0514workout|tsenyu0515workout|yushuan0513workout|ziho0512workout,yoru0511workout,yanz0510workout,yanz0510workout,db_biceps_curl,2,10.0,8.889430413413864,total_tut_sec,workload_dose,single-set TUT
M4_add_one__total_tut_sec,ridge,4,haoyu0512workout|hsianshun0514workout|tsenyu0515workout|yushuan0513workout|ziho0512workout,yoru0511workout,yanz0510workout,yanz0510workout,db_rdl,0,5.0,6.965953837713908,total_tut_sec,workload_dose,single-set TUT
M4_add_one__total_tut_sec,ridge,4,haoyu0512workout|hsianshun0514workout|tsenyu0515workout|yushuan0513workout|ziho0512workout,yoru0511workout,yanz0510workout,yanz0510workout,db_rdl,1,8.0,7.605910828345592,total_tut_sec,workload_dose,single-set TUT
M4_add_one__total_tut_sec,ridge,4,haoyu0512workout|hsianshun0514workout|tsenyu0515workout|yushuan0513workout|ziho0512workout,yoru0511workout,yanz0510workout,yanz0510workout,db_rdl,2,9.0,8.240111743066477,total_tut_sec,workload_dose,single-set TUT
M4_add_one__total_tut_sec,ridge,4,haoyu0512workout|hsianshun0514workout|tsenyu0515workout|yushuan0513workout|ziho0512workout,yoru0511workout,yanz0510workout,yanz0510workout,db_shoulder_press,1,7.0,8.049639231707516,total_tut_sec,workload_dose,single-set TUT
M4_add_one__total_tut_sec,ridge,4,haoyu0512workout|hsianshun0514workout|tsenyu0515workout|yushuan0513workout|ziho0512workout,yoru0511workout,yanz0510workout,yanz0510workout,db_shoulder_press,2,10.0,8.706833547748378,total_tut_sec,workload_dose,single-set TUT
M4_add_one__total_tut_sec,ridge,4,haoyu0512workout|hsianshun0514workout|tsenyu0515workout|yushuan0513workout|ziho0512workout,yoru0511workout,yanz0510workout,yanz0510workout,db_shoulder_press,3,10.0,9.215790688095847,total_tut_sec,workload_dose,single-set TUT
M4_add_one__total_tut_sec,ridge,4,haoyu0512workout|hsianshun0514workout|tsenyu0515workout|yushuan0513workout|ziho0512workout,yoru0511workout,yanz0510workout,yanz0510workout,db_squat,0,7.0,6.4670730738505355,total_tut_sec,workload_dose,single-set TUT
M4_add_one__total_tut_sec,ridge,4,haoyu0512workout|hsianshun0514workout|tsenyu0515workout|yushuan0513workout|ziho0512workout,yoru0511workout,yanz0510workout,yanz0510workout,db_squat,1,8.0,7.055535497785715,total_tut_sec,workload_dose,single-set TUT
M4_add_one__total_tut_sec,ridge,4,haoyu0512workout|hsianshun0514workout|tsenyu0515workout|yushuan0513workout|ziho0512workout,yoru0511workout,yanz0510workout,yanz0510workout,db_squat,2,9.0,7.576108965957558,total_tut_sec,workload_dose,single-set TUT
M4_add_one__total_tut_sec,ridge,4,haoyu0512workout|hsianshun0514workout|tsenyu0515workout|yushuan0513workout|ziho0512workout,yoru0511workout,yanz0510workout,yanz0510workout,db_triceps_curl,0,7.0,6.851163337317998,total_tut_sec,workload_dose,single-set TUT
M4_add_one__total_tut_sec,ridge,4,haoyu0512workout|hsianshun0514workout|tsenyu0515workout|yushuan0513workout|ziho0512workout,yoru0511workout,yanz0510workout,yanz0510workout,db_triceps_curl,2,8.0,7.781889619735302,total_tut_sec,workload_dose,single-set TUT
M4_add_one__total_tut_sec,ridge,4,haoyu0512workout|hsianshun0514workout|tsenyu0515workout|yushuan0513workout|ziho0512workout,yoru0511workout,yanz0510workout,yanz0510workout,db_triceps_curl,4,9.0,8.647861317990186,total_tut_sec,workload_dose,single-set TUT
M4_add_one__total_tut_sec,ridge,4,haoyu0512workout|hsianshun0514workout|tsenyu0515workout|yushuan0513workout|ziho0512workout,yoru0511workout,yanz0510workout,yanz0510workout,db_weighted_crunch,0,6.0,6.336051414610628,total_tut_sec,workload_dose,single-set TUT
M4_add_one__total_tut_sec,ridge,4,haoyu0512workout|hsianshun0514workout|tsenyu0515workout|yushuan0513workout|ziho0512workout,yoru0511workout,yanz0510workout,yanz0510workout,db_weighted_crunch,2,7.0,7.298580190236132,total_tut_sec,workload_dose,single-set TUT
M4_add_one__total_tut_sec,ridge,4,haoyu0512workout|hsianshun0514workout|tsenyu0515workout|yushuan0513workout|ziho0512workout,yoru0511workout,yanz0510workout,yanz0510workout,db_weighted_crunch,3,8.0,7.890619342762368,total_tut_sec,workload_dose,single-set TUT
M4_add_one__total_tut_sec,ridge,4,haoyu0512workout|hsianshun0514workout|tsenyu0515workout|yushuan0513workout|ziho0512workout,yoru0511workout,yanz0510workout,yanz0510workout,one_arm_db_row,0,6.0,7.295053398538902,total_tut_sec,workload_dose,single-set TUT
M4_add_one__total_tut_sec,ridge,4,haoyu0512workout|hsianshun0514workout|tsenyu0515workout|yushuan0513workout|ziho0512workout,yoru0511workout,yanz0510workout,yanz0510workout,one_arm_db_row,1,7.0,7.886043459751227,total_tut_sec,workload_dose,single-set TUT
M4_add_one__total_tut_sec,ridge,4,haoyu0512workout|hsianshun0514workout|tsenyu0515workout|yushuan0513workout|ziho0512workout,yoru0511workout,yanz0510workout,yanz0510workout,one_arm_db_row,2,9.0,8.425732996784548,total_tut_sec,workload_dose,single-set TUT
M4_add_one__total_tut_sec,ridge,5,haoyu0512workout|hsianshun0514workout|tsenyu0515workout|yanz0510workout|ziho0512workout,yushuan0513workout,yoru0511workout,yoru0511workout,db_bench_press,0,3.0,6.085118136130824,total_tut_sec,workload_dose,single-set TUT
M4_add_one__total_tut_sec,ridge,5,haoyu0512workout|hsianshun0514workout|tsenyu0515workout|yanz0510workout|ziho0512workout,yushuan0513workout,yoru0511workout,yoru0511workout,db_bench_press,4,5.0,7.871185436309148,total_tut_sec,workload_dose,single-set TUT
M4_add_one__total_tut_sec,ridge,5,haoyu0512workout|hsianshun0514workout|tsenyu0515workout|yanz0510workout|ziho0512workout,yushuan0513workout,yoru0511workout,yoru0511workout,db_bench_press,5,7.0,8.761553586953683,total_tut_sec,workload_dose,single-set TUT
M4_add_one__total_tut_sec,ridge,5,haoyu0512workout|hsianshun0514workout|tsenyu0515workout|yanz0510workout|ziho0512workout,yushuan0513workout,yoru0511workout,yoru0511workout,db_biceps_curl,0,6.0,8.199850041870498,total_tut_sec,workload_dose,single-set TUT
M4_add_one__total_tut_sec,ridge,5,haoyu0512workout|hsianshun0514workout|tsenyu0515workout|yanz0510workout|ziho0512workout,yushuan0513workout,yoru0511workout,yoru0511workout,db_biceps_curl,1,8.0,8.778803548471695,total_tut_sec,workload_dose,single-set TUT
M4_add_one__total_tut_sec,ridge,5,haoyu0512workout|hsianshun0514workout|tsenyu0515workout|yanz0510workout|ziho0512workout,yushuan0513workout,yoru0511workout,yoru0511workout,db_biceps_curl,2,9.0,9.524948189298993,total_tut_sec,workload_dose,single-set TUT
M4_add_one__total_tut_sec,ridge,5,haoyu0512workout|hsianshun0514workout|tsenyu0515workout|yanz0510workout|ziho0512workout,yushuan0513workout,yoru0511workout,yoru0511workout,db_rdl,0,6.0,6.667684753958443,total_tut_sec,workload_dose,single-set TUT
M4_add_one__total_tut_sec,ridge,5,haoyu0512workout|hsianshun0514workout|tsenyu0515workout|yanz0510workout|ziho0512workout,yushuan0513workout,yoru0511workout,yoru0511workout,db_rdl,1,6.0,7.615291162598799,total_tut_sec,workload_dose,single-set TUT
M4_add_one__total_tut_sec,ridge,5,haoyu0512workout|hsianshun0514workout|tsenyu0515workout|yanz0510workout|ziho0512workout,yushuan0513workout,yoru0511workout,yoru0511workout,db_rdl,2,7.0,8.600592530499954,total_tut_sec,workload_dose,single-set TUT
M4_add_one__total_tut_sec,ridge,5,haoyu0512workout|hsianshun0514workout|tsenyu0515workout|yanz0510workout|ziho0512workout,yushuan0513workout,yoru0511workout,yoru0511workout,db_shoulder_press,0,7.0,7.979999477443933,total_tut_sec,workload_dose,single-set TUT
M4_add_one__total_tut_sec,ridge,5,haoyu0512workout|hsianshun0514workout|tsenyu0515workout|yanz0510workout|ziho0512workout,yushuan0513workout,yoru0511workout,yoru0511workout,db_shoulder_press,1,8.0,8.739519754834834,total_tut_sec,workload_dose,single-set TUT
M4_add_one__total_tut_sec,ridge,5,haoyu0512workout|hsianshun0514workout|tsenyu0515workout|yanz0510workout|ziho0512workout,yushuan0513workout,yoru0511workout,yoru0511workout,db_shoulder_press,2,9.0,9.525743679695303,total_tut_sec,workload_dose,single-set TUT
M4_add_one__total_tut_sec,ridge,5,haoyu0512workout|hsianshun0514workout|tsenyu0515workout|yanz0510workout|ziho0512workout,yushuan0513workout,yoru0511workout,yoru0511workout,db_squat,0,4.0,6.0037601262708895,total_tut_sec,workload_dose,single-set TUT
M4_add_one__total_tut_sec,ridge,5,haoyu0512workout|hsianshun0514workout|tsenyu0515workout|yanz0510workout|ziho0512workout,yushuan0513workout,yoru0511workout,yoru0511workout,db_squat,1,5.0,6.755474951993649,total_tut_sec,workload_dose,single-set TUT
M4_add_one__total_tut_sec,ridge,5,haoyu0512workout|hsianshun0514workout|tsenyu0515workout|yanz0510workout|ziho0512workout,yushuan0513workout,yoru0511workout,yoru0511workout,db_squat,2,6.0,7.583258661838835,total_tut_sec,workload_dose,single-set TUT
M4_add_one__total_tut_sec,ridge,5,haoyu0512workout|hsianshun0514workout|tsenyu0515workout|yanz0510workout|ziho0512workout,yushuan0513workout,yoru0511workout,yoru0511workout,db_triceps_curl,0,5.0,6.529347375401144,total_tut_sec,workload_dose,single-set TUT
M4_add_one__total_tut_sec,ridge,5,haoyu0512workout|hsianshun0514workout|tsenyu0515workout|yanz0510workout|ziho0512workout,yushuan0513workout,yoru0511workout,yoru0511workout,db_triceps_curl,1,5.0,7.454870169152656,total_tut_sec,workload_dose,single-set TUT
M4_add_one__total_tut_sec,ridge,5,haoyu0512workout|hsianshun0514workout|tsenyu0515workout|yanz0510workout|ziho0512workout,yushuan0513workout,yoru0511workout,yoru0511workout,db_triceps_curl,2,6.0,8.194486864862865,total_tut_sec,workload_dose,single-set TUT
M4_add_one__total_tut_sec,ridge,5,haoyu0512workout|hsianshun0514workout|tsenyu0515workout|yanz0510workout|ziho0512workout,yushuan0513workout,yoru0511workout,yoru0511workout,db_weighted_crunch,0,6.0,5.766693660485506,total_tut_sec,workload_dose,single-set TUT
M4_add_one__total_tut_sec,ridge,5,haoyu0512workout|hsianshun0514workout|tsenyu0515workout|yanz0510workout|ziho0512workout,yushuan0513workout,yoru0511workout,yoru0511workout,db_weighted_crunch,1,7.0,6.640758672124741,total_tut_sec,workload_dose,single-set TUT
M4_add_one__total_tut_sec,ridge,5,haoyu0512workout|hsianshun0514workout|tsenyu0515workout|yanz0510workout|ziho0512workout,yushuan0513workout,yoru0511workout,yoru0511workout,db_weighted_crunch,2,7.0,7.485253559294902,total_tut_sec,workload_dose,single-set TUT
M4_add_one__total_tut_sec,ridge,5,haoyu0512workout|hsianshun0514workout|tsenyu0515workout|yanz0510workout|ziho0512workout,yushuan0513workout,yoru0511workout,yoru0511workout,one_arm_db_row,0,5.0,7.0349837439326075,total_tut_sec,workload_dose,single-set TUT
M4_add_one__total_tut_sec,ridge,5,haoyu0512workout|hsianshun0514workout|tsenyu0515workout|yanz0510workout|ziho0512workout,yushuan0513workout,yoru0511workout,yoru0511workout,one_arm_db_row,2,7.0,8.134940708602098,total_tut_sec,workload_dose,single-set TUT
M4_add_one__total_tut_sec,ridge,5,haoyu0512workout|hsianshun0514workout|tsenyu0515workout|yanz0510workout|ziho0512workout,yushuan0513workout,yoru0511workout,yoru0511workout,one_arm_db_row,3,8.0,8.871765300653003,total_tut_sec,workload_dose,single-set TUT
M4_add_one__total_tut_sec,ridge,6,haoyu0512workout|hsianshun0514workout|tsenyu0515workout|yanz0510workout|yoru0511workout,ziho0512workout,yushuan0513workout,yushuan0513workout,db_bench_press,0,9.0,5.864868089205082,total_tut_sec,workload_dose,single-set TUT
M4_add_one__total_tut_sec,ridge,6,haoyu0512workout|hsianshun0514workout|tsenyu0515workout|yanz0510workout|yoru0511workout,ziho0512workout,yushuan0513workout,yushuan0513workout,db_bench_press,1,10.0,6.557971391686492,total_tut_sec,workload_dose,single-set TUT
M4_add_one__total_tut_sec,ridge,6,haoyu0512workout|hsianshun0514workout|tsenyu0515workout|yanz0510workout|yoru0511workout,ziho0512workout,yushuan0513workout,yushuan0513workout,db_bench_press,3,10.0,7.415244700003512,total_tut_sec,workload_dose,single-set TUT
M4_add_one__total_tut_sec,ridge,6,haoyu0512workout|hsianshun0514workout|tsenyu0515workout|yanz0510workout|yoru0511workout,ziho0512workout,yushuan0513workout,yushuan0513workout,db_biceps_curl,0,7.0,7.250236981639403,total_tut_sec,workload_dose,single-set TUT
M4_add_one__total_tut_sec,ridge,6,haoyu0512workout|hsianshun0514workout|tsenyu0515workout|yanz0510workout|yoru0511workout,ziho0512workout,yushuan0513workout,yushuan0513workout,db_biceps_curl,1,9.0,7.826559383468356,total_tut_sec,workload_dose,single-set TUT
M4_add_one__total_tut_sec,ridge,6,haoyu0512workout|hsianshun0514workout|tsenyu0515workout|yanz0510workout|yoru0511workout,ziho0512workout,yushuan0513workout,yushuan0513workout,db_biceps_curl,2,10.0,8.418072175074904,total_tut_sec,workload_dose,single-set TUT
M4_add_one__total_tut_sec,ridge,6,haoyu0512workout|hsianshun0514workout|tsenyu0515workout|yanz0510workout|yoru0511workout,ziho0512workout,yushuan0513workout,yushuan0513workout,db_rdl,0,6.0,6.5201846403073995,total_tut_sec,workload_dose,single-set TUT
M4_add_one__total_tut_sec,ridge,6,haoyu0512workout|hsianshun0514workout|tsenyu0515workout|yanz0510workout|yoru0511workout,ziho0512workout,yushuan0513workout,yushuan0513workout,db_rdl,1,8.0,7.24721180558653,total_tut_sec,workload_dose,single-set TUT
M4_add_one__total_tut_sec,ridge,6,haoyu0512workout|hsianshun0514workout|tsenyu0515workout|yanz0510workout|yoru0511workout,ziho0512workout,yushuan0513workout,yushuan0513workout,db_rdl,2,8.0,7.9799684887889635,total_tut_sec,workload_dose,single-set TUT
M4_add_one__total_tut_sec,ridge,6,haoyu0512workout|hsianshun0514workout|tsenyu0515workout|yanz0510workout|yoru0511workout,ziho0512workout,yushuan0513workout,yushuan0513workout,db_shoulder_press,0,8.0,7.266156143206803,total_tut_sec,workload_dose,single-set TUT
M4_add_one__total_tut_sec,ridge,6,haoyu0512workout|hsianshun0514workout|tsenyu0515workout|yanz0510workout|yoru0511workout,ziho0512workout,yushuan0513workout,yushuan0513workout,db_shoulder_press,1,9.0,8.056404710443172,total_tut_sec,workload_dose,single-set TUT
M4_add_one__total_tut_sec,ridge,6,haoyu0512workout|hsianshun0514workout|tsenyu0515workout|yanz0510workout|yoru0511workout,ziho0512workout,yushuan0513workout,yushuan0513workout,db_shoulder_press,2,10.0,8.781197847009363,total_tut_sec,workload_dose,single-set TUT
M4_add_one__total_tut_sec,ridge,6,haoyu0512workout|hsianshun0514workout|tsenyu0515workout|yanz0510workout|yoru0511workout,ziho0512workout,yushuan0513workout,yushuan0513workout,db_squat,0,6.0,5.956462757597632,total_tut_sec,workload_dose,single-set TUT
M4_add_one__total_tut_sec,ridge,6,haoyu0512workout|hsianshun0514workout|tsenyu0515workout|yanz0510workout|yoru0511workout,ziho0512workout,yushuan0513workout,yushuan0513workout,db_squat,1,7.0,6.6031750468095645,total_tut_sec,workload_dose,single-set TUT
M4_add_one__total_tut_sec,ridge,6,haoyu0512workout|hsianshun0514workout|tsenyu0515workout|yanz0510workout|yoru0511workout,ziho0512workout,yushuan0513workout,yushuan0513workout,db_squat,2,8.0,7.253974572577639,total_tut_sec,workload_dose,single-set TUT
M4_add_one__total_tut_sec,ridge,6,haoyu0512workout|hsianshun0514workout|tsenyu0515workout|yanz0510workout|yoru0511workout,ziho0512workout,yushuan0513workout,yushuan0513workout,db_triceps_curl,0,6.0,6.198723199218687,total_tut_sec,workload_dose,single-set TUT
M4_add_one__total_tut_sec,ridge,6,haoyu0512workout|hsianshun0514workout|tsenyu0515workout|yanz0510workout|yoru0511workout,ziho0512workout,yushuan0513workout,yushuan0513workout,db_triceps_curl,1,7.0,6.762406273725193,total_tut_sec,workload_dose,single-set TUT
M4_add_one__total_tut_sec,ridge,6,haoyu0512workout|hsianshun0514workout|tsenyu0515workout|yanz0510workout|yoru0511workout,ziho0512workout,yushuan0513workout,yushuan0513workout,db_triceps_curl,2,9.0,7.34802445120632,total_tut_sec,workload_dose,single-set TUT
M4_add_one__total_tut_sec,ridge,6,haoyu0512workout|hsianshun0514workout|tsenyu0515workout|yanz0510workout|yoru0511workout,ziho0512workout,yushuan0513workout,yushuan0513workout,db_weighted_crunch,0,5.0,6.079500096318113,total_tut_sec,workload_dose,single-set TUT
M4_add_one__total_tut_sec,ridge,6,haoyu0512workout|hsianshun0514workout|tsenyu0515workout|yanz0510workout|yoru0511workout,ziho0512workout,yushuan0513workout,yushuan0513workout,db_weighted_crunch,1,6.0,6.779196079316069,total_tut_sec,workload_dose,single-set TUT
M4_add_one__total_tut_sec,ridge,6,haoyu0512workout|hsianshun0514workout|tsenyu0515workout|yanz0510workout|yoru0511workout,ziho0512workout,yushuan0513workout,yushuan0513workout,db_weighted_crunch,2,7.0,7.467467539596751,total_tut_sec,workload_dose,single-set TUT
M4_add_one__total_tut_sec,ridge,6,haoyu0512workout|hsianshun0514workout|tsenyu0515workout|yanz0510workout|yoru0511workout,ziho0512workout,yushuan0513workout,yushuan0513workout,one_arm_db_row,0,9.0,6.753616838267844,total_tut_sec,workload_dose,single-set TUT
M4_add_one__total_tut_sec,ridge,6,haoyu0512workout|hsianshun0514workout|tsenyu0515workout|yanz0510workout|yoru0511workout,ziho0512workout,yushuan0513workout,yushuan0513workout,one_arm_db_row,1,8.0,7.420307331822014,total_tut_sec,workload_dose,single-set TUT
M4_add_one__total_tut_sec,ridge,6,haoyu0512workout|hsianshun0514workout|tsenyu0515workout|yanz0510workout|yoru0511workout,ziho0512workout,yushuan0513workout,yushuan0513workout,one_arm_db_row,2,9.0,8.032791922035644,total_tut_sec,workload_dose,single-set TUT
M4_add_one__total_tut_sec,ridge,7,hsianshun0514workout|tsenyu0515workout|yanz0510workout|yoru0511workout|yushuan0513workout,haoyu0512workout,ziho0512workout,ziho0512workout,db_bench_press,1,8.0,6.194430721526917,total_tut_sec,workload_dose,single-set TUT
M4_add_one__total_tut_sec,ridge,7,hsianshun0514workout|tsenyu0515workout|yanz0510workout|yoru0511workout|yushuan0513workout,haoyu0512workout,ziho0512workout,ziho0512workout,db_bench_press,2,9.0,6.813054731786854,total_tut_sec,workload_dose,single-set TUT
M4_add_one__total_tut_sec,ridge,7,hsianshun0514workout|tsenyu0515workout|yanz0510workout|yoru0511workout|yushuan0513workout,haoyu0512workout,ziho0512workout,ziho0512workout,db_bench_press,3,10.0,7.473892258373332,total_tut_sec,workload_dose,single-set TUT
M4_add_one__total_tut_sec,ridge,7,hsianshun0514workout|tsenyu0515workout|yanz0510workout|yoru0511workout|yushuan0513workout,haoyu0512workout,ziho0512workout,ziho0512workout,db_biceps_curl,0,9.0,7.232449820698456,total_tut_sec,workload_dose,single-set TUT
M4_add_one__total_tut_sec,ridge,7,hsianshun0514workout|tsenyu0515workout|yanz0510workout|yoru0511workout|yushuan0513workout,haoyu0512workout,ziho0512workout,ziho0512workout,db_biceps_curl,1,9.0,7.92835812169124,total_tut_sec,workload_dose,single-set TUT
M4_add_one__total_tut_sec,ridge,7,hsianshun0514workout|tsenyu0515workout|yanz0510workout|yoru0511workout|yushuan0513workout,haoyu0512workout,ziho0512workout,ziho0512workout,db_biceps_curl,2,9.0,8.644647654028718,total_tut_sec,workload_dose,single-set TUT
M4_add_one__total_tut_sec,ridge,7,hsianshun0514workout|tsenyu0515workout|yanz0510workout|yoru0511workout|yushuan0513workout,haoyu0512workout,ziho0512workout,ziho0512workout,db_rdl,0,8.0,6.204956199010732,total_tut_sec,workload_dose,single-set TUT
M4_add_one__total_tut_sec,ridge,7,hsianshun0514workout|tsenyu0515workout|yanz0510workout|yoru0511workout|yushuan0513workout,haoyu0512workout,ziho0512workout,ziho0512workout,db_rdl,2,9.0,7.180146610705106,total_tut_sec,workload_dose,single-set TUT
M4_add_one__total_tut_sec,ridge,7,hsianshun0514workout|tsenyu0515workout|yanz0510workout|yoru0511workout|yushuan0513workout,haoyu0512workout,ziho0512workout,ziho0512workout,db_shoulder_press,0,10.0,7.184786194713124,total_tut_sec,workload_dose,single-set TUT
M4_add_one__total_tut_sec,ridge,7,hsianshun0514workout|tsenyu0515workout|yanz0510workout|yoru0511workout|yushuan0513workout,haoyu0512workout,ziho0512workout,ziho0512workout,db_shoulder_press,1,10.0,7.82521702103968,total_tut_sec,workload_dose,single-set TUT
M4_add_one__total_tut_sec,ridge,7,hsianshun0514workout|tsenyu0515workout|yanz0510workout|yoru0511workout|yushuan0513workout,haoyu0512workout,ziho0512workout,ziho0512workout,db_shoulder_press,2,10.0,8.413932109208021,total_tut_sec,workload_dose,single-set TUT
M4_add_one__total_tut_sec,ridge,7,hsianshun0514workout|tsenyu0515workout|yanz0510workout|yoru0511workout|yushuan0513workout,haoyu0512workout,ziho0512workout,ziho0512workout,db_squat,0,7.0,5.823970726804485,total_tut_sec,workload_dose,single-set TUT
M4_add_one__total_tut_sec,ridge,7,hsianshun0514workout|tsenyu0515workout|yanz0510workout|yoru0511workout|yushuan0513workout,haoyu0512workout,ziho0512workout,ziho0512workout,db_squat,1,8.0,6.472986580861646,total_tut_sec,workload_dose,single-set TUT
M4_add_one__total_tut_sec,ridge,7,hsianshun0514workout|tsenyu0515workout|yanz0510workout|yoru0511workout|yushuan0513workout,haoyu0512workout,ziho0512workout,ziho0512workout,db_squat,2,9.0,7.113410577280077,total_tut_sec,workload_dose,single-set TUT
M4_add_one__total_tut_sec,ridge,7,hsianshun0514workout|tsenyu0515workout|yanz0510workout|yoru0511workout|yushuan0513workout,haoyu0512workout,ziho0512workout,ziho0512workout,db_triceps_curl,0,8.0,6.060734675697955,total_tut_sec,workload_dose,single-set TUT
M4_add_one__total_tut_sec,ridge,7,hsianshun0514workout|tsenyu0515workout|yanz0510workout|yoru0511workout|yushuan0513workout,haoyu0512workout,ziho0512workout,ziho0512workout,db_triceps_curl,1,9.0,6.720796071308699,total_tut_sec,workload_dose,single-set TUT
M4_add_one__total_tut_sec,ridge,7,hsianshun0514workout|tsenyu0515workout|yanz0510workout|yoru0511workout|yushuan0513workout,haoyu0512workout,ziho0512workout,ziho0512workout,db_triceps_curl,2,9.0,7.413712689613003,total_tut_sec,workload_dose,single-set TUT
M4_add_one__total_tut_sec,ridge,7,hsianshun0514workout|tsenyu0515workout|yanz0510workout|yoru0511workout|yushuan0513workout,haoyu0512workout,ziho0512workout,ziho0512workout,db_weighted_crunch,0,6.0,5.829091477967099,total_tut_sec,workload_dose,single-set TUT
M4_add_one__total_tut_sec,ridge,7,hsianshun0514workout|tsenyu0515workout|yanz0510workout|yoru0511workout|yushuan0513workout,haoyu0512workout,ziho0512workout,ziho0512workout,db_weighted_crunch,1,8.0,6.556355065570384,total_tut_sec,workload_dose,single-set TUT
M4_add_one__total_tut_sec,ridge,7,hsianshun0514workout|tsenyu0515workout|yanz0510workout|yoru0511workout|yushuan0513workout,haoyu0512workout,ziho0512workout,ziho0512workout,db_weighted_crunch,2,9.0,7.272749135770915,total_tut_sec,workload_dose,single-set TUT
M4_add_one__total_tut_sec,ridge,7,hsianshun0514workout|tsenyu0515workout|yanz0510workout|yoru0511workout|yushuan0513workout,haoyu0512workout,ziho0512workout,ziho0512workout,one_arm_db_row,0,6.0,6.60847477373845,total_tut_sec,workload_dose,single-set TUT
M4_add_one__total_tut_sec,ridge,7,hsianshun0514workout|tsenyu0515workout|yanz0510workout|yoru0511workout|yushuan0513workout,haoyu0512workout,ziho0512workout,ziho0512workout,one_arm_db_row,1,8.0,7.255758230924212,total_tut_sec,workload_dose,single-set TUT
M4_add_one__total_tut_sec,ridge,7,hsianshun0514workout|tsenyu0515workout|yanz0510workout|yoru0511workout|yushuan0513workout,haoyu0512workout,ziho0512workout,ziho0512workout,one_arm_db_row,2,9.0,7.869330656879205,total_tut_sec,workload_dose,single-set TUT
M4_add_one__rep_duration_cv,ridge,1,tsenyu0515workout|yanz0510workout|yoru0511workout|yushuan0513workout|ziho0512workout,hsianshun0514workout,haoyu0512workout,haoyu0512workout,db_bench_press,0,8.0,3.1315978028491713,rep_duration_cv,lowdim_set_trend,IMU trend
M4_add_one__rep_duration_cv,ridge,1,tsenyu0515workout|yanz0510workout|yoru0511workout|yushuan0513workout|ziho0512workout,hsianshun0514workout,haoyu0512workout,haoyu0512workout,db_bench_press,1,9.0,7.361928003392165,rep_duration_cv,lowdim_set_trend,IMU trend
M4_add_one__rep_duration_cv,ridge,1,tsenyu0515workout|yanz0510workout|yoru0511workout|yushuan0513workout|ziho0512workout,hsianshun0514workout,haoyu0512workout,haoyu0512workout,db_bench_press,2,9.0,8.298489441379116,rep_duration_cv,lowdim_set_trend,IMU trend
M4_add_one__rep_duration_cv,ridge,1,tsenyu0515workout|yanz0510workout|yoru0511workout|yushuan0513workout|ziho0512workout,hsianshun0514workout,haoyu0512workout,haoyu0512workout,db_biceps_curl,0,9.0,7.107248065436274,rep_duration_cv,lowdim_set_trend,IMU trend
M4_add_one__rep_duration_cv,ridge,1,tsenyu0515workout|yanz0510workout|yoru0511workout|yushuan0513workout|ziho0512workout,hsianshun0514workout,haoyu0512workout,haoyu0512workout,db_biceps_curl,1,9.0,8.844879892735205,rep_duration_cv,lowdim_set_trend,IMU trend
M4_add_one__rep_duration_cv,ridge,1,tsenyu0515workout|yanz0510workout|yoru0511workout|yushuan0513workout|ziho0512workout,hsianshun0514workout,haoyu0512workout,haoyu0512workout,db_biceps_curl,3,9.0,10.41907709955963,rep_duration_cv,lowdim_set_trend,IMU trend
M4_add_one__rep_duration_cv,ridge,1,tsenyu0515workout|yanz0510workout|yoru0511workout|yushuan0513workout|ziho0512workout,hsianshun0514workout,haoyu0512workout,haoyu0512workout,db_rdl,0,9.0,6.643290520988704,rep_duration_cv,lowdim_set_trend,IMU trend
M4_add_one__rep_duration_cv,ridge,1,tsenyu0515workout|yanz0510workout|yoru0511workout|yushuan0513workout|ziho0512workout,hsianshun0514workout,haoyu0512workout,haoyu0512workout,db_rdl,1,9.0,7.599561038453834,rep_duration_cv,lowdim_set_trend,IMU trend
M4_add_one__rep_duration_cv,ridge,1,tsenyu0515workout|yanz0510workout|yoru0511workout|yushuan0513workout|ziho0512workout,hsianshun0514workout,haoyu0512workout,haoyu0512workout,db_rdl,2,9.0,8.37096976464728,rep_duration_cv,lowdim_set_trend,IMU trend
M4_add_one__rep_duration_cv,ridge,1,tsenyu0515workout|yanz0510workout|yoru0511workout|yushuan0513workout|ziho0512workout,hsianshun0514workout,haoyu0512workout,haoyu0512workout,db_shoulder_press,0,7.0,7.72008934415066,rep_duration_cv,lowdim_set_trend,IMU trend
M4_add_one__rep_duration_cv,ridge,1,tsenyu0515workout|yanz0510workout|yoru0511workout|yushuan0513workout|ziho0512workout,hsianshun0514workout,haoyu0512workout,haoyu0512workout,db_shoulder_press,1,9.0,8.72867298252027,rep_duration_cv,lowdim_set_trend,IMU trend
M4_add_one__rep_duration_cv,ridge,1,tsenyu0515workout|yanz0510workout|yoru0511workout|yushuan0513workout|ziho0512workout,hsianshun0514workout,haoyu0512workout,haoyu0512workout,db_shoulder_press,2,9.0,9.843682817418829,rep_duration_cv,lowdim_set_trend,IMU trend
M4_add_one__rep_duration_cv,ridge,1,tsenyu0515workout|yanz0510workout|yoru0511workout|yushuan0513workout|ziho0512workout,hsianshun0514workout,haoyu0512workout,haoyu0512workout,db_squat,0,6.0,5.956615271150925,rep_duration_cv,lowdim_set_trend,IMU trend
M4_add_one__rep_duration_cv,ridge,1,tsenyu0515workout|yanz0510workout|yoru0511workout|yushuan0513workout|ziho0512workout,hsianshun0514workout,haoyu0512workout,haoyu0512workout,db_squat,1,9.0,7.084759086775256,rep_duration_cv,lowdim_set_trend,IMU trend
M4_add_one__rep_duration_cv,ridge,1,tsenyu0515workout|yanz0510workout|yoru0511workout|yushuan0513workout|ziho0512workout,hsianshun0514workout,haoyu0512workout,haoyu0512workout,db_squat,2,8.0,7.815714780693197,rep_duration_cv,lowdim_set_trend,IMU trend
M4_add_one__rep_duration_cv,ridge,1,tsenyu0515workout|yanz0510workout|yoru0511workout|yushuan0513workout|ziho0512workout,hsianshun0514workout,haoyu0512workout,haoyu0512workout,db_triceps_curl,0,7.0,6.2103472303944764,rep_duration_cv,lowdim_set_trend,IMU trend
M4_add_one__rep_duration_cv,ridge,1,tsenyu0515workout|yanz0510workout|yoru0511workout|yushuan0513workout|ziho0512workout,hsianshun0514workout,haoyu0512workout,haoyu0512workout,db_triceps_curl,1,9.0,7.39393622082343,rep_duration_cv,lowdim_set_trend,IMU trend
M4_add_one__rep_duration_cv,ridge,1,tsenyu0515workout|yanz0510workout|yoru0511workout|yushuan0513workout|ziho0512workout,hsianshun0514workout,haoyu0512workout,haoyu0512workout,db_triceps_curl,2,9.0,8.22546800687113,rep_duration_cv,lowdim_set_trend,IMU trend
M4_add_one__rep_duration_cv,ridge,1,tsenyu0515workout|yanz0510workout|yoru0511workout|yushuan0513workout|ziho0512workout,hsianshun0514workout,haoyu0512workout,haoyu0512workout,db_weighted_crunch,0,6.0,5.439876580341293,rep_duration_cv,lowdim_set_trend,IMU trend
M4_add_one__rep_duration_cv,ridge,1,tsenyu0515workout|yanz0510workout|yoru0511workout|yushuan0513workout|ziho0512workout,hsianshun0514workout,haoyu0512workout,haoyu0512workout,db_weighted_crunch,1,7.0,6.519557403300793,rep_duration_cv,lowdim_set_trend,IMU trend
M4_add_one__rep_duration_cv,ridge,1,tsenyu0515workout|yanz0510workout|yoru0511workout|yushuan0513workout|ziho0512workout,hsianshun0514workout,haoyu0512workout,haoyu0512workout,db_weighted_crunch,2,9.0,7.193390097005139,rep_duration_cv,lowdim_set_trend,IMU trend
M4_add_one__rep_duration_cv,ridge,1,tsenyu0515workout|yanz0510workout|yoru0511workout|yushuan0513workout|ziho0512workout,hsianshun0514workout,haoyu0512workout,haoyu0512workout,one_arm_db_row,0,9.0,6.637187122978447,rep_duration_cv,lowdim_set_trend,IMU trend
M4_add_one__rep_duration_cv,ridge,1,tsenyu0515workout|yanz0510workout|yoru0511workout|yushuan0513workout|ziho0512workout,hsianshun0514workout,haoyu0512workout,haoyu0512workout,one_arm_db_row,1,9.0,7.695421930490575,rep_duration_cv,lowdim_set_trend,IMU trend
M4_add_one__rep_duration_cv,ridge,1,tsenyu0515workout|yanz0510workout|yoru0511workout|yushuan0513workout|ziho0512workout,hsianshun0514workout,haoyu0512workout,haoyu0512workout,one_arm_db_row,2,9.0,8.616047280227537,rep_duration_cv,lowdim_set_trend,IMU trend
M4_add_one__rep_duration_cv,ridge,2,haoyu0512workout|yanz0510workout|yoru0511workout|yushuan0513workout|ziho0512workout,tsenyu0515workout,hsianshun0514workout,hsianshun0514workout,db_bench_press,0,4.0,7.354938521169226,rep_duration_cv,lowdim_set_trend,IMU trend
M4_add_one__rep_duration_cv,ridge,2,haoyu0512workout|yanz0510workout|yoru0511workout|yushuan0513workout|ziho0512workout,tsenyu0515workout,hsianshun0514workout,hsianshun0514workout,db_bench_press,1,6.0,8.009427097429997,rep_duration_cv,lowdim_set_trend,IMU trend
M4_add_one__rep_duration_cv,ridge,2,haoyu0512workout|yanz0510workout|yoru0511workout|yushuan0513workout|ziho0512workout,tsenyu0515workout,hsianshun0514workout,hsianshun0514workout,db_bench_press,2,7.0,8.755841597440273,rep_duration_cv,lowdim_set_trend,IMU trend
M4_add_one__rep_duration_cv,ridge,2,haoyu0512workout|yanz0510workout|yoru0511workout|yushuan0513workout|ziho0512workout,tsenyu0515workout,hsianshun0514workout,hsianshun0514workout,db_biceps_curl,0,9.0,7.45222320507272,rep_duration_cv,lowdim_set_trend,IMU trend
M4_add_one__rep_duration_cv,ridge,2,haoyu0512workout|yanz0510workout|yoru0511workout|yushuan0513workout|ziho0512workout,tsenyu0515workout,hsianshun0514workout,hsianshun0514workout,db_biceps_curl,1,10.0,8.04378256168969,rep_duration_cv,lowdim_set_trend,IMU trend
M4_add_one__rep_duration_cv,ridge,2,haoyu0512workout|yanz0510workout|yoru0511workout|yushuan0513workout|ziho0512workout,tsenyu0515workout,hsianshun0514workout,hsianshun0514workout,db_biceps_curl,2,10.0,8.51110377391981,rep_duration_cv,lowdim_set_trend,IMU trend
M4_add_one__rep_duration_cv,ridge,2,haoyu0512workout|yanz0510workout|yoru0511workout|yushuan0513workout|ziho0512workout,tsenyu0515workout,hsianshun0514workout,hsianshun0514workout,db_rdl,0,4.0,7.094839067175922,rep_duration_cv,lowdim_set_trend,IMU trend
M4_add_one__rep_duration_cv,ridge,2,haoyu0512workout|yanz0510workout|yoru0511workout|yushuan0513workout|ziho0512workout,tsenyu0515workout,hsianshun0514workout,hsianshun0514workout,db_rdl,1,6.0,7.677240894145582,rep_duration_cv,lowdim_set_trend,IMU trend
M4_add_one__rep_duration_cv,ridge,2,haoyu0512workout|yanz0510workout|yoru0511workout|yushuan0513workout|ziho0512workout,tsenyu0515workout,hsianshun0514workout,hsianshun0514workout,db_rdl,2,8.0,8.269211426884844,rep_duration_cv,lowdim_set_trend,IMU trend
M4_add_one__rep_duration_cv,ridge,2,haoyu0512workout|yanz0510workout|yoru0511workout|yushuan0513workout|ziho0512workout,tsenyu0515workout,hsianshun0514workout,hsianshun0514workout,db_shoulder_press,1,9.0,8.006111450228156,rep_duration_cv,lowdim_set_trend,IMU trend
M4_add_one__rep_duration_cv,ridge,2,haoyu0512workout|yanz0510workout|yoru0511workout|yushuan0513workout|ziho0512workout,tsenyu0515workout,hsianshun0514workout,hsianshun0514workout,db_shoulder_press,2,10.0,8.472526306073917,rep_duration_cv,lowdim_set_trend,IMU trend
M4_add_one__rep_duration_cv,ridge,2,haoyu0512workout|yanz0510workout|yoru0511workout|yushuan0513workout|ziho0512workout,tsenyu0515workout,hsianshun0514workout,hsianshun0514workout,db_shoulder_press,3,10.0,8.71682259071504,rep_duration_cv,lowdim_set_trend,IMU trend
M4_add_one__rep_duration_cv,ridge,2,haoyu0512workout|yanz0510workout|yoru0511workout|yushuan0513workout|ziho0512workout,tsenyu0515workout,hsianshun0514workout,hsianshun0514workout,db_squat,0,4.0,6.868380808278466,rep_duration_cv,lowdim_set_trend,IMU trend
M4_add_one__rep_duration_cv,ridge,2,haoyu0512workout|yanz0510workout|yoru0511workout|yushuan0513workout|ziho0512workout,tsenyu0515workout,hsianshun0514workout,hsianshun0514workout,db_squat,1,6.0,7.32970187511215,rep_duration_cv,lowdim_set_trend,IMU trend
M4_add_one__rep_duration_cv,ridge,2,haoyu0512workout|yanz0510workout|yoru0511workout|yushuan0513workout|ziho0512workout,tsenyu0515workout,hsianshun0514workout,hsianshun0514workout,db_squat,2,7.0,7.698560910422497,rep_duration_cv,lowdim_set_trend,IMU trend
M4_add_one__rep_duration_cv,ridge,2,haoyu0512workout|yanz0510workout|yoru0511workout|yushuan0513workout|ziho0512workout,tsenyu0515workout,hsianshun0514workout,hsianshun0514workout,db_triceps_curl,0,4.0,6.663596252513356,rep_duration_cv,lowdim_set_trend,IMU trend
M4_add_one__rep_duration_cv,ridge,2,haoyu0512workout|yanz0510workout|yoru0511workout|yushuan0513workout|ziho0512workout,tsenyu0515workout,hsianshun0514workout,hsianshun0514workout,db_triceps_curl,1,7.0,7.6711022596523,rep_duration_cv,lowdim_set_trend,IMU trend
M4_add_one__rep_duration_cv,ridge,2,haoyu0512workout|yanz0510workout|yoru0511workout|yushuan0513workout|ziho0512workout,tsenyu0515workout,hsianshun0514workout,hsianshun0514workout,db_triceps_curl,2,8.0,8.093481902708971,rep_duration_cv,lowdim_set_trend,IMU trend
M4_add_one__rep_duration_cv,ridge,2,haoyu0512workout|yanz0510workout|yoru0511workout|yushuan0513workout|ziho0512workout,tsenyu0515workout,hsianshun0514workout,hsianshun0514workout,db_weighted_crunch,0,5.0,6.744743501837581,rep_duration_cv,lowdim_set_trend,IMU trend
M4_add_one__rep_duration_cv,ridge,2,haoyu0512workout|yanz0510workout|yoru0511workout|yushuan0513workout|ziho0512workout,tsenyu0515workout,hsianshun0514workout,hsianshun0514workout,db_weighted_crunch,2,7.0,7.445749578062861,rep_duration_cv,lowdim_set_trend,IMU trend
M4_add_one__rep_duration_cv,ridge,2,haoyu0512workout|yanz0510workout|yoru0511workout|yushuan0513workout|ziho0512workout,tsenyu0515workout,hsianshun0514workout,hsianshun0514workout,db_weighted_crunch,3,7.0,8.141450008788205,rep_duration_cv,lowdim_set_trend,IMU trend
M4_add_one__rep_duration_cv,ridge,2,haoyu0512workout|yanz0510workout|yoru0511workout|yushuan0513workout|ziho0512workout,tsenyu0515workout,hsianshun0514workout,hsianshun0514workout,one_arm_db_row,1,7.0,7.383587151209825,rep_duration_cv,lowdim_set_trend,IMU trend
M4_add_one__rep_duration_cv,ridge,2,haoyu0512workout|yanz0510workout|yoru0511workout|yushuan0513workout|ziho0512workout,tsenyu0515workout,hsianshun0514workout,hsianshun0514workout,one_arm_db_row,2,8.0,7.919544755958186,rep_duration_cv,lowdim_set_trend,IMU trend
M4_add_one__rep_duration_cv,ridge,3,haoyu0512workout|hsianshun0514workout|yoru0511workout|yushuan0513workout|ziho0512workout,yanz0510workout,tsenyu0515workout,tsenyu0515workout,db_bench_press,0,3.0,6.763736336073692,rep_duration_cv,lowdim_set_trend,IMU trend
M4_add_one__rep_duration_cv,ridge,3,haoyu0512workout|hsianshun0514workout|yoru0511workout|yushuan0513workout|ziho0512workout,yanz0510workout,tsenyu0515workout,tsenyu0515workout,db_bench_press,1,6.0,7.880203585404403,rep_duration_cv,lowdim_set_trend,IMU trend
M4_add_one__rep_duration_cv,ridge,3,haoyu0512workout|hsianshun0514workout|yoru0511workout|yushuan0513workout|ziho0512workout,yanz0510workout,tsenyu0515workout,tsenyu0515workout,db_bench_press,2,8.0,8.93328542593935,rep_duration_cv,lowdim_set_trend,IMU trend
M4_add_one__rep_duration_cv,ridge,3,haoyu0512workout|hsianshun0514workout|yoru0511workout|yushuan0513workout|ziho0512workout,yanz0510workout,tsenyu0515workout,tsenyu0515workout,db_biceps_curl,0,6.0,8.560335514562812,rep_duration_cv,lowdim_set_trend,IMU trend
M4_add_one__rep_duration_cv,ridge,3,haoyu0512workout|hsianshun0514workout|yoru0511workout|yushuan0513workout|ziho0512workout,yanz0510workout,tsenyu0515workout,tsenyu0515workout,db_biceps_curl,1,9.0,9.427976146709115,rep_duration_cv,lowdim_set_trend,IMU trend
M4_add_one__rep_duration_cv,ridge,3,haoyu0512workout|hsianshun0514workout|yoru0511workout|yushuan0513workout|ziho0512workout,yanz0510workout,tsenyu0515workout,tsenyu0515workout,db_biceps_curl,2,9.0,10.741387007681316,rep_duration_cv,lowdim_set_trend,IMU trend
M4_add_one__rep_duration_cv,ridge,3,haoyu0512workout|hsianshun0514workout|yoru0511workout|yushuan0513workout|ziho0512workout,yanz0510workout,tsenyu0515workout,tsenyu0515workout,db_rdl,0,6.0,7.031656895671995,rep_duration_cv,lowdim_set_trend,IMU trend
M4_add_one__rep_duration_cv,ridge,3,haoyu0512workout|hsianshun0514workout|yoru0511workout|yushuan0513workout|ziho0512workout,yanz0510workout,tsenyu0515workout,tsenyu0515workout,db_rdl,1,10.0,8.755463489401274,rep_duration_cv,lowdim_set_trend,IMU trend
M4_add_one__rep_duration_cv,ridge,3,haoyu0512workout|hsianshun0514workout|yoru0511workout|yushuan0513workout|ziho0512workout,yanz0510workout,tsenyu0515workout,tsenyu0515workout,db_rdl,2,6.0,9.571537953930846,rep_duration_cv,lowdim_set_trend,IMU trend
M4_add_one__rep_duration_cv,ridge,3,haoyu0512workout|hsianshun0514workout|yoru0511workout|yushuan0513workout|ziho0512workout,yanz0510workout,tsenyu0515workout,tsenyu0515workout,db_shoulder_press,0,5.0,8.459226907553443,rep_duration_cv,lowdim_set_trend,IMU trend
M4_add_one__rep_duration_cv,ridge,3,haoyu0512workout|hsianshun0514workout|yoru0511workout|yushuan0513workout|ziho0512workout,yanz0510workout,tsenyu0515workout,tsenyu0515workout,db_shoulder_press,1,8.0,9.571452740913504,rep_duration_cv,lowdim_set_trend,IMU trend
M4_add_one__rep_duration_cv,ridge,3,haoyu0512workout|hsianshun0514workout|yoru0511workout|yushuan0513workout|ziho0512workout,yanz0510workout,tsenyu0515workout,tsenyu0515workout,db_shoulder_press,2,9.0,10.741009882579164,rep_duration_cv,lowdim_set_trend,IMU trend
M4_add_one__rep_duration_cv,ridge,3,haoyu0512workout|hsianshun0514workout|yoru0511workout|yushuan0513workout|ziho0512workout,yanz0510workout,tsenyu0515workout,tsenyu0515workout,db_squat,1,4.0,6.2166863027275605,rep_duration_cv,lowdim_set_trend,IMU trend
M4_add_one__rep_duration_cv,ridge,3,haoyu0512workout|hsianshun0514workout|yoru0511workout|yushuan0513workout|ziho0512workout,yanz0510workout,tsenyu0515workout,tsenyu0515workout,db_squat,2,6.0,7.4459715507416355,rep_duration_cv,lowdim_set_trend,IMU trend
M4_add_one__rep_duration_cv,ridge,3,haoyu0512workout|hsianshun0514workout|yoru0511workout|yushuan0513workout|ziho0512workout,yanz0510workout,tsenyu0515workout,tsenyu0515workout,db_squat,3,5.0,8.291369643455084,rep_duration_cv,lowdim_set_trend,IMU trend
M4_add_one__rep_duration_cv,ridge,3,haoyu0512workout|hsianshun0514workout|yoru0511workout|yushuan0513workout|ziho0512workout,yanz0510workout,tsenyu0515workout,tsenyu0515workout,db_triceps_curl,0,4.0,6.7054434124410935,rep_duration_cv,lowdim_set_trend,IMU trend
M4_add_one__rep_duration_cv,ridge,3,haoyu0512workout|hsianshun0514workout|yoru0511workout|yushuan0513workout|ziho0512workout,yanz0510workout,tsenyu0515workout,tsenyu0515workout,db_triceps_curl,1,6.0,7.654346149933553,rep_duration_cv,lowdim_set_trend,IMU trend
M4_add_one__rep_duration_cv,ridge,3,haoyu0512workout|hsianshun0514workout|yoru0511workout|yushuan0513workout|ziho0512workout,yanz0510workout,tsenyu0515workout,tsenyu0515workout,db_triceps_curl,2,7.0,8.689171083906585,rep_duration_cv,lowdim_set_trend,IMU trend
M4_add_one__rep_duration_cv,ridge,3,haoyu0512workout|hsianshun0514workout|yoru0511workout|yushuan0513workout|ziho0512workout,yanz0510workout,tsenyu0515workout,tsenyu0515workout,db_weighted_crunch,0,3.0,5.977894893639977,rep_duration_cv,lowdim_set_trend,IMU trend
M4_add_one__rep_duration_cv,ridge,3,haoyu0512workout|hsianshun0514workout|yoru0511workout|yushuan0513workout|ziho0512workout,yanz0510workout,tsenyu0515workout,tsenyu0515workout,db_weighted_crunch,1,5.0,6.8891276846831,rep_duration_cv,lowdim_set_trend,IMU trend
M4_add_one__rep_duration_cv,ridge,3,haoyu0512workout|hsianshun0514workout|yoru0511workout|yushuan0513workout|ziho0512workout,yanz0510workout,tsenyu0515workout,tsenyu0515workout,db_weighted_crunch,2,7.0,7.783101909303793,rep_duration_cv,lowdim_set_trend,IMU trend
M4_add_one__rep_duration_cv,ridge,3,haoyu0512workout|hsianshun0514workout|yoru0511workout|yushuan0513workout|ziho0512workout,yanz0510workout,tsenyu0515workout,tsenyu0515workout,one_arm_db_row,0,5.0,7.334514565810593,rep_duration_cv,lowdim_set_trend,IMU trend
M4_add_one__rep_duration_cv,ridge,3,haoyu0512workout|hsianshun0514workout|yoru0511workout|yushuan0513workout|ziho0512workout,yanz0510workout,tsenyu0515workout,tsenyu0515workout,one_arm_db_row,1,8.0,8.40785875571532,rep_duration_cv,lowdim_set_trend,IMU trend
M4_add_one__rep_duration_cv,ridge,3,haoyu0512workout|hsianshun0514workout|yoru0511workout|yushuan0513workout|ziho0512workout,yanz0510workout,tsenyu0515workout,tsenyu0515workout,one_arm_db_row,2,9.0,9.472153453798434,rep_duration_cv,lowdim_set_trend,IMU trend
M4_add_one__rep_duration_cv,ridge,4,haoyu0512workout|hsianshun0514workout|tsenyu0515workout|yushuan0513workout|ziho0512workout,yoru0511workout,yanz0510workout,yanz0510workout,db_bench_press,2,5.0,7.666777871270273,rep_duration_cv,lowdim_set_trend,IMU trend
M4_add_one__rep_duration_cv,ridge,4,haoyu0512workout|hsianshun0514workout|tsenyu0515workout|yushuan0513workout|ziho0512workout,yoru0511workout,yanz0510workout,yanz0510workout,db_bench_press,3,7.0,8.241389345476541,rep_duration_cv,lowdim_set_trend,IMU trend
M4_add_one__rep_duration_cv,ridge,4,haoyu0512workout|hsianshun0514workout|tsenyu0515workout|yushuan0513workout|ziho0512workout,yoru0511workout,yanz0510workout,yanz0510workout,db_bench_press,4,8.0,8.905467680898427,rep_duration_cv,lowdim_set_trend,IMU trend
M4_add_one__rep_duration_cv,ridge,4,haoyu0512workout|hsianshun0514workout|tsenyu0515workout|yushuan0513workout|ziho0512workout,yoru0511workout,yanz0510workout,yanz0510workout,db_biceps_curl,0,7.0,7.683836403459763,rep_duration_cv,lowdim_set_trend,IMU trend
M4_add_one__rep_duration_cv,ridge,4,haoyu0512workout|hsianshun0514workout|tsenyu0515workout|yushuan0513workout|ziho0512workout,yoru0511workout,yanz0510workout,yanz0510workout,db_biceps_curl,1,9.0,8.161905944297814,rep_duration_cv,lowdim_set_trend,IMU trend
M4_add_one__rep_duration_cv,ridge,4,haoyu0512workout|hsianshun0514workout|tsenyu0515workout|yushuan0513workout|ziho0512workout,yoru0511workout,yanz0510workout,yanz0510workout,db_biceps_curl,2,10.0,8.724959029504634,rep_duration_cv,lowdim_set_trend,IMU trend
M4_add_one__rep_duration_cv,ridge,4,haoyu0512workout|hsianshun0514workout|tsenyu0515workout|yushuan0513workout|ziho0512workout,yoru0511workout,yanz0510workout,yanz0510workout,db_rdl,0,5.0,6.925739946685735,rep_duration_cv,lowdim_set_trend,IMU trend
M4_add_one__rep_duration_cv,ridge,4,haoyu0512workout|hsianshun0514workout|tsenyu0515workout|yushuan0513workout|ziho0512workout,yoru0511workout,yanz0510workout,yanz0510workout,db_rdl,1,8.0,7.557880027200421,rep_duration_cv,lowdim_set_trend,IMU trend
M4_add_one__rep_duration_cv,ridge,4,haoyu0512workout|hsianshun0514workout|tsenyu0515workout|yushuan0513workout|ziho0512workout,yoru0511workout,yanz0510workout,yanz0510workout,db_rdl,2,9.0,8.16564587016261,rep_duration_cv,lowdim_set_trend,IMU trend
M4_add_one__rep_duration_cv,ridge,4,haoyu0512workout|hsianshun0514workout|tsenyu0515workout|yushuan0513workout|ziho0512workout,yoru0511workout,yanz0510workout,yanz0510workout,db_shoulder_press,1,7.0,7.973775031203561,rep_duration_cv,lowdim_set_trend,IMU trend
M4_add_one__rep_duration_cv,ridge,4,haoyu0512workout|hsianshun0514workout|tsenyu0515workout|yushuan0513workout|ziho0512workout,yoru0511workout,yanz0510workout,yanz0510workout,db_shoulder_press,2,10.0,8.450317148554568,rep_duration_cv,lowdim_set_trend,IMU trend
M4_add_one__rep_duration_cv,ridge,4,haoyu0512workout|hsianshun0514workout|tsenyu0515workout|yushuan0513workout|ziho0512workout,yoru0511workout,yanz0510workout,yanz0510workout,db_shoulder_press,3,10.0,8.910235380106945,rep_duration_cv,lowdim_set_trend,IMU trend
M4_add_one__rep_duration_cv,ridge,4,haoyu0512workout|hsianshun0514workout|tsenyu0515workout|yushuan0513workout|ziho0512workout,yoru0511workout,yanz0510workout,yanz0510workout,db_squat,0,7.0,6.5417119103643655,rep_duration_cv,lowdim_set_trend,IMU trend
M4_add_one__rep_duration_cv,ridge,4,haoyu0512workout|hsianshun0514workout|tsenyu0515workout|yushuan0513workout|ziho0512workout,yoru0511workout,yanz0510workout,yanz0510workout,db_squat,1,8.0,6.921027767356643,rep_duration_cv,lowdim_set_trend,IMU trend
M4_add_one__rep_duration_cv,ridge,4,haoyu0512workout|hsianshun0514workout|tsenyu0515workout|yushuan0513workout|ziho0512workout,yoru0511workout,yanz0510workout,yanz0510workout,db_squat,2,9.0,7.490811230785825,rep_duration_cv,lowdim_set_trend,IMU trend
M4_add_one__rep_duration_cv,ridge,4,haoyu0512workout|hsianshun0514workout|tsenyu0515workout|yushuan0513workout|ziho0512workout,yoru0511workout,yanz0510workout,yanz0510workout,db_triceps_curl,0,7.0,6.760247791897375,rep_duration_cv,lowdim_set_trend,IMU trend
M4_add_one__rep_duration_cv,ridge,4,haoyu0512workout|hsianshun0514workout|tsenyu0515workout|yushuan0513workout|ziho0512workout,yoru0511workout,yanz0510workout,yanz0510workout,db_triceps_curl,2,8.0,7.6864448765610085,rep_duration_cv,lowdim_set_trend,IMU trend
M4_add_one__rep_duration_cv,ridge,4,haoyu0512workout|hsianshun0514workout|tsenyu0515workout|yushuan0513workout|ziho0512workout,yoru0511workout,yanz0510workout,yanz0510workout,db_triceps_curl,4,9.0,8.5640451637971,rep_duration_cv,lowdim_set_trend,IMU trend
M4_add_one__rep_duration_cv,ridge,4,haoyu0512workout|hsianshun0514workout|tsenyu0515workout|yushuan0513workout|ziho0512workout,yoru0511workout,yanz0510workout,yanz0510workout,db_weighted_crunch,0,6.0,6.353352994296196,rep_duration_cv,lowdim_set_trend,IMU trend
M4_add_one__rep_duration_cv,ridge,4,haoyu0512workout|hsianshun0514workout|tsenyu0515workout|yushuan0513workout|ziho0512workout,yoru0511workout,yanz0510workout,yanz0510workout,db_weighted_crunch,2,7.0,7.276962252130394,rep_duration_cv,lowdim_set_trend,IMU trend
M4_add_one__rep_duration_cv,ridge,4,haoyu0512workout|hsianshun0514workout|tsenyu0515workout|yushuan0513workout|ziho0512workout,yoru0511workout,yanz0510workout,yanz0510workout,db_weighted_crunch,3,8.0,7.826948927682926,rep_duration_cv,lowdim_set_trend,IMU trend
M4_add_one__rep_duration_cv,ridge,4,haoyu0512workout|hsianshun0514workout|tsenyu0515workout|yushuan0513workout|ziho0512workout,yoru0511workout,yanz0510workout,yanz0510workout,one_arm_db_row,0,6.0,7.200925955990295,rep_duration_cv,lowdim_set_trend,IMU trend
M4_add_one__rep_duration_cv,ridge,4,haoyu0512workout|hsianshun0514workout|tsenyu0515workout|yushuan0513workout|ziho0512workout,yoru0511workout,yanz0510workout,yanz0510workout,one_arm_db_row,1,7.0,7.759300162921348,rep_duration_cv,lowdim_set_trend,IMU trend
M4_add_one__rep_duration_cv,ridge,4,haoyu0512workout|hsianshun0514workout|tsenyu0515workout|yushuan0513workout|ziho0512workout,yoru0511workout,yanz0510workout,yanz0510workout,one_arm_db_row,2,9.0,8.304273616646102,rep_duration_cv,lowdim_set_trend,IMU trend
M4_add_one__rep_duration_cv,ridge,5,haoyu0512workout|hsianshun0514workout|tsenyu0515workout|yanz0510workout|ziho0512workout,yushuan0513workout,yoru0511workout,yoru0511workout,db_bench_press,0,3.0,5.714623394449301,rep_duration_cv,lowdim_set_trend,IMU trend
M4_add_one__rep_duration_cv,ridge,5,haoyu0512workout|hsianshun0514workout|tsenyu0515workout|yanz0510workout|ziho0512workout,yushuan0513workout,yoru0511workout,yoru0511workout,db_bench_press,4,5.0,8.812733013157539,rep_duration_cv,lowdim_set_trend,IMU trend
M4_add_one__rep_duration_cv,ridge,5,haoyu0512workout|hsianshun0514workout|tsenyu0515workout|yanz0510workout|ziho0512workout,yushuan0513workout,yoru0511workout,yoru0511workout,db_bench_press,5,7.0,9.626937116893206,rep_duration_cv,lowdim_set_trend,IMU trend
M4_add_one__rep_duration_cv,ridge,5,haoyu0512workout|hsianshun0514workout|tsenyu0515workout|yanz0510workout|ziho0512workout,yushuan0513workout,yoru0511workout,yoru0511workout,db_biceps_curl,0,6.0,7.909629191475266,rep_duration_cv,lowdim_set_trend,IMU trend
M4_add_one__rep_duration_cv,ridge,5,haoyu0512workout|hsianshun0514workout|tsenyu0515workout|yanz0510workout|ziho0512workout,yushuan0513workout,yoru0511workout,yoru0511workout,db_biceps_curl,1,8.0,8.783656309163439,rep_duration_cv,lowdim_set_trend,IMU trend
M4_add_one__rep_duration_cv,ridge,5,haoyu0512workout|hsianshun0514workout|tsenyu0515workout|yanz0510workout|ziho0512workout,yushuan0513workout,yoru0511workout,yoru0511workout,db_biceps_curl,2,9.0,9.732725211570346,rep_duration_cv,lowdim_set_trend,IMU trend
M4_add_one__rep_duration_cv,ridge,5,haoyu0512workout|hsianshun0514workout|tsenyu0515workout|yanz0510workout|ziho0512workout,yushuan0513workout,yoru0511workout,yoru0511workout,db_rdl,0,6.0,6.822719236791277,rep_duration_cv,lowdim_set_trend,IMU trend
M4_add_one__rep_duration_cv,ridge,5,haoyu0512workout|hsianshun0514workout|tsenyu0515workout|yanz0510workout|ziho0512workout,yushuan0513workout,yoru0511workout,yoru0511workout,db_rdl,1,6.0,7.707126838385965,rep_duration_cv,lowdim_set_trend,IMU trend
M4_add_one__rep_duration_cv,ridge,5,haoyu0512workout|hsianshun0514workout|tsenyu0515workout|yanz0510workout|ziho0512workout,yushuan0513workout,yoru0511workout,yoru0511workout,db_rdl,2,7.0,8.602206233249277,rep_duration_cv,lowdim_set_trend,IMU trend
M4_add_one__rep_duration_cv,ridge,5,haoyu0512workout|hsianshun0514workout|tsenyu0515workout|yanz0510workout|ziho0512workout,yushuan0513workout,yoru0511workout,yoru0511workout,db_shoulder_press,0,7.0,7.830451633581163,rep_duration_cv,lowdim_set_trend,IMU trend
M4_add_one__rep_duration_cv,ridge,5,haoyu0512workout|hsianshun0514workout|tsenyu0515workout|yanz0510workout|ziho0512workout,yushuan0513workout,yoru0511workout,yoru0511workout,db_shoulder_press,1,8.0,8.627028015647863,rep_duration_cv,lowdim_set_trend,IMU trend
M4_add_one__rep_duration_cv,ridge,5,haoyu0512workout|hsianshun0514workout|tsenyu0515workout|yanz0510workout|ziho0512workout,yushuan0513workout,yoru0511workout,yoru0511workout,db_shoulder_press,2,9.0,9.470276723100968,rep_duration_cv,lowdim_set_trend,IMU trend
M4_add_one__rep_duration_cv,ridge,5,haoyu0512workout|hsianshun0514workout|tsenyu0515workout|yanz0510workout|ziho0512workout,yushuan0513workout,yoru0511workout,yoru0511workout,db_squat,0,4.0,6.009775981512323,rep_duration_cv,lowdim_set_trend,IMU trend
M4_add_one__rep_duration_cv,ridge,5,haoyu0512workout|hsianshun0514workout|tsenyu0515workout|yanz0510workout|ziho0512workout,yushuan0513workout,yoru0511workout,yoru0511workout,db_squat,1,5.0,6.939326214187652,rep_duration_cv,lowdim_set_trend,IMU trend
M4_add_one__rep_duration_cv,ridge,5,haoyu0512workout|hsianshun0514workout|tsenyu0515workout|yanz0510workout|ziho0512workout,yushuan0513workout,yoru0511workout,yoru0511workout,db_squat,2,6.0,7.837830494800709,rep_duration_cv,lowdim_set_trend,IMU trend
M4_add_one__rep_duration_cv,ridge,5,haoyu0512workout|hsianshun0514workout|tsenyu0515workout|yanz0510workout|ziho0512workout,yushuan0513workout,yoru0511workout,yoru0511workout,db_triceps_curl,0,5.0,6.540834910614784,rep_duration_cv,lowdim_set_trend,IMU trend
M4_add_one__rep_duration_cv,ridge,5,haoyu0512workout|hsianshun0514workout|tsenyu0515workout|yanz0510workout|ziho0512workout,yushuan0513workout,yoru0511workout,yoru0511workout,db_triceps_curl,1,5.0,7.490572413475537,rep_duration_cv,lowdim_set_trend,IMU trend
M4_add_one__rep_duration_cv,ridge,5,haoyu0512workout|hsianshun0514workout|tsenyu0515workout|yanz0510workout|ziho0512workout,yushuan0513workout,yoru0511workout,yoru0511workout,db_triceps_curl,2,6.0,8.35001851460868,rep_duration_cv,lowdim_set_trend,IMU trend
M4_add_one__rep_duration_cv,ridge,5,haoyu0512workout|hsianshun0514workout|tsenyu0515workout|yanz0510workout|ziho0512workout,yushuan0513workout,yoru0511workout,yoru0511workout,db_weighted_crunch,0,6.0,5.689938276424922,rep_duration_cv,lowdim_set_trend,IMU trend
M4_add_one__rep_duration_cv,ridge,5,haoyu0512workout|hsianshun0514workout|tsenyu0515workout|yanz0510workout|ziho0512workout,yushuan0513workout,yoru0511workout,yoru0511workout,db_weighted_crunch,1,7.0,6.59570529719045,rep_duration_cv,lowdim_set_trend,IMU trend
M4_add_one__rep_duration_cv,ridge,5,haoyu0512workout|hsianshun0514workout|tsenyu0515workout|yanz0510workout|ziho0512workout,yushuan0513workout,yoru0511workout,yoru0511workout,db_weighted_crunch,2,7.0,7.5043886852597925,rep_duration_cv,lowdim_set_trend,IMU trend
M4_add_one__rep_duration_cv,ridge,5,haoyu0512workout|hsianshun0514workout|tsenyu0515workout|yanz0510workout|ziho0512workout,yushuan0513workout,yoru0511workout,yoru0511workout,one_arm_db_row,0,5.0,7.114755674081275,rep_duration_cv,lowdim_set_trend,IMU trend
M4_add_one__rep_duration_cv,ridge,5,haoyu0512workout|hsianshun0514workout|tsenyu0515workout|yanz0510workout|ziho0512workout,yushuan0513workout,yoru0511workout,yoru0511workout,one_arm_db_row,2,7.0,8.571728577022478,rep_duration_cv,lowdim_set_trend,IMU trend
M4_add_one__rep_duration_cv,ridge,5,haoyu0512workout|hsianshun0514workout|tsenyu0515workout|yanz0510workout|ziho0512workout,yushuan0513workout,yoru0511workout,yoru0511workout,one_arm_db_row,3,8.0,9.368898094702729,rep_duration_cv,lowdim_set_trend,IMU trend
M4_add_one__rep_duration_cv,ridge,6,haoyu0512workout|hsianshun0514workout|tsenyu0515workout|yanz0510workout|yoru0511workout,ziho0512workout,yushuan0513workout,yushuan0513workout,db_bench_press,0,9.0,5.882867771815241,rep_duration_cv,lowdim_set_trend,IMU trend
M4_add_one__rep_duration_cv,ridge,6,haoyu0512workout|hsianshun0514workout|tsenyu0515workout|yanz0510workout|yoru0511workout,ziho0512workout,yushuan0513workout,yushuan0513workout,db_bench_press,1,10.0,6.5678421752752945,rep_duration_cv,lowdim_set_trend,IMU trend
M4_add_one__rep_duration_cv,ridge,6,haoyu0512workout|hsianshun0514workout|tsenyu0515workout|yanz0510workout|yoru0511workout,ziho0512workout,yushuan0513workout,yushuan0513workout,db_bench_press,3,10.0,7.357272982568613,rep_duration_cv,lowdim_set_trend,IMU trend
M4_add_one__rep_duration_cv,ridge,6,haoyu0512workout|hsianshun0514workout|tsenyu0515workout|yanz0510workout|yoru0511workout,ziho0512workout,yushuan0513workout,yushuan0513workout,db_biceps_curl,0,7.0,7.272784201862889,rep_duration_cv,lowdim_set_trend,IMU trend
M4_add_one__rep_duration_cv,ridge,6,haoyu0512workout|hsianshun0514workout|tsenyu0515workout|yanz0510workout|yoru0511workout,ziho0512workout,yushuan0513workout,yushuan0513workout,db_biceps_curl,1,9.0,7.839281214433302,rep_duration_cv,lowdim_set_trend,IMU trend
M4_add_one__rep_duration_cv,ridge,6,haoyu0512workout|hsianshun0514workout|tsenyu0515workout|yanz0510workout|yoru0511workout,ziho0512workout,yushuan0513workout,yushuan0513workout,db_biceps_curl,2,10.0,8.429395165841518,rep_duration_cv,lowdim_set_trend,IMU trend
M4_add_one__rep_duration_cv,ridge,6,haoyu0512workout|hsianshun0514workout|tsenyu0515workout|yanz0510workout|yoru0511workout,ziho0512workout,yushuan0513workout,yushuan0513workout,db_rdl,0,6.0,6.545819881345894,rep_duration_cv,lowdim_set_trend,IMU trend
M4_add_one__rep_duration_cv,ridge,6,haoyu0512workout|hsianshun0514workout|tsenyu0515workout|yanz0510workout|yoru0511workout,ziho0512workout,yushuan0513workout,yushuan0513workout,db_rdl,1,8.0,7.250805763041293,rep_duration_cv,lowdim_set_trend,IMU trend
M4_add_one__rep_duration_cv,ridge,6,haoyu0512workout|hsianshun0514workout|tsenyu0515workout|yanz0510workout|yoru0511workout,ziho0512workout,yushuan0513workout,yushuan0513workout,db_rdl,2,8.0,7.994385408146465,rep_duration_cv,lowdim_set_trend,IMU trend
M4_add_one__rep_duration_cv,ridge,6,haoyu0512workout|hsianshun0514workout|tsenyu0515workout|yanz0510workout|yoru0511workout,ziho0512workout,yushuan0513workout,yushuan0513workout,db_shoulder_press,0,8.0,7.3001531986820085,rep_duration_cv,lowdim_set_trend,IMU trend
M4_add_one__rep_duration_cv,ridge,6,haoyu0512workout|hsianshun0514workout|tsenyu0515workout|yanz0510workout|yoru0511workout,ziho0512workout,yushuan0513workout,yushuan0513workout,db_shoulder_press,1,9.0,8.081514955171416,rep_duration_cv,lowdim_set_trend,IMU trend
M4_add_one__rep_duration_cv,ridge,6,haoyu0512workout|hsianshun0514workout|tsenyu0515workout|yanz0510workout|yoru0511workout,ziho0512workout,yushuan0513workout,yushuan0513workout,db_shoulder_press,2,10.0,8.77527178787186,rep_duration_cv,lowdim_set_trend,IMU trend
M4_add_one__rep_duration_cv,ridge,6,haoyu0512workout|hsianshun0514workout|tsenyu0515workout|yanz0510workout|yoru0511workout,ziho0512workout,yushuan0513workout,yushuan0513workout,db_squat,0,6.0,5.97989384274183,rep_duration_cv,lowdim_set_trend,IMU trend
M4_add_one__rep_duration_cv,ridge,6,haoyu0512workout|hsianshun0514workout|tsenyu0515workout|yanz0510workout|yoru0511workout,ziho0512workout,yushuan0513workout,yushuan0513workout,db_squat,1,7.0,6.613253027093617,rep_duration_cv,lowdim_set_trend,IMU trend
M4_add_one__rep_duration_cv,ridge,6,haoyu0512workout|hsianshun0514workout|tsenyu0515workout|yanz0510workout|yoru0511workout,ziho0512workout,yushuan0513workout,yushuan0513workout,db_squat,2,8.0,7.280238123834268,rep_duration_cv,lowdim_set_trend,IMU trend
M4_add_one__rep_duration_cv,ridge,6,haoyu0512workout|hsianshun0514workout|tsenyu0515workout|yanz0510workout|yoru0511workout,ziho0512workout,yushuan0513workout,yushuan0513workout,db_triceps_curl,0,6.0,6.213621357644648,rep_duration_cv,lowdim_set_trend,IMU trend
M4_add_one__rep_duration_cv,ridge,6,haoyu0512workout|hsianshun0514workout|tsenyu0515workout|yanz0510workout|yoru0511workout,ziho0512workout,yushuan0513workout,yushuan0513workout,db_triceps_curl,1,7.0,6.752392151157309,rep_duration_cv,lowdim_set_trend,IMU trend
M4_add_one__rep_duration_cv,ridge,6,haoyu0512workout|hsianshun0514workout|tsenyu0515workout|yanz0510workout|yoru0511workout,ziho0512workout,yushuan0513workout,yushuan0513workout,db_triceps_curl,2,9.0,7.3504262372913125,rep_duration_cv,lowdim_set_trend,IMU trend
M4_add_one__rep_duration_cv,ridge,6,haoyu0512workout|hsianshun0514workout|tsenyu0515workout|yanz0510workout|yoru0511workout,ziho0512workout,yushuan0513workout,yushuan0513workout,db_weighted_crunch,0,5.0,6.0959681645386645,rep_duration_cv,lowdim_set_trend,IMU trend
M4_add_one__rep_duration_cv,ridge,6,haoyu0512workout|hsianshun0514workout|tsenyu0515workout|yanz0510workout|yoru0511workout,ziho0512workout,yushuan0513workout,yushuan0513workout,db_weighted_crunch,1,6.0,6.784164950220824,rep_duration_cv,lowdim_set_trend,IMU trend
M4_add_one__rep_duration_cv,ridge,6,haoyu0512workout|hsianshun0514workout|tsenyu0515workout|yanz0510workout|yoru0511workout,ziho0512workout,yushuan0513workout,yushuan0513workout,db_weighted_crunch,2,7.0,7.468188846129731,rep_duration_cv,lowdim_set_trend,IMU trend
M4_add_one__rep_duration_cv,ridge,6,haoyu0512workout|hsianshun0514workout|tsenyu0515workout|yanz0510workout|yoru0511workout,ziho0512workout,yushuan0513workout,yushuan0513workout,one_arm_db_row,0,9.0,6.7778494184224245,rep_duration_cv,lowdim_set_trend,IMU trend
M4_add_one__rep_duration_cv,ridge,6,haoyu0512workout|hsianshun0514workout|tsenyu0515workout|yanz0510workout|yoru0511workout,ziho0512workout,yushuan0513workout,yushuan0513workout,one_arm_db_row,1,8.0,7.445073055605803,rep_duration_cv,lowdim_set_trend,IMU trend
M4_add_one__rep_duration_cv,ridge,6,haoyu0512workout|hsianshun0514workout|tsenyu0515workout|yanz0510workout|yoru0511workout,ziho0512workout,yushuan0513workout,yushuan0513workout,one_arm_db_row,2,9.0,8.05012446488036,rep_duration_cv,lowdim_set_trend,IMU trend
M4_add_one__rep_duration_cv,ridge,7,hsianshun0514workout|tsenyu0515workout|yanz0510workout|yoru0511workout|yushuan0513workout,haoyu0512workout,ziho0512workout,ziho0512workout,db_bench_press,1,8.0,6.223475868388666,rep_duration_cv,lowdim_set_trend,IMU trend
M4_add_one__rep_duration_cv,ridge,7,hsianshun0514workout|tsenyu0515workout|yanz0510workout|yoru0511workout|yushuan0513workout,haoyu0512workout,ziho0512workout,ziho0512workout,db_bench_press,2,9.0,6.817469018918473,rep_duration_cv,lowdim_set_trend,IMU trend
M4_add_one__rep_duration_cv,ridge,7,hsianshun0514workout|tsenyu0515workout|yanz0510workout|yoru0511workout|yushuan0513workout,haoyu0512workout,ziho0512workout,ziho0512workout,db_bench_press,3,10.0,7.4735734479088025,rep_duration_cv,lowdim_set_trend,IMU trend
M4_add_one__rep_duration_cv,ridge,7,hsianshun0514workout|tsenyu0515workout|yanz0510workout|yoru0511workout|yushuan0513workout,haoyu0512workout,ziho0512workout,ziho0512workout,db_biceps_curl,0,9.0,7.35625138052793,rep_duration_cv,lowdim_set_trend,IMU trend
M4_add_one__rep_duration_cv,ridge,7,hsianshun0514workout|tsenyu0515workout|yanz0510workout|yoru0511workout|yushuan0513workout,haoyu0512workout,ziho0512workout,ziho0512workout,db_biceps_curl,1,9.0,8.071288098096183,rep_duration_cv,lowdim_set_trend,IMU trend
M4_add_one__rep_duration_cv,ridge,7,hsianshun0514workout|tsenyu0515workout|yanz0510workout|yoru0511workout|yushuan0513workout,haoyu0512workout,ziho0512workout,ziho0512workout,db_biceps_curl,2,9.0,8.745961471856718,rep_duration_cv,lowdim_set_trend,IMU trend
M4_add_one__rep_duration_cv,ridge,7,hsianshun0514workout|tsenyu0515workout|yanz0510workout|yoru0511workout|yushuan0513workout,haoyu0512workout,ziho0512workout,ziho0512workout,db_rdl,0,8.0,6.222839386875822,rep_duration_cv,lowdim_set_trend,IMU trend
M4_add_one__rep_duration_cv,ridge,7,hsianshun0514workout|tsenyu0515workout|yanz0510workout|yoru0511workout|yushuan0513workout,haoyu0512workout,ziho0512workout,ziho0512workout,db_rdl,2,9.0,7.067407125565027,rep_duration_cv,lowdim_set_trend,IMU trend
M4_add_one__rep_duration_cv,ridge,7,hsianshun0514workout|tsenyu0515workout|yanz0510workout|yoru0511workout|yushuan0513workout,haoyu0512workout,ziho0512workout,ziho0512workout,db_shoulder_press,0,10.0,7.178220231289309,rep_duration_cv,lowdim_set_trend,IMU trend
M4_add_one__rep_duration_cv,ridge,7,hsianshun0514workout|tsenyu0515workout|yanz0510workout|yoru0511workout|yushuan0513workout,haoyu0512workout,ziho0512workout,ziho0512workout,db_shoulder_press,1,10.0,7.66994960785552,rep_duration_cv,lowdim_set_trend,IMU trend
M4_add_one__rep_duration_cv,ridge,7,hsianshun0514workout|tsenyu0515workout|yanz0510workout|yoru0511workout|yushuan0513workout,haoyu0512workout,ziho0512workout,ziho0512workout,db_shoulder_press,2,10.0,8.209617206403006,rep_duration_cv,lowdim_set_trend,IMU trend
M4_add_one__rep_duration_cv,ridge,7,hsianshun0514workout|tsenyu0515workout|yanz0510workout|yoru0511workout|yushuan0513workout,haoyu0512workout,ziho0512workout,ziho0512workout,db_squat,0,7.0,5.738285135997554,rep_duration_cv,lowdim_set_trend,IMU trend
M4_add_one__rep_duration_cv,ridge,7,hsianshun0514workout|tsenyu0515workout|yanz0510workout|yoru0511workout|yushuan0513workout,haoyu0512workout,ziho0512workout,ziho0512workout,db_squat,1,8.0,6.490472679602,rep_duration_cv,lowdim_set_trend,IMU trend
M4_add_one__rep_duration_cv,ridge,7,hsianshun0514workout|tsenyu0515workout|yanz0510workout|yoru0511workout|yushuan0513workout,haoyu0512workout,ziho0512workout,ziho0512workout,db_squat,2,9.0,7.154533037573307,rep_duration_cv,lowdim_set_trend,IMU trend
M4_add_one__rep_duration_cv,ridge,7,hsianshun0514workout|tsenyu0515workout|yanz0510workout|yoru0511workout|yushuan0513workout,haoyu0512workout,ziho0512workout,ziho0512workout,db_triceps_curl,0,8.0,6.139220333490018,rep_duration_cv,lowdim_set_trend,IMU trend
M4_add_one__rep_duration_cv,ridge,7,hsianshun0514workout|tsenyu0515workout|yanz0510workout|yoru0511workout|yushuan0513workout,haoyu0512workout,ziho0512workout,ziho0512workout,db_triceps_curl,1,9.0,6.756996276072816,rep_duration_cv,lowdim_set_trend,IMU trend
M4_add_one__rep_duration_cv,ridge,7,hsianshun0514workout|tsenyu0515workout|yanz0510workout|yoru0511workout|yushuan0513workout,haoyu0512workout,ziho0512workout,ziho0512workout,db_triceps_curl,2,9.0,7.417418874441192,rep_duration_cv,lowdim_set_trend,IMU trend
M4_add_one__rep_duration_cv,ridge,7,hsianshun0514workout|tsenyu0515workout|yanz0510workout|yoru0511workout|yushuan0513workout,haoyu0512workout,ziho0512workout,ziho0512workout,db_weighted_crunch,0,6.0,5.9699180240340715,rep_duration_cv,lowdim_set_trend,IMU trend
M4_add_one__rep_duration_cv,ridge,7,hsianshun0514workout|tsenyu0515workout|yanz0510workout|yoru0511workout|yushuan0513workout,haoyu0512workout,ziho0512workout,ziho0512workout,db_weighted_crunch,1,8.0,6.645974769268301,rep_duration_cv,lowdim_set_trend,IMU trend
M4_add_one__rep_duration_cv,ridge,7,hsianshun0514workout|tsenyu0515workout|yanz0510workout|yoru0511workout|yushuan0513workout,haoyu0512workout,ziho0512workout,ziho0512workout,db_weighted_crunch,2,9.0,7.34851405377978,rep_duration_cv,lowdim_set_trend,IMU trend
M4_add_one__rep_duration_cv,ridge,7,hsianshun0514workout|tsenyu0515workout|yanz0510workout|yoru0511workout|yushuan0513workout,haoyu0512workout,ziho0512workout,ziho0512workout,one_arm_db_row,0,6.0,6.660670708046938,rep_duration_cv,lowdim_set_trend,IMU trend
M4_add_one__rep_duration_cv,ridge,7,hsianshun0514workout|tsenyu0515workout|yanz0510workout|yoru0511workout|yushuan0513workout,haoyu0512workout,ziho0512workout,ziho0512workout,one_arm_db_row,1,8.0,7.274393693200395,rep_duration_cv,lowdim_set_trend,IMU trend
M4_add_one__rep_duration_cv,ridge,7,hsianshun0514workout|tsenyu0515workout|yanz0510workout|yoru0511workout|yushuan0513workout,haoyu0512workout,ziho0512workout,ziho0512workout,one_arm_db_row,2,9.0,7.893312447630839,rep_duration_cv,lowdim_set_trend,IMU trend
M4_add_one__movement_rate_cv,ridge,1,tsenyu0515workout|yanz0510workout|yoru0511workout|yushuan0513workout|ziho0512workout,hsianshun0514workout,haoyu0512workout,haoyu0512workout,db_bench_press,0,8.0,6.090165820407122,movement_rate_cv,lowdim_set_trend,IMU trend
M4_add_one__movement_rate_cv,ridge,1,tsenyu0515workout|yanz0510workout|yoru0511workout|yushuan0513workout|ziho0512workout,hsianshun0514workout,haoyu0512workout,haoyu0512workout,db_bench_press,1,9.0,7.36817953050218,movement_rate_cv,lowdim_set_trend,IMU trend
M4_add_one__movement_rate_cv,ridge,1,tsenyu0515workout|yanz0510workout|yoru0511workout|yushuan0513workout|ziho0512workout,hsianshun0514workout,haoyu0512workout,haoyu0512workout,db_bench_press,2,9.0,8.37462969053607,movement_rate_cv,lowdim_set_trend,IMU trend
M4_add_one__movement_rate_cv,ridge,1,tsenyu0515workout|yanz0510workout|yoru0511workout|yushuan0513workout|ziho0512workout,hsianshun0514workout,haoyu0512workout,haoyu0512workout,db_biceps_curl,0,9.0,7.6019108294367514,movement_rate_cv,lowdim_set_trend,IMU trend
M4_add_one__movement_rate_cv,ridge,1,tsenyu0515workout|yanz0510workout|yoru0511workout|yushuan0513workout|ziho0512workout,hsianshun0514workout,haoyu0512workout,haoyu0512workout,db_biceps_curl,1,9.0,8.666990105154571,movement_rate_cv,lowdim_set_trend,IMU trend
M4_add_one__movement_rate_cv,ridge,1,tsenyu0515workout|yanz0510workout|yoru0511workout|yushuan0513workout|ziho0512workout,hsianshun0514workout,haoyu0512workout,haoyu0512workout,db_biceps_curl,3,9.0,10.072710273151534,movement_rate_cv,lowdim_set_trend,IMU trend
M4_add_one__movement_rate_cv,ridge,1,tsenyu0515workout|yanz0510workout|yoru0511workout|yushuan0513workout|ziho0512workout,hsianshun0514workout,haoyu0512workout,haoyu0512workout,db_rdl,0,9.0,6.44618125066498,movement_rate_cv,lowdim_set_trend,IMU trend
M4_add_one__movement_rate_cv,ridge,1,tsenyu0515workout|yanz0510workout|yoru0511workout|yushuan0513workout|ziho0512workout,hsianshun0514workout,haoyu0512workout,haoyu0512workout,db_rdl,1,9.0,7.485011101881508,movement_rate_cv,lowdim_set_trend,IMU trend
M4_add_one__movement_rate_cv,ridge,1,tsenyu0515workout|yanz0510workout|yoru0511workout|yushuan0513workout|ziho0512workout,hsianshun0514workout,haoyu0512workout,haoyu0512workout,db_rdl,2,9.0,8.565856725497193,movement_rate_cv,lowdim_set_trend,IMU trend
M4_add_one__movement_rate_cv,ridge,1,tsenyu0515workout|yanz0510workout|yoru0511workout|yushuan0513workout|ziho0512workout,hsianshun0514workout,haoyu0512workout,haoyu0512workout,db_shoulder_press,0,7.0,7.76629642427936,movement_rate_cv,lowdim_set_trend,IMU trend
M4_add_one__movement_rate_cv,ridge,1,tsenyu0515workout|yanz0510workout|yoru0511workout|yushuan0513workout|ziho0512workout,hsianshun0514workout,haoyu0512workout,haoyu0512workout,db_shoulder_press,1,9.0,8.776653819711324,movement_rate_cv,lowdim_set_trend,IMU trend
M4_add_one__movement_rate_cv,ridge,1,tsenyu0515workout|yanz0510workout|yoru0511workout|yushuan0513workout|ziho0512workout,hsianshun0514workout,haoyu0512workout,haoyu0512workout,db_shoulder_press,2,9.0,9.791154986649522,movement_rate_cv,lowdim_set_trend,IMU trend
M4_add_one__movement_rate_cv,ridge,1,tsenyu0515workout|yanz0510workout|yoru0511workout|yushuan0513workout|ziho0512workout,hsianshun0514workout,haoyu0512workout,haoyu0512workout,db_squat,0,6.0,5.785265746943857,movement_rate_cv,lowdim_set_trend,IMU trend
M4_add_one__movement_rate_cv,ridge,1,tsenyu0515workout|yanz0510workout|yoru0511workout|yushuan0513workout|ziho0512workout,hsianshun0514workout,haoyu0512workout,haoyu0512workout,db_squat,1,9.0,6.679554314986735,movement_rate_cv,lowdim_set_trend,IMU trend
M4_add_one__movement_rate_cv,ridge,1,tsenyu0515workout|yanz0510workout|yoru0511workout|yushuan0513workout|ziho0512workout,hsianshun0514workout,haoyu0512workout,haoyu0512workout,db_squat,2,8.0,7.547252554612512,movement_rate_cv,lowdim_set_trend,IMU trend
M4_add_one__movement_rate_cv,ridge,1,tsenyu0515workout|yanz0510workout|yoru0511workout|yushuan0513workout|ziho0512workout,hsianshun0514workout,haoyu0512workout,haoyu0512workout,db_triceps_curl,0,7.0,6.230897881947572,movement_rate_cv,lowdim_set_trend,IMU trend
M4_add_one__movement_rate_cv,ridge,1,tsenyu0515workout|yanz0510workout|yoru0511workout|yushuan0513workout|ziho0512workout,hsianshun0514workout,haoyu0512workout,haoyu0512workout,db_triceps_curl,1,9.0,7.215478098296984,movement_rate_cv,lowdim_set_trend,IMU trend
M4_add_one__movement_rate_cv,ridge,1,tsenyu0515workout|yanz0510workout|yoru0511workout|yushuan0513workout|ziho0512workout,hsianshun0514workout,haoyu0512workout,haoyu0512workout,db_triceps_curl,2,9.0,8.14416916644544,movement_rate_cv,lowdim_set_trend,IMU trend
M4_add_one__movement_rate_cv,ridge,1,tsenyu0515workout|yanz0510workout|yoru0511workout|yushuan0513workout|ziho0512workout,hsianshun0514workout,haoyu0512workout,haoyu0512workout,db_weighted_crunch,0,6.0,5.622085440613638,movement_rate_cv,lowdim_set_trend,IMU trend
M4_add_one__movement_rate_cv,ridge,1,tsenyu0515workout|yanz0510workout|yoru0511workout|yushuan0513workout|ziho0512workout,hsianshun0514workout,haoyu0512workout,haoyu0512workout,db_weighted_crunch,1,7.0,6.532068807419468,movement_rate_cv,lowdim_set_trend,IMU trend
M4_add_one__movement_rate_cv,ridge,1,tsenyu0515workout|yanz0510workout|yoru0511workout|yushuan0513workout|ziho0512workout,hsianshun0514workout,haoyu0512workout,haoyu0512workout,db_weighted_crunch,2,9.0,7.4359781890297,movement_rate_cv,lowdim_set_trend,IMU trend
M4_add_one__movement_rate_cv,ridge,1,tsenyu0515workout|yanz0510workout|yoru0511workout|yushuan0513workout|ziho0512workout,hsianshun0514workout,haoyu0512workout,haoyu0512workout,one_arm_db_row,0,9.0,6.7793760969179635,movement_rate_cv,lowdim_set_trend,IMU trend
M4_add_one__movement_rate_cv,ridge,1,tsenyu0515workout|yanz0510workout|yoru0511workout|yushuan0513workout|ziho0512workout,hsianshun0514workout,haoyu0512workout,haoyu0512workout,one_arm_db_row,1,9.0,7.756689440649571,movement_rate_cv,lowdim_set_trend,IMU trend
M4_add_one__movement_rate_cv,ridge,1,tsenyu0515workout|yanz0510workout|yoru0511workout|yushuan0513workout|ziho0512workout,hsianshun0514workout,haoyu0512workout,haoyu0512workout,one_arm_db_row,2,9.0,8.618043017129873,movement_rate_cv,lowdim_set_trend,IMU trend
M4_add_one__movement_rate_cv,ridge,2,haoyu0512workout|yanz0510workout|yoru0511workout|yushuan0513workout|ziho0512workout,tsenyu0515workout,hsianshun0514workout,hsianshun0514workout,db_bench_press,0,4.0,7.4336060006274165,movement_rate_cv,lowdim_set_trend,IMU trend
M4_add_one__movement_rate_cv,ridge,2,haoyu0512workout|yanz0510workout|yoru0511workout|yushuan0513workout|ziho0512workout,tsenyu0515workout,hsianshun0514workout,hsianshun0514workout,db_bench_press,1,6.0,8.115387196636654,movement_rate_cv,lowdim_set_trend,IMU trend
M4_add_one__movement_rate_cv,ridge,2,haoyu0512workout|yanz0510workout|yoru0511workout|yushuan0513workout|ziho0512workout,tsenyu0515workout,hsianshun0514workout,hsianshun0514workout,db_bench_press,2,7.0,8.772873770123123,movement_rate_cv,lowdim_set_trend,IMU trend
M4_add_one__movement_rate_cv,ridge,2,haoyu0512workout|yanz0510workout|yoru0511workout|yushuan0513workout|ziho0512workout,tsenyu0515workout,hsianshun0514workout,hsianshun0514workout,db_biceps_curl,0,9.0,7.3739072297860515,movement_rate_cv,lowdim_set_trend,IMU trend
M4_add_one__movement_rate_cv,ridge,2,haoyu0512workout|yanz0510workout|yoru0511workout|yushuan0513workout|ziho0512workout,tsenyu0515workout,hsianshun0514workout,hsianshun0514workout,db_biceps_curl,1,10.0,8.174078545037268,movement_rate_cv,lowdim_set_trend,IMU trend
M4_add_one__movement_rate_cv,ridge,2,haoyu0512workout|yanz0510workout|yoru0511workout|yushuan0513workout|ziho0512workout,tsenyu0515workout,hsianshun0514workout,hsianshun0514workout,db_biceps_curl,2,10.0,8.684883037931304,movement_rate_cv,lowdim_set_trend,IMU trend
M4_add_one__movement_rate_cv,ridge,2,haoyu0512workout|yanz0510workout|yoru0511workout|yushuan0513workout|ziho0512workout,tsenyu0515workout,hsianshun0514workout,hsianshun0514workout,db_rdl,0,4.0,7.207277957570481,movement_rate_cv,lowdim_set_trend,IMU trend
M4_add_one__movement_rate_cv,ridge,2,haoyu0512workout|yanz0510workout|yoru0511workout|yushuan0513workout|ziho0512workout,tsenyu0515workout,hsianshun0514workout,hsianshun0514workout,db_rdl,1,6.0,7.728948885229892,movement_rate_cv,lowdim_set_trend,IMU trend
M4_add_one__movement_rate_cv,ridge,2,haoyu0512workout|yanz0510workout|yoru0511workout|yushuan0513workout|ziho0512workout,tsenyu0515workout,hsianshun0514workout,hsianshun0514workout,db_rdl,2,8.0,8.211157588451547,movement_rate_cv,lowdim_set_trend,IMU trend
M4_add_one__movement_rate_cv,ridge,2,haoyu0512workout|yanz0510workout|yoru0511workout|yushuan0513workout|ziho0512workout,tsenyu0515workout,hsianshun0514workout,hsianshun0514workout,db_shoulder_press,1,9.0,7.953914709751428,movement_rate_cv,lowdim_set_trend,IMU trend
M4_add_one__movement_rate_cv,ridge,2,haoyu0512workout|yanz0510workout|yoru0511workout|yushuan0513workout|ziho0512workout,tsenyu0515workout,hsianshun0514workout,hsianshun0514workout,db_shoulder_press,2,10.0,8.577399235531843,movement_rate_cv,lowdim_set_trend,IMU trend
M4_add_one__movement_rate_cv,ridge,2,haoyu0512workout|yanz0510workout|yoru0511workout|yushuan0513workout|ziho0512workout,tsenyu0515workout,hsianshun0514workout,hsianshun0514workout,db_shoulder_press,3,10.0,9.023349877508284,movement_rate_cv,lowdim_set_trend,IMU trend
M4_add_one__movement_rate_cv,ridge,2,haoyu0512workout|yanz0510workout|yoru0511workout|yushuan0513workout|ziho0512workout,tsenyu0515workout,hsianshun0514workout,hsianshun0514workout,db_squat,0,4.0,6.824059401718372,movement_rate_cv,lowdim_set_trend,IMU trend
M4_add_one__movement_rate_cv,ridge,2,haoyu0512workout|yanz0510workout|yoru0511workout|yushuan0513workout|ziho0512workout,tsenyu0515workout,hsianshun0514workout,hsianshun0514workout,db_squat,1,6.0,7.40134617161187,movement_rate_cv,lowdim_set_trend,IMU trend
M4_add_one__movement_rate_cv,ridge,2,haoyu0512workout|yanz0510workout|yoru0511workout|yushuan0513workout|ziho0512workout,tsenyu0515workout,hsianshun0514workout,hsianshun0514workout,db_squat,2,7.0,7.725091901878228,movement_rate_cv,lowdim_set_trend,IMU trend
M4_add_one__movement_rate_cv,ridge,2,haoyu0512workout|yanz0510workout|yoru0511workout|yushuan0513workout|ziho0512workout,tsenyu0515workout,hsianshun0514workout,hsianshun0514workout,db_triceps_curl,0,4.0,4.38581623620782,movement_rate_cv,lowdim_set_trend,IMU trend
M4_add_one__movement_rate_cv,ridge,2,haoyu0512workout|yanz0510workout|yoru0511workout|yushuan0513workout|ziho0512workout,tsenyu0515workout,hsianshun0514workout,hsianshun0514workout,db_triceps_curl,1,7.0,7.744025674338251,movement_rate_cv,lowdim_set_trend,IMU trend
M4_add_one__movement_rate_cv,ridge,2,haoyu0512workout|yanz0510workout|yoru0511workout|yushuan0513workout|ziho0512workout,tsenyu0515workout,hsianshun0514workout,hsianshun0514workout,db_triceps_curl,2,8.0,8.178865415980646,movement_rate_cv,lowdim_set_trend,IMU trend
M4_add_one__movement_rate_cv,ridge,2,haoyu0512workout|yanz0510workout|yoru0511workout|yushuan0513workout|ziho0512workout,tsenyu0515workout,hsianshun0514workout,hsianshun0514workout,db_weighted_crunch,0,5.0,6.826955383924865,movement_rate_cv,lowdim_set_trend,IMU trend
M4_add_one__movement_rate_cv,ridge,2,haoyu0512workout|yanz0510workout|yoru0511workout|yushuan0513workout|ziho0512workout,tsenyu0515workout,hsianshun0514workout,hsianshun0514workout,db_weighted_crunch,2,7.0,7.478677390277874,movement_rate_cv,lowdim_set_trend,IMU trend
M4_add_one__movement_rate_cv,ridge,2,haoyu0512workout|yanz0510workout|yoru0511workout|yushuan0513workout|ziho0512workout,tsenyu0515workout,hsianshun0514workout,hsianshun0514workout,db_weighted_crunch,3,7.0,8.20514077883947,movement_rate_cv,lowdim_set_trend,IMU trend
M4_add_one__movement_rate_cv,ridge,2,haoyu0512workout|yanz0510workout|yoru0511workout|yushuan0513workout|ziho0512workout,tsenyu0515workout,hsianshun0514workout,hsianshun0514workout,one_arm_db_row,1,7.0,7.441009662017127,movement_rate_cv,lowdim_set_trend,IMU trend
M4_add_one__movement_rate_cv,ridge,2,haoyu0512workout|yanz0510workout|yoru0511workout|yushuan0513workout|ziho0512workout,tsenyu0515workout,hsianshun0514workout,hsianshun0514workout,one_arm_db_row,2,8.0,7.9606144235755565,movement_rate_cv,lowdim_set_trend,IMU trend
M4_add_one__movement_rate_cv,ridge,3,haoyu0512workout|hsianshun0514workout|yoru0511workout|yushuan0513workout|ziho0512workout,yanz0510workout,tsenyu0515workout,tsenyu0515workout,db_bench_press,0,3.0,6.637695818457461,movement_rate_cv,lowdim_set_trend,IMU trend
M4_add_one__movement_rate_cv,ridge,3,haoyu0512workout|hsianshun0514workout|yoru0511workout|yushuan0513workout|ziho0512workout,yanz0510workout,tsenyu0515workout,tsenyu0515workout,db_bench_press,1,6.0,7.700085162969227,movement_rate_cv,lowdim_set_trend,IMU trend
M4_add_one__movement_rate_cv,ridge,3,haoyu0512workout|hsianshun0514workout|yoru0511workout|yushuan0513workout|ziho0512workout,yanz0510workout,tsenyu0515workout,tsenyu0515workout,db_bench_press,2,8.0,8.671621412104496,movement_rate_cv,lowdim_set_trend,IMU trend
M4_add_one__movement_rate_cv,ridge,3,haoyu0512workout|hsianshun0514workout|yoru0511workout|yushuan0513workout|ziho0512workout,yanz0510workout,tsenyu0515workout,tsenyu0515workout,db_biceps_curl,0,6.0,8.581566611062724,movement_rate_cv,lowdim_set_trend,IMU trend
M4_add_one__movement_rate_cv,ridge,3,haoyu0512workout|hsianshun0514workout|yoru0511workout|yushuan0513workout|ziho0512workout,yanz0510workout,tsenyu0515workout,tsenyu0515workout,db_biceps_curl,1,9.0,8.75007354841192,movement_rate_cv,lowdim_set_trend,IMU trend
M4_add_one__movement_rate_cv,ridge,3,haoyu0512workout|hsianshun0514workout|yoru0511workout|yushuan0513workout|ziho0512workout,yanz0510workout,tsenyu0515workout,tsenyu0515workout,db_biceps_curl,2,9.0,10.822838729437914,movement_rate_cv,lowdim_set_trend,IMU trend
M4_add_one__movement_rate_cv,ridge,3,haoyu0512workout|hsianshun0514workout|yoru0511workout|yushuan0513workout|ziho0512workout,yanz0510workout,tsenyu0515workout,tsenyu0515workout,db_rdl,0,6.0,6.825165663548018,movement_rate_cv,lowdim_set_trend,IMU trend
M4_add_one__movement_rate_cv,ridge,3,haoyu0512workout|hsianshun0514workout|yoru0511workout|yushuan0513workout|ziho0512workout,yanz0510workout,tsenyu0515workout,tsenyu0515workout,db_rdl,1,10.0,8.796865726664304,movement_rate_cv,lowdim_set_trend,IMU trend
M4_add_one__movement_rate_cv,ridge,3,haoyu0512workout|hsianshun0514workout|yoru0511workout|yushuan0513workout|ziho0512workout,yanz0510workout,tsenyu0515workout,tsenyu0515workout,db_rdl,2,6.0,9.647249435922511,movement_rate_cv,lowdim_set_trend,IMU trend
M4_add_one__movement_rate_cv,ridge,3,haoyu0512workout|hsianshun0514workout|yoru0511workout|yushuan0513workout|ziho0512workout,yanz0510workout,tsenyu0515workout,tsenyu0515workout,db_shoulder_press,0,5.0,8.59660767231473,movement_rate_cv,lowdim_set_trend,IMU trend
M4_add_one__movement_rate_cv,ridge,3,haoyu0512workout|hsianshun0514workout|yoru0511workout|yushuan0513workout|ziho0512workout,yanz0510workout,tsenyu0515workout,tsenyu0515workout,db_shoulder_press,1,8.0,9.518364230560723,movement_rate_cv,lowdim_set_trend,IMU trend
M4_add_one__movement_rate_cv,ridge,3,haoyu0512workout|hsianshun0514workout|yoru0511workout|yushuan0513workout|ziho0512workout,yanz0510workout,tsenyu0515workout,tsenyu0515workout,db_shoulder_press,2,9.0,10.655862956424173,movement_rate_cv,lowdim_set_trend,IMU trend
M4_add_one__movement_rate_cv,ridge,3,haoyu0512workout|hsianshun0514workout|yoru0511workout|yushuan0513workout|ziho0512workout,yanz0510workout,tsenyu0515workout,tsenyu0515workout,db_squat,1,4.0,6.419992073311922,movement_rate_cv,lowdim_set_trend,IMU trend
M4_add_one__movement_rate_cv,ridge,3,haoyu0512workout|hsianshun0514workout|yoru0511workout|yushuan0513workout|ziho0512workout,yanz0510workout,tsenyu0515workout,tsenyu0515workout,db_squat,2,6.0,7.338428218446966,movement_rate_cv,lowdim_set_trend,IMU trend
M4_add_one__movement_rate_cv,ridge,3,haoyu0512workout|hsianshun0514workout|yoru0511workout|yushuan0513workout|ziho0512workout,yanz0510workout,tsenyu0515workout,tsenyu0515workout,db_squat,3,5.0,8.497273254559678,movement_rate_cv,lowdim_set_trend,IMU trend
M4_add_one__movement_rate_cv,ridge,3,haoyu0512workout|hsianshun0514workout|yoru0511workout|yushuan0513workout|ziho0512workout,yanz0510workout,tsenyu0515workout,tsenyu0515workout,db_triceps_curl,0,4.0,6.885992705611285,movement_rate_cv,lowdim_set_trend,IMU trend
M4_add_one__movement_rate_cv,ridge,3,haoyu0512workout|hsianshun0514workout|yoru0511workout|yushuan0513workout|ziho0512workout,yanz0510workout,tsenyu0515workout,tsenyu0515workout,db_triceps_curl,1,6.0,7.865538527955231,movement_rate_cv,lowdim_set_trend,IMU trend
M4_add_one__movement_rate_cv,ridge,3,haoyu0512workout|hsianshun0514workout|yoru0511workout|yushuan0513workout|ziho0512workout,yanz0510workout,tsenyu0515workout,tsenyu0515workout,db_triceps_curl,2,7.0,8.809442941063864,movement_rate_cv,lowdim_set_trend,IMU trend
M4_add_one__movement_rate_cv,ridge,3,haoyu0512workout|hsianshun0514workout|yoru0511workout|yushuan0513workout|ziho0512workout,yanz0510workout,tsenyu0515workout,tsenyu0515workout,db_weighted_crunch,0,3.0,5.861649646197877,movement_rate_cv,lowdim_set_trend,IMU trend
M4_add_one__movement_rate_cv,ridge,3,haoyu0512workout|hsianshun0514workout|yoru0511workout|yushuan0513workout|ziho0512workout,yanz0510workout,tsenyu0515workout,tsenyu0515workout,db_weighted_crunch,1,5.0,6.83034536056758,movement_rate_cv,lowdim_set_trend,IMU trend
M4_add_one__movement_rate_cv,ridge,3,haoyu0512workout|hsianshun0514workout|yoru0511workout|yushuan0513workout|ziho0512workout,yanz0510workout,tsenyu0515workout,tsenyu0515workout,db_weighted_crunch,2,7.0,7.814929333494078,movement_rate_cv,lowdim_set_trend,IMU trend
M4_add_one__movement_rate_cv,ridge,3,haoyu0512workout|hsianshun0514workout|yoru0511workout|yushuan0513workout|ziho0512workout,yanz0510workout,tsenyu0515workout,tsenyu0515workout,one_arm_db_row,0,5.0,7.425265054595713,movement_rate_cv,lowdim_set_trend,IMU trend
M4_add_one__movement_rate_cv,ridge,3,haoyu0512workout|hsianshun0514workout|yoru0511workout|yushuan0513workout|ziho0512workout,yanz0510workout,tsenyu0515workout,tsenyu0515workout,one_arm_db_row,1,8.0,8.37106735795569,movement_rate_cv,lowdim_set_trend,IMU trend
M4_add_one__movement_rate_cv,ridge,3,haoyu0512workout|hsianshun0514workout|yoru0511workout|yushuan0513workout|ziho0512workout,yanz0510workout,tsenyu0515workout,tsenyu0515workout,one_arm_db_row,2,9.0,9.37836497855834,movement_rate_cv,lowdim_set_trend,IMU trend
M4_add_one__movement_rate_cv,ridge,4,haoyu0512workout|hsianshun0514workout|tsenyu0515workout|yushuan0513workout|ziho0512workout,yoru0511workout,yanz0510workout,yanz0510workout,db_bench_press,2,5.0,7.668003192738738,movement_rate_cv,lowdim_set_trend,IMU trend
M4_add_one__movement_rate_cv,ridge,4,haoyu0512workout|hsianshun0514workout|tsenyu0515workout|yushuan0513workout|ziho0512workout,yoru0511workout,yanz0510workout,yanz0510workout,db_bench_press,3,7.0,8.311311153050207,movement_rate_cv,lowdim_set_trend,IMU trend
M4_add_one__movement_rate_cv,ridge,4,haoyu0512workout|hsianshun0514workout|tsenyu0515workout|yushuan0513workout|ziho0512workout,yoru0511workout,yanz0510workout,yanz0510workout,db_bench_press,4,8.0,8.809242699255613,movement_rate_cv,lowdim_set_trend,IMU trend
M4_add_one__movement_rate_cv,ridge,4,haoyu0512workout|hsianshun0514workout|tsenyu0515workout|yushuan0513workout|ziho0512workout,yoru0511workout,yanz0510workout,yanz0510workout,db_biceps_curl,0,7.0,7.658605418709311,movement_rate_cv,lowdim_set_trend,IMU trend
M4_add_one__movement_rate_cv,ridge,4,haoyu0512workout|hsianshun0514workout|tsenyu0515workout|yushuan0513workout|ziho0512workout,yoru0511workout,yanz0510workout,yanz0510workout,db_biceps_curl,1,9.0,8.243088142454138,movement_rate_cv,lowdim_set_trend,IMU trend
M4_add_one__movement_rate_cv,ridge,4,haoyu0512workout|hsianshun0514workout|tsenyu0515workout|yushuan0513workout|ziho0512workout,yoru0511workout,yanz0510workout,yanz0510workout,db_biceps_curl,2,10.0,8.627826391456914,movement_rate_cv,lowdim_set_trend,IMU trend
M4_add_one__movement_rate_cv,ridge,4,haoyu0512workout|hsianshun0514workout|tsenyu0515workout|yushuan0513workout|ziho0512workout,yoru0511workout,yanz0510workout,yanz0510workout,db_rdl,0,5.0,6.978504829735471,movement_rate_cv,lowdim_set_trend,IMU trend
M4_add_one__movement_rate_cv,ridge,4,haoyu0512workout|hsianshun0514workout|tsenyu0515workout|yushuan0513workout|ziho0512workout,yoru0511workout,yanz0510workout,yanz0510workout,db_rdl,1,8.0,7.595132221887594,movement_rate_cv,lowdim_set_trend,IMU trend
M4_add_one__movement_rate_cv,ridge,4,haoyu0512workout|hsianshun0514workout|tsenyu0515workout|yushuan0513workout|ziho0512workout,yoru0511workout,yanz0510workout,yanz0510workout,db_rdl,2,9.0,8.204403071135939,movement_rate_cv,lowdim_set_trend,IMU trend
M4_add_one__movement_rate_cv,ridge,4,haoyu0512workout|hsianshun0514workout|tsenyu0515workout|yushuan0513workout|ziho0512workout,yoru0511workout,yanz0510workout,yanz0510workout,db_shoulder_press,1,7.0,8.045988065970098,movement_rate_cv,lowdim_set_trend,IMU trend
M4_add_one__movement_rate_cv,ridge,4,haoyu0512workout|hsianshun0514workout|tsenyu0515workout|yushuan0513workout|ziho0512workout,yoru0511workout,yanz0510workout,yanz0510workout,db_shoulder_press,2,10.0,8.54281345387801,movement_rate_cv,lowdim_set_trend,IMU trend
M4_add_one__movement_rate_cv,ridge,4,haoyu0512workout|hsianshun0514workout|tsenyu0515workout|yushuan0513workout|ziho0512workout,yoru0511workout,yanz0510workout,yanz0510workout,db_shoulder_press,3,10.0,8.990457326581748,movement_rate_cv,lowdim_set_trend,IMU trend
M4_add_one__movement_rate_cv,ridge,4,haoyu0512workout|hsianshun0514workout|tsenyu0515workout|yushuan0513workout|ziho0512workout,yoru0511workout,yanz0510workout,yanz0510workout,db_squat,0,7.0,6.42172822262329,movement_rate_cv,lowdim_set_trend,IMU trend
M4_add_one__movement_rate_cv,ridge,4,haoyu0512workout|hsianshun0514workout|tsenyu0515workout|yushuan0513workout|ziho0512workout,yoru0511workout,yanz0510workout,yanz0510workout,db_squat,1,8.0,6.970628013514362,movement_rate_cv,lowdim_set_trend,IMU trend
M4_add_one__movement_rate_cv,ridge,4,haoyu0512workout|hsianshun0514workout|tsenyu0515workout|yushuan0513workout|ziho0512workout,yoru0511workout,yanz0510workout,yanz0510workout,db_squat,2,9.0,7.408254561964245,movement_rate_cv,lowdim_set_trend,IMU trend
M4_add_one__movement_rate_cv,ridge,4,haoyu0512workout|hsianshun0514workout|tsenyu0515workout|yushuan0513workout|ziho0512workout,yoru0511workout,yanz0510workout,yanz0510workout,db_triceps_curl,0,7.0,6.858804474818668,movement_rate_cv,lowdim_set_trend,IMU trend
M4_add_one__movement_rate_cv,ridge,4,haoyu0512workout|hsianshun0514workout|tsenyu0515workout|yushuan0513workout|ziho0512workout,yoru0511workout,yanz0510workout,yanz0510workout,db_triceps_curl,2,8.0,7.72398536102232,movement_rate_cv,lowdim_set_trend,IMU trend
M4_add_one__movement_rate_cv,ridge,4,haoyu0512workout|hsianshun0514workout|tsenyu0515workout|yushuan0513workout|ziho0512workout,yoru0511workout,yanz0510workout,yanz0510workout,db_triceps_curl,4,9.0,8.638936053182423,movement_rate_cv,lowdim_set_trend,IMU trend
M4_add_one__movement_rate_cv,ridge,4,haoyu0512workout|hsianshun0514workout|tsenyu0515workout|yushuan0513workout|ziho0512workout,yoru0511workout,yanz0510workout,yanz0510workout,db_weighted_crunch,0,6.0,6.325741952060888,movement_rate_cv,lowdim_set_trend,IMU trend
M4_add_one__movement_rate_cv,ridge,4,haoyu0512workout|hsianshun0514workout|tsenyu0515workout|yushuan0513workout|ziho0512workout,yoru0511workout,yanz0510workout,yanz0510workout,db_weighted_crunch,2,7.0,7.247557286358774,movement_rate_cv,lowdim_set_trend,IMU trend
M4_add_one__movement_rate_cv,ridge,4,haoyu0512workout|hsianshun0514workout|tsenyu0515workout|yushuan0513workout|ziho0512workout,yoru0511workout,yanz0510workout,yanz0510workout,db_weighted_crunch,3,8.0,7.812203666423332,movement_rate_cv,lowdim_set_trend,IMU trend
M4_add_one__movement_rate_cv,ridge,4,haoyu0512workout|hsianshun0514workout|tsenyu0515workout|yushuan0513workout|ziho0512workout,yoru0511workout,yanz0510workout,yanz0510workout,one_arm_db_row,0,6.0,7.253838261774038,movement_rate_cv,lowdim_set_trend,IMU trend
M4_add_one__movement_rate_cv,ridge,4,haoyu0512workout|hsianshun0514workout|tsenyu0515workout|yushuan0513workout|ziho0512workout,yoru0511workout,yanz0510workout,yanz0510workout,one_arm_db_row,1,7.0,7.799387159959969,movement_rate_cv,lowdim_set_trend,IMU trend
M4_add_one__movement_rate_cv,ridge,4,haoyu0512workout|hsianshun0514workout|tsenyu0515workout|yushuan0513workout|ziho0512workout,yoru0511workout,yanz0510workout,yanz0510workout,one_arm_db_row,2,9.0,8.343047734294158,movement_rate_cv,lowdim_set_trend,IMU trend
M4_add_one__movement_rate_cv,ridge,5,haoyu0512workout|hsianshun0514workout|tsenyu0515workout|yanz0510workout|ziho0512workout,yushuan0513workout,yoru0511workout,yoru0511workout,db_bench_press,0,3.0,5.698455444338929,movement_rate_cv,lowdim_set_trend,IMU trend
M4_add_one__movement_rate_cv,ridge,5,haoyu0512workout|hsianshun0514workout|tsenyu0515workout|yanz0510workout|ziho0512workout,yushuan0513workout,yoru0511workout,yoru0511workout,db_bench_press,4,5.0,8.404302784137492,movement_rate_cv,lowdim_set_trend,IMU trend
M4_add_one__movement_rate_cv,ridge,5,haoyu0512workout|hsianshun0514workout|tsenyu0515workout|yanz0510workout|ziho0512workout,yushuan0513workout,yoru0511workout,yoru0511workout,db_bench_press,5,7.0,9.314163656709338,movement_rate_cv,lowdim_set_trend,IMU trend
M4_add_one__movement_rate_cv,ridge,5,haoyu0512workout|hsianshun0514workout|tsenyu0515workout|yanz0510workout|ziho0512workout,yushuan0513workout,yoru0511workout,yoru0511workout,db_biceps_curl,0,6.0,7.689155420977376,movement_rate_cv,lowdim_set_trend,IMU trend
M4_add_one__movement_rate_cv,ridge,5,haoyu0512workout|hsianshun0514workout|tsenyu0515workout|yanz0510workout|ziho0512workout,yushuan0513workout,yoru0511workout,yoru0511workout,db_biceps_curl,1,8.0,8.531233901361405,movement_rate_cv,lowdim_set_trend,IMU trend
M4_add_one__movement_rate_cv,ridge,5,haoyu0512workout|hsianshun0514workout|tsenyu0515workout|yanz0510workout|ziho0512workout,yushuan0513workout,yoru0511workout,yoru0511workout,db_biceps_curl,2,9.0,9.33175254632379,movement_rate_cv,lowdim_set_trend,IMU trend
M4_add_one__movement_rate_cv,ridge,5,haoyu0512workout|hsianshun0514workout|tsenyu0515workout|yanz0510workout|ziho0512workout,yushuan0513workout,yoru0511workout,yoru0511workout,db_rdl,0,6.0,6.433374805432454,movement_rate_cv,lowdim_set_trend,IMU trend
M4_add_one__movement_rate_cv,ridge,5,haoyu0512workout|hsianshun0514workout|tsenyu0515workout|yanz0510workout|ziho0512workout,yushuan0513workout,yoru0511workout,yoru0511workout,db_rdl,1,6.0,7.37185618043452,movement_rate_cv,lowdim_set_trend,IMU trend
M4_add_one__movement_rate_cv,ridge,5,haoyu0512workout|hsianshun0514workout|tsenyu0515workout|yanz0510workout|ziho0512workout,yushuan0513workout,yoru0511workout,yoru0511workout,db_rdl,2,7.0,8.229038218079275,movement_rate_cv,lowdim_set_trend,IMU trend
M4_add_one__movement_rate_cv,ridge,5,haoyu0512workout|hsianshun0514workout|tsenyu0515workout|yanz0510workout|ziho0512workout,yushuan0513workout,yoru0511workout,yoru0511workout,db_shoulder_press,0,7.0,7.581099000125038,movement_rate_cv,lowdim_set_trend,IMU trend
M4_add_one__movement_rate_cv,ridge,5,haoyu0512workout|hsianshun0514workout|tsenyu0515workout|yanz0510workout|ziho0512workout,yushuan0513workout,yoru0511workout,yoru0511workout,db_shoulder_press,1,8.0,8.47717850533515,movement_rate_cv,lowdim_set_trend,IMU trend
M4_add_one__movement_rate_cv,ridge,5,haoyu0512workout|hsianshun0514workout|tsenyu0515workout|yanz0510workout|ziho0512workout,yushuan0513workout,yoru0511workout,yoru0511workout,db_shoulder_press,2,9.0,9.303707366770357,movement_rate_cv,lowdim_set_trend,IMU trend
M4_add_one__movement_rate_cv,ridge,5,haoyu0512workout|hsianshun0514workout|tsenyu0515workout|yanz0510workout|ziho0512workout,yushuan0513workout,yoru0511workout,yoru0511workout,db_squat,0,4.0,5.739094251152685,movement_rate_cv,lowdim_set_trend,IMU trend
M4_add_one__movement_rate_cv,ridge,5,haoyu0512workout|hsianshun0514workout|tsenyu0515workout|yanz0510workout|ziho0512workout,yushuan0513workout,yoru0511workout,yoru0511workout,db_squat,1,5.0,6.59545384366844,movement_rate_cv,lowdim_set_trend,IMU trend
M4_add_one__movement_rate_cv,ridge,5,haoyu0512workout|hsianshun0514workout|tsenyu0515workout|yanz0510workout|ziho0512workout,yushuan0513workout,yoru0511workout,yoru0511workout,db_squat,2,6.0,7.446370451028919,movement_rate_cv,lowdim_set_trend,IMU trend
M4_add_one__movement_rate_cv,ridge,5,haoyu0512workout|hsianshun0514workout|tsenyu0515workout|yanz0510workout|ziho0512workout,yushuan0513workout,yoru0511workout,yoru0511workout,db_triceps_curl,0,5.0,6.305506213230955,movement_rate_cv,lowdim_set_trend,IMU trend
M4_add_one__movement_rate_cv,ridge,5,haoyu0512workout|hsianshun0514workout|tsenyu0515workout|yanz0510workout|ziho0512workout,yushuan0513workout,yoru0511workout,yoru0511workout,db_triceps_curl,1,5.0,7.068228783253654,movement_rate_cv,lowdim_set_trend,IMU trend
M4_add_one__movement_rate_cv,ridge,5,haoyu0512workout|hsianshun0514workout|tsenyu0515workout|yanz0510workout|ziho0512workout,yushuan0513workout,yoru0511workout,yoru0511workout,db_triceps_curl,2,6.0,7.906314822622703,movement_rate_cv,lowdim_set_trend,IMU trend
M4_add_one__movement_rate_cv,ridge,5,haoyu0512workout|hsianshun0514workout|tsenyu0515workout|yanz0510workout|ziho0512workout,yushuan0513workout,yoru0511workout,yoru0511workout,db_weighted_crunch,0,6.0,5.4778105670096675,movement_rate_cv,lowdim_set_trend,IMU trend
M4_add_one__movement_rate_cv,ridge,5,haoyu0512workout|hsianshun0514workout|tsenyu0515workout|yanz0510workout|ziho0512workout,yushuan0513workout,yoru0511workout,yoru0511workout,db_weighted_crunch,1,7.0,6.31083174706441,movement_rate_cv,lowdim_set_trend,IMU trend
M4_add_one__movement_rate_cv,ridge,5,haoyu0512workout|hsianshun0514workout|tsenyu0515workout|yanz0510workout|ziho0512workout,yushuan0513workout,yoru0511workout,yoru0511workout,db_weighted_crunch,2,7.0,7.142881177746496,movement_rate_cv,lowdim_set_trend,IMU trend
M4_add_one__movement_rate_cv,ridge,5,haoyu0512workout|hsianshun0514workout|tsenyu0515workout|yanz0510workout|ziho0512workout,yushuan0513workout,yoru0511workout,yoru0511workout,one_arm_db_row,0,5.0,6.6488016566856905,movement_rate_cv,lowdim_set_trend,IMU trend
M4_add_one__movement_rate_cv,ridge,5,haoyu0512workout|hsianshun0514workout|tsenyu0515workout|yanz0510workout|ziho0512workout,yushuan0513workout,yoru0511workout,yoru0511workout,one_arm_db_row,2,7.0,8.095795745277536,movement_rate_cv,lowdim_set_trend,IMU trend
M4_add_one__movement_rate_cv,ridge,5,haoyu0512workout|hsianshun0514workout|tsenyu0515workout|yanz0510workout|ziho0512workout,yushuan0513workout,yoru0511workout,yoru0511workout,one_arm_db_row,3,8.0,8.978954720220951,movement_rate_cv,lowdim_set_trend,IMU trend
M4_add_one__movement_rate_cv,ridge,6,haoyu0512workout|hsianshun0514workout|tsenyu0515workout|yanz0510workout|yoru0511workout,ziho0512workout,yushuan0513workout,yushuan0513workout,db_bench_press,0,9.0,5.948828692987696,movement_rate_cv,lowdim_set_trend,IMU trend
M4_add_one__movement_rate_cv,ridge,6,haoyu0512workout|hsianshun0514workout|tsenyu0515workout|yanz0510workout|yoru0511workout,ziho0512workout,yushuan0513workout,yushuan0513workout,db_bench_press,1,10.0,6.6109948421129445,movement_rate_cv,lowdim_set_trend,IMU trend
M4_add_one__movement_rate_cv,ridge,6,haoyu0512workout|hsianshun0514workout|tsenyu0515workout|yanz0510workout|yoru0511workout,ziho0512workout,yushuan0513workout,yushuan0513workout,db_bench_press,3,10.0,7.192795576694208,movement_rate_cv,lowdim_set_trend,IMU trend
M4_add_one__movement_rate_cv,ridge,6,haoyu0512workout|hsianshun0514workout|tsenyu0515workout|yanz0510workout|yoru0511workout,ziho0512workout,yushuan0513workout,yushuan0513workout,db_biceps_curl,0,7.0,7.398249397980377,movement_rate_cv,lowdim_set_trend,IMU trend
M4_add_one__movement_rate_cv,ridge,6,haoyu0512workout|hsianshun0514workout|tsenyu0515workout|yanz0510workout|yoru0511workout,ziho0512workout,yushuan0513workout,yushuan0513workout,db_biceps_curl,1,9.0,7.900619604751516,movement_rate_cv,lowdim_set_trend,IMU trend
M4_add_one__movement_rate_cv,ridge,6,haoyu0512workout|hsianshun0514workout|tsenyu0515workout|yanz0510workout|yoru0511workout,ziho0512workout,yushuan0513workout,yushuan0513workout,db_biceps_curl,2,10.0,8.468362833400207,movement_rate_cv,lowdim_set_trend,IMU trend
M4_add_one__movement_rate_cv,ridge,6,haoyu0512workout|hsianshun0514workout|tsenyu0515workout|yanz0510workout|yoru0511workout,ziho0512workout,yushuan0513workout,yushuan0513workout,db_rdl,0,6.0,6.575723371935077,movement_rate_cv,lowdim_set_trend,IMU trend
M4_add_one__movement_rate_cv,ridge,6,haoyu0512workout|hsianshun0514workout|tsenyu0515workout|yanz0510workout|yoru0511workout,ziho0512workout,yushuan0513workout,yushuan0513workout,db_rdl,1,8.0,7.26888686055337,movement_rate_cv,lowdim_set_trend,IMU trend
M4_add_one__movement_rate_cv,ridge,6,haoyu0512workout|hsianshun0514workout|tsenyu0515workout|yanz0510workout|yoru0511workout,ziho0512workout,yushuan0513workout,yushuan0513workout,db_rdl,2,8.0,7.969414323042993,movement_rate_cv,lowdim_set_trend,IMU trend
M4_add_one__movement_rate_cv,ridge,6,haoyu0512workout|hsianshun0514workout|tsenyu0515workout|yanz0510workout|yoru0511workout,ziho0512workout,yushuan0513workout,yushuan0513workout,db_shoulder_press,0,8.0,7.3277258477071205,movement_rate_cv,lowdim_set_trend,IMU trend
M4_add_one__movement_rate_cv,ridge,6,haoyu0512workout|hsianshun0514workout|tsenyu0515workout|yanz0510workout|yoru0511workout,ziho0512workout,yushuan0513workout,yushuan0513workout,db_shoulder_press,1,9.0,8.060095238286936,movement_rate_cv,lowdim_set_trend,IMU trend
M4_add_one__movement_rate_cv,ridge,6,haoyu0512workout|hsianshun0514workout|tsenyu0515workout|yanz0510workout|yoru0511workout,ziho0512workout,yushuan0513workout,yushuan0513workout,db_shoulder_press,2,10.0,8.749511621925375,movement_rate_cv,lowdim_set_trend,IMU trend
M4_add_one__movement_rate_cv,ridge,6,haoyu0512workout|hsianshun0514workout|tsenyu0515workout|yanz0510workout|yoru0511workout,ziho0512workout,yushuan0513workout,yushuan0513workout,db_squat,0,6.0,6.042645311772378,movement_rate_cv,lowdim_set_trend,IMU trend
M4_add_one__movement_rate_cv,ridge,6,haoyu0512workout|hsianshun0514workout|tsenyu0515workout|yanz0510workout|yoru0511workout,ziho0512workout,yushuan0513workout,yushuan0513workout,db_squat,1,7.0,6.638969049651896,movement_rate_cv,lowdim_set_trend,IMU trend
M4_add_one__movement_rate_cv,ridge,6,haoyu0512workout|hsianshun0514workout|tsenyu0515workout|yanz0510workout|yoru0511workout,ziho0512workout,yushuan0513workout,yushuan0513workout,db_squat,2,8.0,7.279383199428452,movement_rate_cv,lowdim_set_trend,IMU trend
M4_add_one__movement_rate_cv,ridge,6,haoyu0512workout|hsianshun0514workout|tsenyu0515workout|yanz0510workout|yoru0511workout,ziho0512workout,yushuan0513workout,yushuan0513workout,db_triceps_curl,0,6.0,6.25371358721074,movement_rate_cv,lowdim_set_trend,IMU trend
M4_add_one__movement_rate_cv,ridge,6,haoyu0512workout|hsianshun0514workout|tsenyu0515workout|yanz0510workout|yoru0511workout,ziho0512workout,yushuan0513workout,yushuan0513workout,db_triceps_curl,1,7.0,6.842795322170257,movement_rate_cv,lowdim_set_trend,IMU trend
M4_add_one__movement_rate_cv,ridge,6,haoyu0512workout|hsianshun0514workout|tsenyu0515workout|yanz0510workout|yoru0511workout,ziho0512workout,yushuan0513workout,yushuan0513workout,db_triceps_curl,2,9.0,7.420159018144185,movement_rate_cv,lowdim_set_trend,IMU trend
M4_add_one__movement_rate_cv,ridge,6,haoyu0512workout|hsianshun0514workout|tsenyu0515workout|yanz0510workout|yoru0511workout,ziho0512workout,yushuan0513workout,yushuan0513workout,db_weighted_crunch,0,5.0,6.133434579901829,movement_rate_cv,lowdim_set_trend,IMU trend
M4_add_one__movement_rate_cv,ridge,6,haoyu0512workout|hsianshun0514workout|tsenyu0515workout|yanz0510workout|yoru0511workout,ziho0512workout,yushuan0513workout,yushuan0513workout,db_weighted_crunch,1,6.0,6.750760906856154,movement_rate_cv,lowdim_set_trend,IMU trend
M4_add_one__movement_rate_cv,ridge,6,haoyu0512workout|hsianshun0514workout|tsenyu0515workout|yanz0510workout|yoru0511workout,ziho0512workout,yushuan0513workout,yushuan0513workout,db_weighted_crunch,2,7.0,7.4190851174986685,movement_rate_cv,lowdim_set_trend,IMU trend
M4_add_one__movement_rate_cv,ridge,6,haoyu0512workout|hsianshun0514workout|tsenyu0515workout|yanz0510workout|yoru0511workout,ziho0512workout,yushuan0513workout,yushuan0513workout,one_arm_db_row,0,9.0,6.803466524095852,movement_rate_cv,lowdim_set_trend,IMU trend
M4_add_one__movement_rate_cv,ridge,6,haoyu0512workout|hsianshun0514workout|tsenyu0515workout|yanz0510workout|yoru0511workout,ziho0512workout,yushuan0513workout,yushuan0513workout,one_arm_db_row,1,8.0,7.4553008435356505,movement_rate_cv,lowdim_set_trend,IMU trend
M4_add_one__movement_rate_cv,ridge,6,haoyu0512workout|hsianshun0514workout|tsenyu0515workout|yanz0510workout|yoru0511workout,ziho0512workout,yushuan0513workout,yushuan0513workout,one_arm_db_row,2,9.0,8.150387217758968,movement_rate_cv,lowdim_set_trend,IMU trend
M4_add_one__movement_rate_cv,ridge,7,hsianshun0514workout|tsenyu0515workout|yanz0510workout|yoru0511workout|yushuan0513workout,haoyu0512workout,ziho0512workout,ziho0512workout,db_bench_press,1,8.0,6.205545274908827,movement_rate_cv,lowdim_set_trend,IMU trend
M4_add_one__movement_rate_cv,ridge,7,hsianshun0514workout|tsenyu0515workout|yanz0510workout|yoru0511workout|yushuan0513workout,haoyu0512workout,ziho0512workout,ziho0512workout,db_bench_press,2,9.0,6.7816930446721235,movement_rate_cv,lowdim_set_trend,IMU trend
M4_add_one__movement_rate_cv,ridge,7,hsianshun0514workout|tsenyu0515workout|yanz0510workout|yoru0511workout|yushuan0513workout,haoyu0512workout,ziho0512workout,ziho0512workout,db_bench_press,3,10.0,7.407080053767535,movement_rate_cv,lowdim_set_trend,IMU trend
M4_add_one__movement_rate_cv,ridge,7,hsianshun0514workout|tsenyu0515workout|yanz0510workout|yoru0511workout|yushuan0513workout,haoyu0512workout,ziho0512workout,ziho0512workout,db_biceps_curl,0,9.0,7.371163218179875,movement_rate_cv,lowdim_set_trend,IMU trend
M4_add_one__movement_rate_cv,ridge,7,hsianshun0514workout|tsenyu0515workout|yanz0510workout|yoru0511workout|yushuan0513workout,haoyu0512workout,ziho0512workout,ziho0512workout,db_biceps_curl,1,9.0,8.068370746461792,movement_rate_cv,lowdim_set_trend,IMU trend
M4_add_one__movement_rate_cv,ridge,7,hsianshun0514workout|tsenyu0515workout|yanz0510workout|yoru0511workout|yushuan0513workout,haoyu0512workout,ziho0512workout,ziho0512workout,db_biceps_curl,2,9.0,8.746677049698143,movement_rate_cv,lowdim_set_trend,IMU trend
M4_add_one__movement_rate_cv,ridge,7,hsianshun0514workout|tsenyu0515workout|yanz0510workout|yoru0511workout|yushuan0513workout,haoyu0512workout,ziho0512workout,ziho0512workout,db_rdl,0,8.0,6.227083758134793,movement_rate_cv,lowdim_set_trend,IMU trend
M4_add_one__movement_rate_cv,ridge,7,hsianshun0514workout|tsenyu0515workout|yanz0510workout|yoru0511workout|yushuan0513workout,haoyu0512workout,ziho0512workout,ziho0512workout,db_rdl,2,9.0,7.112524002275936,movement_rate_cv,lowdim_set_trend,IMU trend
M4_add_one__movement_rate_cv,ridge,7,hsianshun0514workout|tsenyu0515workout|yanz0510workout|yoru0511workout|yushuan0513workout,haoyu0512workout,ziho0512workout,ziho0512workout,db_shoulder_press,0,10.0,7.153427134330503,movement_rate_cv,lowdim_set_trend,IMU trend
M4_add_one__movement_rate_cv,ridge,7,hsianshun0514workout|tsenyu0515workout|yanz0510workout|yoru0511workout|yushuan0513workout,haoyu0512workout,ziho0512workout,ziho0512workout,db_shoulder_press,1,10.0,7.669675899587064,movement_rate_cv,lowdim_set_trend,IMU trend
M4_add_one__movement_rate_cv,ridge,7,hsianshun0514workout|tsenyu0515workout|yanz0510workout|yoru0511workout|yushuan0513workout,haoyu0512workout,ziho0512workout,ziho0512workout,db_shoulder_press,2,10.0,8.092696184684373,movement_rate_cv,lowdim_set_trend,IMU trend
M4_add_one__movement_rate_cv,ridge,7,hsianshun0514workout|tsenyu0515workout|yanz0510workout|yoru0511workout|yushuan0513workout,haoyu0512workout,ziho0512workout,ziho0512workout,db_squat,0,7.0,5.698914039118435,movement_rate_cv,lowdim_set_trend,IMU trend
M4_add_one__movement_rate_cv,ridge,7,hsianshun0514workout|tsenyu0515workout|yanz0510workout|yoru0511workout|yushuan0513workout,haoyu0512workout,ziho0512workout,ziho0512workout,db_squat,1,8.0,6.527014640705459,movement_rate_cv,lowdim_set_trend,IMU trend
M4_add_one__movement_rate_cv,ridge,7,hsianshun0514workout|tsenyu0515workout|yanz0510workout|yoru0511workout|yushuan0513workout,haoyu0512workout,ziho0512workout,ziho0512workout,db_squat,2,9.0,7.112904501687085,movement_rate_cv,lowdim_set_trend,IMU trend
M4_add_one__movement_rate_cv,ridge,7,hsianshun0514workout|tsenyu0515workout|yanz0510workout|yoru0511workout|yushuan0513workout,haoyu0512workout,ziho0512workout,ziho0512workout,db_triceps_curl,0,8.0,6.095508775103261,movement_rate_cv,lowdim_set_trend,IMU trend
M4_add_one__movement_rate_cv,ridge,7,hsianshun0514workout|tsenyu0515workout|yanz0510workout|yoru0511workout|yushuan0513workout,haoyu0512workout,ziho0512workout,ziho0512workout,db_triceps_curl,1,9.0,6.757049925622772,movement_rate_cv,lowdim_set_trend,IMU trend
M4_add_one__movement_rate_cv,ridge,7,hsianshun0514workout|tsenyu0515workout|yanz0510workout|yoru0511workout|yushuan0513workout,haoyu0512workout,ziho0512workout,ziho0512workout,db_triceps_curl,2,9.0,7.424192172878606,movement_rate_cv,lowdim_set_trend,IMU trend
M4_add_one__movement_rate_cv,ridge,7,hsianshun0514workout|tsenyu0515workout|yanz0510workout|yoru0511workout|yushuan0513workout,haoyu0512workout,ziho0512workout,ziho0512workout,db_weighted_crunch,0,6.0,5.894292137303899,movement_rate_cv,lowdim_set_trend,IMU trend
M4_add_one__movement_rate_cv,ridge,7,hsianshun0514workout|tsenyu0515workout|yanz0510workout|yoru0511workout|yushuan0513workout,haoyu0512workout,ziho0512workout,ziho0512workout,db_weighted_crunch,1,8.0,6.58323861583633,movement_rate_cv,lowdim_set_trend,IMU trend
M4_add_one__movement_rate_cv,ridge,7,hsianshun0514workout|tsenyu0515workout|yanz0510workout|yoru0511workout|yushuan0513workout,haoyu0512workout,ziho0512workout,ziho0512workout,db_weighted_crunch,2,9.0,7.321409028362145,movement_rate_cv,lowdim_set_trend,IMU trend
M4_add_one__movement_rate_cv,ridge,7,hsianshun0514workout|tsenyu0515workout|yanz0510workout|yoru0511workout|yushuan0513workout,haoyu0512workout,ziho0512workout,ziho0512workout,one_arm_db_row,0,6.0,6.647339437219164,movement_rate_cv,lowdim_set_trend,IMU trend
M4_add_one__movement_rate_cv,ridge,7,hsianshun0514workout|tsenyu0515workout|yanz0510workout|yoru0511workout|yushuan0513workout,haoyu0512workout,ziho0512workout,ziho0512workout,one_arm_db_row,1,8.0,7.268315763611728,movement_rate_cv,lowdim_set_trend,IMU trend
M4_add_one__movement_rate_cv,ridge,7,hsianshun0514workout|tsenyu0515workout|yanz0510workout|yoru0511workout|yushuan0513workout,haoyu0512workout,ziho0512workout,ziho0512workout,one_arm_db_row,2,9.0,7.856613056891538,movement_rate_cv,lowdim_set_trend,IMU trend
M4_add_one__gyro_diff_gain_last2_vs_first2,ridge,1,tsenyu0515workout|yanz0510workout|yoru0511workout|yushuan0513workout|ziho0512workout,hsianshun0514workout,haoyu0512workout,haoyu0512workout,db_bench_press,0,8.0,5.980856823247538,gyro_diff_gain_last2_vs_first2,lowdim_set_trend,IMU trend
M4_add_one__gyro_diff_gain_last2_vs_first2,ridge,1,tsenyu0515workout|yanz0510workout|yoru0511workout|yushuan0513workout|ziho0512workout,hsianshun0514workout,haoyu0512workout,haoyu0512workout,db_bench_press,1,9.0,7.202983501341468,gyro_diff_gain_last2_vs_first2,lowdim_set_trend,IMU trend
M4_add_one__gyro_diff_gain_last2_vs_first2,ridge,1,tsenyu0515workout|yanz0510workout|yoru0511workout|yushuan0513workout|ziho0512workout,hsianshun0514workout,haoyu0512workout,haoyu0512workout,db_bench_press,2,9.0,8.470070434159922,gyro_diff_gain_last2_vs_first2,lowdim_set_trend,IMU trend
M4_add_one__gyro_diff_gain_last2_vs_first2,ridge,1,tsenyu0515workout|yanz0510workout|yoru0511workout|yushuan0513workout|ziho0512workout,hsianshun0514workout,haoyu0512workout,haoyu0512workout,db_biceps_curl,0,9.0,7.260730063370191,gyro_diff_gain_last2_vs_first2,lowdim_set_trend,IMU trend
M4_add_one__gyro_diff_gain_last2_vs_first2,ridge,1,tsenyu0515workout|yanz0510workout|yoru0511workout|yushuan0513workout|ziho0512workout,hsianshun0514workout,haoyu0512workout,haoyu0512workout,db_biceps_curl,1,9.0,8.218989463593786,gyro_diff_gain_last2_vs_first2,lowdim_set_trend,IMU trend
M4_add_one__gyro_diff_gain_last2_vs_first2,ridge,1,tsenyu0515workout|yanz0510workout|yoru0511workout|yushuan0513workout|ziho0512workout,hsianshun0514workout,haoyu0512workout,haoyu0512workout,db_biceps_curl,3,9.0,9.380713928232716,gyro_diff_gain_last2_vs_first2,lowdim_set_trend,IMU trend
M4_add_one__gyro_diff_gain_last2_vs_first2,ridge,1,tsenyu0515workout|yanz0510workout|yoru0511workout|yushuan0513workout|ziho0512workout,hsianshun0514workout,haoyu0512workout,haoyu0512workout,db_rdl,0,9.0,6.377729051007735,gyro_diff_gain_last2_vs_first2,lowdim_set_trend,IMU trend
M4_add_one__gyro_diff_gain_last2_vs_first2,ridge,1,tsenyu0515workout|yanz0510workout|yoru0511workout|yushuan0513workout|ziho0512workout,hsianshun0514workout,haoyu0512workout,haoyu0512workout,db_rdl,1,9.0,7.353934263098711,gyro_diff_gain_last2_vs_first2,lowdim_set_trend,IMU trend
M4_add_one__gyro_diff_gain_last2_vs_first2,ridge,1,tsenyu0515workout|yanz0510workout|yoru0511workout|yushuan0513workout|ziho0512workout,hsianshun0514workout,haoyu0512workout,haoyu0512workout,db_rdl,2,9.0,8.95608449364501,gyro_diff_gain_last2_vs_first2,lowdim_set_trend,IMU trend
M4_add_one__gyro_diff_gain_last2_vs_first2,ridge,1,tsenyu0515workout|yanz0510workout|yoru0511workout|yushuan0513workout|ziho0512workout,hsianshun0514workout,haoyu0512workout,haoyu0512workout,db_shoulder_press,0,7.0,7.638068939060404,gyro_diff_gain_last2_vs_first2,lowdim_set_trend,IMU trend
M4_add_one__gyro_diff_gain_last2_vs_first2,ridge,1,tsenyu0515workout|yanz0510workout|yoru0511workout|yushuan0513workout|ziho0512workout,hsianshun0514workout,haoyu0512workout,haoyu0512workout,db_shoulder_press,1,9.0,8.611924160728277,gyro_diff_gain_last2_vs_first2,lowdim_set_trend,IMU trend
M4_add_one__gyro_diff_gain_last2_vs_first2,ridge,1,tsenyu0515workout|yanz0510workout|yoru0511workout|yushuan0513workout|ziho0512workout,hsianshun0514workout,haoyu0512workout,haoyu0512workout,db_shoulder_press,2,9.0,9.857026807551257,gyro_diff_gain_last2_vs_first2,lowdim_set_trend,IMU trend
M4_add_one__gyro_diff_gain_last2_vs_first2,ridge,1,tsenyu0515workout|yanz0510workout|yoru0511workout|yushuan0513workout|ziho0512workout,hsianshun0514workout,haoyu0512workout,haoyu0512workout,db_squat,0,6.0,5.665598184043579,gyro_diff_gain_last2_vs_first2,lowdim_set_trend,IMU trend
M4_add_one__gyro_diff_gain_last2_vs_first2,ridge,1,tsenyu0515workout|yanz0510workout|yoru0511workout|yushuan0513workout|ziho0512workout,hsianshun0514workout,haoyu0512workout,haoyu0512workout,db_squat,1,9.0,6.728423073343681,gyro_diff_gain_last2_vs_first2,lowdim_set_trend,IMU trend
M4_add_one__gyro_diff_gain_last2_vs_first2,ridge,1,tsenyu0515workout|yanz0510workout|yoru0511workout|yushuan0513workout|ziho0512workout,hsianshun0514workout,haoyu0512workout,haoyu0512workout,db_squat,2,8.0,7.474301595337894,gyro_diff_gain_last2_vs_first2,lowdim_set_trend,IMU trend
M4_add_one__gyro_diff_gain_last2_vs_first2,ridge,1,tsenyu0515workout|yanz0510workout|yoru0511workout|yushuan0513workout|ziho0512workout,hsianshun0514workout,haoyu0512workout,haoyu0512workout,db_triceps_curl,0,7.0,5.94922069041156,gyro_diff_gain_last2_vs_first2,lowdim_set_trend,IMU trend
M4_add_one__gyro_diff_gain_last2_vs_first2,ridge,1,tsenyu0515workout|yanz0510workout|yoru0511workout|yushuan0513workout|ziho0512workout,hsianshun0514workout,haoyu0512workout,haoyu0512workout,db_triceps_curl,1,9.0,7.19536143464545,gyro_diff_gain_last2_vs_first2,lowdim_set_trend,IMU trend
M4_add_one__gyro_diff_gain_last2_vs_first2,ridge,1,tsenyu0515workout|yanz0510workout|yoru0511workout|yushuan0513workout|ziho0512workout,hsianshun0514workout,haoyu0512workout,haoyu0512workout,db_triceps_curl,2,9.0,8.332358246442737,gyro_diff_gain_last2_vs_first2,lowdim_set_trend,IMU trend
M4_add_one__gyro_diff_gain_last2_vs_first2,ridge,1,tsenyu0515workout|yanz0510workout|yoru0511workout|yushuan0513workout|ziho0512workout,hsianshun0514workout,haoyu0512workout,haoyu0512workout,db_weighted_crunch,0,6.0,5.352892770276408,gyro_diff_gain_last2_vs_first2,lowdim_set_trend,IMU trend
M4_add_one__gyro_diff_gain_last2_vs_first2,ridge,1,tsenyu0515workout|yanz0510workout|yoru0511workout|yushuan0513workout|ziho0512workout,hsianshun0514workout,haoyu0512workout,haoyu0512workout,db_weighted_crunch,1,7.0,6.217188393765854,gyro_diff_gain_last2_vs_first2,lowdim_set_trend,IMU trend
M4_add_one__gyro_diff_gain_last2_vs_first2,ridge,1,tsenyu0515workout|yanz0510workout|yoru0511workout|yushuan0513workout|ziho0512workout,hsianshun0514workout,haoyu0512workout,haoyu0512workout,db_weighted_crunch,2,9.0,7.219968753411534,gyro_diff_gain_last2_vs_first2,lowdim_set_trend,IMU trend
M4_add_one__gyro_diff_gain_last2_vs_first2,ridge,1,tsenyu0515workout|yanz0510workout|yoru0511workout|yushuan0513workout|ziho0512workout,hsianshun0514workout,haoyu0512workout,haoyu0512workout,one_arm_db_row,0,9.0,6.570937981147892,gyro_diff_gain_last2_vs_first2,lowdim_set_trend,IMU trend
M4_add_one__gyro_diff_gain_last2_vs_first2,ridge,1,tsenyu0515workout|yanz0510workout|yoru0511workout|yushuan0513workout|ziho0512workout,hsianshun0514workout,haoyu0512workout,haoyu0512workout,one_arm_db_row,1,9.0,7.568152758379124,gyro_diff_gain_last2_vs_first2,lowdim_set_trend,IMU trend
M4_add_one__gyro_diff_gain_last2_vs_first2,ridge,1,tsenyu0515workout|yanz0510workout|yoru0511workout|yushuan0513workout|ziho0512workout,hsianshun0514workout,haoyu0512workout,haoyu0512workout,one_arm_db_row,2,9.0,8.736755978826451,gyro_diff_gain_last2_vs_first2,lowdim_set_trend,IMU trend
M4_add_one__gyro_diff_gain_last2_vs_first2,ridge,2,haoyu0512workout|yanz0510workout|yoru0511workout|yushuan0513workout|ziho0512workout,tsenyu0515workout,hsianshun0514workout,hsianshun0514workout,db_bench_press,0,4.0,7.231307529644422,gyro_diff_gain_last2_vs_first2,lowdim_set_trend,IMU trend
M4_add_one__gyro_diff_gain_last2_vs_first2,ridge,2,haoyu0512workout|yanz0510workout|yoru0511workout|yushuan0513workout|ziho0512workout,tsenyu0515workout,hsianshun0514workout,hsianshun0514workout,db_bench_press,1,6.0,7.790335006713776,gyro_diff_gain_last2_vs_first2,lowdim_set_trend,IMU trend
M4_add_one__gyro_diff_gain_last2_vs_first2,ridge,2,haoyu0512workout|yanz0510workout|yoru0511workout|yushuan0513workout|ziho0512workout,tsenyu0515workout,hsianshun0514workout,hsianshun0514workout,db_bench_press,2,7.0,8.61603914711271,gyro_diff_gain_last2_vs_first2,lowdim_set_trend,IMU trend
M4_add_one__gyro_diff_gain_last2_vs_first2,ridge,2,haoyu0512workout|yanz0510workout|yoru0511workout|yushuan0513workout|ziho0512workout,tsenyu0515workout,hsianshun0514workout,hsianshun0514workout,db_biceps_curl,0,9.0,7.811599785565782,gyro_diff_gain_last2_vs_first2,lowdim_set_trend,IMU trend
M4_add_one__gyro_diff_gain_last2_vs_first2,ridge,2,haoyu0512workout|yanz0510workout|yoru0511workout|yushuan0513workout|ziho0512workout,tsenyu0515workout,hsianshun0514workout,hsianshun0514workout,db_biceps_curl,1,10.0,8.486440774899105,gyro_diff_gain_last2_vs_first2,lowdim_set_trend,IMU trend
M4_add_one__gyro_diff_gain_last2_vs_first2,ridge,2,haoyu0512workout|yanz0510workout|yoru0511workout|yushuan0513workout|ziho0512workout,tsenyu0515workout,hsianshun0514workout,hsianshun0514workout,db_biceps_curl,2,10.0,8.759187952031073,gyro_diff_gain_last2_vs_first2,lowdim_set_trend,IMU trend
M4_add_one__gyro_diff_gain_last2_vs_first2,ridge,2,haoyu0512workout|yanz0510workout|yoru0511workout|yushuan0513workout|ziho0512workout,tsenyu0515workout,hsianshun0514workout,hsianshun0514workout,db_rdl,0,4.0,7.29145283784876,gyro_diff_gain_last2_vs_first2,lowdim_set_trend,IMU trend
M4_add_one__gyro_diff_gain_last2_vs_first2,ridge,2,haoyu0512workout|yanz0510workout|yoru0511workout|yushuan0513workout|ziho0512workout,tsenyu0515workout,hsianshun0514workout,hsianshun0514workout,db_rdl,1,6.0,7.770566730071692,gyro_diff_gain_last2_vs_first2,lowdim_set_trend,IMU trend
M4_add_one__gyro_diff_gain_last2_vs_first2,ridge,2,haoyu0512workout|yanz0510workout|yoru0511workout|yushuan0513workout|ziho0512workout,tsenyu0515workout,hsianshun0514workout,hsianshun0514workout,db_rdl,2,8.0,8.206192796883794,gyro_diff_gain_last2_vs_first2,lowdim_set_trend,IMU trend
M4_add_one__gyro_diff_gain_last2_vs_first2,ridge,2,haoyu0512workout|yanz0510workout|yoru0511workout|yushuan0513workout|ziho0512workout,tsenyu0515workout,hsianshun0514workout,hsianshun0514workout,db_shoulder_press,1,9.0,7.788633889713238,gyro_diff_gain_last2_vs_first2,lowdim_set_trend,IMU trend
M4_add_one__gyro_diff_gain_last2_vs_first2,ridge,2,haoyu0512workout|yanz0510workout|yoru0511workout|yushuan0513workout|ziho0512workout,tsenyu0515workout,hsianshun0514workout,hsianshun0514workout,db_shoulder_press,2,10.0,8.863524624654461,gyro_diff_gain_last2_vs_first2,lowdim_set_trend,IMU trend
M4_add_one__gyro_diff_gain_last2_vs_first2,ridge,2,haoyu0512workout|yanz0510workout|yoru0511workout|yushuan0513workout|ziho0512workout,tsenyu0515workout,hsianshun0514workout,hsianshun0514workout,db_shoulder_press,3,10.0,9.131843081280655,gyro_diff_gain_last2_vs_first2,lowdim_set_trend,IMU trend
M4_add_one__gyro_diff_gain_last2_vs_first2,ridge,2,haoyu0512workout|yanz0510workout|yoru0511workout|yushuan0513workout|ziho0512workout,tsenyu0515workout,hsianshun0514workout,hsianshun0514workout,db_squat,0,4.0,6.809423092622478,gyro_diff_gain_last2_vs_first2,lowdim_set_trend,IMU trend
M4_add_one__gyro_diff_gain_last2_vs_first2,ridge,2,haoyu0512workout|yanz0510workout|yoru0511workout|yushuan0513workout|ziho0512workout,tsenyu0515workout,hsianshun0514workout,hsianshun0514workout,db_squat,1,6.0,7.300242699558546,gyro_diff_gain_last2_vs_first2,lowdim_set_trend,IMU trend
M4_add_one__gyro_diff_gain_last2_vs_first2,ridge,2,haoyu0512workout|yanz0510workout|yoru0511workout|yushuan0513workout|ziho0512workout,tsenyu0515workout,hsianshun0514workout,hsianshun0514workout,db_squat,2,7.0,7.824662223811236,gyro_diff_gain_last2_vs_first2,lowdim_set_trend,IMU trend
M4_add_one__gyro_diff_gain_last2_vs_first2,ridge,2,haoyu0512workout|yanz0510workout|yoru0511workout|yushuan0513workout|ziho0512workout,tsenyu0515workout,hsianshun0514workout,hsianshun0514workout,db_triceps_curl,0,4.0,7.599745977781988,gyro_diff_gain_last2_vs_first2,lowdim_set_trend,IMU trend
M4_add_one__gyro_diff_gain_last2_vs_first2,ridge,2,haoyu0512workout|yanz0510workout|yoru0511workout|yushuan0513workout|ziho0512workout,tsenyu0515workout,hsianshun0514workout,hsianshun0514workout,db_triceps_curl,1,7.0,7.404483532767566,gyro_diff_gain_last2_vs_first2,lowdim_set_trend,IMU trend
M4_add_one__gyro_diff_gain_last2_vs_first2,ridge,2,haoyu0512workout|yanz0510workout|yoru0511workout|yushuan0513workout|ziho0512workout,tsenyu0515workout,hsianshun0514workout,hsianshun0514workout,db_triceps_curl,2,8.0,8.219234208070098,gyro_diff_gain_last2_vs_first2,lowdim_set_trend,IMU trend
M4_add_one__gyro_diff_gain_last2_vs_first2,ridge,2,haoyu0512workout|yanz0510workout|yoru0511workout|yushuan0513workout|ziho0512workout,tsenyu0515workout,hsianshun0514workout,hsianshun0514workout,db_weighted_crunch,0,5.0,6.782847025258698,gyro_diff_gain_last2_vs_first2,lowdim_set_trend,IMU trend
M4_add_one__gyro_diff_gain_last2_vs_first2,ridge,2,haoyu0512workout|yanz0510workout|yoru0511workout|yushuan0513workout|ziho0512workout,tsenyu0515workout,hsianshun0514workout,hsianshun0514workout,db_weighted_crunch,2,7.0,7.60855224554503,gyro_diff_gain_last2_vs_first2,lowdim_set_trend,IMU trend
M4_add_one__gyro_diff_gain_last2_vs_first2,ridge,2,haoyu0512workout|yanz0510workout|yoru0511workout|yushuan0513workout|ziho0512workout,tsenyu0515workout,hsianshun0514workout,hsianshun0514workout,db_weighted_crunch,3,7.0,8.265417349135623,gyro_diff_gain_last2_vs_first2,lowdim_set_trend,IMU trend
M4_add_one__gyro_diff_gain_last2_vs_first2,ridge,2,haoyu0512workout|yanz0510workout|yoru0511workout|yushuan0513workout|ziho0512workout,tsenyu0515workout,hsianshun0514workout,hsianshun0514workout,one_arm_db_row,1,7.0,7.250387906563198,gyro_diff_gain_last2_vs_first2,lowdim_set_trend,IMU trend
M4_add_one__gyro_diff_gain_last2_vs_first2,ridge,2,haoyu0512workout|yanz0510workout|yoru0511workout|yushuan0513workout|ziho0512workout,tsenyu0515workout,hsianshun0514workout,hsianshun0514workout,one_arm_db_row,2,8.0,8.203551671418278,gyro_diff_gain_last2_vs_first2,lowdim_set_trend,IMU trend
M4_add_one__gyro_diff_gain_last2_vs_first2,ridge,3,haoyu0512workout|hsianshun0514workout|yoru0511workout|yushuan0513workout|ziho0512workout,yanz0510workout,tsenyu0515workout,tsenyu0515workout,db_bench_press,0,3.0,6.566284015676504,gyro_diff_gain_last2_vs_first2,lowdim_set_trend,IMU trend
M4_add_one__gyro_diff_gain_last2_vs_first2,ridge,3,haoyu0512workout|hsianshun0514workout|yoru0511workout|yushuan0513workout|ziho0512workout,yanz0510workout,tsenyu0515workout,tsenyu0515workout,db_bench_press,1,6.0,7.64504511764522,gyro_diff_gain_last2_vs_first2,lowdim_set_trend,IMU trend
M4_add_one__gyro_diff_gain_last2_vs_first2,ridge,3,haoyu0512workout|hsianshun0514workout|yoru0511workout|yushuan0513workout|ziho0512workout,yanz0510workout,tsenyu0515workout,tsenyu0515workout,db_bench_press,2,8.0,8.916678414175472,gyro_diff_gain_last2_vs_first2,lowdim_set_trend,IMU trend
M4_add_one__gyro_diff_gain_last2_vs_first2,ridge,3,haoyu0512workout|hsianshun0514workout|yoru0511workout|yushuan0513workout|ziho0512workout,yanz0510workout,tsenyu0515workout,tsenyu0515workout,db_biceps_curl,0,6.0,8.452636426095196,gyro_diff_gain_last2_vs_first2,lowdim_set_trend,IMU trend
M4_add_one__gyro_diff_gain_last2_vs_first2,ridge,3,haoyu0512workout|hsianshun0514workout|yoru0511workout|yushuan0513workout|ziho0512workout,yanz0510workout,tsenyu0515workout,tsenyu0515workout,db_biceps_curl,1,9.0,9.960309260951647,gyro_diff_gain_last2_vs_first2,lowdim_set_trend,IMU trend
M4_add_one__gyro_diff_gain_last2_vs_first2,ridge,3,haoyu0512workout|hsianshun0514workout|yoru0511workout|yushuan0513workout|ziho0512workout,yanz0510workout,tsenyu0515workout,tsenyu0515workout,db_biceps_curl,2,9.0,10.98145000211,gyro_diff_gain_last2_vs_first2,lowdim_set_trend,IMU trend
M4_add_one__gyro_diff_gain_last2_vs_first2,ridge,3,haoyu0512workout|hsianshun0514workout|yoru0511workout|yushuan0513workout|ziho0512workout,yanz0510workout,tsenyu0515workout,tsenyu0515workout,db_rdl,0,6.0,7.105801062937526,gyro_diff_gain_last2_vs_first2,lowdim_set_trend,IMU trend
M4_add_one__gyro_diff_gain_last2_vs_first2,ridge,3,haoyu0512workout|hsianshun0514workout|yoru0511workout|yushuan0513workout|ziho0512workout,yanz0510workout,tsenyu0515workout,tsenyu0515workout,db_rdl,1,10.0,8.779368867715586,gyro_diff_gain_last2_vs_first2,lowdim_set_trend,IMU trend
M4_add_one__gyro_diff_gain_last2_vs_first2,ridge,3,haoyu0512workout|hsianshun0514workout|yoru0511workout|yushuan0513workout|ziho0512workout,yanz0510workout,tsenyu0515workout,tsenyu0515workout,db_rdl,2,6.0,9.959017606777177,gyro_diff_gain_last2_vs_first2,lowdim_set_trend,IMU trend
M4_add_one__gyro_diff_gain_last2_vs_first2,ridge,3,haoyu0512workout|hsianshun0514workout|yoru0511workout|yushuan0513workout|ziho0512workout,yanz0510workout,tsenyu0515workout,tsenyu0515workout,db_shoulder_press,0,5.0,8.339016153249972,gyro_diff_gain_last2_vs_first2,lowdim_set_trend,IMU trend
M4_add_one__gyro_diff_gain_last2_vs_first2,ridge,3,haoyu0512workout|hsianshun0514workout|yoru0511workout|yushuan0513workout|ziho0512workout,yanz0510workout,tsenyu0515workout,tsenyu0515workout,db_shoulder_press,1,8.0,9.536864346811248,gyro_diff_gain_last2_vs_first2,lowdim_set_trend,IMU trend
M4_add_one__gyro_diff_gain_last2_vs_first2,ridge,3,haoyu0512workout|hsianshun0514workout|yoru0511workout|yushuan0513workout|ziho0512workout,yanz0510workout,tsenyu0515workout,tsenyu0515workout,db_shoulder_press,2,9.0,10.602146337683617,gyro_diff_gain_last2_vs_first2,lowdim_set_trend,IMU trend
M4_add_one__gyro_diff_gain_last2_vs_first2,ridge,3,haoyu0512workout|hsianshun0514workout|yoru0511workout|yushuan0513workout|ziho0512workout,yanz0510workout,tsenyu0515workout,tsenyu0515workout,db_squat,1,4.0,6.219110685175335,gyro_diff_gain_last2_vs_first2,lowdim_set_trend,IMU trend
M4_add_one__gyro_diff_gain_last2_vs_first2,ridge,3,haoyu0512workout|hsianshun0514workout|yoru0511workout|yushuan0513workout|ziho0512workout,yanz0510workout,tsenyu0515workout,tsenyu0515workout,db_squat,2,6.0,7.380608370446905,gyro_diff_gain_last2_vs_first2,lowdim_set_trend,IMU trend
M4_add_one__gyro_diff_gain_last2_vs_first2,ridge,3,haoyu0512workout|hsianshun0514workout|yoru0511workout|yushuan0513workout|ziho0512workout,yanz0510workout,tsenyu0515workout,tsenyu0515workout,db_squat,3,5.0,8.303715891406027,gyro_diff_gain_last2_vs_first2,lowdim_set_trend,IMU trend
M4_add_one__gyro_diff_gain_last2_vs_first2,ridge,3,haoyu0512workout|hsianshun0514workout|yoru0511workout|yushuan0513workout|ziho0512workout,yanz0510workout,tsenyu0515workout,tsenyu0515workout,db_triceps_curl,0,4.0,6.497749699278733,gyro_diff_gain_last2_vs_first2,lowdim_set_trend,IMU trend
M4_add_one__gyro_diff_gain_last2_vs_first2,ridge,3,haoyu0512workout|hsianshun0514workout|yoru0511workout|yushuan0513workout|ziho0512workout,yanz0510workout,tsenyu0515workout,tsenyu0515workout,db_triceps_curl,1,6.0,7.503191056453257,gyro_diff_gain_last2_vs_first2,lowdim_set_trend,IMU trend
M4_add_one__gyro_diff_gain_last2_vs_first2,ridge,3,haoyu0512workout|hsianshun0514workout|yoru0511workout|yushuan0513workout|ziho0512workout,yanz0510workout,tsenyu0515workout,tsenyu0515workout,db_triceps_curl,2,7.0,8.574426358403407,gyro_diff_gain_last2_vs_first2,lowdim_set_trend,IMU trend
M4_add_one__gyro_diff_gain_last2_vs_first2,ridge,3,haoyu0512workout|hsianshun0514workout|yoru0511workout|yushuan0513workout|ziho0512workout,yanz0510workout,tsenyu0515workout,tsenyu0515workout,db_weighted_crunch,0,3.0,5.875480161627428,gyro_diff_gain_last2_vs_first2,lowdim_set_trend,IMU trend
M4_add_one__gyro_diff_gain_last2_vs_first2,ridge,3,haoyu0512workout|hsianshun0514workout|yoru0511workout|yushuan0513workout|ziho0512workout,yanz0510workout,tsenyu0515workout,tsenyu0515workout,db_weighted_crunch,1,5.0,6.677107165017706,gyro_diff_gain_last2_vs_first2,lowdim_set_trend,IMU trend
M4_add_one__gyro_diff_gain_last2_vs_first2,ridge,3,haoyu0512workout|hsianshun0514workout|yoru0511workout|yushuan0513workout|ziho0512workout,yanz0510workout,tsenyu0515workout,tsenyu0515workout,db_weighted_crunch,2,7.0,7.583138322668744,gyro_diff_gain_last2_vs_first2,lowdim_set_trend,IMU trend
M4_add_one__gyro_diff_gain_last2_vs_first2,ridge,3,haoyu0512workout|hsianshun0514workout|yoru0511workout|yushuan0513workout|ziho0512workout,yanz0510workout,tsenyu0515workout,tsenyu0515workout,one_arm_db_row,0,5.0,7.2443306625992845,gyro_diff_gain_last2_vs_first2,lowdim_set_trend,IMU trend
M4_add_one__gyro_diff_gain_last2_vs_first2,ridge,3,haoyu0512workout|hsianshun0514workout|yoru0511workout|yushuan0513workout|ziho0512workout,yanz0510workout,tsenyu0515workout,tsenyu0515workout,one_arm_db_row,1,8.0,8.49874757595743,gyro_diff_gain_last2_vs_first2,lowdim_set_trend,IMU trend
M4_add_one__gyro_diff_gain_last2_vs_first2,ridge,3,haoyu0512workout|hsianshun0514workout|yoru0511workout|yushuan0513workout|ziho0512workout,yanz0510workout,tsenyu0515workout,tsenyu0515workout,one_arm_db_row,2,9.0,9.59546088087375,gyro_diff_gain_last2_vs_first2,lowdim_set_trend,IMU trend
M4_add_one__gyro_diff_gain_last2_vs_first2,ridge,4,haoyu0512workout|hsianshun0514workout|tsenyu0515workout|yushuan0513workout|ziho0512workout,yoru0511workout,yanz0510workout,yanz0510workout,db_bench_press,2,5.0,7.674653913625016,gyro_diff_gain_last2_vs_first2,lowdim_set_trend,IMU trend
M4_add_one__gyro_diff_gain_last2_vs_first2,ridge,4,haoyu0512workout|hsianshun0514workout|tsenyu0515workout|yushuan0513workout|ziho0512workout,yoru0511workout,yanz0510workout,yanz0510workout,db_bench_press,3,7.0,8.295720737999416,gyro_diff_gain_last2_vs_first2,lowdim_set_trend,IMU trend
M4_add_one__gyro_diff_gain_last2_vs_first2,ridge,4,haoyu0512workout|hsianshun0514workout|tsenyu0515workout|yushuan0513workout|ziho0512workout,yoru0511workout,yanz0510workout,yanz0510workout,db_bench_press,4,8.0,8.827238934534078,gyro_diff_gain_last2_vs_first2,lowdim_set_trend,IMU trend
M4_add_one__gyro_diff_gain_last2_vs_first2,ridge,4,haoyu0512workout|hsianshun0514workout|tsenyu0515workout|yushuan0513workout|ziho0512workout,yoru0511workout,yanz0510workout,yanz0510workout,db_biceps_curl,0,7.0,7.648590047202723,gyro_diff_gain_last2_vs_first2,lowdim_set_trend,IMU trend
M4_add_one__gyro_diff_gain_last2_vs_first2,ridge,4,haoyu0512workout|hsianshun0514workout|tsenyu0515workout|yushuan0513workout|ziho0512workout,yoru0511workout,yanz0510workout,yanz0510workout,db_biceps_curl,1,9.0,8.364873383300957,gyro_diff_gain_last2_vs_first2,lowdim_set_trend,IMU trend
M4_add_one__gyro_diff_gain_last2_vs_first2,ridge,4,haoyu0512workout|hsianshun0514workout|tsenyu0515workout|yushuan0513workout|ziho0512workout,yoru0511workout,yanz0510workout,yanz0510workout,db_biceps_curl,2,10.0,8.741596479662464,gyro_diff_gain_last2_vs_first2,lowdim_set_trend,IMU trend
M4_add_one__gyro_diff_gain_last2_vs_first2,ridge,4,haoyu0512workout|hsianshun0514workout|tsenyu0515workout|yushuan0513workout|ziho0512workout,yoru0511workout,yanz0510workout,yanz0510workout,db_rdl,0,5.0,6.960848742089654,gyro_diff_gain_last2_vs_first2,lowdim_set_trend,IMU trend
M4_add_one__gyro_diff_gain_last2_vs_first2,ridge,4,haoyu0512workout|hsianshun0514workout|tsenyu0515workout|yushuan0513workout|ziho0512workout,yoru0511workout,yanz0510workout,yanz0510workout,db_rdl,1,8.0,7.589470178985372,gyro_diff_gain_last2_vs_first2,lowdim_set_trend,IMU trend
M4_add_one__gyro_diff_gain_last2_vs_first2,ridge,4,haoyu0512workout|hsianshun0514workout|tsenyu0515workout|yushuan0513workout|ziho0512workout,yoru0511workout,yanz0510workout,yanz0510workout,db_rdl,2,9.0,8.221701392092355,gyro_diff_gain_last2_vs_first2,lowdim_set_trend,IMU trend
M4_add_one__gyro_diff_gain_last2_vs_first2,ridge,4,haoyu0512workout|hsianshun0514workout|tsenyu0515workout|yushuan0513workout|ziho0512workout,yoru0511workout,yanz0510workout,yanz0510workout,db_shoulder_press,1,7.0,8.002143780261218,gyro_diff_gain_last2_vs_first2,lowdim_set_trend,IMU trend
M4_add_one__gyro_diff_gain_last2_vs_first2,ridge,4,haoyu0512workout|hsianshun0514workout|tsenyu0515workout|yushuan0513workout|ziho0512workout,yoru0511workout,yanz0510workout,yanz0510workout,db_shoulder_press,2,10.0,8.489758743201413,gyro_diff_gain_last2_vs_first2,lowdim_set_trend,IMU trend
M4_add_one__gyro_diff_gain_last2_vs_first2,ridge,4,haoyu0512workout|hsianshun0514workout|tsenyu0515workout|yushuan0513workout|ziho0512workout,yoru0511workout,yanz0510workout,yanz0510workout,db_shoulder_press,3,10.0,8.973177134981892,gyro_diff_gain_last2_vs_first2,lowdim_set_trend,IMU trend
M4_add_one__gyro_diff_gain_last2_vs_first2,ridge,4,haoyu0512workout|hsianshun0514workout|tsenyu0515workout|yushuan0513workout|ziho0512workout,yoru0511workout,yanz0510workout,yanz0510workout,db_squat,0,7.0,6.399525228692401,gyro_diff_gain_last2_vs_first2,lowdim_set_trend,IMU trend
M4_add_one__gyro_diff_gain_last2_vs_first2,ridge,4,haoyu0512workout|hsianshun0514workout|tsenyu0515workout|yushuan0513workout|ziho0512workout,yoru0511workout,yanz0510workout,yanz0510workout,db_squat,1,8.0,6.959883622543809,gyro_diff_gain_last2_vs_first2,lowdim_set_trend,IMU trend
M4_add_one__gyro_diff_gain_last2_vs_first2,ridge,4,haoyu0512workout|hsianshun0514workout|tsenyu0515workout|yushuan0513workout|ziho0512workout,yoru0511workout,yanz0510workout,yanz0510workout,db_squat,2,9.0,7.399011100999579,gyro_diff_gain_last2_vs_first2,lowdim_set_trend,IMU trend
M4_add_one__gyro_diff_gain_last2_vs_first2,ridge,4,haoyu0512workout|hsianshun0514workout|tsenyu0515workout|yushuan0513workout|ziho0512workout,yoru0511workout,yanz0510workout,yanz0510workout,db_triceps_curl,0,7.0,6.737647148964141,gyro_diff_gain_last2_vs_first2,lowdim_set_trend,IMU trend
M4_add_one__gyro_diff_gain_last2_vs_first2,ridge,4,haoyu0512workout|hsianshun0514workout|tsenyu0515workout|yushuan0513workout|ziho0512workout,yoru0511workout,yanz0510workout,yanz0510workout,db_triceps_curl,2,8.0,7.734256776957225,gyro_diff_gain_last2_vs_first2,lowdim_set_trend,IMU trend
M4_add_one__gyro_diff_gain_last2_vs_first2,ridge,4,haoyu0512workout|hsianshun0514workout|tsenyu0515workout|yushuan0513workout|ziho0512workout,yoru0511workout,yanz0510workout,yanz0510workout,db_triceps_curl,4,9.0,8.608020556838193,gyro_diff_gain_last2_vs_first2,lowdim_set_trend,IMU trend
M4_add_one__gyro_diff_gain_last2_vs_first2,ridge,4,haoyu0512workout|hsianshun0514workout|tsenyu0515workout|yushuan0513workout|ziho0512workout,yoru0511workout,yanz0510workout,yanz0510workout,db_weighted_crunch,0,6.0,6.292528328414143,gyro_diff_gain_last2_vs_first2,lowdim_set_trend,IMU trend
M4_add_one__gyro_diff_gain_last2_vs_first2,ridge,4,haoyu0512workout|hsianshun0514workout|tsenyu0515workout|yushuan0513workout|ziho0512workout,yoru0511workout,yanz0510workout,yanz0510workout,db_weighted_crunch,2,7.0,7.23148149457627,gyro_diff_gain_last2_vs_first2,lowdim_set_trend,IMU trend
M4_add_one__gyro_diff_gain_last2_vs_first2,ridge,4,haoyu0512workout|hsianshun0514workout|tsenyu0515workout|yushuan0513workout|ziho0512workout,yoru0511workout,yanz0510workout,yanz0510workout,db_weighted_crunch,3,8.0,7.773063204991683,gyro_diff_gain_last2_vs_first2,lowdim_set_trend,IMU trend
M4_add_one__gyro_diff_gain_last2_vs_first2,ridge,4,haoyu0512workout|hsianshun0514workout|tsenyu0515workout|yushuan0513workout|ziho0512workout,yoru0511workout,yanz0510workout,yanz0510workout,one_arm_db_row,0,6.0,7.227759340491598,gyro_diff_gain_last2_vs_first2,lowdim_set_trend,IMU trend
M4_add_one__gyro_diff_gain_last2_vs_first2,ridge,4,haoyu0512workout|hsianshun0514workout|tsenyu0515workout|yushuan0513workout|ziho0512workout,yoru0511workout,yanz0510workout,yanz0510workout,one_arm_db_row,1,7.0,7.830976096518119,gyro_diff_gain_last2_vs_first2,lowdim_set_trend,IMU trend
M4_add_one__gyro_diff_gain_last2_vs_first2,ridge,4,haoyu0512workout|hsianshun0514workout|tsenyu0515workout|yushuan0513workout|ziho0512workout,yoru0511workout,yanz0510workout,yanz0510workout,one_arm_db_row,2,9.0,8.318024723869447,gyro_diff_gain_last2_vs_first2,lowdim_set_trend,IMU trend
M4_add_one__gyro_diff_gain_last2_vs_first2,ridge,5,haoyu0512workout|hsianshun0514workout|tsenyu0515workout|yanz0510workout|ziho0512workout,yushuan0513workout,yoru0511workout,yoru0511workout,db_bench_press,0,3.0,5.663229421805923,gyro_diff_gain_last2_vs_first2,lowdim_set_trend,IMU trend
M4_add_one__gyro_diff_gain_last2_vs_first2,ridge,5,haoyu0512workout|hsianshun0514workout|tsenyu0515workout|yanz0510workout|ziho0512workout,yushuan0513workout,yoru0511workout,yoru0511workout,db_bench_press,4,5.0,8.409077729222936,gyro_diff_gain_last2_vs_first2,lowdim_set_trend,IMU trend
M4_add_one__gyro_diff_gain_last2_vs_first2,ridge,5,haoyu0512workout|hsianshun0514workout|tsenyu0515workout|yanz0510workout|ziho0512workout,yushuan0513workout,yoru0511workout,yoru0511workout,db_bench_press,5,7.0,9.40357307180969,gyro_diff_gain_last2_vs_first2,lowdim_set_trend,IMU trend
M4_add_one__gyro_diff_gain_last2_vs_first2,ridge,5,haoyu0512workout|hsianshun0514workout|tsenyu0515workout|yanz0510workout|ziho0512workout,yushuan0513workout,yoru0511workout,yoru0511workout,db_biceps_curl,0,6.0,7.824074356829002,gyro_diff_gain_last2_vs_first2,lowdim_set_trend,IMU trend
M4_add_one__gyro_diff_gain_last2_vs_first2,ridge,5,haoyu0512workout|hsianshun0514workout|tsenyu0515workout|yanz0510workout|ziho0512workout,yushuan0513workout,yoru0511workout,yoru0511workout,db_biceps_curl,1,8.0,8.661169905732004,gyro_diff_gain_last2_vs_first2,lowdim_set_trend,IMU trend
M4_add_one__gyro_diff_gain_last2_vs_first2,ridge,5,haoyu0512workout|hsianshun0514workout|tsenyu0515workout|yanz0510workout|ziho0512workout,yushuan0513workout,yoru0511workout,yoru0511workout,db_biceps_curl,2,9.0,9.4386590886205,gyro_diff_gain_last2_vs_first2,lowdim_set_trend,IMU trend
M4_add_one__gyro_diff_gain_last2_vs_first2,ridge,5,haoyu0512workout|hsianshun0514workout|tsenyu0515workout|yanz0510workout|ziho0512workout,yushuan0513workout,yoru0511workout,yoru0511workout,db_rdl,0,6.0,6.483454196024047,gyro_diff_gain_last2_vs_first2,lowdim_set_trend,IMU trend
M4_add_one__gyro_diff_gain_last2_vs_first2,ridge,5,haoyu0512workout|hsianshun0514workout|tsenyu0515workout|yanz0510workout|ziho0512workout,yushuan0513workout,yoru0511workout,yoru0511workout,db_rdl,1,6.0,7.4750101537286575,gyro_diff_gain_last2_vs_first2,lowdim_set_trend,IMU trend
M4_add_one__gyro_diff_gain_last2_vs_first2,ridge,5,haoyu0512workout|hsianshun0514workout|tsenyu0515workout|yanz0510workout|ziho0512workout,yushuan0513workout,yoru0511workout,yoru0511workout,db_rdl,2,7.0,8.389397663736597,gyro_diff_gain_last2_vs_first2,lowdim_set_trend,IMU trend
M4_add_one__gyro_diff_gain_last2_vs_first2,ridge,5,haoyu0512workout|hsianshun0514workout|tsenyu0515workout|yanz0510workout|ziho0512workout,yushuan0513workout,yoru0511workout,yoru0511workout,db_shoulder_press,0,7.0,7.643416277131583,gyro_diff_gain_last2_vs_first2,lowdim_set_trend,IMU trend
M4_add_one__gyro_diff_gain_last2_vs_first2,ridge,5,haoyu0512workout|hsianshun0514workout|tsenyu0515workout|yanz0510workout|ziho0512workout,yushuan0513workout,yoru0511workout,yoru0511workout,db_shoulder_press,1,8.0,8.435696159331762,gyro_diff_gain_last2_vs_first2,lowdim_set_trend,IMU trend
M4_add_one__gyro_diff_gain_last2_vs_first2,ridge,5,haoyu0512workout|hsianshun0514workout|tsenyu0515workout|yanz0510workout|ziho0512workout,yushuan0513workout,yoru0511workout,yoru0511workout,db_shoulder_press,2,9.0,9.252874003210234,gyro_diff_gain_last2_vs_first2,lowdim_set_trend,IMU trend
M4_add_one__gyro_diff_gain_last2_vs_first2,ridge,5,haoyu0512workout|hsianshun0514workout|tsenyu0515workout|yanz0510workout|ziho0512workout,yushuan0513workout,yoru0511workout,yoru0511workout,db_squat,0,4.0,5.898528243181353,gyro_diff_gain_last2_vs_first2,lowdim_set_trend,IMU trend
M4_add_one__gyro_diff_gain_last2_vs_first2,ridge,5,haoyu0512workout|hsianshun0514workout|tsenyu0515workout|yanz0510workout|ziho0512workout,yushuan0513workout,yoru0511workout,yoru0511workout,db_squat,1,5.0,6.734136165364182,gyro_diff_gain_last2_vs_first2,lowdim_set_trend,IMU trend
M4_add_one__gyro_diff_gain_last2_vs_first2,ridge,5,haoyu0512workout|hsianshun0514workout|tsenyu0515workout|yanz0510workout|ziho0512workout,yushuan0513workout,yoru0511workout,yoru0511workout,db_squat,2,6.0,7.649274068076522,gyro_diff_gain_last2_vs_first2,lowdim_set_trend,IMU trend
M4_add_one__gyro_diff_gain_last2_vs_first2,ridge,5,haoyu0512workout|hsianshun0514workout|tsenyu0515workout|yanz0510workout|ziho0512workout,yushuan0513workout,yoru0511workout,yoru0511workout,db_triceps_curl,0,5.0,6.345663440103828,gyro_diff_gain_last2_vs_first2,lowdim_set_trend,IMU trend
M4_add_one__gyro_diff_gain_last2_vs_first2,ridge,5,haoyu0512workout|hsianshun0514workout|tsenyu0515workout|yanz0510workout|ziho0512workout,yushuan0513workout,yoru0511workout,yoru0511workout,db_triceps_curl,1,5.0,7.337812620034503,gyro_diff_gain_last2_vs_first2,lowdim_set_trend,IMU trend
M4_add_one__gyro_diff_gain_last2_vs_first2,ridge,5,haoyu0512workout|hsianshun0514workout|tsenyu0515workout|yanz0510workout|ziho0512workout,yushuan0513workout,yoru0511workout,yoru0511workout,db_triceps_curl,2,6.0,8.014247338184516,gyro_diff_gain_last2_vs_first2,lowdim_set_trend,IMU trend
M4_add_one__gyro_diff_gain_last2_vs_first2,ridge,5,haoyu0512workout|hsianshun0514workout|tsenyu0515workout|yanz0510workout|ziho0512workout,yushuan0513workout,yoru0511workout,yoru0511workout,db_weighted_crunch,0,6.0,5.400471379858089,gyro_diff_gain_last2_vs_first2,lowdim_set_trend,IMU trend
M4_add_one__gyro_diff_gain_last2_vs_first2,ridge,5,haoyu0512workout|hsianshun0514workout|tsenyu0515workout|yanz0510workout|ziho0512workout,yushuan0513workout,yoru0511workout,yoru0511workout,db_weighted_crunch,1,7.0,6.291184367408434,gyro_diff_gain_last2_vs_first2,lowdim_set_trend,IMU trend
M4_add_one__gyro_diff_gain_last2_vs_first2,ridge,5,haoyu0512workout|hsianshun0514workout|tsenyu0515workout|yanz0510workout|ziho0512workout,yushuan0513workout,yoru0511workout,yoru0511workout,db_weighted_crunch,2,7.0,7.1517920624262485,gyro_diff_gain_last2_vs_first2,lowdim_set_trend,IMU trend
M4_add_one__gyro_diff_gain_last2_vs_first2,ridge,5,haoyu0512workout|hsianshun0514workout|tsenyu0515workout|yanz0510workout|ziho0512workout,yushuan0513workout,yoru0511workout,yoru0511workout,one_arm_db_row,0,5.0,6.748869000330549,gyro_diff_gain_last2_vs_first2,lowdim_set_trend,IMU trend
M4_add_one__gyro_diff_gain_last2_vs_first2,ridge,5,haoyu0512workout|hsianshun0514workout|tsenyu0515workout|yanz0510workout|ziho0512workout,yushuan0513workout,yoru0511workout,yoru0511workout,one_arm_db_row,2,7.0,8.109921547017436,gyro_diff_gain_last2_vs_first2,lowdim_set_trend,IMU trend
M4_add_one__gyro_diff_gain_last2_vs_first2,ridge,5,haoyu0512workout|hsianshun0514workout|tsenyu0515workout|yanz0510workout|ziho0512workout,yushuan0513workout,yoru0511workout,yoru0511workout,one_arm_db_row,3,8.0,9.063374518491342,gyro_diff_gain_last2_vs_first2,lowdim_set_trend,IMU trend
M4_add_one__gyro_diff_gain_last2_vs_first2,ridge,6,haoyu0512workout|hsianshun0514workout|tsenyu0515workout|yanz0510workout|yoru0511workout,ziho0512workout,yushuan0513workout,yushuan0513workout,db_bench_press,0,9.0,5.910805138282721,gyro_diff_gain_last2_vs_first2,lowdim_set_trend,IMU trend
M4_add_one__gyro_diff_gain_last2_vs_first2,ridge,6,haoyu0512workout|hsianshun0514workout|tsenyu0515workout|yanz0510workout|yoru0511workout,ziho0512workout,yushuan0513workout,yushuan0513workout,db_bench_press,1,10.0,6.603911067410255,gyro_diff_gain_last2_vs_first2,lowdim_set_trend,IMU trend
M4_add_one__gyro_diff_gain_last2_vs_first2,ridge,6,haoyu0512workout|hsianshun0514workout|tsenyu0515workout|yanz0510workout|yoru0511workout,ziho0512workout,yushuan0513workout,yushuan0513workout,db_bench_press,3,10.0,7.4853310507394895,gyro_diff_gain_last2_vs_first2,lowdim_set_trend,IMU trend
M4_add_one__gyro_diff_gain_last2_vs_first2,ridge,6,haoyu0512workout|hsianshun0514workout|tsenyu0515workout|yanz0510workout|yoru0511workout,ziho0512workout,yushuan0513workout,yushuan0513workout,db_biceps_curl,0,7.0,7.156912827820155,gyro_diff_gain_last2_vs_first2,lowdim_set_trend,IMU trend
M4_add_one__gyro_diff_gain_last2_vs_first2,ridge,6,haoyu0512workout|hsianshun0514workout|tsenyu0515workout|yanz0510workout|yoru0511workout,ziho0512workout,yushuan0513workout,yushuan0513workout,db_biceps_curl,1,9.0,7.765873779319761,gyro_diff_gain_last2_vs_first2,lowdim_set_trend,IMU trend
M4_add_one__gyro_diff_gain_last2_vs_first2,ridge,6,haoyu0512workout|hsianshun0514workout|tsenyu0515workout|yanz0510workout|yoru0511workout,ziho0512workout,yushuan0513workout,yushuan0513workout,db_biceps_curl,2,10.0,8.38466286634252,gyro_diff_gain_last2_vs_first2,lowdim_set_trend,IMU trend
M4_add_one__gyro_diff_gain_last2_vs_first2,ridge,6,haoyu0512workout|hsianshun0514workout|tsenyu0515workout|yanz0510workout|yoru0511workout,ziho0512workout,yushuan0513workout,yushuan0513workout,db_rdl,0,6.0,6.522808390051995,gyro_diff_gain_last2_vs_first2,lowdim_set_trend,IMU trend
M4_add_one__gyro_diff_gain_last2_vs_first2,ridge,6,haoyu0512workout|hsianshun0514workout|tsenyu0515workout|yanz0510workout|yoru0511workout,ziho0512workout,yushuan0513workout,yushuan0513workout,db_rdl,1,8.0,7.100206990391782,gyro_diff_gain_last2_vs_first2,lowdim_set_trend,IMU trend
M4_add_one__gyro_diff_gain_last2_vs_first2,ridge,6,haoyu0512workout|hsianshun0514workout|tsenyu0515workout|yanz0510workout|yoru0511workout,ziho0512workout,yushuan0513workout,yushuan0513workout,db_rdl,2,8.0,7.888939352569763,gyro_diff_gain_last2_vs_first2,lowdim_set_trend,IMU trend
M4_add_one__gyro_diff_gain_last2_vs_first2,ridge,6,haoyu0512workout|hsianshun0514workout|tsenyu0515workout|yanz0510workout|yoru0511workout,ziho0512workout,yushuan0513workout,yushuan0513workout,db_shoulder_press,0,8.0,7.357414192477283,gyro_diff_gain_last2_vs_first2,lowdim_set_trend,IMU trend
M4_add_one__gyro_diff_gain_last2_vs_first2,ridge,6,haoyu0512workout|hsianshun0514workout|tsenyu0515workout|yanz0510workout|yoru0511workout,ziho0512workout,yushuan0513workout,yushuan0513workout,db_shoulder_press,1,9.0,8.021639438903147,gyro_diff_gain_last2_vs_first2,lowdim_set_trend,IMU trend
M4_add_one__gyro_diff_gain_last2_vs_first2,ridge,6,haoyu0512workout|hsianshun0514workout|tsenyu0515workout|yanz0510workout|yoru0511workout,ziho0512workout,yushuan0513workout,yushuan0513workout,db_shoulder_press,2,10.0,8.741283376650133,gyro_diff_gain_last2_vs_first2,lowdim_set_trend,IMU trend
M4_add_one__gyro_diff_gain_last2_vs_first2,ridge,6,haoyu0512workout|hsianshun0514workout|tsenyu0515workout|yanz0510workout|yoru0511workout,ziho0512workout,yushuan0513workout,yushuan0513workout,db_squat,0,6.0,5.960005072506297,gyro_diff_gain_last2_vs_first2,lowdim_set_trend,IMU trend
M4_add_one__gyro_diff_gain_last2_vs_first2,ridge,6,haoyu0512workout|hsianshun0514workout|tsenyu0515workout|yanz0510workout|yoru0511workout,ziho0512workout,yushuan0513workout,yushuan0513workout,db_squat,1,7.0,6.617131110136025,gyro_diff_gain_last2_vs_first2,lowdim_set_trend,IMU trend
M4_add_one__gyro_diff_gain_last2_vs_first2,ridge,6,haoyu0512workout|hsianshun0514workout|tsenyu0515workout|yanz0510workout|yoru0511workout,ziho0512workout,yushuan0513workout,yushuan0513workout,db_squat,2,8.0,7.2486696825371455,gyro_diff_gain_last2_vs_first2,lowdim_set_trend,IMU trend
M4_add_one__gyro_diff_gain_last2_vs_first2,ridge,6,haoyu0512workout|hsianshun0514workout|tsenyu0515workout|yanz0510workout|yoru0511workout,ziho0512workout,yushuan0513workout,yushuan0513workout,db_triceps_curl,0,6.0,6.203133149374328,gyro_diff_gain_last2_vs_first2,lowdim_set_trend,IMU trend
M4_add_one__gyro_diff_gain_last2_vs_first2,ridge,6,haoyu0512workout|hsianshun0514workout|tsenyu0515workout|yanz0510workout|yoru0511workout,ziho0512workout,yushuan0513workout,yushuan0513workout,db_triceps_curl,1,7.0,6.6833924043716735,gyro_diff_gain_last2_vs_first2,lowdim_set_trend,IMU trend
M4_add_one__gyro_diff_gain_last2_vs_first2,ridge,6,haoyu0512workout|hsianshun0514workout|tsenyu0515workout|yanz0510workout|yoru0511workout,ziho0512workout,yushuan0513workout,yushuan0513workout,db_triceps_curl,2,9.0,7.295792807374453,gyro_diff_gain_last2_vs_first2,lowdim_set_trend,IMU trend
M4_add_one__gyro_diff_gain_last2_vs_first2,ridge,6,haoyu0512workout|hsianshun0514workout|tsenyu0515workout|yanz0510workout|yoru0511workout,ziho0512workout,yushuan0513workout,yushuan0513workout,db_weighted_crunch,0,5.0,6.235420411169203,gyro_diff_gain_last2_vs_first2,lowdim_set_trend,IMU trend
M4_add_one__gyro_diff_gain_last2_vs_first2,ridge,6,haoyu0512workout|hsianshun0514workout|tsenyu0515workout|yanz0510workout|yoru0511workout,ziho0512workout,yushuan0513workout,yushuan0513workout,db_weighted_crunch,1,6.0,6.7167628326222175,gyro_diff_gain_last2_vs_first2,lowdim_set_trend,IMU trend
M4_add_one__gyro_diff_gain_last2_vs_first2,ridge,6,haoyu0512workout|hsianshun0514workout|tsenyu0515workout|yanz0510workout|yoru0511workout,ziho0512workout,yushuan0513workout,yushuan0513workout,db_weighted_crunch,2,7.0,7.49396811405467,gyro_diff_gain_last2_vs_first2,lowdim_set_trend,IMU trend
M4_add_one__gyro_diff_gain_last2_vs_first2,ridge,6,haoyu0512workout|hsianshun0514workout|tsenyu0515workout|yanz0510workout|yoru0511workout,ziho0512workout,yushuan0513workout,yushuan0513workout,one_arm_db_row,0,9.0,6.755943545054716,gyro_diff_gain_last2_vs_first2,lowdim_set_trend,IMU trend
M4_add_one__gyro_diff_gain_last2_vs_first2,ridge,6,haoyu0512workout|hsianshun0514workout|tsenyu0515workout|yanz0510workout|yoru0511workout,ziho0512workout,yushuan0513workout,yushuan0513workout,one_arm_db_row,1,8.0,7.349533766541604,gyro_diff_gain_last2_vs_first2,lowdim_set_trend,IMU trend
M4_add_one__gyro_diff_gain_last2_vs_first2,ridge,6,haoyu0512workout|hsianshun0514workout|tsenyu0515workout|yanz0510workout|yoru0511workout,ziho0512workout,yushuan0513workout,yushuan0513workout,one_arm_db_row,2,9.0,7.960675824096035,gyro_diff_gain_last2_vs_first2,lowdim_set_trend,IMU trend
M4_add_one__gyro_diff_gain_last2_vs_first2,ridge,7,hsianshun0514workout|tsenyu0515workout|yanz0510workout|yoru0511workout|yushuan0513workout,haoyu0512workout,ziho0512workout,ziho0512workout,db_bench_press,1,8.0,6.175722208169498,gyro_diff_gain_last2_vs_first2,lowdim_set_trend,IMU trend
M4_add_one__gyro_diff_gain_last2_vs_first2,ridge,7,hsianshun0514workout|tsenyu0515workout|yanz0510workout|yoru0511workout|yushuan0513workout,haoyu0512workout,ziho0512workout,ziho0512workout,db_bench_press,2,9.0,6.8065606204590825,gyro_diff_gain_last2_vs_first2,lowdim_set_trend,IMU trend
M4_add_one__gyro_diff_gain_last2_vs_first2,ridge,7,hsianshun0514workout|tsenyu0515workout|yanz0510workout|yoru0511workout|yushuan0513workout,haoyu0512workout,ziho0512workout,ziho0512workout,db_bench_press,3,10.0,7.310709588291589,gyro_diff_gain_last2_vs_first2,lowdim_set_trend,IMU trend
M4_add_one__gyro_diff_gain_last2_vs_first2,ridge,7,hsianshun0514workout|tsenyu0515workout|yanz0510workout|yoru0511workout|yushuan0513workout,haoyu0512workout,ziho0512workout,ziho0512workout,db_biceps_curl,0,9.0,7.235570090882181,gyro_diff_gain_last2_vs_first2,lowdim_set_trend,IMU trend
M4_add_one__gyro_diff_gain_last2_vs_first2,ridge,7,hsianshun0514workout|tsenyu0515workout|yanz0510workout|yoru0511workout|yushuan0513workout,haoyu0512workout,ziho0512workout,ziho0512workout,db_biceps_curl,1,9.0,7.992560814754533,gyro_diff_gain_last2_vs_first2,lowdim_set_trend,IMU trend
M4_add_one__gyro_diff_gain_last2_vs_first2,ridge,7,hsianshun0514workout|tsenyu0515workout|yanz0510workout|yoru0511workout|yushuan0513workout,haoyu0512workout,ziho0512workout,ziho0512workout,db_biceps_curl,2,9.0,8.66973176454485,gyro_diff_gain_last2_vs_first2,lowdim_set_trend,IMU trend
M4_add_one__gyro_diff_gain_last2_vs_first2,ridge,7,hsianshun0514workout|tsenyu0515workout|yanz0510workout|yoru0511workout|yushuan0513workout,haoyu0512workout,ziho0512workout,ziho0512workout,db_rdl,0,8.0,6.128451378926886,gyro_diff_gain_last2_vs_first2,lowdim_set_trend,IMU trend
M4_add_one__gyro_diff_gain_last2_vs_first2,ridge,7,hsianshun0514workout|tsenyu0515workout|yanz0510workout|yoru0511workout|yushuan0513workout,haoyu0512workout,ziho0512workout,ziho0512workout,db_rdl,2,9.0,6.979897785025061,gyro_diff_gain_last2_vs_first2,lowdim_set_trend,IMU trend
M4_add_one__gyro_diff_gain_last2_vs_first2,ridge,7,hsianshun0514workout|tsenyu0515workout|yanz0510workout|yoru0511workout|yushuan0513workout,haoyu0512workout,ziho0512workout,ziho0512workout,db_shoulder_press,0,10.0,7.2057606312060685,gyro_diff_gain_last2_vs_first2,lowdim_set_trend,IMU trend
M4_add_one__gyro_diff_gain_last2_vs_first2,ridge,7,hsianshun0514workout|tsenyu0515workout|yanz0510workout|yoru0511workout|yushuan0513workout,haoyu0512workout,ziho0512workout,ziho0512workout,db_shoulder_press,1,10.0,7.903335500550382,gyro_diff_gain_last2_vs_first2,lowdim_set_trend,IMU trend
M4_add_one__gyro_diff_gain_last2_vs_first2,ridge,7,hsianshun0514workout|tsenyu0515workout|yanz0510workout|yoru0511workout|yushuan0513workout,haoyu0512workout,ziho0512workout,ziho0512workout,db_shoulder_press,2,10.0,8.380754368277273,gyro_diff_gain_last2_vs_first2,lowdim_set_trend,IMU trend
M4_add_one__gyro_diff_gain_last2_vs_first2,ridge,7,hsianshun0514workout|tsenyu0515workout|yanz0510workout|yoru0511workout|yushuan0513workout,haoyu0512workout,ziho0512workout,ziho0512workout,db_squat,0,7.0,5.722166473971068,gyro_diff_gain_last2_vs_first2,lowdim_set_trend,IMU trend
M4_add_one__gyro_diff_gain_last2_vs_first2,ridge,7,hsianshun0514workout|tsenyu0515workout|yanz0510workout|yoru0511workout|yushuan0513workout,haoyu0512workout,ziho0512workout,ziho0512workout,db_squat,1,8.0,6.549264964879053,gyro_diff_gain_last2_vs_first2,lowdim_set_trend,IMU trend
M4_add_one__gyro_diff_gain_last2_vs_first2,ridge,7,hsianshun0514workout|tsenyu0515workout|yanz0510workout|yoru0511workout|yushuan0513workout,haoyu0512workout,ziho0512workout,ziho0512workout,db_squat,2,9.0,7.112300041398421,gyro_diff_gain_last2_vs_first2,lowdim_set_trend,IMU trend
M4_add_one__gyro_diff_gain_last2_vs_first2,ridge,7,hsianshun0514workout|tsenyu0515workout|yanz0510workout|yoru0511workout|yushuan0513workout,haoyu0512workout,ziho0512workout,ziho0512workout,db_triceps_curl,0,8.0,6.154861114949375,gyro_diff_gain_last2_vs_first2,lowdim_set_trend,IMU trend
M4_add_one__gyro_diff_gain_last2_vs_first2,ridge,7,hsianshun0514workout|tsenyu0515workout|yanz0510workout|yoru0511workout|yushuan0513workout,haoyu0512workout,ziho0512workout,ziho0512workout,db_triceps_curl,1,9.0,6.925070626854295,gyro_diff_gain_last2_vs_first2,lowdim_set_trend,IMU trend
M4_add_one__gyro_diff_gain_last2_vs_first2,ridge,7,hsianshun0514workout|tsenyu0515workout|yanz0510workout|yoru0511workout|yushuan0513workout,haoyu0512workout,ziho0512workout,ziho0512workout,db_triceps_curl,2,9.0,7.604299680134983,gyro_diff_gain_last2_vs_first2,lowdim_set_trend,IMU trend
M4_add_one__gyro_diff_gain_last2_vs_first2,ridge,7,hsianshun0514workout|tsenyu0515workout|yanz0510workout|yoru0511workout|yushuan0513workout,haoyu0512workout,ziho0512workout,ziho0512workout,db_weighted_crunch,0,6.0,5.788166045321175,gyro_diff_gain_last2_vs_first2,lowdim_set_trend,IMU trend
M4_add_one__gyro_diff_gain_last2_vs_first2,ridge,7,hsianshun0514workout|tsenyu0515workout|yanz0510workout|yoru0511workout|yushuan0513workout,haoyu0512workout,ziho0512workout,ziho0512workout,db_weighted_crunch,1,8.0,6.45057996524904,gyro_diff_gain_last2_vs_first2,lowdim_set_trend,IMU trend
M4_add_one__gyro_diff_gain_last2_vs_first2,ridge,7,hsianshun0514workout|tsenyu0515workout|yanz0510workout|yoru0511workout|yushuan0513workout,haoyu0512workout,ziho0512workout,ziho0512workout,db_weighted_crunch,2,9.0,7.222902386089025,gyro_diff_gain_last2_vs_first2,lowdim_set_trend,IMU trend
M4_add_one__gyro_diff_gain_last2_vs_first2,ridge,7,hsianshun0514workout|tsenyu0515workout|yanz0510workout|yoru0511workout|yushuan0513workout,haoyu0512workout,ziho0512workout,ziho0512workout,one_arm_db_row,0,6.0,6.606741241590309,gyro_diff_gain_last2_vs_first2,lowdim_set_trend,IMU trend
M4_add_one__gyro_diff_gain_last2_vs_first2,ridge,7,hsianshun0514workout|tsenyu0515workout|yanz0510workout|yoru0511workout|yushuan0513workout,haoyu0512workout,ziho0512workout,ziho0512workout,one_arm_db_row,1,8.0,7.347681486901277,gyro_diff_gain_last2_vs_first2,lowdim_set_trend,IMU trend
M4_add_one__gyro_diff_gain_last2_vs_first2,ridge,7,hsianshun0514workout|tsenyu0515workout|yanz0510workout|yoru0511workout|yushuan0513workout,haoyu0512workout,ziho0512workout,ziho0512workout,one_arm_db_row,2,9.0,7.872852875930021,gyro_diff_gain_last2_vs_first2,lowdim_set_trend,IMU trend
M4_add_one__gyro_mag_diff_rms_slope,ridge,1,tsenyu0515workout|yanz0510workout|yoru0511workout|yushuan0513workout|ziho0512workout,hsianshun0514workout,haoyu0512workout,haoyu0512workout,db_bench_press,0,8.0,6.0193087619806755,gyro_mag_diff_rms_slope,lowdim_set_trend,IMU trend
M4_add_one__gyro_mag_diff_rms_slope,ridge,1,tsenyu0515workout|yanz0510workout|yoru0511workout|yushuan0513workout|ziho0512workout,hsianshun0514workout,haoyu0512workout,haoyu0512workout,db_bench_press,1,9.0,7.235359446592427,gyro_mag_diff_rms_slope,lowdim_set_trend,IMU trend
M4_add_one__gyro_mag_diff_rms_slope,ridge,1,tsenyu0515workout|yanz0510workout|yoru0511workout|yushuan0513workout|ziho0512workout,hsianshun0514workout,haoyu0512workout,haoyu0512workout,db_bench_press,2,9.0,8.402028688386288,gyro_mag_diff_rms_slope,lowdim_set_trend,IMU trend
M4_add_one__gyro_mag_diff_rms_slope,ridge,1,tsenyu0515workout|yanz0510workout|yoru0511workout|yushuan0513workout|ziho0512workout,hsianshun0514workout,haoyu0512workout,haoyu0512workout,db_biceps_curl,0,9.0,7.51515425665205,gyro_mag_diff_rms_slope,lowdim_set_trend,IMU trend
M4_add_one__gyro_mag_diff_rms_slope,ridge,1,tsenyu0515workout|yanz0510workout|yoru0511workout|yushuan0513workout|ziho0512workout,hsianshun0514workout,haoyu0512workout,haoyu0512workout,db_biceps_curl,1,9.0,8.474566732514521,gyro_mag_diff_rms_slope,lowdim_set_trend,IMU trend
M4_add_one__gyro_mag_diff_rms_slope,ridge,1,tsenyu0515workout|yanz0510workout|yoru0511workout|yushuan0513workout|ziho0512workout,hsianshun0514workout,haoyu0512workout,haoyu0512workout,db_biceps_curl,3,9.0,9.764574489623525,gyro_mag_diff_rms_slope,lowdim_set_trend,IMU trend
M4_add_one__gyro_mag_diff_rms_slope,ridge,1,tsenyu0515workout|yanz0510workout|yoru0511workout|yushuan0513workout|ziho0512workout,hsianshun0514workout,haoyu0512workout,haoyu0512workout,db_rdl,0,9.0,6.433133886787693,gyro_mag_diff_rms_slope,lowdim_set_trend,IMU trend
M4_add_one__gyro_mag_diff_rms_slope,ridge,1,tsenyu0515workout|yanz0510workout|yoru0511workout|yushuan0513workout|ziho0512workout,hsianshun0514workout,haoyu0512workout,haoyu0512workout,db_rdl,1,9.0,7.349742673447962,gyro_mag_diff_rms_slope,lowdim_set_trend,IMU trend
M4_add_one__gyro_mag_diff_rms_slope,ridge,1,tsenyu0515workout|yanz0510workout|yoru0511workout|yushuan0513workout|ziho0512workout,hsianshun0514workout,haoyu0512workout,haoyu0512workout,db_rdl,2,9.0,8.67607870429429,gyro_mag_diff_rms_slope,lowdim_set_trend,IMU trend
M4_add_one__gyro_mag_diff_rms_slope,ridge,1,tsenyu0515workout|yanz0510workout|yoru0511workout|yushuan0513workout|ziho0512workout,hsianshun0514workout,haoyu0512workout,haoyu0512workout,db_shoulder_press,0,7.0,7.672419312922593,gyro_mag_diff_rms_slope,lowdim_set_trend,IMU trend
M4_add_one__gyro_mag_diff_rms_slope,ridge,1,tsenyu0515workout|yanz0510workout|yoru0511workout|yushuan0513workout|ziho0512workout,hsianshun0514workout,haoyu0512workout,haoyu0512workout,db_shoulder_press,1,9.0,8.68364546496366,gyro_mag_diff_rms_slope,lowdim_set_trend,IMU trend
M4_add_one__gyro_mag_diff_rms_slope,ridge,1,tsenyu0515workout|yanz0510workout|yoru0511workout|yushuan0513workout|ziho0512workout,hsianshun0514workout,haoyu0512workout,haoyu0512workout,db_shoulder_press,2,9.0,9.79501642499859,gyro_mag_diff_rms_slope,lowdim_set_trend,IMU trend
M4_add_one__gyro_mag_diff_rms_slope,ridge,1,tsenyu0515workout|yanz0510workout|yoru0511workout|yushuan0513workout|ziho0512workout,hsianshun0514workout,haoyu0512workout,haoyu0512workout,db_squat,0,6.0,5.620582839753249,gyro_mag_diff_rms_slope,lowdim_set_trend,IMU trend
M4_add_one__gyro_mag_diff_rms_slope,ridge,1,tsenyu0515workout|yanz0510workout|yoru0511workout|yushuan0513workout|ziho0512workout,hsianshun0514workout,haoyu0512workout,haoyu0512workout,db_squat,1,9.0,6.689941784847387,gyro_mag_diff_rms_slope,lowdim_set_trend,IMU trend
M4_add_one__gyro_mag_diff_rms_slope,ridge,1,tsenyu0515workout|yanz0510workout|yoru0511workout|yushuan0513workout|ziho0512workout,hsianshun0514workout,haoyu0512workout,haoyu0512workout,db_squat,2,8.0,7.42358646211647,gyro_mag_diff_rms_slope,lowdim_set_trend,IMU trend
M4_add_one__gyro_mag_diff_rms_slope,ridge,1,tsenyu0515workout|yanz0510workout|yoru0511workout|yushuan0513workout|ziho0512workout,hsianshun0514workout,haoyu0512workout,haoyu0512workout,db_triceps_curl,0,7.0,6.1682244911085435,gyro_mag_diff_rms_slope,lowdim_set_trend,IMU trend
M4_add_one__gyro_mag_diff_rms_slope,ridge,1,tsenyu0515workout|yanz0510workout|yoru0511workout|yushuan0513workout|ziho0512workout,hsianshun0514workout,haoyu0512workout,haoyu0512workout,db_triceps_curl,1,9.0,7.182816842208061,gyro_mag_diff_rms_slope,lowdim_set_trend,IMU trend
M4_add_one__gyro_mag_diff_rms_slope,ridge,1,tsenyu0515workout|yanz0510workout|yoru0511workout|yushuan0513workout|ziho0512workout,hsianshun0514workout,haoyu0512workout,haoyu0512workout,db_triceps_curl,2,9.0,8.158622073327287,gyro_mag_diff_rms_slope,lowdim_set_trend,IMU trend
M4_add_one__gyro_mag_diff_rms_slope,ridge,1,tsenyu0515workout|yanz0510workout|yoru0511workout|yushuan0513workout|ziho0512workout,hsianshun0514workout,haoyu0512workout,haoyu0512workout,db_weighted_crunch,0,6.0,5.42963197394356,gyro_mag_diff_rms_slope,lowdim_set_trend,IMU trend
M4_add_one__gyro_mag_diff_rms_slope,ridge,1,tsenyu0515workout|yanz0510workout|yoru0511workout|yushuan0513workout|ziho0512workout,hsianshun0514workout,haoyu0512workout,haoyu0512workout,db_weighted_crunch,1,7.0,6.334218107455684,gyro_mag_diff_rms_slope,lowdim_set_trend,IMU trend
M4_add_one__gyro_mag_diff_rms_slope,ridge,1,tsenyu0515workout|yanz0510workout|yoru0511workout|yushuan0513workout|ziho0512workout,hsianshun0514workout,haoyu0512workout,haoyu0512workout,db_weighted_crunch,2,9.0,7.320451279215281,gyro_mag_diff_rms_slope,lowdim_set_trend,IMU trend
M4_add_one__gyro_mag_diff_rms_slope,ridge,1,tsenyu0515workout|yanz0510workout|yoru0511workout|yushuan0513workout|ziho0512workout,hsianshun0514workout,haoyu0512workout,haoyu0512workout,one_arm_db_row,0,9.0,6.5723710683437035,gyro_mag_diff_rms_slope,lowdim_set_trend,IMU trend
M4_add_one__gyro_mag_diff_rms_slope,ridge,1,tsenyu0515workout|yanz0510workout|yoru0511workout|yushuan0513workout|ziho0512workout,hsianshun0514workout,haoyu0512workout,haoyu0512workout,one_arm_db_row,1,9.0,7.728147326648898,gyro_mag_diff_rms_slope,lowdim_set_trend,IMU trend
M4_add_one__gyro_mag_diff_rms_slope,ridge,1,tsenyu0515workout|yanz0510workout|yoru0511workout|yushuan0513workout|ziho0512workout,hsianshun0514workout,haoyu0512workout,haoyu0512workout,one_arm_db_row,2,9.0,8.7466497666984,gyro_mag_diff_rms_slope,lowdim_set_trend,IMU trend
M4_add_one__gyro_mag_diff_rms_slope,ridge,2,haoyu0512workout|yanz0510workout|yoru0511workout|yushuan0513workout|ziho0512workout,tsenyu0515workout,hsianshun0514workout,hsianshun0514workout,db_bench_press,0,4.0,7.317046977574944,gyro_mag_diff_rms_slope,lowdim_set_trend,IMU trend
M4_add_one__gyro_mag_diff_rms_slope,ridge,2,haoyu0512workout|yanz0510workout|yoru0511workout|yushuan0513workout|ziho0512workout,tsenyu0515workout,hsianshun0514workout,hsianshun0514workout,db_bench_press,1,6.0,7.60457358331003,gyro_mag_diff_rms_slope,lowdim_set_trend,IMU trend
M4_add_one__gyro_mag_diff_rms_slope,ridge,2,haoyu0512workout|yanz0510workout|yoru0511workout|yushuan0513workout|ziho0512workout,tsenyu0515workout,hsianshun0514workout,hsianshun0514workout,db_bench_press,2,7.0,8.49562330167431,gyro_mag_diff_rms_slope,lowdim_set_trend,IMU trend
M4_add_one__gyro_mag_diff_rms_slope,ridge,2,haoyu0512workout|yanz0510workout|yoru0511workout|yushuan0513workout|ziho0512workout,tsenyu0515workout,hsianshun0514workout,hsianshun0514workout,db_biceps_curl,0,9.0,7.719420094530677,gyro_mag_diff_rms_slope,lowdim_set_trend,IMU trend
M4_add_one__gyro_mag_diff_rms_slope,ridge,2,haoyu0512workout|yanz0510workout|yoru0511workout|yushuan0513workout|ziho0512workout,tsenyu0515workout,hsianshun0514workout,hsianshun0514workout,db_biceps_curl,1,10.0,8.289718616961384,gyro_mag_diff_rms_slope,lowdim_set_trend,IMU trend
M4_add_one__gyro_mag_diff_rms_slope,ridge,2,haoyu0512workout|yanz0510workout|yoru0511workout|yushuan0513workout|ziho0512workout,tsenyu0515workout,hsianshun0514workout,hsianshun0514workout,db_biceps_curl,2,10.0,8.711337360204821,gyro_mag_diff_rms_slope,lowdim_set_trend,IMU trend
M4_add_one__gyro_mag_diff_rms_slope,ridge,2,haoyu0512workout|yanz0510workout|yoru0511workout|yushuan0513workout|ziho0512workout,tsenyu0515workout,hsianshun0514workout,hsianshun0514workout,db_rdl,0,4.0,7.43035965925819,gyro_mag_diff_rms_slope,lowdim_set_trend,IMU trend
M4_add_one__gyro_mag_diff_rms_slope,ridge,2,haoyu0512workout|yanz0510workout|yoru0511workout|yushuan0513workout|ziho0512workout,tsenyu0515workout,hsianshun0514workout,hsianshun0514workout,db_rdl,1,6.0,7.957026018856183,gyro_mag_diff_rms_slope,lowdim_set_trend,IMU trend
M4_add_one__gyro_mag_diff_rms_slope,ridge,2,haoyu0512workout|yanz0510workout|yoru0511workout|yushuan0513workout|ziho0512workout,tsenyu0515workout,hsianshun0514workout,hsianshun0514workout,db_rdl,2,8.0,8.355184760306457,gyro_mag_diff_rms_slope,lowdim_set_trend,IMU trend
M4_add_one__gyro_mag_diff_rms_slope,ridge,2,haoyu0512workout|yanz0510workout|yoru0511workout|yushuan0513workout|ziho0512workout,tsenyu0515workout,hsianshun0514workout,hsianshun0514workout,db_shoulder_press,1,9.0,7.587327420203303,gyro_mag_diff_rms_slope,lowdim_set_trend,IMU trend
M4_add_one__gyro_mag_diff_rms_slope,ridge,2,haoyu0512workout|yanz0510workout|yoru0511workout|yushuan0513workout|ziho0512workout,tsenyu0515workout,hsianshun0514workout,hsianshun0514workout,db_shoulder_press,2,10.0,8.863594171670345,gyro_mag_diff_rms_slope,lowdim_set_trend,IMU trend
M4_add_one__gyro_mag_diff_rms_slope,ridge,2,haoyu0512workout|yanz0510workout|yoru0511workout|yushuan0513workout|ziho0512workout,tsenyu0515workout,hsianshun0514workout,hsianshun0514workout,db_shoulder_press,3,10.0,9.1673971506257,gyro_mag_diff_rms_slope,lowdim_set_trend,IMU trend
M4_add_one__gyro_mag_diff_rms_slope,ridge,2,haoyu0512workout|yanz0510workout|yoru0511workout|yushuan0513workout|ziho0512workout,tsenyu0515workout,hsianshun0514workout,hsianshun0514workout,db_squat,0,4.0,6.9005133605227105,gyro_mag_diff_rms_slope,lowdim_set_trend,IMU trend
M4_add_one__gyro_mag_diff_rms_slope,ridge,2,haoyu0512workout|yanz0510workout|yoru0511workout|yushuan0513workout|ziho0512workout,tsenyu0515workout,hsianshun0514workout,hsianshun0514workout,db_squat,1,6.0,7.264662009594689,gyro_mag_diff_rms_slope,lowdim_set_trend,IMU trend
M4_add_one__gyro_mag_diff_rms_slope,ridge,2,haoyu0512workout|yanz0510workout|yoru0511workout|yushuan0513workout|ziho0512workout,tsenyu0515workout,hsianshun0514workout,hsianshun0514workout,db_squat,2,7.0,7.835485112654057,gyro_mag_diff_rms_slope,lowdim_set_trend,IMU trend
M4_add_one__gyro_mag_diff_rms_slope,ridge,2,haoyu0512workout|yanz0510workout|yoru0511workout|yushuan0513workout|ziho0512workout,tsenyu0515workout,hsianshun0514workout,hsianshun0514workout,db_triceps_curl,0,4.0,7.407657988938764,gyro_mag_diff_rms_slope,lowdim_set_trend,IMU trend
M4_add_one__gyro_mag_diff_rms_slope,ridge,2,haoyu0512workout|yanz0510workout|yoru0511workout|yushuan0513workout|ziho0512workout,tsenyu0515workout,hsianshun0514workout,hsianshun0514workout,db_triceps_curl,1,7.0,7.44375198543318,gyro_mag_diff_rms_slope,lowdim_set_trend,IMU trend
M4_add_one__gyro_mag_diff_rms_slope,ridge,2,haoyu0512workout|yanz0510workout|yoru0511workout|yushuan0513workout|ziho0512workout,tsenyu0515workout,hsianshun0514workout,hsianshun0514workout,db_triceps_curl,2,8.0,8.084560783508794,gyro_mag_diff_rms_slope,lowdim_set_trend,IMU trend
M4_add_one__gyro_mag_diff_rms_slope,ridge,2,haoyu0512workout|yanz0510workout|yoru0511workout|yushuan0513workout|ziho0512workout,tsenyu0515workout,hsianshun0514workout,hsianshun0514workout,db_weighted_crunch,0,5.0,6.847689820480402,gyro_mag_diff_rms_slope,lowdim_set_trend,IMU trend
M4_add_one__gyro_mag_diff_rms_slope,ridge,2,haoyu0512workout|yanz0510workout|yoru0511workout|yushuan0513workout|ziho0512workout,tsenyu0515workout,hsianshun0514workout,hsianshun0514workout,db_weighted_crunch,2,7.0,7.71032204430385,gyro_mag_diff_rms_slope,lowdim_set_trend,IMU trend
M4_add_one__gyro_mag_diff_rms_slope,ridge,2,haoyu0512workout|yanz0510workout|yoru0511workout|yushuan0513workout|ziho0512workout,tsenyu0515workout,hsianshun0514workout,hsianshun0514workout,db_weighted_crunch,3,7.0,8.398828669968612,gyro_mag_diff_rms_slope,lowdim_set_trend,IMU trend
M4_add_one__gyro_mag_diff_rms_slope,ridge,2,haoyu0512workout|yanz0510workout|yoru0511workout|yushuan0513workout|ziho0512workout,tsenyu0515workout,hsianshun0514workout,hsianshun0514workout,one_arm_db_row,1,7.0,7.317028513052297,gyro_mag_diff_rms_slope,lowdim_set_trend,IMU trend
M4_add_one__gyro_mag_diff_rms_slope,ridge,2,haoyu0512workout|yanz0510workout|yoru0511workout|yushuan0513workout|ziho0512workout,tsenyu0515workout,hsianshun0514workout,hsianshun0514workout,one_arm_db_row,2,8.0,8.457497053280266,gyro_mag_diff_rms_slope,lowdim_set_trend,IMU trend
M4_add_one__gyro_mag_diff_rms_slope,ridge,3,haoyu0512workout|hsianshun0514workout|yoru0511workout|yushuan0513workout|ziho0512workout,yanz0510workout,tsenyu0515workout,tsenyu0515workout,db_bench_press,0,3.0,6.586513529007688,gyro_mag_diff_rms_slope,lowdim_set_trend,IMU trend
M4_add_one__gyro_mag_diff_rms_slope,ridge,3,haoyu0512workout|hsianshun0514workout|yoru0511workout|yushuan0513workout|ziho0512workout,yanz0510workout,tsenyu0515workout,tsenyu0515workout,db_bench_press,1,6.0,7.750368426279127,gyro_mag_diff_rms_slope,lowdim_set_trend,IMU trend
M4_add_one__gyro_mag_diff_rms_slope,ridge,3,haoyu0512workout|hsianshun0514workout|yoru0511workout|yushuan0513workout|ziho0512workout,yanz0510workout,tsenyu0515workout,tsenyu0515workout,db_bench_press,2,8.0,8.929083103898988,gyro_mag_diff_rms_slope,lowdim_set_trend,IMU trend
M4_add_one__gyro_mag_diff_rms_slope,ridge,3,haoyu0512workout|hsianshun0514workout|yoru0511workout|yushuan0513workout|ziho0512workout,yanz0510workout,tsenyu0515workout,tsenyu0515workout,db_biceps_curl,0,6.0,8.47842585409257,gyro_mag_diff_rms_slope,lowdim_set_trend,IMU trend
M4_add_one__gyro_mag_diff_rms_slope,ridge,3,haoyu0512workout|hsianshun0514workout|yoru0511workout|yushuan0513workout|ziho0512workout,yanz0510workout,tsenyu0515workout,tsenyu0515workout,db_biceps_curl,1,9.0,9.702680417304443,gyro_mag_diff_rms_slope,lowdim_set_trend,IMU trend
M4_add_one__gyro_mag_diff_rms_slope,ridge,3,haoyu0512workout|hsianshun0514workout|yoru0511workout|yushuan0513workout|ziho0512workout,yanz0510workout,tsenyu0515workout,tsenyu0515workout,db_biceps_curl,2,9.0,10.953177032425593,gyro_mag_diff_rms_slope,lowdim_set_trend,IMU trend
M4_add_one__gyro_mag_diff_rms_slope,ridge,3,haoyu0512workout|hsianshun0514workout|yoru0511workout|yushuan0513workout|ziho0512workout,yanz0510workout,tsenyu0515workout,tsenyu0515workout,db_rdl,0,6.0,7.131907108977636,gyro_mag_diff_rms_slope,lowdim_set_trend,IMU trend
M4_add_one__gyro_mag_diff_rms_slope,ridge,3,haoyu0512workout|hsianshun0514workout|yoru0511workout|yushuan0513workout|ziho0512workout,yanz0510workout,tsenyu0515workout,tsenyu0515workout,db_rdl,1,10.0,8.786107365369439,gyro_mag_diff_rms_slope,lowdim_set_trend,IMU trend
M4_add_one__gyro_mag_diff_rms_slope,ridge,3,haoyu0512workout|hsianshun0514workout|yoru0511workout|yushuan0513workout|ziho0512workout,yanz0510workout,tsenyu0515workout,tsenyu0515workout,db_rdl,2,6.0,10.019812332662582,gyro_mag_diff_rms_slope,lowdim_set_trend,IMU trend
M4_add_one__gyro_mag_diff_rms_slope,ridge,3,haoyu0512workout|hsianshun0514workout|yoru0511workout|yushuan0513workout|ziho0512workout,yanz0510workout,tsenyu0515workout,tsenyu0515workout,db_shoulder_press,0,5.0,8.34721824792054,gyro_mag_diff_rms_slope,lowdim_set_trend,IMU trend
M4_add_one__gyro_mag_diff_rms_slope,ridge,3,haoyu0512workout|hsianshun0514workout|yoru0511workout|yushuan0513workout|ziho0512workout,yanz0510workout,tsenyu0515workout,tsenyu0515workout,db_shoulder_press,1,8.0,9.549240072576323,gyro_mag_diff_rms_slope,lowdim_set_trend,IMU trend
M4_add_one__gyro_mag_diff_rms_slope,ridge,3,haoyu0512workout|hsianshun0514workout|yoru0511workout|yushuan0513workout|ziho0512workout,yanz0510workout,tsenyu0515workout,tsenyu0515workout,db_shoulder_press,2,9.0,10.472721938762895,gyro_mag_diff_rms_slope,lowdim_set_trend,IMU trend
M4_add_one__gyro_mag_diff_rms_slope,ridge,3,haoyu0512workout|hsianshun0514workout|yoru0511workout|yushuan0513workout|ziho0512workout,yanz0510workout,tsenyu0515workout,tsenyu0515workout,db_squat,1,4.0,6.21264070878863,gyro_mag_diff_rms_slope,lowdim_set_trend,IMU trend
M4_add_one__gyro_mag_diff_rms_slope,ridge,3,haoyu0512workout|hsianshun0514workout|yoru0511workout|yushuan0513workout|ziho0512workout,yanz0510workout,tsenyu0515workout,tsenyu0515workout,db_squat,2,6.0,7.341983600515619,gyro_mag_diff_rms_slope,lowdim_set_trend,IMU trend
M4_add_one__gyro_mag_diff_rms_slope,ridge,3,haoyu0512workout|hsianshun0514workout|yoru0511workout|yushuan0513workout|ziho0512workout,yanz0510workout,tsenyu0515workout,tsenyu0515workout,db_squat,3,5.0,8.306935482044361,gyro_mag_diff_rms_slope,lowdim_set_trend,IMU trend
M4_add_one__gyro_mag_diff_rms_slope,ridge,3,haoyu0512workout|hsianshun0514workout|yoru0511workout|yushuan0513workout|ziho0512workout,yanz0510workout,tsenyu0515workout,tsenyu0515workout,db_triceps_curl,0,4.0,6.557198224826164,gyro_mag_diff_rms_slope,lowdim_set_trend,IMU trend
M4_add_one__gyro_mag_diff_rms_slope,ridge,3,haoyu0512workout|hsianshun0514workout|yoru0511workout|yushuan0513workout|ziho0512workout,yanz0510workout,tsenyu0515workout,tsenyu0515workout,db_triceps_curl,1,6.0,7.5448760811024655,gyro_mag_diff_rms_slope,lowdim_set_trend,IMU trend
M4_add_one__gyro_mag_diff_rms_slope,ridge,3,haoyu0512workout|hsianshun0514workout|yoru0511workout|yushuan0513workout|ziho0512workout,yanz0510workout,tsenyu0515workout,tsenyu0515workout,db_triceps_curl,2,7.0,8.576281192478412,gyro_mag_diff_rms_slope,lowdim_set_trend,IMU trend
M4_add_one__gyro_mag_diff_rms_slope,ridge,3,haoyu0512workout|hsianshun0514workout|yoru0511workout|yushuan0513workout|ziho0512workout,yanz0510workout,tsenyu0515workout,tsenyu0515workout,db_weighted_crunch,0,3.0,5.8847439915319,gyro_mag_diff_rms_slope,lowdim_set_trend,IMU trend
M4_add_one__gyro_mag_diff_rms_slope,ridge,3,haoyu0512workout|hsianshun0514workout|yoru0511workout|yushuan0513workout|ziho0512workout,yanz0510workout,tsenyu0515workout,tsenyu0515workout,db_weighted_crunch,1,5.0,6.728784932177305,gyro_mag_diff_rms_slope,lowdim_set_trend,IMU trend
M4_add_one__gyro_mag_diff_rms_slope,ridge,3,haoyu0512workout|hsianshun0514workout|yoru0511workout|yushuan0513workout|ziho0512workout,yanz0510workout,tsenyu0515workout,tsenyu0515workout,db_weighted_crunch,2,7.0,7.583267133107804,gyro_mag_diff_rms_slope,lowdim_set_trend,IMU trend
M4_add_one__gyro_mag_diff_rms_slope,ridge,3,haoyu0512workout|hsianshun0514workout|yoru0511workout|yushuan0513workout|ziho0512workout,yanz0510workout,tsenyu0515workout,tsenyu0515workout,one_arm_db_row,0,5.0,7.2543679265189045,gyro_mag_diff_rms_slope,lowdim_set_trend,IMU trend
M4_add_one__gyro_mag_diff_rms_slope,ridge,3,haoyu0512workout|hsianshun0514workout|yoru0511workout|yushuan0513workout|ziho0512workout,yanz0510workout,tsenyu0515workout,tsenyu0515workout,one_arm_db_row,1,8.0,8.480300995274192,gyro_mag_diff_rms_slope,lowdim_set_trend,IMU trend
M4_add_one__gyro_mag_diff_rms_slope,ridge,3,haoyu0512workout|hsianshun0514workout|yoru0511workout|yushuan0513workout|ziho0512workout,yanz0510workout,tsenyu0515workout,tsenyu0515workout,one_arm_db_row,2,9.0,9.571352944719411,gyro_mag_diff_rms_slope,lowdim_set_trend,IMU trend
M4_add_one__gyro_mag_diff_rms_slope,ridge,4,haoyu0512workout|hsianshun0514workout|tsenyu0515workout|yushuan0513workout|ziho0512workout,yoru0511workout,yanz0510workout,yanz0510workout,db_bench_press,2,5.0,7.705133052127955,gyro_mag_diff_rms_slope,lowdim_set_trend,IMU trend
M4_add_one__gyro_mag_diff_rms_slope,ridge,4,haoyu0512workout|hsianshun0514workout|tsenyu0515workout|yushuan0513workout|ziho0512workout,yoru0511workout,yanz0510workout,yanz0510workout,db_bench_press,3,7.0,8.307245311256636,gyro_mag_diff_rms_slope,lowdim_set_trend,IMU trend
M4_add_one__gyro_mag_diff_rms_slope,ridge,4,haoyu0512workout|hsianshun0514workout|tsenyu0515workout|yushuan0513workout|ziho0512workout,yoru0511workout,yanz0510workout,yanz0510workout,db_bench_press,4,8.0,8.871822391357059,gyro_mag_diff_rms_slope,lowdim_set_trend,IMU trend
M4_add_one__gyro_mag_diff_rms_slope,ridge,4,haoyu0512workout|hsianshun0514workout|tsenyu0515workout|yushuan0513workout|ziho0512workout,yoru0511workout,yanz0510workout,yanz0510workout,db_biceps_curl,0,7.0,7.6639017969589265,gyro_mag_diff_rms_slope,lowdim_set_trend,IMU trend
M4_add_one__gyro_mag_diff_rms_slope,ridge,4,haoyu0512workout|hsianshun0514workout|tsenyu0515workout|yushuan0513workout|ziho0512workout,yoru0511workout,yanz0510workout,yanz0510workout,db_biceps_curl,1,9.0,8.201388831820685,gyro_mag_diff_rms_slope,lowdim_set_trend,IMU trend
M4_add_one__gyro_mag_diff_rms_slope,ridge,4,haoyu0512workout|hsianshun0514workout|tsenyu0515workout|yushuan0513workout|ziho0512workout,yoru0511workout,yanz0510workout,yanz0510workout,db_biceps_curl,2,10.0,8.700862623561441,gyro_mag_diff_rms_slope,lowdim_set_trend,IMU trend
M4_add_one__gyro_mag_diff_rms_slope,ridge,4,haoyu0512workout|hsianshun0514workout|tsenyu0515workout|yushuan0513workout|ziho0512workout,yoru0511workout,yanz0510workout,yanz0510workout,db_rdl,0,5.0,6.966986477255533,gyro_mag_diff_rms_slope,lowdim_set_trend,IMU trend
M4_add_one__gyro_mag_diff_rms_slope,ridge,4,haoyu0512workout|hsianshun0514workout|tsenyu0515workout|yushuan0513workout|ziho0512workout,yoru0511workout,yanz0510workout,yanz0510workout,db_rdl,1,8.0,7.585028644674211,gyro_mag_diff_rms_slope,lowdim_set_trend,IMU trend
M4_add_one__gyro_mag_diff_rms_slope,ridge,4,haoyu0512workout|hsianshun0514workout|tsenyu0515workout|yushuan0513workout|ziho0512workout,yoru0511workout,yanz0510workout,yanz0510workout,db_rdl,2,9.0,8.20768622594778,gyro_mag_diff_rms_slope,lowdim_set_trend,IMU trend
M4_add_one__gyro_mag_diff_rms_slope,ridge,4,haoyu0512workout|hsianshun0514workout|tsenyu0515workout|yushuan0513workout|ziho0512workout,yoru0511workout,yanz0510workout,yanz0510workout,db_shoulder_press,1,7.0,8.03162281825231,gyro_mag_diff_rms_slope,lowdim_set_trend,IMU trend
M4_add_one__gyro_mag_diff_rms_slope,ridge,4,haoyu0512workout|hsianshun0514workout|tsenyu0515workout|yushuan0513workout|ziho0512workout,yoru0511workout,yanz0510workout,yanz0510workout,db_shoulder_press,2,10.0,8.524299707828305,gyro_mag_diff_rms_slope,lowdim_set_trend,IMU trend
M4_add_one__gyro_mag_diff_rms_slope,ridge,4,haoyu0512workout|hsianshun0514workout|tsenyu0515workout|yushuan0513workout|ziho0512workout,yoru0511workout,yanz0510workout,yanz0510workout,db_shoulder_press,3,10.0,8.98516233787019,gyro_mag_diff_rms_slope,lowdim_set_trend,IMU trend
M4_add_one__gyro_mag_diff_rms_slope,ridge,4,haoyu0512workout|hsianshun0514workout|tsenyu0515workout|yushuan0513workout|ziho0512workout,yoru0511workout,yanz0510workout,yanz0510workout,db_squat,0,7.0,6.418943232861578,gyro_mag_diff_rms_slope,lowdim_set_trend,IMU trend
M4_add_one__gyro_mag_diff_rms_slope,ridge,4,haoyu0512workout|hsianshun0514workout|tsenyu0515workout|yushuan0513workout|ziho0512workout,yoru0511workout,yanz0510workout,yanz0510workout,db_squat,1,8.0,6.9362057387433795,gyro_mag_diff_rms_slope,lowdim_set_trend,IMU trend
M4_add_one__gyro_mag_diff_rms_slope,ridge,4,haoyu0512workout|hsianshun0514workout|tsenyu0515workout|yushuan0513workout|ziho0512workout,yoru0511workout,yanz0510workout,yanz0510workout,db_squat,2,9.0,7.477868942668422,gyro_mag_diff_rms_slope,lowdim_set_trend,IMU trend
M4_add_one__gyro_mag_diff_rms_slope,ridge,4,haoyu0512workout|hsianshun0514workout|tsenyu0515workout|yushuan0513workout|ziho0512workout,yoru0511workout,yanz0510workout,yanz0510workout,db_triceps_curl,0,7.0,6.805122503915992,gyro_mag_diff_rms_slope,lowdim_set_trend,IMU trend
M4_add_one__gyro_mag_diff_rms_slope,ridge,4,haoyu0512workout|hsianshun0514workout|tsenyu0515workout|yushuan0513workout|ziho0512workout,yoru0511workout,yanz0510workout,yanz0510workout,db_triceps_curl,2,8.0,7.696115766235798,gyro_mag_diff_rms_slope,lowdim_set_trend,IMU trend
M4_add_one__gyro_mag_diff_rms_slope,ridge,4,haoyu0512workout|hsianshun0514workout|tsenyu0515workout|yushuan0513workout|ziho0512workout,yoru0511workout,yanz0510workout,yanz0510workout,db_triceps_curl,4,9.0,8.609176786997986,gyro_mag_diff_rms_slope,lowdim_set_trend,IMU trend
M4_add_one__gyro_mag_diff_rms_slope,ridge,4,haoyu0512workout|hsianshun0514workout|tsenyu0515workout|yushuan0513workout|ziho0512workout,yoru0511workout,yanz0510workout,yanz0510workout,db_weighted_crunch,0,6.0,6.352134499978438,gyro_mag_diff_rms_slope,lowdim_set_trend,IMU trend
M4_add_one__gyro_mag_diff_rms_slope,ridge,4,haoyu0512workout|hsianshun0514workout|tsenyu0515workout|yushuan0513workout|ziho0512workout,yoru0511workout,yanz0510workout,yanz0510workout,db_weighted_crunch,2,7.0,7.287048893695525,gyro_mag_diff_rms_slope,lowdim_set_trend,IMU trend
M4_add_one__gyro_mag_diff_rms_slope,ridge,4,haoyu0512workout|hsianshun0514workout|tsenyu0515workout|yushuan0513workout|ziho0512workout,yoru0511workout,yanz0510workout,yanz0510workout,db_weighted_crunch,3,8.0,7.8444030096055455,gyro_mag_diff_rms_slope,lowdim_set_trend,IMU trend
M4_add_one__gyro_mag_diff_rms_slope,ridge,4,haoyu0512workout|hsianshun0514workout|tsenyu0515workout|yushuan0513workout|ziho0512workout,yoru0511workout,yanz0510workout,yanz0510workout,one_arm_db_row,0,6.0,7.240529981310603,gyro_mag_diff_rms_slope,lowdim_set_trend,IMU trend
M4_add_one__gyro_mag_diff_rms_slope,ridge,4,haoyu0512workout|hsianshun0514workout|tsenyu0515workout|yushuan0513workout|ziho0512workout,yoru0511workout,yanz0510workout,yanz0510workout,one_arm_db_row,1,7.0,7.766476166830074,gyro_mag_diff_rms_slope,lowdim_set_trend,IMU trend
M4_add_one__gyro_mag_diff_rms_slope,ridge,4,haoyu0512workout|hsianshun0514workout|tsenyu0515workout|yushuan0513workout|ziho0512workout,yoru0511workout,yanz0510workout,yanz0510workout,one_arm_db_row,2,9.0,8.324923662286334,gyro_mag_diff_rms_slope,lowdim_set_trend,IMU trend
M4_add_one__gyro_mag_diff_rms_slope,ridge,5,haoyu0512workout|hsianshun0514workout|tsenyu0515workout|yanz0510workout|ziho0512workout,yushuan0513workout,yoru0511workout,yoru0511workout,db_bench_press,0,3.0,5.627782988905291,gyro_mag_diff_rms_slope,lowdim_set_trend,IMU trend
M4_add_one__gyro_mag_diff_rms_slope,ridge,5,haoyu0512workout|hsianshun0514workout|tsenyu0515workout|yanz0510workout|ziho0512workout,yushuan0513workout,yoru0511workout,yoru0511workout,db_bench_press,4,5.0,8.408781914889994,gyro_mag_diff_rms_slope,lowdim_set_trend,IMU trend
M4_add_one__gyro_mag_diff_rms_slope,ridge,5,haoyu0512workout|hsianshun0514workout|tsenyu0515workout|yanz0510workout|ziho0512workout,yushuan0513workout,yoru0511workout,yoru0511workout,db_bench_press,5,7.0,9.576308250897414,gyro_mag_diff_rms_slope,lowdim_set_trend,IMU trend
M4_add_one__gyro_mag_diff_rms_slope,ridge,5,haoyu0512workout|hsianshun0514workout|tsenyu0515workout|yanz0510workout|ziho0512workout,yushuan0513workout,yoru0511workout,yoru0511workout,db_biceps_curl,0,6.0,7.768064318753272,gyro_mag_diff_rms_slope,lowdim_set_trend,IMU trend
M4_add_one__gyro_mag_diff_rms_slope,ridge,5,haoyu0512workout|hsianshun0514workout|tsenyu0515workout|yanz0510workout|ziho0512workout,yushuan0513workout,yoru0511workout,yoru0511workout,db_biceps_curl,1,8.0,8.647280098869032,gyro_mag_diff_rms_slope,lowdim_set_trend,IMU trend
M4_add_one__gyro_mag_diff_rms_slope,ridge,5,haoyu0512workout|hsianshun0514workout|tsenyu0515workout|yanz0510workout|ziho0512workout,yushuan0513workout,yoru0511workout,yoru0511workout,db_biceps_curl,2,9.0,9.48200071595744,gyro_mag_diff_rms_slope,lowdim_set_trend,IMU trend
M4_add_one__gyro_mag_diff_rms_slope,ridge,5,haoyu0512workout|hsianshun0514workout|tsenyu0515workout|yanz0510workout|ziho0512workout,yushuan0513workout,yoru0511workout,yoru0511workout,db_rdl,0,6.0,6.637878044286805,gyro_mag_diff_rms_slope,lowdim_set_trend,IMU trend
M4_add_one__gyro_mag_diff_rms_slope,ridge,5,haoyu0512workout|hsianshun0514workout|tsenyu0515workout|yanz0510workout|ziho0512workout,yushuan0513workout,yoru0511workout,yoru0511workout,db_rdl,1,6.0,7.7600053911074935,gyro_mag_diff_rms_slope,lowdim_set_trend,IMU trend
M4_add_one__gyro_mag_diff_rms_slope,ridge,5,haoyu0512workout|hsianshun0514workout|tsenyu0515workout|yanz0510workout|ziho0512workout,yushuan0513workout,yoru0511workout,yoru0511workout,db_rdl,2,7.0,8.82845878723731,gyro_mag_diff_rms_slope,lowdim_set_trend,IMU trend
M4_add_one__gyro_mag_diff_rms_slope,ridge,5,haoyu0512workout|hsianshun0514workout|tsenyu0515workout|yanz0510workout|ziho0512workout,yushuan0513workout,yoru0511workout,yoru0511workout,db_shoulder_press,0,7.0,7.629724693298854,gyro_mag_diff_rms_slope,lowdim_set_trend,IMU trend
M4_add_one__gyro_mag_diff_rms_slope,ridge,5,haoyu0512workout|hsianshun0514workout|tsenyu0515workout|yanz0510workout|ziho0512workout,yushuan0513workout,yoru0511workout,yoru0511workout,db_shoulder_press,1,8.0,8.251017157983098,gyro_mag_diff_rms_slope,lowdim_set_trend,IMU trend
M4_add_one__gyro_mag_diff_rms_slope,ridge,5,haoyu0512workout|hsianshun0514workout|tsenyu0515workout|yanz0510workout|ziho0512workout,yushuan0513workout,yoru0511workout,yoru0511workout,db_shoulder_press,2,9.0,8.828545816851099,gyro_mag_diff_rms_slope,lowdim_set_trend,IMU trend
M4_add_one__gyro_mag_diff_rms_slope,ridge,5,haoyu0512workout|hsianshun0514workout|tsenyu0515workout|yanz0510workout|ziho0512workout,yushuan0513workout,yoru0511workout,yoru0511workout,db_squat,0,4.0,6.096870837383793,gyro_mag_diff_rms_slope,lowdim_set_trend,IMU trend
M4_add_one__gyro_mag_diff_rms_slope,ridge,5,haoyu0512workout|hsianshun0514workout|tsenyu0515workout|yanz0510workout|ziho0512workout,yushuan0513workout,yoru0511workout,yoru0511workout,db_squat,1,5.0,6.9258720753194565,gyro_mag_diff_rms_slope,lowdim_set_trend,IMU trend
M4_add_one__gyro_mag_diff_rms_slope,ridge,5,haoyu0512workout|hsianshun0514workout|tsenyu0515workout|yanz0510workout|ziho0512workout,yushuan0513workout,yoru0511workout,yoru0511workout,db_squat,2,6.0,7.741294653063536,gyro_mag_diff_rms_slope,lowdim_set_trend,IMU trend
M4_add_one__gyro_mag_diff_rms_slope,ridge,5,haoyu0512workout|hsianshun0514workout|tsenyu0515workout|yanz0510workout|ziho0512workout,yushuan0513workout,yoru0511workout,yoru0511workout,db_triceps_curl,0,5.0,6.371609589195077,gyro_mag_diff_rms_slope,lowdim_set_trend,IMU trend
M4_add_one__gyro_mag_diff_rms_slope,ridge,5,haoyu0512workout|hsianshun0514workout|tsenyu0515workout|yanz0510workout|ziho0512workout,yushuan0513workout,yoru0511workout,yoru0511workout,db_triceps_curl,1,5.0,7.418764567763177,gyro_mag_diff_rms_slope,lowdim_set_trend,IMU trend
M4_add_one__gyro_mag_diff_rms_slope,ridge,5,haoyu0512workout|hsianshun0514workout|tsenyu0515workout|yanz0510workout|ziho0512workout,yushuan0513workout,yoru0511workout,yoru0511workout,db_triceps_curl,2,6.0,8.17240904049955,gyro_mag_diff_rms_slope,lowdim_set_trend,IMU trend
M4_add_one__gyro_mag_diff_rms_slope,ridge,5,haoyu0512workout|hsianshun0514workout|tsenyu0515workout|yanz0510workout|ziho0512workout,yushuan0513workout,yoru0511workout,yoru0511workout,db_weighted_crunch,0,6.0,5.115599978685095,gyro_mag_diff_rms_slope,lowdim_set_trend,IMU trend
M4_add_one__gyro_mag_diff_rms_slope,ridge,5,haoyu0512workout|hsianshun0514workout|tsenyu0515workout|yanz0510workout|ziho0512workout,yushuan0513workout,yoru0511workout,yoru0511workout,db_weighted_crunch,1,7.0,6.2073605479211045,gyro_mag_diff_rms_slope,lowdim_set_trend,IMU trend
M4_add_one__gyro_mag_diff_rms_slope,ridge,5,haoyu0512workout|hsianshun0514workout|tsenyu0515workout|yanz0510workout|ziho0512workout,yushuan0513workout,yoru0511workout,yoru0511workout,db_weighted_crunch,2,7.0,6.972165964788205,gyro_mag_diff_rms_slope,lowdim_set_trend,IMU trend
M4_add_one__gyro_mag_diff_rms_slope,ridge,5,haoyu0512workout|hsianshun0514workout|tsenyu0515workout|yanz0510workout|ziho0512workout,yushuan0513workout,yoru0511workout,yoru0511workout,one_arm_db_row,0,5.0,6.881068613994859,gyro_mag_diff_rms_slope,lowdim_set_trend,IMU trend
M4_add_one__gyro_mag_diff_rms_slope,ridge,5,haoyu0512workout|hsianshun0514workout|tsenyu0515workout|yanz0510workout|ziho0512workout,yushuan0513workout,yoru0511workout,yoru0511workout,one_arm_db_row,2,7.0,7.967269323118592,gyro_mag_diff_rms_slope,lowdim_set_trend,IMU trend
M4_add_one__gyro_mag_diff_rms_slope,ridge,5,haoyu0512workout|hsianshun0514workout|tsenyu0515workout|yanz0510workout|ziho0512workout,yushuan0513workout,yoru0511workout,yoru0511workout,one_arm_db_row,3,8.0,9.027623896751317,gyro_mag_diff_rms_slope,lowdim_set_trend,IMU trend
M4_add_one__gyro_mag_diff_rms_slope,ridge,6,haoyu0512workout|hsianshun0514workout|tsenyu0515workout|yanz0510workout|yoru0511workout,ziho0512workout,yushuan0513workout,yushuan0513workout,db_bench_press,0,9.0,5.884527757014888,gyro_mag_diff_rms_slope,lowdim_set_trend,IMU trend
M4_add_one__gyro_mag_diff_rms_slope,ridge,6,haoyu0512workout|hsianshun0514workout|tsenyu0515workout|yanz0510workout|yoru0511workout,ziho0512workout,yushuan0513workout,yushuan0513workout,db_bench_press,1,10.0,6.565369103502787,gyro_mag_diff_rms_slope,lowdim_set_trend,IMU trend
M4_add_one__gyro_mag_diff_rms_slope,ridge,6,haoyu0512workout|hsianshun0514workout|tsenyu0515workout|yanz0510workout|yoru0511workout,ziho0512workout,yushuan0513workout,yushuan0513workout,db_bench_press,3,10.0,7.436618646120268,gyro_mag_diff_rms_slope,lowdim_set_trend,IMU trend
M4_add_one__gyro_mag_diff_rms_slope,ridge,6,haoyu0512workout|hsianshun0514workout|tsenyu0515workout|yanz0510workout|yoru0511workout,ziho0512workout,yushuan0513workout,yushuan0513workout,db_biceps_curl,0,7.0,7.242519417112231,gyro_mag_diff_rms_slope,lowdim_set_trend,IMU trend
M4_add_one__gyro_mag_diff_rms_slope,ridge,6,haoyu0512workout|hsianshun0514workout|tsenyu0515workout|yanz0510workout|yoru0511workout,ziho0512workout,yushuan0513workout,yushuan0513workout,db_biceps_curl,1,9.0,7.816985996362554,gyro_mag_diff_rms_slope,lowdim_set_trend,IMU trend
M4_add_one__gyro_mag_diff_rms_slope,ridge,6,haoyu0512workout|hsianshun0514workout|tsenyu0515workout|yanz0510workout|yoru0511workout,ziho0512workout,yushuan0513workout,yushuan0513workout,db_biceps_curl,2,10.0,8.411698845462137,gyro_mag_diff_rms_slope,lowdim_set_trend,IMU trend
M4_add_one__gyro_mag_diff_rms_slope,ridge,6,haoyu0512workout|hsianshun0514workout|tsenyu0515workout|yanz0510workout|yoru0511workout,ziho0512workout,yushuan0513workout,yushuan0513workout,db_rdl,0,6.0,6.528336938673753,gyro_mag_diff_rms_slope,lowdim_set_trend,IMU trend
M4_add_one__gyro_mag_diff_rms_slope,ridge,6,haoyu0512workout|hsianshun0514workout|tsenyu0515workout|yanz0510workout|yoru0511workout,ziho0512workout,yushuan0513workout,yushuan0513workout,db_rdl,1,8.0,7.189174143315967,gyro_mag_diff_rms_slope,lowdim_set_trend,IMU trend
M4_add_one__gyro_mag_diff_rms_slope,ridge,6,haoyu0512workout|hsianshun0514workout|tsenyu0515workout|yanz0510workout|yoru0511workout,ziho0512workout,yushuan0513workout,yushuan0513workout,db_rdl,2,8.0,7.964991586728253,gyro_mag_diff_rms_slope,lowdim_set_trend,IMU trend
M4_add_one__gyro_mag_diff_rms_slope,ridge,6,haoyu0512workout|hsianshun0514workout|tsenyu0515workout|yanz0510workout|yoru0511workout,ziho0512workout,yushuan0513workout,yushuan0513workout,db_shoulder_press,0,8.0,7.292043645701263,gyro_mag_diff_rms_slope,lowdim_set_trend,IMU trend
M4_add_one__gyro_mag_diff_rms_slope,ridge,6,haoyu0512workout|hsianshun0514workout|tsenyu0515workout|yanz0510workout|yoru0511workout,ziho0512workout,yushuan0513workout,yushuan0513workout,db_shoulder_press,1,9.0,8.064251114411306,gyro_mag_diff_rms_slope,lowdim_set_trend,IMU trend
M4_add_one__gyro_mag_diff_rms_slope,ridge,6,haoyu0512workout|hsianshun0514workout|tsenyu0515workout|yanz0510workout|yoru0511workout,ziho0512workout,yushuan0513workout,yushuan0513workout,db_shoulder_press,2,10.0,8.782094530140558,gyro_mag_diff_rms_slope,lowdim_set_trend,IMU trend
M4_add_one__gyro_mag_diff_rms_slope,ridge,6,haoyu0512workout|hsianshun0514workout|tsenyu0515workout|yanz0510workout|yoru0511workout,ziho0512workout,yushuan0513workout,yushuan0513workout,db_squat,0,6.0,5.958427906650434,gyro_mag_diff_rms_slope,lowdim_set_trend,IMU trend
M4_add_one__gyro_mag_diff_rms_slope,ridge,6,haoyu0512workout|hsianshun0514workout|tsenyu0515workout|yanz0510workout|yoru0511workout,ziho0512workout,yushuan0513workout,yushuan0513workout,db_squat,1,7.0,6.615029136064338,gyro_mag_diff_rms_slope,lowdim_set_trend,IMU trend
M4_add_one__gyro_mag_diff_rms_slope,ridge,6,haoyu0512workout|hsianshun0514workout|tsenyu0515workout|yanz0510workout|yoru0511workout,ziho0512workout,yushuan0513workout,yushuan0513workout,db_squat,2,8.0,7.261961752335536,gyro_mag_diff_rms_slope,lowdim_set_trend,IMU trend
M4_add_one__gyro_mag_diff_rms_slope,ridge,6,haoyu0512workout|hsianshun0514workout|tsenyu0515workout|yanz0510workout|yoru0511workout,ziho0512workout,yushuan0513workout,yushuan0513workout,db_triceps_curl,0,6.0,6.196757346613804,gyro_mag_diff_rms_slope,lowdim_set_trend,IMU trend
M4_add_one__gyro_mag_diff_rms_slope,ridge,6,haoyu0512workout|hsianshun0514workout|tsenyu0515workout|yanz0510workout|yoru0511workout,ziho0512workout,yushuan0513workout,yushuan0513workout,db_triceps_curl,1,7.0,6.749882170886062,gyro_mag_diff_rms_slope,lowdim_set_trend,IMU trend
M4_add_one__gyro_mag_diff_rms_slope,ridge,6,haoyu0512workout|hsianshun0514workout|tsenyu0515workout|yanz0510workout|yoru0511workout,ziho0512workout,yushuan0513workout,yushuan0513workout,db_triceps_curl,2,9.0,7.338378291647597,gyro_mag_diff_rms_slope,lowdim_set_trend,IMU trend
M4_add_one__gyro_mag_diff_rms_slope,ridge,6,haoyu0512workout|hsianshun0514workout|tsenyu0515workout|yanz0510workout|yoru0511workout,ziho0512workout,yushuan0513workout,yushuan0513workout,db_weighted_crunch,0,5.0,6.114269474347939,gyro_mag_diff_rms_slope,lowdim_set_trend,IMU trend
M4_add_one__gyro_mag_diff_rms_slope,ridge,6,haoyu0512workout|hsianshun0514workout|tsenyu0515workout|yanz0510workout|yoru0511workout,ziho0512workout,yushuan0513workout,yushuan0513workout,db_weighted_crunch,1,6.0,6.763961993478951,gyro_mag_diff_rms_slope,lowdim_set_trend,IMU trend
M4_add_one__gyro_mag_diff_rms_slope,ridge,6,haoyu0512workout|hsianshun0514workout|tsenyu0515workout|yanz0510workout|yoru0511workout,ziho0512workout,yushuan0513workout,yushuan0513workout,db_weighted_crunch,2,7.0,7.47529694727784,gyro_mag_diff_rms_slope,lowdim_set_trend,IMU trend
M4_add_one__gyro_mag_diff_rms_slope,ridge,6,haoyu0512workout|hsianshun0514workout|tsenyu0515workout|yanz0510workout|yoru0511workout,ziho0512workout,yushuan0513workout,yushuan0513workout,one_arm_db_row,0,9.0,6.7538485840400835,gyro_mag_diff_rms_slope,lowdim_set_trend,IMU trend
M4_add_one__gyro_mag_diff_rms_slope,ridge,6,haoyu0512workout|hsianshun0514workout|tsenyu0515workout|yanz0510workout|yoru0511workout,ziho0512workout,yushuan0513workout,yushuan0513workout,one_arm_db_row,1,8.0,7.4109393376812225,gyro_mag_diff_rms_slope,lowdim_set_trend,IMU trend
M4_add_one__gyro_mag_diff_rms_slope,ridge,6,haoyu0512workout|hsianshun0514workout|tsenyu0515workout|yanz0510workout|yoru0511workout,ziho0512workout,yushuan0513workout,yushuan0513workout,one_arm_db_row,2,9.0,8.015268011100757,gyro_mag_diff_rms_slope,lowdim_set_trend,IMU trend
M4_add_one__gyro_mag_diff_rms_slope,ridge,7,hsianshun0514workout|tsenyu0515workout|yanz0510workout|yoru0511workout|yushuan0513workout,haoyu0512workout,ziho0512workout,ziho0512workout,db_bench_press,1,8.0,6.141329434655107,gyro_mag_diff_rms_slope,lowdim_set_trend,IMU trend
M4_add_one__gyro_mag_diff_rms_slope,ridge,7,hsianshun0514workout|tsenyu0515workout|yanz0510workout|yoru0511workout|yushuan0513workout,haoyu0512workout,ziho0512workout,ziho0512workout,db_bench_press,2,9.0,6.782214799670625,gyro_mag_diff_rms_slope,lowdim_set_trend,IMU trend
M4_add_one__gyro_mag_diff_rms_slope,ridge,7,hsianshun0514workout|tsenyu0515workout|yanz0510workout|yoru0511workout|yushuan0513workout,haoyu0512workout,ziho0512workout,ziho0512workout,db_bench_press,3,10.0,7.343967903865559,gyro_mag_diff_rms_slope,lowdim_set_trend,IMU trend
M4_add_one__gyro_mag_diff_rms_slope,ridge,7,hsianshun0514workout|tsenyu0515workout|yanz0510workout|yoru0511workout|yushuan0513workout,haoyu0512workout,ziho0512workout,ziho0512workout,db_biceps_curl,0,9.0,7.282306908369556,gyro_mag_diff_rms_slope,lowdim_set_trend,IMU trend
M4_add_one__gyro_mag_diff_rms_slope,ridge,7,hsianshun0514workout|tsenyu0515workout|yanz0510workout|yoru0511workout|yushuan0513workout,haoyu0512workout,ziho0512workout,ziho0512workout,db_biceps_curl,1,9.0,7.989434585498781,gyro_mag_diff_rms_slope,lowdim_set_trend,IMU trend
M4_add_one__gyro_mag_diff_rms_slope,ridge,7,hsianshun0514workout|tsenyu0515workout|yanz0510workout|yoru0511workout|yushuan0513workout,haoyu0512workout,ziho0512workout,ziho0512workout,db_biceps_curl,2,9.0,8.668114749299516,gyro_mag_diff_rms_slope,lowdim_set_trend,IMU trend
M4_add_one__gyro_mag_diff_rms_slope,ridge,7,hsianshun0514workout|tsenyu0515workout|yanz0510workout|yoru0511workout|yushuan0513workout,haoyu0512workout,ziho0512workout,ziho0512workout,db_rdl,0,8.0,6.108277323058939,gyro_mag_diff_rms_slope,lowdim_set_trend,IMU trend
M4_add_one__gyro_mag_diff_rms_slope,ridge,7,hsianshun0514workout|tsenyu0515workout|yanz0510workout|yoru0511workout|yushuan0513workout,haoyu0512workout,ziho0512workout,ziho0512workout,db_rdl,2,9.0,7.053057422595287,gyro_mag_diff_rms_slope,lowdim_set_trend,IMU trend
M4_add_one__gyro_mag_diff_rms_slope,ridge,7,hsianshun0514workout|tsenyu0515workout|yanz0510workout|yoru0511workout|yushuan0513workout,haoyu0512workout,ziho0512workout,ziho0512workout,db_shoulder_press,0,10.0,7.205462996814266,gyro_mag_diff_rms_slope,lowdim_set_trend,IMU trend
M4_add_one__gyro_mag_diff_rms_slope,ridge,7,hsianshun0514workout|tsenyu0515workout|yanz0510workout|yoru0511workout|yushuan0513workout,haoyu0512workout,ziho0512workout,ziho0512workout,db_shoulder_press,1,10.0,7.7974787734593605,gyro_mag_diff_rms_slope,lowdim_set_trend,IMU trend
M4_add_one__gyro_mag_diff_rms_slope,ridge,7,hsianshun0514workout|tsenyu0515workout|yanz0510workout|yoru0511workout|yushuan0513workout,haoyu0512workout,ziho0512workout,ziho0512workout,db_shoulder_press,2,10.0,8.323752569177813,gyro_mag_diff_rms_slope,lowdim_set_trend,IMU trend
M4_add_one__gyro_mag_diff_rms_slope,ridge,7,hsianshun0514workout|tsenyu0515workout|yanz0510workout|yoru0511workout|yushuan0513workout,haoyu0512workout,ziho0512workout,ziho0512workout,db_squat,0,7.0,5.762768891308822,gyro_mag_diff_rms_slope,lowdim_set_trend,IMU trend
M4_add_one__gyro_mag_diff_rms_slope,ridge,7,hsianshun0514workout|tsenyu0515workout|yanz0510workout|yoru0511workout|yushuan0513workout,haoyu0512workout,ziho0512workout,ziho0512workout,db_squat,1,8.0,6.499734884590218,gyro_mag_diff_rms_slope,lowdim_set_trend,IMU trend
M4_add_one__gyro_mag_diff_rms_slope,ridge,7,hsianshun0514workout|tsenyu0515workout|yanz0510workout|yoru0511workout|yushuan0513workout,haoyu0512workout,ziho0512workout,ziho0512workout,db_squat,2,9.0,7.142989476804904,gyro_mag_diff_rms_slope,lowdim_set_trend,IMU trend
M4_add_one__gyro_mag_diff_rms_slope,ridge,7,hsianshun0514workout|tsenyu0515workout|yanz0510workout|yoru0511workout|yushuan0513workout,haoyu0512workout,ziho0512workout,ziho0512workout,db_triceps_curl,0,8.0,6.097243871806823,gyro_mag_diff_rms_slope,lowdim_set_trend,IMU trend
M4_add_one__gyro_mag_diff_rms_slope,ridge,7,hsianshun0514workout|tsenyu0515workout|yanz0510workout|yoru0511workout|yushuan0513workout,haoyu0512workout,ziho0512workout,ziho0512workout,db_triceps_curl,1,9.0,6.798336600678086,gyro_mag_diff_rms_slope,lowdim_set_trend,IMU trend
M4_add_one__gyro_mag_diff_rms_slope,ridge,7,hsianshun0514workout|tsenyu0515workout|yanz0510workout|yoru0511workout|yushuan0513workout,haoyu0512workout,ziho0512workout,ziho0512workout,db_triceps_curl,2,9.0,7.425561955439545,gyro_mag_diff_rms_slope,lowdim_set_trend,IMU trend
M4_add_one__gyro_mag_diff_rms_slope,ridge,7,hsianshun0514workout|tsenyu0515workout|yanz0510workout|yoru0511workout|yushuan0513workout,haoyu0512workout,ziho0512workout,ziho0512workout,db_weighted_crunch,0,6.0,5.852645289972657,gyro_mag_diff_rms_slope,lowdim_set_trend,IMU trend
M4_add_one__gyro_mag_diff_rms_slope,ridge,7,hsianshun0514workout|tsenyu0515workout|yanz0510workout|yoru0511workout|yushuan0513workout,haoyu0512workout,ziho0512workout,ziho0512workout,db_weighted_crunch,1,8.0,6.573429665657903,gyro_mag_diff_rms_slope,lowdim_set_trend,IMU trend
M4_add_one__gyro_mag_diff_rms_slope,ridge,7,hsianshun0514workout|tsenyu0515workout|yanz0510workout|yoru0511workout|yushuan0513workout,haoyu0512workout,ziho0512workout,ziho0512workout,db_weighted_crunch,2,9.0,7.301864128860887,gyro_mag_diff_rms_slope,lowdim_set_trend,IMU trend
M4_add_one__gyro_mag_diff_rms_slope,ridge,7,hsianshun0514workout|tsenyu0515workout|yanz0510workout|yoru0511workout|yushuan0513workout,haoyu0512workout,ziho0512workout,ziho0512workout,one_arm_db_row,0,6.0,6.5823003692433275,gyro_mag_diff_rms_slope,lowdim_set_trend,IMU trend
M4_add_one__gyro_mag_diff_rms_slope,ridge,7,hsianshun0514workout|tsenyu0515workout|yanz0510workout|yoru0511workout|yushuan0513workout,haoyu0512workout,ziho0512workout,ziho0512workout,one_arm_db_row,1,8.0,7.230905619959019,gyro_mag_diff_rms_slope,lowdim_set_trend,IMU trend
M4_add_one__gyro_mag_diff_rms_slope,ridge,7,hsianshun0514workout|tsenyu0515workout|yanz0510workout|yoru0511workout|yushuan0513workout,haoyu0512workout,ziho0512workout,ziho0512workout,one_arm_db_row,2,9.0,7.838594777411257,gyro_mag_diff_rms_slope,lowdim_set_trend,IMU trend
M4_add_one__sim_to_first_slope,ridge,1,tsenyu0515workout|yanz0510workout|yoru0511workout|yushuan0513workout|ziho0512workout,hsianshun0514workout,haoyu0512workout,haoyu0512workout,db_bench_press,0,8.0,6.54209515186686,sim_to_first_slope,lowdim_set_trend,IMU trend
M4_add_one__sim_to_first_slope,ridge,1,tsenyu0515workout|yanz0510workout|yoru0511workout|yushuan0513workout|ziho0512workout,hsianshun0514workout,haoyu0512workout,haoyu0512workout,db_bench_press,1,9.0,7.138672560776139,sim_to_first_slope,lowdim_set_trend,IMU trend
M4_add_one__sim_to_first_slope,ridge,1,tsenyu0515workout|yanz0510workout|yoru0511workout|yushuan0513workout|ziho0512workout,hsianshun0514workout,haoyu0512workout,haoyu0512workout,db_bench_press,2,9.0,8.625232810918972,sim_to_first_slope,lowdim_set_trend,IMU trend
M4_add_one__sim_to_first_slope,ridge,1,tsenyu0515workout|yanz0510workout|yoru0511workout|yushuan0513workout|ziho0512workout,hsianshun0514workout,haoyu0512workout,haoyu0512workout,db_biceps_curl,0,9.0,7.586323305410767,sim_to_first_slope,lowdim_set_trend,IMU trend
M4_add_one__sim_to_first_slope,ridge,1,tsenyu0515workout|yanz0510workout|yoru0511workout|yushuan0513workout|ziho0512workout,hsianshun0514workout,haoyu0512workout,haoyu0512workout,db_biceps_curl,1,9.0,8.388689261346796,sim_to_first_slope,lowdim_set_trend,IMU trend
M4_add_one__sim_to_first_slope,ridge,1,tsenyu0515workout|yanz0510workout|yoru0511workout|yushuan0513workout|ziho0512workout,hsianshun0514workout,haoyu0512workout,haoyu0512workout,db_biceps_curl,3,9.0,9.679347978291524,sim_to_first_slope,lowdim_set_trend,IMU trend
M4_add_one__sim_to_first_slope,ridge,1,tsenyu0515workout|yanz0510workout|yoru0511workout|yushuan0513workout|ziho0512workout,hsianshun0514workout,haoyu0512workout,haoyu0512workout,db_rdl,0,9.0,6.325221288263573,sim_to_first_slope,lowdim_set_trend,IMU trend
M4_add_one__sim_to_first_slope,ridge,1,tsenyu0515workout|yanz0510workout|yoru0511workout|yushuan0513workout|ziho0512workout,hsianshun0514workout,haoyu0512workout,haoyu0512workout,db_rdl,1,9.0,8.235306618887545,sim_to_first_slope,lowdim_set_trend,IMU trend
M4_add_one__sim_to_first_slope,ridge,1,tsenyu0515workout|yanz0510workout|yoru0511workout|yushuan0513workout|ziho0512workout,hsianshun0514workout,haoyu0512workout,haoyu0512workout,db_rdl,2,9.0,8.230634414635517,sim_to_first_slope,lowdim_set_trend,IMU trend
M4_add_one__sim_to_first_slope,ridge,1,tsenyu0515workout|yanz0510workout|yoru0511workout|yushuan0513workout|ziho0512workout,hsianshun0514workout,haoyu0512workout,haoyu0512workout,db_shoulder_press,0,7.0,7.439824846503127,sim_to_first_slope,lowdim_set_trend,IMU trend
M4_add_one__sim_to_first_slope,ridge,1,tsenyu0515workout|yanz0510workout|yoru0511workout|yushuan0513workout|ziho0512workout,hsianshun0514workout,haoyu0512workout,haoyu0512workout,db_shoulder_press,1,9.0,8.303002139294902,sim_to_first_slope,lowdim_set_trend,IMU trend
M4_add_one__sim_to_first_slope,ridge,1,tsenyu0515workout|yanz0510workout|yoru0511workout|yushuan0513workout|ziho0512workout,hsianshun0514workout,haoyu0512workout,haoyu0512workout,db_shoulder_press,2,9.0,9.992325758610846,sim_to_first_slope,lowdim_set_trend,IMU trend
M4_add_one__sim_to_first_slope,ridge,1,tsenyu0515workout|yanz0510workout|yoru0511workout|yushuan0513workout|ziho0512workout,hsianshun0514workout,haoyu0512workout,haoyu0512workout,db_squat,0,6.0,5.798270150504269,sim_to_first_slope,lowdim_set_trend,IMU trend
M4_add_one__sim_to_first_slope,ridge,1,tsenyu0515workout|yanz0510workout|yoru0511workout|yushuan0513workout|ziho0512workout,hsianshun0514workout,haoyu0512workout,haoyu0512workout,db_squat,1,9.0,6.460159328724764,sim_to_first_slope,lowdim_set_trend,IMU trend
M4_add_one__sim_to_first_slope,ridge,1,tsenyu0515workout|yanz0510workout|yoru0511workout|yushuan0513workout|ziho0512workout,hsianshun0514workout,haoyu0512workout,haoyu0512workout,db_squat,2,8.0,7.951738973289833,sim_to_first_slope,lowdim_set_trend,IMU trend
M4_add_one__sim_to_first_slope,ridge,1,tsenyu0515workout|yanz0510workout|yoru0511workout|yushuan0513workout|ziho0512workout,hsianshun0514workout,haoyu0512workout,haoyu0512workout,db_triceps_curl,0,7.0,6.717690113565799,sim_to_first_slope,lowdim_set_trend,IMU trend
M4_add_one__sim_to_first_slope,ridge,1,tsenyu0515workout|yanz0510workout|yoru0511workout|yushuan0513workout|ziho0512workout,hsianshun0514workout,haoyu0512workout,haoyu0512workout,db_triceps_curl,1,9.0,7.226005031128047,sim_to_first_slope,lowdim_set_trend,IMU trend
M4_add_one__sim_to_first_slope,ridge,1,tsenyu0515workout|yanz0510workout|yoru0511workout|yushuan0513workout|ziho0512workout,hsianshun0514workout,haoyu0512workout,haoyu0512workout,db_triceps_curl,2,9.0,8.566121070022644,sim_to_first_slope,lowdim_set_trend,IMU trend
M4_add_one__sim_to_first_slope,ridge,1,tsenyu0515workout|yanz0510workout|yoru0511workout|yushuan0513workout|ziho0512workout,hsianshun0514workout,haoyu0512workout,haoyu0512workout,db_weighted_crunch,0,6.0,6.012384187216565,sim_to_first_slope,lowdim_set_trend,IMU trend
M4_add_one__sim_to_first_slope,ridge,1,tsenyu0515workout|yanz0510workout|yoru0511workout|yushuan0513workout|ziho0512workout,hsianshun0514workout,haoyu0512workout,haoyu0512workout,db_weighted_crunch,1,7.0,6.528939430141212,sim_to_first_slope,lowdim_set_trend,IMU trend
M4_add_one__sim_to_first_slope,ridge,1,tsenyu0515workout|yanz0510workout|yoru0511workout|yushuan0513workout|ziho0512workout,hsianshun0514workout,haoyu0512workout,haoyu0512workout,db_weighted_crunch,2,9.0,7.282114666893631,sim_to_first_slope,lowdim_set_trend,IMU trend
M4_add_one__sim_to_first_slope,ridge,1,tsenyu0515workout|yanz0510workout|yoru0511workout|yushuan0513workout|ziho0512workout,hsianshun0514workout,haoyu0512workout,haoyu0512workout,one_arm_db_row,0,9.0,7.246388682354049,sim_to_first_slope,lowdim_set_trend,IMU trend
M4_add_one__sim_to_first_slope,ridge,1,tsenyu0515workout|yanz0510workout|yoru0511workout|yushuan0513workout|ziho0512workout,hsianshun0514workout,haoyu0512workout,haoyu0512workout,one_arm_db_row,1,9.0,7.062051707626888,sim_to_first_slope,lowdim_set_trend,IMU trend
M4_add_one__sim_to_first_slope,ridge,1,tsenyu0515workout|yanz0510workout|yoru0511workout|yushuan0513workout|ziho0512workout,hsianshun0514workout,haoyu0512workout,haoyu0512workout,one_arm_db_row,2,9.0,9.244623863479397,sim_to_first_slope,lowdim_set_trend,IMU trend
M4_add_one__sim_to_first_slope,ridge,2,haoyu0512workout|yanz0510workout|yoru0511workout|yushuan0513workout|ziho0512workout,tsenyu0515workout,hsianshun0514workout,hsianshun0514workout,db_bench_press,0,4.0,7.108797938306843,sim_to_first_slope,lowdim_set_trend,IMU trend
M4_add_one__sim_to_first_slope,ridge,2,haoyu0512workout|yanz0510workout|yoru0511workout|yushuan0513workout|ziho0512workout,tsenyu0515workout,hsianshun0514workout,hsianshun0514workout,db_bench_press,1,6.0,7.757195835901302,sim_to_first_slope,lowdim_set_trend,IMU trend
M4_add_one__sim_to_first_slope,ridge,2,haoyu0512workout|yanz0510workout|yoru0511workout|yushuan0513workout|ziho0512workout,tsenyu0515workout,hsianshun0514workout,hsianshun0514workout,db_bench_press,2,7.0,8.842882521174024,sim_to_first_slope,lowdim_set_trend,IMU trend
M4_add_one__sim_to_first_slope,ridge,2,haoyu0512workout|yanz0510workout|yoru0511workout|yushuan0513workout|ziho0512workout,tsenyu0515workout,hsianshun0514workout,hsianshun0514workout,db_biceps_curl,0,9.0,8.091839143875706,sim_to_first_slope,lowdim_set_trend,IMU trend
M4_add_one__sim_to_first_slope,ridge,2,haoyu0512workout|yanz0510workout|yoru0511workout|yushuan0513workout|ziho0512workout,tsenyu0515workout,hsianshun0514workout,hsianshun0514workout,db_biceps_curl,1,10.0,8.212610191368697,sim_to_first_slope,lowdim_set_trend,IMU trend
M4_add_one__sim_to_first_slope,ridge,2,haoyu0512workout|yanz0510workout|yoru0511workout|yushuan0513workout|ziho0512workout,tsenyu0515workout,hsianshun0514workout,hsianshun0514workout,db_biceps_curl,2,10.0,8.414934133777622,sim_to_first_slope,lowdim_set_trend,IMU trend
M4_add_one__sim_to_first_slope,ridge,2,haoyu0512workout|yanz0510workout|yoru0511workout|yushuan0513workout|ziho0512workout,tsenyu0515workout,hsianshun0514workout,hsianshun0514workout,db_rdl,0,4.0,7.212753202311945,sim_to_first_slope,lowdim_set_trend,IMU trend
M4_add_one__sim_to_first_slope,ridge,2,haoyu0512workout|yanz0510workout|yoru0511workout|yushuan0513workout|ziho0512workout,tsenyu0515workout,hsianshun0514workout,hsianshun0514workout,db_rdl,1,6.0,7.945445760716372,sim_to_first_slope,lowdim_set_trend,IMU trend
M4_add_one__sim_to_first_slope,ridge,2,haoyu0512workout|yanz0510workout|yoru0511workout|yushuan0513workout|ziho0512workout,tsenyu0515workout,hsianshun0514workout,hsianshun0514workout,db_rdl,2,8.0,8.14996319752769,sim_to_first_slope,lowdim_set_trend,IMU trend
M4_add_one__sim_to_first_slope,ridge,2,haoyu0512workout|yanz0510workout|yoru0511workout|yushuan0513workout|ziho0512workout,tsenyu0515workout,hsianshun0514workout,hsianshun0514workout,db_shoulder_press,1,9.0,7.989695247444843,sim_to_first_slope,lowdim_set_trend,IMU trend
M4_add_one__sim_to_first_slope,ridge,2,haoyu0512workout|yanz0510workout|yoru0511workout|yushuan0513workout|ziho0512workout,tsenyu0515workout,hsianshun0514workout,hsianshun0514workout,db_shoulder_press,2,10.0,8.295977424008809,sim_to_first_slope,lowdim_set_trend,IMU trend
M4_add_one__sim_to_first_slope,ridge,2,haoyu0512workout|yanz0510workout|yoru0511workout|yushuan0513workout|ziho0512workout,tsenyu0515workout,hsianshun0514workout,hsianshun0514workout,db_shoulder_press,3,10.0,8.61407991313547,sim_to_first_slope,lowdim_set_trend,IMU trend
M4_add_one__sim_to_first_slope,ridge,2,haoyu0512workout|yanz0510workout|yoru0511workout|yushuan0513workout|ziho0512workout,tsenyu0515workout,hsianshun0514workout,hsianshun0514workout,db_squat,0,4.0,6.801053826891524,sim_to_first_slope,lowdim_set_trend,IMU trend
M4_add_one__sim_to_first_slope,ridge,2,haoyu0512workout|yanz0510workout|yoru0511workout|yushuan0513workout|ziho0512workout,tsenyu0515workout,hsianshun0514workout,hsianshun0514workout,db_squat,1,6.0,7.265137563087471,sim_to_first_slope,lowdim_set_trend,IMU trend
M4_add_one__sim_to_first_slope,ridge,2,haoyu0512workout|yanz0510workout|yoru0511workout|yushuan0513workout|ziho0512workout,tsenyu0515workout,hsianshun0514workout,hsianshun0514workout,db_squat,2,7.0,7.59375919589008,sim_to_first_slope,lowdim_set_trend,IMU trend
M4_add_one__sim_to_first_slope,ridge,2,haoyu0512workout|yanz0510workout|yoru0511workout|yushuan0513workout|ziho0512workout,tsenyu0515workout,hsianshun0514workout,hsianshun0514workout,db_triceps_curl,0,4.0,7.183931482910822,sim_to_first_slope,lowdim_set_trend,IMU trend
M4_add_one__sim_to_first_slope,ridge,2,haoyu0512workout|yanz0510workout|yoru0511workout|yushuan0513workout|ziho0512workout,tsenyu0515workout,hsianshun0514workout,hsianshun0514workout,db_triceps_curl,1,7.0,7.726500111723697,sim_to_first_slope,lowdim_set_trend,IMU trend
M4_add_one__sim_to_first_slope,ridge,2,haoyu0512workout|yanz0510workout|yoru0511workout|yushuan0513workout|ziho0512workout,tsenyu0515workout,hsianshun0514workout,hsianshun0514workout,db_triceps_curl,2,8.0,8.252575822009307,sim_to_first_slope,lowdim_set_trend,IMU trend
M4_add_one__sim_to_first_slope,ridge,2,haoyu0512workout|yanz0510workout|yoru0511workout|yushuan0513workout|ziho0512workout,tsenyu0515workout,hsianshun0514workout,hsianshun0514workout,db_weighted_crunch,0,5.0,6.636697712733339,sim_to_first_slope,lowdim_set_trend,IMU trend
M4_add_one__sim_to_first_slope,ridge,2,haoyu0512workout|yanz0510workout|yoru0511workout|yushuan0513workout|ziho0512workout,tsenyu0515workout,hsianshun0514workout,hsianshun0514workout,db_weighted_crunch,2,7.0,7.423467543258035,sim_to_first_slope,lowdim_set_trend,IMU trend
M4_add_one__sim_to_first_slope,ridge,2,haoyu0512workout|yanz0510workout|yoru0511workout|yushuan0513workout|ziho0512workout,tsenyu0515workout,hsianshun0514workout,hsianshun0514workout,db_weighted_crunch,3,7.0,7.83840980235391,sim_to_first_slope,lowdim_set_trend,IMU trend
M4_add_one__sim_to_first_slope,ridge,2,haoyu0512workout|yanz0510workout|yoru0511workout|yushuan0513workout|ziho0512workout,tsenyu0515workout,hsianshun0514workout,hsianshun0514workout,one_arm_db_row,1,7.0,7.100888742955384,sim_to_first_slope,lowdim_set_trend,IMU trend
M4_add_one__sim_to_first_slope,ridge,2,haoyu0512workout|yanz0510workout|yoru0511workout|yushuan0513workout|ziho0512workout,tsenyu0515workout,hsianshun0514workout,hsianshun0514workout,one_arm_db_row,2,8.0,7.400427553737136,sim_to_first_slope,lowdim_set_trend,IMU trend
M4_add_one__sim_to_first_slope,ridge,3,haoyu0512workout|hsianshun0514workout|yoru0511workout|yushuan0513workout|ziho0512workout,yanz0510workout,tsenyu0515workout,tsenyu0515workout,db_bench_press,0,3.0,6.414196933401911,sim_to_first_slope,lowdim_set_trend,IMU trend
M4_add_one__sim_to_first_slope,ridge,3,haoyu0512workout|hsianshun0514workout|yoru0511workout|yushuan0513workout|ziho0512workout,yanz0510workout,tsenyu0515workout,tsenyu0515workout,db_bench_press,1,6.0,7.81397313540377,sim_to_first_slope,lowdim_set_trend,IMU trend
M4_add_one__sim_to_first_slope,ridge,3,haoyu0512workout|hsianshun0514workout|yoru0511workout|yushuan0513workout|ziho0512workout,yanz0510workout,tsenyu0515workout,tsenyu0515workout,db_bench_press,2,8.0,8.80377256946024,sim_to_first_slope,lowdim_set_trend,IMU trend
M4_add_one__sim_to_first_slope,ridge,3,haoyu0512workout|hsianshun0514workout|yoru0511workout|yushuan0513workout|ziho0512workout,yanz0510workout,tsenyu0515workout,tsenyu0515workout,db_biceps_curl,0,6.0,8.718948767680082,sim_to_first_slope,lowdim_set_trend,IMU trend
M4_add_one__sim_to_first_slope,ridge,3,haoyu0512workout|hsianshun0514workout|yoru0511workout|yushuan0513workout|ziho0512workout,yanz0510workout,tsenyu0515workout,tsenyu0515workout,db_biceps_curl,1,9.0,9.622828005244608,sim_to_first_slope,lowdim_set_trend,IMU trend
M4_add_one__sim_to_first_slope,ridge,3,haoyu0512workout|hsianshun0514workout|yoru0511workout|yushuan0513workout|ziho0512workout,yanz0510workout,tsenyu0515workout,tsenyu0515workout,db_biceps_curl,2,9.0,10.793342810293597,sim_to_first_slope,lowdim_set_trend,IMU trend
M4_add_one__sim_to_first_slope,ridge,3,haoyu0512workout|hsianshun0514workout|yoru0511workout|yushuan0513workout|ziho0512workout,yanz0510workout,tsenyu0515workout,tsenyu0515workout,db_rdl,0,6.0,7.254445972175281,sim_to_first_slope,lowdim_set_trend,IMU trend
M4_add_one__sim_to_first_slope,ridge,3,haoyu0512workout|hsianshun0514workout|yoru0511workout|yushuan0513workout|ziho0512workout,yanz0510workout,tsenyu0515workout,tsenyu0515workout,db_rdl,1,10.0,8.700565099827548,sim_to_first_slope,lowdim_set_trend,IMU trend
M4_add_one__sim_to_first_slope,ridge,3,haoyu0512workout|hsianshun0514workout|yoru0511workout|yushuan0513workout|ziho0512workout,yanz0510workout,tsenyu0515workout,tsenyu0515workout,db_rdl,2,6.0,9.672368747144372,sim_to_first_slope,lowdim_set_trend,IMU trend
M4_add_one__sim_to_first_slope,ridge,3,haoyu0512workout|hsianshun0514workout|yoru0511workout|yushuan0513workout|ziho0512workout,yanz0510workout,tsenyu0515workout,tsenyu0515workout,db_shoulder_press,0,5.0,8.41613858906799,sim_to_first_slope,lowdim_set_trend,IMU trend
M4_add_one__sim_to_first_slope,ridge,3,haoyu0512workout|hsianshun0514workout|yoru0511workout|yushuan0513workout|ziho0512workout,yanz0510workout,tsenyu0515workout,tsenyu0515workout,db_shoulder_press,1,8.0,9.371135785235044,sim_to_first_slope,lowdim_set_trend,IMU trend
M4_add_one__sim_to_first_slope,ridge,3,haoyu0512workout|hsianshun0514workout|yoru0511workout|yushuan0513workout|ziho0512workout,yanz0510workout,tsenyu0515workout,tsenyu0515workout,db_shoulder_press,2,9.0,10.560201857673585,sim_to_first_slope,lowdim_set_trend,IMU trend
M4_add_one__sim_to_first_slope,ridge,3,haoyu0512workout|hsianshun0514workout|yoru0511workout|yushuan0513workout|ziho0512workout,yanz0510workout,tsenyu0515workout,tsenyu0515workout,db_squat,1,4.0,6.197938775014742,sim_to_first_slope,lowdim_set_trend,IMU trend
M4_add_one__sim_to_first_slope,ridge,3,haoyu0512workout|hsianshun0514workout|yoru0511workout|yushuan0513workout|ziho0512workout,yanz0510workout,tsenyu0515workout,tsenyu0515workout,db_squat,2,6.0,7.301006090967842,sim_to_first_slope,lowdim_set_trend,IMU trend
M4_add_one__sim_to_first_slope,ridge,3,haoyu0512workout|hsianshun0514workout|yoru0511workout|yushuan0513workout|ziho0512workout,yanz0510workout,tsenyu0515workout,tsenyu0515workout,db_squat,3,5.0,8.01209236991939,sim_to_first_slope,lowdim_set_trend,IMU trend
M4_add_one__sim_to_first_slope,ridge,3,haoyu0512workout|hsianshun0514workout|yoru0511workout|yushuan0513workout|ziho0512workout,yanz0510workout,tsenyu0515workout,tsenyu0515workout,db_triceps_curl,0,4.0,6.841481604587522,sim_to_first_slope,lowdim_set_trend,IMU trend
M4_add_one__sim_to_first_slope,ridge,3,haoyu0512workout|hsianshun0514workout|yoru0511workout|yushuan0513workout|ziho0512workout,yanz0510workout,tsenyu0515workout,tsenyu0515workout,db_triceps_curl,1,6.0,7.623763043531262,sim_to_first_slope,lowdim_set_trend,IMU trend
M4_add_one__sim_to_first_slope,ridge,3,haoyu0512workout|hsianshun0514workout|yoru0511workout|yushuan0513workout|ziho0512workout,yanz0510workout,tsenyu0515workout,tsenyu0515workout,db_triceps_curl,2,7.0,8.37647236828846,sim_to_first_slope,lowdim_set_trend,IMU trend
M4_add_one__sim_to_first_slope,ridge,3,haoyu0512workout|hsianshun0514workout|yoru0511workout|yushuan0513workout|ziho0512workout,yanz0510workout,tsenyu0515workout,tsenyu0515workout,db_weighted_crunch,0,3.0,5.911569857004933,sim_to_first_slope,lowdim_set_trend,IMU trend
M4_add_one__sim_to_first_slope,ridge,3,haoyu0512workout|hsianshun0514workout|yoru0511workout|yushuan0513workout|ziho0512workout,yanz0510workout,tsenyu0515workout,tsenyu0515workout,db_weighted_crunch,1,5.0,6.527398895439507,sim_to_first_slope,lowdim_set_trend,IMU trend
M4_add_one__sim_to_first_slope,ridge,3,haoyu0512workout|hsianshun0514workout|yoru0511workout|yushuan0513workout|ziho0512workout,yanz0510workout,tsenyu0515workout,tsenyu0515workout,db_weighted_crunch,2,7.0,7.608258282331396,sim_to_first_slope,lowdim_set_trend,IMU trend
M4_add_one__sim_to_first_slope,ridge,3,haoyu0512workout|hsianshun0514workout|yoru0511workout|yushuan0513workout|ziho0512workout,yanz0510workout,tsenyu0515workout,tsenyu0515workout,one_arm_db_row,0,5.0,7.375832936069818,sim_to_first_slope,lowdim_set_trend,IMU trend
M4_add_one__sim_to_first_slope,ridge,3,haoyu0512workout|hsianshun0514workout|yoru0511workout|yushuan0513workout|ziho0512workout,yanz0510workout,tsenyu0515workout,tsenyu0515workout,one_arm_db_row,1,8.0,8.38822387391992,sim_to_first_slope,lowdim_set_trend,IMU trend
M4_add_one__sim_to_first_slope,ridge,3,haoyu0512workout|hsianshun0514workout|yoru0511workout|yushuan0513workout|ziho0512workout,yanz0510workout,tsenyu0515workout,tsenyu0515workout,one_arm_db_row,2,9.0,9.521365671999195,sim_to_first_slope,lowdim_set_trend,IMU trend
M4_add_one__sim_to_first_slope,ridge,4,haoyu0512workout|hsianshun0514workout|tsenyu0515workout|yushuan0513workout|ziho0512workout,yoru0511workout,yanz0510workout,yanz0510workout,db_bench_press,2,5.0,7.66217278003753,sim_to_first_slope,lowdim_set_trend,IMU trend
M4_add_one__sim_to_first_slope,ridge,4,haoyu0512workout|hsianshun0514workout|tsenyu0515workout|yushuan0513workout|ziho0512workout,yoru0511workout,yanz0510workout,yanz0510workout,db_bench_press,3,7.0,8.268066581464938,sim_to_first_slope,lowdim_set_trend,IMU trend
M4_add_one__sim_to_first_slope,ridge,4,haoyu0512workout|hsianshun0514workout|tsenyu0515workout|yushuan0513workout|ziho0512workout,yoru0511workout,yanz0510workout,yanz0510workout,db_bench_press,4,8.0,8.887273402790584,sim_to_first_slope,lowdim_set_trend,IMU trend
M4_add_one__sim_to_first_slope,ridge,4,haoyu0512workout|hsianshun0514workout|tsenyu0515workout|yushuan0513workout|ziho0512workout,yoru0511workout,yanz0510workout,yanz0510workout,db_biceps_curl,0,7.0,7.67286940808289,sim_to_first_slope,lowdim_set_trend,IMU trend
M4_add_one__sim_to_first_slope,ridge,4,haoyu0512workout|hsianshun0514workout|tsenyu0515workout|yushuan0513workout|ziho0512workout,yoru0511workout,yanz0510workout,yanz0510workout,db_biceps_curl,1,9.0,8.190067627490322,sim_to_first_slope,lowdim_set_trend,IMU trend
M4_add_one__sim_to_first_slope,ridge,4,haoyu0512workout|hsianshun0514workout|tsenyu0515workout|yushuan0513workout|ziho0512workout,yoru0511workout,yanz0510workout,yanz0510workout,db_biceps_curl,2,10.0,8.67702991312093,sim_to_first_slope,lowdim_set_trend,IMU trend
M4_add_one__sim_to_first_slope,ridge,4,haoyu0512workout|hsianshun0514workout|tsenyu0515workout|yushuan0513workout|ziho0512workout,yoru0511workout,yanz0510workout,yanz0510workout,db_rdl,0,5.0,6.806767256032592,sim_to_first_slope,lowdim_set_trend,IMU trend
M4_add_one__sim_to_first_slope,ridge,4,haoyu0512workout|hsianshun0514workout|tsenyu0515workout|yushuan0513workout|ziho0512workout,yoru0511workout,yanz0510workout,yanz0510workout,db_rdl,1,8.0,7.478117617133653,sim_to_first_slope,lowdim_set_trend,IMU trend
M4_add_one__sim_to_first_slope,ridge,4,haoyu0512workout|hsianshun0514workout|tsenyu0515workout|yushuan0513workout|ziho0512workout,yoru0511workout,yanz0510workout,yanz0510workout,db_rdl,2,9.0,8.296840240686198,sim_to_first_slope,lowdim_set_trend,IMU trend
M4_add_one__sim_to_first_slope,ridge,4,haoyu0512workout|hsianshun0514workout|tsenyu0515workout|yushuan0513workout|ziho0512workout,yoru0511workout,yanz0510workout,yanz0510workout,db_shoulder_press,1,7.0,7.930302790765975,sim_to_first_slope,lowdim_set_trend,IMU trend
M4_add_one__sim_to_first_slope,ridge,4,haoyu0512workout|hsianshun0514workout|tsenyu0515workout|yushuan0513workout|ziho0512workout,yoru0511workout,yanz0510workout,yanz0510workout,db_shoulder_press,2,10.0,8.654382143213882,sim_to_first_slope,lowdim_set_trend,IMU trend
M4_add_one__sim_to_first_slope,ridge,4,haoyu0512workout|hsianshun0514workout|tsenyu0515workout|yushuan0513workout|ziho0512workout,yoru0511workout,yanz0510workout,yanz0510workout,db_shoulder_press,3,10.0,8.986071238719141,sim_to_first_slope,lowdim_set_trend,IMU trend
M4_add_one__sim_to_first_slope,ridge,4,haoyu0512workout|hsianshun0514workout|tsenyu0515workout|yushuan0513workout|ziho0512workout,yoru0511workout,yanz0510workout,yanz0510workout,db_squat,0,7.0,6.377984365929262,sim_to_first_slope,lowdim_set_trend,IMU trend
M4_add_one__sim_to_first_slope,ridge,4,haoyu0512workout|hsianshun0514workout|tsenyu0515workout|yushuan0513workout|ziho0512workout,yoru0511workout,yanz0510workout,yanz0510workout,db_squat,1,8.0,6.902598287859369,sim_to_first_slope,lowdim_set_trend,IMU trend
M4_add_one__sim_to_first_slope,ridge,4,haoyu0512workout|hsianshun0514workout|tsenyu0515workout|yushuan0513workout|ziho0512workout,yoru0511workout,yanz0510workout,yanz0510workout,db_squat,2,9.0,7.530768154157405,sim_to_first_slope,lowdim_set_trend,IMU trend
M4_add_one__sim_to_first_slope,ridge,4,haoyu0512workout|hsianshun0514workout|tsenyu0515workout|yushuan0513workout|ziho0512workout,yoru0511workout,yanz0510workout,yanz0510workout,db_triceps_curl,0,7.0,6.6399473540674485,sim_to_first_slope,lowdim_set_trend,IMU trend
M4_add_one__sim_to_first_slope,ridge,4,haoyu0512workout|hsianshun0514workout|tsenyu0515workout|yushuan0513workout|ziho0512workout,yoru0511workout,yanz0510workout,yanz0510workout,db_triceps_curl,2,8.0,7.774988488856883,sim_to_first_slope,lowdim_set_trend,IMU trend
M4_add_one__sim_to_first_slope,ridge,4,haoyu0512workout|hsianshun0514workout|tsenyu0515workout|yushuan0513workout|ziho0512workout,yoru0511workout,yanz0510workout,yanz0510workout,db_triceps_curl,4,9.0,8.58353525251705,sim_to_first_slope,lowdim_set_trend,IMU trend
M4_add_one__sim_to_first_slope,ridge,4,haoyu0512workout|hsianshun0514workout|tsenyu0515workout|yushuan0513workout|ziho0512workout,yoru0511workout,yanz0510workout,yanz0510workout,db_weighted_crunch,0,6.0,6.3573239493254565,sim_to_first_slope,lowdim_set_trend,IMU trend
M4_add_one__sim_to_first_slope,ridge,4,haoyu0512workout|hsianshun0514workout|tsenyu0515workout|yushuan0513workout|ziho0512workout,yoru0511workout,yanz0510workout,yanz0510workout,db_weighted_crunch,2,7.0,7.212629742560021,sim_to_first_slope,lowdim_set_trend,IMU trend
M4_add_one__sim_to_first_slope,ridge,4,haoyu0512workout|hsianshun0514workout|tsenyu0515workout|yushuan0513workout|ziho0512workout,yoru0511workout,yanz0510workout,yanz0510workout,db_weighted_crunch,3,8.0,7.805386800556598,sim_to_first_slope,lowdim_set_trend,IMU trend
M4_add_one__sim_to_first_slope,ridge,4,haoyu0512workout|hsianshun0514workout|tsenyu0515workout|yushuan0513workout|ziho0512workout,yoru0511workout,yanz0510workout,yanz0510workout,one_arm_db_row,0,6.0,7.257620747528154,sim_to_first_slope,lowdim_set_trend,IMU trend
M4_add_one__sim_to_first_slope,ridge,4,haoyu0512workout|hsianshun0514workout|tsenyu0515workout|yushuan0513workout|ziho0512workout,yoru0511workout,yanz0510workout,yanz0510workout,one_arm_db_row,1,7.0,7.858342113116449,sim_to_first_slope,lowdim_set_trend,IMU trend
M4_add_one__sim_to_first_slope,ridge,4,haoyu0512workout|hsianshun0514workout|tsenyu0515workout|yushuan0513workout|ziho0512workout,yoru0511workout,yanz0510workout,yanz0510workout,one_arm_db_row,2,9.0,8.323662064924571,sim_to_first_slope,lowdim_set_trend,IMU trend
M4_add_one__sim_to_first_slope,ridge,5,haoyu0512workout|hsianshun0514workout|tsenyu0515workout|yanz0510workout|ziho0512workout,yushuan0513workout,yoru0511workout,yoru0511workout,db_bench_press,0,3.0,5.750965158353033,sim_to_first_slope,lowdim_set_trend,IMU trend
M4_add_one__sim_to_first_slope,ridge,5,haoyu0512workout|hsianshun0514workout|tsenyu0515workout|yanz0510workout|ziho0512workout,yushuan0513workout,yoru0511workout,yoru0511workout,db_bench_press,4,5.0,8.577463764232816,sim_to_first_slope,lowdim_set_trend,IMU trend
M4_add_one__sim_to_first_slope,ridge,5,haoyu0512workout|hsianshun0514workout|tsenyu0515workout|yanz0510workout|ziho0512workout,yushuan0513workout,yoru0511workout,yoru0511workout,db_bench_press,5,7.0,9.533314500666304,sim_to_first_slope,lowdim_set_trend,IMU trend
M4_add_one__sim_to_first_slope,ridge,5,haoyu0512workout|hsianshun0514workout|tsenyu0515workout|yanz0510workout|ziho0512workout,yushuan0513workout,yoru0511workout,yoru0511workout,db_biceps_curl,0,6.0,7.685305413521466,sim_to_first_slope,lowdim_set_trend,IMU trend
M4_add_one__sim_to_first_slope,ridge,5,haoyu0512workout|hsianshun0514workout|tsenyu0515workout|yanz0510workout|ziho0512workout,yushuan0513workout,yoru0511workout,yoru0511workout,db_biceps_curl,1,8.0,8.515905789158618,sim_to_first_slope,lowdim_set_trend,IMU trend
M4_add_one__sim_to_first_slope,ridge,5,haoyu0512workout|hsianshun0514workout|tsenyu0515workout|yanz0510workout|ziho0512workout,yushuan0513workout,yoru0511workout,yoru0511workout,db_biceps_curl,2,9.0,9.66169790280149,sim_to_first_slope,lowdim_set_trend,IMU trend
M4_add_one__sim_to_first_slope,ridge,5,haoyu0512workout|hsianshun0514workout|tsenyu0515workout|yanz0510workout|ziho0512workout,yushuan0513workout,yoru0511workout,yoru0511workout,db_rdl,0,6.0,6.310882652684503,sim_to_first_slope,lowdim_set_trend,IMU trend
M4_add_one__sim_to_first_slope,ridge,5,haoyu0512workout|hsianshun0514workout|tsenyu0515workout|yanz0510workout|ziho0512workout,yushuan0513workout,yoru0511workout,yoru0511workout,db_rdl,1,6.0,7.2012217241917895,sim_to_first_slope,lowdim_set_trend,IMU trend
M4_add_one__sim_to_first_slope,ridge,5,haoyu0512workout|hsianshun0514workout|tsenyu0515workout|yanz0510workout|ziho0512workout,yushuan0513workout,yoru0511workout,yoru0511workout,db_rdl,2,7.0,8.307590929978257,sim_to_first_slope,lowdim_set_trend,IMU trend
M4_add_one__sim_to_first_slope,ridge,5,haoyu0512workout|hsianshun0514workout|tsenyu0515workout|yanz0510workout|ziho0512workout,yushuan0513workout,yoru0511workout,yoru0511workout,db_shoulder_press,0,7.0,7.780628070685296,sim_to_first_slope,lowdim_set_trend,IMU trend
M4_add_one__sim_to_first_slope,ridge,5,haoyu0512workout|hsianshun0514workout|tsenyu0515workout|yanz0510workout|ziho0512workout,yushuan0513workout,yoru0511workout,yoru0511workout,db_shoulder_press,1,8.0,8.649839010866941,sim_to_first_slope,lowdim_set_trend,IMU trend
M4_add_one__sim_to_first_slope,ridge,5,haoyu0512workout|hsianshun0514workout|tsenyu0515workout|yanz0510workout|ziho0512workout,yushuan0513workout,yoru0511workout,yoru0511workout,db_shoulder_press,2,9.0,9.620445922099863,sim_to_first_slope,lowdim_set_trend,IMU trend
M4_add_one__sim_to_first_slope,ridge,5,haoyu0512workout|hsianshun0514workout|tsenyu0515workout|yanz0510workout|ziho0512workout,yushuan0513workout,yoru0511workout,yoru0511workout,db_squat,0,4.0,5.669160800098223,sim_to_first_slope,lowdim_set_trend,IMU trend
M4_add_one__sim_to_first_slope,ridge,5,haoyu0512workout|hsianshun0514workout|tsenyu0515workout|yanz0510workout|ziho0512workout,yushuan0513workout,yoru0511workout,yoru0511workout,db_squat,1,5.0,6.343312879281841,sim_to_first_slope,lowdim_set_trend,IMU trend
M4_add_one__sim_to_first_slope,ridge,5,haoyu0512workout|hsianshun0514workout|tsenyu0515workout|yanz0510workout|ziho0512workout,yushuan0513workout,yoru0511workout,yoru0511workout,db_squat,2,6.0,7.568421188398986,sim_to_first_slope,lowdim_set_trend,IMU trend
M4_add_one__sim_to_first_slope,ridge,5,haoyu0512workout|hsianshun0514workout|tsenyu0515workout|yanz0510workout|ziho0512workout,yushuan0513workout,yoru0511workout,yoru0511workout,db_triceps_curl,0,5.0,6.225078293068006,sim_to_first_slope,lowdim_set_trend,IMU trend
M4_add_one__sim_to_first_slope,ridge,5,haoyu0512workout|hsianshun0514workout|tsenyu0515workout|yanz0510workout|ziho0512workout,yushuan0513workout,yoru0511workout,yoru0511workout,db_triceps_curl,1,5.0,6.856413780105395,sim_to_first_slope,lowdim_set_trend,IMU trend
M4_add_one__sim_to_first_slope,ridge,5,haoyu0512workout|hsianshun0514workout|tsenyu0515workout|yanz0510workout|ziho0512workout,yushuan0513workout,yoru0511workout,yoru0511workout,db_triceps_curl,2,6.0,7.872946675115278,sim_to_first_slope,lowdim_set_trend,IMU trend
M4_add_one__sim_to_first_slope,ridge,5,haoyu0512workout|hsianshun0514workout|tsenyu0515workout|yanz0510workout|ziho0512workout,yushuan0513workout,yoru0511workout,yoru0511workout,db_weighted_crunch,0,6.0,5.492935332795913,sim_to_first_slope,lowdim_set_trend,IMU trend
M4_add_one__sim_to_first_slope,ridge,5,haoyu0512workout|hsianshun0514workout|tsenyu0515workout|yanz0510workout|ziho0512workout,yushuan0513workout,yoru0511workout,yoru0511workout,db_weighted_crunch,1,7.0,6.419483985724203,sim_to_first_slope,lowdim_set_trend,IMU trend
M4_add_one__sim_to_first_slope,ridge,5,haoyu0512workout|hsianshun0514workout|tsenyu0515workout|yanz0510workout|ziho0512workout,yushuan0513workout,yoru0511workout,yoru0511workout,db_weighted_crunch,2,7.0,7.136874114199395,sim_to_first_slope,lowdim_set_trend,IMU trend
M4_add_one__sim_to_first_slope,ridge,5,haoyu0512workout|hsianshun0514workout|tsenyu0515workout|yanz0510workout|ziho0512workout,yushuan0513workout,yoru0511workout,yoru0511workout,one_arm_db_row,0,5.0,6.499190866317033,sim_to_first_slope,lowdim_set_trend,IMU trend
M4_add_one__sim_to_first_slope,ridge,5,haoyu0512workout|hsianshun0514workout|tsenyu0515workout|yanz0510workout|ziho0512workout,yushuan0513workout,yoru0511workout,yoru0511workout,one_arm_db_row,2,7.0,8.279403032904455,sim_to_first_slope,lowdim_set_trend,IMU trend
M4_add_one__sim_to_first_slope,ridge,5,haoyu0512workout|hsianshun0514workout|tsenyu0515workout|yanz0510workout|ziho0512workout,yushuan0513workout,yoru0511workout,yoru0511workout,one_arm_db_row,3,8.0,9.02929474950059,sim_to_first_slope,lowdim_set_trend,IMU trend
M4_add_one__sim_to_first_slope,ridge,6,haoyu0512workout|hsianshun0514workout|tsenyu0515workout|yanz0510workout|yoru0511workout,ziho0512workout,yushuan0513workout,yushuan0513workout,db_bench_press,0,9.0,5.858580969146296,sim_to_first_slope,lowdim_set_trend,IMU trend
M4_add_one__sim_to_first_slope,ridge,6,haoyu0512workout|hsianshun0514workout|tsenyu0515workout|yanz0510workout|yoru0511workout,ziho0512workout,yushuan0513workout,yushuan0513workout,db_bench_press,1,10.0,6.515084409320854,sim_to_first_slope,lowdim_set_trend,IMU trend
M4_add_one__sim_to_first_slope,ridge,6,haoyu0512workout|hsianshun0514workout|tsenyu0515workout|yanz0510workout|yoru0511workout,ziho0512workout,yushuan0513workout,yushuan0513workout,db_bench_press,3,10.0,7.460646114929687,sim_to_first_slope,lowdim_set_trend,IMU trend
M4_add_one__sim_to_first_slope,ridge,6,haoyu0512workout|hsianshun0514workout|tsenyu0515workout|yanz0510workout|yoru0511workout,ziho0512workout,yushuan0513workout,yushuan0513workout,db_biceps_curl,0,7.0,7.2186707321279835,sim_to_first_slope,lowdim_set_trend,IMU trend
M4_add_one__sim_to_first_slope,ridge,6,haoyu0512workout|hsianshun0514workout|tsenyu0515workout|yanz0510workout|yoru0511workout,ziho0512workout,yushuan0513workout,yushuan0513workout,db_biceps_curl,1,9.0,7.820553685033163,sim_to_first_slope,lowdim_set_trend,IMU trend
M4_add_one__sim_to_first_slope,ridge,6,haoyu0512workout|hsianshun0514workout|tsenyu0515workout|yanz0510workout|yoru0511workout,ziho0512workout,yushuan0513workout,yushuan0513workout,db_biceps_curl,2,10.0,8.515067496541619,sim_to_first_slope,lowdim_set_trend,IMU trend
M4_add_one__sim_to_first_slope,ridge,6,haoyu0512workout|hsianshun0514workout|tsenyu0515workout|yanz0510workout|yoru0511workout,ziho0512workout,yushuan0513workout,yushuan0513workout,db_rdl,0,6.0,6.479855584493191,sim_to_first_slope,lowdim_set_trend,IMU trend
M4_add_one__sim_to_first_slope,ridge,6,haoyu0512workout|hsianshun0514workout|tsenyu0515workout|yanz0510workout|yoru0511workout,ziho0512workout,yushuan0513workout,yushuan0513workout,db_rdl,1,8.0,7.280297530431943,sim_to_first_slope,lowdim_set_trend,IMU trend
M4_add_one__sim_to_first_slope,ridge,6,haoyu0512workout|hsianshun0514workout|tsenyu0515workout|yanz0510workout|yoru0511workout,ziho0512workout,yushuan0513workout,yushuan0513workout,db_rdl,2,8.0,7.9347405950776775,sim_to_first_slope,lowdim_set_trend,IMU trend
M4_add_one__sim_to_first_slope,ridge,6,haoyu0512workout|hsianshun0514workout|tsenyu0515workout|yanz0510workout|yoru0511workout,ziho0512workout,yushuan0513workout,yushuan0513workout,db_shoulder_press,0,8.0,7.216655345359003,sim_to_first_slope,lowdim_set_trend,IMU trend
M4_add_one__sim_to_first_slope,ridge,6,haoyu0512workout|hsianshun0514workout|tsenyu0515workout|yanz0510workout|yoru0511workout,ziho0512workout,yushuan0513workout,yushuan0513workout,db_shoulder_press,1,9.0,8.269703736117654,sim_to_first_slope,lowdim_set_trend,IMU trend
M4_add_one__sim_to_first_slope,ridge,6,haoyu0512workout|hsianshun0514workout|tsenyu0515workout|yanz0510workout|yoru0511workout,ziho0512workout,yushuan0513workout,yushuan0513workout,db_shoulder_press,2,10.0,8.777823340318701,sim_to_first_slope,lowdim_set_trend,IMU trend
M4_add_one__sim_to_first_slope,ridge,6,haoyu0512workout|hsianshun0514workout|tsenyu0515workout|yanz0510workout|yoru0511workout,ziho0512workout,yushuan0513workout,yushuan0513workout,db_squat,0,6.0,5.990050746198088,sim_to_first_slope,lowdim_set_trend,IMU trend
M4_add_one__sim_to_first_slope,ridge,6,haoyu0512workout|hsianshun0514workout|tsenyu0515workout|yanz0510workout|yoru0511workout,ziho0512workout,yushuan0513workout,yushuan0513workout,db_squat,1,7.0,6.548964135741475,sim_to_first_slope,lowdim_set_trend,IMU trend
M4_add_one__sim_to_first_slope,ridge,6,haoyu0512workout|hsianshun0514workout|tsenyu0515workout|yanz0510workout|yoru0511workout,ziho0512workout,yushuan0513workout,yushuan0513workout,db_squat,2,8.0,7.154876314192193,sim_to_first_slope,lowdim_set_trend,IMU trend
M4_add_one__sim_to_first_slope,ridge,6,haoyu0512workout|hsianshun0514workout|tsenyu0515workout|yanz0510workout|yoru0511workout,ziho0512workout,yushuan0513workout,yushuan0513workout,db_triceps_curl,0,6.0,6.160007530314713,sim_to_first_slope,lowdim_set_trend,IMU trend
M4_add_one__sim_to_first_slope,ridge,6,haoyu0512workout|hsianshun0514workout|tsenyu0515workout|yanz0510workout|yoru0511workout,ziho0512workout,yushuan0513workout,yushuan0513workout,db_triceps_curl,1,7.0,6.744181937727576,sim_to_first_slope,lowdim_set_trend,IMU trend
M4_add_one__sim_to_first_slope,ridge,6,haoyu0512workout|hsianshun0514workout|tsenyu0515workout|yanz0510workout|yoru0511workout,ziho0512workout,yushuan0513workout,yushuan0513workout,db_triceps_curl,2,9.0,7.276809560950277,sim_to_first_slope,lowdim_set_trend,IMU trend
M4_add_one__sim_to_first_slope,ridge,6,haoyu0512workout|hsianshun0514workout|tsenyu0515workout|yanz0510workout|yoru0511workout,ziho0512workout,yushuan0513workout,yushuan0513workout,db_weighted_crunch,0,5.0,5.979403548980445,sim_to_first_slope,lowdim_set_trend,IMU trend
M4_add_one__sim_to_first_slope,ridge,6,haoyu0512workout|hsianshun0514workout|tsenyu0515workout|yanz0510workout|yoru0511workout,ziho0512workout,yushuan0513workout,yushuan0513workout,db_weighted_crunch,1,6.0,6.668000198308656,sim_to_first_slope,lowdim_set_trend,IMU trend
M4_add_one__sim_to_first_slope,ridge,6,haoyu0512workout|hsianshun0514workout|tsenyu0515workout|yanz0510workout|yoru0511workout,ziho0512workout,yushuan0513workout,yushuan0513workout,db_weighted_crunch,2,7.0,7.4509004667884975,sim_to_first_slope,lowdim_set_trend,IMU trend
M4_add_one__sim_to_first_slope,ridge,6,haoyu0512workout|hsianshun0514workout|tsenyu0515workout|yanz0510workout|yoru0511workout,ziho0512workout,yushuan0513workout,yushuan0513workout,one_arm_db_row,0,9.0,6.911917054078788,sim_to_first_slope,lowdim_set_trend,IMU trend
M4_add_one__sim_to_first_slope,ridge,6,haoyu0512workout|hsianshun0514workout|tsenyu0515workout|yanz0510workout|yoru0511workout,ziho0512workout,yushuan0513workout,yushuan0513workout,one_arm_db_row,1,8.0,7.609017878528772,sim_to_first_slope,lowdim_set_trend,IMU trend
M4_add_one__sim_to_first_slope,ridge,6,haoyu0512workout|hsianshun0514workout|tsenyu0515workout|yanz0510workout|yoru0511workout,ziho0512workout,yushuan0513workout,yushuan0513workout,one_arm_db_row,2,9.0,8.164760539251718,sim_to_first_slope,lowdim_set_trend,IMU trend
M4_add_one__sim_to_first_slope,ridge,7,hsianshun0514workout|tsenyu0515workout|yanz0510workout|yoru0511workout|yushuan0513workout,haoyu0512workout,ziho0512workout,ziho0512workout,db_bench_press,1,8.0,5.871536692264549,sim_to_first_slope,lowdim_set_trend,IMU trend
M4_add_one__sim_to_first_slope,ridge,7,hsianshun0514workout|tsenyu0515workout|yanz0510workout|yoru0511workout|yushuan0513workout,haoyu0512workout,ziho0512workout,ziho0512workout,db_bench_press,2,9.0,6.867017168502864,sim_to_first_slope,lowdim_set_trend,IMU trend
M4_add_one__sim_to_first_slope,ridge,7,hsianshun0514workout|tsenyu0515workout|yanz0510workout|yoru0511workout|yushuan0513workout,haoyu0512workout,ziho0512workout,ziho0512workout,db_bench_press,3,10.0,7.415140434127727,sim_to_first_slope,lowdim_set_trend,IMU trend
M4_add_one__sim_to_first_slope,ridge,7,hsianshun0514workout|tsenyu0515workout|yanz0510workout|yoru0511workout|yushuan0513workout,haoyu0512workout,ziho0512workout,ziho0512workout,db_biceps_curl,0,9.0,7.1843649797267854,sim_to_first_slope,lowdim_set_trend,IMU trend
M4_add_one__sim_to_first_slope,ridge,7,hsianshun0514workout|tsenyu0515workout|yanz0510workout|yoru0511workout|yushuan0513workout,haoyu0512workout,ziho0512workout,ziho0512workout,db_biceps_curl,1,9.0,7.904324737359612,sim_to_first_slope,lowdim_set_trend,IMU trend
M4_add_one__sim_to_first_slope,ridge,7,hsianshun0514workout|tsenyu0515workout|yanz0510workout|yoru0511workout|yushuan0513workout,haoyu0512workout,ziho0512workout,ziho0512workout,db_biceps_curl,2,9.0,8.578133646354793,sim_to_first_slope,lowdim_set_trend,IMU trend
M4_add_one__sim_to_first_slope,ridge,7,hsianshun0514workout|tsenyu0515workout|yanz0510workout|yoru0511workout|yushuan0513workout,haoyu0512workout,ziho0512workout,ziho0512workout,db_rdl,0,8.0,6.301963661065878,sim_to_first_slope,lowdim_set_trend,IMU trend
M4_add_one__sim_to_first_slope,ridge,7,hsianshun0514workout|tsenyu0515workout|yanz0510workout|yoru0511workout|yushuan0513workout,haoyu0512workout,ziho0512workout,ziho0512workout,db_rdl,2,9.0,7.198870360787068,sim_to_first_slope,lowdim_set_trend,IMU trend
M4_add_one__sim_to_first_slope,ridge,7,hsianshun0514workout|tsenyu0515workout|yanz0510workout|yoru0511workout|yushuan0513workout,haoyu0512workout,ziho0512workout,ziho0512workout,db_shoulder_press,0,10.0,7.231399292186744,sim_to_first_slope,lowdim_set_trend,IMU trend
M4_add_one__sim_to_first_slope,ridge,7,hsianshun0514workout|tsenyu0515workout|yanz0510workout|yoru0511workout|yushuan0513workout,haoyu0512workout,ziho0512workout,ziho0512workout,db_shoulder_press,1,10.0,7.548708568220621,sim_to_first_slope,lowdim_set_trend,IMU trend
M4_add_one__sim_to_first_slope,ridge,7,hsianshun0514workout|tsenyu0515workout|yanz0510workout|yoru0511workout|yushuan0513workout,haoyu0512workout,ziho0512workout,ziho0512workout,db_shoulder_press,2,10.0,8.409010800336274,sim_to_first_slope,lowdim_set_trend,IMU trend
M4_add_one__sim_to_first_slope,ridge,7,hsianshun0514workout|tsenyu0515workout|yanz0510workout|yoru0511workout|yushuan0513workout,haoyu0512workout,ziho0512workout,ziho0512workout,db_squat,0,7.0,5.92768603826789,sim_to_first_slope,lowdim_set_trend,IMU trend
M4_add_one__sim_to_first_slope,ridge,7,hsianshun0514workout|tsenyu0515workout|yanz0510workout|yoru0511workout|yushuan0513workout,haoyu0512workout,ziho0512workout,ziho0512workout,db_squat,1,8.0,6.638415055564291,sim_to_first_slope,lowdim_set_trend,IMU trend
M4_add_one__sim_to_first_slope,ridge,7,hsianshun0514workout|tsenyu0515workout|yanz0510workout|yoru0511workout|yushuan0513workout,haoyu0512workout,ziho0512workout,ziho0512workout,db_squat,2,9.0,7.3258646922772535,sim_to_first_slope,lowdim_set_trend,IMU trend
M4_add_one__sim_to_first_slope,ridge,7,hsianshun0514workout|tsenyu0515workout|yanz0510workout|yoru0511workout|yushuan0513workout,haoyu0512workout,ziho0512workout,ziho0512workout,db_triceps_curl,0,8.0,6.056129869505873,sim_to_first_slope,lowdim_set_trend,IMU trend
M4_add_one__sim_to_first_slope,ridge,7,hsianshun0514workout|tsenyu0515workout|yanz0510workout|yoru0511workout|yushuan0513workout,haoyu0512workout,ziho0512workout,ziho0512workout,db_triceps_curl,1,9.0,6.56828793162435,sim_to_first_slope,lowdim_set_trend,IMU trend
M4_add_one__sim_to_first_slope,ridge,7,hsianshun0514workout|tsenyu0515workout|yanz0510workout|yoru0511workout|yushuan0513workout,haoyu0512workout,ziho0512workout,ziho0512workout,db_triceps_curl,2,9.0,7.4358190806006315,sim_to_first_slope,lowdim_set_trend,IMU trend
M4_add_one__sim_to_first_slope,ridge,7,hsianshun0514workout|tsenyu0515workout|yanz0510workout|yoru0511workout|yushuan0513workout,haoyu0512workout,ziho0512workout,ziho0512workout,db_weighted_crunch,0,6.0,5.956261328846556,sim_to_first_slope,lowdim_set_trend,IMU trend
M4_add_one__sim_to_first_slope,ridge,7,hsianshun0514workout|tsenyu0515workout|yanz0510workout|yoru0511workout|yushuan0513workout,haoyu0512workout,ziho0512workout,ziho0512workout,db_weighted_crunch,1,8.0,6.646050005449459,sim_to_first_slope,lowdim_set_trend,IMU trend
M4_add_one__sim_to_first_slope,ridge,7,hsianshun0514workout|tsenyu0515workout|yanz0510workout|yoru0511workout|yushuan0513workout,haoyu0512workout,ziho0512workout,ziho0512workout,db_weighted_crunch,2,9.0,7.516071404964079,sim_to_first_slope,lowdim_set_trend,IMU trend
M4_add_one__sim_to_first_slope,ridge,7,hsianshun0514workout|tsenyu0515workout|yanz0510workout|yoru0511workout|yushuan0513workout,haoyu0512workout,ziho0512workout,ziho0512workout,one_arm_db_row,0,6.0,6.628971510565229,sim_to_first_slope,lowdim_set_trend,IMU trend
M4_add_one__sim_to_first_slope,ridge,7,hsianshun0514workout|tsenyu0515workout|yanz0510workout|yoru0511workout|yushuan0513workout,haoyu0512workout,ziho0512workout,ziho0512workout,one_arm_db_row,1,8.0,7.2528530588878315,sim_to_first_slope,lowdim_set_trend,IMU trend
M4_add_one__sim_to_first_slope,ridge,7,hsianshun0514workout|tsenyu0515workout|yanz0510workout|yoru0511workout|yushuan0513workout,haoyu0512workout,ziho0512workout,ziho0512workout,one_arm_db_row,2,9.0,7.985801408025852,sim_to_first_slope,lowdim_set_trend,IMU trend
M4_add_one__pca_diff_rms_mean,ridge,1,tsenyu0515workout|yanz0510workout|yoru0511workout|yushuan0513workout|ziho0512workout,hsianshun0514workout,haoyu0512workout,haoyu0512workout,db_bench_press,0,8.0,6.406580668251712,pca_diff_rms_mean,lowdim_set_trend,IMU trend
M4_add_one__pca_diff_rms_mean,ridge,1,tsenyu0515workout|yanz0510workout|yoru0511workout|yushuan0513workout|ziho0512workout,hsianshun0514workout,haoyu0512workout,haoyu0512workout,db_bench_press,1,9.0,7.2438812273459865,pca_diff_rms_mean,lowdim_set_trend,IMU trend
M4_add_one__pca_diff_rms_mean,ridge,1,tsenyu0515workout|yanz0510workout|yoru0511workout|yushuan0513workout|ziho0512workout,hsianshun0514workout,haoyu0512workout,haoyu0512workout,db_bench_press,2,9.0,8.32456372805426,pca_diff_rms_mean,lowdim_set_trend,IMU trend
M4_add_one__pca_diff_rms_mean,ridge,1,tsenyu0515workout|yanz0510workout|yoru0511workout|yushuan0513workout|ziho0512workout,hsianshun0514workout,haoyu0512workout,haoyu0512workout,db_biceps_curl,0,9.0,7.542482438618428,pca_diff_rms_mean,lowdim_set_trend,IMU trend
M4_add_one__pca_diff_rms_mean,ridge,1,tsenyu0515workout|yanz0510workout|yoru0511workout|yushuan0513workout|ziho0512workout,hsianshun0514workout,haoyu0512workout,haoyu0512workout,db_biceps_curl,1,9.0,8.586418736922152,pca_diff_rms_mean,lowdim_set_trend,IMU trend
M4_add_one__pca_diff_rms_mean,ridge,1,tsenyu0515workout|yanz0510workout|yoru0511workout|yushuan0513workout|ziho0512workout,hsianshun0514workout,haoyu0512workout,haoyu0512workout,db_biceps_curl,3,9.0,9.843392661918234,pca_diff_rms_mean,lowdim_set_trend,IMU trend
M4_add_one__pca_diff_rms_mean,ridge,1,tsenyu0515workout|yanz0510workout|yoru0511workout|yushuan0513workout|ziho0512workout,hsianshun0514workout,haoyu0512workout,haoyu0512workout,db_rdl,0,9.0,6.364059589127662,pca_diff_rms_mean,lowdim_set_trend,IMU trend
M4_add_one__pca_diff_rms_mean,ridge,1,tsenyu0515workout|yanz0510workout|yoru0511workout|yushuan0513workout|ziho0512workout,hsianshun0514workout,haoyu0512workout,haoyu0512workout,db_rdl,1,9.0,7.443234187096744,pca_diff_rms_mean,lowdim_set_trend,IMU trend
M4_add_one__pca_diff_rms_mean,ridge,1,tsenyu0515workout|yanz0510workout|yoru0511workout|yushuan0513workout|ziho0512workout,hsianshun0514workout,haoyu0512workout,haoyu0512workout,db_rdl,2,9.0,8.540805599806493,pca_diff_rms_mean,lowdim_set_trend,IMU trend
M4_add_one__pca_diff_rms_mean,ridge,1,tsenyu0515workout|yanz0510workout|yoru0511workout|yushuan0513workout|ziho0512workout,hsianshun0514workout,haoyu0512workout,haoyu0512workout,db_shoulder_press,0,7.0,7.977677154978026,pca_diff_rms_mean,lowdim_set_trend,IMU trend
M4_add_one__pca_diff_rms_mean,ridge,1,tsenyu0515workout|yanz0510workout|yoru0511workout|yushuan0513workout|ziho0512workout,hsianshun0514workout,haoyu0512workout,haoyu0512workout,db_shoulder_press,1,9.0,8.87990945414386,pca_diff_rms_mean,lowdim_set_trend,IMU trend
M4_add_one__pca_diff_rms_mean,ridge,1,tsenyu0515workout|yanz0510workout|yoru0511workout|yushuan0513workout|ziho0512workout,hsianshun0514workout,haoyu0512workout,haoyu0512workout,db_shoulder_press,2,9.0,9.885516535990991,pca_diff_rms_mean,lowdim_set_trend,IMU trend
M4_add_one__pca_diff_rms_mean,ridge,1,tsenyu0515workout|yanz0510workout|yoru0511workout|yushuan0513workout|ziho0512workout,hsianshun0514workout,haoyu0512workout,haoyu0512workout,db_squat,0,6.0,5.652381273639579,pca_diff_rms_mean,lowdim_set_trend,IMU trend
M4_add_one__pca_diff_rms_mean,ridge,1,tsenyu0515workout|yanz0510workout|yoru0511workout|yushuan0513workout|ziho0512workout,hsianshun0514workout,haoyu0512workout,haoyu0512workout,db_squat,1,9.0,6.669421429393988,pca_diff_rms_mean,lowdim_set_trend,IMU trend
M4_add_one__pca_diff_rms_mean,ridge,1,tsenyu0515workout|yanz0510workout|yoru0511workout|yushuan0513workout|ziho0512workout,hsianshun0514workout,haoyu0512workout,haoyu0512workout,db_squat,2,8.0,7.492352946582296,pca_diff_rms_mean,lowdim_set_trend,IMU trend
M4_add_one__pca_diff_rms_mean,ridge,1,tsenyu0515workout|yanz0510workout|yoru0511workout|yushuan0513workout|ziho0512workout,hsianshun0514workout,haoyu0512workout,haoyu0512workout,db_triceps_curl,0,7.0,6.297633659952252,pca_diff_rms_mean,lowdim_set_trend,IMU trend
M4_add_one__pca_diff_rms_mean,ridge,1,tsenyu0515workout|yanz0510workout|yoru0511workout|yushuan0513workout|ziho0512workout,hsianshun0514workout,haoyu0512workout,haoyu0512workout,db_triceps_curl,1,9.0,7.206482404383962,pca_diff_rms_mean,lowdim_set_trend,IMU trend
M4_add_one__pca_diff_rms_mean,ridge,1,tsenyu0515workout|yanz0510workout|yoru0511workout|yushuan0513workout|ziho0512workout,hsianshun0514workout,haoyu0512workout,haoyu0512workout,db_triceps_curl,2,9.0,8.16705126891496,pca_diff_rms_mean,lowdim_set_trend,IMU trend
M4_add_one__pca_diff_rms_mean,ridge,1,tsenyu0515workout|yanz0510workout|yoru0511workout|yushuan0513workout|ziho0512workout,hsianshun0514workout,haoyu0512workout,haoyu0512workout,db_weighted_crunch,0,6.0,5.841511719218097,pca_diff_rms_mean,lowdim_set_trend,IMU trend
M4_add_one__pca_diff_rms_mean,ridge,1,tsenyu0515workout|yanz0510workout|yoru0511workout|yushuan0513workout|ziho0512workout,hsianshun0514workout,haoyu0512workout,haoyu0512workout,db_weighted_crunch,1,7.0,6.721711257395464,pca_diff_rms_mean,lowdim_set_trend,IMU trend
M4_add_one__pca_diff_rms_mean,ridge,1,tsenyu0515workout|yanz0510workout|yoru0511workout|yushuan0513workout|ziho0512workout,hsianshun0514workout,haoyu0512workout,haoyu0512workout,db_weighted_crunch,2,9.0,7.565532803313832,pca_diff_rms_mean,lowdim_set_trend,IMU trend
M4_add_one__pca_diff_rms_mean,ridge,1,tsenyu0515workout|yanz0510workout|yoru0511workout|yushuan0513workout|ziho0512workout,hsianshun0514workout,haoyu0512workout,haoyu0512workout,one_arm_db_row,0,9.0,6.923457006017329,pca_diff_rms_mean,lowdim_set_trend,IMU trend
M4_add_one__pca_diff_rms_mean,ridge,1,tsenyu0515workout|yanz0510workout|yoru0511workout|yushuan0513workout|ziho0512workout,hsianshun0514workout,haoyu0512workout,haoyu0512workout,one_arm_db_row,1,9.0,7.798769701234968,pca_diff_rms_mean,lowdim_set_trend,IMU trend
M4_add_one__pca_diff_rms_mean,ridge,1,tsenyu0515workout|yanz0510workout|yoru0511workout|yushuan0513workout|ziho0512workout,hsianshun0514workout,haoyu0512workout,haoyu0512workout,one_arm_db_row,2,9.0,8.723102481592818,pca_diff_rms_mean,lowdim_set_trend,IMU trend
M4_add_one__pca_diff_rms_mean,ridge,2,haoyu0512workout|yanz0510workout|yoru0511workout|yushuan0513workout|ziho0512workout,tsenyu0515workout,hsianshun0514workout,hsianshun0514workout,db_bench_press,0,4.0,7.006962042596197,pca_diff_rms_mean,lowdim_set_trend,IMU trend
M4_add_one__pca_diff_rms_mean,ridge,2,haoyu0512workout|yanz0510workout|yoru0511workout|yushuan0513workout|ziho0512workout,tsenyu0515workout,hsianshun0514workout,hsianshun0514workout,db_bench_press,1,6.0,7.801002811184096,pca_diff_rms_mean,lowdim_set_trend,IMU trend
M4_add_one__pca_diff_rms_mean,ridge,2,haoyu0512workout|yanz0510workout|yoru0511workout|yushuan0513workout|ziho0512workout,tsenyu0515workout,hsianshun0514workout,hsianshun0514workout,db_bench_press,2,7.0,8.56139668696422,pca_diff_rms_mean,lowdim_set_trend,IMU trend
M4_add_one__pca_diff_rms_mean,ridge,2,haoyu0512workout|yanz0510workout|yoru0511workout|yushuan0513workout|ziho0512workout,tsenyu0515workout,hsianshun0514workout,hsianshun0514workout,db_biceps_curl,0,9.0,7.717297345418179,pca_diff_rms_mean,lowdim_set_trend,IMU trend
M4_add_one__pca_diff_rms_mean,ridge,2,haoyu0512workout|yanz0510workout|yoru0511workout|yushuan0513workout|ziho0512workout,tsenyu0515workout,hsianshun0514workout,hsianshun0514workout,db_biceps_curl,1,10.0,8.220513868153954,pca_diff_rms_mean,lowdim_set_trend,IMU trend
M4_add_one__pca_diff_rms_mean,ridge,2,haoyu0512workout|yanz0510workout|yoru0511workout|yushuan0513workout|ziho0512workout,tsenyu0515workout,hsianshun0514workout,hsianshun0514workout,db_biceps_curl,2,10.0,8.709931637001246,pca_diff_rms_mean,lowdim_set_trend,IMU trend
M4_add_one__pca_diff_rms_mean,ridge,2,haoyu0512workout|yanz0510workout|yoru0511workout|yushuan0513workout|ziho0512workout,tsenyu0515workout,hsianshun0514workout,hsianshun0514workout,db_rdl,0,4.0,6.824867041371632,pca_diff_rms_mean,lowdim_set_trend,IMU trend
M4_add_one__pca_diff_rms_mean,ridge,2,haoyu0512workout|yanz0510workout|yoru0511workout|yushuan0513workout|ziho0512workout,tsenyu0515workout,hsianshun0514workout,hsianshun0514workout,db_rdl,1,6.0,7.2012325193453535,pca_diff_rms_mean,lowdim_set_trend,IMU trend
M4_add_one__pca_diff_rms_mean,ridge,2,haoyu0512workout|yanz0510workout|yoru0511workout|yushuan0513workout|ziho0512workout,tsenyu0515workout,hsianshun0514workout,hsianshun0514workout,db_rdl,2,8.0,7.972354936553484,pca_diff_rms_mean,lowdim_set_trend,IMU trend
M4_add_one__pca_diff_rms_mean,ridge,2,haoyu0512workout|yanz0510workout|yoru0511workout|yushuan0513workout|ziho0512workout,tsenyu0515workout,hsianshun0514workout,hsianshun0514workout,db_shoulder_press,1,9.0,7.878825913011409,pca_diff_rms_mean,lowdim_set_trend,IMU trend
M4_add_one__pca_diff_rms_mean,ridge,2,haoyu0512workout|yanz0510workout|yoru0511workout|yushuan0513workout|ziho0512workout,tsenyu0515workout,hsianshun0514workout,hsianshun0514workout,db_shoulder_press,2,10.0,8.45216471982415,pca_diff_rms_mean,lowdim_set_trend,IMU trend
M4_add_one__pca_diff_rms_mean,ridge,2,haoyu0512workout|yanz0510workout|yoru0511workout|yushuan0513workout|ziho0512workout,tsenyu0515workout,hsianshun0514workout,hsianshun0514workout,db_shoulder_press,3,10.0,9.048622745467945,pca_diff_rms_mean,lowdim_set_trend,IMU trend
M4_add_one__pca_diff_rms_mean,ridge,2,haoyu0512workout|yanz0510workout|yoru0511workout|yushuan0513workout|ziho0512workout,tsenyu0515workout,hsianshun0514workout,hsianshun0514workout,db_squat,0,4.0,6.792554138845321,pca_diff_rms_mean,lowdim_set_trend,IMU trend
M4_add_one__pca_diff_rms_mean,ridge,2,haoyu0512workout|yanz0510workout|yoru0511workout|yushuan0513workout|ziho0512workout,tsenyu0515workout,hsianshun0514workout,hsianshun0514workout,db_squat,1,6.0,7.327641243587481,pca_diff_rms_mean,lowdim_set_trend,IMU trend
M4_add_one__pca_diff_rms_mean,ridge,2,haoyu0512workout|yanz0510workout|yoru0511workout|yushuan0513workout|ziho0512workout,tsenyu0515workout,hsianshun0514workout,hsianshun0514workout,db_squat,2,7.0,7.7131196215518765,pca_diff_rms_mean,lowdim_set_trend,IMU trend
M4_add_one__pca_diff_rms_mean,ridge,2,haoyu0512workout|yanz0510workout|yoru0511workout|yushuan0513workout|ziho0512workout,tsenyu0515workout,hsianshun0514workout,hsianshun0514workout,db_triceps_curl,0,4.0,6.992743311986571,pca_diff_rms_mean,lowdim_set_trend,IMU trend
M4_add_one__pca_diff_rms_mean,ridge,2,haoyu0512workout|yanz0510workout|yoru0511workout|yushuan0513workout|ziho0512workout,tsenyu0515workout,hsianshun0514workout,hsianshun0514workout,db_triceps_curl,1,7.0,7.638522884545015,pca_diff_rms_mean,lowdim_set_trend,IMU trend
M4_add_one__pca_diff_rms_mean,ridge,2,haoyu0512workout|yanz0510workout|yoru0511workout|yushuan0513workout|ziho0512workout,tsenyu0515workout,hsianshun0514workout,hsianshun0514workout,db_triceps_curl,2,8.0,8.134579911510317,pca_diff_rms_mean,lowdim_set_trend,IMU trend
M4_add_one__pca_diff_rms_mean,ridge,2,haoyu0512workout|yanz0510workout|yoru0511workout|yushuan0513workout|ziho0512workout,tsenyu0515workout,hsianshun0514workout,hsianshun0514workout,db_weighted_crunch,0,5.0,6.539478474926245,pca_diff_rms_mean,lowdim_set_trend,IMU trend
M4_add_one__pca_diff_rms_mean,ridge,2,haoyu0512workout|yanz0510workout|yoru0511workout|yushuan0513workout|ziho0512workout,tsenyu0515workout,hsianshun0514workout,hsianshun0514workout,db_weighted_crunch,2,7.0,7.285217131963129,pca_diff_rms_mean,lowdim_set_trend,IMU trend
M4_add_one__pca_diff_rms_mean,ridge,2,haoyu0512workout|yanz0510workout|yoru0511workout|yushuan0513workout|ziho0512workout,tsenyu0515workout,hsianshun0514workout,hsianshun0514workout,db_weighted_crunch,3,7.0,8.097909804347958,pca_diff_rms_mean,lowdim_set_trend,IMU trend
M4_add_one__pca_diff_rms_mean,ridge,2,haoyu0512workout|yanz0510workout|yoru0511workout|yushuan0513workout|ziho0512workout,tsenyu0515workout,hsianshun0514workout,hsianshun0514workout,one_arm_db_row,1,7.0,6.912062900664537,pca_diff_rms_mean,lowdim_set_trend,IMU trend
M4_add_one__pca_diff_rms_mean,ridge,2,haoyu0512workout|yanz0510workout|yoru0511workout|yushuan0513workout|ziho0512workout,tsenyu0515workout,hsianshun0514workout,hsianshun0514workout,one_arm_db_row,2,8.0,7.637209964557924,pca_diff_rms_mean,lowdim_set_trend,IMU trend
M4_add_one__pca_diff_rms_mean,ridge,3,haoyu0512workout|hsianshun0514workout|yoru0511workout|yushuan0513workout|ziho0512workout,yanz0510workout,tsenyu0515workout,tsenyu0515workout,db_bench_press,0,3.0,6.860890541926792,pca_diff_rms_mean,lowdim_set_trend,IMU trend
M4_add_one__pca_diff_rms_mean,ridge,3,haoyu0512workout|hsianshun0514workout|yoru0511workout|yushuan0513workout|ziho0512workout,yanz0510workout,tsenyu0515workout,tsenyu0515workout,db_bench_press,1,6.0,7.545608690399172,pca_diff_rms_mean,lowdim_set_trend,IMU trend
M4_add_one__pca_diff_rms_mean,ridge,3,haoyu0512workout|hsianshun0514workout|yoru0511workout|yushuan0513workout|ziho0512workout,yanz0510workout,tsenyu0515workout,tsenyu0515workout,db_bench_press,2,8.0,8.348406562276885,pca_diff_rms_mean,lowdim_set_trend,IMU trend
M4_add_one__pca_diff_rms_mean,ridge,3,haoyu0512workout|hsianshun0514workout|yoru0511workout|yushuan0513workout|ziho0512workout,yanz0510workout,tsenyu0515workout,tsenyu0515workout,db_biceps_curl,0,6.0,8.197560187071845,pca_diff_rms_mean,lowdim_set_trend,IMU trend
M4_add_one__pca_diff_rms_mean,ridge,3,haoyu0512workout|hsianshun0514workout|yoru0511workout|yushuan0513workout|ziho0512workout,yanz0510workout,tsenyu0515workout,tsenyu0515workout,db_biceps_curl,1,9.0,8.87320529990585,pca_diff_rms_mean,lowdim_set_trend,IMU trend
M4_add_one__pca_diff_rms_mean,ridge,3,haoyu0512workout|hsianshun0514workout|yoru0511workout|yushuan0513workout|ziho0512workout,yanz0510workout,tsenyu0515workout,tsenyu0515workout,db_biceps_curl,2,9.0,9.66883070194725,pca_diff_rms_mean,lowdim_set_trend,IMU trend
M4_add_one__pca_diff_rms_mean,ridge,3,haoyu0512workout|hsianshun0514workout|yoru0511workout|yushuan0513workout|ziho0512workout,yanz0510workout,tsenyu0515workout,tsenyu0515workout,db_rdl,0,6.0,7.25999061850194,pca_diff_rms_mean,lowdim_set_trend,IMU trend
M4_add_one__pca_diff_rms_mean,ridge,3,haoyu0512workout|hsianshun0514workout|yoru0511workout|yushuan0513workout|ziho0512workout,yanz0510workout,tsenyu0515workout,tsenyu0515workout,db_rdl,1,10.0,8.22937299132613,pca_diff_rms_mean,lowdim_set_trend,IMU trend
M4_add_one__pca_diff_rms_mean,ridge,3,haoyu0512workout|hsianshun0514workout|yoru0511workout|yushuan0513workout|ziho0512workout,yanz0510workout,tsenyu0515workout,tsenyu0515workout,db_rdl,2,6.0,8.859182291926656,pca_diff_rms_mean,lowdim_set_trend,IMU trend
M4_add_one__pca_diff_rms_mean,ridge,3,haoyu0512workout|hsianshun0514workout|yoru0511workout|yushuan0513workout|ziho0512workout,yanz0510workout,tsenyu0515workout,tsenyu0515workout,db_shoulder_press,0,5.0,7.805075300865207,pca_diff_rms_mean,lowdim_set_trend,IMU trend
M4_add_one__pca_diff_rms_mean,ridge,3,haoyu0512workout|hsianshun0514workout|yoru0511workout|yushuan0513workout|ziho0512workout,yanz0510workout,tsenyu0515workout,tsenyu0515workout,db_shoulder_press,1,8.0,8.565445288649721,pca_diff_rms_mean,lowdim_set_trend,IMU trend
M4_add_one__pca_diff_rms_mean,ridge,3,haoyu0512workout|hsianshun0514workout|yoru0511workout|yushuan0513workout|ziho0512workout,yanz0510workout,tsenyu0515workout,tsenyu0515workout,db_shoulder_press,2,9.0,9.19627609115737,pca_diff_rms_mean,lowdim_set_trend,IMU trend
M4_add_one__pca_diff_rms_mean,ridge,3,haoyu0512workout|hsianshun0514workout|yoru0511workout|yushuan0513workout|ziho0512workout,yanz0510workout,tsenyu0515workout,tsenyu0515workout,db_squat,1,4.0,6.877681552615796,pca_diff_rms_mean,lowdim_set_trend,IMU trend
M4_add_one__pca_diff_rms_mean,ridge,3,haoyu0512workout|hsianshun0514workout|yoru0511workout|yushuan0513workout|ziho0512workout,yanz0510workout,tsenyu0515workout,tsenyu0515workout,db_squat,2,6.0,7.506593059026577,pca_diff_rms_mean,lowdim_set_trend,IMU trend
M4_add_one__pca_diff_rms_mean,ridge,3,haoyu0512workout|hsianshun0514workout|yoru0511workout|yushuan0513workout|ziho0512workout,yanz0510workout,tsenyu0515workout,tsenyu0515workout,db_squat,3,5.0,8.042758518636909,pca_diff_rms_mean,lowdim_set_trend,IMU trend
M4_add_one__pca_diff_rms_mean,ridge,3,haoyu0512workout|hsianshun0514workout|yoru0511workout|yushuan0513workout|ziho0512workout,yanz0510workout,tsenyu0515workout,tsenyu0515workout,db_triceps_curl,0,4.0,7.042314886741923,pca_diff_rms_mean,lowdim_set_trend,IMU trend
M4_add_one__pca_diff_rms_mean,ridge,3,haoyu0512workout|hsianshun0514workout|yoru0511workout|yushuan0513workout|ziho0512workout,yanz0510workout,tsenyu0515workout,tsenyu0515workout,db_triceps_curl,1,6.0,7.661146941465544,pca_diff_rms_mean,lowdim_set_trend,IMU trend
M4_add_one__pca_diff_rms_mean,ridge,3,haoyu0512workout|hsianshun0514workout|yoru0511workout|yushuan0513workout|ziho0512workout,yanz0510workout,tsenyu0515workout,tsenyu0515workout,db_triceps_curl,2,7.0,8.3340546121143,pca_diff_rms_mean,lowdim_set_trend,IMU trend
M4_add_one__pca_diff_rms_mean,ridge,3,haoyu0512workout|hsianshun0514workout|yoru0511workout|yushuan0513workout|ziho0512workout,yanz0510workout,tsenyu0515workout,tsenyu0515workout,db_weighted_crunch,0,3.0,6.397461059732893,pca_diff_rms_mean,lowdim_set_trend,IMU trend
M4_add_one__pca_diff_rms_mean,ridge,3,haoyu0512workout|hsianshun0514workout|yoru0511workout|yushuan0513workout|ziho0512workout,yanz0510workout,tsenyu0515workout,tsenyu0515workout,db_weighted_crunch,1,5.0,7.295136569455888,pca_diff_rms_mean,lowdim_set_trend,IMU trend
M4_add_one__pca_diff_rms_mean,ridge,3,haoyu0512workout|hsianshun0514workout|yoru0511workout|yushuan0513workout|ziho0512workout,yanz0510workout,tsenyu0515workout,tsenyu0515workout,db_weighted_crunch,2,7.0,7.869816455701747,pca_diff_rms_mean,lowdim_set_trend,IMU trend
M4_add_one__pca_diff_rms_mean,ridge,3,haoyu0512workout|hsianshun0514workout|yoru0511workout|yushuan0513workout|ziho0512workout,yanz0510workout,tsenyu0515workout,tsenyu0515workout,one_arm_db_row,0,5.0,7.390691507953648,pca_diff_rms_mean,lowdim_set_trend,IMU trend
M4_add_one__pca_diff_rms_mean,ridge,3,haoyu0512workout|hsianshun0514workout|yoru0511workout|yushuan0513workout|ziho0512workout,yanz0510workout,tsenyu0515workout,tsenyu0515workout,one_arm_db_row,1,8.0,8.084837619083803,pca_diff_rms_mean,lowdim_set_trend,IMU trend
M4_add_one__pca_diff_rms_mean,ridge,3,haoyu0512workout|hsianshun0514workout|yoru0511workout|yushuan0513workout|ziho0512workout,yanz0510workout,tsenyu0515workout,tsenyu0515workout,one_arm_db_row,2,9.0,8.865416214960549,pca_diff_rms_mean,lowdim_set_trend,IMU trend
M4_add_one__pca_diff_rms_mean,ridge,4,haoyu0512workout|hsianshun0514workout|tsenyu0515workout|yushuan0513workout|ziho0512workout,yoru0511workout,yanz0510workout,yanz0510workout,db_bench_press,2,5.0,7.64464861542733,pca_diff_rms_mean,lowdim_set_trend,IMU trend
M4_add_one__pca_diff_rms_mean,ridge,4,haoyu0512workout|hsianshun0514workout|tsenyu0515workout|yushuan0513workout|ziho0512workout,yoru0511workout,yanz0510workout,yanz0510workout,db_bench_press,3,7.0,8.320982510291485,pca_diff_rms_mean,lowdim_set_trend,IMU trend
M4_add_one__pca_diff_rms_mean,ridge,4,haoyu0512workout|hsianshun0514workout|tsenyu0515workout|yushuan0513workout|ziho0512workout,yoru0511workout,yanz0510workout,yanz0510workout,db_bench_press,4,8.0,8.86845614837679,pca_diff_rms_mean,lowdim_set_trend,IMU trend
M4_add_one__pca_diff_rms_mean,ridge,4,haoyu0512workout|hsianshun0514workout|tsenyu0515workout|yushuan0513workout|ziho0512workout,yoru0511workout,yanz0510workout,yanz0510workout,db_biceps_curl,0,7.0,7.760346141642971,pca_diff_rms_mean,lowdim_set_trend,IMU trend
M4_add_one__pca_diff_rms_mean,ridge,4,haoyu0512workout|hsianshun0514workout|tsenyu0515workout|yushuan0513workout|ziho0512workout,yoru0511workout,yanz0510workout,yanz0510workout,db_biceps_curl,1,9.0,8.271224261777528,pca_diff_rms_mean,lowdim_set_trend,IMU trend
M4_add_one__pca_diff_rms_mean,ridge,4,haoyu0512workout|hsianshun0514workout|tsenyu0515workout|yushuan0513workout|ziho0512workout,yoru0511workout,yanz0510workout,yanz0510workout,db_biceps_curl,2,10.0,8.783193066245456,pca_diff_rms_mean,lowdim_set_trend,IMU trend
M4_add_one__pca_diff_rms_mean,ridge,4,haoyu0512workout|hsianshun0514workout|tsenyu0515workout|yushuan0513workout|ziho0512workout,yoru0511workout,yanz0510workout,yanz0510workout,db_rdl,0,5.0,6.943063239558343,pca_diff_rms_mean,lowdim_set_trend,IMU trend
M4_add_one__pca_diff_rms_mean,ridge,4,haoyu0512workout|hsianshun0514workout|tsenyu0515workout|yushuan0513workout|ziho0512workout,yoru0511workout,yanz0510workout,yanz0510workout,db_rdl,1,8.0,7.715009219813604,pca_diff_rms_mean,lowdim_set_trend,IMU trend
M4_add_one__pca_diff_rms_mean,ridge,4,haoyu0512workout|hsianshun0514workout|tsenyu0515workout|yushuan0513workout|ziho0512workout,yoru0511workout,yanz0510workout,yanz0510workout,db_rdl,2,9.0,8.367523207257506,pca_diff_rms_mean,lowdim_set_trend,IMU trend
M4_add_one__pca_diff_rms_mean,ridge,4,haoyu0512workout|hsianshun0514workout|tsenyu0515workout|yushuan0513workout|ziho0512workout,yoru0511workout,yanz0510workout,yanz0510workout,db_shoulder_press,1,7.0,7.870822856006272,pca_diff_rms_mean,lowdim_set_trend,IMU trend
M4_add_one__pca_diff_rms_mean,ridge,4,haoyu0512workout|hsianshun0514workout|tsenyu0515workout|yushuan0513workout|ziho0512workout,yoru0511workout,yanz0510workout,yanz0510workout,db_shoulder_press,2,10.0,8.388187180314585,pca_diff_rms_mean,lowdim_set_trend,IMU trend
M4_add_one__pca_diff_rms_mean,ridge,4,haoyu0512workout|hsianshun0514workout|tsenyu0515workout|yushuan0513workout|ziho0512workout,yoru0511workout,yanz0510workout,yanz0510workout,db_shoulder_press,3,10.0,8.865629371877201,pca_diff_rms_mean,lowdim_set_trend,IMU trend
M4_add_one__pca_diff_rms_mean,ridge,4,haoyu0512workout|hsianshun0514workout|tsenyu0515workout|yushuan0513workout|ziho0512workout,yoru0511workout,yanz0510workout,yanz0510workout,db_squat,0,7.0,6.441265148019118,pca_diff_rms_mean,lowdim_set_trend,IMU trend
M4_add_one__pca_diff_rms_mean,ridge,4,haoyu0512workout|hsianshun0514workout|tsenyu0515workout|yushuan0513workout|ziho0512workout,yoru0511workout,yanz0510workout,yanz0510workout,db_squat,1,8.0,7.072841233170041,pca_diff_rms_mean,lowdim_set_trend,IMU trend
M4_add_one__pca_diff_rms_mean,ridge,4,haoyu0512workout|hsianshun0514workout|tsenyu0515workout|yushuan0513workout|ziho0512workout,yoru0511workout,yanz0510workout,yanz0510workout,db_squat,2,9.0,7.507940848661671,pca_diff_rms_mean,lowdim_set_trend,IMU trend
M4_add_one__pca_diff_rms_mean,ridge,4,haoyu0512workout|hsianshun0514workout|tsenyu0515workout|yushuan0513workout|ziho0512workout,yoru0511workout,yanz0510workout,yanz0510workout,db_triceps_curl,0,7.0,7.003290785291761,pca_diff_rms_mean,lowdim_set_trend,IMU trend
M4_add_one__pca_diff_rms_mean,ridge,4,haoyu0512workout|hsianshun0514workout|tsenyu0515workout|yushuan0513workout|ziho0512workout,yoru0511workout,yanz0510workout,yanz0510workout,db_triceps_curl,2,8.0,7.845114070869215,pca_diff_rms_mean,lowdim_set_trend,IMU trend
M4_add_one__pca_diff_rms_mean,ridge,4,haoyu0512workout|hsianshun0514workout|tsenyu0515workout|yushuan0513workout|ziho0512workout,yoru0511workout,yanz0510workout,yanz0510workout,db_triceps_curl,4,9.0,8.71944678597591,pca_diff_rms_mean,lowdim_set_trend,IMU trend
M4_add_one__pca_diff_rms_mean,ridge,4,haoyu0512workout|hsianshun0514workout|tsenyu0515workout|yushuan0513workout|ziho0512workout,yoru0511workout,yanz0510workout,yanz0510workout,db_weighted_crunch,0,6.0,5.747357010739229,pca_diff_rms_mean,lowdim_set_trend,IMU trend
M4_add_one__pca_diff_rms_mean,ridge,4,haoyu0512workout|hsianshun0514workout|tsenyu0515workout|yushuan0513workout|ziho0512workout,yoru0511workout,yanz0510workout,yanz0510workout,db_weighted_crunch,2,7.0,6.915985648738398,pca_diff_rms_mean,lowdim_set_trend,IMU trend
M4_add_one__pca_diff_rms_mean,ridge,4,haoyu0512workout|hsianshun0514workout|tsenyu0515workout|yushuan0513workout|ziho0512workout,yoru0511workout,yanz0510workout,yanz0510workout,db_weighted_crunch,3,8.0,7.597159521694604,pca_diff_rms_mean,lowdim_set_trend,IMU trend
M4_add_one__pca_diff_rms_mean,ridge,4,haoyu0512workout|hsianshun0514workout|tsenyu0515workout|yushuan0513workout|ziho0512workout,yoru0511workout,yanz0510workout,yanz0510workout,one_arm_db_row,0,6.0,7.117147597501681,pca_diff_rms_mean,lowdim_set_trend,IMU trend
M4_add_one__pca_diff_rms_mean,ridge,4,haoyu0512workout|hsianshun0514workout|tsenyu0515workout|yushuan0513workout|ziho0512workout,yoru0511workout,yanz0510workout,yanz0510workout,one_arm_db_row,1,7.0,7.772045052504984,pca_diff_rms_mean,lowdim_set_trend,IMU trend
M4_add_one__pca_diff_rms_mean,ridge,4,haoyu0512workout|hsianshun0514workout|tsenyu0515workout|yushuan0513workout|ziho0512workout,yoru0511workout,yanz0510workout,yanz0510workout,one_arm_db_row,2,9.0,8.334599743892152,pca_diff_rms_mean,lowdim_set_trend,IMU trend
M4_add_one__pca_diff_rms_mean,ridge,5,haoyu0512workout|hsianshun0514workout|tsenyu0515workout|yanz0510workout|ziho0512workout,yushuan0513workout,yoru0511workout,yoru0511workout,db_bench_press,0,3.0,6.389842078125438,pca_diff_rms_mean,lowdim_set_trend,IMU trend
M4_add_one__pca_diff_rms_mean,ridge,5,haoyu0512workout|hsianshun0514workout|tsenyu0515workout|yanz0510workout|ziho0512workout,yushuan0513workout,yoru0511workout,yoru0511workout,db_bench_press,4,5.0,7.806648575010553,pca_diff_rms_mean,lowdim_set_trend,IMU trend
M4_add_one__pca_diff_rms_mean,ridge,5,haoyu0512workout|hsianshun0514workout|tsenyu0515workout|yanz0510workout|ziho0512workout,yushuan0513workout,yoru0511workout,yoru0511workout,db_bench_press,5,7.0,8.380214792448204,pca_diff_rms_mean,lowdim_set_trend,IMU trend
M4_add_one__pca_diff_rms_mean,ridge,5,haoyu0512workout|hsianshun0514workout|tsenyu0515workout|yanz0510workout|ziho0512workout,yushuan0513workout,yoru0511workout,yoru0511workout,db_biceps_curl,0,6.0,7.721705937447664,pca_diff_rms_mean,lowdim_set_trend,IMU trend
M4_add_one__pca_diff_rms_mean,ridge,5,haoyu0512workout|hsianshun0514workout|tsenyu0515workout|yanz0510workout|ziho0512workout,yushuan0513workout,yoru0511workout,yoru0511workout,db_biceps_curl,1,8.0,8.181750854153952,pca_diff_rms_mean,lowdim_set_trend,IMU trend
M4_add_one__pca_diff_rms_mean,ridge,5,haoyu0512workout|hsianshun0514workout|tsenyu0515workout|yanz0510workout|ziho0512workout,yushuan0513workout,yoru0511workout,yoru0511workout,db_biceps_curl,2,9.0,8.732632525440724,pca_diff_rms_mean,lowdim_set_trend,IMU trend
M4_add_one__pca_diff_rms_mean,ridge,5,haoyu0512workout|hsianshun0514workout|tsenyu0515workout|yanz0510workout|ziho0512workout,yushuan0513workout,yoru0511workout,yoru0511workout,db_rdl,0,6.0,6.790920089605126,pca_diff_rms_mean,lowdim_set_trend,IMU trend
M4_add_one__pca_diff_rms_mean,ridge,5,haoyu0512workout|hsianshun0514workout|tsenyu0515workout|yanz0510workout|ziho0512workout,yushuan0513workout,yoru0511workout,yoru0511workout,db_rdl,1,6.0,7.558278511557226,pca_diff_rms_mean,lowdim_set_trend,IMU trend
M4_add_one__pca_diff_rms_mean,ridge,5,haoyu0512workout|hsianshun0514workout|tsenyu0515workout|yanz0510workout|ziho0512workout,yushuan0513workout,yoru0511workout,yoru0511workout,db_rdl,2,7.0,8.02300360033257,pca_diff_rms_mean,lowdim_set_trend,IMU trend
M4_add_one__pca_diff_rms_mean,ridge,5,haoyu0512workout|hsianshun0514workout|tsenyu0515workout|yanz0510workout|ziho0512workout,yushuan0513workout,yoru0511workout,yoru0511workout,db_shoulder_press,0,7.0,7.3961924867217155,pca_diff_rms_mean,lowdim_set_trend,IMU trend
M4_add_one__pca_diff_rms_mean,ridge,5,haoyu0512workout|hsianshun0514workout|tsenyu0515workout|yanz0510workout|ziho0512workout,yushuan0513workout,yoru0511workout,yoru0511workout,db_shoulder_press,1,8.0,7.911089791624861,pca_diff_rms_mean,lowdim_set_trend,IMU trend
M4_add_one__pca_diff_rms_mean,ridge,5,haoyu0512workout|hsianshun0514workout|tsenyu0515workout|yanz0510workout|ziho0512workout,yushuan0513workout,yoru0511workout,yoru0511workout,db_shoulder_press,2,9.0,8.207165012578777,pca_diff_rms_mean,lowdim_set_trend,IMU trend
M4_add_one__pca_diff_rms_mean,ridge,5,haoyu0512workout|hsianshun0514workout|tsenyu0515workout|yanz0510workout|ziho0512workout,yushuan0513workout,yoru0511workout,yoru0511workout,db_squat,0,4.0,6.534551015462058,pca_diff_rms_mean,lowdim_set_trend,IMU trend
M4_add_one__pca_diff_rms_mean,ridge,5,haoyu0512workout|hsianshun0514workout|tsenyu0515workout|yanz0510workout|ziho0512workout,yushuan0513workout,yoru0511workout,yoru0511workout,db_squat,1,5.0,7.241991921893443,pca_diff_rms_mean,lowdim_set_trend,IMU trend
M4_add_one__pca_diff_rms_mean,ridge,5,haoyu0512workout|hsianshun0514workout|tsenyu0515workout|yanz0510workout|ziho0512workout,yushuan0513workout,yoru0511workout,yoru0511workout,db_squat,2,6.0,7.788594405879075,pca_diff_rms_mean,lowdim_set_trend,IMU trend
M4_add_one__pca_diff_rms_mean,ridge,5,haoyu0512workout|hsianshun0514workout|tsenyu0515workout|yanz0510workout|ziho0512workout,yushuan0513workout,yoru0511workout,yoru0511workout,db_triceps_curl,0,5.0,6.8890526178064855,pca_diff_rms_mean,lowdim_set_trend,IMU trend
M4_add_one__pca_diff_rms_mean,ridge,5,haoyu0512workout|hsianshun0514workout|tsenyu0515workout|yanz0510workout|ziho0512workout,yushuan0513workout,yoru0511workout,yoru0511workout,db_triceps_curl,1,5.0,7.319879489579101,pca_diff_rms_mean,lowdim_set_trend,IMU trend
M4_add_one__pca_diff_rms_mean,ridge,5,haoyu0512workout|hsianshun0514workout|tsenyu0515workout|yanz0510workout|ziho0512workout,yushuan0513workout,yoru0511workout,yoru0511workout,db_triceps_curl,2,6.0,7.808470650849382,pca_diff_rms_mean,lowdim_set_trend,IMU trend
M4_add_one__pca_diff_rms_mean,ridge,5,haoyu0512workout|hsianshun0514workout|tsenyu0515workout|yanz0510workout|ziho0512workout,yushuan0513workout,yoru0511workout,yoru0511workout,db_weighted_crunch,0,6.0,6.6319552867872815,pca_diff_rms_mean,lowdim_set_trend,IMU trend
M4_add_one__pca_diff_rms_mean,ridge,5,haoyu0512workout|hsianshun0514workout|tsenyu0515workout|yanz0510workout|ziho0512workout,yushuan0513workout,yoru0511workout,yoru0511workout,db_weighted_crunch,1,7.0,7.147488383325632,pca_diff_rms_mean,lowdim_set_trend,IMU trend
M4_add_one__pca_diff_rms_mean,ridge,5,haoyu0512workout|hsianshun0514workout|tsenyu0515workout|yanz0510workout|ziho0512workout,yushuan0513workout,yoru0511workout,yoru0511workout,db_weighted_crunch,2,7.0,7.69495547363726,pca_diff_rms_mean,lowdim_set_trend,IMU trend
M4_add_one__pca_diff_rms_mean,ridge,5,haoyu0512workout|hsianshun0514workout|tsenyu0515workout|yanz0510workout|ziho0512workout,yushuan0513workout,yoru0511workout,yoru0511workout,one_arm_db_row,0,5.0,7.0955663835943,pca_diff_rms_mean,lowdim_set_trend,IMU trend
M4_add_one__pca_diff_rms_mean,ridge,5,haoyu0512workout|hsianshun0514workout|tsenyu0515workout|yanz0510workout|ziho0512workout,yushuan0513workout,yoru0511workout,yoru0511workout,one_arm_db_row,2,7.0,7.928608147562427,pca_diff_rms_mean,lowdim_set_trend,IMU trend
M4_add_one__pca_diff_rms_mean,ridge,5,haoyu0512workout|hsianshun0514workout|tsenyu0515workout|yanz0510workout|ziho0512workout,yushuan0513workout,yoru0511workout,yoru0511workout,one_arm_db_row,3,8.0,8.4369743445271,pca_diff_rms_mean,lowdim_set_trend,IMU trend
M4_add_one__pca_diff_rms_mean,ridge,6,haoyu0512workout|hsianshun0514workout|tsenyu0515workout|yanz0510workout|yoru0511workout,ziho0512workout,yushuan0513workout,yushuan0513workout,db_bench_press,0,9.0,6.0913302716670366,pca_diff_rms_mean,lowdim_set_trend,IMU trend
M4_add_one__pca_diff_rms_mean,ridge,6,haoyu0512workout|hsianshun0514workout|tsenyu0515workout|yanz0510workout|yoru0511workout,ziho0512workout,yushuan0513workout,yushuan0513workout,db_bench_press,1,10.0,6.653563456743282,pca_diff_rms_mean,lowdim_set_trend,IMU trend
M4_add_one__pca_diff_rms_mean,ridge,6,haoyu0512workout|hsianshun0514workout|tsenyu0515workout|yanz0510workout|yoru0511workout,ziho0512workout,yushuan0513workout,yushuan0513workout,db_bench_press,3,10.0,7.464247672231615,pca_diff_rms_mean,lowdim_set_trend,IMU trend
M4_add_one__pca_diff_rms_mean,ridge,6,haoyu0512workout|hsianshun0514workout|tsenyu0515workout|yanz0510workout|yoru0511workout,ziho0512workout,yushuan0513workout,yushuan0513workout,db_biceps_curl,0,7.0,7.325379581973619,pca_diff_rms_mean,lowdim_set_trend,IMU trend
M4_add_one__pca_diff_rms_mean,ridge,6,haoyu0512workout|hsianshun0514workout|tsenyu0515workout|yanz0510workout|yoru0511workout,ziho0512workout,yushuan0513workout,yushuan0513workout,db_biceps_curl,1,9.0,7.836263933541867,pca_diff_rms_mean,lowdim_set_trend,IMU trend
M4_add_one__pca_diff_rms_mean,ridge,6,haoyu0512workout|hsianshun0514workout|tsenyu0515workout|yanz0510workout|yoru0511workout,ziho0512workout,yushuan0513workout,yushuan0513workout,db_biceps_curl,2,10.0,8.37257216684365,pca_diff_rms_mean,lowdim_set_trend,IMU trend
M4_add_one__pca_diff_rms_mean,ridge,6,haoyu0512workout|hsianshun0514workout|tsenyu0515workout|yanz0510workout|yoru0511workout,ziho0512workout,yushuan0513workout,yushuan0513workout,db_rdl,0,6.0,6.654795158793443,pca_diff_rms_mean,lowdim_set_trend,IMU trend
M4_add_one__pca_diff_rms_mean,ridge,6,haoyu0512workout|hsianshun0514workout|tsenyu0515workout|yanz0510workout|yoru0511workout,ziho0512workout,yushuan0513workout,yushuan0513workout,db_rdl,1,8.0,6.7789238587608045,pca_diff_rms_mean,lowdim_set_trend,IMU trend
M4_add_one__pca_diff_rms_mean,ridge,6,haoyu0512workout|hsianshun0514workout|tsenyu0515workout|yanz0510workout|yoru0511workout,ziho0512workout,yushuan0513workout,yushuan0513workout,db_rdl,2,8.0,7.932132545906798,pca_diff_rms_mean,lowdim_set_trend,IMU trend
M4_add_one__pca_diff_rms_mean,ridge,6,haoyu0512workout|hsianshun0514workout|tsenyu0515workout|yanz0510workout|yoru0511workout,ziho0512workout,yushuan0513workout,yushuan0513workout,db_shoulder_press,0,8.0,7.543203133046325,pca_diff_rms_mean,lowdim_set_trend,IMU trend
M4_add_one__pca_diff_rms_mean,ridge,6,haoyu0512workout|hsianshun0514workout|tsenyu0515workout|yanz0510workout|yoru0511workout,ziho0512workout,yushuan0513workout,yushuan0513workout,db_shoulder_press,1,9.0,8.291793207467641,pca_diff_rms_mean,lowdim_set_trend,IMU trend
M4_add_one__pca_diff_rms_mean,ridge,6,haoyu0512workout|hsianshun0514workout|tsenyu0515workout|yanz0510workout|yoru0511workout,ziho0512workout,yushuan0513workout,yushuan0513workout,db_shoulder_press,2,10.0,8.989216463836833,pca_diff_rms_mean,lowdim_set_trend,IMU trend
M4_add_one__pca_diff_rms_mean,ridge,6,haoyu0512workout|hsianshun0514workout|tsenyu0515workout|yanz0510workout|yoru0511workout,ziho0512workout,yushuan0513workout,yushuan0513workout,db_squat,0,6.0,5.788841480554792,pca_diff_rms_mean,lowdim_set_trend,IMU trend
M4_add_one__pca_diff_rms_mean,ridge,6,haoyu0512workout|hsianshun0514workout|tsenyu0515workout|yanz0510workout|yoru0511workout,ziho0512workout,yushuan0513workout,yushuan0513workout,db_squat,1,7.0,6.545009931767771,pca_diff_rms_mean,lowdim_set_trend,IMU trend
M4_add_one__pca_diff_rms_mean,ridge,6,haoyu0512workout|hsianshun0514workout|tsenyu0515workout|yanz0510workout|yoru0511workout,ziho0512workout,yushuan0513workout,yushuan0513workout,db_squat,2,8.0,7.217901753579126,pca_diff_rms_mean,lowdim_set_trend,IMU trend
M4_add_one__pca_diff_rms_mean,ridge,6,haoyu0512workout|hsianshun0514workout|tsenyu0515workout|yanz0510workout|yoru0511workout,ziho0512workout,yushuan0513workout,yushuan0513workout,db_triceps_curl,0,6.0,5.540623523661761,pca_diff_rms_mean,lowdim_set_trend,IMU trend
M4_add_one__pca_diff_rms_mean,ridge,6,haoyu0512workout|hsianshun0514workout|tsenyu0515workout|yanz0510workout|yoru0511workout,ziho0512workout,yushuan0513workout,yushuan0513workout,db_triceps_curl,1,7.0,6.607796774642829,pca_diff_rms_mean,lowdim_set_trend,IMU trend
M4_add_one__pca_diff_rms_mean,ridge,6,haoyu0512workout|hsianshun0514workout|tsenyu0515workout|yanz0510workout|yoru0511workout,ziho0512workout,yushuan0513workout,yushuan0513workout,db_triceps_curl,2,9.0,7.157256782130541,pca_diff_rms_mean,lowdim_set_trend,IMU trend
M4_add_one__pca_diff_rms_mean,ridge,6,haoyu0512workout|hsianshun0514workout|tsenyu0515workout|yanz0510workout|yoru0511workout,ziho0512workout,yushuan0513workout,yushuan0513workout,db_weighted_crunch,0,5.0,4.989302527354661,pca_diff_rms_mean,lowdim_set_trend,IMU trend
M4_add_one__pca_diff_rms_mean,ridge,6,haoyu0512workout|hsianshun0514workout|tsenyu0515workout|yanz0510workout|yoru0511workout,ziho0512workout,yushuan0513workout,yushuan0513workout,db_weighted_crunch,1,6.0,6.282797475342987,pca_diff_rms_mean,lowdim_set_trend,IMU trend
M4_add_one__pca_diff_rms_mean,ridge,6,haoyu0512workout|hsianshun0514workout|tsenyu0515workout|yanz0510workout|yoru0511workout,ziho0512workout,yushuan0513workout,yushuan0513workout,db_weighted_crunch,2,7.0,7.024951408208032,pca_diff_rms_mean,lowdim_set_trend,IMU trend
M4_add_one__pca_diff_rms_mean,ridge,6,haoyu0512workout|hsianshun0514workout|tsenyu0515workout|yanz0510workout|yoru0511workout,ziho0512workout,yushuan0513workout,yushuan0513workout,one_arm_db_row,0,9.0,6.74591991763246,pca_diff_rms_mean,lowdim_set_trend,IMU trend
M4_add_one__pca_diff_rms_mean,ridge,6,haoyu0512workout|hsianshun0514workout|tsenyu0515workout|yanz0510workout|yoru0511workout,ziho0512workout,yushuan0513workout,yushuan0513workout,one_arm_db_row,1,8.0,7.47244289795131,pca_diff_rms_mean,lowdim_set_trend,IMU trend
M4_add_one__pca_diff_rms_mean,ridge,6,haoyu0512workout|hsianshun0514workout|tsenyu0515workout|yanz0510workout|yoru0511workout,ziho0512workout,yushuan0513workout,yushuan0513workout,one_arm_db_row,2,9.0,8.173341292092692,pca_diff_rms_mean,lowdim_set_trend,IMU trend
M4_add_one__pca_diff_rms_mean,ridge,7,hsianshun0514workout|tsenyu0515workout|yanz0510workout|yoru0511workout|yushuan0513workout,haoyu0512workout,ziho0512workout,ziho0512workout,db_bench_press,1,8.0,6.284043908544531,pca_diff_rms_mean,lowdim_set_trend,IMU trend
M4_add_one__pca_diff_rms_mean,ridge,7,hsianshun0514workout|tsenyu0515workout|yanz0510workout|yoru0511workout|yushuan0513workout,haoyu0512workout,ziho0512workout,ziho0512workout,db_bench_press,2,9.0,6.9084660808462575,pca_diff_rms_mean,lowdim_set_trend,IMU trend
M4_add_one__pca_diff_rms_mean,ridge,7,hsianshun0514workout|tsenyu0515workout|yanz0510workout|yoru0511workout|yushuan0513workout,haoyu0512workout,ziho0512workout,ziho0512workout,db_bench_press,3,10.0,7.522643950990965,pca_diff_rms_mean,lowdim_set_trend,IMU trend
M4_add_one__pca_diff_rms_mean,ridge,7,hsianshun0514workout|tsenyu0515workout|yanz0510workout|yoru0511workout|yushuan0513workout,haoyu0512workout,ziho0512workout,ziho0512workout,db_biceps_curl,0,9.0,7.4457560056657375,pca_diff_rms_mean,lowdim_set_trend,IMU trend
M4_add_one__pca_diff_rms_mean,ridge,7,hsianshun0514workout|tsenyu0515workout|yanz0510workout|yoru0511workout|yushuan0513workout,haoyu0512workout,ziho0512workout,ziho0512workout,db_biceps_curl,1,9.0,8.135792029910158,pca_diff_rms_mean,lowdim_set_trend,IMU trend
M4_add_one__pca_diff_rms_mean,ridge,7,hsianshun0514workout|tsenyu0515workout|yanz0510workout|yoru0511workout|yushuan0513workout,haoyu0512workout,ziho0512workout,ziho0512workout,db_biceps_curl,2,9.0,8.794832280562028,pca_diff_rms_mean,lowdim_set_trend,IMU trend
M4_add_one__pca_diff_rms_mean,ridge,7,hsianshun0514workout|tsenyu0515workout|yanz0510workout|yoru0511workout|yushuan0513workout,haoyu0512workout,ziho0512workout,ziho0512workout,db_rdl,0,8.0,6.047116723416095,pca_diff_rms_mean,lowdim_set_trend,IMU trend
M4_add_one__pca_diff_rms_mean,ridge,7,hsianshun0514workout|tsenyu0515workout|yanz0510workout|yoru0511workout|yushuan0513workout,haoyu0512workout,ziho0512workout,ziho0512workout,db_rdl,2,9.0,7.090358134464969,pca_diff_rms_mean,lowdim_set_trend,IMU trend
M4_add_one__pca_diff_rms_mean,ridge,7,hsianshun0514workout|tsenyu0515workout|yanz0510workout|yoru0511workout|yushuan0513workout,haoyu0512workout,ziho0512workout,ziho0512workout,db_shoulder_press,0,10.0,7.260047539340381,pca_diff_rms_mean,lowdim_set_trend,IMU trend
M4_add_one__pca_diff_rms_mean,ridge,7,hsianshun0514workout|tsenyu0515workout|yanz0510workout|yoru0511workout|yushuan0513workout,haoyu0512workout,ziho0512workout,ziho0512workout,db_shoulder_press,1,10.0,7.809609698151094,pca_diff_rms_mean,lowdim_set_trend,IMU trend
M4_add_one__pca_diff_rms_mean,ridge,7,hsianshun0514workout|tsenyu0515workout|yanz0510workout|yoru0511workout|yushuan0513workout,haoyu0512workout,ziho0512workout,ziho0512workout,db_shoulder_press,2,10.0,8.371612716472082,pca_diff_rms_mean,lowdim_set_trend,IMU trend
M4_add_one__pca_diff_rms_mean,ridge,7,hsianshun0514workout|tsenyu0515workout|yanz0510workout|yoru0511workout|yushuan0513workout,haoyu0512workout,ziho0512workout,ziho0512workout,db_squat,0,7.0,5.694421246070864,pca_diff_rms_mean,lowdim_set_trend,IMU trend
M4_add_one__pca_diff_rms_mean,ridge,7,hsianshun0514workout|tsenyu0515workout|yanz0510workout|yoru0511workout|yushuan0513workout,haoyu0512workout,ziho0512workout,ziho0512workout,db_squat,1,8.0,6.330002048108638,pca_diff_rms_mean,lowdim_set_trend,IMU trend
M4_add_one__pca_diff_rms_mean,ridge,7,hsianshun0514workout|tsenyu0515workout|yanz0510workout|yoru0511workout|yushuan0513workout,haoyu0512workout,ziho0512workout,ziho0512workout,db_squat,2,9.0,6.990598230551283,pca_diff_rms_mean,lowdim_set_trend,IMU trend
M4_add_one__pca_diff_rms_mean,ridge,7,hsianshun0514workout|tsenyu0515workout|yanz0510workout|yoru0511workout|yushuan0513workout,haoyu0512workout,ziho0512workout,ziho0512workout,db_triceps_curl,0,8.0,6.155087697586046,pca_diff_rms_mean,lowdim_set_trend,IMU trend
M4_add_one__pca_diff_rms_mean,ridge,7,hsianshun0514workout|tsenyu0515workout|yanz0510workout|yoru0511workout|yushuan0513workout,haoyu0512workout,ziho0512workout,ziho0512workout,db_triceps_curl,1,9.0,6.817844262866971,pca_diff_rms_mean,lowdim_set_trend,IMU trend
M4_add_one__pca_diff_rms_mean,ridge,7,hsianshun0514workout|tsenyu0515workout|yanz0510workout|yoru0511workout|yushuan0513workout,haoyu0512workout,ziho0512workout,ziho0512workout,db_triceps_curl,2,9.0,7.481783757602931,pca_diff_rms_mean,lowdim_set_trend,IMU trend
M4_add_one__pca_diff_rms_mean,ridge,7,hsianshun0514workout|tsenyu0515workout|yanz0510workout|yoru0511workout|yushuan0513workout,haoyu0512workout,ziho0512workout,ziho0512workout,db_weighted_crunch,0,6.0,6.099501036128826,pca_diff_rms_mean,lowdim_set_trend,IMU trend
M4_add_one__pca_diff_rms_mean,ridge,7,hsianshun0514workout|tsenyu0515workout|yanz0510workout|yoru0511workout|yushuan0513workout,haoyu0512workout,ziho0512workout,ziho0512workout,db_weighted_crunch,1,8.0,6.615022439363361,pca_diff_rms_mean,lowdim_set_trend,IMU trend
M4_add_one__pca_diff_rms_mean,ridge,7,hsianshun0514workout|tsenyu0515workout|yanz0510workout|yoru0511workout|yushuan0513workout,haoyu0512workout,ziho0512workout,ziho0512workout,db_weighted_crunch,2,9.0,7.403242707276419,pca_diff_rms_mean,lowdim_set_trend,IMU trend
M4_add_one__pca_diff_rms_mean,ridge,7,hsianshun0514workout|tsenyu0515workout|yanz0510workout|yoru0511workout|yushuan0513workout,haoyu0512workout,ziho0512workout,ziho0512workout,one_arm_db_row,0,6.0,6.653850982642701,pca_diff_rms_mean,lowdim_set_trend,IMU trend
M4_add_one__pca_diff_rms_mean,ridge,7,hsianshun0514workout|tsenyu0515workout|yanz0510workout|yoru0511workout|yushuan0513workout,haoyu0512workout,ziho0512workout,ziho0512workout,one_arm_db_row,1,8.0,7.250610184883645,pca_diff_rms_mean,lowdim_set_trend,IMU trend
M4_add_one__pca_diff_rms_mean,ridge,7,hsianshun0514workout|tsenyu0515workout|yanz0510workout|yoru0511workout|yushuan0513workout,haoyu0512workout,ziho0512workout,ziho0512workout,one_arm_db_row,2,9.0,7.72926293844036,pca_diff_rms_mean,lowdim_set_trend,IMU trend
