file,subject,exercise,set_id,rep_id,true_start,true_end,best_pred_start,best_pred_end,best_iou
datasets/workout/haoyu0512workout/haoyu0512workout_whole_session_20260512_165723.csv,haoyu0512workout,db_bench_press,0,0,359,667,357,536,0.571
datasets/workout/haoyu0512workout/haoyu0512workout_whole_session_20260512_165723.csv,haoyu0512workout,db_bench_press,0,1,667,1092,775,886,0.2612
datasets/workout/haoyu0512workout/haoyu0512workout_whole_session_20260512_165723.csv,haoyu0512workout,db_bench_press,0,2,1092,1561,1218,1456,0.5075
datasets/workout/haoyu0512workout/haoyu0512workout_whole_session_20260512_165723.csv,haoyu0512workout,db_bench_press,0,3,1561,1940,1628,1834,0.5435
datasets/workout/haoyu0512workout/haoyu0512workout_whole_session_20260512_165723.csv,haoyu0512workout,db_bench_press,0,4,1940,2429,1963,2176,0.4356
datasets/workout/haoyu0512workout/haoyu0512workout_whole_session_20260512_165723.csv,haoyu0512workout,db_bench_press,0,5,2429,2776,2430,2577,0.4236
datasets/workout/haoyu0512workout/haoyu0512workout_whole_session_20260512_165723.csv,haoyu0512workout,db_bench_press,0,6,2776,3256,2884,3113,0.4771
datasets/workout/haoyu0512workout/haoyu0512workout_whole_session_20260512_165723.csv,haoyu0512workout,db_bench_press,0,7,3256,3753,3415,3742,0.6579
datasets/workout/haoyu0512workout/haoyu0512workout_whole_session_20260512_165723.csv,haoyu0512workout,db_bench_press,0,8,3753,4113,3742,3968,0.5795
datasets/workout/haoyu0512workout/haoyu0512workout_whole_session_20260512_165723.csv,haoyu0512workout,db_bench_press,0,9,4113,4597,4288,4464,0.3636
datasets/workout/haoyu0512workout/haoyu0512workout_whole_session_20260512_165723.csv,haoyu0512workout,db_bench_press,0,10,4597,5081,4599,4736,0.2831
datasets/workout/haoyu0512workout/haoyu0512workout_whole_session_20260512_165723.csv,haoyu0512workout,db_bench_press,0,11,5081,6561,5216,5392,0.1189
datasets/workout/haoyu0512workout/haoyu0512workout_whole_session_20260512_165723.csv,haoyu0512workout,db_bench_press,0,11,17152,19021,17760,18020,0.1391
datasets/workout/haoyu0512workout/haoyu0512workout_whole_session_20260512_165723.csv,haoyu0512workout,db_bench_press,1,0,19964,20436,20281,20444,0.3229
datasets/workout/haoyu0512workout/haoyu0512workout_whole_session_20260512_165723.csv,haoyu0512workout,db_bench_press,1,1,20436,20779,20444,20635,0.5569
datasets/workout/haoyu0512workout/haoyu0512workout_whole_session_20260512_165723.csv,haoyu0512workout,db_bench_press,1,2,20779,21258,21053,21255,0.4217
datasets/workout/haoyu0512workout/haoyu0512workout_whole_session_20260512_165723.csv,haoyu0512workout,db_bench_press,1,3,21258,21671,21453,21665,0.5133
datasets/workout/haoyu0512workout/haoyu0512workout_whole_session_20260512_165723.csv,haoyu0512workout,db_bench_press,1,4,21671,22074,21665,21891,0.5379
datasets/workout/haoyu0512workout/haoyu0512workout_whole_session_20260512_165723.csv,haoyu0512workout,db_bench_press,1,5,22074,22518,22102,22313,0.4752
datasets/workout/haoyu0512workout/haoyu0512workout_whole_session_20260512_165723.csv,haoyu0512workout,db_bench_press,1,6,22518,22958,22771,22983,0.4022
datasets/workout/haoyu0512workout/haoyu0512workout_whole_session_20260512_165723.csv,haoyu0512workout,db_bench_press,1,7,22958,23370,22983,23189,0.5
datasets/workout/haoyu0512workout/haoyu0512workout_whole_session_20260512_165723.csv,haoyu0512workout,db_bench_press,1,8,23370,23879,23423,23677,0.499
datasets/workout/haoyu0512workout/haoyu0512workout_whole_session_20260512_165723.csv,haoyu0512workout,db_bench_press,1,9,23879,24218,23869,24148,0.7708
datasets/workout/haoyu0512workout/haoyu0512workout_whole_session_20260512_165723.csv,haoyu0512workout,db_bench_press,1,10,24218,24651,24148,24435,0.4314
datasets/workout/haoyu0512workout/haoyu0512workout_whole_session_20260512_165723.csv,haoyu0512workout,db_bench_press,1,11,24651,25106,24701,24859,0.3473
datasets/workout/haoyu0512workout/haoyu0512workout_whole_session_20260512_165723.csv,haoyu0512workout,db_bench_press,2,0,33305,33695,33501,33607,0.2718
datasets/workout/haoyu0512workout/haoyu0512workout_whole_session_20260512_165723.csv,haoyu0512workout,db_bench_press,2,1,33695,34052,33859,33996,0.3838
datasets/workout/haoyu0512workout/haoyu0512workout_whole_session_20260512_165723.csv,haoyu0512workout,db_bench_press,2,2,34052,34487,34123,34293,0.3908
datasets/workout/haoyu0512workout/haoyu0512workout_whole_session_20260512_165723.csv,haoyu0512workout,db_bench_press,2,3,34487,34872,34530,34677,0.3818
datasets/workout/haoyu0512workout/haoyu0512workout_whole_session_20260512_165723.csv,haoyu0512workout,db_bench_press,2,4,34872,35299,35102,35255,0.3583
datasets/workout/haoyu0512workout/haoyu0512workout_whole_session_20260512_165723.csv,haoyu0512workout,db_bench_press,2,5,35299,35734,35563,35713,0.3448
datasets/workout/haoyu0512workout/haoyu0512workout_whole_session_20260512_165723.csv,haoyu0512workout,db_bench_press,2,6,35734,36197,35918,36021,0.2225
datasets/workout/haoyu0512workout/haoyu0512workout_whole_session_20260512_165723.csv,haoyu0512workout,db_bench_press,2,7,36197,36649,36448,36607,0.3518
datasets/workout/haoyu0512workout/haoyu0512workout_whole_session_20260512_165723.csv,haoyu0512workout,db_bench_press,2,8,36649,37181,36741,36918,0.3327
datasets/workout/haoyu0512workout/haoyu0512workout_whole_session_20260512_165723.csv,haoyu0512workout,db_bench_press,2,9,37181,37722,37499,37642,0.2643
datasets/workout/haoyu0512workout/haoyu0512workout_whole_session_20260512_165723.csv,haoyu0512workout,db_bench_press,2,10,37722,38275,37990,38159,0.3056
datasets/workout/haoyu0512workout/haoyu0512workout_whole_session_20260512_165723.csv,haoyu0512workout,db_bench_press,2,11,38275,38692,38299,38479,0.4317
datasets/workout/haoyu0512workout/haoyu0512workout_whole_session_20260512_165723.csv,haoyu0512workout,one_arm_db_row,0,0,58038,58393,58270,58395,0.3445
datasets/workout/haoyu0512workout/haoyu0512workout_whole_session_20260512_165723.csv,haoyu0512workout,one_arm_db_row,0,1,58393,58784,58395,58554,0.4066
datasets/workout/haoyu0512workout/haoyu0512workout_whole_session_20260512_165723.csv,haoyu0512workout,one_arm_db_row,0,2,58784,59356,59181,59331,0.2622
datasets/workout/haoyu0512workout/haoyu0512workout_whole_session_20260512_165723.csv,haoyu0512workout,one_arm_db_row,0,3,59356,59812,59649,59825,0.3475
datasets/workout/haoyu0512workout/haoyu0512workout_whole_session_20260512_165723.csv,haoyu0512workout,one_arm_db_row,0,4,59812,60259,59951,60143,0.4295
datasets/workout/haoyu0512workout/haoyu0512workout_whole_session_20260512_165723.csv,haoyu0512workout,one_arm_db_row,0,5,60259,60650,60471,60585,0.2916
datasets/workout/haoyu0512workout/haoyu0512workout_whole_session_20260512_165723.csv,haoyu0512workout,one_arm_db_row,0,6,60650,61121,60754,61012,0.5478
datasets/workout/haoyu0512workout/haoyu0512workout_whole_session_20260512_165723.csv,haoyu0512workout,one_arm_db_row,0,7,61121,61523,61327,61525,0.4851
datasets/workout/haoyu0512workout/haoyu0512workout_whole_session_20260512_165723.csv,haoyu0512workout,one_arm_db_row,0,8,61523,61983,61525,61739,0.4652
datasets/workout/haoyu0512workout/haoyu0512workout_whole_session_20260512_165723.csv,haoyu0512workout,one_arm_db_row,0,9,61983,62407,62114,62354,0.566
datasets/workout/haoyu0512workout/haoyu0512workout_whole_session_20260512_165723.csv,haoyu0512workout,one_arm_db_row,0,10,62407,62863,62354,62615,0.4086
datasets/workout/haoyu0512workout/haoyu0512workout_whole_session_20260512_165723.csv,haoyu0512workout,one_arm_db_row,0,11,62863,63200,62937,63053,0.3442
datasets/workout/haoyu0512workout/haoyu0512workout_whole_session_20260512_165723.csv,haoyu0512workout,one_arm_db_row,1,0,73276,73747,73161,73559,0.4829
datasets/workout/haoyu0512workout/haoyu0512workout_whole_session_20260512_165723.csv,haoyu0512workout,one_arm_db_row,1,1,73747,74075,73841,73981,0.4268
datasets/workout/haoyu0512workout/haoyu0512workout_whole_session_20260512_165723.csv,haoyu0512workout,one_arm_db_row,1,2,74075,74485,74271,74417,0.3561
datasets/workout/haoyu0512workout/haoyu0512workout_whole_session_20260512_165723.csv,haoyu0512workout,one_arm_db_row,1,3,74485,74876,74582,74687,0.2685
datasets/workout/haoyu0512workout/haoyu0512workout_whole_session_20260512_165723.csv,haoyu0512workout,one_arm_db_row,1,4,74876,75195,74947,75113,0.5204
datasets/workout/haoyu0512workout/haoyu0512workout_whole_session_20260512_165723.csv,haoyu0512workout,one_arm_db_row,1,5,75195,75565,75277,75451,0.4703
datasets/workout/haoyu0512workout/haoyu0512workout_whole_session_20260512_165723.csv,haoyu0512workout,one_arm_db_row,1,6,75565,75942,75669,75884,0.5703
datasets/workout/haoyu0512workout/haoyu0512workout_whole_session_20260512_165723.csv,haoyu0512workout,one_arm_db_row,1,7,75942,76298,76143,76227,0.236
datasets/workout/haoyu0512workout/haoyu0512workout_whole_session_20260512_165723.csv,haoyu0512workout,one_arm_db_row,1,8,76298,76704,76571,76755,0.291
datasets/workout/haoyu0512workout/haoyu0512workout_whole_session_20260512_165723.csv,haoyu0512workout,one_arm_db_row,1,9,76704,77040,76755,76918,0.4851
datasets/workout/haoyu0512workout/haoyu0512workout_whole_session_20260512_165723.csv,haoyu0512workout,one_arm_db_row,1,10,77040,77353,77186,77327,0.4505
datasets/workout/haoyu0512workout/haoyu0512workout_whole_session_20260512_165723.csv,haoyu0512workout,one_arm_db_row,1,11,77353,77738,77550,77715,0.4286
datasets/workout/haoyu0512workout/haoyu0512workout_whole_session_20260512_165723.csv,haoyu0512workout,one_arm_db_row,2,0,88648,89090,88803,88877,0.1674
datasets/workout/haoyu0512workout/haoyu0512workout_whole_session_20260512_165723.csv,haoyu0512workout,one_arm_db_row,2,1,89090,89422,89220,89294,0.2229
datasets/workout/haoyu0512workout/haoyu0512workout_whole_session_20260512_165723.csv,haoyu0512workout,one_arm_db_row,2,2,89422,89733,89513,89610,0.3119
datasets/workout/haoyu0512workout/haoyu0512workout_whole_session_20260512_165723.csv,haoyu0512workout,one_arm_db_row,2,3,89733,90115,89778,89903,0.3272
datasets/workout/haoyu0512workout/haoyu0512workout_whole_session_20260512_165723.csv,haoyu0512workout,one_arm_db_row,2,4,90115,90462,90385,90461,0.219
datasets/workout/haoyu0512workout/haoyu0512workout_whole_session_20260512_165723.csv,haoyu0512workout,one_arm_db_row,2,5,90462,90755,90461,90568,0.3605
datasets/workout/haoyu0512workout/haoyu0512workout_whole_session_20260512_165723.csv,haoyu0512workout,one_arm_db_row,2,6,90755,91151,90804,90925,0.3056
datasets/workout/haoyu0512workout/haoyu0512workout_whole_session_20260512_165723.csv,haoyu0512workout,one_arm_db_row,2,7,91151,91486,91209,91289,0.2388
datasets/workout/haoyu0512workout/haoyu0512workout_whole_session_20260512_165723.csv,haoyu0512workout,one_arm_db_row,2,8,91486,91821,91609,91697,0.2627
datasets/workout/haoyu0512workout/haoyu0512workout_whole_session_20260512_165723.csv,haoyu0512workout,one_arm_db_row,2,9,91821,92177,92017,92141,0.3483
datasets/workout/haoyu0512workout/haoyu0512workout_whole_session_20260512_165723.csv,haoyu0512workout,one_arm_db_row,2,10,92177,92550,92267,92349,0.2198
datasets/workout/haoyu0512workout/haoyu0512workout_whole_session_20260512_165723.csv,haoyu0512workout,one_arm_db_row,2,11,92550,92850,92709,92819,0.3667
datasets/workout/haoyu0512workout/haoyu0512workout_whole_session_20260512_165723.csv,haoyu0512workout,db_rdl,0,0,123099,123585,123036,123356,0.4681
datasets/workout/haoyu0512workout/haoyu0512workout_whole_session_20260512_165723.csv,haoyu0512workout,db_rdl,0,1,123585,124080,123638,123782,0.2909
datasets/workout/haoyu0512workout/haoyu0512workout_whole_session_20260512_165723.csv,haoyu0512workout,db_rdl,0,2,124080,124494,124362,124549,0.2814
datasets/workout/haoyu0512workout/haoyu0512workout_whole_session_20260512_165723.csv,haoyu0512workout,db_rdl,0,3,124494,124894,124549,124702,0.3825
datasets/workout/haoyu0512workout/haoyu0512workout_whole_session_20260512_165723.csv,haoyu0512workout,db_rdl,0,4,124894,125401,124957,125159,0.3984
datasets/workout/haoyu0512workout/haoyu0512workout_whole_session_20260512_165723.csv,haoyu0512workout,db_rdl,0,5,125401,125899,125396,125552,0.3002
datasets/workout/haoyu0512workout/haoyu0512workout_whole_session_20260512_165723.csv,haoyu0512workout,db_rdl,0,6,125899,126333,125954,126066,0.2581
datasets/workout/haoyu0512workout/haoyu0512workout_whole_session_20260512_165723.csv,haoyu0512workout,db_rdl,0,7,126333,126809,126298,126464,0.2564
datasets/workout/haoyu0512workout/haoyu0512workout_whole_session_20260512_165723.csv,haoyu0512workout,db_rdl,0,8,126809,127261,126841,126961,0.2655
datasets/workout/haoyu0512workout/haoyu0512workout_whole_session_20260512_165723.csv,haoyu0512workout,db_rdl,0,9,127261,127737,127348,127434,0.1807
datasets/workout/haoyu0512workout/haoyu0512workout_whole_session_20260512_165723.csv,haoyu0512workout,db_rdl,0,10,127737,128265,128058,128193,0.2557
datasets/workout/haoyu0512workout/haoyu0512workout_whole_session_20260512_165723.csv,haoyu0512workout,db_rdl,0,11,128265,128661,128353,128448,0.2399
datasets/workout/haoyu0512workout/haoyu0512workout_whole_session_20260512_165723.csv,haoyu0512workout,db_rdl,1,0,137920,138276,137831,138070,0.3371
datasets/workout/haoyu0512workout/haoyu0512workout_whole_session_20260512_165723.csv,haoyu0512workout,db_rdl,1,1,138276,138684,138331,138457,0.3088
datasets/workout/haoyu0512workout/haoyu0512workout_whole_session_20260512_165723.csv,haoyu0512workout,db_rdl,1,2,138684,139117,138801,138993,0.4434
datasets/workout/haoyu0512workout/haoyu0512workout_whole_session_20260512_165723.csv,haoyu0512workout,db_rdl,1,3,139117,139499,139179,139376,0.5157
datasets/workout/haoyu0512workout/haoyu0512workout_whole_session_20260512_165723.csv,haoyu0512workout,db_rdl,1,4,139499,139926,139591,139793,0.4731
datasets/workout/haoyu0512workout/haoyu0512workout_whole_session_20260512_165723.csv,haoyu0512workout,db_rdl,1,5,139926,140328,139983,140192,0.5199
datasets/workout/haoyu0512workout/haoyu0512workout_whole_session_20260512_165723.csv,haoyu0512workout,db_rdl,1,6,140328,140753,140409,140619,0.4941
datasets/workout/haoyu0512workout/haoyu0512workout_whole_session_20260512_165723.csv,haoyu0512workout,db_rdl,1,7,140753,141244,140823,141075,0.5132
datasets/workout/haoyu0512workout/haoyu0512workout_whole_session_20260512_165723.csv,haoyu0512workout,db_rdl,1,8,141244,141595,141259,141393,0.3818
datasets/workout/haoyu0512workout/haoyu0512workout_whole_session_20260512_165723.csv,haoyu0512workout,db_rdl,1,9,141595,141991,141641,141854,0.5379
datasets/workout/haoyu0512workout/haoyu0512workout_whole_session_20260512_165723.csv,haoyu0512workout,db_rdl,1,10,141991,142474,142086,142319,0.4824
datasets/workout/haoyu0512workout/haoyu0512workout_whole_session_20260512_165723.csv,haoyu0512workout,db_rdl,1,11,142474,142914,142521,142713,0.4364
datasets/workout/haoyu0512workout/haoyu0512workout_whole_session_20260512_165723.csv,haoyu0512workout,db_rdl,2,0,156977,157637,157062,157288,0.3424
datasets/workout/haoyu0512workout/haoyu0512workout_whole_session_20260512_165723.csv,haoyu0512workout,db_rdl,2,1,157637,158206,157978,158092,0.2004
datasets/workout/haoyu0512workout/haoyu0512workout_whole_session_20260512_165723.csv,haoyu0512workout,db_rdl,2,2,158206,158606,158470,158595,0.3125
datasets/workout/haoyu0512workout/haoyu0512workout_whole_session_20260512_165723.csv,haoyu0512workout,db_rdl,2,3,158606,159041,158595,158754,0.3318
datasets/workout/haoyu0512workout/haoyu0512workout_whole_session_20260512_165723.csv,haoyu0512workout,db_rdl,2,4,159041,159562,159168,159264,0.1843
datasets/workout/haoyu0512workout/haoyu0512workout_whole_session_20260512_165723.csv,haoyu0512workout,db_rdl,2,5,159562,160037,159719,159869,0.3158
datasets/workout/haoyu0512workout/haoyu0512workout_whole_session_20260512_165723.csv,haoyu0512workout,db_rdl,2,6,160037,160486,160204,160312,0.2405
datasets/workout/haoyu0512workout/haoyu0512workout_whole_session_20260512_165723.csv,haoyu0512workout,db_rdl,2,7,160486,161050,160918,161034,0.2057
datasets/workout/haoyu0512workout/haoyu0512workout_whole_session_20260512_165723.csv,haoyu0512workout,db_rdl,2,8,161050,161527,161034,161150,0.2028
datasets/workout/haoyu0512workout/haoyu0512workout_whole_session_20260512_165723.csv,haoyu0512workout,db_rdl,2,9,161527,161981,161736,161839,0.2269
datasets/workout/haoyu0512workout/haoyu0512workout_whole_session_20260512_165723.csv,haoyu0512workout,db_rdl,2,10,161981,162418,162198,162359,0.3684
datasets/workout/haoyu0512workout/haoyu0512workout_whole_session_20260512_165723.csv,haoyu0512workout,db_rdl,2,11,162418,162782,162676,162782,0.2912
datasets/workout/haoyu0512workout/haoyu0512workout_whole_session_20260512_165723.csv,haoyu0512workout,db_weighted_crunch,0,0,180691,181149,181025,181121,0.2096
datasets/workout/haoyu0512workout/haoyu0512workout_whole_session_20260512_165723.csv,haoyu0512workout,db_weighted_crunch,0,1,181149,181483,181300,181409,0.3263
datasets/workout/haoyu0512workout/haoyu0512workout_whole_session_20260512_165723.csv,haoyu0512workout,db_weighted_crunch,0,2,181483,181797,181658,181737,0.2516
datasets/workout/haoyu0512workout/haoyu0512workout_whole_session_20260512_165723.csv,haoyu0512workout,db_weighted_crunch,0,3,181797,182177,181943,182021,0.2053
datasets/workout/haoyu0512workout/haoyu0512workout_whole_session_20260512_165723.csv,haoyu0512workout,db_weighted_crunch,0,4,182177,182472,182319,182455,0.461
datasets/workout/haoyu0512workout/haoyu0512workout_whole_session_20260512_165723.csv,haoyu0512workout,db_weighted_crunch,0,5,182472,182804,182719,182797,0.2349
datasets/workout/haoyu0512workout/haoyu0512workout_whole_session_20260512_165723.csv,haoyu0512workout,db_weighted_crunch,0,6,182804,183219,183069,183166,0.2337
datasets/workout/haoyu0512workout/haoyu0512workout_whole_session_20260512_165723.csv,haoyu0512workout,db_weighted_crunch,0,7,183219,183546,183467,183539,0.2202
datasets/workout/haoyu0512workout/haoyu0512workout_whole_session_20260512_165723.csv,haoyu0512workout,db_weighted_crunch,0,8,183546,183917,183617,183720,0.2776
datasets/workout/haoyu0512workout/haoyu0512workout_whole_session_20260512_165723.csv,haoyu0512workout,db_weighted_crunch,0,9,183917,184319,183981,184046,0.1617
datasets/workout/haoyu0512workout/haoyu0512workout_whole_session_20260512_165723.csv,haoyu0512workout,db_weighted_crunch,0,10,184319,184633,184486,184597,0.3535
datasets/workout/haoyu0512workout/haoyu0512workout_whole_session_20260512_165723.csv,haoyu0512workout,db_weighted_crunch,0,11,184633,184913,184802,184931,0.3725
datasets/workout/haoyu0512workout/haoyu0512workout_whole_session_20260512_165723.csv,haoyu0512workout,db_weighted_crunch,1,0,196014,196402,196296,196353,0.1469
datasets/workout/haoyu0512workout/haoyu0512workout_whole_session_20260512_165723.csv,haoyu0512workout,db_weighted_crunch,1,1,196402,196662,196514,196594,0.3077
datasets/workout/haoyu0512workout/haoyu0512workout_whole_session_20260512_165723.csv,haoyu0512workout,db_weighted_crunch,1,2,196662,197062,196874,196942,0.17
datasets/workout/haoyu0512workout/haoyu0512workout_whole_session_20260512_165723.csv,haoyu0512workout,db_weighted_crunch,1,3,197062,197428,197062,197142,0.2186
datasets/workout/haoyu0512workout/haoyu0512workout_whole_session_20260512_165723.csv,haoyu0512workout,db_weighted_crunch,1,4,197428,197765,197529,197622,0.276
datasets/workout/haoyu0512workout/haoyu0512workout_whole_session_20260512_165723.csv,haoyu0512workout,db_weighted_crunch,1,5,197765,198178,197795,197883,0.2131
datasets/workout/haoyu0512workout/haoyu0512workout_whole_session_20260512_165723.csv,haoyu0512workout,db_weighted_crunch,1,6,198178,198482,198404,198478,0.2434
datasets/workout/haoyu0512workout/haoyu0512workout_whole_session_20260512_165723.csv,haoyu0512workout,db_weighted_crunch,1,7,198482,198819,198701,198774,0.2166
datasets/workout/haoyu0512workout/haoyu0512workout_whole_session_20260512_165723.csv,haoyu0512workout,db_weighted_crunch,1,8,198819,199204,199119,199208,0.2185
datasets/workout/haoyu0512workout/haoyu0512workout_whole_session_20260512_165723.csv,haoyu0512workout,db_weighted_crunch,1,9,199204,199555,199208,199292,0.2393
datasets/workout/haoyu0512workout/haoyu0512workout_whole_session_20260512_165723.csv,haoyu0512workout,db_weighted_crunch,1,10,199555,199937,199776,199847,0.1859
datasets/workout/haoyu0512workout/haoyu0512workout_whole_session_20260512_165723.csv,haoyu0512workout,db_weighted_crunch,1,11,199937,200320,200112,200179,0.1749
datasets/workout/haoyu0512workout/haoyu0512workout_whole_session_20260512_165723.csv,haoyu0512workout,db_weighted_crunch,2,0,210453,210891,210542,210603,0.1393
datasets/workout/haoyu0512workout/haoyu0512workout_whole_session_20260512_165723.csv,haoyu0512workout,db_weighted_crunch,2,1,210891,211161,211012,211051,0.1444
datasets/workout/haoyu0512workout/haoyu0512workout_whole_session_20260512_165723.csv,haoyu0512workout,db_weighted_crunch,2,2,211161,211459,211300,211354,0.1812
datasets/workout/haoyu0512workout/haoyu0512workout_whole_session_20260512_165723.csv,haoyu0512workout,db_weighted_crunch,2,3,211459,211881,211554,211636,0.1943
datasets/workout/haoyu0512workout/haoyu0512workout_whole_session_20260512_165723.csv,haoyu0512workout,db_weighted_crunch,2,4,211881,212141,212068,212114,0.1769
datasets/workout/haoyu0512workout/haoyu0512workout_whole_session_20260512_165723.csv,haoyu0512workout,db_weighted_crunch,2,5,212141,212461,212287,212326,0.1219
datasets/workout/haoyu0512workout/haoyu0512workout_whole_session_20260512_165723.csv,haoyu0512workout,db_weighted_crunch,2,6,212461,212790,212582,212619,0.1125
datasets/workout/haoyu0512workout/haoyu0512workout_whole_session_20260512_165723.csv,haoyu0512workout,db_weighted_crunch,2,7,212790,213190,212934,212978,0.11
datasets/workout/haoyu0512workout/haoyu0512workout_whole_session_20260512_165723.csv,haoyu0512workout,db_weighted_crunch,2,8,213190,213495,213428,213486,0.1902
datasets/workout/haoyu0512workout/haoyu0512workout_whole_session_20260512_165723.csv,haoyu0512workout,db_weighted_crunch,2,9,213495,213829,213682,213747,0.1946
datasets/workout/haoyu0512workout/haoyu0512workout_whole_session_20260512_165723.csv,haoyu0512workout,db_weighted_crunch,2,10,213829,214149,213955,214000,0.1406
datasets/workout/haoyu0512workout/haoyu0512workout_whole_session_20260512_165723.csv,haoyu0512workout,db_weighted_crunch,2,11,214149,214473,214152,214198,0.142
datasets/workout/haoyu0512workout/haoyu0512workout_whole_session_20260512_165723.csv,haoyu0512workout,db_shoulder_press,0,0,246003,246572,246113,246263,0.2636
datasets/workout/haoyu0512workout/haoyu0512workout_whole_session_20260512_165723.csv,haoyu0512workout,db_shoulder_press,0,1,246572,246997,246814,246995,0.4259
datasets/workout/haoyu0512workout/haoyu0512workout_whole_session_20260512_165723.csv,haoyu0512workout,db_shoulder_press,0,2,246997,247443,246995,247209,0.4732
datasets/workout/haoyu0512workout/haoyu0512workout_whole_session_20260512_165723.csv,haoyu0512workout,db_shoulder_press,0,3,247443,247798,247585,247741,0.4394
datasets/workout/haoyu0512workout/haoyu0512workout_whole_session_20260512_165723.csv,haoyu0512workout,db_shoulder_press,0,4,247798,248278,248061,248251,0.3958
datasets/workout/haoyu0512workout/haoyu0512workout_whole_session_20260512_165723.csv,haoyu0512workout,db_shoulder_press,0,5,248278,248642,248437,248633,0.5385
datasets/workout/haoyu0512workout/haoyu0512workout_whole_session_20260512_165723.csv,haoyu0512workout,db_shoulder_press,0,6,248642,249059,248633,248797,0.3638
datasets/workout/haoyu0512workout/haoyu0512workout_whole_session_20260512_165723.csv,haoyu0512workout,db_shoulder_press,0,7,249059,249431,249213,249371,0.4247
datasets/workout/haoyu0512workout/haoyu0512workout_whole_session_20260512_165723.csv,haoyu0512workout,db_shoulder_press,0,8,249431,249744,249509,249613,0.3323
datasets/workout/haoyu0512workout/haoyu0512workout_whole_session_20260512_165723.csv,haoyu0512workout,db_shoulder_press,0,9,249744,250205,249989,250181,0.4165
datasets/workout/haoyu0512workout/haoyu0512workout_whole_session_20260512_165723.csv,haoyu0512workout,db_shoulder_press,0,10,250205,250562,250181,250367,0.4252
datasets/workout/haoyu0512workout/haoyu0512workout_whole_session_20260512_165723.csv,haoyu0512workout,db_shoulder_press,0,11,250562,250953,250764,250992,0.4395
datasets/workout/haoyu0512workout/haoyu0512workout_whole_session_20260512_165723.csv,haoyu0512workout,db_shoulder_press,1,0,264367,264637,264438,264584,0.5407
datasets/workout/haoyu0512workout/haoyu0512workout_whole_session_20260512_165723.csv,haoyu0512workout,db_shoulder_press,1,1,264637,264942,264747,264932,0.6066
datasets/workout/haoyu0512workout/haoyu0512workout_whole_session_20260512_165723.csv,haoyu0512workout,db_shoulder_press,1,2,264942,265364,264932,265122,0.4167
datasets/workout/haoyu0512workout/haoyu0512workout_whole_session_20260512_165723.csv,haoyu0512workout,db_shoulder_press,1,3,265364,265694,265516,265654,0.4182
datasets/workout/haoyu0512workout/haoyu0512workout_whole_session_20260512_165723.csv,haoyu0512workout,db_shoulder_press,1,4,265694,265987,265816,265951,0.4608
datasets/workout/haoyu0512workout/haoyu0512workout_whole_session_20260512_165723.csv,haoyu0512workout,db_shoulder_press,1,5,265987,266440,266236,266440,0.4503
datasets/workout/haoyu0512workout/haoyu0512workout_whole_session_20260512_165723.csv,haoyu0512workout,db_shoulder_press,1,6,266440,266813,266440,266626,0.4987
datasets/workout/haoyu0512workout/haoyu0512workout_whole_session_20260512_165723.csv,haoyu0512workout,db_shoulder_press,1,7,266813,267240,266848,267054,0.4824
datasets/workout/haoyu0512workout/haoyu0512workout_whole_session_20260512_165723.csv,haoyu0512workout,db_shoulder_press,1,8,267240,267622,267396,267522,0.3298
datasets/workout/haoyu0512workout/haoyu0512workout_whole_session_20260512_165723.csv,haoyu0512workout,db_shoulder_press,1,9,267622,268012,267803,267998,0.5
datasets/workout/haoyu0512workout/haoyu0512workout_whole_session_20260512_165723.csv,haoyu0512workout,db_shoulder_press,1,10,268012,268385,268190,268363,0.4638
datasets/workout/haoyu0512workout/haoyu0512workout_whole_session_20260512_165723.csv,haoyu0512workout,db_shoulder_press,1,11,268385,268739,268552,268734,0.5141
datasets/workout/haoyu0512workout/haoyu0512workout_whole_session_20260512_165723.csv,haoyu0512workout,db_shoulder_press,2,0,279757,280209,279644,279892,0.2389
datasets/workout/haoyu0512workout/haoyu0512workout_whole_session_20260512_165723.csv,haoyu0512workout,db_shoulder_press,2,1,280209,280572,280372,280452,0.2204
datasets/workout/haoyu0512workout/haoyu0512workout_whole_session_20260512_165723.csv,haoyu0512workout,db_shoulder_press,2,2,280572,281006,280806,280883,0.1774
datasets/workout/haoyu0512workout/haoyu0512workout_whole_session_20260512_165723.csv,haoyu0512workout,db_shoulder_press,2,3,281006,281385,281251,281344,0.2454
datasets/workout/haoyu0512workout/haoyu0512workout_whole_session_20260512_165723.csv,haoyu0512workout,db_shoulder_press,2,4,281385,281812,281604,281689,0.1991
datasets/workout/haoyu0512workout/haoyu0512workout_whole_session_20260512_165723.csv,haoyu0512workout,db_shoulder_press,2,5,281812,282291,282120,282285,0.3445
datasets/workout/haoyu0512workout/haoyu0512workout_whole_session_20260512_165723.csv,haoyu0512workout,db_shoulder_press,2,6,282291,282629,282392,282498,0.3136
datasets/workout/haoyu0512workout/haoyu0512workout_whole_session_20260512_165723.csv,haoyu0512workout,db_shoulder_press,2,7,282629,283105,282842,282951,0.229
datasets/workout/haoyu0512workout/haoyu0512workout_whole_session_20260512_165723.csv,haoyu0512workout,db_shoulder_press,2,8,283105,283661,283178,283314,0.2446
datasets/workout/haoyu0512workout/haoyu0512workout_whole_session_20260512_165723.csv,haoyu0512workout,db_shoulder_press,2,9,283661,284122,283990,284120,0.282
datasets/workout/haoyu0512workout/haoyu0512workout_whole_session_20260512_165723.csv,haoyu0512workout,db_shoulder_press,2,10,284122,284531,284120,284212,0.219
datasets/workout/haoyu0512workout/haoyu0512workout_whole_session_20260512_165723.csv,haoyu0512workout,db_shoulder_press,2,11,284531,284939,284553,284652,0.2426
datasets/workout/haoyu0512workout/haoyu0512workout_whole_session_20260512_165723.csv,haoyu0512workout,db_biceps_curl,0,0,297769,298268,297856,298133,0.5551
datasets/workout/haoyu0512workout/haoyu0512workout_whole_session_20260512_165723.csv,haoyu0512workout,db_biceps_curl,0,1,298268,298569,298400,298585,0.5331
datasets/workout/haoyu0512workout/haoyu0512workout_whole_session_20260512_165723.csv,haoyu0512workout,db_biceps_curl,0,2,298569,298978,298585,298847,0.6406
datasets/workout/haoyu0512workout/haoyu0512workout_whole_session_20260512_165723.csv,haoyu0512workout,db_biceps_curl,0,3,298978,299297,298847,299175,0.4378
datasets/workout/haoyu0512workout/haoyu0512workout_whole_session_20260512_165723.csv,haoyu0512workout,db_biceps_curl,0,4,299297,299576,299175,299457,0.399
datasets/workout/haoyu0512workout/haoyu0512workout_whole_session_20260512_165723.csv,haoyu0512workout,db_biceps_curl,0,5,299576,299978,299627,299835,0.5174
datasets/workout/haoyu0512workout/haoyu0512workout_whole_session_20260512_165723.csv,haoyu0512workout,db_biceps_curl,0,6,299978,300284,299835,300170,0.4276
datasets/workout/haoyu0512workout/haoyu0512workout_whole_session_20260512_165723.csv,haoyu0512workout,db_biceps_curl,0,7,300284,300614,300170,300491,0.4662
datasets/workout/haoyu0512workout/haoyu0512workout_whole_session_20260512_165723.csv,haoyu0512workout,db_biceps_curl,0,8,300614,300921,300491,300794,0.4186
datasets/workout/haoyu0512workout/haoyu0512workout_whole_session_20260512_165723.csv,haoyu0512workout,db_biceps_curl,0,9,300921,301271,300794,301127,0.4319
datasets/workout/haoyu0512workout/haoyu0512workout_whole_session_20260512_165723.csv,haoyu0512workout,db_biceps_curl,0,10,301271,301608,301127,301481,0.4366
datasets/workout/haoyu0512workout/haoyu0512workout_whole_session_20260512_165723.csv,haoyu0512workout,db_biceps_curl,0,11,301608,302173,301759,301912,0.2708
datasets/workout/haoyu0512workout/haoyu0512workout_whole_session_20260512_165723.csv,haoyu0512workout,db_biceps_curl,1,0,313227,313612,313132,313504,0.5771
datasets/workout/haoyu0512workout/haoyu0512workout_whole_session_20260512_165723.csv,haoyu0512workout,db_biceps_curl,1,1,313612,313930,313504,313828,0.507
datasets/workout/haoyu0512workout/haoyu0512workout_whole_session_20260512_165723.csv,haoyu0512workout,db_biceps_curl,1,2,313930,314265,313828,314168,0.5446
datasets/workout/haoyu0512workout/haoyu0512workout_whole_session_20260512_165723.csv,haoyu0512workout,db_biceps_curl,1,3,314265,314629,314168,314502,0.5141
datasets/workout/haoyu0512workout/haoyu0512workout_whole_session_20260512_165723.csv,haoyu0512workout,db_biceps_curl,1,4,314629,314989,314502,314858,0.4702
datasets/workout/haoyu0512workout/haoyu0512workout_whole_session_20260512_165723.csv,haoyu0512workout,db_biceps_curl,1,5,314989,315377,314858,315230,0.4644
datasets/workout/haoyu0512workout/haoyu0512workout_whole_session_20260512_165723.csv,haoyu0512workout,db_biceps_curl,1,6,315377,315736,315230,315591,0.4229
datasets/workout/haoyu0512workout/haoyu0512workout_whole_session_20260512_165723.csv,haoyu0512workout,db_biceps_curl,1,7,315736,316119,315591,315962,0.428
datasets/workout/haoyu0512workout/haoyu0512workout_whole_session_20260512_165723.csv,haoyu0512workout,db_biceps_curl,1,8,316119,316518,315962,316353,0.4209
datasets/workout/haoyu0512workout/haoyu0512workout_whole_session_20260512_165723.csv,haoyu0512workout,db_biceps_curl,1,9,316518,316891,316353,316742,0.4164
datasets/workout/haoyu0512workout/haoyu0512workout_whole_session_20260512_165723.csv,haoyu0512workout,db_biceps_curl,1,10,316891,317291,316742,317130,0.4353
datasets/workout/haoyu0512workout/haoyu0512workout_whole_session_20260512_165723.csv,haoyu0512workout,db_biceps_curl,1,11,317291,317714,317130,317575,0.4863
datasets/workout/haoyu0512workout/haoyu0512workout_whole_session_20260512_165723.csv,haoyu0512workout,db_biceps_curl,2,0,336367,337025,336145,339422,0.2008
datasets/workout/haoyu0512workout/haoyu0512workout_whole_session_20260512_165723.csv,haoyu0512workout,db_biceps_curl,3,0,339520,339882,339574,339646,0.1989
datasets/workout/haoyu0512workout/haoyu0512workout_whole_session_20260512_165723.csv,haoyu0512workout,db_biceps_curl,3,1,339882,340241,340194,340261,0.124
datasets/workout/haoyu0512workout/haoyu0512workout_whole_session_20260512_165723.csv,haoyu0512workout,db_biceps_curl,3,2,340241,340597,340396,340455,0.1657
datasets/workout/haoyu0512workout/haoyu0512workout_whole_session_20260512_165723.csv,haoyu0512workout,db_biceps_curl,3,3,340597,340950,340597,340647,0.1416
datasets/workout/haoyu0512workout/haoyu0512workout_whole_session_20260512_165723.csv,haoyu0512workout,db_biceps_curl,3,4,340950,341334,341233,341306,0.1901
datasets/workout/haoyu0512workout/haoyu0512workout_whole_session_20260512_165723.csv,haoyu0512workout,db_biceps_curl,3,5,341334,341697,341306,341378,0.1125
datasets/workout/haoyu0512workout/haoyu0512workout_whole_session_20260512_165723.csv,haoyu0512workout,db_biceps_curl,3,6,341697,342071,341820,341882,0.1658
datasets/workout/haoyu0512workout/haoyu0512workout_whole_session_20260512_165723.csv,haoyu0512workout,db_biceps_curl,3,7,342071,342435,342113,342165,0.1429
datasets/workout/haoyu0512workout/haoyu0512workout_whole_session_20260512_165723.csv,haoyu0512workout,db_biceps_curl,3,8,342435,342816,342588,342666,0.2047
datasets/workout/haoyu0512workout/haoyu0512workout_whole_session_20260512_165723.csv,haoyu0512workout,db_biceps_curl,3,9,342816,343225,342838,342895,0.1394
datasets/workout/haoyu0512workout/haoyu0512workout_whole_session_20260512_165723.csv,haoyu0512workout,db_biceps_curl,3,10,343225,343626,343279,343344,0.1621
datasets/workout/haoyu0512workout/haoyu0512workout_whole_session_20260512_165723.csv,haoyu0512workout,db_biceps_curl,3,11,343626,344004,343821,343887,0.1746
datasets/workout/haoyu0512workout/haoyu0512workout_whole_session_20260512_165723.csv,haoyu0512workout,db_triceps_curl,0,0,374608,374877,374760,374892,0.412
datasets/workout/haoyu0512workout/haoyu0512workout_whole_session_20260512_165723.csv,haoyu0512workout,db_triceps_curl,0,1,374877,375250,374892,375040,0.3968
datasets/workout/haoyu0512workout/haoyu0512workout_whole_session_20260512_165723.csv,haoyu0512workout,db_triceps_curl,0,2,375250,375703,375301,375456,0.3422
datasets/workout/haoyu0512workout/haoyu0512workout_whole_session_20260512_165723.csv,haoyu0512workout,db_triceps_curl,0,3,375703,376067,375898,375982,0.2308
datasets/workout/haoyu0512workout/haoyu0512workout_whole_session_20260512_165723.csv,haoyu0512workout,db_triceps_curl,0,4,376067,376509,376113,376296,0.414
datasets/workout/haoyu0512workout/haoyu0512workout_whole_session_20260512_165723.csv,haoyu0512workout,db_triceps_curl,0,5,376509,376929,376542,376704,0.3857
datasets/workout/haoyu0512workout/haoyu0512workout_whole_session_20260512_165723.csv,haoyu0512workout,db_triceps_curl,0,6,376929,377381,376940,377051,0.2456
datasets/workout/haoyu0512workout/haoyu0512workout_whole_session_20260512_165723.csv,haoyu0512workout,db_triceps_curl,0,7,377381,377809,377556,377693,0.3201
datasets/workout/haoyu0512workout/haoyu0512workout_whole_session_20260512_165723.csv,haoyu0512workout,db_triceps_curl,0,8,377809,378218,377902,378014,0.2738
datasets/workout/haoyu0512workout/haoyu0512workout_whole_session_20260512_165723.csv,haoyu0512workout,db_triceps_curl,0,9,378218,378645,378342,378487,0.3396
datasets/workout/haoyu0512workout/haoyu0512workout_whole_session_20260512_165723.csv,haoyu0512workout,db_triceps_curl,0,10,378645,379087,378795,378945,0.3394
datasets/workout/haoyu0512workout/haoyu0512workout_whole_session_20260512_165723.csv,haoyu0512workout,db_triceps_curl,0,11,379087,379459,379356,379443,0.2339
datasets/workout/haoyu0512workout/haoyu0512workout_whole_session_20260512_165723.csv,haoyu0512workout,db_triceps_curl,1,0,386605,386925,386851,386960,0.2085
datasets/workout/haoyu0512workout/haoyu0512workout_whole_session_20260512_165723.csv,haoyu0512workout,db_triceps_curl,1,1,386925,387307,386960,387144,0.4817
datasets/workout/haoyu0512workout/haoyu0512workout_whole_session_20260512_165723.csv,haoyu0512workout,db_triceps_curl,1,2,387307,387741,387307,387457,0.3456
datasets/workout/haoyu0512workout/haoyu0512workout_whole_session_20260512_165723.csv,haoyu0512workout,db_triceps_curl,1,3,387741,388174,387803,387887,0.194
datasets/workout/haoyu0512workout/haoyu0512workout_whole_session_20260512_165723.csv,haoyu0512workout,db_triceps_curl,1,4,388174,388578,388235,388395,0.396
datasets/workout/haoyu0512workout/haoyu0512workout_whole_session_20260512_165723.csv,haoyu0512workout,db_triceps_curl,1,5,388578,388960,388797,388927,0.3403
datasets/workout/haoyu0512workout/haoyu0512workout_whole_session_20260512_165723.csv,haoyu0512workout,db_triceps_curl,1,6,388960,389377,389076,389200,0.2974
datasets/workout/haoyu0512workout/haoyu0512workout_whole_session_20260512_165723.csv,haoyu0512workout,db_triceps_curl,1,7,389377,389802,389508,389609,0.2376
datasets/workout/haoyu0512workout/haoyu0512workout_whole_session_20260512_165723.csv,haoyu0512workout,db_triceps_curl,1,8,389802,390160,389869,389972,0.2877
datasets/workout/haoyu0512workout/haoyu0512workout_whole_session_20260512_165723.csv,haoyu0512workout,db_triceps_curl,1,9,390160,390538,390251,390410,0.4206
datasets/workout/haoyu0512workout/haoyu0512workout_whole_session_20260512_165723.csv,haoyu0512workout,db_triceps_curl,1,10,390538,390932,390645,390757,0.2843
datasets/workout/haoyu0512workout/haoyu0512workout_whole_session_20260512_165723.csv,haoyu0512workout,db_triceps_curl,1,11,390932,391293,390970,391135,0.4571
datasets/workout/haoyu0512workout/haoyu0512workout_whole_session_20260512_165723.csv,haoyu0512workout,db_triceps_curl,2,0,400511,400768,400572,400752,0.7004
datasets/workout/haoyu0512workout/haoyu0512workout_whole_session_20260512_165723.csv,haoyu0512workout,db_triceps_curl,2,1,400768,401110,400752,401091,0.9022
datasets/workout/haoyu0512workout/haoyu0512workout_whole_session_20260512_165723.csv,haoyu0512workout,db_triceps_curl,2,2,401110,401514,401091,401446,0.7943
datasets/workout/haoyu0512workout/haoyu0512workout_whole_session_20260512_165723.csv,haoyu0512workout,db_triceps_curl,2,3,401514,401870,401446,401788,0.6462
datasets/workout/haoyu0512workout/haoyu0512workout_whole_session_20260512_165723.csv,haoyu0512workout,db_triceps_curl,2,4,401870,402228,401788,402148,0.6318
datasets/workout/haoyu0512workout/haoyu0512workout_whole_session_20260512_165723.csv,haoyu0512workout,db_triceps_curl,2,5,402228,402609,402148,402510,0.6117
datasets/workout/haoyu0512workout/haoyu0512workout_whole_session_20260512_165723.csv,haoyu0512workout,db_triceps_curl,2,6,402609,402998,402510,402910,0.6168
datasets/workout/haoyu0512workout/haoyu0512workout_whole_session_20260512_165723.csv,haoyu0512workout,db_triceps_curl,2,7,402998,403337,402910,403282,0.6651
datasets/workout/haoyu0512workout/haoyu0512workout_whole_session_20260512_165723.csv,haoyu0512workout,db_triceps_curl,2,8,403337,403704,403282,403482,0.3436
datasets/workout/haoyu0512workout/haoyu0512workout_whole_session_20260512_165723.csv,haoyu0512workout,db_triceps_curl,2,9,403704,404110,403755,403998,0.5985
datasets/workout/haoyu0512workout/haoyu0512workout_whole_session_20260512_165723.csv,haoyu0512workout,db_triceps_curl,2,10,404110,404464,404234,404442,0.5876
datasets/workout/haoyu0512workout/haoyu0512workout_whole_session_20260512_165723.csv,haoyu0512workout,db_triceps_curl,2,11,404464,404826,404442,404698,0.6094
datasets/workout/haoyu0512workout/haoyu0512workout_whole_session_20260512_165723.csv,haoyu0512workout,db_squat,0,0,422448,422737,422380,422604,0.437
datasets/workout/haoyu0512workout/haoyu0512workout_whole_session_20260512_165723.csv,haoyu0512workout,db_squat,0,1,422737,423088,422768,422893,0.3561
datasets/workout/haoyu0512workout/haoyu0512workout_whole_session_20260512_165723.csv,haoyu0512workout,db_squat,0,2,423088,423433,423061,423390,0.8118
datasets/workout/haoyu0512workout/haoyu0512workout_whole_session_20260512_165723.csv,haoyu0512workout,db_squat,0,3,423433,423785,423390,423722,0.7316
datasets/workout/haoyu0512workout/haoyu0512workout_whole_session_20260512_165723.csv,haoyu0512workout,db_squat,0,4,423785,424180,423862,424053,0.4835
datasets/workout/haoyu0512workout/haoyu0512workout_whole_session_20260512_165723.csv,haoyu0512workout,db_squat,0,5,424180,424590,424304,424468,0.4
datasets/workout/haoyu0512workout/haoyu0512workout_whole_session_20260512_165723.csv,haoyu0512workout,db_squat,0,6,424590,424980,424632,424837,0.5256
datasets/workout/haoyu0512workout/haoyu0512workout_whole_session_20260512_165723.csv,haoyu0512workout,db_squat,0,7,424980,425371,424996,425123,0.3248
datasets/workout/haoyu0512workout/haoyu0512workout_whole_session_20260512_165723.csv,haoyu0512workout,db_squat,0,8,425371,425726,425564,425724,0.4507
datasets/workout/haoyu0512workout/haoyu0512workout_whole_session_20260512_165723.csv,haoyu0512workout,db_squat,0,9,425726,426138,425724,425950,0.5411
datasets/workout/haoyu0512workout/haoyu0512workout_whole_session_20260512_165723.csv,haoyu0512workout,db_squat,0,10,426138,426555,426268,426560,0.6801
datasets/workout/haoyu0512workout/haoyu0512workout_whole_session_20260512_165723.csv,haoyu0512workout,db_squat,0,11,426555,426891,426560,426706,0.4345
datasets/workout/haoyu0512workout/haoyu0512workout_whole_session_20260512_165723.csv,haoyu0512workout,db_squat,1,0,438166,438485,438279,438417,0.4326
datasets/workout/haoyu0512workout/haoyu0512workout_whole_session_20260512_165723.csv,haoyu0512workout,db_squat,1,1,438485,438773,438417,438628,0.4017
datasets/workout/haoyu0512workout/haoyu0512workout_whole_session_20260512_165723.csv,haoyu0512workout,db_squat,1,2,438773,439087,438628,439013,0.5229
datasets/workout/haoyu0512workout/haoyu0512workout_whole_session_20260512_165723.csv,haoyu0512workout,db_squat,1,3,439087,439410,439013,439385,0.7506
datasets/workout/haoyu0512workout/haoyu0512workout_whole_session_20260512_165723.csv,haoyu0512workout,db_squat,1,4,439410,439713,439385,439575,0.503
datasets/workout/haoyu0512workout/haoyu0512workout_whole_session_20260512_165723.csv,haoyu0512workout,db_squat,1,5,439713,440058,439832,440039,0.6
datasets/workout/haoyu0512workout/haoyu0512workout_whole_session_20260512_165723.csv,haoyu0512workout,db_squat,1,6,440058,440387,440039,440325,0.7672
datasets/workout/haoyu0512workout/haoyu0512workout_whole_session_20260512_165723.csv,haoyu0512workout,db_squat,1,7,440387,440717,440325,440729,0.8168
datasets/workout/haoyu0512workout/haoyu0512workout_whole_session_20260512_165723.csv,haoyu0512workout,db_squat,1,8,440717,441044,440729,441049,0.9488
datasets/workout/haoyu0512workout/haoyu0512workout_whole_session_20260512_165723.csv,haoyu0512workout,db_squat,1,9,441044,441334,441049,441246,0.6793
datasets/workout/haoyu0512workout/haoyu0512workout_whole_session_20260512_165723.csv,haoyu0512workout,db_squat,1,10,441334,441661,441477,441750,0.4423
datasets/workout/haoyu0512workout/haoyu0512workout_whole_session_20260512_165723.csv,haoyu0512workout,db_squat,1,11,441661,441973,441750,441974,0.7125
datasets/workout/haoyu0512workout/haoyu0512workout_whole_session_20260512_165723.csv,haoyu0512workout,db_squat,2,0,452861,453106,452799,452937,0.2476
datasets/workout/haoyu0512workout/haoyu0512workout_whole_session_20260512_165723.csv,haoyu0512workout,db_squat,2,1,453106,453399,453107,453148,0.1399
datasets/workout/haoyu0512workout/haoyu0512workout_whole_session_20260512_165723.csv,haoyu0512workout,db_squat,2,2,453399,453670,453431,453509,0.2878
datasets/workout/haoyu0512workout/haoyu0512workout_whole_session_20260512_165723.csv,haoyu0512workout,db_squat,2,3,453670,453990,453700,453784,0.2625
datasets/workout/haoyu0512workout/haoyu0512workout_whole_session_20260512_165723.csv,haoyu0512workout,db_squat,2,4,453990,454292,454009,454071,0.2053
datasets/workout/haoyu0512workout/haoyu0512workout_whole_session_20260512_165723.csv,haoyu0512workout,db_squat,2,5,454292,454577,454325,454395,0.2456
datasets/workout/haoyu0512workout/haoyu0512workout_whole_session_20260512_165723.csv,haoyu0512workout,db_squat,2,6,454577,454843,454610,454679,0.2594
datasets/workout/haoyu0512workout/haoyu0512workout_whole_session_20260512_165723.csv,haoyu0512workout,db_squat,2,7,454843,455145,454857,454913,0.1854
datasets/workout/haoyu0512workout/haoyu0512workout_whole_session_20260512_165723.csv,haoyu0512workout,db_squat,2,8,455145,455436,455223,455325,0.3505
datasets/workout/haoyu0512workout/haoyu0512workout_whole_session_20260512_165723.csv,haoyu0512workout,db_squat,2,9,455436,455696,455627,455685,0.2231
datasets/workout/haoyu0512workout/haoyu0512workout_whole_session_20260512_165723.csv,haoyu0512workout,db_squat,2,10,455696,455973,455685,455750,0.1875
datasets/workout/haoyu0512workout/haoyu0512workout_whole_session_20260512_165723.csv,haoyu0512workout,db_squat,2,11,455973,456244,456113,456167,0.1993
datasets/workout/hsianshun0514workout/hsianshun0514workout_whole_session_20260514_145843.csv,hsianshun0514workout,db_bench_press,0,0,107,505,0,238,0.2594
datasets/workout/hsianshun0514workout/hsianshun0514workout_whole_session_20260514_145843.csv,hsianshun0514workout,db_bench_press,0,1,505,959,506,582,0.1674
datasets/workout/hsianshun0514workout/hsianshun0514workout_whole_session_20260514_145843.csv,hsianshun0514workout,db_bench_press,0,2,959,1396,1296,1426,0.2141
datasets/workout/hsianshun0514workout/hsianshun0514workout_whole_session_20260514_145843.csv,hsianshun0514workout,db_bench_press,0,3,1396,1846,1426,1538,0.2489
datasets/workout/hsianshun0514workout/hsianshun0514workout_whole_session_20260514_145843.csv,hsianshun0514workout,db_bench_press,0,4,1846,2270,1935,2045,0.2594
datasets/workout/hsianshun0514workout/hsianshun0514workout_whole_session_20260514_145843.csv,hsianshun0514workout,db_bench_press,0,5,2270,2702,2344,2442,0.2269
datasets/workout/hsianshun0514workout/hsianshun0514workout_whole_session_20260514_145843.csv,hsianshun0514workout,db_bench_press,0,6,2702,3162,2774,2868,0.2043
datasets/workout/hsianshun0514workout/hsianshun0514workout_whole_session_20260514_145843.csv,hsianshun0514workout,db_bench_press,0,7,3162,3644,3197,3282,0.1763
datasets/workout/hsianshun0514workout/hsianshun0514workout_whole_session_20260514_145843.csv,hsianshun0514workout,db_bench_press,0,8,3644,4177,3726,3820,0.1764
datasets/workout/hsianshun0514workout/hsianshun0514workout_whole_session_20260514_145843.csv,hsianshun0514workout,db_bench_press,0,9,4177,4702,4606,4722,0.1761
datasets/workout/hsianshun0514workout/hsianshun0514workout_whole_session_20260514_145843.csv,hsianshun0514workout,db_bench_press,0,10,4702,5188,4722,4832,0.2263
datasets/workout/hsianshun0514workout/hsianshun0514workout_whole_session_20260514_145843.csv,hsianshun0514workout,db_bench_press,0,11,5188,5552,5186,5299,0.3033
datasets/workout/hsianshun0514workout/hsianshun0514workout_whole_session_20260514_145843.csv,hsianshun0514workout,db_bench_press,1,0,13367,13730,13424,13557,0.3664
datasets/workout/hsianshun0514workout/hsianshun0514workout_whole_session_20260514_145843.csv,hsianshun0514workout,db_bench_press,1,1,13730,14362,13824,13994,0.269
datasets/workout/hsianshun0514workout/hsianshun0514workout_whole_session_20260514_145843.csv,hsianshun0514workout,db_bench_press,1,2,14362,14837,14571,14678,0.2253
datasets/workout/hsianshun0514workout/hsianshun0514workout_whole_session_20260514_145843.csv,hsianshun0514workout,db_bench_press,1,3,14837,15258,14926,15107,0.4299
datasets/workout/hsianshun0514workout/hsianshun0514workout_whole_session_20260514_145843.csv,hsianshun0514workout,db_bench_press,1,4,15258,15710,15300,15462,0.3584
datasets/workout/hsianshun0514workout/hsianshun0514workout_whole_session_20260514_145843.csv,hsianshun0514workout,db_bench_press,1,5,15710,16113,15998,16143,0.2656
datasets/workout/hsianshun0514workout/hsianshun0514workout_whole_session_20260514_145843.csv,hsianshun0514workout,db_bench_press,1,6,16113,16593,16143,16335,0.4
datasets/workout/hsianshun0514workout/hsianshun0514workout_whole_session_20260514_145843.csv,hsianshun0514workout,db_bench_press,1,7,16593,17054,16586,16802,0.4466
datasets/workout/hsianshun0514workout/hsianshun0514workout_whole_session_20260514_145843.csv,hsianshun0514workout,db_bench_press,1,8,17054,17517,17064,17252,0.406
datasets/workout/hsianshun0514workout/hsianshun0514workout_whole_session_20260514_145843.csv,hsianshun0514workout,db_bench_press,1,9,17517,17994,17551,17710,0.3333
datasets/workout/hsianshun0514workout/hsianshun0514workout_whole_session_20260514_145843.csv,hsianshun0514workout,db_bench_press,1,10,17994,18449,17978,18130,0.2887
datasets/workout/hsianshun0514workout/hsianshun0514workout_whole_session_20260514_145843.csv,hsianshun0514workout,db_bench_press,1,11,18449,18859,18495,18668,0.422
datasets/workout/hsianshun0514workout/hsianshun0514workout_whole_session_20260514_145843.csv,hsianshun0514workout,db_bench_press,2,0,25489,25862,25680,25784,0.2788
datasets/workout/hsianshun0514workout/hsianshun0514workout_whole_session_20260514_145843.csv,hsianshun0514workout,db_bench_press,2,1,25862,26306,25876,25972,0.2162
datasets/workout/hsianshun0514workout/hsianshun0514workout_whole_session_20260514_145843.csv,hsianshun0514workout,db_bench_press,2,2,26306,26694,26410,26500,0.232
datasets/workout/hsianshun0514workout/hsianshun0514workout_whole_session_20260514_145843.csv,hsianshun0514workout,db_bench_press,2,3,26694,27140,27014,27138,0.278
datasets/workout/hsianshun0514workout/hsianshun0514workout_whole_session_20260514_145843.csv,hsianshun0514workout,db_bench_press,2,4,27140,27621,27319,27448,0.2682
datasets/workout/hsianshun0514workout/hsianshun0514workout_whole_session_20260514_145843.csv,hsianshun0514workout,db_bench_press,2,5,27621,28011,27708,27792,0.2154
datasets/workout/hsianshun0514workout/hsianshun0514workout_whole_session_20260514_145843.csv,hsianshun0514workout,db_bench_press,2,6,28011,28440,28158,28240,0.1911
datasets/workout/hsianshun0514workout/hsianshun0514workout_whole_session_20260514_145843.csv,hsianshun0514workout,db_bench_press,2,7,28440,28907,28496,28612,0.2484
datasets/workout/hsianshun0514workout/hsianshun0514workout_whole_session_20260514_145843.csv,hsianshun0514workout,db_bench_press,2,8,28907,29389,28981,29090,0.2261
datasets/workout/hsianshun0514workout/hsianshun0514workout_whole_session_20260514_145843.csv,hsianshun0514workout,db_bench_press,2,9,29389,29906,29446,29548,0.1973
datasets/workout/hsianshun0514workout/hsianshun0514workout_whole_session_20260514_145843.csv,hsianshun0514workout,db_bench_press,2,10,29906,30386,29926,30037,0.2313
datasets/workout/hsianshun0514workout/hsianshun0514workout_whole_session_20260514_145843.csv,hsianshun0514workout,db_bench_press,2,11,30386,30740,30387,30504,0.3305
datasets/workout/hsianshun0514workout/hsianshun0514workout_whole_session_20260514_145843.csv,hsianshun0514workout,one_arm_db_row,0,0,43208,43529,43120,43511,0.7408
datasets/workout/hsianshun0514workout/hsianshun0514workout_whole_session_20260514_145843.csv,hsianshun0514workout,one_arm_db_row,0,1,43529,43800,43511,43776,0.8547
datasets/workout/hsianshun0514workout/hsianshun0514workout_whole_session_20260514_145843.csv,hsianshun0514workout,one_arm_db_row,0,2,43800,44116,43776,43986,0.5471
datasets/workout/hsianshun0514workout/hsianshun0514workout_whole_session_20260514_145843.csv,hsianshun0514workout,one_arm_db_row,0,3,44116,44424,44148,44319,0.5552
datasets/workout/hsianshun0514workout/hsianshun0514workout_whole_session_20260514_145843.csv,hsianshun0514workout,one_arm_db_row,0,4,44424,44702,44453,44583,0.4676
datasets/workout/hsianshun0514workout/hsianshun0514workout_whole_session_20260514_145843.csv,hsianshun0514workout,one_arm_db_row,0,5,44702,44991,44734,44884,0.519
datasets/workout/hsianshun0514workout/hsianshun0514workout_whole_session_20260514_145843.csv,hsianshun0514workout,one_arm_db_row,0,6,44991,45332,45028,45194,0.4868
datasets/workout/hsianshun0514workout/hsianshun0514workout_whole_session_20260514_145843.csv,hsianshun0514workout,one_arm_db_row,0,7,45332,45694,45531,45704,0.4382
datasets/workout/hsianshun0514workout/hsianshun0514workout_whole_session_20260514_145843.csv,hsianshun0514workout,one_arm_db_row,0,8,45694,46029,45704,45878,0.5194
datasets/workout/hsianshun0514workout/hsianshun0514workout_whole_session_20260514_145843.csv,hsianshun0514workout,one_arm_db_row,0,9,46029,46373,46039,46166,0.3692
datasets/workout/hsianshun0514workout/hsianshun0514workout_whole_session_20260514_145843.csv,hsianshun0514workout,one_arm_db_row,0,10,46373,46690,46408,46570,0.511
datasets/workout/hsianshun0514workout/hsianshun0514workout_whole_session_20260514_145843.csv,hsianshun0514workout,one_arm_db_row,0,11,46690,46964,46738,46904,0.6058
datasets/workout/hsianshun0514workout/hsianshun0514workout_whole_session_20260514_145843.csv,hsianshun0514workout,one_arm_db_row,1,0,55172,55436,55271,55376,0.3977
datasets/workout/hsianshun0514workout/hsianshun0514workout_whole_session_20260514_145843.csv,hsianshun0514workout,one_arm_db_row,1,1,55436,55631,55478,55604,0.6462
datasets/workout/hsianshun0514workout/hsianshun0514workout_whole_session_20260514_145843.csv,hsianshun0514workout,one_arm_db_row,1,2,55631,55897,55751,55862,0.4173
datasets/workout/hsianshun0514workout/hsianshun0514workout_whole_session_20260514_145843.csv,hsianshun0514workout,one_arm_db_row,1,3,55897,56167,56010,56124,0.4222
datasets/workout/hsianshun0514workout/hsianshun0514workout_whole_session_20260514_145843.csv,hsianshun0514workout,one_arm_db_row,1,4,56167,56414,56244,56372,0.5182
datasets/workout/hsianshun0514workout/hsianshun0514workout_whole_session_20260514_145843.csv,hsianshun0514workout,one_arm_db_row,1,5,56414,56678,56519,56636,0.4432
datasets/workout/hsianshun0514workout/hsianshun0514workout_whole_session_20260514_145843.csv,hsianshun0514workout,one_arm_db_row,1,6,56678,56953,56854,56930,0.2764
datasets/workout/hsianshun0514workout/hsianshun0514workout_whole_session_20260514_145843.csv,hsianshun0514workout,one_arm_db_row,1,7,56953,57240,57095,57210,0.4007
datasets/workout/hsianshun0514workout/hsianshun0514workout_whole_session_20260514_145843.csv,hsianshun0514workout,one_arm_db_row,1,8,57240,57534,57378,57492,0.3878
datasets/workout/hsianshun0514workout/hsianshun0514workout_whole_session_20260514_145843.csv,hsianshun0514workout,one_arm_db_row,1,9,57534,57828,57720,57840,0.3529
datasets/workout/hsianshun0514workout/hsianshun0514workout_whole_session_20260514_145843.csv,hsianshun0514workout,one_arm_db_row,1,10,57828,58128,57840,57973,0.4433
datasets/workout/hsianshun0514workout/hsianshun0514workout_whole_session_20260514_145843.csv,hsianshun0514workout,one_arm_db_row,1,11,58128,58391,58274,58384,0.4183
datasets/workout/hsianshun0514workout/hsianshun0514workout_whole_session_20260514_145843.csv,hsianshun0514workout,one_arm_db_row,2,0,64750,64978,64794,64960,0.7281
datasets/workout/hsianshun0514workout/hsianshun0514workout_whole_session_20260514_145843.csv,hsianshun0514workout,one_arm_db_row,2,1,64978,65222,65083,65205,0.5
datasets/workout/hsianshun0514workout/hsianshun0514workout_whole_session_20260514_145843.csv,hsianshun0514workout,one_arm_db_row,2,2,65222,65474,65326,65504,0.5248
datasets/workout/hsianshun0514workout/hsianshun0514workout_whole_session_20260514_145843.csv,hsianshun0514workout,one_arm_db_row,2,3,65474,65706,65504,65680,0.7586
datasets/workout/hsianshun0514workout/hsianshun0514workout_whole_session_20260514_145843.csv,hsianshun0514workout,one_arm_db_row,2,4,65706,65961,65830,65952,0.4784
datasets/workout/hsianshun0514workout/hsianshun0514workout_whole_session_20260514_145843.csv,hsianshun0514workout,one_arm_db_row,2,5,65961,66198,66074,66191,0.4937
datasets/workout/hsianshun0514workout/hsianshun0514workout_whole_session_20260514_145843.csv,hsianshun0514workout,one_arm_db_row,2,6,66198,66430,66191,66306,0.4519
datasets/workout/hsianshun0514workout/hsianshun0514workout_whole_session_20260514_145843.csv,hsianshun0514workout,one_arm_db_row,2,7,66430,66654,66496,66686,0.6172
datasets/workout/hsianshun0514workout/hsianshun0514workout_whole_session_20260514_145843.csv,hsianshun0514workout,one_arm_db_row,2,8,66654,66926,66686,66948,0.8163
datasets/workout/hsianshun0514workout/hsianshun0514workout_whole_session_20260514_145843.csv,hsianshun0514workout,one_arm_db_row,2,9,66926,67176,66948,67176,0.912
datasets/workout/hsianshun0514workout/hsianshun0514workout_whole_session_20260514_145843.csv,hsianshun0514workout,one_arm_db_row,2,10,67176,67431,67176,67303,0.498
datasets/workout/hsianshun0514workout/hsianshun0514workout_whole_session_20260514_145843.csv,hsianshun0514workout,one_arm_db_row,2,11,67431,67663,67402,67502,0.272
datasets/workout/hsianshun0514workout/hsianshun0514workout_whole_session_20260514_145843.csv,hsianshun0514workout,one_arm_db_row,3,0,74827,75040,74844,74936,0.4319
datasets/workout/hsianshun0514workout/hsianshun0514workout_whole_session_20260514_145843.csv,hsianshun0514workout,one_arm_db_row,3,1,75040,75271,75085,75183,0.4242
datasets/workout/hsianshun0514workout/hsianshun0514workout_whole_session_20260514_145843.csv,hsianshun0514workout,one_arm_db_row,3,2,75271,75500,75395,75461,0.2882
datasets/workout/hsianshun0514workout/hsianshun0514workout_whole_session_20260514_145843.csv,hsianshun0514workout,one_arm_db_row,3,3,75500,75724,75551,75650,0.442
datasets/workout/hsianshun0514workout/hsianshun0514workout_whole_session_20260514_145843.csv,hsianshun0514workout,one_arm_db_row,3,4,75724,75952,75781,75869,0.386
datasets/workout/hsianshun0514workout/hsianshun0514workout_whole_session_20260514_145843.csv,hsianshun0514workout,one_arm_db_row,3,5,75952,76204,76049,76123,0.2937
datasets/workout/hsianshun0514workout/hsianshun0514workout_whole_session_20260514_145843.csv,hsianshun0514workout,one_arm_db_row,3,6,76204,76415,76257,76363,0.5024
datasets/workout/hsianshun0514workout/hsianshun0514workout_whole_session_20260514_145843.csv,hsianshun0514workout,one_arm_db_row,3,7,76415,76648,76499,76606,0.4592
datasets/workout/hsianshun0514workout/hsianshun0514workout_whole_session_20260514_145843.csv,hsianshun0514workout,one_arm_db_row,3,8,76648,76886,76726,76829,0.4328
datasets/workout/hsianshun0514workout/hsianshun0514workout_whole_session_20260514_145843.csv,hsianshun0514workout,one_arm_db_row,3,9,76886,77109,77039,77096,0.2556
datasets/workout/hsianshun0514workout/hsianshun0514workout_whole_session_20260514_145843.csv,hsianshun0514workout,one_arm_db_row,3,10,77109,77342,77179,77301,0.5236
datasets/workout/hsianshun0514workout/hsianshun0514workout_whole_session_20260514_145843.csv,hsianshun0514workout,one_arm_db_row,3,11,77342,77617,77539,77617,0.2836
datasets/workout/hsianshun0514workout/hsianshun0514workout_whole_session_20260514_145843.csv,hsianshun0514workout,db_rdl,0,0,112110,112494,112178,112246,0.1771
datasets/workout/hsianshun0514workout/hsianshun0514workout_whole_session_20260514_145843.csv,hsianshun0514workout,db_rdl,0,1,112494,112802,112514,112643,0.4188
datasets/workout/hsianshun0514workout/hsianshun0514workout_whole_session_20260514_145843.csv,hsianshun0514workout,db_rdl,0,2,112802,113181,112882,112965,0.219
datasets/workout/hsianshun0514workout/hsianshun0514workout_whole_session_20260514_145843.csv,hsianshun0514workout,db_rdl,0,3,113181,113462,113168,113304,0.4184
datasets/workout/hsianshun0514workout/hsianshun0514workout_whole_session_20260514_145843.csv,hsianshun0514workout,db_rdl,0,4,113462,113862,113546,113624,0.195
datasets/workout/hsianshun0514workout/hsianshun0514workout_whole_session_20260514_145843.csv,hsianshun0514workout,db_rdl,0,5,113862,114178,113994,114088,0.2975
datasets/workout/hsianshun0514workout/hsianshun0514workout_whole_session_20260514_145843.csv,hsianshun0514workout,db_rdl,0,6,114178,114536,114352,114448,0.2682
datasets/workout/hsianshun0514workout/hsianshun0514workout_whole_session_20260514_145843.csv,hsianshun0514workout,db_rdl,0,7,114536,114866,114723,114824,0.3061
datasets/workout/hsianshun0514workout/hsianshun0514workout_whole_session_20260514_145843.csv,hsianshun0514workout,db_rdl,0,8,114866,115190,114924,114996,0.2222
datasets/workout/hsianshun0514workout/hsianshun0514workout_whole_session_20260514_145843.csv,hsianshun0514workout,db_rdl,0,9,115190,115603,115473,115596,0.2978
datasets/workout/hsianshun0514workout/hsianshun0514workout_whole_session_20260514_145843.csv,hsianshun0514workout,db_rdl,0,10,115603,115959,115834,115958,0.3483
datasets/workout/hsianshun0514workout/hsianshun0514workout_whole_session_20260514_145843.csv,hsianshun0514workout,db_rdl,0,11,115959,116226,115958,116130,0.6381
datasets/workout/hsianshun0514workout/hsianshun0514workout_whole_session_20260514_145843.csv,hsianshun0514workout,db_rdl,1,0,122863,123077,122952,123106,0.5144
datasets/workout/hsianshun0514workout/hsianshun0514workout_whole_session_20260514_145843.csv,hsianshun0514workout,db_rdl,1,1,123077,123387,123106,123247,0.4548
datasets/workout/hsianshun0514workout/hsianshun0514workout_whole_session_20260514_145843.csv,hsianshun0514workout,db_rdl,1,2,123387,123694,123578,123706,0.3636
datasets/workout/hsianshun0514workout/hsianshun0514workout_whole_session_20260514_145843.csv,hsianshun0514workout,db_rdl,1,3,123694,124019,123706,123862,0.48
datasets/workout/hsianshun0514workout/hsianshun0514workout_whole_session_20260514_145843.csv,hsianshun0514workout,db_rdl,1,4,124019,124338,124096,124323,0.7116
datasets/workout/hsianshun0514workout/hsianshun0514workout_whole_session_20260514_145843.csv,hsianshun0514workout,db_rdl,1,5,124338,124667,124485,124648,0.4954
datasets/workout/hsianshun0514workout/hsianshun0514workout_whole_session_20260514_145843.csv,hsianshun0514workout,db_rdl,1,6,124667,124986,124809,124980,0.5361
datasets/workout/hsianshun0514workout/hsianshun0514workout_whole_session_20260514_145843.csv,hsianshun0514workout,db_rdl,1,7,124986,125316,125189,125317,0.3837
datasets/workout/hsianshun0514workout/hsianshun0514workout_whole_session_20260514_145843.csv,hsianshun0514workout,db_rdl,1,8,125316,125680,125530,125668,0.3791
datasets/workout/hsianshun0514workout/hsianshun0514workout_whole_session_20260514_145843.csv,hsianshun0514workout,db_rdl,1,9,125680,126009,125868,126004,0.4134
datasets/workout/hsianshun0514workout/hsianshun0514workout_whole_session_20260514_145843.csv,hsianshun0514workout,db_rdl,1,10,126009,126336,126186,126339,0.4545
datasets/workout/hsianshun0514workout/hsianshun0514workout_whole_session_20260514_145843.csv,hsianshun0514workout,db_rdl,1,11,126336,126634,126339,126456,0.3926
datasets/workout/hsianshun0514workout/hsianshun0514workout_whole_session_20260514_145843.csv,hsianshun0514workout,db_rdl,2,0,134286,134632,134449,134544,0.2746
datasets/workout/hsianshun0514workout/hsianshun0514workout_whole_session_20260514_145843.csv,hsianshun0514workout,db_rdl,2,1,134632,134895,134744,134820,0.289
datasets/workout/hsianshun0514workout/hsianshun0514workout_whole_session_20260514_145843.csv,hsianshun0514workout,db_rdl,2,2,134895,135246,134976,135064,0.2507
datasets/workout/hsianshun0514workout/hsianshun0514workout_whole_session_20260514_145843.csv,hsianshun0514workout,db_rdl,2,3,135246,135555,135383,135457,0.2395
datasets/workout/hsianshun0514workout/hsianshun0514workout_whole_session_20260514_145843.csv,hsianshun0514workout,db_rdl,2,4,135555,135859,135755,135826,0.2336
datasets/workout/hsianshun0514workout/hsianshun0514workout_whole_session_20260514_145843.csv,hsianshun0514workout,db_rdl,2,5,135859,136190,136069,136220,0.3352
datasets/workout/hsianshun0514workout/hsianshun0514workout_whole_session_20260514_145843.csv,hsianshun0514workout,db_rdl,2,6,136190,136503,136220,136324,0.3323
datasets/workout/hsianshun0514workout/hsianshun0514workout_whole_session_20260514_145843.csv,hsianshun0514workout,db_rdl,2,7,136503,136797,136638,136713,0.2551
datasets/workout/hsianshun0514workout/hsianshun0514workout_whole_session_20260514_145843.csv,hsianshun0514workout,db_rdl,2,8,136797,137072,136842,136924,0.2982
datasets/workout/hsianshun0514workout/hsianshun0514workout_whole_session_20260514_145843.csv,hsianshun0514workout,db_rdl,2,9,137072,137396,137122,137212,0.2778
datasets/workout/hsianshun0514workout/hsianshun0514workout_whole_session_20260514_145843.csv,hsianshun0514workout,db_rdl,2,10,137396,137722,137554,137648,0.2883
datasets/workout/hsianshun0514workout/hsianshun0514workout_whole_session_20260514_145843.csv,hsianshun0514workout,db_rdl,2,11,137722,138028,137897,138028,0.4281
datasets/workout/hsianshun0514workout/hsianshun0514workout_whole_session_20260514_145843.csv,hsianshun0514workout,db_weighted_crunch,0,0,164651,164915,164807,164889,0.3106
datasets/workout/hsianshun0514workout/hsianshun0514workout_whole_session_20260514_145843.csv,hsianshun0514workout,db_weighted_crunch,0,1,164915,165203,165087,165209,0.3946
datasets/workout/hsianshun0514workout/hsianshun0514workout_whole_session_20260514_145843.csv,hsianshun0514workout,db_weighted_crunch,0,2,165203,165577,165458,165517,0.1578
datasets/workout/hsianshun0514workout/hsianshun0514workout_whole_session_20260514_145843.csv,hsianshun0514workout,db_weighted_crunch,0,3,165577,165941,165597,165663,0.1813
datasets/workout/hsianshun0514workout/hsianshun0514workout_whole_session_20260514_145843.csv,hsianshun0514workout,db_weighted_crunch,0,4,165941,166353,166231,166336,0.2549
datasets/workout/hsianshun0514workout/hsianshun0514workout_whole_session_20260514_145843.csv,hsianshun0514workout,db_weighted_crunch,0,5,166353,166764,166547,166629,0.1995
datasets/workout/hsianshun0514workout/hsianshun0514workout_whole_session_20260514_145843.csv,hsianshun0514workout,db_weighted_crunch,0,6,166764,167153,166981,167109,0.329
datasets/workout/hsianshun0514workout/hsianshun0514workout_whole_session_20260514_145843.csv,hsianshun0514workout,db_weighted_crunch,0,7,167153,167576,167249,167344,0.2246
datasets/workout/hsianshun0514workout/hsianshun0514workout_whole_session_20260514_145843.csv,hsianshun0514workout,db_weighted_crunch,0,8,167576,167931,167765,167858,0.262
datasets/workout/hsianshun0514workout/hsianshun0514workout_whole_session_20260514_145843.csv,hsianshun0514workout,db_weighted_crunch,0,9,167931,168323,168232,168335,0.2252
datasets/workout/hsianshun0514workout/hsianshun0514workout_whole_session_20260514_145843.csv,hsianshun0514workout,db_weighted_crunch,0,10,168323,168699,168571,168685,0.3032
datasets/workout/hsianshun0514workout/hsianshun0514workout_whole_session_20260514_145843.csv,hsianshun0514workout,db_weighted_crunch,0,11,168699,169003,168887,169031,0.3494
datasets/workout/hsianshun0514workout/hsianshun0514workout_whole_session_20260514_145843.csv,hsianshun0514workout,db_weighted_crunch,1,0,176284,176675,176579,176687,0.2382
datasets/workout/hsianshun0514workout/hsianshun0514workout_whole_session_20260514_145843.csv,hsianshun0514workout,db_weighted_crunch,2,0,177652,177881,177747,177877,0.5677
datasets/workout/hsianshun0514workout/hsianshun0514workout_whole_session_20260514_145843.csv,hsianshun0514workout,db_weighted_crunch,2,1,177881,178221,177877,177959,0.2267
datasets/workout/hsianshun0514workout/hsianshun0514workout_whole_session_20260514_145843.csv,hsianshun0514workout,db_weighted_crunch,2,2,178221,178634,178397,178555,0.3826
datasets/workout/hsianshun0514workout/hsianshun0514workout_whole_session_20260514_145843.csv,hsianshun0514workout,db_weighted_crunch,2,3,178634,178981,178858,178943,0.245
datasets/workout/hsianshun0514workout/hsianshun0514workout_whole_session_20260514_145843.csv,hsianshun0514workout,db_weighted_crunch,2,4,178981,179261,179157,179258,0.3607
datasets/workout/hsianshun0514workout/hsianshun0514workout_whole_session_20260514_145843.csv,hsianshun0514workout,db_weighted_crunch,2,5,179261,179611,179499,179611,0.32
datasets/workout/hsianshun0514workout/hsianshun0514workout_whole_session_20260514_145843.csv,hsianshun0514workout,db_weighted_crunch,2,6,179611,179983,179611,179714,0.2769
datasets/workout/hsianshun0514workout/hsianshun0514workout_whole_session_20260514_145843.csv,hsianshun0514workout,db_weighted_crunch,2,7,179983,180330,180059,180130,0.2046
datasets/workout/hsianshun0514workout/hsianshun0514workout_whole_session_20260514_145843.csv,hsianshun0514workout,db_weighted_crunch,2,8,180330,180691,180353,180447,0.2604
datasets/workout/hsianshun0514workout/hsianshun0514workout_whole_session_20260514_145843.csv,hsianshun0514workout,db_weighted_crunch,2,9,180691,181105,180980,181100,0.2899
datasets/workout/hsianshun0514workout/hsianshun0514workout_whole_session_20260514_145843.csv,hsianshun0514workout,db_weighted_crunch,2,10,181105,181533,181100,181263,0.3649
datasets/workout/hsianshun0514workout/hsianshun0514workout_whole_session_20260514_145843.csv,hsianshun0514workout,db_weighted_crunch,2,11,181533,181917,181731,181847,0.3021
datasets/workout/hsianshun0514workout/hsianshun0514workout_whole_session_20260514_145843.csv,hsianshun0514workout,db_weighted_crunch,2,12,181917,182328,182211,182282,0.1727
datasets/workout/hsianshun0514workout/hsianshun0514workout_whole_session_20260514_145843.csv,hsianshun0514workout,db_weighted_crunch,3,0,191776,192100,191700,191886,0.275
datasets/workout/hsianshun0514workout/hsianshun0514workout_whole_session_20260514_145843.csv,hsianshun0514workout,db_weighted_crunch,3,1,192100,192460,192254,192317,0.175
datasets/workout/hsianshun0514workout/hsianshun0514workout_whole_session_20260514_145843.csv,hsianshun0514workout,db_weighted_crunch,3,2,192460,192757,192704,192760,0.1767
datasets/workout/hsianshun0514workout/hsianshun0514workout_whole_session_20260514_145843.csv,hsianshun0514workout,db_weighted_crunch,3,3,192757,193107,192760,192824,0.1829
datasets/workout/hsianshun0514workout/hsianshun0514workout_whole_session_20260514_145843.csv,hsianshun0514workout,db_weighted_crunch,3,4,193107,193539,193290,193363,0.169
datasets/workout/hsianshun0514workout/hsianshun0514workout_whole_session_20260514_145843.csv,hsianshun0514workout,db_weighted_crunch,3,5,193539,193913,193748,193846,0.262
datasets/workout/hsianshun0514workout/hsianshun0514workout_whole_session_20260514_145843.csv,hsianshun0514workout,db_weighted_crunch,3,6,193913,194332,193991,194080,0.2124
datasets/workout/hsianshun0514workout/hsianshun0514workout_whole_session_20260514_145843.csv,hsianshun0514workout,db_weighted_crunch,3,7,194332,194709,194340,194408,0.1804
datasets/workout/hsianshun0514workout/hsianshun0514workout_whole_session_20260514_145843.csv,hsianshun0514workout,db_weighted_crunch,3,8,194709,195094,195022,195096,0.186
datasets/workout/hsianshun0514workout/hsianshun0514workout_whole_session_20260514_145843.csv,hsianshun0514workout,db_weighted_crunch,3,9,195094,195507,195370,195444,0.1792
datasets/workout/hsianshun0514workout/hsianshun0514workout_whole_session_20260514_145843.csv,hsianshun0514workout,db_weighted_crunch,3,10,195507,195864,195542,195620,0.2185
datasets/workout/hsianshun0514workout/hsianshun0514workout_whole_session_20260514_145843.csv,hsianshun0514workout,db_weighted_crunch,3,11,195864,196184,195908,195976,0.2125
datasets/workout/hsianshun0514workout/hsianshun0514workout_whole_session_20260514_145843.csv,hsianshun0514workout,db_shoulder_press,1,0,217070,217282,217136,217230,0.4434
datasets/workout/hsianshun0514workout/hsianshun0514workout_whole_session_20260514_145843.csv,hsianshun0514workout,db_shoulder_press,1,1,217282,217616,217481,217554,0.2186
datasets/workout/hsianshun0514workout/hsianshun0514workout_whole_session_20260514_145843.csv,hsianshun0514workout,db_shoulder_press,1,2,217616,217975,217768,217834,0.1838
datasets/workout/hsianshun0514workout/hsianshun0514workout_whole_session_20260514_145843.csv,hsianshun0514workout,db_shoulder_press,1,3,217975,218304,218020,218069,0.1489
datasets/workout/hsianshun0514workout/hsianshun0514workout_whole_session_20260514_145843.csv,hsianshun0514workout,db_shoulder_press,1,4,218304,218680,218528,218618,0.2394
datasets/workout/hsianshun0514workout/hsianshun0514workout_whole_session_20260514_145843.csv,hsianshun0514workout,db_shoulder_press,1,5,218680,219050,218888,218976,0.2378
datasets/workout/hsianshun0514workout/hsianshun0514workout_whole_session_20260514_145843.csv,hsianshun0514workout,db_shoulder_press,1,6,219050,219398,219200,219264,0.1839
datasets/workout/hsianshun0514workout/hsianshun0514workout_whole_session_20260514_145843.csv,hsianshun0514workout,db_shoulder_press,1,7,219398,219787,219524,219591,0.1722
datasets/workout/hsianshun0514workout/hsianshun0514workout_whole_session_20260514_145843.csv,hsianshun0514workout,db_shoulder_press,1,8,219787,220107,219898,219961,0.1969
datasets/workout/hsianshun0514workout/hsianshun0514workout_whole_session_20260514_145843.csv,hsianshun0514workout,db_shoulder_press,1,9,220107,220540,220298,220373,0.1732
datasets/workout/hsianshun0514workout/hsianshun0514workout_whole_session_20260514_145843.csv,hsianshun0514workout,db_shoulder_press,1,10,220540,220933,220710,220788,0.1985
datasets/workout/hsianshun0514workout/hsianshun0514workout_whole_session_20260514_145843.csv,hsianshun0514workout,db_shoulder_press,1,11,220933,221313,221236,221288,0.1368
datasets/workout/hsianshun0514workout/hsianshun0514workout_whole_session_20260514_145843.csv,hsianshun0514workout,db_shoulder_press,2,0,235168,235417,235105,235281,0.3622
datasets/workout/hsianshun0514workout/hsianshun0514workout_whole_session_20260514_145843.csv,hsianshun0514workout,db_shoulder_press,2,1,235417,235715,235465,235561,0.3221
datasets/workout/hsianshun0514workout/hsianshun0514workout_whole_session_20260514_145843.csv,hsianshun0514workout,db_shoulder_press,2,2,235715,236021,235847,235905,0.1895
datasets/workout/hsianshun0514workout/hsianshun0514workout_whole_session_20260514_145843.csv,hsianshun0514workout,db_shoulder_press,2,3,236021,236364,236196,236254,0.1691
datasets/workout/hsianshun0514workout/hsianshun0514workout_whole_session_20260514_145843.csv,hsianshun0514workout,db_shoulder_press,2,4,236364,236642,236491,236566,0.2698
datasets/workout/hsianshun0514workout/hsianshun0514workout_whole_session_20260514_145843.csv,hsianshun0514workout,db_shoulder_press,2,5,236642,236967,236796,236853,0.1754
datasets/workout/hsianshun0514workout/hsianshun0514workout_whole_session_20260514_145843.csv,hsianshun0514workout,db_shoulder_press,2,6,236967,237291,237065,237153,0.2716
datasets/workout/hsianshun0514workout/hsianshun0514workout_whole_session_20260514_145843.csv,hsianshun0514workout,db_shoulder_press,2,7,237291,237619,237476,237570,0.2866
datasets/workout/hsianshun0514workout/hsianshun0514workout_whole_session_20260514_145843.csv,hsianshun0514workout,db_shoulder_press,2,8,237619,237984,237789,237863,0.2027
datasets/workout/hsianshun0514workout/hsianshun0514workout_whole_session_20260514_145843.csv,hsianshun0514workout,db_shoulder_press,2,9,237984,238293,238129,238210,0.2621
datasets/workout/hsianshun0514workout/hsianshun0514workout_whole_session_20260514_145843.csv,hsianshun0514workout,db_shoulder_press,2,10,238293,238757,238443,238569,0.2716
datasets/workout/hsianshun0514workout/hsianshun0514workout_whole_session_20260514_145843.csv,hsianshun0514workout,db_shoulder_press,2,11,238757,238971,238863,238907,0.2056
datasets/workout/hsianshun0514workout/hsianshun0514workout_whole_session_20260514_145843.csv,hsianshun0514workout,db_shoulder_press,3,0,267342,267571,267462,267570,0.4716
datasets/workout/hsianshun0514workout/hsianshun0514workout_whole_session_20260514_145843.csv,hsianshun0514workout,db_shoulder_press,3,1,267571,267854,267570,267706,0.4754
datasets/workout/hsianshun0514workout/hsianshun0514workout_whole_session_20260514_145843.csv,hsianshun0514workout,db_shoulder_press,3,2,267854,268173,267986,268040,0.1693
datasets/workout/hsianshun0514workout/hsianshun0514workout_whole_session_20260514_145843.csv,hsianshun0514workout,db_shoulder_press,3,3,268173,268529,268327,268403,0.2135
datasets/workout/hsianshun0514workout/hsianshun0514workout_whole_session_20260514_145843.csv,hsianshun0514workout,db_shoulder_press,3,4,268529,268832,268724,268791,0.2211
datasets/workout/hsianshun0514workout/hsianshun0514workout_whole_session_20260514_145843.csv,hsianshun0514workout,db_shoulder_press,3,5,268832,269153,269020,269106,0.2679
datasets/workout/hsianshun0514workout/hsianshun0514workout_whole_session_20260514_145843.csv,hsianshun0514workout,db_shoulder_press,3,6,269153,269518,269346,269459,0.3096
datasets/workout/hsianshun0514workout/hsianshun0514workout_whole_session_20260514_145843.csv,hsianshun0514workout,db_shoulder_press,3,7,269518,269927,269736,269810,0.1809
datasets/workout/hsianshun0514workout/hsianshun0514workout_whole_session_20260514_145843.csv,hsianshun0514workout,db_shoulder_press,3,8,269927,270327,270191,270306,0.2875
datasets/workout/hsianshun0514workout/hsianshun0514workout_whole_session_20260514_145843.csv,hsianshun0514workout,db_shoulder_press,3,9,270327,271029,270635,270804,0.2407
datasets/workout/hsianshun0514workout/hsianshun0514workout_whole_session_20260514_145843.csv,hsianshun0514workout,db_biceps_curl,0,0,286569,286808,286483,286765,0.6031
datasets/workout/hsianshun0514workout/hsianshun0514workout_whole_session_20260514_145843.csv,hsianshun0514workout,db_biceps_curl,0,1,286808,287092,286765,287009,0.6147
datasets/workout/hsianshun0514workout/hsianshun0514workout_whole_session_20260514_145843.csv,hsianshun0514workout,db_biceps_curl,0,2,287092,287405,287273,287421,0.4012
datasets/workout/hsianshun0514workout/hsianshun0514workout_whole_session_20260514_145843.csv,hsianshun0514workout,db_biceps_curl,0,3,287405,287681,287421,287647,0.8188
datasets/workout/hsianshun0514workout/hsianshun0514workout_whole_session_20260514_145843.csv,hsianshun0514workout,db_biceps_curl,0,4,287681,288034,287647,287925,0.6305
datasets/workout/hsianshun0514workout/hsianshun0514workout_whole_session_20260514_145843.csv,hsianshun0514workout,db_biceps_curl,0,5,288034,288405,288107,288283,0.4744
datasets/workout/hsianshun0514workout/hsianshun0514workout_whole_session_20260514_145843.csv,hsianshun0514workout,db_biceps_curl,0,6,288405,288798,288491,288675,0.4682
datasets/workout/hsianshun0514workout/hsianshun0514workout_whole_session_20260514_145843.csv,hsianshun0514workout,db_biceps_curl,0,7,288798,289189,288833,289035,0.5166
datasets/workout/hsianshun0514workout/hsianshun0514workout_whole_session_20260514_145843.csv,hsianshun0514workout,db_biceps_curl,0,8,289189,289804,289512,289835,0.452
datasets/workout/hsianshun0514workout/hsianshun0514workout_whole_session_20260514_145843.csv,hsianshun0514workout,db_biceps_curl,0,9,289804,290346,289835,290117,0.5203
datasets/workout/hsianshun0514workout/hsianshun0514workout_whole_session_20260514_145843.csv,hsianshun0514workout,db_biceps_curl,0,10,290346,290778,290410,290691,0.6505
datasets/workout/hsianshun0514workout/hsianshun0514workout_whole_session_20260514_145843.csv,hsianshun0514workout,db_biceps_curl,1,0,321008,321340,320947,321301,0.7455
datasets/workout/hsianshun0514workout/hsianshun0514workout_whole_session_20260514_145843.csv,hsianshun0514workout,db_biceps_curl,1,1,321340,321621,321301,321550,0.6562
datasets/workout/hsianshun0514workout/hsianshun0514workout_whole_session_20260514_145843.csv,hsianshun0514workout,db_biceps_curl,1,2,321621,321933,321778,321937,0.4905
datasets/workout/hsianshun0514workout/hsianshun0514workout_whole_session_20260514_145843.csv,hsianshun0514workout,db_biceps_curl,1,3,321933,322257,322050,322203,0.4722
datasets/workout/hsianshun0514workout/hsianshun0514workout_whole_session_20260514_145843.csv,hsianshun0514workout,db_biceps_curl,1,4,322257,322612,322473,322639,0.3639
datasets/workout/hsianshun0514workout/hsianshun0514workout_whole_session_20260514_145843.csv,hsianshun0514workout,db_biceps_curl,1,5,322612,323105,322639,322787,0.3002
datasets/workout/hsianshun0514workout/hsianshun0514workout_whole_session_20260514_145843.csv,hsianshun0514workout,db_biceps_curl,1,6,323105,323537,323409,323539,0.2949
datasets/workout/hsianshun0514workout/hsianshun0514workout_whole_session_20260514_145843.csv,hsianshun0514workout,db_biceps_curl,2,0,367807,368118,367735,368064,0.671
datasets/workout/hsianshun0514workout/hsianshun0514workout_whole_session_20260514_145843.csv,hsianshun0514workout,db_biceps_curl,2,1,368118,368356,368064,368291,0.5925
datasets/workout/hsianshun0514workout/hsianshun0514workout_whole_session_20260514_145843.csv,hsianshun0514workout,db_biceps_curl,2,2,368356,368597,368291,368541,0.6046
datasets/workout/hsianshun0514workout/hsianshun0514workout_whole_session_20260514_145843.csv,hsianshun0514workout,db_biceps_curl,2,3,368597,368851,368541,368793,0.6323
datasets/workout/hsianshun0514workout/hsianshun0514workout_whole_session_20260514_145843.csv,hsianshun0514workout,db_biceps_curl,2,4,368851,369103,368793,368995,0.4645
datasets/workout/hsianshun0514workout/hsianshun0514workout_whole_session_20260514_145843.csv,hsianshun0514workout,db_biceps_curl,2,5,369103,369379,369142,369338,0.7101
datasets/workout/hsianshun0514workout/hsianshun0514workout_whole_session_20260514_145843.csv,hsianshun0514workout,db_biceps_curl,2,6,369379,369668,369338,369598,0.6636
datasets/workout/hsianshun0514workout/hsianshun0514workout_whole_session_20260514_145843.csv,hsianshun0514workout,db_biceps_curl,2,7,369668,369963,369763,369964,0.6757
datasets/workout/hsianshun0514workout/hsianshun0514workout_whole_session_20260514_145843.csv,hsianshun0514workout,db_biceps_curl,2,8,369963,370304,369964,370294,0.9677
datasets/workout/hsianshun0514workout/hsianshun0514workout_whole_session_20260514_145843.csv,hsianshun0514workout,db_biceps_curl,2,9,370304,370704,370491,370702,0.5275
datasets/workout/hsianshun0514workout/hsianshun0514workout_whole_session_20260514_145843.csv,hsianshun0514workout,db_biceps_curl,2,10,370704,371139,370702,371003,0.6842
datasets/workout/hsianshun0514workout/hsianshun0514workout_whole_session_20260514_145843.csv,hsianshun0514workout,db_triceps_curl,0,0,407676,407901,407613,407833,0.5451
datasets/workout/hsianshun0514workout/hsianshun0514workout_whole_session_20260514_145843.csv,hsianshun0514workout,db_triceps_curl,0,1,407901,408173,407953,408093,0.5147
datasets/workout/hsianshun0514workout/hsianshun0514workout_whole_session_20260514_145843.csv,hsianshun0514workout,db_triceps_curl,0,2,408173,408463,408249,408403,0.531
datasets/workout/hsianshun0514workout/hsianshun0514workout_whole_session_20260514_145843.csv,hsianshun0514workout,db_triceps_curl,0,3,408463,408784,408551,408729,0.5545
datasets/workout/hsianshun0514workout/hsianshun0514workout_whole_session_20260514_145843.csv,hsianshun0514workout,db_triceps_curl,0,4,408784,409079,408893,409011,0.4
datasets/workout/hsianshun0514workout/hsianshun0514workout_whole_session_20260514_145843.csv,hsianshun0514workout,db_triceps_curl,0,5,409079,409364,409225,409317,0.3228
datasets/workout/hsianshun0514workout/hsianshun0514workout_whole_session_20260514_145843.csv,hsianshun0514workout,db_triceps_curl,0,6,409364,409715,409433,409548,0.3276
datasets/workout/hsianshun0514workout/hsianshun0514workout_whole_session_20260514_145843.csv,hsianshun0514workout,db_triceps_curl,0,7,409715,410012,409754,409933,0.6027
datasets/workout/hsianshun0514workout/hsianshun0514workout_whole_session_20260514_145843.csv,hsianshun0514workout,db_triceps_curl,0,8,410012,410361,410131,410270,0.3983
datasets/workout/hsianshun0514workout/hsianshun0514workout_whole_session_20260514_145843.csv,hsianshun0514workout,db_triceps_curl,0,9,410361,410694,410457,410666,0.6276
datasets/workout/hsianshun0514workout/hsianshun0514workout_whole_session_20260514_145843.csv,hsianshun0514workout,db_triceps_curl,0,10,410694,410731,410666,410834,0.2202
datasets/workout/hsianshun0514workout/hsianshun0514workout_whole_session_20260514_145843.csv,hsianshun0514workout,db_triceps_curl,1,0,430978,431310,431049,431164,0.3464
datasets/workout/hsianshun0514workout/hsianshun0514workout_whole_session_20260514_145843.csv,hsianshun0514workout,db_triceps_curl,1,1,431310,431637,431404,431569,0.5046
datasets/workout/hsianshun0514workout/hsianshun0514workout_whole_session_20260514_145843.csv,hsianshun0514workout,db_triceps_curl,1,2,431637,431948,431689,431845,0.5016
datasets/workout/hsianshun0514workout/hsianshun0514workout_whole_session_20260514_145843.csv,hsianshun0514workout,db_triceps_curl,1,3,431948,432219,432027,432293,0.5565
datasets/workout/hsianshun0514workout/hsianshun0514workout_whole_session_20260514_145843.csv,hsianshun0514workout,db_triceps_curl,1,4,432219,432509,432293,432457,0.5655
datasets/workout/hsianshun0514workout/hsianshun0514workout_whole_session_20260514_145843.csv,hsianshun0514workout,db_triceps_curl,1,5,432509,432794,432613,432891,0.4738
datasets/workout/hsianshun0514workout/hsianshun0514workout_whole_session_20260514_145843.csv,hsianshun0514workout,db_triceps_curl,1,6,432794,433096,432891,433204,0.5
datasets/workout/hsianshun0514workout/hsianshun0514workout_whole_session_20260514_145843.csv,hsianshun0514workout,db_triceps_curl,1,7,433096,433397,433204,433501,0.4765
datasets/workout/hsianshun0514workout/hsianshun0514workout_whole_session_20260514_145843.csv,hsianshun0514workout,db_triceps_curl,1,8,433397,433695,433501,433649,0.4966
datasets/workout/hsianshun0514workout/hsianshun0514workout_whole_session_20260514_145843.csv,hsianshun0514workout,db_triceps_curl,1,9,433695,433976,433699,433821,0.4342
datasets/workout/hsianshun0514workout/hsianshun0514workout_whole_session_20260514_145843.csv,hsianshun0514workout,db_triceps_curl,1,10,433976,434278,434113,434245,0.4371
datasets/workout/hsianshun0514workout/hsianshun0514workout_whole_session_20260514_145843.csv,hsianshun0514workout,db_triceps_curl,1,11,434278,434589,434295,434415,0.3859
datasets/workout/hsianshun0514workout/hsianshun0514workout_whole_session_20260514_145843.csv,hsianshun0514workout,db_triceps_curl,2,0,448600,448838,448637,448745,0.4538
datasets/workout/hsianshun0514workout/hsianshun0514workout_whole_session_20260514_145843.csv,hsianshun0514workout,db_triceps_curl,2,1,448838,449089,448849,448974,0.498
datasets/workout/hsianshun0514workout/hsianshun0514workout_whole_session_20260514_145843.csv,hsianshun0514workout,db_triceps_curl,2,2,449089,449344,449155,449234,0.3098
datasets/workout/hsianshun0514workout/hsianshun0514workout_whole_session_20260514_145843.csv,hsianshun0514workout,db_triceps_curl,2,3,449344,449605,449382,449494,0.4291
datasets/workout/hsianshun0514workout/hsianshun0514workout_whole_session_20260514_145843.csv,hsianshun0514workout,db_triceps_curl,2,4,449605,449862,449659,449753,0.3658
datasets/workout/hsianshun0514workout/hsianshun0514workout_whole_session_20260514_145843.csv,hsianshun0514workout,db_triceps_curl,2,5,449862,450150,450001,450149,0.5139
datasets/workout/hsianshun0514workout/hsianshun0514workout_whole_session_20260514_145843.csv,hsianshun0514workout,db_triceps_curl,2,6,450150,450413,450315,450412,0.3688
datasets/workout/hsianshun0514workout/hsianshun0514workout_whole_session_20260514_145843.csv,hsianshun0514workout,db_triceps_curl,2,7,450413,450685,450543,450709,0.4797
datasets/workout/hsianshun0514workout/hsianshun0514workout_whole_session_20260514_145843.csv,hsianshun0514workout,db_triceps_curl,2,8,450685,450981,450709,450854,0.4899
datasets/workout/hsianshun0514workout/hsianshun0514workout_whole_session_20260514_145843.csv,hsianshun0514workout,db_triceps_curl,2,9,450981,451239,451099,451213,0.4419
datasets/workout/hsianshun0514workout/hsianshun0514workout_whole_session_20260514_145843.csv,hsianshun0514workout,db_triceps_curl,2,10,451239,451495,451357,451536,0.4646
datasets/workout/hsianshun0514workout/hsianshun0514workout_whole_session_20260514_145843.csv,hsianshun0514workout,db_triceps_curl,2,11,451495,451823,451536,451655,0.3628
datasets/workout/hsianshun0514workout/hsianshun0514workout_whole_session_20260514_145843.csv,hsianshun0514workout,db_squat,0,0,473497,473725,473626,473694,0.2982
datasets/workout/hsianshun0514workout/hsianshun0514workout_whole_session_20260514_145843.csv,hsianshun0514workout,db_squat,0,1,473725,473986,473788,473882,0.3602
datasets/workout/hsianshun0514workout/hsianshun0514workout_whole_session_20260514_145843.csv,hsianshun0514workout,db_squat,0,2,473986,474277,474044,474149,0.3608
datasets/workout/hsianshun0514workout/hsianshun0514workout_whole_session_20260514_145843.csv,hsianshun0514workout,db_squat,0,3,474277,474544,474428,474545,0.4328
datasets/workout/hsianshun0514workout/hsianshun0514workout_whole_session_20260514_145843.csv,hsianshun0514workout,db_squat,0,4,474544,474803,474664,474787,0.4749
datasets/workout/hsianshun0514workout/hsianshun0514workout_whole_session_20260514_145843.csv,hsianshun0514workout,db_squat,0,5,474803,475070,474787,474927,0.4382
datasets/workout/hsianshun0514workout/hsianshun0514workout_whole_session_20260514_145843.csv,hsianshun0514workout,db_squat,0,6,475070,475345,475090,475172,0.2982
datasets/workout/hsianshun0514workout/hsianshun0514workout_whole_session_20260514_145843.csv,hsianshun0514workout,db_squat,0,7,475345,475600,475509,475626,0.3238
datasets/workout/hsianshun0514workout/hsianshun0514workout_whole_session_20260514_145843.csv,hsianshun0514workout,db_squat,0,8,475600,475877,475626,475710,0.3032
datasets/workout/hsianshun0514workout/hsianshun0514workout_whole_session_20260514_145843.csv,hsianshun0514workout,db_squat,0,9,475877,476136,475910,475987,0.2973
datasets/workout/hsianshun0514workout/hsianshun0514workout_whole_session_20260514_145843.csv,hsianshun0514workout,db_squat,0,10,476136,476411,476318,476387,0.2509
datasets/workout/hsianshun0514workout/hsianshun0514workout_whole_session_20260514_145843.csv,hsianshun0514workout,db_squat,0,11,476411,476601,476498,476592,0.4947
datasets/workout/hsianshun0514workout/hsianshun0514workout_whole_session_20260514_145843.csv,hsianshun0514workout,db_squat,1,0,486271,486550,486225,486453,0.56
datasets/workout/hsianshun0514workout/hsianshun0514workout_whole_session_20260514_145843.csv,hsianshun0514workout,db_squat,1,1,486550,486748,486549,486657,0.5377
datasets/workout/hsianshun0514workout/hsianshun0514workout_whole_session_20260514_145843.csv,hsianshun0514workout,db_squat,1,2,486748,487000,486777,486897,0.4762
datasets/workout/hsianshun0514workout/hsianshun0514workout_whole_session_20260514_145843.csv,hsianshun0514workout,db_squat,1,3,487000,487231,487120,487235,0.4723
datasets/workout/hsianshun0514workout/hsianshun0514workout_whole_session_20260514_145843.csv,hsianshun0514workout,db_squat,1,4,487231,487464,487235,487357,0.5236
datasets/workout/hsianshun0514workout/hsianshun0514workout_whole_session_20260514_145843.csv,hsianshun0514workout,db_squat,1,5,487464,487746,487499,487629,0.461
datasets/workout/hsianshun0514workout/hsianshun0514workout_whole_session_20260514_145843.csv,hsianshun0514workout,db_squat,1,6,487746,488015,487761,487899,0.513
datasets/workout/hsianshun0514workout/hsianshun0514workout_whole_session_20260514_145843.csv,hsianshun0514workout,db_squat,1,7,488015,488273,488026,488159,0.5155
datasets/workout/hsianshun0514workout/hsianshun0514workout_whole_session_20260514_145843.csv,hsianshun0514workout,db_squat,1,8,488273,488551,488295,488429,0.482
datasets/workout/hsianshun0514workout/hsianshun0514workout_whole_session_20260514_145843.csv,hsianshun0514workout,db_squat,1,9,488551,488779,488558,488683,0.5482
datasets/workout/hsianshun0514workout/hsianshun0514workout_whole_session_20260514_145843.csv,hsianshun0514workout,db_squat,1,10,488779,489055,488814,488949,0.4891
datasets/workout/hsianshun0514workout/hsianshun0514workout_whole_session_20260514_145843.csv,hsianshun0514workout,db_squat,1,11,489055,489324,489095,489241,0.5428
datasets/workout/hsianshun0514workout/hsianshun0514workout_whole_session_20260514_145843.csv,hsianshun0514workout,db_squat,2,0,502284,502604,502514,502601,0.2719
datasets/workout/hsianshun0514workout/hsianshun0514workout_whole_session_20260514_145843.csv,hsianshun0514workout,db_squat,2,1,502604,502807,502692,502787,0.468
datasets/workout/hsianshun0514workout/hsianshun0514workout_whole_session_20260514_145843.csv,hsianshun0514workout,db_squat,2,2,502807,503015,502930,503009,0.3798
datasets/workout/hsianshun0514workout/hsianshun0514workout_whole_session_20260514_145843.csv,hsianshun0514workout,db_squat,2,3,503015,503220,503009,503094,0.3744
datasets/workout/hsianshun0514workout/hsianshun0514workout_whole_session_20260514_145843.csv,hsianshun0514workout,db_squat,2,4,503220,503458,503198,503280,0.2308
datasets/workout/hsianshun0514workout/hsianshun0514workout_whole_session_20260514_145843.csv,hsianshun0514workout,db_squat,2,5,503458,503675,503540,503614,0.341
datasets/workout/hsianshun0514workout/hsianshun0514workout_whole_session_20260514_145843.csv,hsianshun0514workout,db_squat,2,6,503675,503892,503765,503832,0.3088
datasets/workout/hsianshun0514workout/hsianshun0514workout_whole_session_20260514_145843.csv,hsianshun0514workout,db_squat,2,7,503892,504133,503920,503976,0.2324
datasets/workout/hsianshun0514workout/hsianshun0514workout_whole_session_20260514_145843.csv,hsianshun0514workout,db_squat,2,8,504133,504351,504239,504307,0.3119
datasets/workout/hsianshun0514workout/hsianshun0514workout_whole_session_20260514_145843.csv,hsianshun0514workout,db_squat,2,9,504351,504586,504386,504426,0.1702
datasets/workout/hsianshun0514workout/hsianshun0514workout_whole_session_20260514_145843.csv,hsianshun0514workout,db_squat,2,10,504586,504852,504749,504840,0.3421
datasets/workout/hsianshun0514workout/hsianshun0514workout_whole_session_20260514_145843.csv,hsianshun0514workout,db_squat,2,11,504852,505107,505017,505107,0.3529
datasets/workout/kevin0509workout/kevin0509workout_whole_session_20260509_173017.csv,kevin0509workout,db_bench_press,0,0,617,936,716,834,0.3699
datasets/workout/kevin0509workout/kevin0509workout_whole_session_20260509_173017.csv,kevin0509workout,db_bench_press,0,1,936,1239,986,1144,0.5215
datasets/workout/kevin0509workout/kevin0509workout_whole_session_20260509_173017.csv,kevin0509workout,db_bench_press,0,2,1239,1547,1296,1442,0.474
datasets/workout/kevin0509workout/kevin0509workout_whole_session_20260509_173017.csv,kevin0509workout,db_bench_press,0,3,1547,1852,1584,1746,0.5311
datasets/workout/kevin0509workout/kevin0509workout_whole_session_20260509_173017.csv,kevin0509workout,db_bench_press,0,4,1852,2180,1918,2080,0.4939
datasets/workout/kevin0509workout/kevin0509workout_whole_session_20260509_173017.csv,kevin0509workout,db_bench_press,0,5,2180,2518,2317,2418,0.2988
datasets/workout/kevin0509workout/kevin0509workout_whole_session_20260509_173017.csv,kevin0509workout,db_bench_press,0,6,2518,2856,2546,2720,0.5148
datasets/workout/kevin0509workout/kevin0509workout_whole_session_20260509_173017.csv,kevin0509workout,db_bench_press,0,7,2856,3220,2987,3116,0.3544
datasets/workout/kevin0509workout/kevin0509workout_whole_session_20260509_173017.csv,kevin0509workout,db_bench_press,0,8,3220,3585,3288,3442,0.4219
datasets/workout/kevin0509workout/kevin0509workout_whole_session_20260509_173017.csv,kevin0509workout,db_bench_press,0,9,3585,3929,3611,3804,0.561
datasets/workout/kevin0509workout/kevin0509workout_whole_session_20260509_173017.csv,kevin0509workout,db_bench_press,0,10,3929,4298,3969,4156,0.5068
datasets/workout/kevin0509workout/kevin0509workout_whole_session_20260509_173017.csv,kevin0509workout,db_bench_press,0,11,4298,4613,4374,4511,0.4349
datasets/workout/kevin0509workout/kevin0509workout_whole_session_20260509_173017.csv,kevin0509workout,db_bench_press,1,0,11655,11904,11726,11853,0.51
datasets/workout/kevin0509workout/kevin0509workout_whole_session_20260509_173017.csv,kevin0509workout,db_bench_press,1,1,11904,12131,11966,12088,0.5374
datasets/workout/kevin0509workout/kevin0509workout_whole_session_20260509_173017.csv,kevin0509workout,db_bench_press,1,2,12131,12395,12222,12358,0.5152
datasets/workout/kevin0509workout/kevin0509workout_whole_session_20260509_173017.csv,kevin0509workout,db_bench_press,1,3,12395,12686,12565,12660,0.3265
datasets/workout/kevin0509workout/kevin0509workout_whole_session_20260509_173017.csv,kevin0509workout,db_bench_press,1,4,12686,12953,12837,12928,0.3408
datasets/workout/kevin0509workout/kevin0509workout_whole_session_20260509_173017.csv,kevin0509workout,db_bench_press,1,5,12953,13242,13026,13106,0.2768
datasets/workout/kevin0509workout/kevin0509workout_whole_session_20260509_173017.csv,kevin0509workout,db_bench_press,1,6,13242,13588,13388,13540,0.4393
datasets/workout/kevin0509workout/kevin0509workout_whole_session_20260509_173017.csv,kevin0509workout,db_bench_press,1,7,13588,13891,13728,13836,0.3564
datasets/workout/kevin0509workout/kevin0509workout_whole_session_20260509_173017.csv,kevin0509workout,db_bench_press,1,8,13891,14157,13985,14124,0.5226
datasets/workout/kevin0509workout/kevin0509workout_whole_session_20260509_173017.csv,kevin0509workout,db_bench_press,1,9,14157,14447,14267,14403,0.469
datasets/workout/kevin0509workout/kevin0509workout_whole_session_20260509_173017.csv,kevin0509workout,db_bench_press,1,10,14447,14702,14534,14658,0.4863
datasets/workout/kevin0509workout/kevin0509workout_whole_session_20260509_173017.csv,kevin0509workout,db_bench_press,1,11,14702,14978,14801,15024,0.5497
datasets/workout/kevin0509workout/kevin0509workout_whole_session_20260509_173017.csv,kevin0509workout,db_bench_press,2,0,20890,21129,20944,21003,0.2469
datasets/workout/kevin0509workout/kevin0509workout_whole_session_20260509_173017.csv,kevin0509workout,db_bench_press,2,1,21129,21375,21259,21337,0.3171
datasets/workout/kevin0509workout/kevin0509workout_whole_session_20260509_173017.csv,kevin0509workout,db_bench_press,2,2,21375,21590,21493,21591,0.4491
datasets/workout/kevin0509workout/kevin0509workout_whole_session_20260509_173017.csv,kevin0509workout,db_bench_press,2,3,21590,21881,21591,21682,0.3127
datasets/workout/kevin0509workout/kevin0509workout_whole_session_20260509_173017.csv,kevin0509workout,db_bench_press,2,4,21881,22149,22018,22106,0.3284
datasets/workout/kevin0509workout/kevin0509workout_whole_session_20260509_173017.csv,kevin0509workout,db_bench_press,2,5,22149,22455,22201,22275,0.2418
datasets/workout/kevin0509workout/kevin0509workout_whole_session_20260509_173017.csv,kevin0509workout,db_bench_press,2,6,22455,22748,22695,22750,0.1797
datasets/workout/kevin0509workout/kevin0509workout_whole_session_20260509_173017.csv,kevin0509workout,db_bench_press,2,7,22748,23041,22895,22987,0.314
datasets/workout/kevin0509workout/kevin0509workout_whole_session_20260509_173017.csv,kevin0509workout,db_bench_press,2,8,23041,23334,23046,23117,0.2423
datasets/workout/kevin0509workout/kevin0509workout_whole_session_20260509_173017.csv,kevin0509workout,db_bench_press,2,9,23334,23649,23427,23514,0.2762
datasets/workout/kevin0509workout/kevin0509workout_whole_session_20260509_173017.csv,kevin0509workout,db_bench_press,2,10,23649,23969,23833,23928,0.2969
datasets/workout/kevin0509workout/kevin0509workout_whole_session_20260509_173017.csv,kevin0509workout,db_bench_press,2,11,23969,24245,24154,24245,0.3297
datasets/workout/kevin0509workout/kevin0509workout_whole_session_20260509_173017.csv,kevin0509workout,one_arm_db_row,0,0,42995,43301,43054,43132,0.2549
datasets/workout/kevin0509workout/kevin0509workout_whole_session_20260509_173017.csv,kevin0509workout,one_arm_db_row,0,1,43301,43556,43473,43543,0.2745
datasets/workout/kevin0509workout/kevin0509workout_whole_session_20260509_173017.csv,kevin0509workout,one_arm_db_row,0,2,43556,43824,43701,43791,0.3358
datasets/workout/kevin0509workout/kevin0509workout_whole_session_20260509_173017.csv,kevin0509workout,one_arm_db_row,0,3,43824,44107,44009,44080,0.2509
datasets/workout/kevin0509workout/kevin0509workout_whole_session_20260509_173017.csv,kevin0509workout,one_arm_db_row,0,4,44107,44355,44282,44362,0.2863
datasets/workout/kevin0509workout/kevin0509workout_whole_session_20260509_173017.csv,kevin0509workout,one_arm_db_row,0,5,44355,44472,44362,44410,0.4103
datasets/workout/kevin0509workout/kevin0509workout_whole_session_20260509_173017.csv,kevin0509workout,one_arm_db_row,0,6,44472,44878,44476,44574,0.2414
datasets/workout/kevin0509workout/kevin0509workout_whole_session_20260509_173017.csv,kevin0509workout,one_arm_db_row,0,7,44878,45075,44982,45071,0.4518
datasets/workout/kevin0509workout/kevin0509workout_whole_session_20260509_173017.csv,kevin0509workout,one_arm_db_row,1,0,46759,47048,46683,46975,0.5918
datasets/workout/kevin0509workout/kevin0509workout_whole_session_20260509_173017.csv,kevin0509workout,one_arm_db_row,1,1,47048,47305,47147,47304,0.6109
datasets/workout/kevin0509workout/kevin0509workout_whole_session_20260509_173017.csv,kevin0509workout,one_arm_db_row,1,2,47305,47586,47304,47481,0.6241
datasets/workout/kevin0509workout/kevin0509workout_whole_session_20260509_173017.csv,kevin0509workout,one_arm_db_row,1,3,47586,47856,47481,47742,0.416
datasets/workout/kevin0509workout/kevin0509workout_whole_session_20260509_173017.csv,kevin0509workout,one_arm_db_row,1,4,47856,48140,48039,48137,0.3451
datasets/workout/kevin0509workout/kevin0509workout_whole_session_20260509_173017.csv,kevin0509workout,one_arm_db_row,1,5,48140,48408,48273,48381,0.403
datasets/workout/kevin0509workout/kevin0509workout_whole_session_20260509_173017.csv,kevin0509workout,one_arm_db_row,1,6,48408,48665,48381,48601,0.6796
datasets/workout/kevin0509workout/kevin0509workout_whole_session_20260509_173017.csv,kevin0509workout,one_arm_db_row,1,7,48665,48969,48787,48922,0.4441
datasets/workout/kevin0509workout/kevin0509workout_whole_session_20260509_173017.csv,kevin0509workout,one_arm_db_row,1,8,48969,49252,49066,49188,0.4311
datasets/workout/kevin0509workout/kevin0509workout_whole_session_20260509_173017.csv,kevin0509workout,one_arm_db_row,1,9,49252,49508,49305,49437,0.5156
datasets/workout/kevin0509workout/kevin0509workout_whole_session_20260509_173017.csv,kevin0509workout,one_arm_db_row,1,10,49508,49764,49589,49725,0.5312
datasets/workout/kevin0509workout/kevin0509workout_whole_session_20260509_173017.csv,kevin0509workout,one_arm_db_row,1,11,49764,50010,49873,50076,0.4391
datasets/workout/kevin0509workout/kevin0509workout_whole_session_20260509_173017.csv,kevin0509workout,one_arm_db_row,2,0,56767,57033,56896,57070,0.4521
datasets/workout/kevin0509workout/kevin0509workout_whole_session_20260509_173017.csv,kevin0509workout,one_arm_db_row,2,1,57033,57291,57070,57221,0.5853
datasets/workout/kevin0509workout/kevin0509workout_whole_session_20260509_173017.csv,kevin0509workout,one_arm_db_row,2,2,57291,57520,57330,57455,0.5459
datasets/workout/kevin0509workout/kevin0509workout_whole_session_20260509_173017.csv,kevin0509workout,one_arm_db_row,2,3,57520,57780,57562,57755,0.7423
datasets/workout/kevin0509workout/kevin0509workout_whole_session_20260509_173017.csv,kevin0509workout,one_arm_db_row,2,4,57780,58073,57755,57966,0.5849
datasets/workout/kevin0509workout/kevin0509workout_whole_session_20260509_173017.csv,kevin0509workout,one_arm_db_row,2,5,58073,58348,58096,58278,0.6618
datasets/workout/kevin0509workout/kevin0509workout_whole_session_20260509_173017.csv,kevin0509workout,one_arm_db_row,2,6,58348,58615,58458,58547,0.3333
datasets/workout/kevin0509workout/kevin0509workout_whole_session_20260509_173017.csv,kevin0509workout,one_arm_db_row,2,7,58615,58881,58638,58770,0.4962
datasets/workout/kevin0509workout/kevin0509workout_whole_session_20260509_173017.csv,kevin0509workout,one_arm_db_row,2,8,58881,59192,59046,59206,0.4492
datasets/workout/kevin0509workout/kevin0509workout_whole_session_20260509_173017.csv,kevin0509workout,one_arm_db_row,2,9,59192,59470,59206,59336,0.4676
datasets/workout/kevin0509workout/kevin0509workout_whole_session_20260509_173017.csv,kevin0509workout,one_arm_db_row,2,10,59470,59756,59498,59622,0.4336
datasets/workout/kevin0509workout/kevin0509workout_whole_session_20260509_173017.csv,kevin0509workout,one_arm_db_row,2,11,59756,60017,59780,59903,0.4713
datasets/workout/kevin0509workout/kevin0509workout_whole_session_20260509_173017.csv,kevin0509workout,one_arm_db_row,3,0,66229,66477,66367,66488,0.4247
datasets/workout/kevin0509workout/kevin0509workout_whole_session_20260509_173017.csv,kevin0509workout,one_arm_db_row,3,1,66477,66759,66661,66759,0.3475
datasets/workout/kevin0509workout/kevin0509workout_whole_session_20260509_173017.csv,kevin0509workout,one_arm_db_row,3,2,66759,67028,66759,66903,0.5353
datasets/workout/kevin0509workout/kevin0509workout_whole_session_20260509_173017.csv,kevin0509workout,one_arm_db_row,3,3,67028,67286,67168,67263,0.3682
datasets/workout/kevin0509workout/kevin0509workout_whole_session_20260509_173017.csv,kevin0509workout,one_arm_db_row,3,4,67286,67540,67423,67527,0.4094
datasets/workout/kevin0509workout/kevin0509workout_whole_session_20260509_173017.csv,kevin0509workout,one_arm_db_row,3,5,67540,67780,67527,67637,0.3834
datasets/workout/kevin0509workout/kevin0509workout_whole_session_20260509_173017.csv,kevin0509workout,one_arm_db_row,3,6,67780,68040,67905,67968,0.2423
datasets/workout/kevin0509workout/kevin0509workout_whole_session_20260509_173017.csv,kevin0509workout,one_arm_db_row,3,7,68040,68277,68145,68213,0.2869
datasets/workout/kevin0509workout/kevin0509workout_whole_session_20260509_173017.csv,kevin0509workout,one_arm_db_row,3,8,68277,68520,68417,68490,0.3004
datasets/workout/kevin0509workout/kevin0509workout_whole_session_20260509_173017.csv,kevin0509workout,one_arm_db_row,3,9,68520,68759,68650,68758,0.4519
datasets/workout/kevin0509workout/kevin0509workout_whole_session_20260509_173017.csv,kevin0509workout,one_arm_db_row,3,10,68759,68996,68758,68839,0.3361
datasets/workout/kevin0509workout/kevin0509workout_whole_session_20260509_173017.csv,kevin0509workout,one_arm_db_row,3,11,68996,69230,69111,69171,0.2564
datasets/workout/kevin0509workout/kevin0509workout_whole_session_20260509_173017.csv,kevin0509workout,db_rdl,0,0,86297,86684,86244,86450,0.3477
datasets/workout/kevin0509workout/kevin0509workout_whole_session_20260509_173017.csv,kevin0509workout,db_rdl,0,1,86684,87025,86805,86925,0.3519
datasets/workout/kevin0509workout/kevin0509workout_whole_session_20260509_173017.csv,kevin0509workout,db_rdl,0,2,87025,87361,87161,87338,0.5268
datasets/workout/kevin0509workout/kevin0509workout_whole_session_20260509_173017.csv,kevin0509workout,db_rdl,0,3,87361,87670,87338,87592,0.6958
datasets/workout/kevin0509workout/kevin0509workout_whole_session_20260509_173017.csv,kevin0509workout,db_rdl,0,4,87670,87968,87799,87954,0.5201
datasets/workout/kevin0509workout/kevin0509workout_whole_session_20260509_173017.csv,kevin0509workout,db_rdl,0,5,87968,88300,88165,88341,0.3619
datasets/workout/kevin0509workout/kevin0509workout_whole_session_20260509_173017.csv,kevin0509workout,db_rdl,0,6,88300,88657,88341,88522,0.507
datasets/workout/kevin0509workout/kevin0509workout_whole_session_20260509_173017.csv,kevin0509workout,db_rdl,0,7,88657,88989,88784,88900,0.3494
datasets/workout/kevin0509workout/kevin0509workout_whole_session_20260509_173017.csv,kevin0509workout,db_rdl,0,8,88989,89360,89034,89168,0.3612
datasets/workout/kevin0509workout/kevin0509workout_whole_session_20260509_173017.csv,kevin0509workout,db_rdl,0,9,89360,89700,89478,89655,0.5206
datasets/workout/kevin0509workout/kevin0509workout_whole_session_20260509_173017.csv,kevin0509workout,db_rdl,0,10,89700,89985,89655,89824,0.3758
datasets/workout/kevin0509workout/kevin0509workout_whole_session_20260509_173017.csv,kevin0509workout,db_rdl,0,11,89985,90269,90018,90096,0.2746
datasets/workout/kevin0509workout/kevin0509workout_whole_session_20260509_173017.csv,kevin0509workout,db_rdl,1,0,96504,96914,96456,97010,0.7401
datasets/workout/kevin0509workout/kevin0509workout_whole_session_20260509_173017.csv,kevin0509workout,db_rdl,1,1,96914,97217,97010,97231,0.653
datasets/workout/kevin0509workout/kevin0509workout_whole_session_20260509_173017.csv,kevin0509workout,db_rdl,1,2,97217,97530,97231,97358,0.4058
datasets/workout/kevin0509workout/kevin0509workout_whole_session_20260509_173017.csv,kevin0509workout,db_rdl,1,3,97530,97822,97468,97810,0.791
datasets/workout/kevin0509workout/kevin0509workout_whole_session_20260509_173017.csv,kevin0509workout,db_rdl,1,4,97822,98125,97810,98228,0.7249
datasets/workout/kevin0509workout/kevin0509workout_whole_session_20260509_173017.csv,kevin0509workout,db_rdl,1,5,98125,98442,98228,98396,0.53
datasets/workout/kevin0509workout/kevin0509workout_whole_session_20260509_173017.csv,kevin0509workout,db_rdl,1,6,98442,98795,98595,98924,0.4149
datasets/workout/kevin0509workout/kevin0509workout_whole_session_20260509_173017.csv,kevin0509workout,db_rdl,1,7,98795,99123,98924,99269,0.4198
datasets/workout/kevin0509workout/kevin0509workout_whole_session_20260509_173017.csv,kevin0509workout,db_rdl,1,8,99123,99489,99269,99680,0.395
datasets/workout/kevin0509workout/kevin0509workout_whole_session_20260509_173017.csv,kevin0509workout,db_rdl,1,9,99489,99864,99680,100024,0.3439
datasets/workout/kevin0509workout/kevin0509workout_whole_session_20260509_173017.csv,kevin0509workout,db_rdl,1,10,99864,100193,100024,100201,0.5015
datasets/workout/kevin0509workout/kevin0509workout_whole_session_20260509_173017.csv,kevin0509workout,db_rdl,1,11,100193,100510,100201,100462,0.8233
datasets/workout/kevin0509workout/kevin0509workout_whole_session_20260509_173017.csv,kevin0509workout,db_rdl,2,0,108375,108704,108487,108589,0.31
datasets/workout/kevin0509workout/kevin0509workout_whole_session_20260509_173017.csv,kevin0509workout,db_rdl,2,1,108704,109007,108925,109030,0.2515
datasets/workout/kevin0509workout/kevin0509workout_whole_session_20260509_173017.csv,kevin0509workout,db_rdl,2,2,109007,109278,109191,109291,0.3063
datasets/workout/kevin0509workout/kevin0509workout_whole_session_20260509_173017.csv,kevin0509workout,db_rdl,2,3,109278,109583,109380,109485,0.3443
datasets/workout/kevin0509workout/kevin0509workout_whole_session_20260509_173017.csv,kevin0509workout,db_rdl,2,4,109583,109916,109595,109656,0.1832
datasets/workout/kevin0509workout/kevin0509workout_whole_session_20260509_173017.csv,kevin0509workout,db_rdl,2,5,109916,110190,109995,110085,0.3285
datasets/workout/kevin0509workout/kevin0509workout_whole_session_20260509_173017.csv,kevin0509workout,db_rdl,2,6,110190,110491,110409,110502,0.2628
datasets/workout/kevin0509workout/kevin0509workout_whole_session_20260509_173017.csv,kevin0509workout,db_rdl,2,7,110491,110809,110701,110800,0.3113
datasets/workout/kevin0509workout/kevin0509workout_whole_session_20260509_173017.csv,kevin0509workout,db_rdl,2,8,110809,111138,110979,111045,0.2006
datasets/workout/kevin0509workout/kevin0509workout_whole_session_20260509_173017.csv,kevin0509workout,db_rdl,2,9,111138,111474,111345,111437,0.2738
datasets/workout/kevin0509workout/kevin0509workout_whole_session_20260509_173017.csv,kevin0509workout,db_rdl,2,10,111474,111765,111661,111758,0.3333
datasets/workout/kevin0509workout/kevin0509workout_whole_session_20260509_173017.csv,kevin0509workout,db_rdl,2,11,111765,112103,111758,111822,0.1652
datasets/workout/kevin0509workout/kevin0509workout_whole_session_20260509_173017.csv,kevin0509workout,db_weighted_crunch,0,0,133307,133579,133391,133465,0.2721
datasets/workout/kevin0509workout/kevin0509workout_whole_session_20260509_173017.csv,kevin0509workout,db_weighted_crunch,0,1,133579,133792,133647,133719,0.338
datasets/workout/kevin0509workout/kevin0509workout_whole_session_20260509_173017.csv,kevin0509workout,db_weighted_crunch,0,2,133792,134068,133833,133904,0.2572
datasets/workout/kevin0509workout/kevin0509workout_whole_session_20260509_173017.csv,kevin0509workout,db_weighted_crunch,0,3,134068,134338,134199,134281,0.3037
datasets/workout/kevin0509workout/kevin0509workout_whole_session_20260509_173017.csv,kevin0509workout,db_weighted_crunch,0,4,134338,134632,134429,134515,0.2925
datasets/workout/kevin0509workout/kevin0509workout_whole_session_20260509_173017.csv,kevin0509workout,db_weighted_crunch,0,5,134632,134944,134654,134751,0.3109
datasets/workout/kevin0509workout/kevin0509workout_whole_session_20260509_173017.csv,kevin0509workout,db_weighted_crunch,0,6,134944,135219,135111,135226,0.383
datasets/workout/kevin0509workout/kevin0509workout_whole_session_20260509_173017.csv,kevin0509workout,db_weighted_crunch,0,7,135219,135524,135226,135331,0.3443
datasets/workout/kevin0509workout/kevin0509workout_whole_session_20260509_173017.csv,kevin0509workout,db_weighted_crunch,0,8,135524,135803,135687,135755,0.2437
datasets/workout/kevin0509workout/kevin0509workout_whole_session_20260509_173017.csv,kevin0509workout,db_weighted_crunch,0,9,135803,136072,135959,136029,0.2602
datasets/workout/kevin0509workout/kevin0509workout_whole_session_20260509_173017.csv,kevin0509workout,db_weighted_crunch,0,10,136072,136351,136111,136190,0.2832
datasets/workout/kevin0509workout/kevin0509workout_whole_session_20260509_173017.csv,kevin0509workout,db_weighted_crunch,0,11,136351,136582,136498,136553,0.2381
datasets/workout/kevin0509workout/kevin0509workout_whole_session_20260509_173017.csv,kevin0509workout,db_weighted_crunch,1,0,145338,145644,145525,145601,0.2484
datasets/workout/kevin0509workout/kevin0509workout_whole_session_20260509_173017.csv,kevin0509workout,db_weighted_crunch,1,1,145644,145898,145705,145791,0.3386
datasets/workout/kevin0509workout/kevin0509workout_whole_session_20260509_173017.csv,kevin0509workout,db_weighted_crunch,1,2,145898,146115,145945,146037,0.424
datasets/workout/kevin0509workout/kevin0509workout_whole_session_20260509_173017.csv,kevin0509workout,db_weighted_crunch,1,3,146115,146372,146265,146387,0.3934
datasets/workout/kevin0509workout/kevin0509workout_whole_session_20260509_173017.csv,kevin0509workout,db_weighted_crunch,1,4,146372,146626,146459,146567,0.4252
datasets/workout/kevin0509workout/kevin0509workout_whole_session_20260509_173017.csv,kevin0509workout,db_weighted_crunch,1,5,146626,146870,146715,146803,0.3607
datasets/workout/kevin0509workout/kevin0509workout_whole_session_20260509_173017.csv,kevin0509workout,db_weighted_crunch,1,6,146870,147118,146981,147050,0.2782
datasets/workout/kevin0509workout/kevin0509workout_whole_session_20260509_173017.csv,kevin0509workout,db_weighted_crunch,1,7,147118,147389,147295,147392,0.3431
datasets/workout/kevin0509workout/kevin0509workout_whole_session_20260509_173017.csv,kevin0509workout,db_weighted_crunch,1,8,147389,147612,147392,147512,0.5381
datasets/workout/kevin0509workout/kevin0509workout_whole_session_20260509_173017.csv,kevin0509workout,db_weighted_crunch,1,9,147612,147873,147711,147789,0.2989
datasets/workout/kevin0509workout/kevin0509workout_whole_session_20260509_173017.csv,kevin0509workout,db_weighted_crunch,1,10,147873,148140,147923,147988,0.2434
datasets/workout/kevin0509workout/kevin0509workout_whole_session_20260509_173017.csv,kevin0509workout,db_weighted_crunch,1,11,148140,148353,148251,148337,0.4038
datasets/workout/kevin0509workout/kevin0509workout_whole_session_20260509_173017.csv,kevin0509workout,db_weighted_crunch,2,0,159207,159627,159161,159413,0.4421
datasets/workout/kevin0509workout/kevin0509workout_whole_session_20260509_173017.csv,kevin0509workout,db_weighted_crunch,2,1,159627,159858,159685,159742,0.2468
datasets/workout/kevin0509workout/kevin0509workout_whole_session_20260509_173017.csv,kevin0509workout,db_weighted_crunch,2,2,159858,160081,159990,160065,0.3363
datasets/workout/kevin0509workout/kevin0509workout_whole_session_20260509_173017.csv,kevin0509workout,db_weighted_crunch,2,3,160081,160338,160220,160287,0.2607
datasets/workout/kevin0509workout/kevin0509workout_whole_session_20260509_173017.csv,kevin0509workout,db_weighted_crunch,2,4,160338,160525,160461,160510,0.262
datasets/workout/kevin0509workout/kevin0509workout_whole_session_20260509_173017.csv,kevin0509workout,db_weighted_crunch,2,5,160525,160760,160685,160755,0.2979
datasets/workout/kevin0509workout/kevin0509workout_whole_session_20260509_173017.csv,kevin0509workout,db_weighted_crunch,2,6,160760,160977,160895,160949,0.2488
datasets/workout/kevin0509workout/kevin0509workout_whole_session_20260509_173017.csv,kevin0509workout,db_weighted_crunch,2,7,160977,161177,161065,161147,0.41
datasets/workout/kevin0509workout/kevin0509workout_whole_session_20260509_173017.csv,kevin0509workout,db_weighted_crunch,2,8,161177,161437,161267,161319,0.2
datasets/workout/kevin0509workout/kevin0509workout_whole_session_20260509_173017.csv,kevin0509workout,db_weighted_crunch,2,9,161437,161656,161569,161643,0.3379
datasets/workout/kevin0509workout/kevin0509workout_whole_session_20260509_173017.csv,kevin0509workout,db_weighted_crunch,2,10,161656,161865,161773,161853,0.3828
datasets/workout/kevin0509workout/kevin0509workout_whole_session_20260509_173017.csv,kevin0509workout,db_weighted_crunch,2,11,161865,162079,162023,162079,0.2617
datasets/workout/kevin0509workout/kevin0509workout_whole_session_20260509_173017.csv,kevin0509workout,db_shoulder_press,0,0,180405,180707,180370,180734,0.8297
datasets/workout/kevin0509workout/kevin0509workout_whole_session_20260509_173017.csv,kevin0509workout,db_shoulder_press,0,1,180707,180975,180734,180953,0.8172
datasets/workout/kevin0509workout/kevin0509workout_whole_session_20260509_173017.csv,kevin0509workout,db_shoulder_press,0,2,180975,181174,180953,181134,0.7195
datasets/workout/kevin0509workout/kevin0509workout_whole_session_20260509_173017.csv,kevin0509workout,db_shoulder_press,1,0,188153,188384,188288,188372,0.3636
datasets/workout/kevin0509workout/kevin0509workout_whole_session_20260509_173017.csv,kevin0509workout,db_shoulder_press,1,1,188384,188624,188513,188611,0.4083
datasets/workout/kevin0509workout/kevin0509workout_whole_session_20260509_173017.csv,kevin0509workout,db_shoulder_press,1,2,188624,188843,188719,188825,0.484
datasets/workout/kevin0509workout/kevin0509workout_whole_session_20260509_173017.csv,kevin0509workout,db_shoulder_press,1,3,188843,189095,188977,189079,0.4048
datasets/workout/kevin0509workout/kevin0509workout_whole_session_20260509_173017.csv,kevin0509workout,db_shoulder_press,1,4,189095,189321,189196,189297,0.4469
datasets/workout/kevin0509workout/kevin0509workout_whole_session_20260509_173017.csv,kevin0509workout,db_shoulder_press,1,5,189321,189553,189407,189519,0.4828
datasets/workout/kevin0509workout/kevin0509workout_whole_session_20260509_173017.csv,kevin0509workout,db_shoulder_press,1,6,189553,189795,189663,189794,0.5413
datasets/workout/kevin0509workout/kevin0509workout_whole_session_20260509_173017.csv,kevin0509workout,db_shoulder_press,1,7,189795,190054,189794,189913,0.4538
datasets/workout/kevin0509workout/kevin0509workout_whole_session_20260509_173017.csv,kevin0509workout,db_shoulder_press,1,8,190054,190301,190163,190273,0.4453
datasets/workout/kevin0509workout/kevin0509workout_whole_session_20260509_173017.csv,kevin0509workout,db_shoulder_press,1,9,190301,190522,190386,190504,0.5339
datasets/workout/kevin0509workout/kevin0509workout_whole_session_20260509_173017.csv,kevin0509workout,db_shoulder_press,1,10,190522,190729,190623,190747,0.4711
datasets/workout/kevin0509workout/kevin0509workout_whole_session_20260509_173017.csv,kevin0509workout,db_shoulder_press,1,11,190729,190943,190747,190875,0.5981
datasets/workout/kevin0509workout/kevin0509workout_whole_session_20260509_173017.csv,kevin0509workout,db_shoulder_press,2,0,198200,198450,198155,198289,0.3017
datasets/workout/kevin0509workout/kevin0509workout_whole_session_20260509_173017.csv,kevin0509workout,db_shoulder_press,2,1,198450,198723,198507,198578,0.2601
datasets/workout/kevin0509workout/kevin0509workout_whole_session_20260509_173017.csv,kevin0509workout,db_shoulder_press,2,2,198723,199000,198815,198930,0.4152
datasets/workout/kevin0509workout/kevin0509workout_whole_session_20260509_173017.csv,kevin0509workout,db_shoulder_press,2,3,199000,199255,199059,199177,0.4627
datasets/workout/kevin0509workout/kevin0509workout_whole_session_20260509_173017.csv,kevin0509workout,db_shoulder_press,2,4,199255,199498,199343,199422,0.3251
datasets/workout/kevin0509workout/kevin0509workout_whole_session_20260509_173017.csv,kevin0509workout,db_shoulder_press,2,5,199498,199767,199599,199687,0.3271
datasets/workout/kevin0509workout/kevin0509workout_whole_session_20260509_173017.csv,kevin0509workout,db_shoulder_press,2,6,199767,200013,199869,199953,0.3415
datasets/workout/kevin0509workout/kevin0509workout_whole_session_20260509_173017.csv,kevin0509workout,db_shoulder_press,2,7,200013,200273,200074,200199,0.4808
datasets/workout/kevin0509workout/kevin0509workout_whole_session_20260509_173017.csv,kevin0509workout,db_shoulder_press,2,8,200273,200555,200355,200469,0.4043
datasets/workout/kevin0509workout/kevin0509workout_whole_session_20260509_173017.csv,kevin0509workout,db_shoulder_press,2,9,200555,200839,200601,200678,0.2711
datasets/workout/kevin0509workout/kevin0509workout_whole_session_20260509_173017.csv,kevin0509workout,db_shoulder_press,2,10,200839,201129,200963,201047,0.2897
datasets/workout/kevin0509workout/kevin0509workout_whole_session_20260509_173017.csv,kevin0509workout,db_shoulder_press,2,11,201129,201408,201253,201335,0.2939
datasets/workout/kevin0509workout/kevin0509workout_whole_session_20260509_173017.csv,kevin0509workout,db_shoulder_press,3,0,211264,211491,211221,211369,0.3889
datasets/workout/kevin0509workout/kevin0509workout_whole_session_20260509_173017.csv,kevin0509workout,db_shoulder_press,3,1,211491,211722,211620,211669,0.2121
datasets/workout/kevin0509workout/kevin0509workout_whole_session_20260509_173017.csv,kevin0509workout,db_shoulder_press,3,2,211722,211980,211759,211896,0.531
datasets/workout/kevin0509workout/kevin0509workout_whole_session_20260509_173017.csv,kevin0509workout,db_shoulder_press,3,3,211980,212237,212027,212151,0.4825
datasets/workout/kevin0509workout/kevin0509workout_whole_session_20260509_173017.csv,kevin0509workout,db_shoulder_press,3,4,212237,212503,212279,212357,0.2932
datasets/workout/kevin0509workout/kevin0509workout_whole_session_20260509_173017.csv,kevin0509workout,db_shoulder_press,3,5,212503,212775,212691,212803,0.28
datasets/workout/kevin0509workout/kevin0509workout_whole_session_20260509_173017.csv,kevin0509workout,db_shoulder_press,3,6,212775,213073,212803,212891,0.2953
datasets/workout/kevin0509workout/kevin0509workout_whole_session_20260509_173017.csv,kevin0509workout,db_shoulder_press,3,7,213073,213370,213114,213211,0.3266
datasets/workout/kevin0509workout/kevin0509workout_whole_session_20260509_173017.csv,kevin0509workout,db_shoulder_press,3,8,213370,213640,213383,213452,0.2556
datasets/workout/kevin0509workout/kevin0509workout_whole_session_20260509_173017.csv,kevin0509workout,db_shoulder_press,3,9,213640,213913,213696,213753,0.2088
datasets/workout/kevin0509workout/kevin0509workout_whole_session_20260509_173017.csv,kevin0509workout,db_shoulder_press,3,10,213913,214191,213939,214035,0.3453
datasets/workout/kevin0509workout/kevin0509workout_whole_session_20260509_173017.csv,kevin0509workout,db_shoulder_press,3,11,214191,214474,214372,214474,0.3604
datasets/workout/kevin0509workout/kevin0509workout_whole_session_20260509_173017.csv,kevin0509workout,db_biceps_curl,0,0,226852,227250,226824,227160,0.723
datasets/workout/kevin0509workout/kevin0509workout_whole_session_20260509_173017.csv,kevin0509workout,db_biceps_curl,0,1,227250,227544,227160,227469,0.5703
datasets/workout/kevin0509workout/kevin0509workout_whole_session_20260509_173017.csv,kevin0509workout,db_biceps_curl,0,2,227544,227836,227469,227760,0.5886
datasets/workout/kevin0509workout/kevin0509workout_whole_session_20260509_173017.csv,kevin0509workout,db_biceps_curl,0,3,227836,228154,227760,228050,0.5431
datasets/workout/kevin0509workout/kevin0509workout_whole_session_20260509_173017.csv,kevin0509workout,db_biceps_curl,0,4,228154,228503,228050,228406,0.5563
datasets/workout/kevin0509workout/kevin0509workout_whole_session_20260509_173017.csv,kevin0509workout,db_biceps_curl,0,5,228503,228867,228644,228798,0.4231
datasets/workout/kevin0509workout/kevin0509workout_whole_session_20260509_173017.csv,kevin0509workout,db_biceps_curl,0,6,228867,229185,228798,229080,0.5504
datasets/workout/kevin0509workout/kevin0509workout_whole_session_20260509_173017.csv,kevin0509workout,db_biceps_curl,0,7,229185,229505,229288,229448,0.5
datasets/workout/kevin0509workout/kevin0509workout_whole_session_20260509_173017.csv,kevin0509workout,db_biceps_curl,0,8,229505,229880,229448,229746,0.5579
datasets/workout/kevin0509workout/kevin0509workout_whole_session_20260509_173017.csv,kevin0509workout,db_biceps_curl,0,9,229880,230180,229746,230078,0.4562
datasets/workout/kevin0509workout/kevin0509workout_whole_session_20260509_173017.csv,kevin0509workout,db_biceps_curl,0,10,230180,230512,230078,230404,0.5161
datasets/workout/kevin0509workout/kevin0509workout_whole_session_20260509_173017.csv,kevin0509workout,db_biceps_curl,0,11,230512,230829,230404,230750,0.56
datasets/workout/kevin0509workout/kevin0509workout_whole_session_20260509_173017.csv,kevin0509workout,db_biceps_curl,1,0,240317,240630,240252,240521,0.5397
datasets/workout/kevin0509workout/kevin0509workout_whole_session_20260509_173017.csv,kevin0509workout,db_biceps_curl,1,1,240630,240920,240521,240826,0.4912
datasets/workout/kevin0509workout/kevin0509workout_whole_session_20260509_173017.csv,kevin0509workout,db_biceps_curl,1,2,240920,241257,241034,241203,0.5015
datasets/workout/kevin0509workout/kevin0509workout_whole_session_20260509_173017.csv,kevin0509workout,db_biceps_curl,1,3,241257,241607,241203,241489,0.5743
datasets/workout/kevin0509workout/kevin0509workout_whole_session_20260509_173017.csv,kevin0509workout,db_biceps_curl,1,4,241607,241902,241489,241812,0.4964
datasets/workout/kevin0509workout/kevin0509workout_whole_session_20260509_173017.csv,kevin0509workout,db_biceps_curl,1,5,241902,242229,241812,242130,0.5468
datasets/workout/kevin0509workout/kevin0509workout_whole_session_20260509_173017.csv,kevin0509workout,db_biceps_curl,1,6,242229,242553,242130,242464,0.5556
datasets/workout/kevin0509workout/kevin0509workout_whole_session_20260509_173017.csv,kevin0509workout,db_biceps_curl,1,7,242553,242886,242464,242807,0.6019
datasets/workout/kevin0509workout/kevin0509workout_whole_session_20260509_173017.csv,kevin0509workout,db_biceps_curl,1,8,242886,243267,242807,243140,0.5522
datasets/workout/kevin0509workout/kevin0509workout_whole_session_20260509_173017.csv,kevin0509workout,db_biceps_curl,1,9,243267,243579,243140,243476,0.4761
datasets/workout/kevin0509workout/kevin0509workout_whole_session_20260509_173017.csv,kevin0509workout,db_biceps_curl,1,10,243579,243905,243476,243808,0.5338
datasets/workout/kevin0509workout/kevin0509workout_whole_session_20260509_173017.csv,kevin0509workout,db_biceps_curl,1,11,243905,244169,243808,244086,0.5014
datasets/workout/kevin0509workout/kevin0509workout_whole_session_20260509_173017.csv,kevin0509workout,db_biceps_curl,2,0,253518,253831,253643,253751,0.345
datasets/workout/kevin0509workout/kevin0509workout_whole_session_20260509_173017.csv,kevin0509workout,db_biceps_curl,2,1,253831,254178,253995,254171,0.5072
datasets/workout/kevin0509workout/kevin0509workout_whole_session_20260509_173017.csv,kevin0509workout,db_biceps_curl,2,2,254178,254542,254171,254359,0.4879
datasets/workout/kevin0509workout/kevin0509workout_whole_session_20260509_173017.csv,kevin0509workout,db_biceps_curl,2,3,254542,254946,254567,254759,0.4752
datasets/workout/kevin0509workout/kevin0509workout_whole_session_20260509_173017.csv,kevin0509workout,db_biceps_curl,2,4,254946,255351,255165,255349,0.4543
datasets/workout/kevin0509workout/kevin0509workout_whole_session_20260509_173017.csv,kevin0509workout,db_biceps_curl,2,5,255351,255718,255349,255525,0.4715
datasets/workout/kevin0509workout/kevin0509workout_whole_session_20260509_173017.csv,kevin0509workout,db_biceps_curl,2,6,255718,256041,255891,256045,0.4587
datasets/workout/kevin0509workout/kevin0509workout_whole_session_20260509_173017.csv,kevin0509workout,db_biceps_curl,2,7,256041,256370,256251,256359,0.3283
datasets/workout/kevin0509workout/kevin0509workout_whole_session_20260509_173017.csv,kevin0509workout,db_biceps_curl,2,8,256370,256772,256567,256763,0.4876
datasets/workout/kevin0509workout/kevin0509workout_whole_session_20260509_173017.csv,kevin0509workout,db_biceps_curl,2,9,256772,257194,256967,257169,0.4787
datasets/workout/kevin0509workout/kevin0509workout_whole_session_20260509_173017.csv,kevin0509workout,db_biceps_curl,2,10,257194,257535,257391,257622,0.3364
datasets/workout/kevin0509workout/kevin0509workout_whole_session_20260509_173017.csv,kevin0509workout,db_biceps_curl,2,11,257535,258055,257622,257874,0.4846
datasets/workout/kevin0509workout/kevin0509workout_whole_session_20260509_173017.csv,kevin0509workout,db_triceps_curl,0,0,270488,270897,270787,270919,0.2552
datasets/workout/kevin0509workout/kevin0509workout_whole_session_20260509_173017.csv,kevin0509workout,db_triceps_curl,0,1,270897,271273,271103,271271,0.4468
datasets/workout/kevin0509workout/kevin0509workout_whole_session_20260509_173017.csv,kevin0509workout,db_triceps_curl,0,2,271273,271701,271547,271693,0.3411
datasets/workout/kevin0509workout/kevin0509workout_whole_session_20260509_173017.csv,kevin0509workout,db_triceps_curl,0,3,271701,272139,271945,272083,0.3151
datasets/workout/kevin0509workout/kevin0509workout_whole_session_20260509_173017.csv,kevin0509workout,db_triceps_curl,0,4,272139,272559,272299,272387,0.2095
datasets/workout/kevin0509workout/kevin0509workout_whole_session_20260509_173017.csv,kevin0509workout,db_triceps_curl,0,5,272559,273056,272641,272821,0.3622
datasets/workout/kevin0509workout/kevin0509workout_whole_session_20260509_173017.csv,kevin0509workout,db_triceps_curl,0,6,273056,273489,273325,273501,0.3685
datasets/workout/kevin0509workout/kevin0509workout_whole_session_20260509_173017.csv,kevin0509workout,db_triceps_curl,0,7,273489,273939,273757,273906,0.3311
datasets/workout/kevin0509workout/kevin0509workout_whole_session_20260509_173017.csv,kevin0509workout,db_triceps_curl,0,8,273939,274383,274133,274315,0.4099
datasets/workout/kevin0509workout/kevin0509workout_whole_session_20260509_173017.csv,kevin0509workout,db_triceps_curl,0,9,274383,274789,274527,274671,0.3547
datasets/workout/kevin0509workout/kevin0509workout_whole_session_20260509_173017.csv,kevin0509workout,db_triceps_curl,0,10,274789,275257,275073,275179,0.2265
datasets/workout/kevin0509workout/kevin0509workout_whole_session_20260509_173017.csv,kevin0509workout,db_triceps_curl,0,11,275257,275619,275399,275505,0.2928
datasets/workout/kevin0509workout/kevin0509workout_whole_session_20260509_173017.csv,kevin0509workout,db_triceps_curl,1,0,288843,289223,289117,289240,0.267
datasets/workout/kevin0509workout/kevin0509workout_whole_session_20260509_173017.csv,kevin0509workout,db_triceps_curl,1,1,289223,289638,289240,289386,0.3518
datasets/workout/kevin0509workout/kevin0509workout_whole_session_20260509_173017.csv,kevin0509workout,db_triceps_curl,1,2,289638,290035,289923,290025,0.2569
datasets/workout/kevin0509workout/kevin0509workout_whole_session_20260509_173017.csv,kevin0509workout,db_triceps_curl,1,3,290035,290362,290025,290121,0.2552
datasets/workout/kevin0509workout/kevin0509workout_whole_session_20260509_173017.csv,kevin0509workout,db_triceps_curl,1,4,290362,290732,290540,290651,0.3
datasets/workout/kevin0509workout/kevin0509workout_whole_session_20260509_173017.csv,kevin0509workout,db_triceps_curl,1,5,290732,291089,290937,291007,0.1961
datasets/workout/kevin0509workout/kevin0509workout_whole_session_20260509_173017.csv,kevin0509workout,db_triceps_curl,1,6,291089,291434,291298,291387,0.258
datasets/workout/kevin0509workout/kevin0509workout_whole_session_20260509_173017.csv,kevin0509workout,db_triceps_curl,1,7,291434,291773,291611,291705,0.2773
datasets/workout/kevin0509workout/kevin0509workout_whole_session_20260509_173017.csv,kevin0509workout,db_triceps_curl,1,8,291773,292128,291820,291896,0.2141
datasets/workout/kevin0509workout/kevin0509workout_whole_session_20260509_173017.csv,kevin0509workout,db_triceps_curl,1,9,292128,292456,292330,292426,0.2927
datasets/workout/kevin0509workout/kevin0509workout_whole_session_20260509_173017.csv,kevin0509workout,db_triceps_curl,1,10,292456,292793,292604,292680,0.2255
datasets/workout/kevin0509workout/kevin0509workout_whole_session_20260509_173017.csv,kevin0509workout,db_triceps_curl,1,11,292793,293134,292991,293082,0.2669
datasets/workout/kevin0509workout/kevin0509workout_whole_session_20260509_173017.csv,kevin0509workout,db_triceps_curl,2,0,302705,303102,302723,302793,0.1763
datasets/workout/kevin0509workout/kevin0509workout_whole_session_20260509_173017.csv,kevin0509workout,db_triceps_curl,2,1,303102,303402,303343,303401,0.1933
datasets/workout/kevin0509workout/kevin0509workout_whole_session_20260509_173017.csv,kevin0509workout,db_triceps_curl,2,2,303402,303738,303401,303457,0.1632
datasets/workout/kevin0509workout/kevin0509workout_whole_session_20260509_173017.csv,kevin0509workout,db_triceps_curl,2,3,303738,304043,303983,304044,0.1961
datasets/workout/kevin0509workout/kevin0509workout_whole_session_20260509_173017.csv,kevin0509workout,db_triceps_curl,2,4,304043,304347,304257,304305,0.1579
datasets/workout/kevin0509workout/kevin0509workout_whole_session_20260509_173017.csv,kevin0509workout,db_triceps_curl,2,5,304347,304643,304393,304439,0.1554
datasets/workout/kevin0509workout/kevin0509workout_whole_session_20260509_173017.csv,kevin0509workout,db_triceps_curl,2,6,304643,304967,304757,304826,0.213
datasets/workout/kevin0509workout/kevin0509workout_whole_session_20260509_173017.csv,kevin0509workout,db_triceps_curl,2,7,304967,305296,305187,305247,0.1824
datasets/workout/kevin0509workout/kevin0509workout_whole_session_20260509_173017.csv,kevin0509workout,db_triceps_curl,2,8,305296,305631,305489,305551,0.1851
datasets/workout/kevin0509workout/kevin0509workout_whole_session_20260509_173017.csv,kevin0509workout,db_triceps_curl,2,9,305631,305956,305763,305821,0.1785
datasets/workout/kevin0509workout/kevin0509workout_whole_session_20260509_173017.csv,kevin0509workout,db_triceps_curl,2,10,305956,306278,305987,306050,0.1957
datasets/workout/kevin0509workout/kevin0509workout_whole_session_20260509_173017.csv,kevin0509workout,db_triceps_curl,2,11,306278,306602,306553,306602,0.1512
datasets/workout/kevin0509workout/kevin0509workout_whole_session_20260509_173017.csv,kevin0509workout,db_triceps_curl,2,12,306602,307002,306797,306847,0.125
datasets/workout/kevin0509workout/kevin0509workout_whole_session_20260509_173017.csv,kevin0509workout,db_squat,0,0,319879,320255,319844,320093,0.5207
datasets/workout/kevin0509workout/kevin0509workout_whole_session_20260509_173017.csv,kevin0509workout,db_squat,0,1,320255,320601,320341,320526,0.5347
datasets/workout/kevin0509workout/kevin0509workout_whole_session_20260509_173017.csv,kevin0509workout,db_squat,0,2,320601,320980,320526,320804,0.4471
datasets/workout/kevin0509workout/kevin0509workout_whole_session_20260509_173017.csv,kevin0509workout,db_squat,0,3,320980,321348,321067,321230,0.4429
datasets/workout/kevin0509workout/kevin0509workout_whole_session_20260509_173017.csv,kevin0509workout,db_squat,0,4,321348,321687,321570,321698,0.3343
datasets/workout/kevin0509workout/kevin0509workout_whole_session_20260509_173017.csv,kevin0509workout,db_squat,0,5,321687,322037,321698,321808,0.3143
datasets/workout/kevin0509workout/kevin0509workout_whole_session_20260509_173017.csv,kevin0509workout,db_squat,0,6,322037,322362,322215,322368,0.4441
datasets/workout/kevin0509workout/kevin0509workout_whole_session_20260509_173017.csv,kevin0509workout,db_squat,0,7,322362,322762,322612,322774,0.3641
datasets/workout/kevin0509workout/kevin0509workout_whole_session_20260509_173017.csv,kevin0509workout,db_squat,0,8,322762,323089,322774,323042,0.8196
datasets/workout/kevin0509workout/kevin0509workout_whole_session_20260509_173017.csv,kevin0509workout,db_squat,0,9,323089,323427,323042,323214,0.3247
datasets/workout/kevin0509workout/kevin0509workout_whole_session_20260509_173017.csv,kevin0509workout,db_squat,0,10,323427,323792,323486,323678,0.526
datasets/workout/kevin0509workout/kevin0509workout_whole_session_20260509_173017.csv,kevin0509workout,db_squat,0,11,323792,324164,323994,324128,0.3602
datasets/workout/kevin0509workout/kevin0509workout_whole_session_20260509_173017.csv,kevin0509workout,db_squat,1,0,330751,331051,330697,330840,0.2514
datasets/workout/kevin0509workout/kevin0509workout_whole_session_20260509_173017.csv,kevin0509workout,db_squat,1,1,331051,331388,331119,331261,0.4214
datasets/workout/kevin0509workout/kevin0509workout_whole_session_20260509_173017.csv,kevin0509workout,db_squat,1,2,331388,331733,331565,331708,0.4145
datasets/workout/kevin0509workout/kevin0509workout_whole_session_20260509_173017.csv,kevin0509workout,db_squat,1,3,331733,332061,331943,332021,0.2378
datasets/workout/kevin0509workout/kevin0509workout_whole_session_20260509_173017.csv,kevin0509workout,db_squat,1,4,332061,332410,332213,332313,0.2865
datasets/workout/kevin0509workout/kevin0509workout_whole_session_20260509_173017.csv,kevin0509workout,db_squat,1,5,332410,332747,332313,332607,0.4539
datasets/workout/kevin0509workout/kevin0509workout_whole_session_20260509_173017.csv,kevin0509workout,db_squat,1,6,332747,333102,332607,332953,0.4162
datasets/workout/kevin0509workout/kevin0509workout_whole_session_20260509_173017.csv,kevin0509workout,db_squat,1,7,333102,333427,333136,333259,0.3785
datasets/workout/kevin0509workout/kevin0509workout_whole_session_20260509_173017.csv,kevin0509workout,db_squat,1,8,333427,333742,333523,333675,0.4825
datasets/workout/kevin0509workout/kevin0509workout_whole_session_20260509_173017.csv,kevin0509workout,db_squat,1,9,333742,334080,333750,333863,0.3343
datasets/workout/kevin0509workout/kevin0509workout_whole_session_20260509_173017.csv,kevin0509workout,db_squat,1,10,334080,334397,334245,334394,0.47
datasets/workout/kevin0509workout/kevin0509workout_whole_session_20260509_173017.csv,kevin0509workout,db_squat,1,11,334397,334667,334394,334497,0.3663
datasets/workout/kevin0509workout/kevin0509workout_whole_session_20260509_173017.csv,kevin0509workout,db_squat,2,0,344338,344650,344480,344557,0.2468
datasets/workout/kevin0509workout/kevin0509workout_whole_session_20260509_173017.csv,kevin0509workout,db_squat,2,1,344650,344948,344882,344956,0.2157
datasets/workout/kevin0509workout/kevin0509workout_whole_session_20260509_173017.csv,kevin0509workout,db_squat,2,2,344948,345268,344956,345031,0.2344
datasets/workout/kevin0509workout/kevin0509workout_whole_session_20260509_173017.csv,kevin0509workout,db_squat,2,3,345268,345571,345454,345523,0.2277
datasets/workout/kevin0509workout/kevin0509workout_whole_session_20260509_173017.csv,kevin0509workout,db_squat,2,4,345571,345876,345737,345790,0.1738
datasets/workout/kevin0509workout/kevin0509workout_whole_session_20260509_173017.csv,kevin0509workout,db_squat,2,5,345876,346162,346114,346178,0.1589
datasets/workout/kevin0509workout/kevin0509workout_whole_session_20260509_173017.csv,kevin0509workout,db_squat,2,6,346162,346445,346178,346267,0.3145
datasets/workout/kevin0509workout/kevin0509workout_whole_session_20260509_173017.csv,kevin0509workout,db_squat,2,7,346445,346737,346452,346508,0.1918
datasets/workout/kevin0509workout/kevin0509workout_whole_session_20260509_173017.csv,kevin0509workout,db_squat,2,8,346737,347056,346756,346834,0.2445
datasets/workout/kevin0509workout/kevin0509workout_whole_session_20260509_173017.csv,kevin0509workout,db_squat,2,9,347056,347343,347226,347318,0.3206
datasets/workout/kevin0509workout/kevin0509workout_whole_session_20260509_173017.csv,kevin0509workout,db_squat,2,10,347343,347636,347560,347607,0.1604
datasets/workout/kevin0509workout/kevin0509workout_whole_session_20260509_173017.csv,kevin0509workout,db_squat,2,11,347636,347939,347852,347939,0.2871
datasets/workout/thomas0506workout/thomas0506_whole_session_20260506_154720.csv,thomas0506,db_bench_press,0,0,331,536,391,506,0.561
datasets/workout/thomas0506workout/thomas0506_whole_session_20260506_154720.csv,thomas0506,db_bench_press,0,1,536,761,606,674,0.3022
datasets/workout/thomas0506workout/thomas0506_whole_session_20260506_154720.csv,thomas0506,db_bench_press,0,2,761,957,816,926,0.5612
datasets/workout/thomas0506workout/thomas0506_whole_session_20260506_154720.csv,thomas0506,db_bench_press,0,3,957,1176,1049,1154,0.4795
datasets/workout/thomas0506workout/thomas0506_whole_session_20260506_154720.csv,thomas0506,db_bench_press,0,4,1176,1388,1262,1380,0.5566
datasets/workout/thomas0506workout/thomas0506_whole_session_20260506_154720.csv,thomas0506,db_bench_press,0,5,1388,1633,1496,1616,0.4898
datasets/workout/thomas0506workout/thomas0506_whole_session_20260506_154720.csv,thomas0506,db_bench_press,0,6,1633,1875,1734,1844,0.4545
datasets/workout/thomas0506workout/thomas0506_whole_session_20260506_154720.csv,thomas0506,db_bench_press,0,7,1875,2103,1953,2045,0.4035
datasets/workout/thomas0506workout/thomas0506_whole_session_20260506_154720.csv,thomas0506,db_bench_press,0,8,2103,2334,2178,2289,0.4805
datasets/workout/thomas0506workout/thomas0506_whole_session_20260506_154720.csv,thomas0506,db_bench_press,0,9,2334,2550,2404,2514,0.5093
datasets/workout/thomas0506workout/thomas0506_whole_session_20260506_154720.csv,thomas0506,db_bench_press,0,10,2550,2772,2632,2759,0.5721
datasets/workout/thomas0506workout/thomas0506_whole_session_20260506_154720.csv,thomas0506,db_bench_press,0,11,2772,3034,2885,2996,0.4237
datasets/workout/thomas0506workout/thomas0506_whole_session_20260506_154720.csv,thomas0506,db_bench_press,0,12,3034,3250,3110,3244,0.6204
datasets/workout/thomas0506workout/thomas0506_whole_session_20260506_154720.csv,thomas0506,db_bench_press,1,0,8982,9187,8929,9152,0.6589
datasets/workout/thomas0506workout/thomas0506_whole_session_20260506_154720.csv,thomas0506,db_bench_press,1,1,9187,9392,9152,9369,0.7583
datasets/workout/thomas0506workout/thomas0506_whole_session_20260506_154720.csv,thomas0506,db_bench_press,1,2,9392,9611,9369,9599,0.8554
datasets/workout/thomas0506workout/thomas0506_whole_session_20260506_154720.csv,thomas0506,db_bench_press,1,3,9611,9871,9599,9751,0.5147
datasets/workout/thomas0506workout/thomas0506_whole_session_20260506_154720.csv,thomas0506,db_bench_press,1,4,9871,10082,9869,9983,0.5258
datasets/workout/thomas0506workout/thomas0506_whole_session_20260506_154720.csv,thomas0506,db_bench_press,1,5,10082,10282,10083,10275,0.96
datasets/workout/thomas0506workout/thomas0506_whole_session_20260506_154720.csv,thomas0506,db_bench_press,1,6,10282,10500,10275,10533,0.845
datasets/workout/thomas0506workout/thomas0506_whole_session_20260506_154720.csv,thomas0506,db_bench_press,1,7,10500,10753,10533,10764,0.8333
datasets/workout/thomas0506workout/thomas0506_whole_session_20260506_154720.csv,thomas0506,db_bench_press,1,8,10753,10971,10764,10963,0.9128
datasets/workout/thomas0506workout/thomas0506_whole_session_20260506_154720.csv,thomas0506,db_bench_press,1,9,10971,11195,10963,11090,0.5129
datasets/workout/thomas0506workout/thomas0506_whole_session_20260506_154720.csv,thomas0506,db_bench_press,1,10,11195,11406,11185,11374,0.81
datasets/workout/thomas0506workout/thomas0506_whole_session_20260506_154720.csv,thomas0506,db_bench_press,1,11,11406,11622,11374,11595,0.7621
datasets/workout/thomas0506workout/thomas0506_whole_session_20260506_154720.csv,thomas0506,db_bench_press,1,12,11622,11826,11723,11827,0.5024
datasets/workout/thomas0506workout/thomas0506_whole_session_20260506_154720.csv,thomas0506,db_bench_press,2,0,17832,18070,17925,18033,0.4538
datasets/workout/thomas0506workout/thomas0506_whole_session_20260506_154720.csv,thomas0506,db_bench_press,2,1,18070,18277,18177,18251,0.3575
datasets/workout/thomas0506workout/thomas0506_whole_session_20260506_154720.csv,thomas0506,db_bench_press,2,2,18277,18481,18386,18467,0.3971
datasets/workout/thomas0506workout/thomas0506_whole_session_20260506_154720.csv,thomas0506,db_bench_press,2,3,18481,18696,18605,18681,0.3535
datasets/workout/thomas0506workout/thomas0506_whole_session_20260506_154720.csv,thomas0506,db_bench_press,2,4,18696,18922,18681,18775,0.3278
datasets/workout/thomas0506workout/thomas0506_whole_session_20260506_154720.csv,thomas0506,db_bench_press,2,5,18922,19153,18947,19008,0.2641
datasets/workout/thomas0506workout/thomas0506_whole_session_20260506_154720.csv,thomas0506,db_bench_press,2,6,19153,19395,19241,19343,0.4215
datasets/workout/thomas0506workout/thomas0506_whole_session_20260506_154720.csv,thomas0506,db_bench_press,2,7,19395,19618,19507,19563,0.2511
datasets/workout/thomas0506workout/thomas0506_whole_session_20260506_154720.csv,thomas0506,db_bench_press,2,8,19618,19867,19719,19843,0.498
datasets/workout/thomas0506workout/thomas0506_whole_session_20260506_154720.csv,thomas0506,db_bench_press,2,9,19867,20095,19957,20069,0.4912
datasets/workout/thomas0506workout/thomas0506_whole_session_20260506_154720.csv,thomas0506,db_bench_press,2,10,20095,20332,20185,20308,0.519
datasets/workout/thomas0506workout/thomas0506_whole_session_20260506_154720.csv,thomas0506,db_bench_press,2,11,20332,20560,20308,20429,0.3849
datasets/workout/thomas0506workout/thomas0506_whole_session_20260506_154720.csv,thomas0506,db_bench_press,2,12,20560,20791,20579,20662,0.3593
datasets/workout/thomas0506workout/thomas0506_whole_session_20260506_154720.csv,thomas0506,one_arm_db_row,0,0,34027,34234,34092,34278,0.5657
datasets/workout/thomas0506workout/thomas0506_whole_session_20260506_154720.csv,thomas0506,one_arm_db_row,0,1,34234,34447,34278,34509,0.6145
datasets/workout/thomas0506workout/thomas0506_whole_session_20260506_154720.csv,thomas0506,one_arm_db_row,0,2,34447,34669,34509,34647,0.6216
datasets/workout/thomas0506workout/thomas0506_whole_session_20260506_154720.csv,thomas0506,one_arm_db_row,0,3,34669,34918,34750,34864,0.4578
datasets/workout/thomas0506workout/thomas0506_whole_session_20260506_154720.csv,thomas0506,one_arm_db_row,0,4,34918,35147,34994,35182,0.5795
datasets/workout/thomas0506workout/thomas0506_whole_session_20260506_154720.csv,thomas0506,one_arm_db_row,0,5,35147,35389,35182,35300,0.4876
datasets/workout/thomas0506workout/thomas0506_whole_session_20260506_154720.csv,thomas0506,one_arm_db_row,0,6,35389,35634,35455,35624,0.6898
datasets/workout/thomas0506workout/thomas0506_whole_session_20260506_154720.csv,thomas0506,one_arm_db_row,0,7,35634,35860,35624,35747,0.4788
datasets/workout/thomas0506workout/thomas0506_whole_session_20260506_154720.csv,thomas0506,one_arm_db_row,0,8,35860,36090,35911,36042,0.5696
datasets/workout/thomas0506workout/thomas0506_whole_session_20260506_154720.csv,thomas0506,one_arm_db_row,0,9,36090,36327,36156,36272,0.4895
datasets/workout/thomas0506workout/thomas0506_whole_session_20260506_154720.csv,thomas0506,one_arm_db_row,0,10,36327,36553,36404,36492,0.3894
datasets/workout/thomas0506workout/thomas0506_whole_session_20260506_154720.csv,thomas0506,one_arm_db_row,0,11,36553,36784,36642,36818,0.5358
datasets/workout/thomas0506workout/thomas0506_whole_session_20260506_154720.csv,thomas0506,one_arm_db_row,0,12,36784,37006,36818,37054,0.6963
datasets/workout/thomas0506workout/thomas0506_whole_session_20260506_154720.csv,thomas0506,one_arm_db_row,1,0,42399,42639,42450,42532,0.3417
datasets/workout/thomas0506workout/thomas0506_whole_session_20260506_154720.csv,thomas0506,one_arm_db_row,1,1,42639,42875,42648,42716,0.2881
datasets/workout/thomas0506workout/thomas0506_whole_session_20260506_154720.csv,thomas0506,one_arm_db_row,1,2,42875,43100,42892,42996,0.4622
datasets/workout/thomas0506workout/thomas0506_whole_session_20260506_154720.csv,thomas0506,one_arm_db_row,1,3,43100,43331,43258,43352,0.2897
datasets/workout/thomas0506workout/thomas0506_whole_session_20260506_154720.csv,thomas0506,one_arm_db_row,1,4,43331,43581,43352,43441,0.356
datasets/workout/thomas0506workout/thomas0506_whole_session_20260506_154720.csv,thomas0506,one_arm_db_row,1,5,43581,43803,43711,43797,0.3874
datasets/workout/thomas0506workout/thomas0506_whole_session_20260506_154720.csv,thomas0506,one_arm_db_row,1,6,43803,44052,43960,44076,0.337
datasets/workout/thomas0506workout/thomas0506_whole_session_20260506_154720.csv,thomas0506,one_arm_db_row,1,7,44052,44274,44076,44168,0.4144
datasets/workout/thomas0506workout/thomas0506_whole_session_20260506_154720.csv,thomas0506,one_arm_db_row,1,8,44274,44504,44416,44501,0.3696
datasets/workout/thomas0506workout/thomas0506_whole_session_20260506_154720.csv,thomas0506,one_arm_db_row,1,9,44504,44748,44643,44727,0.3443
datasets/workout/thomas0506workout/thomas0506_whole_session_20260506_154720.csv,thomas0506,one_arm_db_row,1,10,44748,44991,44897,45006,0.3643
datasets/workout/thomas0506workout/thomas0506_whole_session_20260506_154720.csv,thomas0506,one_arm_db_row,1,11,44991,45224,45006,45122,0.4979
datasets/workout/thomas0506workout/thomas0506_whole_session_20260506_154720.csv,thomas0506,one_arm_db_row,1,12,45224,45435,45222,45294,0.3286
datasets/workout/thomas0506workout/thomas0506_whole_session_20260506_154720.csv,thomas0506,one_arm_db_row,2,0,54832,55042,54834,54897,0.3
datasets/workout/thomas0506workout/thomas0506_whole_session_20260506_154720.csv,thomas0506,one_arm_db_row,2,1,55042,55270,55061,55102,0.1798
datasets/workout/thomas0506workout/thomas0506_whole_session_20260506_154720.csv,thomas0506,one_arm_db_row,2,2,55270,55495,55399,55456,0.2533
datasets/workout/thomas0506workout/thomas0506_whole_session_20260506_154720.csv,thomas0506,one_arm_db_row,2,3,55495,55735,55537,55575,0.1583
datasets/workout/thomas0506workout/thomas0506_whole_session_20260506_154720.csv,thomas0506,one_arm_db_row,2,4,55735,55980,55755,55813,0.2367
datasets/workout/thomas0506workout/thomas0506_whole_session_20260506_154720.csv,thomas0506,one_arm_db_row,2,5,55980,56210,56141,56179,0.1652
datasets/workout/thomas0506workout/thomas0506_whole_session_20260506_154720.csv,thomas0506,one_arm_db_row,2,6,56210,56454,56269,56309,0.1639
datasets/workout/thomas0506workout/thomas0506_whole_session_20260506_154720.csv,thomas0506,one_arm_db_row,2,7,56454,56682,56507,56573,0.2895
datasets/workout/thomas0506workout/thomas0506_whole_session_20260506_154720.csv,thomas0506,one_arm_db_row,2,8,56682,56917,56682,56739,0.2426
datasets/workout/thomas0506workout/thomas0506_whole_session_20260506_154720.csv,thomas0506,one_arm_db_row,2,9,56917,57164,57107,57167,0.228
datasets/workout/thomas0506workout/thomas0506_whole_session_20260506_154720.csv,thomas0506,one_arm_db_row,2,10,57164,57397,57331,57407,0.2716
datasets/workout/thomas0506workout/thomas0506_whole_session_20260506_154720.csv,thomas0506,one_arm_db_row,2,11,57397,57623,57407,57477,0.3097
datasets/workout/thomas0506workout/thomas0506_whole_session_20260506_154720.csv,thomas0506,db_rdl,0,0,72001,72271,71935,72379,0.6081
datasets/workout/thomas0506workout/thomas0506_whole_session_20260506_154720.csv,thomas0506,db_rdl,0,1,72271,72527,72379,72625,0.4181
datasets/workout/thomas0506workout/thomas0506_whole_session_20260506_154720.csv,thomas0506,db_rdl,0,2,72527,72776,72625,72903,0.4016
datasets/workout/thomas0506workout/thomas0506_whole_session_20260506_154720.csv,thomas0506,db_rdl,0,3,72776,73096,72903,73231,0.4242
datasets/workout/thomas0506workout/thomas0506_whole_session_20260506_154720.csv,thomas0506,db_rdl,0,4,73096,73419,73231,73541,0.4225
datasets/workout/thomas0506workout/thomas0506_whole_session_20260506_154720.csv,thomas0506,db_rdl,0,5,73419,73735,73541,73841,0.4597
datasets/workout/thomas0506workout/thomas0506_whole_session_20260506_154720.csv,thomas0506,db_rdl,0,6,73735,74011,73841,74128,0.4326
datasets/workout/thomas0506workout/thomas0506_whole_session_20260506_154720.csv,thomas0506,db_rdl,0,7,74011,74304,74128,74403,0.449
datasets/workout/thomas0506workout/thomas0506_whole_session_20260506_154720.csv,thomas0506,db_rdl,0,8,74304,74588,74403,74687,0.483
datasets/workout/thomas0506workout/thomas0506_whole_session_20260506_154720.csv,thomas0506,db_rdl,0,9,74588,74876,74687,74971,0.4935
datasets/workout/thomas0506workout/thomas0506_whole_session_20260506_154720.csv,thomas0506,db_rdl,0,10,74876,75144,74971,75232,0.486
datasets/workout/thomas0506workout/thomas0506_whole_session_20260506_154720.csv,thomas0506,db_rdl,0,11,75144,75392,75232,75549,0.3951
datasets/workout/thomas0506workout/thomas0506_whole_session_20260506_154720.csv,thomas0506,db_rdl,1,0,81129,81377,81075,81411,0.7381
datasets/workout/thomas0506workout/thomas0506_whole_session_20260506_154720.csv,thomas0506,db_rdl,1,1,81377,81639,81411,81676,0.7625
datasets/workout/thomas0506workout/thomas0506_whole_session_20260506_154720.csv,thomas0506,db_rdl,1,2,81639,81908,81676,81931,0.7945
datasets/workout/thomas0506workout/thomas0506_whole_session_20260506_154720.csv,thomas0506,db_rdl,1,3,81908,82172,81931,82187,0.8638
datasets/workout/thomas0506workout/thomas0506_whole_session_20260506_154720.csv,thomas0506,db_rdl,1,4,82172,82433,82187,82450,0.8849
datasets/workout/thomas0506workout/thomas0506_whole_session_20260506_154720.csv,thomas0506,db_rdl,1,5,82433,82687,82450,82699,0.891
datasets/workout/thomas0506workout/thomas0506_whole_session_20260506_154720.csv,thomas0506,db_rdl,1,6,82687,82930,82699,82941,0.9094
datasets/workout/thomas0506workout/thomas0506_whole_session_20260506_154720.csv,thomas0506,db_rdl,1,7,82930,83181,82941,83203,0.8791
datasets/workout/thomas0506workout/thomas0506_whole_session_20260506_154720.csv,thomas0506,db_rdl,1,8,83181,83437,83203,83449,0.8731
datasets/workout/thomas0506workout/thomas0506_whole_session_20260506_154720.csv,thomas0506,db_rdl,1,9,83437,83672,83449,83686,0.8956
datasets/workout/thomas0506workout/thomas0506_whole_session_20260506_154720.csv,thomas0506,db_rdl,1,10,83672,83918,83686,83945,0.8498
datasets/workout/thomas0506workout/thomas0506_whole_session_20260506_154720.csv,thomas0506,db_rdl,1,11,83918,84171,83945,84275,0.6331
datasets/workout/thomas0506workout/thomas0506_whole_session_20260506_154720.csv,thomas0506,db_rdl,2,0,91062,91275,91154,91223,0.3239
datasets/workout/thomas0506workout/thomas0506_whole_session_20260506_154720.csv,thomas0506,db_rdl,2,1,91275,91537,91271,91319,0.1654
datasets/workout/thomas0506workout/thomas0506_whole_session_20260506_154720.csv,thomas0506,db_rdl,2,2,91537,91772,91649,91747,0.417
datasets/workout/thomas0506workout/thomas0506_whole_session_20260506_154720.csv,thomas0506,db_rdl,2,3,91772,92019,91935,91991,0.2267
datasets/workout/thomas0506workout/thomas0506_whole_session_20260506_154720.csv,thomas0506,db_rdl,2,4,92019,92261,92119,92195,0.314
datasets/workout/thomas0506workout/thomas0506_whole_session_20260506_154720.csv,thomas0506,db_rdl,2,5,92261,92480,92286,92356,0.3196
datasets/workout/thomas0506workout/thomas0506_whole_session_20260506_154720.csv,thomas0506,db_rdl,2,6,92480,92709,92585,92654,0.3013
datasets/workout/thomas0506workout/thomas0506_whole_session_20260506_154720.csv,thomas0506,db_rdl,2,7,92709,92925,92860,92943,0.2778
datasets/workout/thomas0506workout/thomas0506_whole_session_20260506_154720.csv,thomas0506,db_rdl,2,8,92925,93156,92943,93051,0.4675
datasets/workout/thomas0506workout/thomas0506_whole_session_20260506_154720.csv,thomas0506,db_rdl,2,9,93156,93375,93282,93353,0.3242
datasets/workout/thomas0506workout/thomas0506_whole_session_20260506_154720.csv,thomas0506,db_rdl,2,10,93375,93633,93420,93525,0.407
datasets/workout/thomas0506workout/thomas0506_whole_session_20260506_154720.csv,thomas0506,db_rdl,2,11,93633,93890,93672,93773,0.393
datasets/workout/thomas0506workout/thomas0506_whole_session_20260506_154720.csv,thomas0506,db_weighted_crunch,0,0,105224,105585,105160,105425,0.4729
datasets/workout/thomas0506workout/thomas0506_whole_session_20260506_154720.csv,thomas0506,db_weighted_crunch,0,1,105585,105818,105675,105782,0.4592
datasets/workout/thomas0506workout/thomas0506_whole_session_20260506_154720.csv,thomas0506,db_weighted_crunch,0,2,105818,106113,105989,106108,0.4034
datasets/workout/thomas0506workout/thomas0506_whole_session_20260506_154720.csv,thomas0506,db_weighted_crunch,0,3,106113,106369,106108,106206,0.3563
datasets/workout/thomas0506workout/thomas0506_whole_session_20260506_154720.csv,thomas0506,db_weighted_crunch,0,4,106369,106628,106357,106448,0.2915
datasets/workout/thomas0506workout/thomas0506_whole_session_20260506_154720.csv,thomas0506,db_weighted_crunch,0,5,106628,106923,106635,106731,0.3254
datasets/workout/thomas0506workout/thomas0506_whole_session_20260506_154720.csv,thomas0506,db_weighted_crunch,0,6,106923,107224,106925,107008,0.2757
datasets/workout/thomas0506workout/thomas0506_whole_session_20260506_154720.csv,thomas0506,db_weighted_crunch,0,7,107224,107533,107238,107382,0.466
datasets/workout/thomas0506workout/thomas0506_whole_session_20260506_154720.csv,thomas0506,db_weighted_crunch,0,8,107533,107801,107695,107788,0.347
datasets/workout/thomas0506workout/thomas0506_whole_session_20260506_154720.csv,thomas0506,db_weighted_crunch,0,9,107801,108062,107788,107869,0.2482
datasets/workout/thomas0506workout/thomas0506_whole_session_20260506_154720.csv,thomas0506,db_weighted_crunch,0,10,108062,108351,108234,108328,0.3253
datasets/workout/thomas0506workout/thomas0506_whole_session_20260506_154720.csv,thomas0506,db_weighted_crunch,0,11,108351,108641,108529,108630,0.3483
datasets/workout/thomas0506workout/thomas0506_whole_session_20260506_154720.csv,thomas0506,db_weighted_crunch,1,0,114252,114545,114446,114538,0.314
datasets/workout/thomas0506workout/thomas0506_whole_session_20260506_154720.csv,thomas0506,db_weighted_crunch,1,1,114545,114800,114592,114676,0.3294
datasets/workout/thomas0506workout/thomas0506_whole_session_20260506_154720.csv,thomas0506,db_weighted_crunch,1,2,114800,115064,114806,114934,0.4848
datasets/workout/thomas0506workout/thomas0506_whole_session_20260506_154720.csv,thomas0506,db_weighted_crunch,1,3,115064,115295,115087,115197,0.4762
datasets/workout/thomas0506workout/thomas0506_whole_session_20260506_154720.csv,thomas0506,db_weighted_crunch,1,4,115295,115550,115338,115462,0.4863
datasets/workout/thomas0506workout/thomas0506_whole_session_20260506_154720.csv,thomas0506,db_weighted_crunch,1,5,115550,115796,115621,115728,0.435
datasets/workout/thomas0506workout/thomas0506_whole_session_20260506_154720.csv,thomas0506,db_weighted_crunch,1,6,115796,116057,115859,115996,0.5249
datasets/workout/thomas0506workout/thomas0506_whole_session_20260506_154720.csv,thomas0506,db_weighted_crunch,1,7,116057,116354,115996,116196,0.3883
datasets/workout/thomas0506workout/thomas0506_whole_session_20260506_154720.csv,thomas0506,db_weighted_crunch,1,8,116354,116595,116358,116481,0.5104
datasets/workout/thomas0506workout/thomas0506_whole_session_20260506_154720.csv,thomas0506,db_weighted_crunch,1,9,116595,116863,116733,116865,0.4815
datasets/workout/thomas0506workout/thomas0506_whole_session_20260506_154720.csv,thomas0506,db_weighted_crunch,1,10,116863,117144,117038,117133,0.3381
datasets/workout/thomas0506workout/thomas0506_whole_session_20260506_154720.csv,thomas0506,db_weighted_crunch,1,11,117144,117401,117212,117314,0.3969
datasets/workout/thomas0506workout/thomas0506_whole_session_20260506_154720.csv,thomas0506,db_weighted_crunch,1,12,117401,117708,117469,117621,0.4951
datasets/workout/thomas0506workout/thomas0506_whole_session_20260506_154720.csv,thomas0506,db_weighted_crunch,1,13,117708,117981,117820,118023,0.5111
datasets/workout/thomas0506workout/thomas0506_whole_session_20260506_154720.csv,thomas0506,db_weighted_crunch,1,14,117981,118258,118023,118161,0.4982
datasets/workout/thomas0506workout/thomas0506_whole_session_20260506_154720.csv,thomas0506,db_weighted_crunch,1,15,118258,118516,118274,118414,0.5426
datasets/workout/thomas0506workout/thomas0506_whole_session_20260506_154720.csv,thomas0506,db_weighted_crunch,1,16,118516,118818,118414,118678,0.401
datasets/workout/thomas0506workout/thomas0506_whole_session_20260506_154720.csv,thomas0506,db_weighted_crunch,2,0,125153,125431,125233,125323,0.3237
datasets/workout/thomas0506workout/thomas0506_whole_session_20260506_154720.csv,thomas0506,db_weighted_crunch,2,1,125431,125705,125507,125648,0.5146
datasets/workout/thomas0506workout/thomas0506_whole_session_20260506_154720.csv,thomas0506,db_weighted_crunch,2,2,125705,125944,125793,125923,0.5439
datasets/workout/thomas0506workout/thomas0506_whole_session_20260506_154720.csv,thomas0506,db_weighted_crunch,2,3,125944,126166,125967,126035,0.3063
datasets/workout/thomas0506workout/thomas0506_whole_session_20260506_154720.csv,thomas0506,db_weighted_crunch,2,4,126166,126427,126164,126293,0.4829
datasets/workout/thomas0506workout/thomas0506_whole_session_20260506_154720.csv,thomas0506,db_weighted_crunch,2,5,126427,126655,126417,126539,0.4706
datasets/workout/thomas0506workout/thomas0506_whole_session_20260506_154720.csv,thomas0506,db_weighted_crunch,2,6,126655,126947,126685,126835,0.5137
datasets/workout/thomas0506workout/thomas0506_whole_session_20260506_154720.csv,thomas0506,db_weighted_crunch,2,7,126947,127206,126959,127083,0.4788
datasets/workout/thomas0506workout/thomas0506_whole_session_20260506_154720.csv,thomas0506,db_weighted_crunch,2,8,127206,127494,127303,127559,0.5411
datasets/workout/thomas0506workout/thomas0506_whole_session_20260506_154720.csv,thomas0506,db_weighted_crunch,2,9,127494,127728,127559,127797,0.5578
datasets/workout/thomas0506workout/thomas0506_whole_session_20260506_154720.csv,thomas0506,db_weighted_crunch,2,10,127728,127979,127797,128047,0.5705
datasets/workout/thomas0506workout/thomas0506_whole_session_20260506_154720.csv,thomas0506,db_weighted_crunch,2,11,127979,128244,128047,128208,0.6075
datasets/workout/thomas0506workout/thomas0506_whole_session_20260506_154720.csv,thomas0506,db_shoulder_press,0,0,145533,145730,145557,145681,0.6294
datasets/workout/thomas0506workout/thomas0506_whole_session_20260506_154720.csv,thomas0506,db_shoulder_press,0,1,145730,145963,145887,145949,0.2661
datasets/workout/thomas0506workout/thomas0506_whole_session_20260506_154720.csv,thomas0506,db_shoulder_press,0,2,145963,146202,146075,146151,0.318
datasets/workout/thomas0506workout/thomas0506_whole_session_20260506_154720.csv,thomas0506,db_shoulder_press,0,3,146202,146424,146273,146427,0.6711
datasets/workout/thomas0506workout/thomas0506_whole_session_20260506_154720.csv,thomas0506,db_shoulder_press,0,4,146424,146655,146427,146539,0.4848
datasets/workout/thomas0506workout/thomas0506_whole_session_20260506_154720.csv,thomas0506,db_shoulder_press,0,5,146655,146886,146721,146846,0.5411
datasets/workout/thomas0506workout/thomas0506_whole_session_20260506_154720.csv,thomas0506,db_shoulder_press,0,6,146886,147167,146958,147045,0.3096
datasets/workout/thomas0506workout/thomas0506_whole_session_20260506_154720.csv,thomas0506,db_shoulder_press,0,7,147167,147419,147301,147423,0.4609
datasets/workout/thomas0506workout/thomas0506_whole_session_20260506_154720.csv,thomas0506,db_shoulder_press,0,8,147419,147685,147581,147682,0.3797
datasets/workout/thomas0506workout/thomas0506_whole_session_20260506_154720.csv,thomas0506,db_shoulder_press,0,9,147685,147930,147682,147809,0.5
datasets/workout/thomas0506workout/thomas0506_whole_session_20260506_154720.csv,thomas0506,db_shoulder_press,0,10,147930,148189,148017,148088,0.2741
datasets/workout/thomas0506workout/thomas0506_whole_session_20260506_154720.csv,thomas0506,db_shoulder_press,0,11,148189,148423,148270,148451,0.584
datasets/workout/thomas0506workout/thomas0506_whole_session_20260506_154720.csv,thomas0506,db_shoulder_press,1,0,153865,154078,153956,154076,0.5634
datasets/workout/thomas0506workout/thomas0506_whole_session_20260506_154720.csv,thomas0506,db_shoulder_press,1,1,154078,154305,154076,154198,0.524
datasets/workout/thomas0506workout/thomas0506_whole_session_20260506_154720.csv,thomas0506,db_shoulder_press,1,2,154305,154545,154319,154439,0.5
datasets/workout/thomas0506workout/thomas0506_whole_session_20260506_154720.csv,thomas0506,db_shoulder_press,1,3,154545,154782,154558,154758,0.8439
datasets/workout/thomas0506workout/thomas0506_whole_session_20260506_154720.csv,thomas0506,db_shoulder_press,1,4,154782,155014,154758,154908,0.4922
datasets/workout/thomas0506workout/thomas0506_whole_session_20260506_154720.csv,thomas0506,db_shoulder_press,1,5,155014,155238,155050,155280,0.7068
datasets/workout/thomas0506workout/thomas0506_whole_session_20260506_154720.csv,thomas0506,db_shoulder_press,1,6,155238,155469,155280,155443,0.7056
datasets/workout/thomas0506workout/thomas0506_whole_session_20260506_154720.csv,thomas0506,db_shoulder_press,1,7,155469,155717,155593,155752,0.4382
datasets/workout/thomas0506workout/thomas0506_whole_session_20260506_154720.csv,thomas0506,db_shoulder_press,1,8,155717,155939,155752,155984,0.7004
datasets/workout/thomas0506workout/thomas0506_whole_session_20260506_154720.csv,thomas0506,db_shoulder_press,1,9,155939,156153,155984,156202,0.6426
datasets/workout/thomas0506workout/thomas0506_whole_session_20260506_154720.csv,thomas0506,db_shoulder_press,1,10,156153,156375,156202,156420,0.6479
datasets/workout/thomas0506workout/thomas0506_whole_session_20260506_154720.csv,thomas0506,db_shoulder_press,1,11,156375,156590,156420,156594,0.7763
datasets/workout/thomas0506workout/thomas0506_whole_session_20260506_154720.csv,thomas0506,db_shoulder_press,2,0,162461,162716,162548,162654,0.4157
datasets/workout/thomas0506workout/thomas0506_whole_session_20260506_154720.csv,thomas0506,db_shoulder_press,2,1,162716,162950,162776,162852,0.3248
datasets/workout/thomas0506workout/thomas0506_whole_session_20260506_154720.csv,thomas0506,db_shoulder_press,2,2,162950,163172,163034,163116,0.3694
datasets/workout/thomas0506workout/thomas0506_whole_session_20260506_154720.csv,thomas0506,db_shoulder_press,2,3,163172,163385,163234,163308,0.3474
datasets/workout/thomas0506workout/thomas0506_whole_session_20260506_154720.csv,thomas0506,db_shoulder_press,2,4,163385,163606,163396,163488,0.4163
datasets/workout/thomas0506workout/thomas0506_whole_session_20260506_154720.csv,thomas0506,db_shoulder_press,2,5,163606,163817,163724,163804,0.3791
datasets/workout/thomas0506workout/thomas0506_whole_session_20260506_154720.csv,thomas0506,db_shoulder_press,2,6,163817,164007,163924,163988,0.3368
datasets/workout/thomas0506workout/thomas0506_whole_session_20260506_154720.csv,thomas0506,db_shoulder_press,2,7,164007,164236,164058,164120,0.2707
datasets/workout/thomas0506workout/thomas0506_whole_session_20260506_154720.csv,thomas0506,db_shoulder_press,2,8,164236,164464,164270,164352,0.3596
datasets/workout/thomas0506workout/thomas0506_whole_session_20260506_154720.csv,thomas0506,db_shoulder_press,2,9,164464,164683,164547,164604,0.2603
datasets/workout/thomas0506workout/thomas0506_whole_session_20260506_154720.csv,thomas0506,db_shoulder_press,2,10,164683,164910,164772,164881,0.4802
datasets/workout/thomas0506workout/thomas0506_whole_session_20260506_154720.csv,thomas0506,db_shoulder_press,2,11,164910,165141,164952,165043,0.3939
datasets/workout/thomas0506workout/thomas0506_whole_session_20260506_154720.csv,thomas0506,db_biceps_curl,0,0,170759,171078,170905,171075,0.5329
datasets/workout/thomas0506workout/thomas0506_whole_session_20260506_154720.csv,thomas0506,db_biceps_curl,0,1,171078,171372,171075,171161,0.2795
datasets/workout/thomas0506workout/thomas0506_whole_session_20260506_154720.csv,thomas0506,db_biceps_curl,0,2,171372,171706,171378,171503,0.3743
datasets/workout/thomas0506workout/thomas0506_whole_session_20260506_154720.csv,thomas0506,db_biceps_curl,0,3,171706,172021,171923,172013,0.2857
datasets/workout/thomas0506workout/thomas0506_whole_session_20260506_154720.csv,thomas0506,db_biceps_curl,0,4,172021,172314,172230,172315,0.2857
datasets/workout/thomas0506workout/thomas0506_whole_session_20260506_154720.csv,thomas0506,db_biceps_curl,0,5,172314,172606,172315,172431,0.3973
datasets/workout/thomas0506workout/thomas0506_whole_session_20260506_154720.csv,thomas0506,db_biceps_curl,0,6,172606,172914,172613,172696,0.2695
datasets/workout/thomas0506workout/thomas0506_whole_session_20260506_154720.csv,thomas0506,db_biceps_curl,0,7,172914,173209,172916,173019,0.3492
datasets/workout/thomas0506workout/thomas0506_whole_session_20260506_154720.csv,thomas0506,db_biceps_curl,0,8,173209,173514,173287,173371,0.2754
datasets/workout/thomas0506workout/thomas0506_whole_session_20260506_154720.csv,thomas0506,db_biceps_curl,0,9,173514,173805,173626,173702,0.2612
datasets/workout/thomas0506workout/thomas0506_whole_session_20260506_154720.csv,thomas0506,db_biceps_curl,0,10,173805,174132,173903,173987,0.2569
datasets/workout/thomas0506workout/thomas0506_whole_session_20260506_154720.csv,thomas0506,db_biceps_curl,0,11,174132,174439,174209,174281,0.2345
datasets/workout/thomas0506workout/thomas0506_whole_session_20260506_154720.csv,thomas0506,db_biceps_curl,1,0,179591,179870,179546,179784,0.5957
datasets/workout/thomas0506workout/thomas0506_whole_session_20260506_154720.csv,thomas0506,db_biceps_curl,1,1,179870,180142,179784,180058,0.5251
datasets/workout/thomas0506workout/thomas0506_whole_session_20260506_154720.csv,thomas0506,db_biceps_curl,1,2,180142,180471,180058,180354,0.5133
datasets/workout/thomas0506workout/thomas0506_whole_session_20260506_154720.csv,thomas0506,db_biceps_curl,1,3,180471,180736,180354,180651,0.4712
datasets/workout/thomas0506workout/thomas0506_whole_session_20260506_154720.csv,thomas0506,db_biceps_curl,1,4,180736,181019,180651,180928,0.5217
datasets/workout/thomas0506workout/thomas0506_whole_session_20260506_154720.csv,thomas0506,db_biceps_curl,1,5,181019,181306,180928,181204,0.4894
datasets/workout/thomas0506workout/thomas0506_whole_session_20260506_154720.csv,thomas0506,db_biceps_curl,1,6,181306,181585,181204,181479,0.4541
datasets/workout/thomas0506workout/thomas0506_whole_session_20260506_154720.csv,thomas0506,db_biceps_curl,1,7,181585,181848,181479,181760,0.4743
datasets/workout/thomas0506workout/thomas0506_whole_session_20260506_154720.csv,thomas0506,db_biceps_curl,1,8,181848,182141,181760,182036,0.4934
datasets/workout/thomas0506workout/thomas0506_whole_session_20260506_154720.csv,thomas0506,db_biceps_curl,1,9,182141,182412,182036,182318,0.4707
datasets/workout/thomas0506workout/thomas0506_whole_session_20260506_154720.csv,thomas0506,db_biceps_curl,1,10,182412,182682,182318,182597,0.5082
datasets/workout/thomas0506workout/thomas0506_whole_session_20260506_154720.csv,thomas0506,db_biceps_curl,1,11,182682,182945,182597,182860,0.5115
datasets/workout/thomas0506workout/thomas0506_whole_session_20260506_154720.csv,thomas0506,db_biceps_curl,2,0,188012,188265,188171,188241,0.2767
datasets/workout/thomas0506workout/thomas0506_whole_session_20260506_154720.csv,thomas0506,db_biceps_curl,2,1,188265,188547,188341,188413,0.2553
datasets/workout/thomas0506workout/thomas0506_whole_session_20260506_154720.csv,thomas0506,db_biceps_curl,2,2,188547,188821,188547,188645,0.3577
datasets/workout/thomas0506workout/thomas0506_whole_session_20260506_154720.csv,thomas0506,db_biceps_curl,2,3,188821,189099,188875,188947,0.259
datasets/workout/thomas0506workout/thomas0506_whole_session_20260506_154720.csv,thomas0506,db_biceps_curl,2,4,189099,189368,189093,189171,0.2618
datasets/workout/thomas0506workout/thomas0506_whole_session_20260506_154720.csv,thomas0506,db_biceps_curl,2,5,189368,189645,189493,189561,0.2455
datasets/workout/thomas0506workout/thomas0506_whole_session_20260506_154720.csv,thomas0506,db_biceps_curl,2,6,189645,189906,189720,189799,0.3027
datasets/workout/thomas0506workout/thomas0506_whole_session_20260506_154720.csv,thomas0506,db_biceps_curl,2,7,189906,190181,190020,190085,0.2364
datasets/workout/thomas0506workout/thomas0506_whole_session_20260506_154720.csv,thomas0506,db_biceps_curl,2,8,190181,190453,190182,190237,0.2022
datasets/workout/thomas0506workout/thomas0506_whole_session_20260506_154720.csv,thomas0506,db_biceps_curl,2,9,190453,190728,190518,190585,0.2436
datasets/workout/thomas0506workout/thomas0506_whole_session_20260506_154720.csv,thomas0506,db_biceps_curl,2,10,190728,191044,190833,190888,0.1741
datasets/workout/thomas0506workout/thomas0506_whole_session_20260506_154720.csv,thomas0506,db_biceps_curl,2,11,191044,191311,191140,191203,0.236
datasets/workout/thomas0506workout/thomas0506_whole_session_20260506_154720.csv,thomas0506,db_triceps_curl,0,0,199904,200164,199872,199963,0.2021
datasets/workout/thomas0506workout/thomas0506_whole_session_20260506_154720.csv,thomas0506,db_triceps_curl,0,1,200164,200453,200181,200228,0.1626
datasets/workout/thomas0506workout/thomas0506_whole_session_20260506_154720.csv,thomas0506,db_triceps_curl,0,2,200453,200712,200541,200614,0.2819
datasets/workout/thomas0506workout/thomas0506_whole_session_20260506_154720.csv,thomas0506,db_triceps_curl,0,3,200712,200942,200731,200776,0.1957
datasets/workout/thomas0506workout/thomas0506_whole_session_20260506_154720.csv,thomas0506,db_triceps_curl,0,4,200942,201244,200986,201052,0.2185
datasets/workout/thomas0506workout/thomas0506_whole_session_20260506_154720.csv,thomas0506,db_triceps_curl,0,5,201244,201545,201283,201368,0.2824
datasets/workout/thomas0506workout/thomas0506_whole_session_20260506_154720.csv,thomas0506,db_triceps_curl,0,6,201545,201884,201598,201706,0.3186
datasets/workout/thomas0506workout/thomas0506_whole_session_20260506_154720.csv,thomas0506,db_triceps_curl,0,7,201884,202203,202124,202208,0.2438
datasets/workout/thomas0506workout/thomas0506_whole_session_20260506_154720.csv,thomas0506,db_triceps_curl,0,8,202203,202481,202409,202482,0.2581
datasets/workout/thomas0506workout/thomas0506_whole_session_20260506_154720.csv,thomas0506,db_triceps_curl,0,9,202481,202762,202578,202638,0.2135
datasets/workout/thomas0506workout/thomas0506_whole_session_20260506_154720.csv,thomas0506,db_triceps_curl,0,10,202762,203101,202802,202899,0.2861
datasets/workout/thomas0506workout/thomas0506_whole_session_20260506_154720.csv,thomas0506,db_triceps_curl,0,11,203101,203350,203096,203180,0.311
datasets/workout/thomas0506workout/thomas0506_whole_session_20260506_154720.csv,thomas0506,db_triceps_curl,1,0,210786,211035,210872,210937,0.261
datasets/workout/thomas0506workout/thomas0506_whole_session_20260506_154720.csv,thomas0506,db_triceps_curl,1,1,211035,211302,211207,211291,0.3146
datasets/workout/thomas0506workout/thomas0506_whole_session_20260506_154720.csv,thomas0506,db_triceps_curl,1,2,211302,211547,211291,211389,0.3398
datasets/workout/thomas0506workout/thomas0506_whole_session_20260506_154720.csv,thomas0506,db_triceps_curl,1,3,211547,211790,211560,211635,0.3086
datasets/workout/thomas0506workout/thomas0506_whole_session_20260506_154720.csv,thomas0506,db_triceps_curl,1,4,211790,212055,211947,212037,0.3396
datasets/workout/thomas0506workout/thomas0506_whole_session_20260506_154720.csv,thomas0506,db_triceps_curl,1,5,212055,212270,212037,212138,0.3562
datasets/workout/thomas0506workout/thomas0506_whole_session_20260506_154720.csv,thomas0506,db_triceps_curl,1,6,212270,212488,212433,212481,0.2202
datasets/workout/thomas0506workout/thomas0506_whole_session_20260506_154720.csv,thomas0506,db_triceps_curl,1,7,212488,212729,212633,212680,0.195
datasets/workout/thomas0506workout/thomas0506_whole_session_20260506_154720.csv,thomas0506,db_triceps_curl,1,8,212729,213035,212896,213010,0.3725
datasets/workout/thomas0506workout/thomas0506_whole_session_20260506_154720.csv,thomas0506,db_triceps_curl,1,9,213035,213274,213010,213123,0.3333
datasets/workout/thomas0506workout/thomas0506_whole_session_20260506_154720.csv,thomas0506,db_triceps_curl,1,10,213274,213503,213340,213411,0.31
datasets/workout/thomas0506workout/thomas0506_whole_session_20260506_154720.csv,thomas0506,db_triceps_curl,1,11,213503,213763,213683,213793,0.2759
datasets/workout/thomas0506workout/thomas0506_whole_session_20260506_154720.csv,thomas0506,db_triceps_curl,2,0,219440,219680,219518,219562,0.1833
datasets/workout/thomas0506workout/thomas0506_whole_session_20260506_154720.csv,thomas0506,db_triceps_curl,2,1,219680,219947,219706,219776,0.2622
datasets/workout/thomas0506workout/thomas0506_whole_session_20260506_154720.csv,thomas0506,db_triceps_curl,2,2,219947,220231,220062,220114,0.1831
datasets/workout/thomas0506workout/thomas0506_whole_session_20260506_154720.csv,thomas0506,db_triceps_curl,2,3,220231,220507,220291,220343,0.1884
datasets/workout/thomas0506workout/thomas0506_whole_session_20260506_154720.csv,thomas0506,db_triceps_curl,2,4,220507,220794,220684,220736,0.1812
datasets/workout/thomas0506workout/thomas0506_whole_session_20260506_154720.csv,thomas0506,db_triceps_curl,2,5,220794,221089,221014,221092,0.2517
datasets/workout/thomas0506workout/thomas0506_whole_session_20260506_154720.csv,thomas0506,db_triceps_curl,2,6,221089,221324,221092,221146,0.2298
datasets/workout/thomas0506workout/thomas0506_whole_session_20260506_154720.csv,thomas0506,db_triceps_curl,2,7,221324,221576,221452,221514,0.246
datasets/workout/thomas0506workout/thomas0506_whole_session_20260506_154720.csv,thomas0506,db_triceps_curl,2,8,221576,221830,221606,221657,0.2008
datasets/workout/thomas0506workout/thomas0506_whole_session_20260506_154720.csv,thomas0506,db_triceps_curl,2,9,221830,222094,221854,221931,0.2917
datasets/workout/thomas0506workout/thomas0506_whole_session_20260506_154720.csv,thomas0506,db_triceps_curl,2,10,222094,222319,222224,222294,0.3111
datasets/workout/thomas0506workout/thomas0506_whole_session_20260506_154720.csv,thomas0506,db_triceps_curl,2,11,222319,222568,222470,222568,0.3936
datasets/workout/thomas0506workout/thomas0506_whole_session_20260506_154720.csv,thomas0506,db_squat,0,0,239165,239387,239124,239492,0.6033
datasets/workout/thomas0506workout/thomas0506_whole_session_20260506_154720.csv,thomas0506,db_squat,0,1,239387,239627,239492,239580,0.3667
datasets/workout/thomas0506workout/thomas0506_whole_session_20260506_154720.csv,thomas0506,db_squat,0,2,239627,239867,239788,239870,0.3251
datasets/workout/thomas0506workout/thomas0506_whole_session_20260506_154720.csv,thomas0506,db_squat,0,3,239867,240105,239870,239954,0.3529
datasets/workout/thomas0506workout/thomas0506_whole_session_20260506_154720.csv,thomas0506,db_squat,0,4,240105,240338,240224,240278,0.2318
datasets/workout/thomas0506workout/thomas0506_whole_session_20260506_154720.csv,thomas0506,db_squat,0,5,240338,240569,240376,240500,0.5368
datasets/workout/thomas0506workout/thomas0506_whole_session_20260506_154720.csv,thomas0506,db_squat,0,6,240569,240815,240694,240806,0.4553
datasets/workout/thomas0506workout/thomas0506_whole_session_20260506_154720.csv,thomas0506,db_squat,0,7,240815,241031,240806,240928,0.5022
datasets/workout/thomas0506workout/thomas0506_whole_session_20260506_154720.csv,thomas0506,db_squat,0,8,241031,241278,241102,241230,0.5182
datasets/workout/thomas0506workout/thomas0506_whole_session_20260506_154720.csv,thomas0506,db_squat,0,9,241278,241511,241367,241480,0.485
datasets/workout/thomas0506workout/thomas0506_whole_session_20260506_154720.csv,thomas0506,db_squat,0,10,241511,241737,241594,241704,0.4867
datasets/workout/thomas0506workout/thomas0506_whole_session_20260506_154720.csv,thomas0506,db_squat,0,11,241737,241934,241814,241940,0.5911
datasets/workout/thomas0506workout/thomas0506_whole_session_20260506_154720.csv,thomas0506,db_squat,1,0,249886,250093,249918,249983,0.314
datasets/workout/thomas0506workout/thomas0506_whole_session_20260506_154720.csv,thomas0506,db_squat,1,1,250093,250334,250217,250270,0.2199
datasets/workout/thomas0506workout/thomas0506_whole_session_20260506_154720.csv,thomas0506,db_squat,1,2,250334,250573,250525,250562,0.1548
datasets/workout/thomas0506workout/thomas0506_whole_session_20260506_154720.csv,thomas0506,db_squat,1,3,250573,250801,250723,250769,0.2018
datasets/workout/thomas0506workout/thomas0506_whole_session_20260506_154720.csv,thomas0506,db_squat,1,4,250801,251050,250937,250973,0.1446
datasets/workout/thomas0506workout/thomas0506_whole_session_20260506_154720.csv,thomas0506,db_squat,1,5,251050,251299,251056,251113,0.2289
datasets/workout/thomas0506workout/thomas0506_whole_session_20260506_154720.csv,thomas0506,db_squat,1,6,251299,251541,251485,251535,0.2066
datasets/workout/thomas0506workout/thomas0506_whole_session_20260506_154720.csv,thomas0506,db_squat,1,7,251541,251780,251731,251776,0.1883
datasets/workout/thomas0506workout/thomas0506_whole_session_20260506_154720.csv,thomas0506,db_squat,1,8,251780,252009,251895,251951,0.2445
datasets/workout/thomas0506workout/thomas0506_whole_session_20260506_154720.csv,thomas0506,db_squat,1,9,252009,252244,252130,252183,0.2255
datasets/workout/thomas0506workout/thomas0506_whole_session_20260506_154720.csv,thomas0506,db_squat,1,10,252244,252514,252438,252523,0.2724
datasets/workout/thomas0506workout/thomas0506_whole_session_20260506_154720.csv,thomas0506,db_squat,1,11,252514,252839,252523,252589,0.2031
datasets/workout/thomas0506workout/thomas0506_whole_session_20260506_154720.csv,thomas0506,db_squat,0,0,260745,260948,260689,260857,0.4324
datasets/workout/thomas0506workout/thomas0506_whole_session_20260506_154720.csv,thomas0506,db_squat,0,1,260948,261199,261051,261179,0.51
datasets/workout/thomas0506workout/thomas0506_whole_session_20260506_154720.csv,thomas0506,db_squat,0,2,261199,261422,261179,261292,0.3827
datasets/workout/thomas0506workout/thomas0506_whole_session_20260506_154720.csv,thomas0506,db_squat,0,3,261422,261659,261515,261609,0.3966
datasets/workout/thomas0506workout/thomas0506_whole_session_20260506_154720.csv,thomas0506,db_squat,0,4,261659,261915,261711,261841,0.5078
datasets/workout/thomas0506workout/thomas0506_whole_session_20260506_154720.csv,thomas0506,db_squat,0,5,261915,262150,262003,262077,0.3149
datasets/workout/thomas0506workout/thomas0506_whole_session_20260506_154720.csv,thomas0506,db_squat,0,6,262150,262394,262205,262315,0.4508
datasets/workout/thomas0506workout/thomas0506_whole_session_20260506_154720.csv,thomas0506,db_squat,0,7,262394,262630,262547,262639,0.3388
datasets/workout/thomas0506workout/thomas0506_whole_session_20260506_154720.csv,thomas0506,db_squat,0,8,262630,262858,262723,262829,0.4649
datasets/workout/thomas0506workout/thomas0506_whole_session_20260506_154720.csv,thomas0506,db_squat,0,9,262858,263087,262915,263013,0.4279
datasets/workout/thomas0506workout/thomas0506_whole_session_20260506_154720.csv,thomas0506,db_squat,0,10,263087,263301,263127,263245,0.5514
datasets/workout/thomas0506workout/thomas0506_whole_session_20260506_154720.csv,thomas0506,db_squat,0,11,263301,263525,263404,263485,0.3616
datasets/workout/thomas0506workout/thomas0506_whole_session_20260506_154720.csv,thomas0506,db_squat,1,0,270387,270617,270492,270575,0.3609
datasets/workout/thomas0506workout/thomas0506_whole_session_20260506_154720.csv,thomas0506,db_squat,1,1,270617,270858,270730,270818,0.3651
datasets/workout/thomas0506workout/thomas0506_whole_session_20260506_154720.csv,thomas0506,db_squat,1,2,270858,271131,270926,271009,0.304
datasets/workout/thomas0506workout/thomas0506_whole_session_20260506_154720.csv,thomas0506,db_squat,1,3,271131,271370,271164,271283,0.4979
datasets/workout/thomas0506workout/thomas0506_whole_session_20260506_154720.csv,thomas0506,db_squat,1,4,271370,271586,271489,271540,0.2361
datasets/workout/thomas0506workout/thomas0506_whole_session_20260506_154720.csv,thomas0506,db_squat,1,5,271586,271857,271664,271764,0.369
datasets/workout/thomas0506workout/thomas0506_whole_session_20260506_154720.csv,thomas0506,db_squat,1,6,271857,272110,271943,272047,0.4111
datasets/workout/thomas0506workout/thomas0506_whole_session_20260506_154720.csv,thomas0506,db_squat,1,7,272110,272341,272190,272279,0.3853
datasets/workout/thomas0506workout/thomas0506_whole_session_20260506_154720.csv,thomas0506,db_squat,1,8,272341,272586,272401,272499,0.4
datasets/workout/thomas0506workout/thomas0506_whole_session_20260506_154720.csv,thomas0506,db_squat,1,9,272586,272828,272709,272795,0.3554
datasets/workout/thomas0506workout/thomas0506_whole_session_20260506_154720.csv,thomas0506,db_squat,1,10,272828,273050,272907,272981,0.3333
datasets/workout/thomas0506workout/thomas0506_whole_session_20260506_154720.csv,thomas0506,db_squat,1,11,273050,273221,273093,273193,0.5848
datasets/workout/thomas0506workout/thomas0506_whole_session_20260506_154720.csv,thomas0506,db_squat,2,0,278667,278898,278749,278794,0.1948
datasets/workout/thomas0506workout/thomas0506_whole_session_20260506_154720.csv,thomas0506,db_squat,2,1,278898,279127,279009,279052,0.1878
datasets/workout/thomas0506workout/thomas0506_whole_session_20260506_154720.csv,thomas0506,db_squat,2,2,279127,279354,279223,279263,0.1762
datasets/workout/thomas0506workout/thomas0506_whole_session_20260506_154720.csv,thomas0506,db_squat,2,3,279354,279581,279431,279468,0.163
datasets/workout/thomas0506workout/thomas0506_whole_session_20260506_154720.csv,thomas0506,db_squat,2,4,279581,279810,279603,279657,0.2358
datasets/workout/thomas0506workout/thomas0506_whole_session_20260506_154720.csv,thomas0506,db_squat,2,5,279810,280062,280019,280061,0.1667
datasets/workout/thomas0506workout/thomas0506_whole_session_20260506_154720.csv,thomas0506,db_squat,2,6,280062,280282,280222,280279,0.2591
datasets/workout/thomas0506workout/thomas0506_whole_session_20260506_154720.csv,thomas0506,db_squat,2,7,280282,280507,280279,280338,0.2456
datasets/workout/thomas0506workout/thomas0506_whole_session_20260506_154720.csv,thomas0506,db_squat,2,8,280507,280693,280605,280647,0.2258
datasets/workout/thomas0506workout/thomas0506_whole_session_20260506_154720.csv,thomas0506,db_squat,2,9,280693,280926,280825,280868,0.1845
datasets/workout/thomas0506workout/thomas0506_whole_session_20260506_154720.csv,thomas0506,db_squat,2,10,280926,281161,281079,281132,0.2255
datasets/workout/thomas0506workout/thomas0506_whole_session_20260506_154720.csv,thomas0506,db_squat,2,11,281161,281342,281183,281231,0.2652
datasets/workout/yanz0510workout/yanz0510workout_whole_session_20260510_222208.csv,yanz0510workout,db_bench_press,0,0,0,706,158,238,0.1133
datasets/workout/yanz0510workout/yanz0510workout_whole_session_20260510_222208.csv,yanz0510workout,db_bench_press,0,1,706,1049,902,980,0.2274
datasets/workout/yanz0510workout/yanz0510workout_whole_session_20260510_222208.csv,yanz0510workout,db_bench_press,0,2,1049,1358,1148,1231,0.2686
datasets/workout/yanz0510workout/yanz0510workout_whole_session_20260510_222208.csv,yanz0510workout,db_bench_press,0,3,1358,1684,1580,1670,0.2761
datasets/workout/yanz0510workout/yanz0510workout_whole_session_20260510_222208.csv,yanz0510workout,db_bench_press,0,4,1684,2000,1819,1919,0.3165
datasets/workout/yanz0510workout/yanz0510workout_whole_session_20260510_222208.csv,yanz0510workout,db_bench_press,0,5,2000,2363,2168,2254,0.2369
datasets/workout/yanz0510workout/yanz0510workout_whole_session_20260510_222208.csv,yanz0510workout,db_bench_press,0,6,2363,2692,2443,2512,0.2097
datasets/workout/yanz0510workout/yanz0510workout_whole_session_20260510_222208.csv,yanz0510workout,db_bench_press,0,7,2692,3056,2837,2924,0.239
datasets/workout/yanz0510workout/yanz0510workout_whole_session_20260510_222208.csv,yanz0510workout,db_bench_press,0,8,3056,3398,3204,3300,0.2807
datasets/workout/yanz0510workout/yanz0510workout_whole_session_20260510_222208.csv,yanz0510workout,db_bench_press,0,9,3398,3741,3456,3555,0.2886
datasets/workout/yanz0510workout/yanz0510workout_whole_session_20260510_222208.csv,yanz0510workout,db_bench_press,0,10,3741,4034,3750,3837,0.2969
datasets/workout/yanz0510workout/yanz0510workout_whole_session_20260510_222208.csv,yanz0510workout,db_bench_press,0,11,4034,4434,4326,4408,0.205
datasets/workout/yanz0510workout/yanz0510workout_whole_session_20260510_222208.csv,yanz0510workout,db_bench_press,1,0,12580,12827,12542,12848,0.8072
datasets/workout/yanz0510workout/yanz0510workout_whole_session_20260510_222208.csv,yanz0510workout,db_bench_press,1,1,12827,13187,12848,13016,0.4667
datasets/workout/yanz0510workout/yanz0510workout_whole_session_20260510_222208.csv,yanz0510workout,db_bench_press,1,2,13187,13590,13200,13411,0.5236
datasets/workout/yanz0510workout/yanz0510workout_whole_session_20260510_222208.csv,yanz0510workout,db_bench_press,1,3,13590,14089,13812,13946,0.2685
datasets/workout/yanz0510workout/yanz0510workout_whole_session_20260510_222208.csv,yanz0510workout,db_bench_press,1,4,14089,14472,14284,14394,0.2872
datasets/workout/yanz0510workout/yanz0510workout_whole_session_20260510_222208.csv,yanz0510workout,db_bench_press,1,5,14472,14840,14545,14674,0.3505
datasets/workout/yanz0510workout/yanz0510workout_whole_session_20260510_222208.csv,yanz0510workout,db_bench_press,1,6,14840,15209,14950,15212,0.6962
datasets/workout/yanz0510workout/yanz0510workout_whole_session_20260510_222208.csv,yanz0510workout,db_bench_press,1,7,15209,15853,15212,15461,0.3866
datasets/workout/yanz0510workout/yanz0510workout_whole_session_20260510_222208.csv,yanz0510workout,db_bench_press,1,8,15853,16190,15856,16017,0.4777
datasets/workout/yanz0510workout/yanz0510workout_whole_session_20260510_222208.csv,yanz0510workout,db_bench_press,1,9,16190,16554,16248,16368,0.3297
datasets/workout/yanz0510workout/yanz0510workout_whole_session_20260510_222208.csv,yanz0510workout,db_bench_press,1,10,16554,16905,16604,16728,0.3533
datasets/workout/yanz0510workout/yanz0510workout_whole_session_20260510_222208.csv,yanz0510workout,db_bench_press,1,11,16905,17270,16976,17258,0.7726
datasets/workout/yanz0510workout/yanz0510workout_whole_session_20260510_222208.csv,yanz0510workout,db_bench_press,2,0,33899,34183,33929,33976,0.1655
datasets/workout/yanz0510workout/yanz0510workout_whole_session_20260510_222208.csv,yanz0510workout,db_bench_press,2,1,34183,34545,34190,34247,0.1575
datasets/workout/yanz0510workout/yanz0510workout_whole_session_20260510_222208.csv,yanz0510workout,db_bench_press,2,2,34545,34859,34724,34783,0.1879
datasets/workout/yanz0510workout/yanz0510workout_whole_session_20260510_222208.csv,yanz0510workout,db_bench_press,2,3,34859,35170,34924,34997,0.2347
datasets/workout/yanz0510workout/yanz0510workout_whole_session_20260510_222208.csv,yanz0510workout,db_bench_press,2,4,35170,35498,35418,35487,0.2104
datasets/workout/yanz0510workout/yanz0510workout_whole_session_20260510_222208.csv,yanz0510workout,db_bench_press,2,5,35498,35858,35607,35675,0.1889
datasets/workout/yanz0510workout/yanz0510workout_whole_session_20260510_222208.csv,yanz0510workout,db_bench_press,2,6,35858,36218,36061,36129,0.1889
datasets/workout/yanz0510workout/yanz0510workout_whole_session_20260510_222208.csv,yanz0510workout,db_bench_press,2,7,36218,36564,36425,36503,0.2254
datasets/workout/yanz0510workout/yanz0510workout_whole_session_20260510_222208.csv,yanz0510workout,db_bench_press,2,8,36564,36895,36657,36733,0.2296
datasets/workout/yanz0510workout/yanz0510workout_whole_session_20260510_222208.csv,yanz0510workout,db_bench_press,2,9,36895,37288,37007,37083,0.1934
datasets/workout/yanz0510workout/yanz0510workout_whole_session_20260510_222208.csv,yanz0510workout,db_bench_press,2,10,37288,37588,37370,37414,0.1467
datasets/workout/yanz0510workout/yanz0510workout_whole_session_20260510_222208.csv,yanz0510workout,db_bench_press,2,11,37588,38010,37820,37896,0.1801
datasets/workout/yanz0510workout/yanz0510workout_whole_session_20260510_222208.csv,yanz0510workout,db_bench_press,3,0,44668,45071,44771,44828,0.1414
datasets/workout/yanz0510workout/yanz0510workout_whole_session_20260510_222208.csv,yanz0510workout,db_bench_press,3,1,45071,45368,45250,45308,0.1953
datasets/workout/yanz0510workout/yanz0510workout_whole_session_20260510_222208.csv,yanz0510workout,db_bench_press,3,2,45368,45730,45536,45598,0.1713
datasets/workout/yanz0510workout/yanz0510workout_whole_session_20260510_222208.csv,yanz0510workout,db_bench_press,3,3,45730,46116,45980,46038,0.1503
datasets/workout/yanz0510workout/yanz0510workout_whole_session_20260510_222208.csv,yanz0510workout,db_bench_press,3,4,46116,46454,46202,46277,0.2219
datasets/workout/yanz0510workout/yanz0510workout_whole_session_20260510_222208.csv,yanz0510workout,db_bench_press,3,5,46454,46778,46459,46558,0.3056
datasets/workout/yanz0510workout/yanz0510workout_whole_session_20260510_222208.csv,yanz0510workout,db_bench_press,3,6,46778,47161,46989,47070,0.2115
datasets/workout/yanz0510workout/yanz0510workout_whole_session_20260510_222208.csv,yanz0510workout,db_bench_press,3,7,47161,47523,47385,47444,0.163
datasets/workout/yanz0510workout/yanz0510workout_whole_session_20260510_222208.csv,yanz0510workout,db_bench_press,3,8,47523,47881,47748,47812,0.1788
datasets/workout/yanz0510workout/yanz0510workout_whole_session_20260510_222208.csv,yanz0510workout,db_bench_press,3,9,47881,48240,48114,48172,0.1616
datasets/workout/yanz0510workout/yanz0510workout_whole_session_20260510_222208.csv,yanz0510workout,db_bench_press,3,10,48240,48586,48342,48454,0.3237
datasets/workout/yanz0510workout/yanz0510workout_whole_session_20260510_222208.csv,yanz0510workout,db_bench_press,3,11,48586,48985,48796,48862,0.1654
datasets/workout/yanz0510workout/yanz0510workout_whole_session_20260510_222208.csv,yanz0510workout,db_bench_press,4,0,55642,55843,55535,55863,0.6128
datasets/workout/yanz0510workout/yanz0510workout_whole_session_20260510_222208.csv,yanz0510workout,db_bench_press,4,1,55843,56139,55863,56165,0.8571
datasets/workout/yanz0510workout/yanz0510workout_whole_session_20260510_222208.csv,yanz0510workout,db_bench_press,4,2,56139,56493,56165,56637,0.6586
datasets/workout/yanz0510workout/yanz0510workout_whole_session_20260510_222208.csv,yanz0510workout,db_bench_press,4,3,56493,56791,56165,56637,0.23
datasets/workout/yanz0510workout/yanz0510workout_whole_session_20260510_222208.csv,yanz0510workout,db_bench_press,4,4,56791,57121,56637,57174,0.6145
datasets/workout/yanz0510workout/yanz0510workout_whole_session_20260510_222208.csv,yanz0510workout,db_bench_press,4,5,57121,57453,57174,57713,0.4713
datasets/workout/yanz0510workout/yanz0510workout_whole_session_20260510_222208.csv,yanz0510workout,db_bench_press,4,6,57453,57783,57174,57713,0.4269
datasets/workout/yanz0510workout/yanz0510workout_whole_session_20260510_222208.csv,yanz0510workout,db_bench_press,4,7,57783,58094,57713,58159,0.6973
datasets/workout/yanz0510workout/yanz0510workout_whole_session_20260510_222208.csv,yanz0510workout,db_bench_press,4,8,58094,58342,58159,58703,0.3005
datasets/workout/yanz0510workout/yanz0510workout_whole_session_20260510_222208.csv,yanz0510workout,db_bench_press,4,9,58342,58518,58159,58703,0.3235
datasets/workout/yanz0510workout/yanz0510workout_whole_session_20260510_222208.csv,yanz0510workout,db_bench_press,4,10,58518,58784,58159,58703,0.296
datasets/workout/yanz0510workout/yanz0510workout_whole_session_20260510_222208.csv,yanz0510workout,db_bench_press,4,11,58784,59116,58703,59348,0.5147
datasets/workout/yanz0510workout/yanz0510workout_whole_session_20260510_222208.csv,yanz0510workout,one_arm_db_row,0,0,78667,78982,78643,78777,0.3245
datasets/workout/yanz0510workout/yanz0510workout_whole_session_20260510_222208.csv,yanz0510workout,one_arm_db_row,0,1,78982,79329,79146,79223,0.2219
datasets/workout/yanz0510workout/yanz0510workout_whole_session_20260510_222208.csv,yanz0510workout,one_arm_db_row,0,2,79329,79640,79365,79439,0.2379
datasets/workout/yanz0510workout/yanz0510workout_whole_session_20260510_222208.csv,yanz0510workout,one_arm_db_row,0,3,79640,79966,79795,79859,0.1963
datasets/workout/yanz0510workout/yanz0510workout_whole_session_20260510_222208.csv,yanz0510workout,one_arm_db_row,0,4,79966,80239,79989,80055,0.2418
datasets/workout/yanz0510workout/yanz0510workout_whole_session_20260510_222208.csv,yanz0510workout,one_arm_db_row,0,5,80239,80564,80377,80443,0.2031
datasets/workout/yanz0510workout/yanz0510workout_whole_session_20260510_222208.csv,yanz0510workout,one_arm_db_row,0,6,80564,80875,80577,80647,0.2251
datasets/workout/yanz0510workout/yanz0510workout_whole_session_20260510_222208.csv,yanz0510workout,one_arm_db_row,0,7,80875,81195,80954,81053,0.3094
datasets/workout/yanz0510workout/yanz0510workout_whole_session_20260510_222208.csv,yanz0510workout,one_arm_db_row,0,8,81195,81493,81311,81405,0.3154
datasets/workout/yanz0510workout/yanz0510workout_whole_session_20260510_222208.csv,yanz0510workout,one_arm_db_row,0,9,81493,81763,81536,81585,0.1815
datasets/workout/yanz0510workout/yanz0510workout_whole_session_20260510_222208.csv,yanz0510workout,one_arm_db_row,0,10,81763,82060,81851,81925,0.2492
datasets/workout/yanz0510workout/yanz0510workout_whole_session_20260510_222208.csv,yanz0510workout,one_arm_db_row,0,11,82060,82415,82121,82169,0.1352
datasets/workout/yanz0510workout/yanz0510workout_whole_session_20260510_222208.csv,yanz0510workout,one_arm_db_row,1,0,88561,88827,88683,88753,0.2632
datasets/workout/yanz0510workout/yanz0510workout_whole_session_20260510_222208.csv,yanz0510workout,one_arm_db_row,1,1,88827,89129,88932,89101,0.5596
datasets/workout/yanz0510workout/yanz0510workout_whole_session_20260510_222208.csv,yanz0510workout,one_arm_db_row,1,2,89129,89362,89202,89281,0.3391
datasets/workout/yanz0510workout/yanz0510workout_whole_session_20260510_222208.csv,yanz0510workout,one_arm_db_row,1,3,89362,89628,89533,89601,0.2556
datasets/workout/yanz0510workout/yanz0510workout_whole_session_20260510_222208.csv,yanz0510workout,one_arm_db_row,1,4,89628,89910,89696,89769,0.2589
datasets/workout/yanz0510workout/yanz0510workout_whole_session_20260510_222208.csv,yanz0510workout,one_arm_db_row,1,5,89910,90142,89939,90018,0.3405
datasets/workout/yanz0510workout/yanz0510workout_whole_session_20260510_222208.csv,yanz0510workout,one_arm_db_row,1,6,90142,90461,90215,90295,0.2508
datasets/workout/yanz0510workout/yanz0510workout_whole_session_20260510_222208.csv,yanz0510workout,one_arm_db_row,1,7,90461,90719,90491,90581,0.3488
datasets/workout/yanz0510workout/yanz0510workout_whole_session_20260510_222208.csv,yanz0510workout,one_arm_db_row,1,8,90719,90987,90796,90905,0.4067
datasets/workout/yanz0510workout/yanz0510workout_whole_session_20260510_222208.csv,yanz0510workout,one_arm_db_row,1,9,90987,91244,91031,91105,0.2879
datasets/workout/yanz0510workout/yanz0510workout_whole_session_20260510_222208.csv,yanz0510workout,one_arm_db_row,1,10,91244,91502,91328,91423,0.3682
datasets/workout/yanz0510workout/yanz0510workout_whole_session_20260510_222208.csv,yanz0510workout,one_arm_db_row,1,11,91502,91793,91597,91713,0.3986
datasets/workout/yanz0510workout/yanz0510workout_whole_session_20260510_222208.csv,yanz0510workout,one_arm_db_row,2,0,98645,98885,98702,98856,0.6417
datasets/workout/yanz0510workout/yanz0510workout_whole_session_20260510_222208.csv,yanz0510workout,one_arm_db_row,2,1,98885,99150,98856,98996,0.3776
datasets/workout/yanz0510workout/yanz0510workout_whole_session_20260510_222208.csv,yanz0510workout,one_arm_db_row,2,2,99150,99408,99262,99386,0.4806
datasets/workout/yanz0510workout/yanz0510workout_whole_session_20260510_222208.csv,yanz0510workout,one_arm_db_row,2,3,99408,99649,99513,99618,0.4357
datasets/workout/yanz0510workout/yanz0510workout_whole_session_20260510_222208.csv,yanz0510workout,one_arm_db_row,2,4,99649,99928,99798,99878,0.2867
datasets/workout/yanz0510workout/yanz0510workout_whole_session_20260510_222208.csv,yanz0510workout,one_arm_db_row,2,5,99928,100191,100036,100164,0.4867
datasets/workout/yanz0510workout/yanz0510workout_whole_session_20260510_222208.csv,yanz0510workout,one_arm_db_row,2,6,100191,100502,100324,100436,0.3601
datasets/workout/yanz0510workout/yanz0510workout_whole_session_20260510_222208.csv,yanz0510workout,one_arm_db_row,2,7,100502,100720,100574,100706,0.6055
datasets/workout/yanz0510workout/yanz0510workout_whole_session_20260510_222208.csv,yanz0510workout,one_arm_db_row,2,8,100720,100979,100878,100971,0.3591
datasets/workout/yanz0510workout/yanz0510workout_whole_session_20260510_222208.csv,yanz0510workout,one_arm_db_row,2,9,100979,101275,100971,101091,0.3684
datasets/workout/yanz0510workout/yanz0510workout_whole_session_20260510_222208.csv,yanz0510workout,one_arm_db_row,2,10,101275,101562,101263,101408,0.4448
datasets/workout/yanz0510workout/yanz0510workout_whole_session_20260510_222208.csv,yanz0510workout,one_arm_db_row,2,11,101562,101842,101678,101862,0.5467
datasets/workout/yanz0510workout/yanz0510workout_whole_session_20260510_222208.csv,yanz0510workout,db_rdl,0,0,131402,131705,131448,131599,0.4983
datasets/workout/yanz0510workout/yanz0510workout_whole_session_20260510_222208.csv,yanz0510workout,db_rdl,0,1,131705,132101,131831,131953,0.3081
datasets/workout/yanz0510workout/yanz0510workout_whole_session_20260510_222208.csv,yanz0510workout,db_rdl,0,2,132101,132497,132259,132380,0.3056
datasets/workout/yanz0510workout/yanz0510workout_whole_session_20260510_222208.csv,yanz0510workout,db_rdl,0,3,132497,132948,132561,132773,0.4701
datasets/workout/yanz0510workout/yanz0510workout_whole_session_20260510_222208.csv,yanz0510workout,db_rdl,0,4,132948,133352,133006,133125,0.2946
datasets/workout/yanz0510workout/yanz0510workout_whole_session_20260510_222208.csv,yanz0510workout,db_rdl,0,5,133352,133785,133445,133577,0.3048
datasets/workout/yanz0510workout/yanz0510workout_whole_session_20260510_222208.csv,yanz0510workout,db_rdl,0,6,133785,134199,133866,134017,0.3647
datasets/workout/yanz0510workout/yanz0510workout_whole_session_20260510_222208.csv,yanz0510workout,db_rdl,0,7,134199,134593,134261,134402,0.3579
datasets/workout/yanz0510workout/yanz0510workout_whole_session_20260510_222208.csv,yanz0510workout,db_rdl,0,8,134593,135011,134637,134755,0.2823
datasets/workout/yanz0510workout/yanz0510workout_whole_session_20260510_222208.csv,yanz0510workout,db_rdl,0,9,135011,135446,135261,135362,0.2322
datasets/workout/yanz0510workout/yanz0510workout_whole_session_20260510_222208.csv,yanz0510workout,db_rdl,0,10,135446,135846,135586,135735,0.3725
datasets/workout/yanz0510workout/yanz0510workout_whole_session_20260510_222208.csv,yanz0510workout,db_rdl,0,11,135846,136237,135935,136053,0.3018
datasets/workout/yanz0510workout/yanz0510workout_whole_session_20260510_222208.csv,yanz0510workout,db_rdl,0,12,136237,136715,136519,136628,0.228
datasets/workout/yanz0510workout/yanz0510workout_whole_session_20260510_222208.csv,yanz0510workout,db_rdl,0,13,136715,137005,136863,137011,0.4797
datasets/workout/yanz0510workout/yanz0510workout_whole_session_20260510_222208.csv,yanz0510workout,db_rdl,1,0,144891,145220,145027,145133,0.3222
datasets/workout/yanz0510workout/yanz0510workout_whole_session_20260510_222208.csv,yanz0510workout,db_rdl,1,1,145220,145556,145405,145515,0.3274
datasets/workout/yanz0510workout/yanz0510workout_whole_session_20260510_222208.csv,yanz0510workout,db_rdl,1,2,145556,145942,145765,145861,0.2487
datasets/workout/yanz0510workout/yanz0510workout_whole_session_20260510_222208.csv,yanz0510workout,db_rdl,1,3,145942,146313,146051,146193,0.3827
datasets/workout/yanz0510workout/yanz0510workout_whole_session_20260510_222208.csv,yanz0510workout,db_rdl,1,4,146313,146677,146527,146620,0.2555
datasets/workout/yanz0510workout/yanz0510workout_whole_session_20260510_222208.csv,yanz0510workout,db_rdl,1,5,146677,147094,146931,147020,0.2134
datasets/workout/yanz0510workout/yanz0510workout_whole_session_20260510_222208.csv,yanz0510workout,db_rdl,1,6,147094,147508,147355,147469,0.2754
datasets/workout/yanz0510workout/yanz0510workout_whole_session_20260510_222208.csv,yanz0510workout,db_rdl,1,7,147508,147939,147796,147889,0.2158
datasets/workout/yanz0510workout/yanz0510workout_whole_session_20260510_222208.csv,yanz0510workout,db_rdl,1,8,147939,148401,148249,148349,0.2165
datasets/workout/yanz0510workout/yanz0510workout_whole_session_20260510_222208.csv,yanz0510workout,db_rdl,1,9,148401,148795,148579,148700,0.3071
datasets/workout/yanz0510workout/yanz0510workout_whole_session_20260510_222208.csv,yanz0510workout,db_rdl,1,10,148795,149201,148959,149066,0.2635
datasets/workout/yanz0510workout/yanz0510workout_whole_session_20260510_222208.csv,yanz0510workout,db_rdl,1,11,149201,149610,149356,149479,0.3007
datasets/workout/yanz0510workout/yanz0510workout_whole_session_20260510_222208.csv,yanz0510workout,db_rdl,1,12,149610,149678,149643,149682,0.4861
datasets/workout/yanz0510workout/yanz0510workout_whole_session_20260510_222208.csv,yanz0510workout,db_rdl,2,0,156473,156768,156516,156648,0.4475
datasets/workout/yanz0510workout/yanz0510workout_whole_session_20260510_222208.csv,yanz0510workout,db_rdl,2,1,156768,157144,156966,157056,0.2394
datasets/workout/yanz0510workout/yanz0510workout_whole_session_20260510_222208.csv,yanz0510workout,db_rdl,2,2,157144,157511,157273,157370,0.2643
datasets/workout/yanz0510workout/yanz0510workout_whole_session_20260510_222208.csv,yanz0510workout,db_rdl,2,3,157511,157908,157691,157763,0.1814
datasets/workout/yanz0510workout/yanz0510workout_whole_session_20260510_222208.csv,yanz0510workout,db_rdl,2,4,157908,158281,158128,158216,0.2359
datasets/workout/yanz0510workout/yanz0510workout_whole_session_20260510_222208.csv,yanz0510workout,db_rdl,2,5,158281,158649,158508,158608,0.2717
datasets/workout/yanz0510workout/yanz0510workout_whole_session_20260510_222208.csv,yanz0510workout,db_rdl,2,6,158649,159057,158902,158992,0.2206
datasets/workout/yanz0510workout/yanz0510workout_whole_session_20260510_222208.csv,yanz0510workout,db_rdl,2,7,159057,159428,159300,159384,0.2264
datasets/workout/yanz0510workout/yanz0510workout_whole_session_20260510_222208.csv,yanz0510workout,db_rdl,2,8,159428,159818,159698,159785,0.2231
datasets/workout/yanz0510workout/yanz0510workout_whole_session_20260510_222208.csv,yanz0510workout,db_rdl,2,9,159818,160242,160108,160178,0.1651
datasets/workout/yanz0510workout/yanz0510workout_whole_session_20260510_222208.csv,yanz0510workout,db_rdl,2,10,160242,160626,160353,160441,0.2292
datasets/workout/yanz0510workout/yanz0510workout_whole_session_20260510_222208.csv,yanz0510workout,db_rdl,2,11,160626,161046,160740,160818,0.1857
datasets/workout/yanz0510workout/yanz0510workout_whole_session_20260510_222208.csv,yanz0510workout,db_weighted_crunch,0,0,171206,171539,171382,171435,0.1592
datasets/workout/yanz0510workout/yanz0510workout_whole_session_20260510_222208.csv,yanz0510workout,db_weighted_crunch,0,1,171539,172058,172008,172058,0.0963
datasets/workout/yanz0510workout/yanz0510workout_whole_session_20260510_222208.csv,yanz0510workout,db_weighted_crunch,0,2,172058,172381,172170,172212,0.13
datasets/workout/yanz0510workout/yanz0510workout_whole_session_20260510_222208.csv,yanz0510workout,db_weighted_crunch,0,3,172381,172702,172483,172552,0.215
datasets/workout/yanz0510workout/yanz0510workout_whole_session_20260510_222208.csv,yanz0510workout,db_weighted_crunch,0,4,172702,173074,172852,172901,0.1317
datasets/workout/yanz0510workout/yanz0510workout_whole_session_20260510_222208.csv,yanz0510workout,db_weighted_crunch,0,5,173074,173395,173182,173248,0.2056
datasets/workout/yanz0510workout/yanz0510workout_whole_session_20260510_222208.csv,yanz0510workout,db_weighted_crunch,0,6,173395,173742,173528,173576,0.1383
datasets/workout/yanz0510workout/yanz0510workout_whole_session_20260510_222208.csv,yanz0510workout,db_weighted_crunch,0,7,173742,174083,173830,173890,0.176
datasets/workout/yanz0510workout/yanz0510workout_whole_session_20260510_222208.csv,yanz0510workout,db_weighted_crunch,0,8,174083,174433,174200,174243,0.1229
datasets/workout/yanz0510workout/yanz0510workout_whole_session_20260510_222208.csv,yanz0510workout,db_weighted_crunch,0,9,174433,174780,174601,174652,0.147
datasets/workout/yanz0510workout/yanz0510workout_whole_session_20260510_222208.csv,yanz0510workout,db_weighted_crunch,0,10,174780,175098,174904,174969,0.2044
datasets/workout/yanz0510workout/yanz0510workout_whole_session_20260510_222208.csv,yanz0510workout,db_weighted_crunch,0,11,175098,175493,175336,175408,0.1823
datasets/workout/yanz0510workout/yanz0510workout_whole_session_20260510_222208.csv,yanz0510workout,db_weighted_crunch,1,0,180643,180884,180685,180725,0.166
datasets/workout/yanz0510workout/yanz0510workout_whole_session_20260510_222208.csv,yanz0510workout,db_weighted_crunch,1,1,180884,181178,181097,181151,0.1837
datasets/workout/yanz0510workout/yanz0510workout_whole_session_20260510_222208.csv,yanz0510workout,db_weighted_crunch,1,2,181178,181520,181234,181286,0.152
datasets/workout/yanz0510workout/yanz0510workout_whole_session_20260510_222208.csv,yanz0510workout,db_weighted_crunch,1,3,181520,181786,181627,181676,0.1842
datasets/workout/yanz0510workout/yanz0510workout_whole_session_20260510_222208.csv,yanz0510workout,db_weighted_crunch,2,0,186438,186722,186424,186538,0.3356
datasets/workout/yanz0510workout/yanz0510workout_whole_session_20260510_222208.csv,yanz0510workout,db_weighted_crunch,2,1,186722,186990,186775,186834,0.2201
datasets/workout/yanz0510workout/yanz0510workout_whole_session_20260510_222208.csv,yanz0510workout,db_weighted_crunch,2,2,186990,187296,187172,187238,0.2157
datasets/workout/yanz0510workout/yanz0510workout_whole_session_20260510_222208.csv,yanz0510workout,db_weighted_crunch,2,3,187296,187635,187370,187436,0.1947
datasets/workout/yanz0510workout/yanz0510workout_whole_session_20260510_222208.csv,yanz0510workout,db_weighted_crunch,2,4,187635,187892,187770,187829,0.2296
datasets/workout/yanz0510workout/yanz0510workout_whole_session_20260510_222208.csv,yanz0510workout,db_weighted_crunch,2,5,187892,188278,188162,188250,0.228
datasets/workout/yanz0510workout/yanz0510workout_whole_session_20260510_222208.csv,yanz0510workout,db_weighted_crunch,2,6,188278,188588,188322,188383,0.1968
datasets/workout/yanz0510workout/yanz0510workout_whole_session_20260510_222208.csv,yanz0510workout,db_weighted_crunch,2,7,188588,188943,188630,188710,0.2254
datasets/workout/yanz0510workout/yanz0510workout_whole_session_20260510_222208.csv,yanz0510workout,db_weighted_crunch,2,8,188943,189260,189058,189146,0.2776
datasets/workout/yanz0510workout/yanz0510workout_whole_session_20260510_222208.csv,yanz0510workout,db_weighted_crunch,2,9,189260,189563,189391,189478,0.2871
datasets/workout/yanz0510workout/yanz0510workout_whole_session_20260510_222208.csv,yanz0510workout,db_weighted_crunch,2,10,189563,189934,189586,189652,0.1779
datasets/workout/yanz0510workout/yanz0510workout_whole_session_20260510_222208.csv,yanz0510workout,db_weighted_crunch,2,11,189934,190303,190010,190076,0.1789
datasets/workout/yanz0510workout/yanz0510workout_whole_session_20260510_222208.csv,yanz0510workout,db_weighted_crunch,3,0,198741,198965,198849,198913,0.2857
datasets/workout/yanz0510workout/yanz0510workout_whole_session_20260510_222208.csv,yanz0510workout,db_weighted_crunch,3,1,198965,199197,199040,199100,0.2586
datasets/workout/yanz0510workout/yanz0510workout_whole_session_20260510_222208.csv,yanz0510workout,db_weighted_crunch,3,2,199197,199463,199273,199342,0.2594
datasets/workout/yanz0510workout/yanz0510workout_whole_session_20260510_222208.csv,yanz0510workout,db_weighted_crunch,3,3,199463,199755,199626,199703,0.2637
datasets/workout/yanz0510workout/yanz0510workout_whole_session_20260510_222208.csv,yanz0510workout,db_weighted_crunch,3,4,199755,200041,199933,200001,0.2378
datasets/workout/yanz0510workout/yanz0510workout_whole_session_20260510_222208.csv,yanz0510workout,db_weighted_crunch,3,5,200041,200359,200169,200227,0.1824
datasets/workout/yanz0510workout/yanz0510workout_whole_session_20260510_222208.csv,yanz0510workout,db_weighted_crunch,3,6,200359,200680,200491,200563,0.2243
datasets/workout/yanz0510workout/yanz0510workout_whole_session_20260510_222208.csv,yanz0510workout,db_weighted_crunch,3,7,200680,200964,200805,200843,0.1338
datasets/workout/yanz0510workout/yanz0510workout_whole_session_20260510_222208.csv,yanz0510workout,db_weighted_crunch,3,8,200964,201302,201130,201180,0.1479
datasets/workout/yanz0510workout/yanz0510workout_whole_session_20260510_222208.csv,yanz0510workout,db_weighted_crunch,3,9,201302,201618,201521,201575,0.1709
datasets/workout/yanz0510workout/yanz0510workout_whole_session_20260510_222208.csv,yanz0510workout,db_weighted_crunch,3,10,201618,201923,201668,201741,0.2393
datasets/workout/yanz0510workout/yanz0510workout_whole_session_20260510_222208.csv,yanz0510workout,db_weighted_crunch,3,11,201923,202234,202183,202238,0.1619
datasets/workout/yanz0510workout/yanz0510workout_whole_session_20260510_222208.csv,yanz0510workout,db_shoulder_press,0,0,212222,212462,212348,212432,0.35
datasets/workout/yanz0510workout/yanz0510workout_whole_session_20260510_222208.csv,yanz0510workout,db_shoulder_press,0,1,212462,212753,212560,212676,0.3986
datasets/workout/yanz0510workout/yanz0510workout_whole_session_20260510_222208.csv,yanz0510workout,db_shoulder_press,0,2,212753,213272,213090,213224,0.2582
datasets/workout/yanz0510workout/yanz0510workout_whole_session_20260510_222208.csv,yanz0510workout,db_shoulder_press,0,3,213272,213587,213406,213531,0.3968
datasets/workout/yanz0510workout/yanz0510workout_whole_session_20260510_222208.csv,yanz0510workout,db_shoulder_press,0,4,213587,213889,213725,213846,0.4007
datasets/workout/yanz0510workout/yanz0510workout_whole_session_20260510_222208.csv,yanz0510workout,db_shoulder_press,0,5,213889,214230,214052,214230,0.522
datasets/workout/yanz0510workout/yanz0510workout_whole_session_20260510_222208.csv,yanz0510workout,db_shoulder_press,1,0,234605,234960,234549,234701,0.2336
datasets/workout/yanz0510workout/yanz0510workout_whole_session_20260510_222208.csv,yanz0510workout,db_shoulder_press,1,1,234960,235212,235143,235221,0.2644
datasets/workout/yanz0510workout/yanz0510workout_whole_session_20260510_222208.csv,yanz0510workout,db_shoulder_press,1,2,235212,235604,235505,235574,0.176
datasets/workout/yanz0510workout/yanz0510workout_whole_session_20260510_222208.csv,yanz0510workout,db_shoulder_press,1,3,235604,235945,235786,235861,0.2199
datasets/workout/yanz0510workout/yanz0510workout_whole_session_20260510_222208.csv,yanz0510workout,db_shoulder_press,1,4,235945,236307,236133,236203,0.1934
datasets/workout/yanz0510workout/yanz0510workout_whole_session_20260510_222208.csv,yanz0510workout,db_shoulder_press,1,5,236307,236664,236487,236546,0.1653
datasets/workout/yanz0510workout/yanz0510workout_whole_session_20260510_222208.csv,yanz0510workout,db_shoulder_press,1,6,236664,236992,236743,236822,0.2409
datasets/workout/yanz0510workout/yanz0510workout_whole_session_20260510_222208.csv,yanz0510workout,db_shoulder_press,1,7,236992,237322,237215,237290,0.2273
datasets/workout/yanz0510workout/yanz0510workout_whole_session_20260510_222208.csv,yanz0510workout,db_shoulder_press,1,8,237322,237642,237508,237577,0.2156
datasets/workout/yanz0510workout/yanz0510workout_whole_session_20260510_222208.csv,yanz0510workout,db_shoulder_press,1,9,237642,237988,237809,237887,0.2254
datasets/workout/yanz0510workout/yanz0510workout_whole_session_20260510_222208.csv,yanz0510workout,db_shoulder_press,1,10,237988,238315,238199,238259,0.1835
datasets/workout/yanz0510workout/yanz0510workout_whole_session_20260510_222208.csv,yanz0510workout,db_shoulder_press,1,11,238315,238634,238549,238617,0.2132
datasets/workout/yanz0510workout/yanz0510workout_whole_session_20260510_222208.csv,yanz0510workout,db_shoulder_press,2,0,245521,245859,245430,245858,0.7855
datasets/workout/yanz0510workout/yanz0510workout_whole_session_20260510_222208.csv,yanz0510workout,db_shoulder_press,2,1,245859,246175,245858,246110,0.7918
datasets/workout/yanz0510workout/yanz0510workout_whole_session_20260510_222208.csv,yanz0510workout,db_shoulder_press,2,2,246175,246504,246316,246595,0.4476
datasets/workout/yanz0510workout/yanz0510workout_whole_session_20260510_222208.csv,yanz0510workout,db_shoulder_press,2,3,246504,246835,246595,246816,0.6677
datasets/workout/yanz0510workout/yanz0510workout_whole_session_20260510_222208.csv,yanz0510workout,db_shoulder_press,2,4,246835,247138,246981,247132,0.4983
datasets/workout/yanz0510workout/yanz0510workout_whole_session_20260510_222208.csv,yanz0510workout,db_shoulder_press,2,5,247138,247466,247294,247466,0.5244
datasets/workout/yanz0510workout/yanz0510workout_whole_session_20260510_222208.csv,yanz0510workout,db_shoulder_press,2,6,247466,247857,247466,247582,0.2967
datasets/workout/yanz0510workout/yanz0510workout_whole_session_20260510_222208.csv,yanz0510workout,db_shoulder_press,3,0,254158,254416,254224,254422,0.7273
datasets/workout/yanz0510workout/yanz0510workout_whole_session_20260510_222208.csv,yanz0510workout,db_shoulder_press,3,1,254416,254683,254422,254642,0.824
datasets/workout/yanz0510workout/yanz0510workout_whole_session_20260510_222208.csv,yanz0510workout,db_shoulder_press,3,2,254683,254937,254794,254919,0.4921
datasets/workout/yanz0510workout/yanz0510workout_whole_session_20260510_222208.csv,yanz0510workout,db_shoulder_press,3,3,254937,255181,255020,255141,0.4959
datasets/workout/yanz0510workout/yanz0510workout_whole_session_20260510_222208.csv,yanz0510workout,db_shoulder_press,3,4,255181,255419,255262,255344,0.3445
datasets/workout/yanz0510workout/yanz0510workout_whole_session_20260510_222208.csv,yanz0510workout,db_shoulder_press,3,5,255419,255687,255510,255606,0.3582
datasets/workout/yanz0510workout/yanz0510workout_whole_session_20260510_222208.csv,yanz0510workout,db_shoulder_press,3,6,255687,255899,255694,255763,0.3255
datasets/workout/yanz0510workout/yanz0510workout_whole_session_20260510_222208.csv,yanz0510workout,db_biceps_curl,0,0,269699,269864,269451,269911,0.3587
datasets/workout/yanz0510workout/yanz0510workout_whole_session_20260510_222208.csv,yanz0510workout,db_biceps_curl,0,1,269864,270158,269911,270188,0.7623
datasets/workout/yanz0510workout/yanz0510workout_whole_session_20260510_222208.csv,yanz0510workout,db_biceps_curl,0,2,270158,270409,270188,270458,0.7367
datasets/workout/yanz0510workout/yanz0510workout_whole_session_20260510_222208.csv,yanz0510workout,db_biceps_curl,0,3,270409,270685,270458,270732,0.7028
datasets/workout/yanz0510workout/yanz0510workout_whole_session_20260510_222208.csv,yanz0510workout,db_biceps_curl,0,4,270685,270987,270732,271011,0.7822
datasets/workout/yanz0510workout/yanz0510workout_whole_session_20260510_222208.csv,yanz0510workout,db_biceps_curl,0,5,270987,271271,271011,271281,0.8844
datasets/workout/yanz0510workout/yanz0510workout_whole_session_20260510_222208.csv,yanz0510workout,db_biceps_curl,0,6,271271,271529,271281,271596,0.7631
datasets/workout/yanz0510workout/yanz0510workout_whole_session_20260510_222208.csv,yanz0510workout,db_biceps_curl,0,7,271529,271884,271596,271929,0.72
datasets/workout/yanz0510workout/yanz0510workout_whole_session_20260510_222208.csv,yanz0510workout,db_biceps_curl,0,8,271884,272146,271929,272206,0.6739
datasets/workout/yanz0510workout/yanz0510workout_whole_session_20260510_222208.csv,yanz0510workout,db_biceps_curl,0,9,272146,272440,272206,272488,0.6842
datasets/workout/yanz0510workout/yanz0510workout_whole_session_20260510_222208.csv,yanz0510workout,db_biceps_curl,0,10,272440,272717,272488,272781,0.6716
datasets/workout/yanz0510workout/yanz0510workout_whole_session_20260510_222208.csv,yanz0510workout,db_biceps_curl,0,11,272717,273022,272781,273401,0.3523
datasets/workout/yanz0510workout/yanz0510workout_whole_session_20260510_222208.csv,yanz0510workout,db_biceps_curl,1,0,279828,280152,279890,280114,0.6914
datasets/workout/yanz0510workout/yanz0510workout_whole_session_20260510_222208.csv,yanz0510workout,db_biceps_curl,1,1,280152,280384,280114,280376,0.8296
datasets/workout/yanz0510workout/yanz0510workout_whole_session_20260510_222208.csv,yanz0510workout,db_biceps_curl,1,2,280384,280654,280376,280637,0.9101
datasets/workout/yanz0510workout/yanz0510workout_whole_session_20260510_222208.csv,yanz0510workout,db_biceps_curl,1,3,280654,280920,280637,280908,0.8975
datasets/workout/yanz0510workout/yanz0510workout_whole_session_20260510_222208.csv,yanz0510workout,db_biceps_curl,1,4,280920,281169,280908,281181,0.9121
datasets/workout/yanz0510workout/yanz0510workout_whole_session_20260510_222208.csv,yanz0510workout,db_biceps_curl,1,5,281169,281451,281181,281441,0.922
datasets/workout/yanz0510workout/yanz0510workout_whole_session_20260510_222208.csv,yanz0510workout,db_biceps_curl,1,6,281451,281718,281441,281691,0.8664
datasets/workout/yanz0510workout/yanz0510workout_whole_session_20260510_222208.csv,yanz0510workout,db_biceps_curl,1,7,281718,281960,281691,281942,0.8327
datasets/workout/yanz0510workout/yanz0510workout_whole_session_20260510_222208.csv,yanz0510workout,db_biceps_curl,1,8,281960,282217,281942,282198,0.8655
datasets/workout/yanz0510workout/yanz0510workout_whole_session_20260510_222208.csv,yanz0510workout,db_biceps_curl,1,9,282217,282489,282198,282477,0.8935
datasets/workout/yanz0510workout/yanz0510workout_whole_session_20260510_222208.csv,yanz0510workout,db_biceps_curl,1,10,282489,282759,282477,282763,0.9441
datasets/workout/yanz0510workout/yanz0510workout_whole_session_20260510_222208.csv,yanz0510workout,db_biceps_curl,1,11,282759,283061,282763,283045,0.9338
datasets/workout/yanz0510workout/yanz0510workout_whole_session_20260510_222208.csv,yanz0510workout,db_biceps_curl,2,0,289832,290062,289804,290076,0.8456
datasets/workout/yanz0510workout/yanz0510workout_whole_session_20260510_222208.csv,yanz0510workout,db_biceps_curl,2,1,290062,290320,290076,290337,0.8873
datasets/workout/yanz0510workout/yanz0510workout_whole_session_20260510_222208.csv,yanz0510workout,db_biceps_curl,2,2,290320,290576,290337,290608,0.8299
datasets/workout/yanz0510workout/yanz0510workout_whole_session_20260510_222208.csv,yanz0510workout,db_biceps_curl,2,3,290576,290858,290608,290890,0.7962
datasets/workout/yanz0510workout/yanz0510workout_whole_session_20260510_222208.csv,yanz0510workout,db_biceps_curl,2,4,290858,291146,290890,291180,0.795
datasets/workout/yanz0510workout/yanz0510workout_whole_session_20260510_222208.csv,yanz0510workout,db_biceps_curl,2,5,291146,291425,291180,291468,0.7609
datasets/workout/yanz0510workout/yanz0510workout_whole_session_20260510_222208.csv,yanz0510workout,db_biceps_curl,2,6,291425,291698,291468,291772,0.6628
datasets/workout/yanz0510workout/yanz0510workout_whole_session_20260510_222208.csv,yanz0510workout,db_biceps_curl,2,7,291698,292008,291772,292865,0.2022
datasets/workout/yanz0510workout/yanz0510workout_whole_session_20260510_222208.csv,yanz0510workout,db_biceps_curl,2,8,292008,292172,291772,292865,0.15
datasets/workout/yanz0510workout/yanz0510workout_whole_session_20260510_222208.csv,yanz0510workout,db_triceps_curl,0,0,301498,301782,301503,301800,0.9238
datasets/workout/yanz0510workout/yanz0510workout_whole_session_20260510_222208.csv,yanz0510workout,db_triceps_curl,0,1,301782,302122,301800,301973,0.5088
datasets/workout/yanz0510workout/yanz0510workout_whole_session_20260510_222208.csv,yanz0510workout,db_triceps_curl,0,2,302122,302448,302153,302464,0.8626
datasets/workout/yanz0510workout/yanz0510workout_whole_session_20260510_222208.csv,yanz0510workout,db_triceps_curl,0,3,302448,302794,302464,302790,0.9422
datasets/workout/yanz0510workout/yanz0510workout_whole_session_20260510_222208.csv,yanz0510workout,db_triceps_curl,0,4,302794,303110,302790,303102,0.9625
datasets/workout/yanz0510workout/yanz0510workout_whole_session_20260510_222208.csv,yanz0510workout,db_triceps_curl,0,5,303110,303406,303102,303402,0.9605
datasets/workout/yanz0510workout/yanz0510workout_whole_session_20260510_222208.csv,yanz0510workout,db_triceps_curl,0,6,303406,303708,303402,303702,0.9673
datasets/workout/yanz0510workout/yanz0510workout_whole_session_20260510_222208.csv,yanz0510workout,db_triceps_curl,0,7,303708,304018,303702,303984,0.8734
datasets/workout/yanz0510workout/yanz0510workout_whole_session_20260510_222208.csv,yanz0510workout,db_triceps_curl,0,8,304018,304278,303984,304260,0.8231
datasets/workout/yanz0510workout/yanz0510workout_whole_session_20260510_222208.csv,yanz0510workout,db_triceps_curl,0,9,304278,304561,304260,304538,0.8638
datasets/workout/yanz0510workout/yanz0510workout_whole_session_20260510_222208.csv,yanz0510workout,db_triceps_curl,0,10,304561,304827,304538,304814,0.8754
datasets/workout/yanz0510workout/yanz0510workout_whole_session_20260510_222208.csv,yanz0510workout,db_triceps_curl,0,11,304827,305146,304814,304985,0.4759
datasets/workout/yanz0510workout/yanz0510workout_whole_session_20260510_222208.csv,yanz0510workout,db_triceps_curl,1,0,311875,312284,311920,312002,0.2005
datasets/workout/yanz0510workout/yanz0510workout_whole_session_20260510_222208.csv,yanz0510workout,db_triceps_curl,1,1,312284,312686,312312,312422,0.2736
datasets/workout/yanz0510workout/yanz0510workout_whole_session_20260510_222208.csv,yanz0510workout,db_triceps_curl,1,2,312686,313029,312798,312956,0.4606
datasets/workout/yanz0510workout/yanz0510workout_whole_session_20260510_222208.csv,yanz0510workout,db_triceps_curl,1,3,313029,313285,313199,313290,0.3295
datasets/workout/yanz0510workout/yanz0510workout_whole_session_20260510_222208.csv,yanz0510workout,db_triceps_curl,1,4,313285,313551,313290,313414,0.4662
datasets/workout/yanz0510workout/yanz0510workout_whole_session_20260510_222208.csv,yanz0510workout,db_triceps_curl,1,5,313551,313805,313646,313738,0.3622
datasets/workout/yanz0510workout/yanz0510workout_whole_session_20260510_222208.csv,yanz0510workout,db_triceps_curl,1,6,313805,314083,313821,313904,0.2986
datasets/workout/yanz0510workout/yanz0510workout_whole_session_20260510_222208.csv,yanz0510workout,db_triceps_curl,1,7,314083,314348,314195,314372,0.5294
datasets/workout/yanz0510workout/yanz0510workout_whole_session_20260510_222208.csv,yanz0510workout,db_triceps_curl,1,8,314348,314602,314372,314502,0.5118
datasets/workout/yanz0510workout/yanz0510workout_whole_session_20260510_222208.csv,yanz0510workout,db_triceps_curl,1,9,314602,314856,314608,314720,0.4409
datasets/workout/yanz0510workout/yanz0510workout_whole_session_20260510_222208.csv,yanz0510workout,db_triceps_curl,1,10,314856,315107,314943,315032,0.3546
datasets/workout/yanz0510workout/yanz0510workout_whole_session_20260510_222208.csv,yanz0510workout,db_triceps_curl,1,11,315107,315393,315258,315412,0.4426
datasets/workout/yanz0510workout/yanz0510workout_whole_session_20260510_222208.csv,yanz0510workout,db_triceps_curl,2,0,323574,323753,323593,323888,0.5096
datasets/workout/yanz0510workout/yanz0510workout_whole_session_20260510_222208.csv,yanz0510workout,db_triceps_curl,2,1,323753,324027,323888,324155,0.3458
datasets/workout/yanz0510workout/yanz0510workout_whole_session_20260510_222208.csv,yanz0510workout,db_triceps_curl,2,2,324027,324296,324155,324415,0.3634
datasets/workout/yanz0510workout/yanz0510workout_whole_session_20260510_222208.csv,yanz0510workout,db_triceps_curl,2,3,324296,324544,324415,324677,0.3386
datasets/workout/yanz0510workout/yanz0510workout_whole_session_20260510_222208.csv,yanz0510workout,db_triceps_curl,2,4,324544,324828,324677,324946,0.3756
datasets/workout/yanz0510workout/yanz0510workout_whole_session_20260510_222208.csv,yanz0510workout,db_triceps_curl,2,5,324828,325110,324946,325219,0.4194
datasets/workout/yanz0510workout/yanz0510workout_whole_session_20260510_222208.csv,yanz0510workout,db_triceps_curl,2,6,325110,325371,325219,325383,0.5568
datasets/workout/yanz0510workout/yanz0510workout_whole_session_20260510_222208.csv,yanz0510workout,db_triceps_curl,2,7,325371,325620,325383,325507,0.498
datasets/workout/yanz0510workout/yanz0510workout_whole_session_20260510_222208.csv,yanz0510workout,db_triceps_curl,2,8,325620,325867,325639,325771,0.5344
datasets/workout/yanz0510workout/yanz0510workout_whole_session_20260510_222208.csv,yanz0510workout,db_triceps_curl,2,9,325867,326144,326029,326151,0.4049
datasets/workout/yanz0510workout/yanz0510workout_whole_session_20260510_222208.csv,yanz0510workout,db_triceps_curl,2,10,326144,326382,326151,326272,0.5084
datasets/workout/yanz0510workout/yanz0510workout_whole_session_20260510_222208.csv,yanz0510workout,db_triceps_curl,2,11,326382,326637,326428,326530,0.4
datasets/workout/yanz0510workout/yanz0510workout_whole_session_20260510_222208.csv,yanz0510workout,db_triceps_curl,3,0,333857,334104,333862,334010,0.5992
datasets/workout/yanz0510workout/yanz0510workout_whole_session_20260510_222208.csv,yanz0510workout,db_triceps_curl,3,1,334104,335615,335016,335596,0.3839
datasets/workout/yanz0510workout/yanz0510workout_whole_session_20260510_222208.csv,yanz0510workout,db_triceps_curl,4,0,336898,337126,337016,337056,0.1754
datasets/workout/yanz0510workout/yanz0510workout_whole_session_20260510_222208.csv,yanz0510workout,db_triceps_curl,4,1,337126,337382,337136,337193,0.2227
datasets/workout/yanz0510workout/yanz0510workout_whole_session_20260510_222208.csv,yanz0510workout,db_triceps_curl,4,2,337382,337660,337441,337499,0.2086
datasets/workout/yanz0510workout/yanz0510workout_whole_session_20260510_222208.csv,yanz0510workout,db_triceps_curl,4,3,337660,337960,337687,337747,0.2
datasets/workout/yanz0510workout/yanz0510workout_whole_session_20260510_222208.csv,yanz0510workout,db_triceps_curl,4,4,337960,338250,338011,338069,0.2
datasets/workout/yanz0510workout/yanz0510workout_whole_session_20260510_222208.csv,yanz0510workout,db_triceps_curl,4,5,338250,338507,338292,338363,0.2763
datasets/workout/yanz0510workout/yanz0510workout_whole_session_20260510_222208.csv,yanz0510workout,db_triceps_curl,4,6,338507,338775,338583,338637,0.2015
datasets/workout/yanz0510workout/yanz0510workout_whole_session_20260510_222208.csv,yanz0510workout,db_triceps_curl,4,7,338775,339044,338959,339009,0.1859
datasets/workout/yanz0510workout/yanz0510workout_whole_session_20260510_222208.csv,yanz0510workout,db_triceps_curl,4,8,339044,339301,339089,339136,0.1829
datasets/workout/yanz0510workout/yanz0510workout_whole_session_20260510_222208.csv,yanz0510workout,db_triceps_curl,4,9,339301,339541,339413,339459,0.1917
datasets/workout/yanz0510workout/yanz0510workout_whole_session_20260510_222208.csv,yanz0510workout,db_triceps_curl,4,10,339541,339799,339663,339731,0.2636
datasets/workout/yanz0510workout/yanz0510workout_whole_session_20260510_222208.csv,yanz0510workout,db_triceps_curl,4,11,339799,340079,339844,339895,0.1821
datasets/workout/yanz0510workout/yanz0510workout_whole_session_20260510_222208.csv,yanz0510workout,db_squat,0,0,351039,351576,351438,351525,0.162
datasets/workout/yanz0510workout/yanz0510workout_whole_session_20260510_222208.csv,yanz0510workout,db_squat,0,1,351576,351864,351647,351743,0.3333
datasets/workout/yanz0510workout/yanz0510workout_whole_session_20260510_222208.csv,yanz0510workout,db_squat,0,2,351864,352166,352012,352120,0.3576
datasets/workout/yanz0510workout/yanz0510workout_whole_session_20260510_222208.csv,yanz0510workout,db_squat,0,3,352166,352442,352241,352309,0.2464
datasets/workout/yanz0510workout/yanz0510workout_whole_session_20260510_222208.csv,yanz0510workout,db_squat,0,4,352442,352727,352589,352701,0.393
datasets/workout/yanz0510workout/yanz0510workout_whole_session_20260510_222208.csv,yanz0510workout,db_squat,0,5,352727,353001,352877,352975,0.3577
datasets/workout/yanz0510workout/yanz0510workout_whole_session_20260510_222208.csv,yanz0510workout,db_squat,0,6,353001,353267,353130,353275,0.5
datasets/workout/yanz0510workout/yanz0510workout_whole_session_20260510_222208.csv,yanz0510workout,db_squat,0,7,353267,353553,353275,353420,0.507
datasets/workout/yanz0510workout/yanz0510workout_whole_session_20260510_222208.csv,yanz0510workout,db_squat,0,8,353553,353845,353737,353816,0.2705
datasets/workout/yanz0510workout/yanz0510workout_whole_session_20260510_222208.csv,yanz0510workout,db_squat,0,9,353845,354098,354000,354109,0.3712
datasets/workout/yanz0510workout/yanz0510workout_whole_session_20260510_222208.csv,yanz0510workout,db_squat,0,10,354098,354343,354109,354231,0.498
datasets/workout/yanz0510workout/yanz0510workout_whole_session_20260510_222208.csv,yanz0510workout,db_squat,0,11,354343,354640,354325,354421,0.2476
datasets/workout/yanz0510workout/yanz0510workout_whole_session_20260510_222208.csv,yanz0510workout,db_squat,1,0,360490,360740,360572,360675,0.412
datasets/workout/yanz0510workout/yanz0510workout_whole_session_20260510_222208.csv,yanz0510workout,db_squat,1,1,360740,360994,360921,361037,0.2458
datasets/workout/yanz0510workout/yanz0510workout_whole_session_20260510_222208.csv,yanz0510workout,db_squat,1,2,360994,361294,361037,361241,0.68
datasets/workout/yanz0510workout/yanz0510workout_whole_session_20260510_222208.csv,yanz0510workout,db_squat,1,3,361294,361557,361241,361467,0.5475
datasets/workout/yanz0510workout/yanz0510workout_whole_session_20260510_222208.csv,yanz0510workout,db_squat,1,4,361557,361779,361467,361702,0.4647
datasets/workout/yanz0510workout/yanz0510workout_whole_session_20260510_222208.csv,yanz0510workout,db_squat,1,5,361779,362034,361702,361935,0.4699
datasets/workout/yanz0510workout/yanz0510workout_whole_session_20260510_222208.csv,yanz0510workout,db_squat,1,6,362034,362259,362149,362318,0.3873
datasets/workout/yanz0510workout/yanz0510workout_whole_session_20260510_222208.csv,yanz0510workout,db_squat,1,7,362259,362464,362318,362445,0.6195
datasets/workout/yanz0510workout/yanz0510workout_whole_session_20260510_222208.csv,yanz0510workout,db_squat,1,8,362464,362691,362575,362692,0.5088
datasets/workout/yanz0510workout/yanz0510workout_whole_session_20260510_222208.csv,yanz0510workout,db_squat,1,9,362691,362947,362692,362829,0.5352
datasets/workout/yanz0510workout/yanz0510workout_whole_session_20260510_222208.csv,yanz0510workout,db_squat,1,10,362947,363171,362949,363096,0.6562
datasets/workout/yanz0510workout/yanz0510workout_whole_session_20260510_222208.csv,yanz0510workout,db_squat,1,11,363171,363423,363255,363333,0.3095
datasets/workout/yanz0510workout/yanz0510workout_whole_session_20260510_222208.csv,yanz0510workout,db_squat,2,0,370576,370732,370628,370774,0.5253
datasets/workout/yanz0510workout/yanz0510workout_whole_session_20260510_222208.csv,yanz0510workout,db_squat,2,1,370732,370967,370774,370962,0.8
datasets/workout/yanz0510workout/yanz0510workout_whole_session_20260510_222208.csv,yanz0510workout,db_squat,2,2,370967,371205,370962,371150,0.7531
datasets/workout/yanz0510workout/yanz0510workout_whole_session_20260510_222208.csv,yanz0510workout,db_squat,2,3,371205,371471,371276,371402,0.4737
datasets/workout/yanz0510workout/yanz0510workout_whole_session_20260510_222208.csv,yanz0510workout,db_squat,2,4,371471,371720,371540,371730,0.695
datasets/workout/yanz0510workout/yanz0510workout_whole_session_20260510_222208.csv,yanz0510workout,db_squat,2,5,371720,371970,371730,371928,0.792
datasets/workout/yanz0510workout/yanz0510workout_whole_session_20260510_222208.csv,yanz0510workout,db_squat,2,6,371970,372236,372050,372174,0.4662
datasets/workout/yanz0510workout/yanz0510workout_whole_session_20260510_222208.csv,yanz0510workout,db_squat,2,7,372236,372517,372306,372436,0.4626
datasets/workout/yanz0510workout/yanz0510workout_whole_session_20260510_222208.csv,yanz0510workout,db_squat,2,8,372517,372726,372567,372690,0.5885
datasets/workout/yanz0510workout/yanz0510workout_whole_session_20260510_222208.csv,yanz0510workout,db_squat,2,9,372726,372990,372816,372947,0.4962
datasets/workout/yanz0510workout/yanz0510workout_whole_session_20260510_222208.csv,yanz0510workout,db_squat,2,10,372990,373215,373065,373180,0.5111
datasets/workout/yanz0510workout/yanz0510workout_whole_session_20260510_222208.csv,yanz0510workout,db_squat,2,11,373215,373499,373284,373400,0.4085
datasets/workout/yoru0511workout/yoru0511workout_whole_session_20260511_180608.csv,yoru0511workout,db_bench_press,0,0,66,421,149,250,0.2845
datasets/workout/yoru0511workout/yoru0511workout_whole_session_20260511_180608.csv,yoru0511workout,db_bench_press,0,1,421,757,544,676,0.3929
datasets/workout/yoru0511workout/yoru0511workout_whole_session_20260511_180608.csv,yoru0511workout,db_bench_press,0,2,757,1105,959,1056,0.2787
datasets/workout/yoru0511workout/yoru0511workout_whole_session_20260511_180608.csv,yoru0511workout,db_bench_press,0,3,1105,1455,1302,1438,0.3886
datasets/workout/yoru0511workout/yoru0511workout_whole_session_20260511_180608.csv,yoru0511workout,db_bench_press,0,4,1455,1787,1633,1746,0.3404
datasets/workout/yoru0511workout/yoru0511workout_whole_session_20260511_180608.csv,yoru0511workout,db_bench_press,0,5,1787,2118,1940,2041,0.3051
datasets/workout/yoru0511workout/yoru0511workout_whole_session_20260511_180608.csv,yoru0511workout,db_bench_press,0,6,2118,2456,2170,2276,0.3136
datasets/workout/yoru0511workout/yoru0511workout_whole_session_20260511_180608.csv,yoru0511workout,db_bench_press,0,7,2456,2762,2520,2613,0.3039
datasets/workout/yoru0511workout/yoru0511workout_whole_session_20260511_180608.csv,yoru0511workout,db_bench_press,0,8,2762,3092,2942,3052,0.3333
datasets/workout/yoru0511workout/yoru0511workout_whole_session_20260511_180608.csv,yoru0511workout,db_bench_press,0,9,3092,3451,3262,3366,0.2897
datasets/workout/yoru0511workout/yoru0511workout_whole_session_20260511_180608.csv,yoru0511workout,db_bench_press,0,10,3451,3762,3632,3718,0.2765
datasets/workout/yoru0511workout/yoru0511workout_whole_session_20260511_180608.csv,yoru0511workout,db_bench_press,0,11,3762,3903,3798,3853,0.3901
datasets/workout/yoru0511workout/yoru0511workout_whole_session_20260511_180608.csv,yoru0511workout,db_bench_press,1,0,9344,9454,9248,9417,0.3544
datasets/workout/yoru0511workout/yoru0511workout_whole_session_20260511_180608.csv,yoru0511workout,db_bench_press,1,1,9454,9775,9554,9710,0.486
datasets/workout/yoru0511workout/yoru0511workout_whole_session_20260511_180608.csv,yoru0511workout,db_bench_press,1,2,9775,10095,9876,10004,0.4
datasets/workout/yoru0511workout/yoru0511workout_whole_session_20260511_180608.csv,yoru0511workout,db_bench_press,1,3,10095,10443,10252,10464,0.5176
datasets/workout/yoru0511workout/yoru0511workout_whole_session_20260511_180608.csv,yoru0511workout,db_bench_press,1,4,10443,10786,10551,10708,0.4577
datasets/workout/yoru0511workout/yoru0511workout_whole_session_20260511_180608.csv,yoru0511workout,db_bench_press,1,5,10786,11114,10921,11102,0.5518
datasets/workout/yoru0511workout/yoru0511workout_whole_session_20260511_180608.csv,yoru0511workout,db_bench_press,1,6,11114,11452,11235,11391,0.4615
datasets/workout/yoru0511workout/yoru0511workout_whole_session_20260511_180608.csv,yoru0511workout,db_bench_press,1,7,11452,11816,11558,11745,0.5137
datasets/workout/yoru0511workout/yoru0511workout_whole_session_20260511_180608.csv,yoru0511workout,db_bench_press,1,8,11816,12150,11931,12148,0.6497
datasets/workout/yoru0511workout/yoru0511workout_whole_session_20260511_180608.csv,yoru0511workout,db_bench_press,1,9,12150,12496,12148,12427,0.796
datasets/workout/yoru0511workout/yoru0511workout_whole_session_20260511_180608.csv,yoru0511workout,db_bench_press,1,10,12496,12832,12592,12710,0.3512
datasets/workout/yoru0511workout/yoru0511workout_whole_session_20260511_180608.csv,yoru0511workout,db_bench_press,1,11,12832,13200,12874,13107,0.6332
datasets/workout/yoru0511workout/yoru0511workout_whole_session_20260511_180608.csv,yoru0511workout,db_bench_press,1,12,13200,13331,13107,13300,0.4464
datasets/workout/yoru0511workout/yoru0511workout_whole_session_20260511_180608.csv,yoru0511workout,db_bench_press,2,0,30134,30276,30179,30474,0.2853
datasets/workout/yoru0511workout/yoru0511workout_whole_session_20260511_180608.csv,yoru0511workout,db_bench_press,2,1,30276,30582,30179,30474,0.4913
datasets/workout/yoru0511workout/yoru0511workout_whole_session_20260511_180608.csv,yoru0511workout,db_bench_press,2,2,30582,30906,30474,30856,0.6343
datasets/workout/yoru0511workout/yoru0511workout_whole_session_20260511_180608.csv,yoru0511workout,db_bench_press,3,0,32190,32284,32138,32383,0.3837
datasets/workout/yoru0511workout/yoru0511workout_whole_session_20260511_180608.csv,yoru0511workout,db_bench_press,3,1,32284,32425,32138,32383,0.3449
datasets/workout/yoru0511workout/yoru0511workout_whole_session_20260511_180608.csv,yoru0511workout,db_bench_press,4,0,52261,52401,52187,52382,0.5654
datasets/workout/yoru0511workout/yoru0511workout_whole_session_20260511_180608.csv,yoru0511workout,db_bench_press,4,1,52401,52756,52559,52735,0.4958
datasets/workout/yoru0511workout/yoru0511workout_whole_session_20260511_180608.csv,yoru0511workout,db_bench_press,4,2,52756,53108,52955,53075,0.3409
datasets/workout/yoru0511workout/yoru0511workout_whole_session_20260511_180608.csv,yoru0511workout,db_bench_press,4,3,53108,53414,53075,53309,0.5929
datasets/workout/yoru0511workout/yoru0511workout_whole_session_20260511_180608.csv,yoru0511workout,db_bench_press,4,4,53414,53758,53561,53741,0.5233
datasets/workout/yoru0511workout/yoru0511workout_whole_session_20260511_180608.csv,yoru0511workout,db_bench_press,4,5,53758,54151,53881,54059,0.4529
datasets/workout/yoru0511workout/yoru0511workout_whole_session_20260511_180608.csv,yoru0511workout,db_bench_press,4,6,54151,54493,54242,54381,0.4064
datasets/workout/yoru0511workout/yoru0511workout_whole_session_20260511_180608.csv,yoru0511workout,db_bench_press,4,7,54493,54877,54558,54797,0.6224
datasets/workout/yoru0511workout/yoru0511workout_whole_session_20260511_180608.csv,yoru0511workout,db_bench_press,4,8,54877,55283,55021,55212,0.4704
datasets/workout/yoru0511workout/yoru0511workout_whole_session_20260511_180608.csv,yoru0511workout,db_bench_press,4,9,55283,55622,55370,55542,0.5074
datasets/workout/yoru0511workout/yoru0511workout_whole_session_20260511_180608.csv,yoru0511workout,db_bench_press,4,10,55622,55964,55816,55944,0.3743
datasets/workout/yoru0511workout/yoru0511workout_whole_session_20260511_180608.csv,yoru0511workout,db_bench_press,4,11,55964,56100,55944,56063,0.6346
datasets/workout/yoru0511workout/yoru0511workout_whole_session_20260511_180608.csv,yoru0511workout,db_bench_press,5,0,62104,62287,62123,62184,0.3333
datasets/workout/yoru0511workout/yoru0511workout_whole_session_20260511_180608.csv,yoru0511workout,db_bench_press,5,1,62287,62616,62339,62409,0.2128
datasets/workout/yoru0511workout/yoru0511workout_whole_session_20260511_180608.csv,yoru0511workout,db_bench_press,5,2,62616,62948,62773,62885,0.3373
datasets/workout/yoru0511workout/yoru0511workout_whole_session_20260511_180608.csv,yoru0511workout,db_bench_press,5,3,62948,63294,63167,63238,0.2052
datasets/workout/yoru0511workout/yoru0511workout_whole_session_20260511_180608.csv,yoru0511workout,db_bench_press,5,4,63294,63616,63319,63373,0.1677
datasets/workout/yoru0511workout/yoru0511workout_whole_session_20260511_180608.csv,yoru0511workout,db_bench_press,5,5,63616,63970,63662,63755,0.2627
datasets/workout/yoru0511workout/yoru0511workout_whole_session_20260511_180608.csv,yoru0511workout,db_bench_press,5,6,63970,64325,63993,64096,0.2901
datasets/workout/yoru0511workout/yoru0511workout_whole_session_20260511_180608.csv,yoru0511workout,db_bench_press,5,7,64325,64679,64589,64665,0.2147
datasets/workout/yoru0511workout/yoru0511workout_whole_session_20260511_180608.csv,yoru0511workout,db_bench_press,5,8,64679,65051,64737,64829,0.2473
datasets/workout/yoru0511workout/yoru0511workout_whole_session_20260511_180608.csv,yoru0511workout,db_bench_press,5,9,65051,65383,65187,65257,0.2108
datasets/workout/yoru0511workout/yoru0511workout_whole_session_20260511_180608.csv,yoru0511workout,db_bench_press,5,10,65383,65728,65685,65727,0.1217
datasets/workout/yoru0511workout/yoru0511workout_whole_session_20260511_180608.csv,yoru0511workout,db_bench_press,5,11,65728,65870,65775,65870,0.669
datasets/workout/yoru0511workout/yoru0511workout_whole_session_20260511_180608.csv,yoru0511workout,one_arm_db_row,0,0,121979,122054,121894,122052,0.4562
datasets/workout/yoru0511workout/yoru0511workout_whole_session_20260511_180608.csv,yoru0511workout,one_arm_db_row,0,1,122054,122320,122052,122212,0.5896
datasets/workout/yoru0511workout/yoru0511workout_whole_session_20260511_180608.csv,yoru0511workout,one_arm_db_row,0,2,122320,122608,122422,122582,0.5556
datasets/workout/yoru0511workout/yoru0511workout_whole_session_20260511_180608.csv,yoru0511workout,one_arm_db_row,0,3,122608,122969,122582,122714,0.2739
datasets/workout/yoru0511workout/yoru0511workout_whole_session_20260511_180608.csv,yoru0511workout,one_arm_db_row,0,4,122969,123242,122984,123124,0.5128
datasets/workout/yoru0511workout/yoru0511workout_whole_session_20260511_180608.csv,yoru0511workout,one_arm_db_row,0,5,123242,123546,123356,123490,0.4408
datasets/workout/yoru0511workout/yoru0511workout_whole_session_20260511_180608.csv,yoru0511workout,one_arm_db_row,0,6,123546,123835,123574,123740,0.5744
datasets/workout/yoru0511workout/yoru0511workout_whole_session_20260511_180608.csv,yoru0511workout,one_arm_db_row,0,7,123835,124124,123942,124060,0.4083
datasets/workout/yoru0511workout/yoru0511workout_whole_session_20260511_180608.csv,yoru0511workout,one_arm_db_row,0,8,124124,124391,124060,124300,0.5317
datasets/workout/yoru0511workout/yoru0511workout_whole_session_20260511_180608.csv,yoru0511workout,one_arm_db_row,0,9,124391,124684,124300,124582,0.4974
datasets/workout/yoru0511workout/yoru0511workout_whole_session_20260511_180608.csv,yoru0511workout,one_arm_db_row,0,10,124684,124974,124697,124836,0.4793
datasets/workout/yoru0511workout/yoru0511workout_whole_session_20260511_180608.csv,yoru0511workout,one_arm_db_row,0,11,124974,125125,124836,125122,0.5121
datasets/workout/yoru0511workout/yoru0511workout_whole_session_20260511_180608.csv,yoru0511workout,one_arm_db_row,2,0,131997,132086,131961,132049,0.416
datasets/workout/yoru0511workout/yoru0511workout_whole_session_20260511_180608.csv,yoru0511workout,one_arm_db_row,2,1,132086,132333,132049,132211,0.4401
datasets/workout/yoru0511workout/yoru0511workout_whole_session_20260511_180608.csv,yoru0511workout,one_arm_db_row,2,2,132333,132609,132377,132549,0.6232
datasets/workout/yoru0511workout/yoru0511workout_whole_session_20260511_180608.csv,yoru0511workout,one_arm_db_row,2,3,132609,132880,132549,132780,0.5166
datasets/workout/yoru0511workout/yoru0511workout_whole_session_20260511_180608.csv,yoru0511workout,one_arm_db_row,2,4,132880,133161,132947,133088,0.5018
datasets/workout/yoru0511workout/yoru0511workout_whole_session_20260511_180608.csv,yoru0511workout,one_arm_db_row,2,5,133161,133441,133088,133329,0.4759
datasets/workout/yoru0511workout/yoru0511workout_whole_session_20260511_180608.csv,yoru0511workout,one_arm_db_row,2,6,133441,133729,133577,133712,0.4688
datasets/workout/yoru0511workout/yoru0511workout_whole_session_20260511_180608.csv,yoru0511workout,one_arm_db_row,2,7,133729,133995,133712,133914,0.6537
datasets/workout/yoru0511workout/yoru0511workout_whole_session_20260511_180608.csv,yoru0511workout,one_arm_db_row,2,8,133995,134279,133914,134169,0.4767
datasets/workout/yoru0511workout/yoru0511workout_whole_session_20260511_180608.csv,yoru0511workout,one_arm_db_row,2,9,134279,134573,134169,134455,0.4356
datasets/workout/yoru0511workout/yoru0511workout_whole_session_20260511_180608.csv,yoru0511workout,one_arm_db_row,2,10,134573,134866,134728,134844,0.3959
datasets/workout/yoru0511workout/yoru0511workout_whole_session_20260511_180608.csv,yoru0511workout,one_arm_db_row,2,11,134866,135016,134886,134987,0.6733
datasets/workout/yoru0511workout/yoru0511workout_whole_session_20260511_180608.csv,yoru0511workout,one_arm_db_row,3,0,140956,141064,141005,141062,0.5278
datasets/workout/yoru0511workout/yoru0511workout_whole_session_20260511_180608.csv,yoru0511workout,one_arm_db_row,3,1,141064,141310,141231,141314,0.316
datasets/workout/yoru0511workout/yoru0511workout_whole_session_20260511_180608.csv,yoru0511workout,one_arm_db_row,3,2,141310,141587,141480,141593,0.3781
datasets/workout/yoru0511workout/yoru0511workout_whole_session_20260511_180608.csv,yoru0511workout,one_arm_db_row,3,3,141587,141867,141593,141688,0.3393
datasets/workout/yoru0511workout/yoru0511workout_whole_session_20260511_180608.csv,yoru0511workout,one_arm_db_row,3,4,141867,142121,141879,141967,0.3465
datasets/workout/yoru0511workout/yoru0511workout_whole_session_20260511_180608.csv,yoru0511workout,one_arm_db_row,3,5,142121,142365,142268,142356,0.3607
datasets/workout/yoru0511workout/yoru0511workout_whole_session_20260511_180608.csv,yoru0511workout,one_arm_db_row,3,6,142365,142650,142525,142662,0.4209
datasets/workout/yoru0511workout/yoru0511workout_whole_session_20260511_180608.csv,yoru0511workout,one_arm_db_row,3,7,142650,142943,142846,142958,0.3149
datasets/workout/yoru0511workout/yoru0511workout_whole_session_20260511_180608.csv,yoru0511workout,one_arm_db_row,3,8,142943,143243,143126,143254,0.3762
datasets/workout/yoru0511workout/yoru0511workout_whole_session_20260511_180608.csv,yoru0511workout,one_arm_db_row,3,9,143243,143560,143254,143348,0.2965
datasets/workout/yoru0511workout/yoru0511workout_whole_session_20260511_180608.csv,yoru0511workout,one_arm_db_row,3,10,143560,143867,143562,143720,0.5147
datasets/workout/yoru0511workout/yoru0511workout_whole_session_20260511_180608.csv,yoru0511workout,one_arm_db_row,3,11,143867,144071,143881,144071,0.9314
datasets/workout/yoru0511workout/yoru0511workout_whole_session_20260511_180608.csv,yoru0511workout,db_rdl,0,0,200102,200246,200058,200500,0.3258
datasets/workout/yoru0511workout/yoru0511workout_whole_session_20260511_180608.csv,yoru0511workout,db_rdl,0,1,200246,200632,200058,200500,0.4425
datasets/workout/yoru0511workout/yoru0511workout_whole_session_20260511_180608.csv,yoru0511workout,db_rdl,0,2,200632,201031,200500,200877,0.4614
datasets/workout/yoru0511workout/yoru0511workout_whole_session_20260511_180608.csv,yoru0511workout,db_rdl,0,3,201031,201401,200877,201262,0.4408
datasets/workout/yoru0511workout/yoru0511workout_whole_session_20260511_180608.csv,yoru0511workout,db_rdl,0,4,201401,201786,201262,201607,0.3931
datasets/workout/yoru0511workout/yoru0511workout_whole_session_20260511_180608.csv,yoru0511workout,db_rdl,0,5,201786,202143,201607,201985,0.3713
datasets/workout/yoru0511workout/yoru0511workout_whole_session_20260511_180608.csv,yoru0511workout,db_rdl,0,6,202143,202538,201985,202424,0.5081
datasets/workout/yoru0511workout/yoru0511workout_whole_session_20260511_180608.csv,yoru0511workout,db_rdl,0,7,202538,203014,202424,203042,0.7702
datasets/workout/yoru0511workout/yoru0511workout_whole_session_20260511_180608.csv,yoru0511workout,db_rdl,0,8,203014,203435,203042,203817,0.4894
datasets/workout/yoru0511workout/yoru0511workout_whole_session_20260511_180608.csv,yoru0511workout,db_rdl,0,9,203435,203795,203042,203817,0.4645
datasets/workout/yoru0511workout/yoru0511workout_whole_session_20260511_180608.csv,yoru0511workout,db_rdl,0,10,203795,204155,203817,204405,0.5541
datasets/workout/yoru0511workout/yoru0511workout_whole_session_20260511_180608.csv,yoru0511workout,db_rdl,0,11,204155,204324,203817,204405,0.2874
datasets/workout/yoru0511workout/yoru0511workout_whole_session_20260511_180608.csv,yoru0511workout,db_rdl,1,0,211601,211815,211545,212413,0.2465
datasets/workout/yoru0511workout/yoru0511workout_whole_session_20260511_180608.csv,yoru0511workout,db_rdl,1,1,211815,212184,211545,212413,0.4251
datasets/workout/yoru0511workout/yoru0511workout_whole_session_20260511_180608.csv,yoru0511workout,db_rdl,1,2,212184,212499,211545,212413,0.24
datasets/workout/yoru0511workout/yoru0511workout_whole_session_20260511_180608.csv,yoru0511workout,db_rdl,1,3,212499,212852,212413,213081,0.5284
datasets/workout/yoru0511workout/yoru0511workout_whole_session_20260511_180608.csv,yoru0511workout,db_rdl,1,4,212852,213206,212413,213081,0.2888
datasets/workout/yoru0511workout/yoru0511workout_whole_session_20260511_180608.csv,yoru0511workout,db_rdl,1,5,213206,213562,213081,213413,0.4304
datasets/workout/yoru0511workout/yoru0511workout_whole_session_20260511_180608.csv,yoru0511workout,db_rdl,1,6,213562,213991,213413,213872,0.5363
datasets/workout/yoru0511workout/yoru0511workout_whole_session_20260511_180608.csv,yoru0511workout,db_rdl,1,7,213991,214377,213872,214613,0.5209
datasets/workout/yoru0511workout/yoru0511workout_whole_session_20260511_180608.csv,yoru0511workout,db_rdl,1,8,214377,214753,213872,214613,0.2679
datasets/workout/yoru0511workout/yoru0511workout_whole_session_20260511_180608.csv,yoru0511workout,db_rdl,1,9,214753,215212,214613,214994,0.4023
datasets/workout/yoru0511workout/yoru0511workout_whole_session_20260511_180608.csv,yoru0511workout,db_rdl,1,10,215212,215602,215289,215601,0.8
datasets/workout/yoru0511workout/yoru0511workout_whole_session_20260511_180608.csv,yoru0511workout,db_rdl,1,11,215602,215750,215601,215915,0.4713
datasets/workout/yoru0511workout/yoru0511workout_whole_session_20260511_180608.csv,yoru0511workout,db_rdl,2,0,226213,226351,226285,226356,0.4615
datasets/workout/yoru0511workout/yoru0511workout_whole_session_20260511_180608.csv,yoru0511workout,db_rdl,2,1,226351,226706,226621,226708,0.2381
datasets/workout/yoru0511workout/yoru0511workout_whole_session_20260511_180608.csv,yoru0511workout,db_rdl,2,2,226706,227035,226708,226796,0.2675
datasets/workout/yoru0511workout/yoru0511workout_whole_session_20260511_180608.csv,yoru0511workout,db_rdl,2,3,227035,227406,227243,227338,0.2561
datasets/workout/yoru0511workout/yoru0511workout_whole_session_20260511_180608.csv,yoru0511workout,db_rdl,2,4,227406,227754,227494,227607,0.3247
datasets/workout/yoru0511workout/yoru0511workout_whole_session_20260511_180608.csv,yoru0511workout,db_rdl,2,5,227754,228097,227866,227968,0.2974
datasets/workout/yoru0511workout/yoru0511workout_whole_session_20260511_180608.csv,yoru0511workout,db_rdl,2,6,228097,228466,228158,228246,0.2385
datasets/workout/yoru0511workout/yoru0511workout_whole_session_20260511_180608.csv,yoru0511workout,db_rdl,2,7,228466,228820,228555,228670,0.3249
datasets/workout/yoru0511workout/yoru0511workout_whole_session_20260511_180608.csv,yoru0511workout,db_rdl,2,8,228820,229152,229057,229162,0.2778
datasets/workout/yoru0511workout/yoru0511workout_whole_session_20260511_180608.csv,yoru0511workout,db_rdl,2,9,229152,229508,229162,229251,0.25
datasets/workout/yoru0511workout/yoru0511workout_whole_session_20260511_180608.csv,yoru0511workout,db_rdl,2,10,229508,229848,229542,229626,0.2471
datasets/workout/yoru0511workout/yoru0511workout_whole_session_20260511_180608.csv,yoru0511workout,db_rdl,2,11,229848,230024,229865,229940,0.4261
datasets/workout/yoru0511workout/yoru0511workout_whole_session_20260511_180608.csv,yoru0511workout,db_weighted_crunch,0,0,247770,247941,247844,247894,0.2924
datasets/workout/yoru0511workout/yoru0511workout_whole_session_20260511_180608.csv,yoru0511workout,db_weighted_crunch,0,1,247941,248234,247976,248046,0.2389
datasets/workout/yoru0511workout/yoru0511workout_whole_session_20260511_180608.csv,yoru0511workout,db_weighted_crunch,0,2,248234,248578,248510,248566,0.1628
datasets/workout/yoru0511workout/yoru0511workout_whole_session_20260511_180608.csv,yoru0511workout,db_weighted_crunch,0,3,248578,248916,248834,248889,0.1627
datasets/workout/yoru0511workout/yoru0511workout_whole_session_20260511_180608.csv,yoru0511workout,db_weighted_crunch,0,4,248916,249234,248960,249018,0.1824
datasets/workout/yoru0511workout/yoru0511workout_whole_session_20260511_180608.csv,yoru0511workout,db_weighted_crunch,0,5,249234,249533,249270,249317,0.1572
datasets/workout/yoru0511workout/yoru0511workout_whole_session_20260511_180608.csv,yoru0511workout,db_weighted_crunch,0,6,249533,249855,249772,249839,0.2081
datasets/workout/yoru0511workout/yoru0511workout_whole_session_20260511_180608.csv,yoru0511workout,db_weighted_crunch,0,7,249855,250173,250116,250166,0.1572
datasets/workout/yoru0511workout/yoru0511workout_whole_session_20260511_180608.csv,yoru0511workout,db_weighted_crunch,0,8,250173,250489,250166,250222,0.1517
datasets/workout/yoru0511workout/yoru0511workout_whole_session_20260511_180608.csv,yoru0511workout,db_weighted_crunch,0,9,250489,250802,250740,250821,0.1867
datasets/workout/yoru0511workout/yoru0511workout_whole_session_20260511_180608.csv,yoru0511workout,db_weighted_crunch,0,10,250802,251148,250821,250890,0.1994
datasets/workout/yoru0511workout/yoru0511workout_whole_session_20260511_180608.csv,yoru0511workout,db_weighted_crunch,0,11,251148,251306,251198,251246,0.3038
datasets/workout/yoru0511workout/yoru0511workout_whole_session_20260511_180608.csv,yoru0511workout,db_weighted_crunch,1,0,256958,257086,256980,257058,0.6094
datasets/workout/yoru0511workout/yoru0511workout_whole_session_20260511_180608.csv,yoru0511workout,db_weighted_crunch,1,1,257086,257365,257271,257329,0.2079
datasets/workout/yoru0511workout/yoru0511workout_whole_session_20260511_180608.csv,yoru0511workout,db_weighted_crunch,1,2,257365,257679,257409,257481,0.2293
datasets/workout/yoru0511workout/yoru0511workout_whole_session_20260511_180608.csv,yoru0511workout,db_weighted_crunch,1,3,257679,258004,257881,257963,0.2523
datasets/workout/yoru0511workout/yoru0511workout_whole_session_20260511_180608.csv,yoru0511workout,db_weighted_crunch,1,4,258004,258327,258185,258283,0.3034
datasets/workout/yoru0511workout/yoru0511workout_whole_session_20260511_180608.csv,yoru0511workout,db_weighted_crunch,1,5,258327,258623,258531,258617,0.2905
datasets/workout/yoru0511workout/yoru0511workout_whole_session_20260511_180608.csv,yoru0511workout,db_weighted_crunch,1,6,258623,258916,258617,258712,0.2977
datasets/workout/yoru0511workout/yoru0511workout_whole_session_20260511_180608.csv,yoru0511workout,db_weighted_crunch,1,7,258916,259236,259021,259074,0.1656
datasets/workout/yoru0511workout/yoru0511workout_whole_session_20260511_180608.csv,yoru0511workout,db_weighted_crunch,1,8,259236,259517,259249,259305,0.1993
datasets/workout/yoru0511workout/yoru0511workout_whole_session_20260511_180608.csv,yoru0511workout,db_weighted_crunch,1,9,259517,259814,259593,259647,0.1818
datasets/workout/yoru0511workout/yoru0511workout_whole_session_20260511_180608.csv,yoru0511workout,db_weighted_crunch,1,10,259814,260094,259879,259923,0.1571
datasets/workout/yoru0511workout/yoru0511workout_whole_session_20260511_180608.csv,yoru0511workout,db_weighted_crunch,1,11,260094,260263,260209,260259,0.2959
datasets/workout/yoru0511workout/yoru0511workout_whole_session_20260511_180608.csv,yoru0511workout,db_weighted_crunch,2,0,266896,267007,266880,266973,0.6063
datasets/workout/yoru0511workout/yoru0511workout_whole_session_20260511_180608.csv,yoru0511workout,db_weighted_crunch,2,1,267007,267253,267156,267252,0.3902
datasets/workout/yoru0511workout/yoru0511workout_whole_session_20260511_180608.csv,yoru0511workout,db_weighted_crunch,2,2,267253,267562,267322,267449,0.411
datasets/workout/yoru0511workout/yoru0511workout_whole_session_20260511_180608.csv,yoru0511workout,db_weighted_crunch,2,3,267562,267834,267586,267722,0.5
datasets/workout/yoru0511workout/yoru0511workout_whole_session_20260511_180608.csv,yoru0511workout,db_weighted_crunch,2,4,267834,268095,267888,267992,0.3985
datasets/workout/yoru0511workout/yoru0511workout_whole_session_20260511_180608.csv,yoru0511workout,db_weighted_crunch,2,5,268095,268360,268162,268267,0.3962
datasets/workout/yoru0511workout/yoru0511workout_whole_session_20260511_180608.csv,yoru0511workout,db_weighted_crunch,2,6,268360,268654,268446,268557,0.3776
datasets/workout/yoru0511workout/yoru0511workout_whole_session_20260511_180608.csv,yoru0511workout,db_weighted_crunch,2,7,268654,268944,268752,268850,0.3379
datasets/workout/yoru0511workout/yoru0511workout_whole_session_20260511_180608.csv,yoru0511workout,db_weighted_crunch,2,8,268944,269223,269018,269104,0.3082
datasets/workout/yoru0511workout/yoru0511workout_whole_session_20260511_180608.csv,yoru0511workout,db_weighted_crunch,2,9,269223,269508,269284,269385,0.3544
datasets/workout/yoru0511workout/yoru0511workout_whole_session_20260511_180608.csv,yoru0511workout,db_weighted_crunch,2,10,269508,269804,269679,269787,0.3649
datasets/workout/yoru0511workout/yoru0511workout_whole_session_20260511_180608.csv,yoru0511workout,db_weighted_crunch,2,11,269804,269943,269878,269943,0.4676
datasets/workout/yoru0511workout/yoru0511workout_whole_session_20260511_180608.csv,yoru0511workout,db_shoulder_press,0,0,284796,284898,284834,284873,0.3824
datasets/workout/yoru0511workout/yoru0511workout_whole_session_20260511_180608.csv,yoru0511workout,db_shoulder_press,0,1,284898,285182,284917,285011,0.331
datasets/workout/yoru0511workout/yoru0511workout_whole_session_20260511_180608.csv,yoru0511workout,db_shoulder_press,0,2,285182,285455,285333,285465,0.4311
datasets/workout/yoru0511workout/yoru0511workout_whole_session_20260511_180608.csv,yoru0511workout,db_shoulder_press,0,3,285455,285748,285570,285678,0.3686
datasets/workout/yoru0511workout/yoru0511workout_whole_session_20260511_180608.csv,yoru0511workout,db_shoulder_press,0,4,285748,286020,285858,285995,0.5037
datasets/workout/yoru0511workout/yoru0511workout_whole_session_20260511_180608.csv,yoru0511workout,db_shoulder_press,0,5,286020,286301,285995,286149,0.4216
datasets/workout/yoru0511workout/yoru0511workout_whole_session_20260511_180608.csv,yoru0511workout,db_shoulder_press,0,6,286301,286586,286453,286573,0.4211
datasets/workout/yoru0511workout/yoru0511workout_whole_session_20260511_180608.csv,yoru0511workout,db_shoulder_press,0,7,286586,286875,286711,286825,0.3945
datasets/workout/yoru0511workout/yoru0511workout_whole_session_20260511_180608.csv,yoru0511workout,db_shoulder_press,0,8,286875,287155,286997,287097,0.3571
datasets/workout/yoru0511workout/yoru0511workout_whole_session_20260511_180608.csv,yoru0511workout,db_shoulder_press,0,9,287155,287426,287187,287331,0.5314
datasets/workout/yoru0511workout/yoru0511workout_whole_session_20260511_180608.csv,yoru0511workout,db_shoulder_press,0,10,287426,287754,287575,287679,0.3171
datasets/workout/yoru0511workout/yoru0511workout_whole_session_20260511_180608.csv,yoru0511workout,db_shoulder_press,0,11,287754,287865,287797,287851,0.4865
datasets/workout/yoru0511workout/yoru0511workout_whole_session_20260511_180608.csv,yoru0511workout,db_shoulder_press,1,0,293266,293388,293267,293337,0.5738
datasets/workout/yoru0511workout/yoru0511workout_whole_session_20260511_180608.csv,yoru0511workout,db_shoulder_press,1,1,293388,293641,293535,293621,0.3399
datasets/workout/yoru0511workout/yoru0511workout_whole_session_20260511_180608.csv,yoru0511workout,db_shoulder_press,1,2,293641,293881,293789,293857,0.2833
datasets/workout/yoru0511workout/yoru0511workout_whole_session_20260511_180608.csv,yoru0511workout,db_shoulder_press,1,3,293881,294165,293857,293961,0.2597
datasets/workout/yoru0511workout/yoru0511workout_whole_session_20260511_180608.csv,yoru0511workout,db_shoulder_press,1,4,294165,294449,294309,294414,0.3697
datasets/workout/yoru0511workout/yoru0511workout_whole_session_20260511_180608.csv,yoru0511workout,db_shoulder_press,1,5,294449,294731,294529,294623,0.3333
datasets/workout/yoru0511workout/yoru0511workout_whole_session_20260511_180608.csv,yoru0511workout,db_shoulder_press,1,6,294731,295033,294905,295010,0.3477
datasets/workout/yoru0511workout/yoru0511workout_whole_session_20260511_180608.csv,yoru0511workout,db_shoulder_press,1,7,295033,295317,295137,295215,0.2746
datasets/workout/yoru0511workout/yoru0511workout_whole_session_20260511_180608.csv,yoru0511workout,db_shoulder_press,1,8,295317,295586,295419,295516,0.3606
datasets/workout/yoru0511workout/yoru0511workout_whole_session_20260511_180608.csv,yoru0511workout,db_shoulder_press,1,9,295586,295913,295647,295723,0.2324
datasets/workout/yoru0511workout/yoru0511workout_whole_session_20260511_180608.csv,yoru0511workout,db_shoulder_press,1,10,295913,296208,296091,296209,0.3953
datasets/workout/yoru0511workout/yoru0511workout_whole_session_20260511_180608.csv,yoru0511workout,db_shoulder_press,1,11,296208,296348,296209,296293,0.6
datasets/workout/yoru0511workout/yoru0511workout_whole_session_20260511_180608.csv,yoru0511workout,db_shoulder_press,2,0,302729,302841,302765,302851,0.623
datasets/workout/yoru0511workout/yoru0511workout_whole_session_20260511_180608.csv,yoru0511workout,db_shoulder_press,2,1,302841,303108,302851,302945,0.3521
datasets/workout/yoru0511workout/yoru0511workout_whole_session_20260511_180608.csv,yoru0511workout,db_shoulder_press,2,2,303108,303373,303274,303337,0.2377
datasets/workout/yoru0511workout/yoru0511workout_whole_session_20260511_180608.csv,yoru0511workout,db_shoulder_press,2,3,303373,303661,303447,303497,0.1736
datasets/workout/yoru0511workout/yoru0511workout_whole_session_20260511_180608.csv,yoru0511workout,db_shoulder_press,2,4,303661,303947,303707,303790,0.2902
datasets/workout/yoru0511workout/yoru0511workout_whole_session_20260511_180608.csv,yoru0511workout,db_shoulder_press,2,5,303947,304210,304062,304122,0.2281
datasets/workout/yoru0511workout/yoru0511workout_whole_session_20260511_180608.csv,yoru0511workout,db_shoulder_press,2,6,304210,304505,304341,304419,0.2644
datasets/workout/yoru0511workout/yoru0511workout_whole_session_20260511_180608.csv,yoru0511workout,db_shoulder_press,2,7,304505,304742,304679,304743,0.2647
datasets/workout/yoru0511workout/yoru0511workout_whole_session_20260511_180608.csv,yoru0511workout,db_shoulder_press,2,8,304742,305014,304869,304938,0.2537
datasets/workout/yoru0511workout/yoru0511workout_whole_session_20260511_180608.csv,yoru0511workout,db_shoulder_press,2,9,305014,305263,305166,305227,0.245
datasets/workout/yoru0511workout/yoru0511workout_whole_session_20260511_180608.csv,yoru0511workout,db_shoulder_press,2,10,305263,305547,305433,305503,0.2465
datasets/workout/yoru0511workout/yoru0511workout_whole_session_20260511_180608.csv,yoru0511workout,db_shoulder_press,2,11,305547,305689,305561,305621,0.4225
datasets/workout/yoru0511workout/yoru0511workout_whole_session_20260511_180608.csv,yoru0511workout,db_biceps_curl,0,0,320083,320215,320031,320322,0.4536
datasets/workout/yoru0511workout/yoru0511workout_whole_session_20260511_180608.csv,yoru0511workout,db_biceps_curl,0,1,320215,320498,320322,320629,0.4251
datasets/workout/yoru0511workout/yoru0511workout_whole_session_20260511_180608.csv,yoru0511workout,db_biceps_curl,0,2,320498,320807,320629,320949,0.3947
datasets/workout/yoru0511workout/yoru0511workout_whole_session_20260511_180608.csv,yoru0511workout,db_biceps_curl,0,3,320807,321132,320949,321258,0.4058
datasets/workout/yoru0511workout/yoru0511workout_whole_session_20260511_180608.csv,yoru0511workout,db_biceps_curl,0,4,321132,321425,321258,321561,0.3893
datasets/workout/yoru0511workout/yoru0511workout_whole_session_20260511_180608.csv,yoru0511workout,db_biceps_curl,0,5,321425,321730,321561,321873,0.3772
datasets/workout/yoru0511workout/yoru0511workout_whole_session_20260511_180608.csv,yoru0511workout,db_biceps_curl,0,6,321730,322051,321873,322201,0.3779
datasets/workout/yoru0511workout/yoru0511workout_whole_session_20260511_180608.csv,yoru0511workout,db_biceps_curl,0,7,322051,322394,322201,322499,0.4308
datasets/workout/yoru0511workout/yoru0511workout_whole_session_20260511_180608.csv,yoru0511workout,db_biceps_curl,0,8,322394,322620,322499,322683,0.4187
datasets/workout/yoru0511workout/yoru0511workout_whole_session_20260511_180608.csv,yoru0511workout,db_biceps_curl,1,0,335419,335532,335375,335619,0.4631
datasets/workout/yoru0511workout/yoru0511workout_whole_session_20260511_180608.csv,yoru0511workout,db_biceps_curl,1,1,335532,335789,335619,335880,0.4885
datasets/workout/yoru0511workout/yoru0511workout_whole_session_20260511_180608.csv,yoru0511workout,db_biceps_curl,1,2,335789,336048,335880,336150,0.4654
datasets/workout/yoru0511workout/yoru0511workout_whole_session_20260511_180608.csv,yoru0511workout,db_biceps_curl,1,3,336048,336324,336150,336417,0.4715
datasets/workout/yoru0511workout/yoru0511workout_whole_session_20260511_180608.csv,yoru0511workout,db_biceps_curl,1,4,336324,336583,336417,336691,0.4523
datasets/workout/yoru0511workout/yoru0511workout_whole_session_20260511_180608.csv,yoru0511workout,db_biceps_curl,1,5,336583,336874,336691,336967,0.4766
datasets/workout/yoru0511workout/yoru0511workout_whole_session_20260511_180608.csv,yoru0511workout,db_biceps_curl,1,6,336874,337134,336967,337247,0.4477
datasets/workout/yoru0511workout/yoru0511workout_whole_session_20260511_180608.csv,yoru0511workout,db_biceps_curl,1,7,337134,337431,337247,337545,0.4477
datasets/workout/yoru0511workout/yoru0511workout_whole_session_20260511_180608.csv,yoru0511workout,db_biceps_curl,1,8,337431,337738,337545,337845,0.4662
datasets/workout/yoru0511workout/yoru0511workout_whole_session_20260511_180608.csv,yoru0511workout,db_biceps_curl,1,9,337738,338040,337845,338155,0.4676
datasets/workout/yoru0511workout/yoru0511workout_whole_session_20260511_180608.csv,yoru0511workout,db_biceps_curl,1,10,338040,338352,338155,338461,0.4679
datasets/workout/yoru0511workout/yoru0511workout_whole_session_20260511_180608.csv,yoru0511workout,db_biceps_curl,1,11,338352,338520,338155,338461,0.2986
datasets/workout/yoru0511workout/yoru0511workout_whole_session_20260511_180608.csv,yoru0511workout,db_biceps_curl,2,0,344459,344558,344510,344581,0.3934
datasets/workout/yoru0511workout/yoru0511workout_whole_session_20260511_180608.csv,yoru0511workout,db_biceps_curl,2,1,344558,344794,344581,344690,0.4619
datasets/workout/yoru0511workout/yoru0511workout_whole_session_20260511_180608.csv,yoru0511workout,db_biceps_curl,2,2,344794,345051,344801,344903,0.3969
datasets/workout/yoru0511workout/yoru0511workout_whole_session_20260511_180608.csv,yoru0511workout,db_biceps_curl,2,3,345051,345327,345091,345185,0.3406
datasets/workout/yoru0511workout/yoru0511workout_whole_session_20260511_180608.csv,yoru0511workout,db_biceps_curl,2,4,345327,345605,345466,345581,0.4137
datasets/workout/yoru0511workout/yoru0511workout_whole_session_20260511_180608.csv,yoru0511workout,db_biceps_curl,2,5,345605,345917,345751,345865,0.3654
datasets/workout/yoru0511workout/yoru0511workout_whole_session_20260511_180608.csv,yoru0511workout,db_biceps_curl,2,6,345917,346233,346073,346209,0.4304
datasets/workout/yoru0511workout/yoru0511workout_whole_session_20260511_180608.csv,yoru0511workout,db_biceps_curl,2,7,346233,346524,346319,346441,0.4192
datasets/workout/yoru0511workout/yoru0511workout_whole_session_20260511_180608.csv,yoru0511workout,db_biceps_curl,2,8,346524,346855,346667,346831,0.4955
datasets/workout/yoru0511workout/yoru0511workout_whole_session_20260511_180608.csv,yoru0511workout,db_biceps_curl,2,9,346855,347192,347050,347155,0.3116
datasets/workout/yoru0511workout/yoru0511workout_whole_session_20260511_180608.csv,yoru0511workout,db_biceps_curl,2,10,347192,347508,347338,347447,0.3449
datasets/workout/yoru0511workout/yoru0511workout_whole_session_20260511_180608.csv,yoru0511workout,db_biceps_curl,2,11,347508,347672,347556,347616,0.3659
datasets/workout/yoru0511workout/yoru0511workout_whole_session_20260511_180608.csv,yoru0511workout,db_biceps_curl,3,0,354328,354479,354264,354504,0.6292
datasets/workout/yoru0511workout/yoru0511workout_whole_session_20260511_180608.csv,yoru0511workout,db_biceps_curl,3,1,354479,354752,354504,354642,0.5055
datasets/workout/yoru0511workout/yoru0511workout_whole_session_20260511_180608.csv,yoru0511workout,db_biceps_curl,3,2,354752,355019,354776,354906,0.4869
datasets/workout/yoru0511workout/yoru0511workout_whole_session_20260511_180608.csv,yoru0511workout,db_biceps_curl,3,3,355019,355301,355041,355180,0.4929
datasets/workout/yoru0511workout/yoru0511workout_whole_session_20260511_180608.csv,yoru0511workout,db_biceps_curl,3,4,355301,355620,355328,355488,0.5016
datasets/workout/yoru0511workout/yoru0511workout_whole_session_20260511_180608.csv,yoru0511workout,db_biceps_curl,3,5,355620,355910,355626,355772,0.5034
datasets/workout/yoru0511workout/yoru0511workout_whole_session_20260511_180608.csv,yoru0511workout,db_biceps_curl,3,6,355910,356265,355946,356110,0.462
datasets/workout/yoru0511workout/yoru0511workout_whole_session_20260511_180608.csv,yoru0511workout,db_biceps_curl,3,7,356265,356597,356282,356456,0.5241
datasets/workout/yoru0511workout/yoru0511workout_whole_session_20260511_180608.csv,yoru0511workout,db_biceps_curl,3,8,356597,357027,356648,356840,0.4465
datasets/workout/yoru0511workout/yoru0511workout_whole_session_20260511_180608.csv,yoru0511workout,db_biceps_curl,3,9,357027,357363,357034,357202,0.5
datasets/workout/yoru0511workout/yoru0511workout_whole_session_20260511_180608.csv,yoru0511workout,db_biceps_curl,3,10,357363,357758,357554,357800,0.4668
datasets/workout/yoru0511workout/yoru0511workout_whole_session_20260511_180608.csv,yoru0511workout,db_biceps_curl,3,11,357758,358042,357800,358042,0.8521
datasets/workout/yoru0511workout/yoru0511workout_whole_session_20260511_180608.csv,yoru0511workout,db_triceps_curl,0,0,376635,376752,376685,376738,0.453
datasets/workout/yoru0511workout/yoru0511workout_whole_session_20260511_180608.csv,yoru0511workout,db_triceps_curl,0,1,376752,377063,376853,376927,0.2379
datasets/workout/yoru0511workout/yoru0511workout_whole_session_20260511_180608.csv,yoru0511workout,db_triceps_curl,0,2,377063,377345,377077,377168,0.3227
datasets/workout/yoru0511workout/yoru0511workout_whole_session_20260511_180608.csv,yoru0511workout,db_triceps_curl,0,3,377345,377730,377625,377743,0.2638
datasets/workout/yoru0511workout/yoru0511workout_whole_session_20260511_180608.csv,yoru0511workout,db_triceps_curl,0,4,377730,378033,377743,377874,0.4323
datasets/workout/yoru0511workout/yoru0511workout_whole_session_20260511_180608.csv,yoru0511workout,db_triceps_curl,0,5,378033,378372,378073,378163,0.2655
datasets/workout/yoru0511workout/yoru0511workout_whole_session_20260511_180608.csv,yoru0511workout,db_triceps_curl,0,6,378372,378725,378603,378742,0.3297
datasets/workout/yoru0511workout/yoru0511workout_whole_session_20260511_180608.csv,yoru0511workout,db_triceps_curl,0,7,378725,379014,378742,378872,0.4498
datasets/workout/yoru0511workout/yoru0511workout_whole_session_20260511_180608.csv,yoru0511workout,db_triceps_curl,0,8,379014,379306,379051,379177,0.4315
datasets/workout/yoru0511workout/yoru0511workout_whole_session_20260511_180608.csv,yoru0511workout,db_triceps_curl,0,9,379306,379587,379427,379532,0.3737
datasets/workout/yoru0511workout/yoru0511workout_whole_session_20260511_180608.csv,yoru0511workout,db_triceps_curl,0,10,379587,379845,379711,379789,0.3023
datasets/workout/yoru0511workout/yoru0511workout_whole_session_20260511_180608.csv,yoru0511workout,db_triceps_curl,0,11,379845,380087,379931,380013,0.3388
datasets/workout/yoru0511workout/yoru0511workout_whole_session_20260511_180608.csv,yoru0511workout,db_triceps_curl,0,12,380087,380424,380136,380201,0.1929
datasets/workout/yoru0511workout/yoru0511workout_whole_session_20260511_180608.csv,yoru0511workout,db_triceps_curl,0,13,380424,380626,380441,380488,0.2327
datasets/workout/yoru0511workout/yoru0511workout_whole_session_20260511_180608.csv,yoru0511workout,db_triceps_curl,1,0,388073,388185,388112,388194,0.6033
datasets/workout/yoru0511workout/yoru0511workout_whole_session_20260511_180608.csv,yoru0511workout,db_triceps_curl,1,1,388185,388404,388194,388272,0.3562
datasets/workout/yoru0511workout/yoru0511workout_whole_session_20260511_180608.csv,yoru0511workout,db_triceps_curl,1,2,388404,388626,388424,388496,0.3243
datasets/workout/yoru0511workout/yoru0511workout_whole_session_20260511_180608.csv,yoru0511workout,db_triceps_curl,1,3,388626,388881,388661,388763,0.4
datasets/workout/yoru0511workout/yoru0511workout_whole_session_20260511_180608.csv,yoru0511workout,db_triceps_curl,1,4,388881,389112,389010,389074,0.2771
datasets/workout/yoru0511workout/yoru0511workout_whole_session_20260511_180608.csv,yoru0511workout,db_triceps_curl,1,5,389112,389420,389168,389246,0.2532
datasets/workout/yoru0511workout/yoru0511workout_whole_session_20260511_180608.csv,yoru0511workout,db_triceps_curl,1,6,389420,389655,389432,389520,0.3745
datasets/workout/yoru0511workout/yoru0511workout_whole_session_20260511_180608.csv,yoru0511workout,db_triceps_curl,1,7,389655,389940,389686,389762,0.2667
datasets/workout/yoru0511workout/yoru0511workout_whole_session_20260511_180608.csv,yoru0511workout,db_triceps_curl,1,8,389940,390208,389972,390078,0.3955
datasets/workout/yoru0511workout/yoru0511workout_whole_session_20260511_180608.csv,yoru0511workout,db_triceps_curl,1,9,390208,390491,390373,390490,0.4134
datasets/workout/yoru0511workout/yoru0511workout_whole_session_20260511_180608.csv,yoru0511workout,db_triceps_curl,1,10,390491,390824,390490,390602,0.3323
datasets/workout/yoru0511workout/yoru0511workout_whole_session_20260511_180608.csv,yoru0511workout,db_triceps_curl,1,11,390824,390945,390900,390951,0.3543
datasets/workout/yoru0511workout/yoru0511workout_whole_session_20260511_180608.csv,yoru0511workout,db_triceps_curl,2,0,397307,397405,397335,397395,0.6122
datasets/workout/yoru0511workout/yoru0511workout_whole_session_20260511_180608.csv,yoru0511workout,db_triceps_curl,2,1,397405,397585,397525,397583,0.3222
datasets/workout/yoru0511workout/yoru0511workout_whole_session_20260511_180608.csv,yoru0511workout,db_triceps_curl,2,2,397585,397856,397583,397646,0.2234
datasets/workout/yoru0511workout/yoru0511workout_whole_session_20260511_180608.csv,yoru0511workout,db_triceps_curl,2,3,397856,398113,398001,398067,0.2568
datasets/workout/yoru0511workout/yoru0511workout_whole_session_20260511_180608.csv,yoru0511workout,db_triceps_curl,2,4,398113,398351,398293,398361,0.2339
datasets/workout/yoru0511workout/yoru0511workout_whole_session_20260511_180608.csv,yoru0511workout,db_triceps_curl,2,5,398351,398622,398361,398421,0.2214
datasets/workout/yoru0511workout/yoru0511workout_whole_session_20260511_180608.csv,yoru0511workout,db_triceps_curl,2,6,398622,398875,398785,398847,0.2451
datasets/workout/yoru0511workout/yoru0511workout_whole_session_20260511_180608.csv,yoru0511workout,db_triceps_curl,2,7,398875,399154,399055,399108,0.19
datasets/workout/yoru0511workout/yoru0511workout_whole_session_20260511_180608.csv,yoru0511workout,db_triceps_curl,2,8,399154,399444,399340,399405,0.2241
datasets/workout/yoru0511workout/yoru0511workout_whole_session_20260511_180608.csv,yoru0511workout,db_triceps_curl,2,9,399444,399759,399657,399730,0.2317
datasets/workout/yoru0511workout/yoru0511workout_whole_session_20260511_180608.csv,yoru0511workout,db_triceps_curl,2,10,399759,400018,399931,399975,0.1699
datasets/workout/yoru0511workout/yoru0511workout_whole_session_20260511_180608.csv,yoru0511workout,db_triceps_curl,2,11,400018,400140,400096,400140,0.3607
datasets/workout/yoru0511workout/yoru0511workout_whole_session_20260511_180608.csv,yoru0511workout,db_squat,0,0,411680,411831,411725,411788,0.4172
datasets/workout/yoru0511workout/yoru0511workout_whole_session_20260511_180608.csv,yoru0511workout,db_squat,0,1,411831,412137,411879,411987,0.3529
datasets/workout/yoru0511workout/yoru0511workout_whole_session_20260511_180608.csv,yoru0511workout,db_squat,0,2,412137,412403,412245,412307,0.2331
datasets/workout/yoru0511workout/yoru0511workout_whole_session_20260511_180608.csv,yoru0511workout,db_squat,0,3,412403,412675,412459,412563,0.3824
datasets/workout/yoru0511workout/yoru0511workout_whole_session_20260511_180608.csv,yoru0511workout,db_squat,0,4,412675,412979,412801,413043,0.4837
datasets/workout/yoru0511workout/yoru0511workout_whole_session_20260511_180608.csv,yoru0511workout,db_squat,0,5,412979,413273,413043,413222,0.6088
datasets/workout/yoru0511workout/yoru0511workout_whole_session_20260511_180608.csv,yoru0511workout,db_squat,0,6,413273,413588,413316,413423,0.3397
datasets/workout/yoru0511workout/yoru0511workout_whole_session_20260511_180608.csv,yoru0511workout,db_squat,0,7,413588,413843,413689,413822,0.5216
datasets/workout/yoru0511workout/yoru0511workout_whole_session_20260511_180608.csv,yoru0511workout,db_squat,0,8,413843,414180,413822,413967,0.3464
datasets/workout/yoru0511workout/yoru0511workout_whole_session_20260511_180608.csv,yoru0511workout,db_squat,0,9,414180,414492,414262,414389,0.4071
datasets/workout/yoru0511workout/yoru0511workout_whole_session_20260511_180608.csv,yoru0511workout,db_squat,0,10,414492,414810,414580,414715,0.4245
datasets/workout/yoru0511workout/yoru0511workout_whole_session_20260511_180608.csv,yoru0511workout,db_squat,0,11,414810,414941,414769,414879,0.4012
datasets/workout/yoru0511workout/yoru0511workout_whole_session_20260511_180608.csv,yoru0511workout,db_squat,1,0,425030,425163,425096,425170,0.4786
datasets/workout/yoru0511workout/yoru0511workout_whole_session_20260511_180608.csv,yoru0511workout,db_squat,1,1,425163,425456,425170,425284,0.3891
datasets/workout/yoru0511workout/yoru0511workout_whole_session_20260511_180608.csv,yoru0511workout,db_squat,1,2,425456,425758,425582,425736,0.5099
datasets/workout/yoru0511workout/yoru0511workout_whole_session_20260511_180608.csv,yoru0511workout,db_squat,1,3,425758,426057,425736,425864,0.3302
datasets/workout/yoru0511workout/yoru0511workout_whole_session_20260511_180608.csv,yoru0511workout,db_squat,1,4,426057,426353,426114,426285,0.5777
datasets/workout/yoru0511workout/yoru0511workout_whole_session_20260511_180608.csv,yoru0511workout,db_squat,1,5,426353,426700,426374,426516,0.4092
datasets/workout/yoru0511workout/yoru0511workout_whole_session_20260511_180608.csv,yoru0511workout,db_squat,1,6,426700,427036,426828,427136,0.4771
datasets/workout/yoru0511workout/yoru0511workout_whole_session_20260511_180608.csv,yoru0511workout,db_squat,1,7,427036,427371,427136,427468,0.544
datasets/workout/yoru0511workout/yoru0511workout_whole_session_20260511_180608.csv,yoru0511workout,db_squat,1,8,427371,427702,427468,427750,0.6174
datasets/workout/yoru0511workout/yoru0511workout_whole_session_20260511_180608.csv,yoru0511workout,db_squat,1,9,427702,428038,427750,427934,0.5476
datasets/workout/yoru0511workout/yoru0511workout_whole_session_20260511_180608.csv,yoru0511workout,db_squat,1,10,428038,428369,428099,428234,0.4079
datasets/workout/yoru0511workout/yoru0511workout_whole_session_20260511_180608.csv,yoru0511workout,db_squat,1,11,428369,428503,428348,428492,0.7935
datasets/workout/yoru0511workout/yoru0511workout_whole_session_20260511_180608.csv,yoru0511workout,db_squat,2,0,438220,438340,438179,438310,0.559
datasets/workout/yoru0511workout/yoru0511workout_whole_session_20260511_180608.csv,yoru0511workout,db_squat,2,1,438340,438615,438353,438431,0.2836
datasets/workout/yoru0511workout/yoru0511workout_whole_session_20260511_180608.csv,yoru0511workout,db_squat,2,2,438615,438926,438639,438716,0.2476
datasets/workout/yoru0511workout/yoru0511workout_whole_session_20260511_180608.csv,yoru0511workout,db_squat,2,3,438926,439220,439030,439157,0.432
datasets/workout/yoru0511workout/yoru0511workout_whole_session_20260511_180608.csv,yoru0511workout,db_squat,2,4,439220,439526,439367,439453,0.281
datasets/workout/yoru0511workout/yoru0511workout_whole_session_20260511_180608.csv,yoru0511workout,db_squat,2,5,439526,439873,439659,439751,0.2651
datasets/workout/yoru0511workout/yoru0511workout_whole_session_20260511_180608.csv,yoru0511workout,db_squat,2,6,439873,440186,439979,440053,0.2364
datasets/workout/yoru0511workout/yoru0511workout_whole_session_20260511_180608.csv,yoru0511workout,db_squat,2,7,440186,440490,440242,440303,0.2007
datasets/workout/yoru0511workout/yoru0511workout_whole_session_20260511_180608.csv,yoru0511workout,db_squat,2,8,440490,440845,440736,440803,0.1887
datasets/workout/yoru0511workout/yoru0511workout_whole_session_20260511_180608.csv,yoru0511workout,db_squat,2,9,440845,441173,440873,440933,0.1829
datasets/workout/yoru0511workout/yoru0511workout_whole_session_20260511_180608.csv,yoru0511workout,db_squat,2,10,441173,441517,441301,441381,0.2326
datasets/workout/yoru0511workout/yoru0511workout_whole_session_20260511_180608.csv,yoru0511workout,db_squat,2,11,441517,441663,441565,441624,0.4041
datasets/workout/yushuan0513workout/yushuan0513workout_whole_session_20260513_144737.csv,yushuan0513workout,db_bench_press,0,0,189,557,182,319,0.3467
datasets/workout/yushuan0513workout/yushuan0513workout_whole_session_20260513_144737.csv,yushuan0513workout,db_bench_press,0,1,557,1011,842,1023,0.3627
datasets/workout/yushuan0513workout/yushuan0513workout_whole_session_20260513_144737.csv,yushuan0513workout,db_bench_press,0,2,1011,1395,1023,1119,0.25
datasets/workout/yushuan0513workout/yushuan0513workout_whole_session_20260513_144737.csv,yushuan0513workout,db_bench_press,0,3,1395,1817,1449,1568,0.282
datasets/workout/yushuan0513workout/yushuan0513workout_whole_session_20260513_144737.csv,yushuan0513workout,db_bench_press,0,4,1817,2284,1876,1989,0.242
datasets/workout/yushuan0513workout/yushuan0513workout_whole_session_20260513_144737.csv,yushuan0513workout,db_bench_press,0,5,2284,2842,2718,2837,0.2133
datasets/workout/yushuan0513workout/yushuan0513workout_whole_session_20260513_144737.csv,yushuan0513workout,db_bench_press,0,6,2842,3249,2837,2961,0.2888
datasets/workout/yushuan0513workout/yushuan0513workout_whole_session_20260513_144737.csv,yushuan0513workout,db_bench_press,0,7,3249,3661,3280,3428,0.3592
datasets/workout/yushuan0513workout/yushuan0513workout_whole_session_20260513_144737.csv,yushuan0513workout,db_bench_press,0,8,3661,4089,3790,3914,0.2897
datasets/workout/yushuan0513workout/yushuan0513workout_whole_session_20260513_144737.csv,yushuan0513workout,db_bench_press,0,9,4089,4452,4130,4266,0.3747
datasets/workout/yushuan0513workout/yushuan0513workout_whole_session_20260513_144737.csv,yushuan0513workout,db_bench_press,0,10,4452,4877,4504,4708,0.48
datasets/workout/yushuan0513workout/yushuan0513workout_whole_session_20260513_144737.csv,yushuan0513workout,db_bench_press,0,11,4877,5220,4922,5017,0.277
datasets/workout/yushuan0513workout/yushuan0513workout_whole_session_20260513_144737.csv,yushuan0513workout,db_bench_press,1,0,11562,11898,11789,11881,0.2738
datasets/workout/yushuan0513workout/yushuan0513workout_whole_session_20260513_144737.csv,yushuan0513workout,db_bench_press,1,1,11898,12173,12035,12169,0.4873
datasets/workout/yushuan0513workout/yushuan0513workout_whole_session_20260513_144737.csv,yushuan0513workout,db_bench_press,1,2,12173,12504,12169,12311,0.4119
datasets/workout/yushuan0513workout/yushuan0513workout_whole_session_20260513_144737.csv,yushuan0513workout,db_bench_press,1,3,12504,12886,12759,12899,0.3215
datasets/workout/yushuan0513workout/yushuan0513workout_whole_session_20260513_144737.csv,yushuan0513workout,db_bench_press,1,4,12886,13313,13135,13261,0.2951
datasets/workout/yushuan0513workout/yushuan0513workout_whole_session_20260513_144737.csv,yushuan0513workout,db_bench_press,1,5,13313,13660,13457,13571,0.3285
datasets/workout/yushuan0513workout/yushuan0513workout_whole_session_20260513_144737.csv,yushuan0513workout,db_bench_press,1,6,13660,14074,13923,14061,0.3333
datasets/workout/yushuan0513workout/yushuan0513workout_whole_session_20260513_144737.csv,yushuan0513workout,db_bench_press,1,7,14074,14420,14254,14351,0.2803
datasets/workout/yushuan0513workout/yushuan0513workout_whole_session_20260513_144737.csv,yushuan0513workout,db_bench_press,1,8,14420,14795,14636,14735,0.264
datasets/workout/yushuan0513workout/yushuan0513workout_whole_session_20260513_144737.csv,yushuan0513workout,db_bench_press,1,9,14795,15224,14850,14931,0.1888
datasets/workout/yushuan0513workout/yushuan0513workout_whole_session_20260513_144737.csv,yushuan0513workout,db_bench_press,1,10,15224,15668,15311,15459,0.3333
datasets/workout/yushuan0513workout/yushuan0513workout_whole_session_20260513_144737.csv,yushuan0513workout,db_bench_press,1,11,15668,16023,15706,15849,0.4028
datasets/workout/yushuan0513workout/yushuan0513workout_whole_session_20260513_144737.csv,yushuan0513workout,db_bench_press,2,0,28488,28679,28537,28579,0.2199
datasets/workout/yushuan0513workout/yushuan0513workout_whole_session_20260513_144737.csv,yushuan0513workout,db_bench_press,3,0,29239,29548,29158,29584,0.7254
datasets/workout/yushuan0513workout/yushuan0513workout_whole_session_20260513_144737.csv,yushuan0513workout,db_bench_press,3,1,29548,29957,29584,30010,0.8074
datasets/workout/yushuan0513workout/yushuan0513workout_whole_session_20260513_144737.csv,yushuan0513workout,db_bench_press,3,2,29957,30411,30010,30422,0.8624
datasets/workout/yushuan0513workout/yushuan0513workout_whole_session_20260513_144737.csv,yushuan0513workout,db_bench_press,3,3,30411,30846,30422,30854,0.9571
datasets/workout/yushuan0513workout/yushuan0513workout_whole_session_20260513_144737.csv,yushuan0513workout,db_bench_press,3,4,30846,31292,30854,31328,0.9087
datasets/workout/yushuan0513workout/yushuan0513workout_whole_session_20260513_144737.csv,yushuan0513workout,db_bench_press,3,5,31292,31768,31328,31809,0.8511
datasets/workout/yushuan0513workout/yushuan0513workout_whole_session_20260513_144737.csv,yushuan0513workout,db_bench_press,3,6,31768,32367,31809,32211,0.6711
datasets/workout/yushuan0513workout/yushuan0513workout_whole_session_20260513_144737.csv,yushuan0513workout,db_bench_press,3,7,32367,32500,32211,32451,0.2907
datasets/workout/yushuan0513workout/yushuan0513workout_whole_session_20260513_144737.csv,yushuan0513workout,one_arm_db_row,0,0,83302,83616,83503,83615,0.3567
datasets/workout/yushuan0513workout/yushuan0513workout_whole_session_20260513_144737.csv,yushuan0513workout,one_arm_db_row,0,1,83616,83989,83743,83853,0.2949
datasets/workout/yushuan0513workout/yushuan0513workout_whole_session_20260513_144737.csv,yushuan0513workout,one_arm_db_row,0,2,83989,84340,84113,84239,0.359
datasets/workout/yushuan0513workout/yushuan0513workout_whole_session_20260513_144737.csv,yushuan0513workout,one_arm_db_row,0,3,84340,84735,84623,84711,0.2228
datasets/workout/yushuan0513workout/yushuan0513workout_whole_session_20260513_144737.csv,yushuan0513workout,one_arm_db_row,0,4,84735,85162,84992,85168,0.3926
datasets/workout/yushuan0513workout/yushuan0513workout_whole_session_20260513_144737.csv,yushuan0513workout,one_arm_db_row,0,5,85162,85570,85168,85302,0.3284
datasets/workout/yushuan0513workout/yushuan0513workout_whole_session_20260513_144737.csv,yushuan0513workout,one_arm_db_row,0,6,85570,85957,85823,85943,0.3101
datasets/workout/yushuan0513workout/yushuan0513workout_whole_session_20260513_144737.csv,yushuan0513workout,one_arm_db_row,0,7,85957,86352,86238,86323,0.2152
datasets/workout/yushuan0513workout/yushuan0513workout_whole_session_20260513_144737.csv,yushuan0513workout,one_arm_db_row,0,8,86352,86735,86475,86671,0.5117
datasets/workout/yushuan0513workout/yushuan0513workout_whole_session_20260513_144737.csv,yushuan0513workout,one_arm_db_row,0,9,86735,87186,87049,87164,0.255
datasets/workout/yushuan0513workout/yushuan0513workout_whole_session_20260513_144737.csv,yushuan0513workout,one_arm_db_row,0,10,87186,87619,87487,87616,0.2979
datasets/workout/yushuan0513workout/yushuan0513workout_whole_session_20260513_144737.csv,yushuan0513workout,one_arm_db_row,0,11,87619,87981,87772,87879,0.2956
datasets/workout/yushuan0513workout/yushuan0513workout_whole_session_20260513_144737.csv,yushuan0513workout,one_arm_db_row,1,0,124830,125239,124949,125063,0.2787
datasets/workout/yushuan0513workout/yushuan0513workout_whole_session_20260513_144737.csv,yushuan0513workout,one_arm_db_row,1,1,125239,125584,125441,125577,0.3942
datasets/workout/yushuan0513workout/yushuan0513workout_whole_session_20260513_144737.csv,yushuan0513workout,one_arm_db_row,1,2,125584,125953,125577,125778,0.516
datasets/workout/yushuan0513workout/yushuan0513workout_whole_session_20260513_144737.csv,yushuan0513workout,one_arm_db_row,1,3,125953,126284,126213,126297,0.2064
datasets/workout/yushuan0513workout/yushuan0513workout_whole_session_20260513_144737.csv,yushuan0513workout,one_arm_db_row,1,4,126284,126643,126297,126471,0.4847
datasets/workout/yushuan0513workout/yushuan0513workout_whole_session_20260513_144737.csv,yushuan0513workout,one_arm_db_row,1,5,126643,126974,126851,126977,0.3683
datasets/workout/yushuan0513workout/yushuan0513workout_whole_session_20260513_144737.csv,yushuan0513workout,one_arm_db_row,1,6,126974,127330,126977,127109,0.3708
datasets/workout/yushuan0513workout/yushuan0513workout_whole_session_20260513_144737.csv,yushuan0513workout,one_arm_db_row,1,7,127330,127656,127531,127632,0.3098
datasets/workout/yushuan0513workout/yushuan0513workout_whole_session_20260513_144737.csv,yushuan0513workout,one_arm_db_row,1,8,127656,127984,127863,127953,0.2744
datasets/workout/yushuan0513workout/yushuan0513workout_whole_session_20260513_144737.csv,yushuan0513workout,one_arm_db_row,1,9,127984,128340,128228,128321,0.2612
datasets/workout/yushuan0513workout/yushuan0513workout_whole_session_20260513_144737.csv,yushuan0513workout,one_arm_db_row,1,10,128340,128687,128399,128487,0.2536
datasets/workout/yushuan0513workout/yushuan0513workout_whole_session_20260513_144737.csv,yushuan0513workout,one_arm_db_row,1,11,128687,129017,128757,128858,0.3061
datasets/workout/yushuan0513workout/yushuan0513workout_whole_session_20260513_144737.csv,yushuan0513workout,one_arm_db_row,2,0,144426,144688,144326,144645,0.605
datasets/workout/yushuan0513workout/yushuan0513workout_whole_session_20260513_144737.csv,yushuan0513workout,one_arm_db_row,2,1,144688,144998,144776,144868,0.2968
datasets/workout/yushuan0513workout/yushuan0513workout_whole_session_20260513_144737.csv,yushuan0513workout,one_arm_db_row,2,2,144998,145284,145074,145163,0.3112
datasets/workout/yushuan0513workout/yushuan0513workout_whole_session_20260513_144737.csv,yushuan0513workout,one_arm_db_row,2,3,145284,145597,145348,145499,0.4824
datasets/workout/yushuan0513workout/yushuan0513workout_whole_session_20260513_144737.csv,yushuan0513workout,one_arm_db_row,2,4,145597,145915,145688,145772,0.2642
datasets/workout/yushuan0513workout/yushuan0513workout_whole_session_20260513_144737.csv,yushuan0513workout,one_arm_db_row,2,5,145915,146223,145984,146082,0.3182
datasets/workout/yushuan0513workout/yushuan0513workout_whole_session_20260513_144737.csv,yushuan0513workout,one_arm_db_row,2,6,146223,146509,146263,146386,0.4301
datasets/workout/yushuan0513workout/yushuan0513workout_whole_session_20260513_144737.csv,yushuan0513workout,one_arm_db_row,2,7,146509,146827,146569,146654,0.2673
datasets/workout/yushuan0513workout/yushuan0513workout_whole_session_20260513_144737.csv,yushuan0513workout,one_arm_db_row,2,8,146827,147134,147044,147144,0.2839
datasets/workout/yushuan0513workout/yushuan0513workout_whole_session_20260513_144737.csv,yushuan0513workout,one_arm_db_row,2,9,147134,147440,147215,147330,0.3758
datasets/workout/yushuan0513workout/yushuan0513workout_whole_session_20260513_144737.csv,yushuan0513workout,one_arm_db_row,2,10,147440,147707,147490,147624,0.5019
datasets/workout/yushuan0513workout/yushuan0513workout_whole_session_20260513_144737.csv,yushuan0513workout,one_arm_db_row,2,11,147707,148023,147780,147877,0.307
datasets/workout/yushuan0513workout/yushuan0513workout_whole_session_20260513_144737.csv,yushuan0513workout,db_rdl,0,0,172761,173250,172688,173423,0.6653
datasets/workout/yushuan0513workout/yushuan0513workout_whole_session_20260513_144737.csv,yushuan0513workout,db_rdl,0,1,173250,173843,173423,173787,0.6138
datasets/workout/yushuan0513workout/yushuan0513workout_whole_session_20260513_144737.csv,yushuan0513workout,db_rdl,0,2,173843,174278,173965,174160,0.4483
datasets/workout/yushuan0513workout/yushuan0513workout_whole_session_20260513_144737.csv,yushuan0513workout,db_rdl,0,3,174278,174760,174388,174608,0.4564
datasets/workout/yushuan0513workout/yushuan0513workout_whole_session_20260513_144737.csv,yushuan0513workout,db_rdl,0,4,174760,175196,174828,175191,0.8326
datasets/workout/yushuan0513workout/yushuan0513workout_whole_session_20260513_144737.csv,yushuan0513workout,db_rdl,0,5,175196,175646,175191,175496,0.6593
datasets/workout/yushuan0513workout/yushuan0513workout_whole_session_20260513_144737.csv,yushuan0513workout,db_rdl,0,6,175646,176089,175686,175821,0.3047
datasets/workout/yushuan0513workout/yushuan0513workout_whole_session_20260513_144737.csv,yushuan0513workout,db_rdl,0,7,176089,176564,176299,176556,0.5411
datasets/workout/yushuan0513workout/yushuan0513workout_whole_session_20260513_144737.csv,yushuan0513workout,db_rdl,0,8,176564,176999,176556,176890,0.7359
datasets/workout/yushuan0513workout/yushuan0513workout_whole_session_20260513_144737.csv,yushuan0513workout,db_rdl,0,9,176999,177480,177094,177206,0.2328
datasets/workout/yushuan0513workout/yushuan0513workout_whole_session_20260513_144737.csv,yushuan0513workout,db_rdl,0,10,177480,177882,177544,177730,0.4627
datasets/workout/yushuan0513workout/yushuan0513workout_whole_session_20260513_144737.csv,yushuan0513workout,db_rdl,0,11,177882,178310,177969,178215,0.5748
datasets/workout/yushuan0513workout/yushuan0513workout_whole_session_20260513_144737.csv,yushuan0513workout,db_rdl,1,0,214256,214707,214293,214495,0.4479
datasets/workout/yushuan0513workout/yushuan0513workout_whole_session_20260513_144737.csv,yushuan0513workout,db_rdl,1,1,214707,215070,214686,214931,0.5833
datasets/workout/yushuan0513workout/yushuan0513workout_whole_session_20260513_144737.csv,yushuan0513workout,db_rdl,1,2,215070,215440,215259,215458,0.4665
datasets/workout/yushuan0513workout/yushuan0513workout_whole_session_20260513_144737.csv,yushuan0513workout,db_rdl,1,3,215440,215818,215458,215618,0.4233
datasets/workout/yushuan0513workout/yushuan0513workout_whole_session_20260513_144737.csv,yushuan0513workout,db_rdl,1,4,215818,216287,215947,216141,0.4136
datasets/workout/yushuan0513workout/yushuan0513workout_whole_session_20260513_144737.csv,yushuan0513workout,db_rdl,1,5,216287,216664,216478,216602,0.3289
datasets/workout/yushuan0513workout/yushuan0513workout_whole_session_20260513_144737.csv,yushuan0513workout,db_rdl,1,6,216664,217199,216738,216931,0.3607
datasets/workout/yushuan0513workout/yushuan0513workout_whole_session_20260513_144737.csv,yushuan0513workout,db_rdl,1,7,217199,217573,217253,217386,0.3556
datasets/workout/yushuan0513workout/yushuan0513workout_whole_session_20260513_144737.csv,yushuan0513workout,db_rdl,1,8,217573,217949,217652,217823,0.4548
datasets/workout/yushuan0513workout/yushuan0513workout_whole_session_20260513_144737.csv,yushuan0513workout,db_rdl,1,9,217949,218333,218071,218220,0.388
datasets/workout/yushuan0513workout/yushuan0513workout_whole_session_20260513_144737.csv,yushuan0513workout,db_rdl,1,10,218333,218742,218477,218713,0.577
datasets/workout/yushuan0513workout/yushuan0513workout_whole_session_20260513_144737.csv,yushuan0513workout,db_rdl,1,11,218742,219061,218713,218915,0.4971
datasets/workout/yushuan0513workout/yushuan0513workout_whole_session_20260513_144737.csv,yushuan0513workout,db_rdl,2,0,232954,233345,233044,233154,0.2813
datasets/workout/yushuan0513workout/yushuan0513workout_whole_session_20260513_144737.csv,yushuan0513workout,db_rdl,2,1,233345,233740,233526,233616,0.2278
datasets/workout/yushuan0513workout/yushuan0513workout_whole_session_20260513_144737.csv,yushuan0513workout,db_rdl,2,2,233740,234108,233874,233986,0.3043
datasets/workout/yushuan0513workout/yushuan0513workout_whole_session_20260513_144737.csv,yushuan0513workout,db_rdl,2,3,234108,234476,234128,234215,0.2364
datasets/workout/yushuan0513workout/yushuan0513workout_whole_session_20260513_144737.csv,yushuan0513workout,db_rdl,2,4,234476,234890,234730,234812,0.1981
datasets/workout/yushuan0513workout/yushuan0513workout_whole_session_20260513_144737.csv,yushuan0513workout,db_rdl,2,5,234890,235324,234900,235008,0.2488
datasets/workout/yushuan0513workout/yushuan0513workout_whole_session_20260513_144737.csv,yushuan0513workout,db_rdl,2,6,235324,235731,235460,235524,0.1572
datasets/workout/yushuan0513workout/yushuan0513workout_whole_session_20260513_144737.csv,yushuan0513workout,db_rdl,2,7,235731,236180,235750,235860,0.245
datasets/workout/yushuan0513workout/yushuan0513workout_whole_session_20260513_144737.csv,yushuan0513workout,db_rdl,2,8,236180,236656,236179,236280,0.2096
datasets/workout/yushuan0513workout/yushuan0513workout_whole_session_20260513_144737.csv,yushuan0513workout,db_rdl,2,9,236656,237148,236840,236916,0.1545
datasets/workout/yushuan0513workout/yushuan0513workout_whole_session_20260513_144737.csv,yushuan0513workout,db_rdl,2,10,237148,237546,237408,237499,0.2286
datasets/workout/yushuan0513workout/yushuan0513workout_whole_session_20260513_144737.csv,yushuan0513workout,db_rdl,2,11,237546,237917,237761,237846,0.2291
datasets/workout/yushuan0513workout/yushuan0513workout_whole_session_20260513_144737.csv,yushuan0513workout,db_weighted_crunch,0,0,272075,272423,271998,272382,0.7224
datasets/workout/yushuan0513workout/yushuan0513workout_whole_session_20260513_144737.csv,yushuan0513workout,db_weighted_crunch,0,1,272423,272771,272544,272698,0.4425
datasets/workout/yushuan0513workout/yushuan0513workout_whole_session_20260513_144737.csv,yushuan0513workout,db_weighted_crunch,0,2,272771,273066,272984,273064,0.2712
datasets/workout/yushuan0513workout/yushuan0513workout_whole_session_20260513_144737.csv,yushuan0513workout,db_weighted_crunch,0,3,273066,273438,273284,273412,0.3441
datasets/workout/yushuan0513workout/yushuan0513workout_whole_session_20260513_144737.csv,yushuan0513workout,db_weighted_crunch,0,4,273438,273794,273692,273796,0.2849
datasets/workout/yushuan0513workout/yushuan0513workout_whole_session_20260513_144737.csv,yushuan0513workout,db_weighted_crunch,0,5,273794,274149,273796,273981,0.5211
datasets/workout/yushuan0513workout/yushuan0513workout_whole_session_20260513_144737.csv,yushuan0513workout,db_weighted_crunch,0,6,274149,274506,274294,274377,0.2325
datasets/workout/yushuan0513workout/yushuan0513workout_whole_session_20260513_144737.csv,yushuan0513workout,db_weighted_crunch,0,7,274506,274974,274822,274924,0.2179
datasets/workout/yushuan0513workout/yushuan0513workout_whole_session_20260513_144737.csv,yushuan0513workout,db_weighted_crunch,0,8,274974,275393,275023,275142,0.284
datasets/workout/yushuan0513workout/yushuan0513workout_whole_session_20260513_144737.csv,yushuan0513workout,db_weighted_crunch,0,9,275393,275740,275564,275635,0.2046
datasets/workout/yushuan0513workout/yushuan0513workout_whole_session_20260513_144737.csv,yushuan0513workout,db_weighted_crunch,0,10,275740,276119,276026,276106,0.2111
datasets/workout/yushuan0513workout/yushuan0513workout_whole_session_20260513_144737.csv,yushuan0513workout,db_weighted_crunch,0,11,276119,276473,276106,276296,0.4823
datasets/workout/yushuan0513workout/yushuan0513workout_whole_session_20260513_144737.csv,yushuan0513workout,db_weighted_crunch,1,0,283217,283514,283350,283399,0.165
datasets/workout/yushuan0513workout/yushuan0513workout_whole_session_20260513_144737.csv,yushuan0513workout,db_weighted_crunch,1,1,283514,283790,283541,283591,0.1812
datasets/workout/yushuan0513workout/yushuan0513workout_whole_session_20260513_144737.csv,yushuan0513workout,db_weighted_crunch,1,2,283790,284128,283809,283857,0.142
datasets/workout/yushuan0513workout/yushuan0513workout_whole_session_20260513_144737.csv,yushuan0513workout,db_weighted_crunch,1,3,284128,284503,284186,284238,0.1387
datasets/workout/yushuan0513workout/yushuan0513workout_whole_session_20260513_144737.csv,yushuan0513workout,db_weighted_crunch,1,4,284503,284963,284530,284589,0.1283
datasets/workout/yushuan0513workout/yushuan0513workout_whole_session_20260513_144737.csv,yushuan0513workout,db_weighted_crunch,1,5,284963,285379,285001,285083,0.1971
datasets/workout/yushuan0513workout/yushuan0513workout_whole_session_20260513_144737.csv,yushuan0513workout,db_weighted_crunch,1,6,285379,285811,285391,285451,0.1389
datasets/workout/yushuan0513workout/yushuan0513workout_whole_session_20260513_144737.csv,yushuan0513workout,db_weighted_crunch,1,7,285811,286224,285835,285891,0.1356
datasets/workout/yushuan0513workout/yushuan0513workout_whole_session_20260513_144737.csv,yushuan0513workout,db_weighted_crunch,1,8,286224,286640,286248,286319,0.1707
datasets/workout/yushuan0513workout/yushuan0513workout_whole_session_20260513_144737.csv,yushuan0513workout,db_weighted_crunch,1,9,286640,287038,286937,287000,0.1583
datasets/workout/yushuan0513workout/yushuan0513workout_whole_session_20260513_144737.csv,yushuan0513workout,db_weighted_crunch,1,10,287038,287486,287151,287213,0.1384
datasets/workout/yushuan0513workout/yushuan0513workout_whole_session_20260513_144737.csv,yushuan0513workout,db_weighted_crunch,1,11,287486,287833,287764,287817,0.1527
datasets/workout/yushuan0513workout/yushuan0513workout_whole_session_20260513_144737.csv,yushuan0513workout,db_weighted_crunch,2,0,296430,296719,296524,296562,0.1315
datasets/workout/yushuan0513workout/yushuan0513workout_whole_session_20260513_144737.csv,yushuan0513workout,db_weighted_crunch,2,1,296719,297045,296970,297030,0.184
datasets/workout/yushuan0513workout/yushuan0513workout_whole_session_20260513_144737.csv,yushuan0513workout,db_weighted_crunch,2,2,297045,297367,297154,297223,0.2143
datasets/workout/yushuan0513workout/yushuan0513workout_whole_session_20260513_144737.csv,yushuan0513workout,db_weighted_crunch,2,3,297367,297749,297386,297444,0.1518
datasets/workout/yushuan0513workout/yushuan0513workout_whole_session_20260513_144737.csv,yushuan0513workout,db_weighted_crunch,2,4,297749,298131,297798,297856,0.1518
datasets/workout/yushuan0513workout/yushuan0513workout_whole_session_20260513_144737.csv,yushuan0513workout,db_weighted_crunch,2,5,298131,298522,298369,298432,0.1611
datasets/workout/yushuan0513workout/yushuan0513workout_whole_session_20260513_144737.csv,yushuan0513workout,db_weighted_crunch,2,6,298522,298975,298626,298693,0.1479
datasets/workout/yushuan0513workout/yushuan0513workout_whole_session_20260513_144737.csv,yushuan0513workout,db_weighted_crunch,2,7,298975,299376,299032,299082,0.1247
datasets/workout/yushuan0513workout/yushuan0513workout_whole_session_20260513_144737.csv,yushuan0513workout,db_weighted_crunch,2,8,299376,299817,299428,299482,0.1224
datasets/workout/yushuan0513workout/yushuan0513workout_whole_session_20260513_144737.csv,yushuan0513workout,db_weighted_crunch,2,9,299817,300241,299816,299885,0.16
datasets/workout/yushuan0513workout/yushuan0513workout_whole_session_20260513_144737.csv,yushuan0513workout,db_weighted_crunch,2,10,300241,300598,300478,300544,0.1849
datasets/workout/yushuan0513workout/yushuan0513workout_whole_session_20260513_144737.csv,yushuan0513workout,db_weighted_crunch,2,11,300598,300883,300770,300823,0.186
datasets/workout/yushuan0513workout/yushuan0513workout_whole_session_20260513_144737.csv,yushuan0513workout,db_shoulder_press,0,0,351703,352085,351793,351966,0.4529
datasets/workout/yushuan0513workout/yushuan0513workout_whole_session_20260513_144737.csv,yushuan0513workout,db_shoulder_press,0,1,352085,352467,352137,352299,0.4241
datasets/workout/yushuan0513workout/yushuan0513workout_whole_session_20260513_144737.csv,yushuan0513workout,db_shoulder_press,0,2,352467,352876,352509,352655,0.357
datasets/workout/yushuan0513workout/yushuan0513workout_whole_session_20260513_144737.csv,yushuan0513workout,db_shoulder_press,0,3,352876,353345,352919,353036,0.2495
datasets/workout/yushuan0513workout/yushuan0513workout_whole_session_20260513_144737.csv,yushuan0513workout,db_shoulder_press,0,4,353345,353725,353422,353553,0.3447
datasets/workout/yushuan0513workout/yushuan0513workout_whole_session_20260513_144737.csv,yushuan0513workout,db_shoulder_press,0,5,353725,354164,353875,354052,0.4032
datasets/workout/yushuan0513workout/yushuan0513workout_whole_session_20260513_144737.csv,yushuan0513workout,db_shoulder_press,0,6,354164,354607,354183,354325,0.3205
datasets/workout/yushuan0513workout/yushuan0513workout_whole_session_20260513_144737.csv,yushuan0513workout,db_shoulder_press,0,7,354607,355069,354724,354837,0.2446
datasets/workout/yushuan0513workout/yushuan0513workout_whole_session_20260513_144737.csv,yushuan0513workout,db_shoulder_press,0,8,355069,355550,355190,355323,0.2765
datasets/workout/yushuan0513workout/yushuan0513workout_whole_session_20260513_144737.csv,yushuan0513workout,db_shoulder_press,0,9,355550,356021,355545,355775,0.4727
datasets/workout/yushuan0513workout/yushuan0513workout_whole_session_20260513_144737.csv,yushuan0513workout,db_shoulder_press,0,10,356021,356439,355997,356204,0.414
datasets/workout/yushuan0513workout/yushuan0513workout_whole_session_20260513_144737.csv,yushuan0513workout,db_shoulder_press,0,11,356439,356928,356661,356793,0.2699
datasets/workout/yushuan0513workout/yushuan0513workout_whole_session_20260513_144737.csv,yushuan0513workout,db_shoulder_press,1,0,373716,374086,373870,374074,0.5514
datasets/workout/yushuan0513workout/yushuan0513workout_whole_session_20260513_144737.csv,yushuan0513workout,db_shoulder_press,1,1,374086,374482,374074,374224,0.3382
datasets/workout/yushuan0513workout/yushuan0513workout_whole_session_20260513_144737.csv,yushuan0513workout,db_shoulder_press,1,2,374482,374939,374527,374687,0.3501
datasets/workout/yushuan0513workout/yushuan0513workout_whole_session_20260513_144737.csv,yushuan0513workout,db_shoulder_press,1,3,374939,375392,374991,375133,0.3135
datasets/workout/yushuan0513workout/yushuan0513workout_whole_session_20260513_144737.csv,yushuan0513workout,db_shoulder_press,1,4,375392,375881,375484,375584,0.2045
datasets/workout/yushuan0513workout/yushuan0513workout_whole_session_20260513_144737.csv,yushuan0513workout,db_shoulder_press,1,5,375881,376400,375875,375996,0.219
datasets/workout/yushuan0513workout/yushuan0513workout_whole_session_20260513_144737.csv,yushuan0513workout,db_shoulder_press,1,6,376400,376948,376733,376912,0.3266
datasets/workout/yushuan0513workout/yushuan0513workout_whole_session_20260513_144737.csv,yushuan0513workout,db_shoulder_press,1,7,376948,377397,376912,377088,0.2887
datasets/workout/yushuan0513workout/yushuan0513workout_whole_session_20260513_144737.csv,yushuan0513workout,db_shoulder_press,1,8,377397,377862,377456,377622,0.357
datasets/workout/yushuan0513workout/yushuan0513workout_whole_session_20260513_144737.csv,yushuan0513workout,db_shoulder_press,1,9,377862,378429,378028,378196,0.2963
datasets/workout/yushuan0513workout/yushuan0513workout_whole_session_20260513_144737.csv,yushuan0513workout,db_shoulder_press,1,10,378429,378866,378681,378862,0.4142
datasets/workout/yushuan0513workout/yushuan0513workout_whole_session_20260513_144737.csv,yushuan0513workout,db_shoulder_press,1,11,378866,379317,378862,379016,0.3297
datasets/workout/yushuan0513workout/yushuan0513workout_whole_session_20260513_144737.csv,yushuan0513workout,db_shoulder_press,2,0,404439,404794,404331,410917,0.0539
datasets/workout/yushuan0513workout/yushuan0513workout_whole_session_20260513_144737.csv,yushuan0513workout,db_shoulder_press,2,1,404794,405230,404331,410917,0.0662
datasets/workout/yushuan0513workout/yushuan0513workout_whole_session_20260513_144737.csv,yushuan0513workout,db_shoulder_press,2,2,405230,405781,404331,410917,0.0837
datasets/workout/yushuan0513workout/yushuan0513workout_whole_session_20260513_144737.csv,yushuan0513workout,db_shoulder_press,2,3,405781,406254,404331,410917,0.0718
datasets/workout/yushuan0513workout/yushuan0513workout_whole_session_20260513_144737.csv,yushuan0513workout,db_shoulder_press,2,4,406254,406785,404331,410917,0.0806
datasets/workout/yushuan0513workout/yushuan0513workout_whole_session_20260513_144737.csv,yushuan0513workout,db_shoulder_press,2,5,406785,407337,404331,410917,0.0838
datasets/workout/yushuan0513workout/yushuan0513workout_whole_session_20260513_144737.csv,yushuan0513workout,db_shoulder_press,2,6,407337,407981,404331,410917,0.0978
datasets/workout/yushuan0513workout/yushuan0513workout_whole_session_20260513_144737.csv,yushuan0513workout,db_shoulder_press,2,7,407981,408515,404331,410917,0.0811
datasets/workout/yushuan0513workout/yushuan0513workout_whole_session_20260513_144737.csv,yushuan0513workout,db_shoulder_press,2,8,408515,409211,404331,410917,0.1057
datasets/workout/yushuan0513workout/yushuan0513workout_whole_session_20260513_144737.csv,yushuan0513workout,db_biceps_curl,0,0,442354,442674,442447,442591,0.45
datasets/workout/yushuan0513workout/yushuan0513workout_whole_session_20260513_144737.csv,yushuan0513workout,db_biceps_curl,0,1,442674,442934,442591,442833,0.4636
datasets/workout/yushuan0513workout/yushuan0513workout_whole_session_20260513_144737.csv,yushuan0513workout,db_biceps_curl,0,2,442934,443194,442833,443099,0.4571
datasets/workout/yushuan0513workout/yushuan0513workout_whole_session_20260513_144737.csv,yushuan0513workout,db_biceps_curl,0,3,443194,443457,443099,443371,0.4944
datasets/workout/yushuan0513workout/yushuan0513workout_whole_session_20260513_144737.csv,yushuan0513workout,db_biceps_curl,0,4,443457,443732,443371,443639,0.5042
datasets/workout/yushuan0513workout/yushuan0513workout_whole_session_20260513_144737.csv,yushuan0513workout,db_biceps_curl,0,5,443732,444003,443639,443906,0.478
datasets/workout/yushuan0513workout/yushuan0513workout_whole_session_20260513_144737.csv,yushuan0513workout,db_biceps_curl,0,6,444003,444290,444121,444259,0.4808
datasets/workout/yushuan0513workout/yushuan0513workout_whole_session_20260513_144737.csv,yushuan0513workout,db_biceps_curl,0,7,444290,444559,444259,444461,0.57
datasets/workout/yushuan0513workout/yushuan0513workout_whole_session_20260513_144737.csv,yushuan0513workout,db_biceps_curl,0,8,444559,444873,444461,444766,0.5024
datasets/workout/yushuan0513workout/yushuan0513workout_whole_session_20260513_144737.csv,yushuan0513workout,db_biceps_curl,0,9,444873,445186,444766,445070,0.469
datasets/workout/yushuan0513workout/yushuan0513workout_whole_session_20260513_144737.csv,yushuan0513workout,db_biceps_curl,0,10,445186,445469,445070,445360,0.4361
datasets/workout/yushuan0513workout/yushuan0513workout_whole_session_20260513_144737.csv,yushuan0513workout,db_biceps_curl,0,11,445469,445725,445360,445643,0.4767
datasets/workout/yushuan0513workout/yushuan0513workout_whole_session_20260513_144737.csv,yushuan0513workout,db_biceps_curl,1,0,457530,457824,457478,457752,0.6416
datasets/workout/yushuan0513workout/yushuan0513workout_whole_session_20260513_144737.csv,yushuan0513workout,db_biceps_curl,1,1,457824,458061,457752,458008,0.5955
datasets/workout/yushuan0513workout/yushuan0513workout_whole_session_20260513_144737.csv,yushuan0513workout,db_biceps_curl,1,2,458061,458307,458008,458258,0.6589
datasets/workout/yushuan0513workout/yushuan0513workout_whole_session_20260513_144737.csv,yushuan0513workout,db_biceps_curl,1,3,458307,458566,458258,458492,0.6006
datasets/workout/yushuan0513workout/yushuan0513workout_whole_session_20260513_144737.csv,yushuan0513workout,db_biceps_curl,1,4,458566,458802,458492,458739,0.5581
datasets/workout/yushuan0513workout/yushuan0513workout_whole_session_20260513_144737.csv,yushuan0513workout,db_biceps_curl,1,5,458802,459058,458739,458998,0.6144
datasets/workout/yushuan0513workout/yushuan0513workout_whole_session_20260513_144737.csv,yushuan0513workout,db_biceps_curl,1,6,459058,459299,458998,459248,0.6312
datasets/workout/yushuan0513workout/yushuan0513workout_whole_session_20260513_144737.csv,yushuan0513workout,db_biceps_curl,1,7,459299,459584,459248,459521,0.6607
datasets/workout/yushuan0513workout/yushuan0513workout_whole_session_20260513_144737.csv,yushuan0513workout,db_biceps_curl,1,8,459584,459874,459521,459746,0.4589
datasets/workout/yushuan0513workout/yushuan0513workout_whole_session_20260513_144737.csv,yushuan0513workout,db_biceps_curl,1,9,459874,460179,459894,460112,0.7148
datasets/workout/yushuan0513workout/yushuan0513workout_whole_session_20260513_144737.csv,yushuan0513workout,db_biceps_curl,1,10,460179,460490,460344,460495,0.462
datasets/workout/yushuan0513workout/yushuan0513workout_whole_session_20260513_144737.csv,yushuan0513workout,db_biceps_curl,1,11,460490,460792,460495,460650,0.5132
datasets/workout/yushuan0513workout/yushuan0513workout_whole_session_20260513_144737.csv,yushuan0513workout,db_biceps_curl,2,0,473693,473965,473834,473964,0.4779
datasets/workout/yushuan0513workout/yushuan0513workout_whole_session_20260513_144737.csv,yushuan0513workout,db_biceps_curl,2,1,473965,474221,473964,474096,0.5097
datasets/workout/yushuan0513workout/yushuan0513workout_whole_session_20260513_144737.csv,yushuan0513workout,db_biceps_curl,2,2,474221,474467,474344,474466,0.4959
datasets/workout/yushuan0513workout/yushuan0513workout_whole_session_20260513_144737.csv,yushuan0513workout,db_biceps_curl,2,3,474467,474729,474596,474734,0.4981
datasets/workout/yushuan0513workout/yushuan0513workout_whole_session_20260513_144737.csv,yushuan0513workout,db_biceps_curl,2,4,474729,475026,474873,475023,0.5051
datasets/workout/yushuan0513workout/yushuan0513workout_whole_session_20260513_144737.csv,yushuan0513workout,db_biceps_curl,2,5,475026,475297,475178,475300,0.4343
datasets/workout/yushuan0513workout/yushuan0513workout_whole_session_20260513_144737.csv,yushuan0513workout,db_biceps_curl,2,6,475297,475573,475300,475438,0.5
datasets/workout/yushuan0513workout/yushuan0513workout_whole_session_20260513_144737.csv,yushuan0513workout,db_biceps_curl,2,7,475573,475880,475722,475874,0.4951
datasets/workout/yushuan0513workout/yushuan0513workout_whole_session_20260513_144737.csv,yushuan0513workout,db_biceps_curl,2,8,475880,476173,475874,476034,0.5151
datasets/workout/yushuan0513workout/yushuan0513workout_whole_session_20260513_144737.csv,yushuan0513workout,db_biceps_curl,2,9,476173,476496,476342,476482,0.4334
datasets/workout/yushuan0513workout/yushuan0513workout_whole_session_20260513_144737.csv,yushuan0513workout,db_biceps_curl,2,10,476496,476790,476626,476795,0.5485
datasets/workout/yushuan0513workout/yushuan0513workout_whole_session_20260513_144737.csv,yushuan0513workout,db_biceps_curl,2,11,476790,477150,476971,477150,0.4972
datasets/workout/yushuan0513workout/yushuan0513workout_whole_session_20260513_144737.csv,yushuan0513workout,db_triceps_curl,0,0,492672,492919,492763,492853,0.3644
datasets/workout/yushuan0513workout/yushuan0513workout_whole_session_20260513_144737.csv,yushuan0513workout,db_triceps_curl,0,1,492919,493241,493027,493111,0.2609
datasets/workout/yushuan0513workout/yushuan0513workout_whole_session_20260513_144737.csv,yushuan0513workout,db_triceps_curl,0,2,493241,493505,493415,493500,0.322
datasets/workout/yushuan0513workout/yushuan0513workout_whole_session_20260513_144737.csv,yushuan0513workout,db_triceps_curl,0,3,493505,493863,493721,493779,0.162
datasets/workout/yushuan0513workout/yushuan0513workout_whole_session_20260513_144737.csv,yushuan0513workout,db_triceps_curl,0,4,493863,494180,493881,493947,0.2082
datasets/workout/yushuan0513workout/yushuan0513workout_whole_session_20260513_144737.csv,yushuan0513workout,db_triceps_curl,0,5,494180,494502,494299,494377,0.2422
datasets/workout/yushuan0513workout/yushuan0513workout_whole_session_20260513_144737.csv,yushuan0513workout,db_triceps_curl,0,6,494502,494797,494715,494783,0.2305
datasets/workout/yushuan0513workout/yushuan0513workout_whole_session_20260513_144737.csv,yushuan0513workout,db_triceps_curl,0,7,494797,495108,494879,494943,0.2058
datasets/workout/yushuan0513workout/yushuan0513workout_whole_session_20260513_144737.csv,yushuan0513workout,db_triceps_curl,0,8,495108,495428,495338,495421,0.2594
datasets/workout/yushuan0513workout/yushuan0513workout_whole_session_20260513_144737.csv,yushuan0513workout,db_triceps_curl,0,9,495428,495755,495421,495500,0.2156
datasets/workout/yushuan0513workout/yushuan0513workout_whole_session_20260513_144737.csv,yushuan0513workout,db_triceps_curl,0,10,495755,496068,495937,496003,0.2109
datasets/workout/yushuan0513workout/yushuan0513workout_whole_session_20260513_144737.csv,yushuan0513workout,db_triceps_curl,0,11,496068,496348,496069,496135,0.2357
datasets/workout/yushuan0513workout/yushuan0513workout_whole_session_20260513_144737.csv,yushuan0513workout,db_triceps_curl,1,0,503870,504162,503954,504128,0.5959
datasets/workout/yushuan0513workout/yushuan0513workout_whole_session_20260513_144737.csv,yushuan0513workout,db_triceps_curl,1,1,504162,504385,504128,504358,0.7626
datasets/workout/yushuan0513workout/yushuan0513workout_whole_session_20260513_144737.csv,yushuan0513workout,db_triceps_curl,1,2,504385,504597,504358,504533,0.6192
datasets/workout/yushuan0513workout/yushuan0513workout_whole_session_20260513_144737.csv,yushuan0513workout,db_triceps_curl,1,3,504597,504830,504639,504810,0.7339
datasets/workout/yushuan0513workout/yushuan0513workout_whole_session_20260513_144737.csv,yushuan0513workout,db_triceps_curl,1,4,504830,505060,504810,505056,0.904
datasets/workout/yushuan0513workout/yushuan0513workout_whole_session_20260513_144737.csv,yushuan0513workout,db_triceps_curl,1,5,505060,505319,505056,505304,0.9278
datasets/workout/yushuan0513workout/yushuan0513workout_whole_session_20260513_144737.csv,yushuan0513workout,db_triceps_curl,1,6,505319,505548,505304,505555,0.9124
datasets/workout/yushuan0513workout/yushuan0513workout_whole_session_20260513_144737.csv,yushuan0513workout,db_triceps_curl,1,7,505548,505840,505555,505810,0.8733
datasets/workout/yushuan0513workout/yushuan0513workout_whole_session_20260513_144737.csv,yushuan0513workout,db_triceps_curl,1,8,505840,506196,505951,506104,0.4298
datasets/workout/yushuan0513workout/yushuan0513workout_whole_session_20260513_144737.csv,yushuan0513workout,db_triceps_curl,1,9,506196,506426,506324,506458,0.3893
datasets/workout/yushuan0513workout/yushuan0513workout_whole_session_20260513_144737.csv,yushuan0513workout,db_triceps_curl,1,10,506426,506682,506458,506655,0.7695
datasets/workout/yushuan0513workout/yushuan0513workout_whole_session_20260513_144737.csv,yushuan0513workout,db_triceps_curl,1,11,506682,506944,506798,506952,0.5407
datasets/workout/yushuan0513workout/yushuan0513workout_whole_session_20260513_144737.csv,yushuan0513workout,db_triceps_curl,1,12,506944,507262,506952,507095,0.4497
datasets/workout/yushuan0513workout/yushuan0513workout_whole_session_20260513_144737.csv,yushuan0513workout,db_triceps_curl,2,0,514473,514722,514530,514569,0.1566
datasets/workout/yushuan0513workout/yushuan0513workout_whole_session_20260513_144737.csv,yushuan0513workout,db_triceps_curl,2,1,514722,514945,514858,514928,0.3139
datasets/workout/yushuan0513workout/yushuan0513workout_whole_session_20260513_144737.csv,yushuan0513workout,db_triceps_curl,2,2,514945,515249,514928,515000,0.1713
datasets/workout/yushuan0513workout/yushuan0513workout_whole_session_20260513_144737.csv,yushuan0513workout,db_triceps_curl,2,3,515249,515527,515288,515340,0.1871
datasets/workout/yushuan0513workout/yushuan0513workout_whole_session_20260513_144737.csv,yushuan0513workout,db_triceps_curl,2,4,515527,515862,515542,515588,0.1373
datasets/workout/yushuan0513workout/yushuan0513workout_whole_session_20260513_144737.csv,yushuan0513workout,db_triceps_curl,2,5,515862,516182,515918,515978,0.1875
datasets/workout/yushuan0513workout/yushuan0513workout_whole_session_20260513_144737.csv,yushuan0513workout,db_triceps_curl,2,6,516182,516466,516204,516248,0.1549
datasets/workout/yushuan0513workout/yushuan0513workout_whole_session_20260513_144737.csv,yushuan0513workout,db_triceps_curl,2,7,516466,516776,516511,516564,0.171
datasets/workout/yushuan0513workout/yushuan0513workout_whole_session_20260513_144737.csv,yushuan0513workout,db_triceps_curl,2,8,516776,517037,516793,516852,0.2261
datasets/workout/yushuan0513workout/yushuan0513workout_whole_session_20260513_144737.csv,yushuan0513workout,db_triceps_curl,2,9,517037,517320,517118,517174,0.1979
datasets/workout/yushuan0513workout/yushuan0513workout_whole_session_20260513_144737.csv,yushuan0513workout,db_triceps_curl,2,10,517320,517567,517508,517560,0.2105
datasets/workout/yushuan0513workout/yushuan0513workout_whole_session_20260513_144737.csv,yushuan0513workout,db_triceps_curl,2,11,517567,517882,517560,517632,0.2019
datasets/workout/yushuan0513workout/yushuan0513workout_whole_session_20260513_144737.csv,yushuan0513workout,db_squat,0,0,537595,537874,537519,537991,0.5911
datasets/workout/yushuan0513workout/yushuan0513workout_whole_session_20260513_144737.csv,yushuan0513workout,db_squat,0,1,537874,538194,537991,538315,0.4603
datasets/workout/yushuan0513workout/yushuan0513workout_whole_session_20260513_144737.csv,yushuan0513workout,db_squat,0,2,538194,538551,538315,538560,0.6448
datasets/workout/yushuan0513workout/yushuan0513workout_whole_session_20260513_144737.csv,yushuan0513workout,db_squat,0,3,538551,538843,538560,538718,0.5411
datasets/workout/yushuan0513workout/yushuan0513workout_whole_session_20260513_144737.csv,yushuan0513workout,db_squat,0,4,538843,539145,538957,539179,0.5595
datasets/workout/yushuan0513workout/yushuan0513workout_whole_session_20260513_144737.csv,yushuan0513workout,db_squat,0,5,539145,539465,539179,539335,0.4875
datasets/workout/yushuan0513workout/yushuan0513workout_whole_session_20260513_144737.csv,yushuan0513workout,db_squat,0,6,539465,539824,539567,539749,0.507
datasets/workout/yushuan0513workout/yushuan0513workout_whole_session_20260513_144737.csv,yushuan0513workout,db_squat,0,7,539824,540177,539959,540201,0.5782
datasets/workout/yushuan0513workout/yushuan0513workout_whole_session_20260513_144737.csv,yushuan0513workout,db_squat,0,8,540177,540485,540371,540535,0.3184
datasets/workout/yushuan0513workout/yushuan0513workout_whole_session_20260513_144737.csv,yushuan0513workout,db_squat,0,9,540485,540829,540535,540712,0.5145
datasets/workout/yushuan0513workout/yushuan0513workout_whole_session_20260513_144737.csv,yushuan0513workout,db_squat,0,10,540829,541159,540955,541218,0.5244
datasets/workout/yushuan0513workout/yushuan0513workout_whole_session_20260513_144737.csv,yushuan0513workout,db_squat,0,11,541159,541473,541218,541379,0.5127
datasets/workout/yushuan0513workout/yushuan0513workout_whole_session_20260513_144737.csv,yushuan0513workout,db_squat,1,0,548391,548700,548601,548703,0.3173
datasets/workout/yushuan0513workout/yushuan0513workout_whole_session_20260513_144737.csv,yushuan0513workout,db_squat,1,1,548700,548997,548835,548968,0.4478
datasets/workout/yushuan0513workout/yushuan0513workout_whole_session_20260513_144737.csv,yushuan0513workout,db_squat,1,2,548997,549324,549177,549287,0.3364
datasets/workout/yushuan0513workout/yushuan0513workout_whole_session_20260513_144737.csv,yushuan0513workout,db_squat,1,3,549324,549683,549575,549703,0.285
datasets/workout/yushuan0513workout/yushuan0513workout_whole_session_20260513_144737.csv,yushuan0513workout,db_squat,1,4,549683,550030,549877,549985,0.3112
datasets/workout/yushuan0513workout/yushuan0513workout_whole_session_20260513_144737.csv,yushuan0513workout,db_squat,1,5,550030,550359,550233,550365,0.3761
datasets/workout/yushuan0513workout/yushuan0513workout_whole_session_20260513_144737.csv,yushuan0513workout,db_squat,1,6,550359,550707,550473,550653,0.5172
datasets/workout/yushuan0513workout/yushuan0513workout_whole_session_20260513_144737.csv,yushuan0513workout,db_squat,1,7,550707,551064,550653,550813,0.2579
datasets/workout/yushuan0513workout/yushuan0513workout_whole_session_20260513_144737.csv,yushuan0513workout,db_squat,1,8,551064,551407,551273,551396,0.3586
datasets/workout/yushuan0513workout/yushuan0513workout_whole_session_20260513_144737.csv,yushuan0513workout,db_squat,1,9,551407,551851,551556,551732,0.3964
datasets/workout/yushuan0513workout/yushuan0513workout_whole_session_20260513_144737.csv,yushuan0513workout,db_squat,1,10,551851,552150,551973,552093,0.4013
datasets/workout/yushuan0513workout/yushuan0513workout_whole_session_20260513_144737.csv,yushuan0513workout,db_squat,1,11,552150,552435,552265,552487,0.5045
datasets/workout/yushuan0513workout/yushuan0513workout_whole_session_20260513_144737.csv,yushuan0513workout,db_squat,2,0,558610,558906,558673,558727,0.1824
datasets/workout/yushuan0513workout/yushuan0513workout_whole_session_20260513_144737.csv,yushuan0513workout,db_squat,2,1,558906,559253,558925,558977,0.1499
datasets/workout/yushuan0513workout/yushuan0513workout_whole_session_20260513_144737.csv,yushuan0513workout,db_squat,2,2,559253,559581,559300,559389,0.2713
datasets/workout/yushuan0513workout/yushuan0513workout_whole_session_20260513_144737.csv,yushuan0513workout,db_squat,2,3,559581,559910,559643,559741,0.2979
datasets/workout/yushuan0513workout/yushuan0513workout_whole_session_20260513_144737.csv,yushuan0513workout,db_squat,2,4,559910,560235,560113,560245,0.3642
datasets/workout/yushuan0513workout/yushuan0513workout_whole_session_20260513_144737.csv,yushuan0513workout,db_squat,2,5,560235,560577,560245,560313,0.1988
datasets/workout/yushuan0513workout/yushuan0513workout_whole_session_20260513_144737.csv,yushuan0513workout,db_squat,2,6,560577,560949,560598,560669,0.1909
datasets/workout/yushuan0513workout/yushuan0513workout_whole_session_20260513_144737.csv,yushuan0513workout,db_squat,2,7,560949,561274,561193,561277,0.247
datasets/workout/yushuan0513workout/yushuan0513workout_whole_session_20260513_144737.csv,yushuan0513workout,db_squat,2,8,561274,561630,561277,561355,0.2191
datasets/workout/yushuan0513workout/yushuan0513workout_whole_session_20260513_144737.csv,yushuan0513workout,db_squat,2,9,561630,561988,561859,561921,0.1732
datasets/workout/yushuan0513workout/yushuan0513workout_whole_session_20260513_144737.csv,yushuan0513workout,db_squat,2,10,561988,562336,562273,562349,0.1745
datasets/workout/yushuan0513workout/yushuan0513workout_whole_session_20260513_144737.csv,yushuan0513workout,db_squat,2,11,562336,562683,562349,562417,0.196
datasets/workout/ziho0512workout/ziho0512workout_whole_session_20260512_204157.csv,ziho0512workout,db_bench_press,0,0,118,528,244,370,0.3073
datasets/workout/ziho0512workout/ziho0512workout_whole_session_20260512_204157.csv,ziho0512workout,db_bench_press,0,1,528,812,631,752,0.4261
datasets/workout/ziho0512workout/ziho0512workout_whole_session_20260512_204157.csv,ziho0512workout,db_bench_press,0,2,812,1062,873,987,0.456
datasets/workout/ziho0512workout/ziho0512workout_whole_session_20260512_204157.csv,ziho0512workout,db_bench_press,0,3,1062,1377,1232,1346,0.3619
datasets/workout/ziho0512workout/ziho0512workout_whole_session_20260512_204157.csv,ziho0512workout,db_bench_press,0,4,1377,1667,1476,1611,0.4655
datasets/workout/ziho0512workout/ziho0512workout_whole_session_20260512_204157.csv,ziho0512workout,db_bench_press,0,5,1667,1906,1714,1810,0.4017
datasets/workout/ziho0512workout/ziho0512workout_whole_session_20260512_204157.csv,ziho0512workout,db_bench_press,0,6,1906,2145,1935,2035,0.4184
datasets/workout/ziho0512workout/ziho0512workout_whole_session_20260512_204157.csv,ziho0512workout,db_bench_press,0,7,2145,2424,2235,2374,0.4982
datasets/workout/ziho0512workout/ziho0512workout_whole_session_20260512_204157.csv,ziho0512workout,db_bench_press,0,8,2424,2824,2546,2636,0.225
datasets/workout/ziho0512workout/ziho0512workout_whole_session_20260512_204157.csv,ziho0512workout,db_bench_press,0,9,2824,3724,2998,3126,0.1422
datasets/workout/ziho0512workout/ziho0512workout_whole_session_20260512_204157.csv,ziho0512workout,db_bench_press,1,0,9210,9466,9317,9433,0.4531
datasets/workout/ziho0512workout/ziho0512workout_whole_session_20260512_204157.csv,ziho0512workout,db_bench_press,1,1,9466,9803,9647,9763,0.3442
datasets/workout/ziho0512workout/ziho0512workout_whole_session_20260512_204157.csv,ziho0512workout,db_bench_press,1,2,9803,10105,9965,10061,0.3179
datasets/workout/ziho0512workout/ziho0512workout_whole_session_20260512_204157.csv,ziho0512workout,db_bench_press,1,3,10105,10401,10273,10399,0.4257
datasets/workout/ziho0512workout/ziho0512workout_whole_session_20260512_204157.csv,ziho0512workout,db_bench_press,1,4,10401,10686,10399,10547,0.5087
datasets/workout/ziho0512workout/ziho0512workout_whole_session_20260512_204157.csv,ziho0512workout,db_bench_press,1,5,10686,10991,10703,10849,0.4787
datasets/workout/ziho0512workout/ziho0512workout_whole_session_20260512_204157.csv,ziho0512workout,db_bench_press,1,6,10991,11272,11065,11151,0.306
datasets/workout/ziho0512workout/ziho0512workout_whole_session_20260512_204157.csv,ziho0512workout,db_bench_press,1,7,11272,11574,11314,11445,0.4338
datasets/workout/ziho0512workout/ziho0512workout_whole_session_20260512_204157.csv,ziho0512workout,db_bench_press,1,8,11574,11868,11731,11875,0.4551
datasets/workout/ziho0512workout/ziho0512workout_whole_session_20260512_204157.csv,ziho0512workout,db_bench_press,1,9,11868,12194,11875,12007,0.4049
datasets/workout/ziho0512workout/ziho0512workout_whole_session_20260512_204157.csv,ziho0512workout,db_bench_press,1,10,12194,12490,12344,12454,0.3716
datasets/workout/ziho0512workout/ziho0512workout_whole_session_20260512_204157.csv,ziho0512workout,db_bench_press,1,11,12490,12772,12599,12785,0.5864
datasets/workout/ziho0512workout/ziho0512workout_whole_session_20260512_204157.csv,ziho0512workout,db_bench_press,1,12,12772,13129,12785,12991,0.577
datasets/workout/ziho0512workout/ziho0512workout_whole_session_20260512_204157.csv,ziho0512workout,db_bench_press,1,13,13129,13420,13203,13347,0.4948
datasets/workout/ziho0512workout/ziho0512workout_whole_session_20260512_204157.csv,ziho0512workout,db_bench_press,2,0,21762,22008,21854,21961,0.435
datasets/workout/ziho0512workout/ziho0512workout_whole_session_20260512_204157.csv,ziho0512workout,db_bench_press,2,1,22008,22352,22241,22358,0.3171
datasets/workout/ziho0512workout/ziho0512workout_whole_session_20260512_204157.csv,ziho0512workout,db_bench_press,2,2,22352,22612,22448,22610,0.6231
datasets/workout/ziho0512workout/ziho0512workout_whole_session_20260512_204157.csv,ziho0512workout,db_bench_press,2,3,22612,22952,22610,22820,0.6082
datasets/workout/ziho0512workout/ziho0512workout_whole_session_20260512_204157.csv,ziho0512workout,db_bench_press,2,4,22952,23285,22983,23169,0.5586
datasets/workout/ziho0512workout/ziho0512workout_whole_session_20260512_204157.csv,ziho0512workout,db_bench_press,2,5,23285,23625,23332,23485,0.45
datasets/workout/ziho0512workout/ziho0512workout_whole_session_20260512_204157.csv,ziho0512workout,db_bench_press,2,6,23625,23918,23784,23883,0.3379
datasets/workout/ziho0512workout/ziho0512workout_whole_session_20260512_204157.csv,ziho0512workout,db_bench_press,2,7,23918,24258,24097,24186,0.2618
datasets/workout/ziho0512workout/ziho0512workout_whole_session_20260512_204157.csv,ziho0512workout,db_bench_press,2,8,24258,24637,24339,24480,0.372
datasets/workout/ziho0512workout/ziho0512workout_whole_session_20260512_204157.csv,ziho0512workout,db_bench_press,2,9,24637,24983,24814,24940,0.3642
datasets/workout/ziho0512workout/ziho0512workout_whole_session_20260512_204157.csv,ziho0512workout,db_bench_press,2,10,24983,25302,25064,25147,0.2602
datasets/workout/ziho0512workout/ziho0512workout_whole_session_20260512_204157.csv,ziho0512workout,db_bench_press,2,11,25302,25686,25372,25528,0.4062
datasets/workout/ziho0512workout/ziho0512workout_whole_session_20260512_204157.csv,ziho0512workout,db_bench_press,3,0,33400,33729,33184,34270,0.3029
datasets/workout/ziho0512workout/ziho0512workout_whole_session_20260512_204157.csv,ziho0512workout,db_bench_press,3,1,33729,34074,33184,34270,0.3177
datasets/workout/ziho0512workout/ziho0512workout_whole_session_20260512_204157.csv,ziho0512workout,db_bench_press,3,2,34074,34395,33184,34270,0.1618
datasets/workout/ziho0512workout/ziho0512workout_whole_session_20260512_204157.csv,ziho0512workout,db_bench_press,3,3,34395,34750,34270,35118,0.4186
datasets/workout/ziho0512workout/ziho0512workout_whole_session_20260512_204157.csv,ziho0512workout,db_bench_press,3,4,34750,35119,34270,35118,0.4335
datasets/workout/ziho0512workout/ziho0512workout_whole_session_20260512_204157.csv,ziho0512workout,db_bench_press,3,5,35119,35468,35118,37503,0.1463
datasets/workout/ziho0512workout/ziho0512workout_whole_session_20260512_204157.csv,ziho0512workout,db_bench_press,3,6,35468,35851,35118,37503,0.1606
datasets/workout/ziho0512workout/ziho0512workout_whole_session_20260512_204157.csv,ziho0512workout,db_bench_press,3,7,35851,36199,35118,37503,0.1459
datasets/workout/ziho0512workout/ziho0512workout_whole_session_20260512_204157.csv,ziho0512workout,db_bench_press,3,8,36199,36571,35118,37503,0.156
datasets/workout/ziho0512workout/ziho0512workout_whole_session_20260512_204157.csv,ziho0512workout,one_arm_db_row,0,0,62963,63251,63077,63217,0.4861
datasets/workout/ziho0512workout/ziho0512workout_whole_session_20260512_204157.csv,ziho0512workout,one_arm_db_row,0,1,63251,63560,63288,63389,0.3269
datasets/workout/ziho0512workout/ziho0512workout_whole_session_20260512_204157.csv,ziho0512workout,one_arm_db_row,0,2,63560,63893,63573,63747,0.5225
datasets/workout/ziho0512workout/ziho0512workout_whole_session_20260512_204157.csv,ziho0512workout,one_arm_db_row,0,3,63893,64235,63968,64099,0.383
datasets/workout/ziho0512workout/ziho0512workout_whole_session_20260512_204157.csv,ziho0512workout,one_arm_db_row,0,4,64235,64591,64315,64447,0.3708
datasets/workout/ziho0512workout/ziho0512workout_whole_session_20260512_204157.csv,ziho0512workout,one_arm_db_row,0,5,64591,64891,64647,64774,0.4233
datasets/workout/ziho0512workout/ziho0512workout_whole_session_20260512_204157.csv,ziho0512workout,one_arm_db_row,0,6,64891,65221,65073,65195,0.3697
datasets/workout/ziho0512workout/ziho0512workout_whole_session_20260512_204157.csv,ziho0512workout,one_arm_db_row,0,7,65221,65523,65390,65514,0.4106
datasets/workout/ziho0512workout/ziho0512workout_whole_session_20260512_204157.csv,ziho0512workout,one_arm_db_row,0,8,65523,65858,65514,65615,0.2674
datasets/workout/ziho0512workout/ziho0512workout_whole_session_20260512_204157.csv,ziho0512workout,one_arm_db_row,0,9,65858,66172,65933,66023,0.2866
datasets/workout/ziho0512workout/ziho0512workout_whole_session_20260512_204157.csv,ziho0512workout,one_arm_db_row,0,10,66172,66443,66249,66359,0.4059
datasets/workout/ziho0512workout/ziho0512workout_whole_session_20260512_204157.csv,ziho0512workout,one_arm_db_row,0,11,66443,66776,66621,66772,0.4535
datasets/workout/ziho0512workout/ziho0512workout_whole_session_20260512_204157.csv,ziho0512workout,one_arm_db_row,1,0,76930,77191,76954,77027,0.2797
datasets/workout/ziho0512workout/ziho0512workout_whole_session_20260512_204157.csv,ziho0512workout,one_arm_db_row,1,1,77191,77488,77226,77345,0.4007
datasets/workout/ziho0512workout/ziho0512workout_whole_session_20260512_204157.csv,ziho0512workout,one_arm_db_row,1,2,77488,77759,77574,77756,0.6716
datasets/workout/ziho0512workout/ziho0512workout_whole_session_20260512_204157.csv,ziho0512workout,one_arm_db_row,1,3,77759,78052,77756,77906,0.4966
datasets/workout/ziho0512workout/ziho0512workout_whole_session_20260512_204157.csv,ziho0512workout,one_arm_db_row,1,4,78052,78328,78158,78253,0.3442
datasets/workout/ziho0512workout/ziho0512workout_whole_session_20260512_204157.csv,ziho0512workout,one_arm_db_row,1,5,78328,78673,78488,78585,0.2812
datasets/workout/ziho0512workout/ziho0512workout_whole_session_20260512_204157.csv,ziho0512workout,one_arm_db_row,1,6,78673,78971,78856,78946,0.302
datasets/workout/ziho0512workout/ziho0512workout_whole_session_20260512_204157.csv,ziho0512workout,one_arm_db_row,1,7,78971,79252,79095,79263,0.5377
datasets/workout/ziho0512workout/ziho0512workout_whole_session_20260512_204157.csv,ziho0512workout,one_arm_db_row,1,8,79252,79545,79263,79374,0.3788
datasets/workout/ziho0512workout/ziho0512workout_whole_session_20260512_204157.csv,ziho0512workout,one_arm_db_row,1,9,79545,79840,79589,79682,0.3153
datasets/workout/ziho0512workout/ziho0512workout_whole_session_20260512_204157.csv,ziho0512workout,one_arm_db_row,1,10,79840,80141,79984,80121,0.4551
datasets/workout/ziho0512workout/ziho0512workout_whole_session_20260512_204157.csv,ziho0512workout,one_arm_db_row,1,11,80141,80408,80268,80400,0.4944
datasets/workout/ziho0512workout/ziho0512workout_whole_session_20260512_204157.csv,ziho0512workout,one_arm_db_row,2,0,89099,89373,89183,89276,0.3394
datasets/workout/ziho0512workout/ziho0512workout_whole_session_20260512_204157.csv,ziho0512workout,one_arm_db_row,2,1,89373,89677,89443,89539,0.3158
datasets/workout/ziho0512workout/ziho0512workout_whole_session_20260512_204157.csv,ziho0512workout,one_arm_db_row,2,2,89677,89995,89756,89845,0.2799
datasets/workout/ziho0512workout/ziho0512workout_whole_session_20260512_204157.csv,ziho0512workout,one_arm_db_row,2,3,89995,90297,90134,90277,0.4735
datasets/workout/ziho0512workout/ziho0512workout_whole_session_20260512_204157.csv,ziho0512workout,one_arm_db_row,2,4,90297,90582,90464,90557,0.3263
datasets/workout/ziho0512workout/ziho0512workout_whole_session_20260512_204157.csv,ziho0512workout,one_arm_db_row,2,5,90582,90875,90650,90732,0.2799
datasets/workout/ziho0512workout/ziho0512workout_whole_session_20260512_204157.csv,ziho0512workout,one_arm_db_row,2,6,90875,91133,90874,90952,0.2973
datasets/workout/ziho0512workout/ziho0512workout_whole_session_20260512_204157.csv,ziho0512workout,one_arm_db_row,2,7,91133,91415,91208,91311,0.3652
datasets/workout/ziho0512workout/ziho0512workout_whole_session_20260512_204157.csv,ziho0512workout,one_arm_db_row,2,8,91415,91700,91526,91636,0.386
datasets/workout/ziho0512workout/ziho0512workout_whole_session_20260512_204157.csv,ziho0512workout,one_arm_db_row,2,9,91700,91977,91856,91922,0.2383
datasets/workout/ziho0512workout/ziho0512workout_whole_session_20260512_204157.csv,ziho0512workout,one_arm_db_row,2,10,91977,92270,92164,92242,0.2662
datasets/workout/ziho0512workout/ziho0512workout_whole_session_20260512_204157.csv,ziho0512workout,one_arm_db_row,2,11,92270,92606,92362,92479,0.3482
datasets/workout/ziho0512workout/ziho0512workout_whole_session_20260512_204157.csv,ziho0512workout,db_rdl,0,0,165362,165756,165261,165619,0.5192
datasets/workout/ziho0512workout/ziho0512workout_whole_session_20260512_204157.csv,ziho0512workout,db_rdl,0,1,165756,166147,165937,166203,0.4698
datasets/workout/ziho0512workout/ziho0512workout_whole_session_20260512_204157.csv,ziho0512workout,db_rdl,0,2,166147,166476,166203,166395,0.5836
datasets/workout/ziho0512workout/ziho0512workout_whole_session_20260512_204157.csv,ziho0512workout,db_rdl,0,3,166476,166851,166513,166731,0.5813
datasets/workout/ziho0512workout/ziho0512workout_whole_session_20260512_204157.csv,ziho0512workout,db_rdl,0,4,166851,167187,166939,167069,0.3869
datasets/workout/ziho0512workout/ziho0512workout_whole_session_20260512_204157.csv,ziho0512workout,db_rdl,0,5,167187,167521,167341,167629,0.4072
datasets/workout/ziho0512workout/ziho0512workout_whole_session_20260512_204157.csv,ziho0512workout,db_rdl,0,6,167521,167871,167629,167759,0.3714
datasets/workout/ziho0512workout/ziho0512workout_whole_session_20260512_204157.csv,ziho0512workout,db_rdl,0,7,167871,168208,167877,168037,0.4748
datasets/workout/ziho0512workout/ziho0512workout_whole_session_20260512_204157.csv,ziho0512workout,db_rdl,0,8,168208,168542,168196,168395,0.5405
datasets/workout/ziho0512workout/ziho0512workout_whole_session_20260512_204157.csv,ziho0512workout,db_rdl,0,9,168542,168846,168656,168874,0.5723
datasets/workout/ziho0512workout/ziho0512workout_whole_session_20260512_204157.csv,ziho0512workout,db_rdl,0,10,168846,169124,168874,168997,0.4424
datasets/workout/ziho0512workout/ziho0512workout_whole_session_20260512_204157.csv,ziho0512workout,db_rdl,0,11,169124,169505,169249,169533,0.6259
datasets/workout/ziho0512workout/ziho0512workout_whole_session_20260512_204157.csv,ziho0512workout,db_rdl,1,0,182230,182532,182334,182422,0.2914
datasets/workout/ziho0512workout/ziho0512workout_whole_session_20260512_204157.csv,ziho0512workout,db_rdl,1,1,182532,182870,182701,182828,0.3757
datasets/workout/ziho0512workout/ziho0512workout_whole_session_20260512_204157.csv,ziho0512workout,db_rdl,2,0,184572,184745,184689,184723,0.1965
datasets/workout/ziho0512workout/ziho0512workout_whole_session_20260512_204157.csv,ziho0512workout,db_rdl,2,1,184745,185038,184791,184838,0.1604
datasets/workout/ziho0512workout/ziho0512workout_whole_session_20260512_204157.csv,ziho0512workout,db_rdl,2,2,185038,185311,185203,185239,0.1319
datasets/workout/ziho0512workout/ziho0512workout_whole_session_20260512_204157.csv,ziho0512workout,db_rdl,2,3,185311,185576,185324,185357,0.1245
datasets/workout/ziho0512workout/ziho0512workout_whole_session_20260512_204157.csv,ziho0512workout,db_rdl,2,4,185576,185937,185627,185672,0.1247
datasets/workout/ziho0512workout/ziho0512workout_whole_session_20260512_204157.csv,ziho0512workout,db_rdl,2,5,185937,186193,185961,186002,0.1602
datasets/workout/ziho0512workout/ziho0512workout_whole_session_20260512_204157.csv,ziho0512workout,db_rdl,2,6,186193,186450,186241,186271,0.1167
datasets/workout/ziho0512workout/ziho0512workout_whole_session_20260512_204157.csv,ziho0512workout,db_rdl,2,7,186450,186727,186575,186617,0.1516
datasets/workout/ziho0512workout/ziho0512workout_whole_session_20260512_204157.csv,ziho0512workout,db_rdl,2,8,186727,187077,186975,187016,0.1171
datasets/workout/ziho0512workout/ziho0512workout_whole_session_20260512_204157.csv,ziho0512workout,db_rdl,2,9,187077,187362,187284,187323,0.1368
datasets/workout/ziho0512workout/ziho0512workout_whole_session_20260512_204157.csv,ziho0512workout,db_rdl,2,10,187362,187614,187569,187602,0.131
datasets/workout/ziho0512workout/ziho0512workout_whole_session_20260512_204157.csv,ziho0512workout,db_rdl,2,11,187614,187948,187697,187735,0.1138
datasets/workout/ziho0512workout/ziho0512workout_whole_session_20260512_204157.csv,ziho0512workout,db_rdl,5,0,195795,196125,195858,195944,0.2606
datasets/workout/ziho0512workout/ziho0512workout_whole_session_20260512_204157.csv,ziho0512workout,db_rdl,5,1,196125,196444,196174,196242,0.2132
datasets/workout/ziho0512workout/ziho0512workout_whole_session_20260512_204157.csv,ziho0512workout,db_rdl,5,2,196444,196739,196476,196553,0.261
datasets/workout/ziho0512workout/ziho0512workout_whole_session_20260512_204157.csv,ziho0512workout,db_rdl,5,3,196739,197069,196946,197049,0.3121
datasets/workout/ziho0512workout/ziho0512workout_whole_session_20260512_204157.csv,ziho0512workout,db_rdl,5,4,197069,197379,197049,197146,0.2333
datasets/workout/ziho0512workout/ziho0512workout_whole_session_20260512_204157.csv,ziho0512workout,db_rdl,5,5,197379,197655,197441,197541,0.3623
datasets/workout/ziho0512workout/ziho0512workout_whole_session_20260512_204157.csv,ziho0512workout,db_rdl,5,6,197655,197949,197646,197734,0.2607
datasets/workout/ziho0512workout/ziho0512workout_whole_session_20260512_204157.csv,ziho0512workout,db_rdl,5,7,197949,198242,197957,198028,0.2423
datasets/workout/ziho0512workout/ziho0512workout_whole_session_20260512_204157.csv,ziho0512workout,db_rdl,5,8,198242,198503,198310,198414,0.3985
datasets/workout/ziho0512workout/ziho0512workout_whole_session_20260512_204157.csv,ziho0512workout,db_rdl,5,9,198503,198829,198630,198724,0.2883
datasets/workout/ziho0512workout/ziho0512workout_whole_session_20260512_204157.csv,ziho0512workout,db_rdl,5,10,198829,199121,198946,199012,0.226
datasets/workout/ziho0512workout/ziho0512workout_whole_session_20260512_204157.csv,ziho0512workout,db_rdl,5,11,199121,199442,199134,199206,0.2243
datasets/workout/ziho0512workout/ziho0512workout_whole_session_20260512_204157.csv,ziho0512workout,db_weighted_crunch,0,0,218748,219106,218760,218827,0.1872
datasets/workout/ziho0512workout/ziho0512workout_whole_session_20260512_204157.csv,ziho0512workout,db_weighted_crunch,0,1,219106,219555,219199,219281,0.1826
datasets/workout/ziho0512workout/ziho0512workout_whole_session_20260512_204157.csv,ziho0512workout,db_weighted_crunch,0,2,219555,219918,219795,219867,0.1983
datasets/workout/ziho0512workout/ziho0512workout_whole_session_20260512_204157.csv,ziho0512workout,db_weighted_crunch,0,3,219918,220332,220177,220258,0.1957
datasets/workout/ziho0512workout/ziho0512workout_whole_session_20260512_204157.csv,ziho0512workout,db_weighted_crunch,0,4,220332,220718,220421,220501,0.2073
datasets/workout/ziho0512workout/ziho0512workout_whole_session_20260512_204157.csv,ziho0512workout,db_weighted_crunch,0,5,220718,221114,220952,221000,0.1212
datasets/workout/ziho0512workout/ziho0512workout_whole_session_20260512_204157.csv,ziho0512workout,db_weighted_crunch,0,6,221114,221484,221183,221261,0.2108
datasets/workout/ziho0512workout/ziho0512workout_whole_session_20260512_204157.csv,ziho0512workout,db_weighted_crunch,0,7,221484,221897,221502,221579,0.1864
datasets/workout/ziho0512workout/ziho0512workout_whole_session_20260512_204157.csv,ziho0512workout,db_weighted_crunch,0,8,221897,222321,222196,222275,0.1863
datasets/workout/ziho0512workout/ziho0512workout_whole_session_20260512_204157.csv,ziho0512workout,db_weighted_crunch,0,9,222321,222692,222575,222645,0.1887
datasets/workout/ziho0512workout/ziho0512workout_whole_session_20260512_204157.csv,ziho0512workout,db_weighted_crunch,0,10,222692,223073,222964,223051,0.2283
datasets/workout/ziho0512workout/ziho0512workout_whole_session_20260512_204157.csv,ziho0512workout,db_weighted_crunch,0,11,223073,223451,223289,223380,0.2407
datasets/workout/ziho0512workout/ziho0512workout_whole_session_20260512_204157.csv,ziho0512workout,db_weighted_crunch,1,0,230471,230764,230614,230726,0.3823
datasets/workout/ziho0512workout/ziho0512workout_whole_session_20260512_204157.csv,ziho0512workout,db_weighted_crunch,1,1,230764,231151,230972,231099,0.3282
datasets/workout/ziho0512workout/ziho0512workout_whole_session_20260512_204157.csv,ziho0512workout,db_weighted_crunch,1,2,231151,231545,231418,231517,0.2513
datasets/workout/ziho0512workout/ziho0512workout_whole_session_20260512_204157.csv,ziho0512workout,db_weighted_crunch,1,3,231545,231964,231680,231809,0.3079
datasets/workout/ziho0512workout/ziho0512workout_whole_session_20260512_204157.csv,ziho0512workout,db_weighted_crunch,1,4,231964,232348,232101,232263,0.4219
datasets/workout/ziho0512workout/ziho0512workout_whole_session_20260512_204157.csv,ziho0512workout,db_weighted_crunch,1,5,232348,232701,232561,232635,0.2096
datasets/workout/ziho0512workout/ziho0512workout_whole_session_20260512_204157.csv,ziho0512workout,db_weighted_crunch,1,6,232701,233096,232908,233037,0.3266
datasets/workout/ziho0512workout/ziho0512workout_whole_session_20260512_204157.csv,ziho0512workout,db_weighted_crunch,1,7,233096,233466,233259,233385,0.3405
datasets/workout/ziho0512workout/ziho0512workout_whole_session_20260512_204157.csv,ziho0512workout,db_weighted_crunch,1,8,233466,233821,233607,233775,0.4732
datasets/workout/ziho0512workout/ziho0512workout_whole_session_20260512_204157.csv,ziho0512workout,db_weighted_crunch,1,9,233821,234203,233982,234119,0.3586
datasets/workout/ziho0512workout/ziho0512workout_whole_session_20260512_204157.csv,ziho0512workout,db_weighted_crunch,1,10,234203,234617,234408,234533,0.3019
datasets/workout/ziho0512workout/ziho0512workout_whole_session_20260512_204157.csv,ziho0512workout,db_weighted_crunch,1,11,234617,235067,234793,234957,0.3644
datasets/workout/ziho0512workout/ziho0512workout_whole_session_20260512_204157.csv,ziho0512workout,db_weighted_crunch,2,0,243909,244194,243677,244219,0.5258
datasets/workout/ziho0512workout/ziho0512workout_whole_session_20260512_204157.csv,ziho0512workout,db_weighted_crunch,2,1,244194,244550,244299,244475,0.4944
datasets/workout/ziho0512workout/ziho0512workout_whole_session_20260512_204157.csv,ziho0512workout,db_weighted_crunch,2,2,244550,244972,244687,244881,0.4597
datasets/workout/ziho0512workout/ziho0512workout_whole_session_20260512_204157.csv,ziho0512workout,db_weighted_crunch,2,3,244972,245381,245181,245303,0.2983
datasets/workout/ziho0512workout/ziho0512workout_whole_session_20260512_204157.csv,ziho0512workout,db_weighted_crunch,2,4,245381,245799,245303,245609,0.4597
datasets/workout/ziho0512workout/ziho0512workout_whole_session_20260512_204157.csv,ziho0512workout,db_weighted_crunch,2,5,245799,246160,245888,246107,0.6066
datasets/workout/ziho0512workout/ziho0512workout_whole_session_20260512_204157.csv,ziho0512workout,db_weighted_crunch,2,6,246160,246533,246282,246447,0.4424
datasets/workout/ziho0512workout/ziho0512workout_whole_session_20260512_204157.csv,ziho0512workout,db_weighted_crunch,2,7,246533,246925,246447,246755,0.4644
datasets/workout/ziho0512workout/ziho0512workout_whole_session_20260512_204157.csv,ziho0512workout,db_weighted_crunch,2,8,246925,247292,247062,247204,0.3869
datasets/workout/ziho0512workout/ziho0512workout_whole_session_20260512_204157.csv,ziho0512workout,db_weighted_crunch,2,9,247292,247712,247415,247621,0.4905
datasets/workout/ziho0512workout/ziho0512workout_whole_session_20260512_204157.csv,ziho0512workout,db_weighted_crunch,2,10,247712,248087,247809,248092,0.7316
datasets/workout/ziho0512workout/ziho0512workout_whole_session_20260512_204157.csv,ziho0512workout,db_weighted_crunch,2,11,248087,248527,248092,248414,0.7318
datasets/workout/ziho0512workout/ziho0512workout_whole_session_20260512_204157.csv,ziho0512workout,db_shoulder_press,0,0,281528,281913,281518,281747,0.5544
datasets/workout/ziho0512workout/ziho0512workout_whole_session_20260512_204157.csv,ziho0512workout,db_shoulder_press,0,1,281913,282279,281988,282136,0.4044
datasets/workout/ziho0512workout/ziho0512workout_whole_session_20260512_204157.csv,ziho0512workout,db_shoulder_press,0,2,282279,282665,282450,282617,0.4326
datasets/workout/ziho0512workout/ziho0512workout_whole_session_20260512_204157.csv,ziho0512workout,db_shoulder_press,0,3,282665,283039,282893,283048,0.3812
datasets/workout/ziho0512workout/ziho0512workout_whole_session_20260512_204157.csv,ziho0512workout,db_shoulder_press,0,4,283039,283433,283048,283310,0.665
datasets/workout/ziho0512workout/ziho0512workout_whole_session_20260512_204157.csv,ziho0512workout,db_shoulder_press,0,5,283433,283731,283310,283630,0.4679
datasets/workout/ziho0512workout/ziho0512workout_whole_session_20260512_204157.csv,ziho0512workout,db_shoulder_press,0,6,283731,284042,283630,283920,0.4587
datasets/workout/ziho0512workout/ziho0512workout_whole_session_20260512_204157.csv,ziho0512workout,db_shoulder_press,0,7,284042,284341,284184,284302,0.3946
datasets/workout/ziho0512workout/ziho0512workout_whole_session_20260512_204157.csv,ziho0512workout,db_shoulder_press,0,8,284341,284638,284393,284516,0.4141
datasets/workout/ziho0512workout/ziho0512workout_whole_session_20260512_204157.csv,ziho0512workout,db_shoulder_press,0,9,284638,284983,284850,284970,0.3478
datasets/workout/ziho0512workout/ziho0512workout_whole_session_20260512_204157.csv,ziho0512workout,db_shoulder_press,0,10,284983,285247,285068,285154,0.3258
datasets/workout/ziho0512workout/ziho0512workout_whole_session_20260512_204157.csv,ziho0512workout,db_shoulder_press,1,0,301737,301991,301659,302181,0.4866
datasets/workout/ziho0512workout/ziho0512workout_whole_session_20260512_204157.csv,ziho0512workout,db_shoulder_press,1,1,301991,302318,302181,302394,0.34
datasets/workout/ziho0512workout/ziho0512workout_whole_session_20260512_204157.csv,ziho0512workout,db_shoulder_press,1,2,302318,302653,302394,302589,0.5821
datasets/workout/ziho0512workout/ziho0512workout_whole_session_20260512_204157.csv,ziho0512workout,db_shoulder_press,1,3,302653,302881,302589,302825,0.589
datasets/workout/ziho0512workout/ziho0512workout_whole_session_20260512_204157.csv,ziho0512workout,db_shoulder_press,1,4,302881,303207,303072,303254,0.3619
datasets/workout/ziho0512workout/ziho0512workout_whole_session_20260512_204157.csv,ziho0512workout,db_shoulder_press,1,5,303207,303395,303254,303509,0.4669
datasets/workout/ziho0512workout/ziho0512workout_whole_session_20260512_204157.csv,ziho0512workout,db_shoulder_press,1,6,303395,303760,303509,303673,0.4493
datasets/workout/ziho0512workout/ziho0512workout_whole_session_20260512_204157.csv,ziho0512workout,db_shoulder_press,1,7,303760,304069,303869,304047,0.5761
datasets/workout/ziho0512workout/ziho0512workout_whole_session_20260512_204157.csv,ziho0512workout,db_shoulder_press,1,8,304069,304425,304176,304323,0.4129
datasets/workout/ziho0512workout/ziho0512workout_whole_session_20260512_204157.csv,ziho0512workout,db_shoulder_press,1,9,304425,304725,304462,304635,0.5767
datasets/workout/ziho0512workout/ziho0512workout_whole_session_20260512_204157.csv,ziho0512workout,db_shoulder_press,1,10,304725,304898,304806,304924,0.4623
datasets/workout/ziho0512workout/ziho0512workout_whole_session_20260512_204157.csv,ziho0512workout,db_shoulder_press,2,0,317667,317941,317649,317841,0.5959
datasets/workout/ziho0512workout/ziho0512workout_whole_session_20260512_204157.csv,ziho0512workout,db_shoulder_press,2,1,317941,318279,318046,318199,0.4527
datasets/workout/ziho0512workout/ziho0512workout_whole_session_20260512_204157.csv,ziho0512workout,db_shoulder_press,2,2,318279,318558,318315,318463,0.5305
datasets/workout/ziho0512workout/ziho0512workout_whole_session_20260512_204157.csv,ziho0512workout,db_shoulder_press,2,3,318558,318866,318612,318765,0.4968
datasets/workout/ziho0512workout/ziho0512workout_whole_session_20260512_204157.csv,ziho0512workout,db_shoulder_press,2,4,318866,319224,319031,319216,0.5168
datasets/workout/ziho0512workout/ziho0512workout_whole_session_20260512_204157.csv,ziho0512workout,db_shoulder_press,2,5,319224,319557,319309,319416,0.3213
datasets/workout/ziho0512workout/ziho0512workout_whole_session_20260512_204157.csv,ziho0512workout,db_shoulder_press,2,6,319557,319864,319645,319806,0.5244
datasets/workout/ziho0512workout/ziho0512workout_whole_session_20260512_204157.csv,ziho0512workout,db_shoulder_press,2,7,319864,320199,319861,320029,0.4882
datasets/workout/ziho0512workout/ziho0512workout_whole_session_20260512_204157.csv,ziho0512workout,db_shoulder_press,2,8,320199,320323,320029,320317,0.4014
datasets/workout/ziho0512workout/ziho0512workout_whole_session_20260512_204157.csv,ziho0512workout,db_biceps_curl,0,0,339943,340323,339959,340227,0.7053
datasets/workout/ziho0512workout/ziho0512workout_whole_session_20260512_204157.csv,ziho0512workout,db_biceps_curl,0,1,340323,340706,340227,340602,0.5825
datasets/workout/ziho0512workout/ziho0512workout_whole_session_20260512_204157.csv,ziho0512workout,db_biceps_curl,0,2,340706,341066,340602,340971,0.5711
datasets/workout/ziho0512workout/ziho0512workout_whole_session_20260512_204157.csv,ziho0512workout,db_biceps_curl,0,3,341066,341394,340971,341311,0.5792
datasets/workout/ziho0512workout/ziho0512workout_whole_session_20260512_204157.csv,ziho0512workout,db_biceps_curl,0,4,341394,341688,341311,341629,0.6233
datasets/workout/ziho0512workout/ziho0512workout_whole_session_20260512_204157.csv,ziho0512workout,db_biceps_curl,0,5,341688,342042,341629,341954,0.6441
datasets/workout/ziho0512workout/ziho0512workout_whole_session_20260512_204157.csv,ziho0512workout,db_biceps_curl,0,6,342042,342386,342247,342401,0.3872
datasets/workout/ziho0512workout/ziho0512workout_whole_session_20260512_204157.csv,ziho0512workout,db_biceps_curl,0,7,342386,342750,342401,342673,0.7473
datasets/workout/ziho0512workout/ziho0512workout_whole_session_20260512_204157.csv,ziho0512workout,db_biceps_curl,0,8,342750,343171,342673,343085,0.6727
datasets/workout/ziho0512workout/ziho0512workout_whole_session_20260512_204157.csv,ziho0512workout,db_biceps_curl,0,9,343171,343540,343085,343481,0.6813
datasets/workout/ziho0512workout/ziho0512workout_whole_session_20260512_204157.csv,ziho0512workout,db_biceps_curl,0,10,343540,343935,343481,343843,0.6674
datasets/workout/ziho0512workout/ziho0512workout_whole_session_20260512_204157.csv,ziho0512workout,db_biceps_curl,0,11,343935,344330,343843,344197,0.538
datasets/workout/ziho0512workout/ziho0512workout_whole_session_20260512_204157.csv,ziho0512workout,db_biceps_curl,1,0,352875,353255,352854,352968,0.2319
datasets/workout/ziho0512workout/ziho0512workout_whole_session_20260512_204157.csv,ziho0512workout,db_biceps_curl,1,1,353255,353568,353356,353446,0.2875
datasets/workout/ziho0512workout/ziho0512workout_whole_session_20260512_204157.csv,ziho0512workout,db_biceps_curl,1,2,353568,353972,353638,353724,0.2129
datasets/workout/ziho0512workout/ziho0512workout_whole_session_20260512_204157.csv,ziho0512workout,db_biceps_curl,1,3,353972,354373,354168,354264,0.2394
datasets/workout/ziho0512workout/ziho0512workout_whole_session_20260512_204157.csv,ziho0512workout,db_biceps_curl,1,4,354373,354741,354628,354742,0.3062
datasets/workout/ziho0512workout/ziho0512workout_whole_session_20260512_204157.csv,ziho0512workout,db_biceps_curl,1,5,354741,355152,354742,354829,0.2117
datasets/workout/ziho0512workout/ziho0512workout_whole_session_20260512_204157.csv,ziho0512workout,db_biceps_curl,1,6,355152,355491,355210,355302,0.2714
datasets/workout/ziho0512workout/ziho0512workout_whole_session_20260512_204157.csv,ziho0512workout,db_biceps_curl,1,7,355491,355881,355616,355733,0.3
datasets/workout/ziho0512workout/ziho0512workout_whole_session_20260512_204157.csv,ziho0512workout,db_biceps_curl,1,8,355881,356292,355947,356070,0.2993
datasets/workout/ziho0512workout/ziho0512workout_whole_session_20260512_204157.csv,ziho0512workout,db_biceps_curl,1,9,356292,356664,356394,356478,0.2258
datasets/workout/ziho0512workout/ziho0512workout_whole_session_20260512_204157.csv,ziho0512workout,db_biceps_curl,1,10,356664,357075,356852,356966,0.2774
datasets/workout/ziho0512workout/ziho0512workout_whole_session_20260512_204157.csv,ziho0512workout,db_biceps_curl,1,11,357075,357443,357148,357310,0.4402
datasets/workout/ziho0512workout/ziho0512workout_whole_session_20260512_204157.csv,ziho0512workout,db_biceps_curl,2,0,366969,367328,366966,367212,0.6713
datasets/workout/ziho0512workout/ziho0512workout_whole_session_20260512_204157.csv,ziho0512workout,db_biceps_curl,2,1,367328,367693,367212,367577,0.5177
datasets/workout/ziho0512workout/ziho0512workout_whole_session_20260512_204157.csv,ziho0512workout,db_biceps_curl,2,2,367693,368021,367577,367931,0.536
datasets/workout/ziho0512workout/ziho0512workout_whole_session_20260512_204157.csv,ziho0512workout,db_biceps_curl,2,3,368021,368387,368234,368388,0.4169
datasets/workout/ziho0512workout/ziho0512workout_whole_session_20260512_204157.csv,ziho0512workout,db_biceps_curl,2,4,368387,368696,368530,368706,0.5204
datasets/workout/ziho0512workout/ziho0512workout_whole_session_20260512_204157.csv,ziho0512workout,db_biceps_curl,2,5,368696,369104,368706,369014,0.7549
datasets/workout/ziho0512workout/ziho0512workout_whole_session_20260512_204157.csv,ziho0512workout,db_biceps_curl,2,6,369104,369496,369220,369420,0.5102
datasets/workout/ziho0512workout/ziho0512workout_whole_session_20260512_204157.csv,ziho0512workout,db_biceps_curl,2,7,369496,369874,369655,369838,0.4841
datasets/workout/ziho0512workout/ziho0512workout_whole_session_20260512_204157.csv,ziho0512workout,db_biceps_curl,2,8,369874,370215,369838,370140,0.7056
datasets/workout/ziho0512workout/ziho0512workout_whole_session_20260512_204157.csv,ziho0512workout,db_biceps_curl,2,9,370215,370571,370140,370484,0.6241
datasets/workout/ziho0512workout/ziho0512workout_whole_session_20260512_204157.csv,ziho0512workout,db_biceps_curl,2,10,370571,370944,370484,370826,0.5543
datasets/workout/ziho0512workout/ziho0512workout_whole_session_20260512_204157.csv,ziho0512workout,db_biceps_curl,2,11,370944,371251,370826,371162,0.5129
datasets/workout/ziho0512workout/ziho0512workout_whole_session_20260512_204157.csv,ziho0512workout,db_triceps_curl,0,0,399360,399649,399461,399648,0.6471
datasets/workout/ziho0512workout/ziho0512workout_whole_session_20260512_204157.csv,ziho0512workout,db_triceps_curl,0,1,399649,399956,399648,399955,0.9935
datasets/workout/ziho0512workout/ziho0512workout_whole_session_20260512_204157.csv,ziho0512workout,db_triceps_curl,0,2,399956,400331,399955,400232,0.734
datasets/workout/ziho0512workout/ziho0512workout_whole_session_20260512_204157.csv,ziho0512workout,db_triceps_curl,0,3,400331,400666,400485,400674,0.5277
datasets/workout/ziho0512workout/ziho0512workout_whole_session_20260512_204157.csv,ziho0512workout,db_triceps_curl,0,4,400666,400986,400674,400832,0.4938
datasets/workout/ziho0512workout/ziho0512workout_whole_session_20260512_204157.csv,ziho0512workout,db_triceps_curl,0,5,400986,401369,401148,401300,0.3969
datasets/workout/ziho0512workout/ziho0512workout_whole_session_20260512_204157.csv,ziho0512workout,db_triceps_curl,0,6,401369,401738,401522,401628,0.2873
datasets/workout/ziho0512workout/ziho0512workout_whole_session_20260512_204157.csv,ziho0512workout,db_triceps_curl,0,7,401738,402065,401780,401944,0.5015
datasets/workout/ziho0512workout/ziho0512workout_whole_session_20260512_204157.csv,ziho0512workout,db_triceps_curl,0,8,402065,402387,402100,402290,0.5901
datasets/workout/ziho0512workout/ziho0512workout_whole_session_20260512_204157.csv,ziho0512workout,db_triceps_curl,0,9,402387,402718,402514,402678,0.4955
datasets/workout/ziho0512workout/ziho0512workout_whole_session_20260512_204157.csv,ziho0512workout,db_triceps_curl,0,10,402718,403011,402844,403008,0.5597
datasets/workout/ziho0512workout/ziho0512workout_whole_session_20260512_204157.csv,ziho0512workout,db_triceps_curl,0,11,403011,403366,403008,403325,0.8771
datasets/workout/ziho0512workout/ziho0512workout_whole_session_20260512_204157.csv,ziho0512workout,db_triceps_curl,1,0,415560,415807,415408,415702,0.3559
datasets/workout/ziho0512workout/ziho0512workout_whole_session_20260512_204157.csv,ziho0512workout,db_triceps_curl,1,1,415807,416117,415893,416136,0.6809
datasets/workout/ziho0512workout/ziho0512workout_whole_session_20260512_204157.csv,ziho0512workout,db_triceps_curl,1,2,416117,416465,416136,416304,0.4828
datasets/workout/ziho0512workout/ziho0512workout_whole_session_20260512_204157.csv,ziho0512workout,db_triceps_curl,1,3,416465,416887,416491,416818,0.7749
datasets/workout/ziho0512workout/ziho0512workout_whole_session_20260512_204157.csv,ziho0512workout,db_triceps_curl,1,4,416887,417193,416818,417150,0.7013
datasets/workout/ziho0512workout/ziho0512workout_whole_session_20260512_204157.csv,ziho0512workout,db_triceps_curl,1,5,417193,417522,417150,417489,0.7957
datasets/workout/ziho0512workout/ziho0512workout_whole_session_20260512_204157.csv,ziho0512workout,db_triceps_curl,1,6,417522,417876,417489,417854,0.8579
datasets/workout/ziho0512workout/ziho0512workout_whole_session_20260512_204157.csv,ziho0512workout,db_triceps_curl,1,7,417876,418308,417854,418256,0.837
datasets/workout/ziho0512workout/ziho0512workout_whole_session_20260512_204157.csv,ziho0512workout,db_triceps_curl,1,8,418308,418678,418256,418658,0.8294
datasets/workout/ziho0512workout/ziho0512workout_whole_session_20260512_204157.csv,ziho0512workout,db_triceps_curl,1,9,418678,419037,418658,418874,0.5172
datasets/workout/ziho0512workout/ziho0512workout_whole_session_20260512_204157.csv,ziho0512workout,db_triceps_curl,1,10,419037,419409,419048,419400,0.9462
datasets/workout/ziho0512workout/ziho0512workout_whole_session_20260512_204157.csv,ziho0512workout,db_triceps_curl,1,11,419409,419850,419400,419684,0.6111
datasets/workout/ziho0512workout/ziho0512workout_whole_session_20260512_204157.csv,ziho0512workout,db_triceps_curl,2,0,427625,427873,427624,427701,0.3052
datasets/workout/ziho0512workout/ziho0512workout_whole_session_20260512_204157.csv,ziho0512workout,db_triceps_curl,2,1,427873,428158,427889,427987,0.3439
datasets/workout/ziho0512workout/ziho0512workout_whole_session_20260512_204157.csv,ziho0512workout,db_triceps_curl,2,2,428158,428451,428358,428475,0.2934
datasets/workout/ziho0512workout/ziho0512workout_whole_session_20260512_204157.csv,ziho0512workout,db_triceps_curl,2,3,428451,428735,428475,428569,0.331
datasets/workout/ziho0512workout/ziho0512workout_whole_session_20260512_204157.csv,ziho0512workout,db_triceps_curl,2,4,428735,429091,428755,428834,0.2219
datasets/workout/ziho0512workout/ziho0512workout_whole_session_20260512_204157.csv,ziho0512workout,db_triceps_curl,2,5,429091,429344,429093,429225,0.5217
datasets/workout/ziho0512workout/ziho0512workout_whole_session_20260512_204157.csv,ziho0512workout,db_triceps_curl,2,6,429344,429660,429387,429495,0.3418
datasets/workout/ziho0512workout/ziho0512workout_whole_session_20260512_204157.csv,ziho0512workout,db_triceps_curl,2,7,429660,429996,429917,430007,0.2277
datasets/workout/ziho0512workout/ziho0512workout_whole_session_20260512_204157.csv,ziho0512workout,db_triceps_curl,2,8,429996,430308,430175,430253,0.25
datasets/workout/ziho0512workout/ziho0512workout_whole_session_20260512_204157.csv,ziho0512workout,db_triceps_curl,2,9,430308,430626,430449,430557,0.3396
datasets/workout/ziho0512workout/ziho0512workout_whole_session_20260512_204157.csv,ziho0512workout,db_triceps_curl,2,10,430626,430979,430769,430863,0.2663
datasets/workout/ziho0512workout/ziho0512workout_whole_session_20260512_204157.csv,ziho0512workout,db_triceps_curl,2,11,430979,431357,431075,431197,0.3228
datasets/workout/ziho0512workout/ziho0512workout_whole_session_20260512_204157.csv,ziho0512workout,db_squat,0,0,466586,466843,466631,466751,0.4669
datasets/workout/ziho0512workout/ziho0512workout_whole_session_20260512_204157.csv,ziho0512workout,db_squat,0,1,466843,467200,466981,467164,0.5126
datasets/workout/ziho0512workout/ziho0512workout_whole_session_20260512_204157.csv,ziho0512workout,db_squat,0,2,467200,467539,467386,467547,0.4409
datasets/workout/ziho0512workout/ziho0512workout_whole_session_20260512_204157.csv,ziho0512workout,db_squat,0,3,467539,467953,467547,467737,0.4589
datasets/workout/ziho0512workout/ziho0512workout_whole_session_20260512_204157.csv,ziho0512workout,db_squat,0,4,467953,468366,467992,468147,0.3753
datasets/workout/ziho0512workout/ziho0512workout_whole_session_20260512_204157.csv,ziho0512workout,db_squat,0,5,468366,468702,468521,468677,0.4643
datasets/workout/ziho0512workout/ziho0512workout_whole_session_20260512_204157.csv,ziho0512workout,db_squat,0,6,468702,468996,468677,468823,0.3793
datasets/workout/ziho0512workout/ziho0512workout_whole_session_20260512_204157.csv,ziho0512workout,db_squat,0,7,468996,469373,469099,469279,0.4775
datasets/workout/ziho0512workout/ziho0512workout_whole_session_20260512_204157.csv,ziho0512workout,db_squat,0,8,469373,469719,469416,469521,0.3035
datasets/workout/ziho0512workout/ziho0512workout_whole_session_20260512_204157.csv,ziho0512workout,db_squat,0,9,469719,470018,469790,469978,0.6288
datasets/workout/ziho0512workout/ziho0512workout_whole_session_20260512_204157.csv,ziho0512workout,db_squat,0,10,470018,470316,469978,470169,0.4467
datasets/workout/ziho0512workout/ziho0512workout_whole_session_20260512_204157.csv,ziho0512workout,db_squat,0,11,470316,470440,470367,470515,0.3668
datasets/workout/ziho0512workout/ziho0512workout_whole_session_20260512_204157.csv,ziho0512workout,db_squat,1,0,479026,479285,478908,484326,0.0478
datasets/workout/ziho0512workout/ziho0512workout_whole_session_20260512_204157.csv,ziho0512workout,db_squat,1,1,479285,479617,478908,484326,0.0613
datasets/workout/ziho0512workout/ziho0512workout_whole_session_20260512_204157.csv,ziho0512workout,db_squat,1,2,479617,479934,478908,484326,0.0585
datasets/workout/ziho0512workout/ziho0512workout_whole_session_20260512_204157.csv,ziho0512workout,db_squat,1,3,479934,480192,478908,484326,0.0476
datasets/workout/ziho0512workout/ziho0512workout_whole_session_20260512_204157.csv,ziho0512workout,db_squat,1,4,480192,480501,478908,484326,0.057
datasets/workout/ziho0512workout/ziho0512workout_whole_session_20260512_204157.csv,ziho0512workout,db_squat,1,5,480501,480814,478908,484326,0.0578
datasets/workout/ziho0512workout/ziho0512workout_whole_session_20260512_204157.csv,ziho0512workout,db_squat,1,6,480814,481154,478908,484326,0.0628
datasets/workout/ziho0512workout/ziho0512workout_whole_session_20260512_204157.csv,ziho0512workout,db_squat,1,7,481154,481466,478908,484326,0.0576
datasets/workout/ziho0512workout/ziho0512workout_whole_session_20260512_204157.csv,ziho0512workout,db_squat,1,8,481466,481782,478908,484326,0.0583
datasets/workout/ziho0512workout/ziho0512workout_whole_session_20260512_204157.csv,ziho0512workout,db_squat,1,9,481782,482102,478908,484326,0.0591
datasets/workout/ziho0512workout/ziho0512workout_whole_session_20260512_204157.csv,ziho0512workout,db_squat,1,10,482102,482511,478908,484326,0.0755
datasets/workout/ziho0512workout/ziho0512workout_whole_session_20260512_204157.csv,ziho0512workout,db_squat,1,11,482511,482799,478908,484326,0.0532
datasets/workout/ziho0512workout/ziho0512workout_whole_session_20260512_204157.csv,ziho0512workout,db_squat,2,0,492489,492750,492365,493569,0.2168
datasets/workout/ziho0512workout/ziho0512workout_whole_session_20260512_204157.csv,ziho0512workout,db_squat,2,1,492750,493096,492365,493569,0.2874
datasets/workout/ziho0512workout/ziho0512workout_whole_session_20260512_204157.csv,ziho0512workout,db_squat,2,2,493096,493369,492365,493569,0.2267
datasets/workout/ziho0512workout/ziho0512workout_whole_session_20260512_204157.csv,ziho0512workout,db_squat,2,3,493369,493678,492365,493569,0.1523
datasets/workout/ziho0512workout/ziho0512workout_whole_session_20260512_204157.csv,ziho0512workout,db_squat,2,4,493678,494014,493569,494621,0.3194
datasets/workout/ziho0512workout/ziho0512workout_whole_session_20260512_204157.csv,ziho0512workout,db_squat,2,5,494014,494384,493569,494621,0.3517
datasets/workout/ziho0512workout/ziho0512workout_whole_session_20260512_204157.csv,ziho0512workout,db_squat,2,6,494384,494690,493569,494621,0.2114
datasets/workout/ziho0512workout/ziho0512workout_whole_session_20260512_204157.csv,ziho0512workout,db_squat,2,7,494690,494992,494621,496043,0.2124
datasets/workout/ziho0512workout/ziho0512workout_whole_session_20260512_204157.csv,ziho0512workout,db_squat,2,8,494992,495306,494621,496043,0.2208
datasets/workout/ziho0512workout/ziho0512workout_whole_session_20260512_204157.csv,ziho0512workout,db_squat,2,9,495306,495625,494621,496043,0.2243
datasets/workout/ziho0512workout/ziho0512workout_whole_session_20260512_204157.csv,ziho0512workout,db_squat,2,10,495625,495964,494621,496043,0.2384
datasets/workout/ziho0512workout/ziho0512workout_whole_session_20260512_204157.csv,ziho0512workout,db_squat,2,11,495964,496324,496043,496727,0.3683
