file,subject,exercise_hint,start,end,samples,best_true_iou
datasets/workout/haoyu0512workout/haoyu0512workout_whole_session_20260512_165723.csv,haoyu0512workout,db_bench_press,359,836,477,0.6457
datasets/workout/haoyu0512workout/haoyu0512workout_whole_session_20260512_165723.csv,haoyu0512workout,db_bench_press,836,1181,345,0.4981
datasets/workout/haoyu0512workout/haoyu0512workout_whole_session_20260512_165723.csv,haoyu0512workout,db_bench_press,1181,1519,338,0.7207
datasets/workout/haoyu0512workout/haoyu0512workout_whole_session_20260512_165723.csv,haoyu0512workout,db_bench_press,1519,2004,485,0.7814
datasets/workout/haoyu0512workout/haoyu0512workout_whole_session_20260512_165723.csv,haoyu0512workout,db_bench_press,2004,2399,395,0.8078
datasets/workout/haoyu0512workout/haoyu0512workout_whole_session_20260512_165723.csv,haoyu0512workout,db_bench_press,2399,3102,703,0.4936
datasets/workout/haoyu0512workout/haoyu0512workout_whole_session_20260512_165723.csv,haoyu0512workout,db_bench_press,3102,3868,766,0.6488
datasets/workout/haoyu0512workout/haoyu0512workout_whole_session_20260512_165723.csv,haoyu0512workout,db_bench_press,3868,4254,386,0.489
datasets/workout/haoyu0512workout/haoyu0512workout_whole_session_20260512_165723.csv,haoyu0512workout,db_bench_press,4254,4676,422,0.6092
datasets/workout/haoyu0512workout/haoyu0512workout_whole_session_20260512_165723.csv,haoyu0512workout,db_bench_press,4676,5150,474,0.7324
datasets/workout/haoyu0512workout/haoyu0512workout_whole_session_20260512_165723.csv,haoyu0512workout,db_bench_press,5150,5506,356,0.2405
datasets/workout/haoyu0512workout/haoyu0512workout_whole_session_20260512_165723.csv,haoyu0512workout,db_bench_press,5506,5713,207,0.1399
datasets/workout/haoyu0512workout/haoyu0512workout_whole_session_20260512_165723.csv,haoyu0512workout,db_bench_press,5713,5885,172,0.1162
datasets/workout/haoyu0512workout/haoyu0512workout_whole_session_20260512_165723.csv,haoyu0512workout,db_bench_press,5885,6000,115,0.0777
datasets/workout/haoyu0512workout/haoyu0512workout_whole_session_20260512_165723.csv,haoyu0512workout,db_bench_press,6000,6111,111,0.075
datasets/workout/haoyu0512workout/haoyu0512workout_whole_session_20260512_165723.csv,haoyu0512workout,db_bench_press,6111,6561,450,0.3041
datasets/workout/haoyu0512workout/haoyu0512workout_whole_session_20260512_165723.csv,haoyu0512workout,db_bench_press,17152,19021,1869,1.0
datasets/workout/haoyu0512workout/haoyu0512workout_whole_session_20260512_165723.csv,haoyu0512workout,db_bench_press,19964,20630,666,0.7087
datasets/workout/haoyu0512workout/haoyu0512workout_whole_session_20260512_165723.csv,haoyu0512workout,db_bench_press,20630,20955,325,0.2871
datasets/workout/haoyu0512workout/haoyu0512workout_whole_session_20260512_165723.csv,haoyu0512workout,db_bench_press,20955,21372,417,0.511
datasets/workout/haoyu0512workout/haoyu0512workout_whole_session_20260512_165723.csv,haoyu0512workout,db_bench_press,21372,21799,427,0.5527
datasets/workout/haoyu0512workout/haoyu0512workout_whole_session_20260512_165723.csv,haoyu0512workout,db_bench_press,21799,22361,562,0.3992
datasets/workout/haoyu0512workout/haoyu0512workout_whole_session_20260512_165723.csv,haoyu0512workout,db_bench_press,22361,22658,297,0.2688
datasets/workout/haoyu0512workout/haoyu0512workout_whole_session_20260512_165723.csv,haoyu0512workout,db_bench_press,22658,23165,507,0.4637
datasets/workout/haoyu0512workout/haoyu0512workout_whole_session_20260512_165723.csv,haoyu0512workout,db_bench_press,23165,23672,507,0.423
datasets/workout/haoyu0512workout/haoyu0512workout_whole_session_20260512_165723.csv,haoyu0512workout,db_bench_press,23672,23962,290,0.3497
datasets/workout/haoyu0512workout/haoyu0512workout_whole_session_20260512_165723.csv,haoyu0512workout,db_bench_press,23962,24334,372,0.5626
datasets/workout/haoyu0512workout/haoyu0512workout_whole_session_20260512_165723.csv,haoyu0512workout,db_bench_press,24334,24888,554,0.4731
datasets/workout/haoyu0512workout/haoyu0512workout_whole_session_20260512_165723.csv,haoyu0512workout,db_bench_press,24888,25106,218,0.4791
datasets/workout/haoyu0512workout/haoyu0512workout_whole_session_20260512_165723.csv,haoyu0512workout,db_bench_press,33305,35267,1962,0.2217
datasets/workout/haoyu0512workout/haoyu0512workout_whole_session_20260512_165723.csv,haoyu0512workout,db_bench_press,35267,36142,875,0.4971
datasets/workout/haoyu0512workout/haoyu0512workout_whole_session_20260512_165723.csv,haoyu0512workout,db_bench_press,36142,37100,958,0.4718
datasets/workout/haoyu0512workout/haoyu0512workout_whole_session_20260512_165723.csv,haoyu0512workout,db_bench_press,37100,38107,1007,0.5372
datasets/workout/haoyu0512workout/haoyu0512workout_whole_session_20260512_165723.csv,haoyu0512workout,db_bench_press,38107,38692,585,0.7128
datasets/workout/haoyu0512workout/haoyu0512workout_whole_session_20260512_165723.csv,haoyu0512workout,db_biceps_curl,297769,298010,241,0.483
datasets/workout/haoyu0512workout/haoyu0512workout_whole_session_20260512_165723.csv,haoyu0512workout,db_biceps_curl,298010,298238,228,0.4569
datasets/workout/haoyu0512workout/haoyu0512workout_whole_session_20260512_165723.csv,haoyu0512workout,db_biceps_curl,298238,298590,352,0.8551
datasets/workout/haoyu0512workout/haoyu0512workout_whole_session_20260512_165723.csv,haoyu0512workout,db_biceps_curl,298590,298957,367,0.8973
datasets/workout/haoyu0512workout/haoyu0512workout_whole_session_20260512_165723.csv,haoyu0512workout,db_biceps_curl,298957,299414,457,0.698
datasets/workout/haoyu0512workout/haoyu0512workout_whole_session_20260512_165723.csv,haoyu0512workout,db_biceps_curl,299414,299603,189,0.5294
datasets/workout/haoyu0512workout/haoyu0512workout_whole_session_20260512_165723.csv,haoyu0512workout,db_biceps_curl,299603,299954,351,0.8731
datasets/workout/haoyu0512workout/haoyu0512workout_whole_session_20260512_165723.csv,haoyu0512workout,db_biceps_curl,299954,300267,313,0.8758
datasets/workout/haoyu0512workout/haoyu0512workout_whole_session_20260512_165723.csv,haoyu0512workout,db_biceps_curl,300267,300589,322,0.879
datasets/workout/haoyu0512workout/haoyu0512workout_whole_session_20260512_165723.csv,haoyu0512workout,db_biceps_curl,300589,301058,469,0.6546
datasets/workout/haoyu0512workout/haoyu0512workout_whole_session_20260512_165723.csv,haoyu0512workout,db_biceps_curl,301058,301259,201,0.5743
datasets/workout/haoyu0512workout/haoyu0512workout_whole_session_20260512_165723.csv,haoyu0512workout,db_biceps_curl,301259,301797,538,0.6264
datasets/workout/haoyu0512workout/haoyu0512workout_whole_session_20260512_165723.csv,haoyu0512workout,db_biceps_curl,301797,302173,376,0.6655
datasets/workout/haoyu0512workout/haoyu0512workout_whole_session_20260512_165723.csv,haoyu0512workout,db_biceps_curl,313227,313746,519,0.7418
datasets/workout/haoyu0512workout/haoyu0512workout_whole_session_20260512_165723.csv,haoyu0512workout,db_biceps_curl,313746,314074,328,0.3983
datasets/workout/haoyu0512workout/haoyu0512workout_whole_session_20260512_165723.csv,haoyu0512workout,db_biceps_curl,314074,314283,209,0.5411
datasets/workout/haoyu0512workout/haoyu0512workout_whole_session_20260512_165723.csv,haoyu0512workout,db_biceps_curl,314283,314620,337,0.9258
datasets/workout/haoyu0512workout/haoyu0512workout_whole_session_20260512_165723.csv,haoyu0512workout,db_biceps_curl,314620,315177,557,0.6463
datasets/workout/haoyu0512workout/haoyu0512workout_whole_session_20260512_165723.csv,haoyu0512workout,db_biceps_curl,315177,315527,350,0.3717
datasets/workout/haoyu0512workout/haoyu0512workout_whole_session_20260512_165723.csv,haoyu0512workout,db_biceps_curl,315527,315892,365,0.4058
datasets/workout/haoyu0512workout/haoyu0512workout_whole_session_20260512_165723.csv,haoyu0512workout,db_biceps_curl,315892,316299,407,0.4032
datasets/workout/haoyu0512workout/haoyu0512workout_whole_session_20260512_165723.csv,haoyu0512workout,db_biceps_curl,316299,316683,384,0.3883
datasets/workout/haoyu0512workout/haoyu0512workout_whole_session_20260512_165723.csv,haoyu0512workout,db_biceps_curl,316683,317078,395,0.3714
datasets/workout/haoyu0512workout/haoyu0512workout_whole_session_20260512_165723.csv,haoyu0512workout,db_biceps_curl,317078,317478,400,0.3629
datasets/workout/haoyu0512workout/haoyu0512workout_whole_session_20260512_165723.csv,haoyu0512workout,db_biceps_curl,317478,317714,236,0.5579
datasets/workout/haoyu0512workout/haoyu0512workout_whole_session_20260512_165723.csv,haoyu0512workout,db_biceps_curl,336367,336905,538,0.8176
datasets/workout/haoyu0512workout/haoyu0512workout_whole_session_20260512_165723.csv,haoyu0512workout,db_biceps_curl,336905,337025,120,0.1824
datasets/workout/haoyu0512workout/haoyu0512workout_whole_session_20260512_165723.csv,haoyu0512workout,db_biceps_curl,339520,339847,327,0.9033
datasets/workout/haoyu0512workout/haoyu0512workout_whole_session_20260512_165723.csv,haoyu0512workout,db_biceps_curl,339847,340213,366,0.8401
datasets/workout/haoyu0512workout/haoyu0512workout_whole_session_20260512_165723.csv,haoyu0512workout,db_biceps_curl,340213,340582,369,0.888
datasets/workout/haoyu0512workout/haoyu0512workout_whole_session_20260512_165723.csv,haoyu0512workout,db_biceps_curl,340582,340918,336,0.8723
datasets/workout/haoyu0512workout/haoyu0512workout_whole_session_20260512_165723.csv,haoyu0512workout,db_biceps_curl,340918,341315,397,0.8774
datasets/workout/haoyu0512workout/haoyu0512workout_whole_session_20260512_165723.csv,haoyu0512workout,db_biceps_curl,341315,341505,190,0.4476
datasets/workout/haoyu0512workout/haoyu0512workout_whole_session_20260512_165723.csv,haoyu0512workout,db_biceps_curl,341505,341871,366,0.3575
datasets/workout/haoyu0512workout/haoyu0512workout_whole_session_20260512_165723.csv,haoyu0512workout,db_biceps_curl,341871,342233,362,0.3731
datasets/workout/haoyu0512workout/haoyu0512workout_whole_session_20260512_165723.csv,haoyu0512workout,db_biceps_curl,342233,342648,415,0.3654
datasets/workout/haoyu0512workout/haoyu0512workout_whole_session_20260512_165723.csv,haoyu0512workout,db_biceps_curl,342648,343016,368,0.3466
datasets/workout/haoyu0512workout/haoyu0512workout_whole_session_20260512_165723.csv,haoyu0512workout,db_biceps_curl,343016,343404,388,0.3554
datasets/workout/haoyu0512workout/haoyu0512workout_whole_session_20260512_165723.csv,haoyu0512workout,db_biceps_curl,343404,344004,600,0.63
datasets/workout/haoyu0512workout/haoyu0512workout_whole_session_20260512_165723.csv,haoyu0512workout,db_rdl,123099,123595,496,0.9798
datasets/workout/haoyu0512workout/haoyu0512workout_whole_session_20260512_165723.csv,haoyu0512workout,db_rdl,123595,124033,438,0.8848
datasets/workout/haoyu0512workout/haoyu0512workout_whole_session_20260512_165723.csv,haoyu0512workout,db_rdl,124033,124538,505,0.8198
datasets/workout/haoyu0512workout/haoyu0512workout_whole_session_20260512_165723.csv,haoyu0512workout,db_rdl,124538,124938,400,0.8018
datasets/workout/haoyu0512workout/haoyu0512workout_whole_session_20260512_165723.csv,haoyu0512workout,db_rdl,124938,125425,487,0.8719
datasets/workout/haoyu0512workout/haoyu0512workout_whole_session_20260512_165723.csv,haoyu0512workout,db_rdl,125425,125903,478,0.9442
datasets/workout/haoyu0512workout/haoyu0512workout_whole_session_20260512_165723.csv,haoyu0512workout,db_rdl,125903,126506,603,0.7084
datasets/workout/haoyu0512workout/haoyu0512workout_whole_session_20260512_165723.csv,haoyu0512workout,db_rdl,126506,126799,293,0.6155
datasets/workout/haoyu0512workout/haoyu0512workout_whole_session_20260512_165723.csv,haoyu0512workout,db_rdl,126799,127230,431,0.9113
datasets/workout/haoyu0512workout/haoyu0512workout_whole_session_20260512_165723.csv,haoyu0512workout,db_rdl,127230,127889,659,0.7223
datasets/workout/haoyu0512workout/haoyu0512workout_whole_session_20260512_165723.csv,haoyu0512workout,db_rdl,127889,128352,463,0.6114
datasets/workout/haoyu0512workout/haoyu0512workout_whole_session_20260512_165723.csv,haoyu0512workout,db_rdl,128352,128661,309,0.7803
datasets/workout/haoyu0512workout/haoyu0512workout_whole_session_20260512_165723.csv,haoyu0512workout,db_rdl,137920,138327,407,0.8747
datasets/workout/haoyu0512workout/haoyu0512workout_whole_session_20260512_165723.csv,haoyu0512workout,db_rdl,138327,138742,415,0.7661
datasets/workout/haoyu0512workout/haoyu0512workout_whole_session_20260512_165723.csv,haoyu0512workout,db_rdl,138742,139120,378,0.8601
datasets/workout/haoyu0512workout/haoyu0512workout_whole_session_20260512_165723.csv,haoyu0512workout,db_rdl,139120,139522,402,0.9358
datasets/workout/haoyu0512workout/haoyu0512workout_whole_session_20260512_165723.csv,haoyu0512workout,db_rdl,139522,140037,515,0.7509
datasets/workout/haoyu0512workout/haoyu0512workout_whole_session_20260512_165723.csv,haoyu0512workout,db_rdl,140037,140510,473,0.4983
datasets/workout/haoyu0512workout/haoyu0512workout_whole_session_20260512_165723.csv,haoyu0512workout,db_rdl,140510,140825,315,0.4889
datasets/workout/haoyu0512workout/haoyu0512workout_whole_session_20260512_165723.csv,haoyu0512workout,db_rdl,140825,141284,459,0.7891
datasets/workout/haoyu0512workout/haoyu0512workout_whole_session_20260512_165723.csv,haoyu0512workout,db_rdl,141284,141641,357,0.7834
datasets/workout/haoyu0512workout/haoyu0512workout_whole_session_20260512_165723.csv,haoyu0512workout,db_rdl,141641,142092,451,0.7042
datasets/workout/haoyu0512workout/haoyu0512workout_whole_session_20260512_165723.csv,haoyu0512workout,db_rdl,142092,142508,416,0.7389
datasets/workout/haoyu0512workout/haoyu0512workout_whole_session_20260512_165723.csv,haoyu0512workout,db_rdl,142508,142914,406,0.9227
datasets/workout/haoyu0512workout/haoyu0512workout_whole_session_20260512_165723.csv,haoyu0512workout,db_rdl,156977,157762,785,0.8408
datasets/workout/haoyu0512workout/haoyu0512workout_whole_session_20260512_165723.csv,haoyu0512workout,db_rdl,157762,158389,627,0.5904
datasets/workout/haoyu0512workout/haoyu0512workout_whole_session_20260512_165723.csv,haoyu0512workout,db_rdl,158389,158740,351,0.4064
datasets/workout/haoyu0512workout/haoyu0512workout_whole_session_20260512_165723.csv,haoyu0512workout,db_rdl,158740,159191,451,0.5145
datasets/workout/haoyu0512workout/haoyu0512workout_whole_session_20260512_165723.csv,haoyu0512workout,db_rdl,159191,159668,477,0.5917
datasets/workout/haoyu0512workout/haoyu0512workout_whole_session_20260512_165723.csv,haoyu0512workout,db_rdl,159668,160154,486,0.6233
datasets/workout/haoyu0512workout/haoyu0512workout_whole_session_20260512_165723.csv,haoyu0512workout,db_rdl,160154,160565,411,0.6288
datasets/workout/haoyu0512workout/haoyu0512workout_whole_session_20260512_165723.csv,haoyu0512workout,db_rdl,160565,161068,503,0.8333
datasets/workout/haoyu0512workout/haoyu0512workout_whole_session_20260512_165723.csv,haoyu0512workout,db_rdl,161068,161708,640,0.6976
datasets/workout/haoyu0512workout/haoyu0512workout_whole_session_20260512_165723.csv,haoyu0512workout,db_rdl,161708,162118,410,0.4619
datasets/workout/haoyu0512workout/haoyu0512workout_whole_session_20260512_165723.csv,haoyu0512workout,db_rdl,162118,162476,358,0.6061
datasets/workout/haoyu0512workout/haoyu0512workout_whole_session_20260512_165723.csv,haoyu0512workout,db_rdl,162476,162782,306,0.8407
datasets/workout/haoyu0512workout/haoyu0512workout_whole_session_20260512_165723.csv,haoyu0512workout,db_shoulder_press,246003,246263,260,0.4569
datasets/workout/haoyu0512workout/haoyu0512workout_whole_session_20260512_165723.csv,haoyu0512workout,db_shoulder_press,246263,246761,498,0.4077
datasets/workout/haoyu0512workout/haoyu0512workout_whole_session_20260512_165723.csv,haoyu0512workout,db_shoulder_press,246761,247100,339,0.447
datasets/workout/haoyu0512workout/haoyu0512workout_whole_session_20260512_165723.csv,haoyu0512workout,db_shoulder_press,247100,247489,389,0.6972
datasets/workout/haoyu0512workout/haoyu0512workout_whole_session_20260512_165723.csv,haoyu0512workout,db_shoulder_press,247489,247974,485,0.5819
datasets/workout/haoyu0512workout/haoyu0512workout_whole_session_20260512_165723.csv,haoyu0512workout,db_shoulder_press,247974,248357,383,0.5438
datasets/workout/haoyu0512workout/haoyu0512workout_whole_session_20260512_165723.csv,haoyu0512workout,db_shoulder_press,248357,248693,336,0.6867
datasets/workout/haoyu0512workout/haoyu0512workout_whole_session_20260512_165723.csv,haoyu0512workout,db_shoulder_press,248693,249169,476,0.6945
datasets/workout/haoyu0512workout/haoyu0512workout_whole_session_20260512_165723.csv,haoyu0512workout,db_shoulder_press,249169,249482,313,0.6194
datasets/workout/haoyu0512workout/haoyu0512workout_whole_session_20260512_165723.csv,haoyu0512workout,db_shoulder_press,249482,249901,419,0.5574
datasets/workout/haoyu0512workout/haoyu0512workout_whole_session_20260512_165723.csv,haoyu0512workout,db_shoulder_press,249901,250260,359,0.5891
datasets/workout/haoyu0512workout/haoyu0512workout_whole_session_20260512_165723.csv,haoyu0512workout,db_shoulder_press,250260,250709,449,0.5992
datasets/workout/haoyu0512workout/haoyu0512workout_whole_session_20260512_165723.csv,haoyu0512workout,db_shoulder_press,250709,250953,244,0.624
datasets/workout/haoyu0512workout/haoyu0512workout_whole_session_20260512_165723.csv,haoyu0512workout,db_shoulder_press,264367,264534,167,0.6185
datasets/workout/haoyu0512workout/haoyu0512workout_whole_session_20260512_165723.csv,haoyu0512workout,db_shoulder_press,264534,264845,311,0.5098
datasets/workout/haoyu0512workout/haoyu0512workout_whole_session_20260512_165723.csv,haoyu0512workout,db_shoulder_press,264845,265310,465,0.7091
datasets/workout/haoyu0512workout/haoyu0512workout_whole_session_20260512_165723.csv,haoyu0512workout,db_shoulder_press,265310,265572,262,0.5417
datasets/workout/haoyu0512workout/haoyu0512workout_whole_session_20260512_165723.csv,haoyu0512workout,db_shoulder_press,265572,265993,421,0.696
datasets/workout/haoyu0512workout/haoyu0512workout_whole_session_20260512_165723.csv,haoyu0512workout,db_shoulder_press,265993,266439,446,0.9845
datasets/workout/haoyu0512workout/haoyu0512workout_whole_session_20260512_165723.csv,haoyu0512workout,db_shoulder_press,266439,266798,359,0.9572
datasets/workout/haoyu0512workout/haoyu0512workout_whole_session_20260512_165723.csv,haoyu0512workout,db_shoulder_press,266798,267205,407,0.8869
datasets/workout/haoyu0512workout/haoyu0512workout_whole_session_20260512_165723.csv,haoyu0512workout,db_shoulder_press,267205,267654,449,0.8508
datasets/workout/haoyu0512workout/haoyu0512workout_whole_session_20260512_165723.csv,haoyu0512workout,db_shoulder_press,267654,268289,635,0.5367
datasets/workout/haoyu0512workout/haoyu0512workout_whole_session_20260512_165723.csv,haoyu0512workout,db_shoulder_press,268289,268739,450,0.7867
datasets/workout/haoyu0512workout/haoyu0512workout_whole_session_20260512_165723.csv,haoyu0512workout,db_shoulder_press,279757,280106,349,0.7721
datasets/workout/haoyu0512workout/haoyu0512workout_whole_session_20260512_165723.csv,haoyu0512workout,db_shoulder_press,280106,280580,474,0.7658
datasets/workout/haoyu0512workout/haoyu0512workout_whole_session_20260512_165723.csv,haoyu0512workout,db_shoulder_press,280580,280988,408,0.9401
datasets/workout/haoyu0512workout/haoyu0512workout_whole_session_20260512_165723.csv,haoyu0512workout,db_shoulder_press,280988,281377,389,0.9345
datasets/workout/haoyu0512workout/haoyu0512workout_whole_session_20260512_165723.csv,haoyu0512workout,db_shoulder_press,281377,281784,407,0.9172
datasets/workout/haoyu0512workout/haoyu0512workout_whole_session_20260512_165723.csv,haoyu0512workout,db_shoulder_press,281784,282267,483,0.8974
datasets/workout/haoyu0512workout/haoyu0512workout_whole_session_20260512_165723.csv,haoyu0512workout,db_shoulder_press,282267,282635,368,0.9185
datasets/workout/haoyu0512workout/haoyu0512workout_whole_session_20260512_165723.csv,haoyu0512workout,db_shoulder_press,282635,283080,445,0.9349
datasets/workout/haoyu0512workout/haoyu0512workout_whole_session_20260512_165723.csv,haoyu0512workout,db_shoulder_press,283080,283621,541,0.8881
datasets/workout/haoyu0512workout/haoyu0512workout_whole_session_20260512_165723.csv,haoyu0512workout,db_shoulder_press,283621,284073,452,0.8224
datasets/workout/haoyu0512workout/haoyu0512workout_whole_session_20260512_165723.csv,haoyu0512workout,db_shoulder_press,284073,284441,368,0.6965
datasets/workout/haoyu0512workout/haoyu0512workout_whole_session_20260512_165723.csv,haoyu0512workout,db_shoulder_press,284441,284939,498,0.8193
datasets/workout/haoyu0512workout/haoyu0512workout_whole_session_20260512_165723.csv,haoyu0512workout,db_squat,422448,422739,291,0.9931
datasets/workout/haoyu0512workout/haoyu0512workout_whole_session_20260512_165723.csv,haoyu0512workout,db_squat,422739,423214,475,0.7317
datasets/workout/haoyu0512workout/haoyu0512workout_whole_session_20260512_165723.csv,haoyu0512workout,db_squat,423214,423502,288,0.529
datasets/workout/haoyu0512workout/haoyu0512workout_whole_session_20260512_165723.csv,haoyu0512workout,db_squat,423502,423839,337,0.697
datasets/workout/haoyu0512workout/haoyu0512workout_whole_session_20260512_165723.csv,haoyu0512workout,db_squat,423839,424258,419,0.7209
datasets/workout/haoyu0512workout/haoyu0512workout_whole_session_20260512_165723.csv,haoyu0512workout,db_squat,424258,424612,354,0.7685
datasets/workout/haoyu0512workout/haoyu0512workout_whole_session_20260512_165723.csv,haoyu0512workout,db_squat,424612,425024,412,0.8479
datasets/workout/haoyu0512workout/haoyu0512workout_whole_session_20260512_165723.csv,haoyu0512workout,db_squat,425024,425413,389,0.8014
datasets/workout/haoyu0512workout/haoyu0512workout_whole_session_20260512_165723.csv,haoyu0512workout,db_squat,425413,425817,404,0.7018
datasets/workout/haoyu0512workout/haoyu0512workout_whole_session_20260512_165723.csv,haoyu0512workout,db_squat,425817,426187,370,0.6963
datasets/workout/haoyu0512workout/haoyu0512workout_whole_session_20260512_165723.csv,haoyu0512workout,db_squat,426187,426613,426,0.7747
datasets/workout/haoyu0512workout/haoyu0512workout_whole_session_20260512_165723.csv,haoyu0512workout,db_squat,426613,426891,278,0.8274
datasets/workout/haoyu0512workout/haoyu0512workout_whole_session_20260512_165723.csv,haoyu0512workout,db_squat,438166,438553,387,0.8243
datasets/workout/haoyu0512workout/haoyu0512workout_whole_session_20260512_165723.csv,haoyu0512workout,db_squat,438553,438962,409,0.4612
datasets/workout/haoyu0512workout/haoyu0512workout_whole_session_20260512_165723.csv,haoyu0512workout,db_squat,438962,439248,286,0.3594
datasets/workout/haoyu0512workout/haoyu0512workout_whole_session_20260512_165723.csv,haoyu0512workout,db_squat,439248,439473,225,0.4197
datasets/workout/haoyu0512workout/haoyu0512workout_whole_session_20260512_165723.csv,haoyu0512workout,db_squat,439473,439775,302,0.6575
datasets/workout/haoyu0512workout/haoyu0512workout_whole_session_20260512_165723.csv,haoyu0512workout,db_squat,439775,440097,322,0.737
datasets/workout/haoyu0512workout/haoyu0512workout_whole_session_20260512_165723.csv,haoyu0512workout,db_squat,440097,440589,492,0.5461
datasets/workout/haoyu0512workout/haoyu0512workout_whole_session_20260512_165723.csv,haoyu0512workout,db_squat,440589,440778,189,0.3274
datasets/workout/haoyu0512workout/haoyu0512workout_whole_session_20260512_165723.csv,haoyu0512workout,db_squat,440778,441170,392,0.5872
datasets/workout/haoyu0512workout/haoyu0512workout_whole_session_20260512_165723.csv,haoyu0512workout,db_squat,441170,441545,375,0.4297
datasets/workout/haoyu0512workout/haoyu0512workout_whole_session_20260512_165723.csv,haoyu0512workout,db_squat,441545,441772,227,0.2648
datasets/workout/haoyu0512workout/haoyu0512workout_whole_session_20260512_165723.csv,haoyu0512workout,db_squat,441772,441973,201,0.6442
datasets/workout/haoyu0512workout/haoyu0512workout_whole_session_20260512_165723.csv,haoyu0512workout,db_squat,452861,453145,284,0.8627
datasets/workout/haoyu0512workout/haoyu0512workout_whole_session_20260512_165723.csv,haoyu0512workout,db_squat,453145,453401,256,0.861
datasets/workout/haoyu0512workout/haoyu0512workout_whole_session_20260512_165723.csv,haoyu0512workout,db_squat,453401,453702,301,0.8878
datasets/workout/haoyu0512workout/haoyu0512workout_whole_session_20260512_165723.csv,haoyu0512workout,db_squat,453702,454039,337,0.7805
datasets/workout/haoyu0512workout/haoyu0512workout_whole_session_20260512_165723.csv,haoyu0512workout,db_squat,454039,454313,274,0.7833
datasets/workout/haoyu0512workout/haoyu0512workout_whole_session_20260512_165723.csv,haoyu0512workout,db_squat,454313,454588,275,0.8919
datasets/workout/haoyu0512workout/haoyu0512workout_whole_session_20260512_165723.csv,haoyu0512workout,db_squat,454588,454870,282,0.8703
datasets/workout/haoyu0512workout/haoyu0512workout_whole_session_20260512_165723.csv,haoyu0512workout,db_squat,454870,455161,291,0.8648
datasets/workout/haoyu0512workout/haoyu0512workout_whole_session_20260512_165723.csv,haoyu0512workout,db_squat,455161,455414,253,0.8694
datasets/workout/haoyu0512workout/haoyu0512workout_whole_session_20260512_165723.csv,haoyu0512workout,db_squat,455414,455704,290,0.8966
datasets/workout/haoyu0512workout/haoyu0512workout_whole_session_20260512_165723.csv,haoyu0512workout,db_squat,455704,456002,298,0.8791
datasets/workout/haoyu0512workout/haoyu0512workout_whole_session_20260512_165723.csv,haoyu0512workout,db_squat,456002,456244,242,0.893
datasets/workout/haoyu0512workout/haoyu0512workout_whole_session_20260512_165723.csv,haoyu0512workout,db_triceps_curl,374608,374907,299,0.8997
datasets/workout/haoyu0512workout/haoyu0512workout_whole_session_20260512_165723.csv,haoyu0512workout,db_triceps_curl,374907,375277,370,0.8575
datasets/workout/haoyu0512workout/haoyu0512workout_whole_session_20260512_165723.csv,haoyu0512workout,db_triceps_curl,375277,375506,229,0.5055
datasets/workout/haoyu0512workout/haoyu0512workout_whole_session_20260512_165723.csv,haoyu0512workout,db_triceps_curl,375506,376114,608,0.5987
datasets/workout/haoyu0512workout/haoyu0512workout_whole_session_20260512_165723.csv,haoyu0512workout,db_triceps_curl,376114,376607,493,0.7315
datasets/workout/haoyu0512workout/haoyu0512workout_whole_session_20260512_165723.csv,haoyu0512workout,db_triceps_curl,376607,376979,372,0.6851
datasets/workout/haoyu0512workout/haoyu0512workout_whole_session_20260512_165723.csv,haoyu0512workout,db_triceps_curl,376979,377433,454,0.7976
datasets/workout/haoyu0512workout/haoyu0512workout_whole_session_20260512_165723.csv,haoyu0512workout,db_triceps_curl,377433,377819,386,0.8584
datasets/workout/haoyu0512workout/haoyu0512workout_whole_session_20260512_165723.csv,haoyu0512workout,db_triceps_curl,377819,378274,455,0.8581
datasets/workout/haoyu0512workout/haoyu0512workout_whole_session_20260512_165723.csv,haoyu0512workout,db_triceps_curl,378274,378672,398,0.8172
datasets/workout/haoyu0512workout/haoyu0512workout_whole_session_20260512_165723.csv,haoyu0512workout,db_triceps_curl,378672,379077,405,0.9163
datasets/workout/haoyu0512workout/haoyu0512workout_whole_session_20260512_165723.csv,haoyu0512workout,db_triceps_curl,379077,379459,382,0.9738
datasets/workout/haoyu0512workout/haoyu0512workout_whole_session_20260512_165723.csv,haoyu0512workout,db_triceps_curl,386605,387137,532,0.6015
datasets/workout/haoyu0512workout/haoyu0512workout_whole_session_20260512_165723.csv,haoyu0512workout,db_triceps_curl,387137,387373,236,0.3795
datasets/workout/haoyu0512workout/haoyu0512workout_whole_session_20260512_165723.csv,haoyu0512workout,db_triceps_curl,387373,387768,395,0.7983
datasets/workout/haoyu0512workout/haoyu0512workout_whole_session_20260512_165723.csv,haoyu0512workout,db_triceps_curl,387768,388194,426,0.8962
datasets/workout/haoyu0512workout/haoyu0512workout_whole_session_20260512_165723.csv,haoyu0512workout,db_triceps_curl,388194,388599,405,0.9035
datasets/workout/haoyu0512workout/haoyu0512workout_whole_session_20260512_165723.csv,haoyu0512workout,db_triceps_curl,388599,389000,401,0.8555
datasets/workout/haoyu0512workout/haoyu0512workout_whole_session_20260512_165723.csv,haoyu0512workout,db_triceps_curl,389000,389394,394,0.8687
datasets/workout/haoyu0512workout/haoyu0512workout_whole_session_20260512_165723.csv,haoyu0512workout,db_triceps_curl,389394,389837,443,0.887
datasets/workout/haoyu0512workout/haoyu0512workout_whole_session_20260512_165723.csv,haoyu0512workout,db_triceps_curl,389837,390230,393,0.7547
datasets/workout/haoyu0512workout/haoyu0512workout_whole_session_20260512_165723.csv,haoyu0512workout,db_triceps_curl,390230,390586,356,0.723
datasets/workout/haoyu0512workout/haoyu0512workout_whole_session_20260512_165723.csv,haoyu0512workout,db_triceps_curl,390586,391098,512,0.6179
datasets/workout/haoyu0512workout/haoyu0512workout_whole_session_20260512_165723.csv,haoyu0512workout,db_triceps_curl,391098,391293,195,0.5402
datasets/workout/haoyu0512workout/haoyu0512workout_whole_session_20260512_165723.csv,haoyu0512workout,db_triceps_curl,400511,400803,292,0.8801
datasets/workout/haoyu0512workout/haoyu0512workout_whole_session_20260512_165723.csv,haoyu0512workout,db_triceps_curl,400803,401139,336,0.8275
datasets/workout/haoyu0512workout/haoyu0512workout_whole_session_20260512_165723.csv,haoyu0512workout,db_triceps_curl,401139,401352,213,0.5272
datasets/workout/haoyu0512workout/haoyu0512workout_whole_session_20260512_165723.csv,haoyu0512workout,db_triceps_curl,401352,401734,382,0.4247
datasets/workout/haoyu0512workout/haoyu0512workout_whole_session_20260512_165723.csv,haoyu0512workout,db_triceps_curl,401734,402242,508,0.7047
datasets/workout/haoyu0512workout/haoyu0512workout_whole_session_20260512_165723.csv,haoyu0512workout,db_triceps_curl,402242,402437,195,0.5118
datasets/workout/haoyu0512workout/haoyu0512workout_whole_session_20260512_165723.csv,haoyu0512workout,db_triceps_curl,402437,402809,372,0.3565
datasets/workout/haoyu0512workout/haoyu0512workout_whole_session_20260512_165723.csv,haoyu0512workout,db_triceps_curl,402809,403378,569,0.5958
datasets/workout/haoyu0512workout/haoyu0512workout_whole_session_20260512_165723.csv,haoyu0512workout,db_triceps_curl,403378,403761,383,0.7689
datasets/workout/haoyu0512workout/haoyu0512workout_whole_session_20260512_165723.csv,haoyu0512workout,db_triceps_curl,403761,404119,358,0.841
datasets/workout/haoyu0512workout/haoyu0512workout_whole_session_20260512_165723.csv,haoyu0512workout,db_triceps_curl,404119,404488,369,0.9127
datasets/workout/haoyu0512workout/haoyu0512workout_whole_session_20260512_165723.csv,haoyu0512workout,db_triceps_curl,404488,404826,338,0.9337
datasets/workout/haoyu0512workout/haoyu0512workout_whole_session_20260512_165723.csv,haoyu0512workout,db_weighted_crunch,180691,180952,261,0.5699
datasets/workout/haoyu0512workout/haoyu0512workout_whole_session_20260512_165723.csv,haoyu0512workout,db_weighted_crunch,180952,181419,467,0.5085
datasets/workout/haoyu0512workout/haoyu0512workout_whole_session_20260512_165723.csv,haoyu0512workout,db_weighted_crunch,181419,181762,343,0.7381
datasets/workout/haoyu0512workout/haoyu0512workout_whole_session_20260512_165723.csv,haoyu0512workout,db_weighted_crunch,181762,182001,239,0.4916
datasets/workout/haoyu0512workout/haoyu0512workout_whole_session_20260512_165723.csv,haoyu0512workout,db_weighted_crunch,182001,182334,333,0.3333
datasets/workout/haoyu0512workout/haoyu0512workout_whole_session_20260512_165723.csv,haoyu0512workout,db_weighted_crunch,182334,182862,528,0.6288
datasets/workout/haoyu0512workout/haoyu0512workout_whole_session_20260512_165723.csv,haoyu0512workout,db_weighted_crunch,182862,183198,336,0.8096
datasets/workout/haoyu0512workout/haoyu0512workout_whole_session_20260512_165723.csv,haoyu0512workout,db_weighted_crunch,183198,183380,182,0.4626
datasets/workout/haoyu0512workout/haoyu0512workout_whole_session_20260512_165723.csv,haoyu0512workout,db_weighted_crunch,183380,183909,529,0.676
datasets/workout/haoyu0512workout/haoyu0512workout_whole_session_20260512_165723.csv,haoyu0512workout,db_weighted_crunch,183909,184255,346,0.8244
datasets/workout/haoyu0512workout/haoyu0512workout_whole_session_20260512_165723.csv,haoyu0512workout,db_weighted_crunch,184255,184586,331,0.7063
datasets/workout/haoyu0512workout/haoyu0512workout_whole_session_20260512_165723.csv,haoyu0512workout,db_weighted_crunch,184586,184913,327,0.8563
datasets/workout/haoyu0512workout/haoyu0512workout_whole_session_20260512_165723.csv,haoyu0512workout,db_weighted_crunch,196014,196379,365,0.9407
datasets/workout/haoyu0512workout/haoyu0512workout_whole_session_20260512_165723.csv,haoyu0512workout,db_weighted_crunch,196379,196682,303,0.8581
datasets/workout/haoyu0512workout/haoyu0512workout_whole_session_20260512_165723.csv,haoyu0512workout,db_weighted_crunch,196682,197045,363,0.9075
datasets/workout/haoyu0512workout/haoyu0512workout_whole_session_20260512_165723.csv,haoyu0512workout,db_weighted_crunch,197045,197420,375,0.9347
datasets/workout/haoyu0512workout/haoyu0512workout_whole_session_20260512_165723.csv,haoyu0512workout,db_weighted_crunch,197420,197761,341,0.9652
datasets/workout/haoyu0512workout/haoyu0512workout_whole_session_20260512_165723.csv,haoyu0512workout,db_weighted_crunch,197761,198181,420,0.9833
datasets/workout/haoyu0512workout/haoyu0512workout_whole_session_20260512_165723.csv,haoyu0512workout,db_weighted_crunch,198181,198435,254,0.8355
datasets/workout/haoyu0512workout/haoyu0512workout_whole_session_20260512_165723.csv,haoyu0512workout,db_weighted_crunch,198435,198855,420,0.8024
datasets/workout/haoyu0512workout/haoyu0512workout_whole_session_20260512_165723.csv,haoyu0512workout,db_weighted_crunch,198855,199227,372,0.8554
datasets/workout/haoyu0512workout/haoyu0512workout_whole_session_20260512_165723.csv,haoyu0512workout,db_weighted_crunch,199227,199534,307,0.8746
datasets/workout/haoyu0512workout/haoyu0512workout_whole_session_20260512_165723.csv,haoyu0512workout,db_weighted_crunch,199534,199914,380,0.8908
datasets/workout/haoyu0512workout/haoyu0512workout_whole_session_20260512_165723.csv,haoyu0512workout,db_weighted_crunch,199914,200320,406,0.9433
datasets/workout/haoyu0512workout/haoyu0512workout_whole_session_20260512_165723.csv,haoyu0512workout,db_weighted_crunch,210453,210796,343,0.7831
datasets/workout/haoyu0512workout/haoyu0512workout_whole_session_20260512_165723.csv,haoyu0512workout,db_weighted_crunch,210796,211005,209,0.3123
datasets/workout/haoyu0512workout/haoyu0512workout_whole_session_20260512_165723.csv,haoyu0512workout,db_weighted_crunch,211005,211492,487,0.6119
datasets/workout/haoyu0512workout/haoyu0512workout_whole_session_20260512_165723.csv,haoyu0512workout,db_weighted_crunch,211492,211727,235,0.5569
datasets/workout/haoyu0512workout/haoyu0512workout_whole_session_20260512_165723.csv,haoyu0512workout,db_weighted_crunch,211727,212163,436,0.5963
datasets/workout/haoyu0512workout/haoyu0512workout_whole_session_20260512_165723.csv,haoyu0512workout,db_weighted_crunch,212163,212471,308,0.903
datasets/workout/haoyu0512workout/haoyu0512workout_whole_session_20260512_165723.csv,haoyu0512workout,db_weighted_crunch,212471,212795,324,0.9551
datasets/workout/haoyu0512workout/haoyu0512workout_whole_session_20260512_165723.csv,haoyu0512workout,db_weighted_crunch,212795,213151,356,0.89
datasets/workout/haoyu0512workout/haoyu0512workout_whole_session_20260512_165723.csv,haoyu0512workout,db_weighted_crunch,213151,213334,183,0.4186
datasets/workout/haoyu0512workout/haoyu0512workout_whole_session_20260512_165723.csv,haoyu0512workout,db_weighted_crunch,213334,213656,322,0.3455
datasets/workout/haoyu0512workout/haoyu0512workout_whole_session_20260512_165723.csv,haoyu0512workout,db_weighted_crunch,213656,214006,350,0.359
datasets/workout/haoyu0512workout/haoyu0512workout_whole_session_20260512_165723.csv,haoyu0512workout,db_weighted_crunch,214006,214473,467,0.6938
datasets/workout/haoyu0512workout/haoyu0512workout_whole_session_20260512_165723.csv,haoyu0512workout,one_arm_db_row,58038,58436,398,0.892
datasets/workout/haoyu0512workout/haoyu0512workout_whole_session_20260512_165723.csv,haoyu0512workout,one_arm_db_row,58436,58850,414,0.7615
datasets/workout/haoyu0512workout/haoyu0512workout_whole_session_20260512_165723.csv,haoyu0512workout,one_arm_db_row,58850,59357,507,0.8831
datasets/workout/haoyu0512workout/haoyu0512workout_whole_session_20260512_165723.csv,haoyu0512workout,one_arm_db_row,59357,59679,322,0.7061
datasets/workout/haoyu0512workout/haoyu0512workout_whole_session_20260512_165723.csv,haoyu0512workout,one_arm_db_row,59679,60231,552,0.7224
datasets/workout/haoyu0512workout/haoyu0512workout_whole_session_20260512_165723.csv,haoyu0512workout,one_arm_db_row,60231,60664,433,0.903
datasets/workout/haoyu0512workout/haoyu0512workout_whole_session_20260512_165723.csv,haoyu0512workout,one_arm_db_row,60664,61127,463,0.9581
datasets/workout/haoyu0512workout/haoyu0512workout_whole_session_20260512_165723.csv,haoyu0512workout,one_arm_db_row,61127,61536,409,0.9542
datasets/workout/haoyu0512workout/haoyu0512workout_whole_session_20260512_165723.csv,haoyu0512workout,one_arm_db_row,61536,61851,315,0.6848
datasets/workout/haoyu0512workout/haoyu0512workout_whole_session_20260512_165723.csv,haoyu0512workout,one_arm_db_row,61851,62292,441,0.5558
datasets/workout/haoyu0512workout/haoyu0512workout_whole_session_20260512_165723.csv,haoyu0512workout,one_arm_db_row,62292,62843,551,0.7636
datasets/workout/haoyu0512workout/haoyu0512workout_whole_session_20260512_165723.csv,haoyu0512workout,one_arm_db_row,62843,63200,357,0.944
datasets/workout/haoyu0512workout/haoyu0512workout_whole_session_20260512_165723.csv,haoyu0512workout,one_arm_db_row,73276,73694,418,0.8875
datasets/workout/haoyu0512workout/haoyu0512workout_whole_session_20260512_165723.csv,haoyu0512workout,one_arm_db_row,73694,73992,298,0.643
datasets/workout/haoyu0512workout/haoyu0512workout_whole_session_20260512_165723.csv,haoyu0512workout,one_arm_db_row,73992,74410,418,0.6795
datasets/workout/haoyu0512workout/haoyu0512workout_whole_session_20260512_165723.csv,haoyu0512workout,one_arm_db_row,74410,74880,470,0.8319
datasets/workout/haoyu0512workout/haoyu0512workout_whole_session_20260512_165723.csv,haoyu0512workout,one_arm_db_row,74880,75207,327,0.9517
datasets/workout/haoyu0512workout/haoyu0512workout_whole_session_20260512_165723.csv,haoyu0512workout,one_arm_db_row,75207,75583,376,0.9227
datasets/workout/haoyu0512workout/haoyu0512workout_whole_session_20260512_165723.csv,haoyu0512workout,one_arm_db_row,75583,75965,382,0.8975
datasets/workout/haoyu0512workout/haoyu0512workout_whole_session_20260512_165723.csv,haoyu0512workout,one_arm_db_row,75965,76372,407,0.7744
datasets/workout/haoyu0512workout/haoyu0512workout_whole_session_20260512_165723.csv,haoyu0512workout,one_arm_db_row,76372,76733,361,0.7632
datasets/workout/haoyu0512workout/haoyu0512workout_whole_session_20260512_165723.csv,haoyu0512workout,one_arm_db_row,76733,77052,319,0.8822
datasets/workout/haoyu0512workout/haoyu0512workout_whole_session_20260512_165723.csv,haoyu0512workout,one_arm_db_row,77052,77405,353,0.8247
datasets/workout/haoyu0512workout/haoyu0512workout_whole_session_20260512_165723.csv,haoyu0512workout,one_arm_db_row,77405,77738,333,0.8649
datasets/workout/haoyu0512workout/haoyu0512workout_whole_session_20260512_165723.csv,haoyu0512workout,one_arm_db_row,88648,89082,434,0.9819
datasets/workout/haoyu0512workout/haoyu0512workout_whole_session_20260512_165723.csv,haoyu0512workout,one_arm_db_row,89082,89341,259,0.7382
datasets/workout/haoyu0512workout/haoyu0512workout_whole_session_20260512_165723.csv,haoyu0512workout,one_arm_db_row,89341,89759,418,0.744
datasets/workout/haoyu0512workout/haoyu0512workout_whole_session_20260512_165723.csv,haoyu0512workout,one_arm_db_row,89759,90115,356,0.9319
datasets/workout/haoyu0512workout/haoyu0512workout_whole_session_20260512_165723.csv,haoyu0512workout,one_arm_db_row,90115,90455,340,0.9798
datasets/workout/haoyu0512workout/haoyu0512workout_whole_session_20260512_165723.csv,haoyu0512workout,one_arm_db_row,90455,90786,331,0.8852
datasets/workout/haoyu0512workout/haoyu0512workout_whole_session_20260512_165723.csv,haoyu0512workout,one_arm_db_row,90786,91152,366,0.9194
datasets/workout/haoyu0512workout/haoyu0512workout_whole_session_20260512_165723.csv,haoyu0512workout,one_arm_db_row,91152,91472,320,0.9552
datasets/workout/haoyu0512workout/haoyu0512workout_whole_session_20260512_165723.csv,haoyu0512workout,one_arm_db_row,91472,91820,348,0.957
datasets/workout/haoyu0512workout/haoyu0512workout_whole_session_20260512_165723.csv,haoyu0512workout,one_arm_db_row,91820,92175,355,0.9916
datasets/workout/haoyu0512workout/haoyu0512workout_whole_session_20260512_165723.csv,haoyu0512workout,one_arm_db_row,92175,92562,387,0.9638
datasets/workout/haoyu0512workout/haoyu0512workout_whole_session_20260512_165723.csv,haoyu0512workout,one_arm_db_row,92562,92850,288,0.96
datasets/workout/hsianshun0514workout/hsianshun0514workout_whole_session_20260514_145843.csv,hsianshun0514workout,db_bench_press,107,656,549,0.725
datasets/workout/hsianshun0514workout/hsianshun0514workout_whole_session_20260514_145843.csv,hsianshun0514workout,db_bench_press,656,1019,363,0.5895
datasets/workout/hsianshun0514workout/hsianshun0514workout_whole_session_20260514_145843.csv,hsianshun0514workout,db_bench_press,1019,1564,545,0.6231
datasets/workout/hsianshun0514workout/hsianshun0514workout_whole_session_20260514_145843.csv,hsianshun0514workout,db_bench_press,1564,1993,429,0.4724
datasets/workout/hsianshun0514workout/hsianshun0514workout_whole_session_20260514_145843.csv,hsianshun0514workout,db_bench_press,1993,2460,467,0.4511
datasets/workout/hsianshun0514workout/hsianshun0514workout_whole_session_20260514_145843.csv,hsianshun0514workout,db_bench_press,2460,2910,450,0.3781
datasets/workout/hsianshun0514workout/hsianshun0514workout_whole_session_20260514_145843.csv,hsianshun0514workout,db_bench_press,2910,3323,413,0.4058
datasets/workout/hsianshun0514workout/hsianshun0514workout_whole_session_20260514_145843.csv,hsianshun0514workout,db_bench_press,3323,3801,478,0.5023
datasets/workout/hsianshun0514workout/hsianshun0514workout_whole_session_20260514_145843.csv,hsianshun0514workout,db_bench_press,3801,4311,510,0.5637
datasets/workout/hsianshun0514workout/hsianshun0514workout_whole_session_20260514_145843.csv,hsianshun0514workout,db_bench_press,4311,4791,480,0.6368
datasets/workout/hsianshun0514workout/hsianshun0514workout_whole_session_20260514_145843.csv,hsianshun0514workout,db_bench_press,4791,5247,456,0.7284
datasets/workout/hsianshun0514workout/hsianshun0514workout_whole_session_20260514_145843.csv,hsianshun0514workout,db_bench_press,5247,5552,305,0.8379
datasets/workout/hsianshun0514workout/hsianshun0514workout_whole_session_20260514_145843.csv,hsianshun0514workout,db_bench_press,13367,15536,2169,0.2914
datasets/workout/hsianshun0514workout/hsianshun0514workout_whole_session_20260514_145843.csv,hsianshun0514workout,db_bench_press,15536,18859,3323,0.1444
datasets/workout/hsianshun0514workout/hsianshun0514workout_whole_session_20260514_145843.csv,hsianshun0514workout,db_bench_press,25489,26347,858,0.5175
datasets/workout/hsianshun0514workout/hsianshun0514workout_whole_session_20260514_145843.csv,hsianshun0514workout,db_bench_press,26347,26796,449,0.7082
datasets/workout/hsianshun0514workout/hsianshun0514workout_whole_session_20260514_145843.csv,hsianshun0514workout,db_bench_press,26796,27222,426,0.6515
datasets/workout/hsianshun0514workout/hsianshun0514workout_whole_session_20260514_145843.csv,hsianshun0514workout,db_bench_press,27222,27716,494,0.6927
datasets/workout/hsianshun0514workout/hsianshun0514workout_whole_session_20260514_145843.csv,hsianshun0514workout,db_bench_press,27716,28084,368,0.6371
datasets/workout/hsianshun0514workout/hsianshun0514workout_whole_session_20260514_145843.csv,hsianshun0514workout,db_bench_press,28084,28567,483,0.6403
datasets/workout/hsianshun0514workout/hsianshun0514workout_whole_session_20260514_145843.csv,hsianshun0514workout,db_bench_press,28567,28997,430,0.6104
datasets/workout/hsianshun0514workout/hsianshun0514workout_whole_session_20260514_145843.csv,hsianshun0514workout,db_bench_press,28997,29577,580,0.5851
datasets/workout/hsianshun0514workout/hsianshun0514workout_whole_session_20260514_145843.csv,hsianshun0514workout,db_bench_press,29577,30027,450,0.5157
datasets/workout/hsianshun0514workout/hsianshun0514workout_whole_session_20260514_145843.csv,hsianshun0514workout,db_bench_press,30027,30464,437,0.6434
datasets/workout/hsianshun0514workout/hsianshun0514workout_whole_session_20260514_145843.csv,hsianshun0514workout,db_bench_press,30464,30740,276,0.7797
datasets/workout/hsianshun0514workout/hsianshun0514workout_whole_session_20260514_145843.csv,hsianshun0514workout,db_biceps_curl,286569,286823,254,0.9409
datasets/workout/hsianshun0514workout/hsianshun0514workout_whole_session_20260514_145843.csv,hsianshun0514workout,db_biceps_curl,286823,287100,277,0.9212
datasets/workout/hsianshun0514workout/hsianshun0514workout_whole_session_20260514_145843.csv,hsianshun0514workout,db_biceps_curl,287100,287418,318,0.9356
datasets/workout/hsianshun0514workout/hsianshun0514workout_whole_session_20260514_145843.csv,hsianshun0514workout,db_biceps_curl,287418,287721,303,0.8323
datasets/workout/hsianshun0514workout/hsianshun0514workout_whole_session_20260514_145843.csv,hsianshun0514workout,db_biceps_curl,287721,288101,380,0.7452
datasets/workout/hsianshun0514workout/hsianshun0514workout_whole_session_20260514_145843.csv,hsianshun0514workout,db_biceps_curl,288101,288474,373,0.6909
datasets/workout/hsianshun0514workout/hsianshun0514workout_whole_session_20260514_145843.csv,hsianshun0514workout,db_biceps_curl,288474,288846,372,0.7347
datasets/workout/hsianshun0514workout/hsianshun0514workout_whole_session_20260514_145843.csv,hsianshun0514workout,db_biceps_curl,288846,289264,418,0.7361
datasets/workout/hsianshun0514workout/hsianshun0514workout_whole_session_20260514_145843.csv,hsianshun0514workout,db_biceps_curl,289264,289739,475,0.7724
datasets/workout/hsianshun0514workout/hsianshun0514workout_whole_session_20260514_145843.csv,hsianshun0514workout,db_biceps_curl,289739,290473,734,0.7384
datasets/workout/hsianshun0514workout/hsianshun0514workout_whole_session_20260514_145843.csv,hsianshun0514workout,db_biceps_curl,290473,290778,305,0.706
datasets/workout/hsianshun0514workout/hsianshun0514workout_whole_session_20260514_145843.csv,hsianshun0514workout,db_biceps_curl,321008,321486,478,0.6946
datasets/workout/hsianshun0514workout/hsianshun0514workout_whole_session_20260514_145843.csv,hsianshun0514workout,db_biceps_curl,321486,321788,302,0.3736
datasets/workout/hsianshun0514workout/hsianshun0514workout_whole_session_20260514_145843.csv,hsianshun0514workout,db_biceps_curl,321788,322113,325,0.3838
datasets/workout/hsianshun0514workout/hsianshun0514workout_whole_session_20260514_145843.csv,hsianshun0514workout,db_biceps_curl,322113,322460,347,0.4068
datasets/workout/hsianshun0514workout/hsianshun0514workout_whole_session_20260514_145843.csv,hsianshun0514workout,db_biceps_curl,322460,322824,364,0.3287
datasets/workout/hsianshun0514workout/hsianshun0514workout_whole_session_20260514_145843.csv,hsianshun0514workout,db_biceps_curl,322824,323102,278,0.5639
datasets/workout/hsianshun0514workout/hsianshun0514workout_whole_session_20260514_145843.csv,hsianshun0514workout,db_biceps_curl,323102,323537,435,0.9931
datasets/workout/hsianshun0514workout/hsianshun0514workout_whole_session_20260514_145843.csv,hsianshun0514workout,db_biceps_curl,367807,368117,310,0.9968
datasets/workout/hsianshun0514workout/hsianshun0514workout_whole_session_20260514_145843.csv,hsianshun0514workout,db_biceps_curl,368117,368353,236,0.9833
datasets/workout/hsianshun0514workout/hsianshun0514workout_whole_session_20260514_145843.csv,hsianshun0514workout,db_biceps_curl,368353,368546,193,0.7787
datasets/workout/hsianshun0514workout/hsianshun0514workout_whole_session_20260514_145843.csv,hsianshun0514workout,db_biceps_curl,368546,368618,72,0.1947
datasets/workout/hsianshun0514workout/hsianshun0514workout_whole_session_20260514_145843.csv,hsianshun0514workout,db_biceps_curl,368618,368814,196,0.7717
datasets/workout/hsianshun0514workout/hsianshun0514workout_whole_session_20260514_145843.csv,hsianshun0514workout,db_biceps_curl,368814,368881,67,0.1303
datasets/workout/hsianshun0514workout/hsianshun0514workout_whole_session_20260514_145843.csv,hsianshun0514workout,db_biceps_curl,368881,369083,202,0.8016
datasets/workout/hsianshun0514workout/hsianshun0514workout_whole_session_20260514_145843.csv,hsianshun0514workout,db_biceps_curl,369083,369152,69,0.1655
datasets/workout/hsianshun0514workout/hsianshun0514workout_whole_session_20260514_145843.csv,hsianshun0514workout,db_biceps_curl,369152,369350,198,0.7174
datasets/workout/hsianshun0514workout/hsianshun0514workout_whole_session_20260514_145843.csv,hsianshun0514workout,db_biceps_curl,369350,369427,77,0.1509
datasets/workout/hsianshun0514workout/hsianshun0514workout_whole_session_20260514_145843.csv,hsianshun0514workout,db_biceps_curl,369427,369638,211,0.7301
datasets/workout/hsianshun0514workout/hsianshun0514workout_whole_session_20260514_145843.csv,hsianshun0514workout,db_biceps_curl,369638,369782,144,0.3508
datasets/workout/hsianshun0514workout/hsianshun0514workout_whole_session_20260514_145843.csv,hsianshun0514workout,db_biceps_curl,369782,369944,162,0.5492
datasets/workout/hsianshun0514workout/hsianshun0514workout_whole_session_20260514_145843.csv,hsianshun0514workout,db_biceps_curl,369944,370089,145,0.35
datasets/workout/hsianshun0514workout/hsianshun0514workout_whole_session_20260514_145843.csv,hsianshun0514workout,db_biceps_curl,370089,370286,197,0.5777
datasets/workout/hsianshun0514workout/hsianshun0514workout_whole_session_20260514_145843.csv,hsianshun0514workout,db_biceps_curl,370286,370389,103,0.2033
datasets/workout/hsianshun0514workout/hsianshun0514workout_whole_session_20260514_145843.csv,hsianshun0514workout,db_biceps_curl,370389,370547,158,0.395
datasets/workout/hsianshun0514workout/hsianshun0514workout_whole_session_20260514_145843.csv,hsianshun0514workout,db_biceps_curl,370547,370697,150,0.375
datasets/workout/hsianshun0514workout/hsianshun0514workout_whole_session_20260514_145843.csv,hsianshun0514workout,db_biceps_curl,370697,370806,109,0.2308
datasets/workout/hsianshun0514workout/hsianshun0514workout_whole_session_20260514_145843.csv,hsianshun0514workout,db_biceps_curl,370806,371040,234,0.5379
datasets/workout/hsianshun0514workout/hsianshun0514workout_whole_session_20260514_145843.csv,hsianshun0514workout,db_biceps_curl,371040,371139,99,0.2276
datasets/workout/hsianshun0514workout/hsianshun0514workout_whole_session_20260514_145843.csv,hsianshun0514workout,db_rdl,112110,112506,396,0.9697
datasets/workout/hsianshun0514workout/hsianshun0514workout_whole_session_20260514_145843.csv,hsianshun0514workout,db_rdl,112506,112854,348,0.8222
datasets/workout/hsianshun0514workout/hsianshun0514workout_whole_session_20260514_145843.csv,hsianshun0514workout,db_rdl,112854,113155,301,0.7942
datasets/workout/hsianshun0514workout/hsianshun0514workout_whole_session_20260514_145843.csv,hsianshun0514workout,db_rdl,113155,113531,376,0.7473
datasets/workout/hsianshun0514workout/hsianshun0514workout_whole_session_20260514_145843.csv,hsianshun0514workout,db_rdl,113531,113838,307,0.7675
datasets/workout/hsianshun0514workout/hsianshun0514workout_whole_session_20260514_145843.csv,hsianshun0514workout,db_rdl,113838,114154,316,0.8588
datasets/workout/hsianshun0514workout/hsianshun0514workout_whole_session_20260514_145843.csv,hsianshun0514workout,db_rdl,114154,114506,352,0.8586
datasets/workout/hsianshun0514workout/hsianshun0514workout_whole_session_20260514_145843.csv,hsianshun0514workout,db_rdl,114506,114878,372,0.8871
datasets/workout/hsianshun0514workout/hsianshun0514workout_whole_session_20260514_145843.csv,hsianshun0514workout,db_rdl,114878,115225,347,0.8691
datasets/workout/hsianshun0514workout/hsianshun0514workout_whole_session_20260514_145843.csv,hsianshun0514workout,db_rdl,115225,115592,367,0.8886
datasets/workout/hsianshun0514workout/hsianshun0514workout_whole_session_20260514_145843.csv,hsianshun0514workout,db_rdl,115592,115952,360,0.951
datasets/workout/hsianshun0514workout/hsianshun0514workout_whole_session_20260514_145843.csv,hsianshun0514workout,db_rdl,115952,116226,274,0.9745
datasets/workout/hsianshun0514workout/hsianshun0514workout_whole_session_20260514_145843.csv,hsianshun0514workout,db_rdl,122863,123092,229,0.9345
datasets/workout/hsianshun0514workout/hsianshun0514workout_whole_session_20260514_145843.csv,hsianshun0514workout,db_rdl,123092,123411,319,0.8832
datasets/workout/hsianshun0514workout/hsianshun0514workout_whole_session_20260514_145843.csv,hsianshun0514workout,db_rdl,123411,123700,289,0.9042
datasets/workout/hsianshun0514workout/hsianshun0514workout_whole_session_20260514_145843.csv,hsianshun0514workout,db_rdl,123700,124013,313,0.9631
datasets/workout/hsianshun0514workout/hsianshun0514workout_whole_session_20260514_145843.csv,hsianshun0514workout,db_rdl,124013,124337,324,0.9785
datasets/workout/hsianshun0514workout/hsianshun0514workout_whole_session_20260514_145843.csv,hsianshun0514workout,db_rdl,124337,124644,307,0.9273
datasets/workout/hsianshun0514workout/hsianshun0514workout_whole_session_20260514_145843.csv,hsianshun0514workout,db_rdl,124644,125020,376,0.8484
datasets/workout/hsianshun0514workout/hsianshun0514workout_whole_session_20260514_145843.csv,hsianshun0514workout,db_rdl,125020,125351,331,0.811
datasets/workout/hsianshun0514workout/hsianshun0514workout_whole_session_20260514_145843.csv,hsianshun0514workout,db_rdl,125351,125693,342,0.8727
datasets/workout/hsianshun0514workout/hsianshun0514workout_whole_session_20260514_145843.csv,hsianshun0514workout,db_rdl,125693,126020,327,0.9294
datasets/workout/hsianshun0514workout/hsianshun0514workout_whole_session_20260514_145843.csv,hsianshun0514workout,db_rdl,126020,126354,334,0.9159
datasets/workout/hsianshun0514workout/hsianshun0514workout_whole_session_20260514_145843.csv,hsianshun0514workout,db_rdl,126354,126634,280,0.9396
datasets/workout/hsianshun0514workout/hsianshun0514workout_whole_session_20260514_145843.csv,hsianshun0514workout,db_rdl,134286,134418,132,0.3815
datasets/workout/hsianshun0514workout/hsianshun0514workout_whole_session_20260514_145843.csv,hsianshun0514workout,db_rdl,134418,134644,226,0.5978
datasets/workout/hsianshun0514workout/hsianshun0514workout_whole_session_20260514_145843.csv,hsianshun0514workout,db_rdl,134644,134941,297,0.8123
datasets/workout/hsianshun0514workout/hsianshun0514workout_whole_session_20260514_145843.csv,hsianshun0514workout,db_rdl,134941,135256,315,0.8449
datasets/workout/hsianshun0514workout/hsianshun0514workout_whole_session_20260514_145843.csv,hsianshun0514workout,db_rdl,135256,135566,310,0.9344
datasets/workout/hsianshun0514workout/hsianshun0514workout_whole_session_20260514_145843.csv,hsianshun0514workout,db_rdl,135566,135879,313,0.9043
datasets/workout/hsianshun0514workout/hsianshun0514workout_whole_session_20260514_145843.csv,hsianshun0514workout,db_rdl,135879,136202,323,0.9067
datasets/workout/hsianshun0514workout/hsianshun0514workout_whole_session_20260514_145843.csv,hsianshun0514workout,db_rdl,136202,136518,316,0.9177
datasets/workout/hsianshun0514workout/hsianshun0514workout_whole_session_20260514_145843.csv,hsianshun0514workout,db_rdl,136518,137017,499,0.5428
datasets/workout/hsianshun0514workout/hsianshun0514workout_whole_session_20260514_145843.csv,hsianshun0514workout,db_rdl,137017,137424,407,0.7961
datasets/workout/hsianshun0514workout/hsianshun0514workout_whole_session_20260514_145843.csv,hsianshun0514workout,db_rdl,137424,137787,363,0.7621
datasets/workout/hsianshun0514workout/hsianshun0514workout_whole_session_20260514_145843.csv,hsianshun0514workout,db_rdl,137787,138028,241,0.7876
datasets/workout/hsianshun0514workout/hsianshun0514workout_whole_session_20260514_145843.csv,hsianshun0514workout,db_shoulder_press,217070,219012,1942,0.1936
datasets/workout/hsianshun0514workout/hsianshun0514workout_whole_session_20260514_145843.csv,hsianshun0514workout,db_shoulder_press,219012,221313,2301,0.1882
datasets/workout/hsianshun0514workout/hsianshun0514workout_whole_session_20260514_145843.csv,hsianshun0514workout,db_shoulder_press,235168,235389,221,0.8876
datasets/workout/hsianshun0514workout/hsianshun0514workout_whole_session_20260514_145843.csv,hsianshun0514workout,db_shoulder_press,235389,235942,553,0.5389
datasets/workout/hsianshun0514workout/hsianshun0514workout_whole_session_20260514_145843.csv,hsianshun0514workout,db_shoulder_press,235942,236348,406,0.7749
datasets/workout/hsianshun0514workout/hsianshun0514workout_whole_session_20260514_145843.csv,hsianshun0514workout,db_shoulder_press,236348,236669,321,0.866
datasets/workout/hsianshun0514workout/hsianshun0514workout_whole_session_20260514_145843.csv,hsianshun0514workout,db_shoulder_press,236669,237292,623,0.5201
datasets/workout/hsianshun0514workout/hsianshun0514workout_whole_session_20260514_145843.csv,hsianshun0514workout,db_shoulder_press,237292,237932,640,0.5101
datasets/workout/hsianshun0514workout/hsianshun0514workout_whole_session_20260514_145843.csv,hsianshun0514workout,db_shoulder_press,237932,238331,399,0.7744
datasets/workout/hsianshun0514workout/hsianshun0514workout_whole_session_20260514_145843.csv,hsianshun0514workout,db_shoulder_press,238331,238708,377,0.8125
datasets/workout/hsianshun0514workout/hsianshun0514workout_whole_session_20260514_145843.csv,hsianshun0514workout,db_shoulder_press,238708,238971,263,0.8137
datasets/workout/hsianshun0514workout/hsianshun0514workout_whole_session_20260514_145843.csv,hsianshun0514workout,db_shoulder_press,267342,268815,1473,0.2417
datasets/workout/hsianshun0514workout/hsianshun0514workout_whole_session_20260514_145843.csv,hsianshun0514workout,db_shoulder_press,268815,271029,2214,0.3171
datasets/workout/hsianshun0514workout/hsianshun0514workout_whole_session_20260514_145843.csv,hsianshun0514workout,db_squat,473497,473767,270,0.8444
datasets/workout/hsianshun0514workout/hsianshun0514workout_whole_session_20260514_145843.csv,hsianshun0514workout,db_squat,473767,474011,244,0.7657
datasets/workout/hsianshun0514workout/hsianshun0514workout_whole_session_20260514_145843.csv,hsianshun0514workout,db_squat,474011,474310,299,0.821
datasets/workout/hsianshun0514workout/hsianshun0514workout_whole_session_20260514_145843.csv,hsianshun0514workout,db_squat,474310,474560,250,0.8269
datasets/workout/hsianshun0514workout/hsianshun0514workout_whole_session_20260514_145843.csv,hsianshun0514workout,db_squat,474560,474838,278,0.8265
datasets/workout/hsianshun0514workout/hsianshun0514workout_whole_session_20260514_145843.csv,hsianshun0514workout,db_squat,474838,475071,233,0.8657
datasets/workout/hsianshun0514workout/hsianshun0514workout_whole_session_20260514_145843.csv,hsianshun0514workout,db_squat,475071,475351,280,0.9751
datasets/workout/hsianshun0514workout/hsianshun0514workout_whole_session_20260514_145843.csv,hsianshun0514workout,db_squat,475351,475614,263,0.9257
datasets/workout/hsianshun0514workout/hsianshun0514workout_whole_session_20260514_145843.csv,hsianshun0514workout,db_squat,475614,475880,266,0.9393
datasets/workout/hsianshun0514workout/hsianshun0514workout_whole_session_20260514_145843.csv,hsianshun0514workout,db_squat,475880,476142,262,0.966
datasets/workout/hsianshun0514workout/hsianshun0514workout_whole_session_20260514_145843.csv,hsianshun0514workout,db_squat,476142,476429,287,0.9181
datasets/workout/hsianshun0514workout/hsianshun0514workout_whole_session_20260514_145843.csv,hsianshun0514workout,db_squat,476429,476601,172,0.9053
datasets/workout/hsianshun0514workout/hsianshun0514workout_whole_session_20260514_145843.csv,hsianshun0514workout,db_squat,486271,486446,175,0.6272
datasets/workout/hsianshun0514workout/hsianshun0514workout_whole_session_20260514_145843.csv,hsianshun0514workout,db_squat,486446,486782,336,0.5893
datasets/workout/hsianshun0514workout/hsianshun0514workout_whole_session_20260514_145843.csv,hsianshun0514workout,db_squat,486782,487017,235,0.8104
datasets/workout/hsianshun0514workout/hsianshun0514workout_whole_session_20260514_145843.csv,hsianshun0514workout,db_squat,487017,487236,219,0.9068
datasets/workout/hsianshun0514workout/hsianshun0514workout_whole_session_20260514_145843.csv,hsianshun0514workout,db_squat,487236,487483,247,0.9048
datasets/workout/hsianshun0514workout/hsianshun0514workout_whole_session_20260514_145843.csv,hsianshun0514workout,db_squat,487483,487746,263,0.9326
datasets/workout/hsianshun0514workout/hsianshun0514workout_whole_session_20260514_145843.csv,hsianshun0514workout,db_squat,487746,487998,252,0.9368
datasets/workout/hsianshun0514workout/hsianshun0514workout_whole_session_20260514_145843.csv,hsianshun0514workout,db_squat,487998,488282,284,0.9085
datasets/workout/hsianshun0514workout/hsianshun0514workout_whole_session_20260514_145843.csv,hsianshun0514workout,db_squat,488282,488428,146,0.5252
datasets/workout/hsianshun0514workout/hsianshun0514workout_whole_session_20260514_145843.csv,hsianshun0514workout,db_squat,488428,488791,363,0.6281
datasets/workout/hsianshun0514workout/hsianshun0514workout_whole_session_20260514_145843.csv,hsianshun0514workout,db_squat,488791,489065,274,0.9231
datasets/workout/hsianshun0514workout/hsianshun0514workout_whole_session_20260514_145843.csv,hsianshun0514workout,db_squat,489065,489324,259,0.9628
datasets/workout/hsianshun0514workout/hsianshun0514workout_whole_session_20260514_145843.csv,hsianshun0514workout,db_squat,502284,502508,224,0.7
datasets/workout/hsianshun0514workout/hsianshun0514workout_whole_session_20260514_145843.csv,hsianshun0514workout,db_squat,502508,502814,306,0.6634
datasets/workout/hsianshun0514workout/hsianshun0514workout_whole_session_20260514_145843.csv,hsianshun0514workout,db_squat,502814,503016,202,0.9617
datasets/workout/hsianshun0514workout/hsianshun0514workout_whole_session_20260514_145843.csv,hsianshun0514workout,db_squat,503016,503243,227,0.8947
datasets/workout/hsianshun0514workout/hsianshun0514workout_whole_session_20260514_145843.csv,hsianshun0514workout,db_squat,503243,503455,212,0.8908
datasets/workout/hsianshun0514workout/hsianshun0514workout_whole_session_20260514_145843.csv,hsianshun0514workout,db_squat,503455,503684,229,0.9476
datasets/workout/hsianshun0514workout/hsianshun0514workout_whole_session_20260514_145843.csv,hsianshun0514workout,db_squat,503684,503896,212,0.9412
datasets/workout/hsianshun0514workout/hsianshun0514workout_whole_session_20260514_145843.csv,hsianshun0514workout,db_squat,503896,504134,238,0.9793
datasets/workout/hsianshun0514workout/hsianshun0514workout_whole_session_20260514_145843.csv,hsianshun0514workout,db_squat,504134,504366,232,0.9313
datasets/workout/hsianshun0514workout/hsianshun0514workout_whole_session_20260514_145843.csv,hsianshun0514workout,db_squat,504366,504605,239,0.8661
datasets/workout/hsianshun0514workout/hsianshun0514workout_whole_session_20260514_145843.csv,hsianshun0514workout,db_squat,504605,504844,239,0.8985
datasets/workout/hsianshun0514workout/hsianshun0514workout_whole_session_20260514_145843.csv,hsianshun0514workout,db_squat,504844,505107,263,0.9696
datasets/workout/hsianshun0514workout/hsianshun0514workout_whole_session_20260514_145843.csv,hsianshun0514workout,db_triceps_curl,407676,407947,271,0.8303
datasets/workout/hsianshun0514workout/hsianshun0514workout_whole_session_20260514_145843.csv,hsianshun0514workout,db_triceps_curl,407947,408217,270,0.7152
datasets/workout/hsianshun0514workout/hsianshun0514workout_whole_session_20260514_145843.csv,hsianshun0514workout,db_triceps_curl,408217,408532,315,0.6852
datasets/workout/hsianshun0514workout/hsianshun0514workout_whole_session_20260514_145843.csv,hsianshun0514workout,db_triceps_curl,408532,408821,289,0.7039
datasets/workout/hsianshun0514workout/hsianshun0514workout_whole_session_20260514_145843.csv,hsianshun0514workout,db_triceps_curl,408821,409147,326,0.7107
datasets/workout/hsianshun0514workout/hsianshun0514workout_whole_session_20260514_145843.csv,hsianshun0514workout,db_triceps_curl,409147,409427,280,0.6236
datasets/workout/hsianshun0514workout/hsianshun0514workout_whole_session_20260514_145843.csv,hsianshun0514workout,db_triceps_curl,409427,409750,323,0.7461
datasets/workout/hsianshun0514workout/hsianshun0514workout_whole_session_20260514_145843.csv,hsianshun0514workout,db_triceps_curl,409750,410112,362,0.6599
datasets/workout/hsianshun0514workout/hsianshun0514workout_whole_session_20260514_145843.csv,hsianshun0514workout,db_triceps_curl,410112,410476,364,0.5366
datasets/workout/hsianshun0514workout/hsianshun0514workout_whole_session_20260514_145843.csv,hsianshun0514workout,db_triceps_curl,410476,410731,255,0.5892
datasets/workout/hsianshun0514workout/hsianshun0514workout_whole_session_20260514_145843.csv,hsianshun0514workout,db_triceps_curl,430978,431339,361,0.9197
datasets/workout/hsianshun0514workout/hsianshun0514workout_whole_session_20260514_145843.csv,hsianshun0514workout,db_triceps_curl,431339,431645,306,0.8896
datasets/workout/hsianshun0514workout/hsianshun0514workout_whole_session_20260514_145843.csv,hsianshun0514workout,db_triceps_curl,431645,431946,301,0.9678
datasets/workout/hsianshun0514workout/hsianshun0514workout_whole_session_20260514_145843.csv,hsianshun0514workout,db_triceps_curl,431946,432255,309,0.877
datasets/workout/hsianshun0514workout/hsianshun0514workout_whole_session_20260514_145843.csv,hsianshun0514workout,db_triceps_curl,432255,432529,274,0.8194
datasets/workout/hsianshun0514workout/hsianshun0514workout_whole_session_20260514_145843.csv,hsianshun0514workout,db_triceps_curl,432529,432847,318,0.784
datasets/workout/hsianshun0514workout/hsianshun0514workout_whole_session_20260514_145843.csv,hsianshun0514workout,db_triceps_curl,432847,433132,285,0.7367
datasets/workout/hsianshun0514workout/hsianshun0514workout_whole_session_20260514_145843.csv,hsianshun0514workout,db_triceps_curl,433132,433419,287,0.8204
datasets/workout/hsianshun0514workout/hsianshun0514workout_whole_session_20260514_145843.csv,hsianshun0514workout,db_triceps_curl,433419,433718,299,0.8598
datasets/workout/hsianshun0514workout/hsianshun0514workout_whole_session_20260514_145843.csv,hsianshun0514workout,db_triceps_curl,433718,434041,323,0.7457
datasets/workout/hsianshun0514workout/hsianshun0514workout_whole_session_20260514_145843.csv,hsianshun0514workout,db_triceps_curl,434041,434340,299,0.6511
datasets/workout/hsianshun0514workout/hsianshun0514workout_whole_session_20260514_145843.csv,hsianshun0514workout,db_triceps_curl,434340,434589,249,0.8006
datasets/workout/hsianshun0514workout/hsianshun0514workout_whole_session_20260514_145843.csv,hsianshun0514workout,db_triceps_curl,448600,448860,260,0.9154
datasets/workout/hsianshun0514workout/hsianshun0514workout_whole_session_20260514_145843.csv,hsianshun0514workout,db_triceps_curl,448860,449120,260,0.8121
datasets/workout/hsianshun0514workout/hsianshun0514workout_whole_session_20260514_145843.csv,hsianshun0514workout,db_triceps_curl,449120,449390,270,0.7442
datasets/workout/hsianshun0514workout/hsianshun0514workout_whole_session_20260514_145843.csv,hsianshun0514workout,db_triceps_curl,449390,449633,243,0.7439
datasets/workout/hsianshun0514workout/hsianshun0514workout_whole_session_20260514_145843.csv,hsianshun0514workout,db_triceps_curl,449633,449928,295,0.709
datasets/workout/hsianshun0514workout/hsianshun0514workout_whole_session_20260514_145843.csv,hsianshun0514workout,db_triceps_curl,449928,450211,283,0.6361
datasets/workout/hsianshun0514workout/hsianshun0514workout_whole_session_20260514_145843.csv,hsianshun0514workout,db_triceps_curl,450211,450471,260,0.6293
datasets/workout/hsianshun0514workout/hsianshun0514workout_whole_session_20260514_145843.csv,hsianshun0514workout,db_triceps_curl,450471,450735,264,0.6646
datasets/workout/hsianshun0514workout/hsianshun0514workout_whole_session_20260514_145843.csv,hsianshun0514workout,db_triceps_curl,450735,451044,309,0.6852
datasets/workout/hsianshun0514workout/hsianshun0514workout_whole_session_20260514_145843.csv,hsianshun0514workout,db_triceps_curl,451044,451264,220,0.689
datasets/workout/hsianshun0514workout/hsianshun0514workout_whole_session_20260514_145843.csv,hsianshun0514workout,db_triceps_curl,451264,451560,296,0.7196
datasets/workout/hsianshun0514workout/hsianshun0514workout_whole_session_20260514_145843.csv,hsianshun0514workout,db_triceps_curl,451560,451823,263,0.8018
datasets/workout/hsianshun0514workout/hsianshun0514workout_whole_session_20260514_145843.csv,hsianshun0514workout,db_weighted_crunch,164651,164920,269,0.9814
datasets/workout/hsianshun0514workout/hsianshun0514workout_whole_session_20260514_145843.csv,hsianshun0514workout,db_weighted_crunch,164920,165233,313,0.8899
datasets/workout/hsianshun0514workout/hsianshun0514workout_whole_session_20260514_145843.csv,hsianshun0514workout,db_weighted_crunch,165233,165576,343,0.9171
datasets/workout/hsianshun0514workout/hsianshun0514workout_whole_session_20260514_145843.csv,hsianshun0514workout,db_weighted_crunch,165576,165928,352,0.9616
datasets/workout/hsianshun0514workout/hsianshun0514workout_whole_session_20260514_145843.csv,hsianshun0514workout,db_weighted_crunch,165928,166359,431,0.9559
datasets/workout/hsianshun0514workout/hsianshun0514workout_whole_session_20260514_145843.csv,hsianshun0514workout,db_weighted_crunch,166359,166761,402,0.9781
datasets/workout/hsianshun0514workout/hsianshun0514workout_whole_session_20260514_145843.csv,hsianshun0514workout,db_weighted_crunch,166761,167157,396,0.9823
datasets/workout/hsianshun0514workout/hsianshun0514workout_whole_session_20260514_145843.csv,hsianshun0514workout,db_weighted_crunch,167157,167858,701,0.5943
datasets/workout/hsianshun0514workout/hsianshun0514workout_whole_session_20260514_145843.csv,hsianshun0514workout,db_weighted_crunch,167858,168354,496,0.7903
datasets/workout/hsianshun0514workout/hsianshun0514workout_whole_session_20260514_145843.csv,hsianshun0514workout,db_weighted_crunch,168354,168684,330,0.8777
datasets/workout/hsianshun0514workout/hsianshun0514workout_whole_session_20260514_145843.csv,hsianshun0514workout,db_weighted_crunch,168684,169003,319,0.953
datasets/workout/hsianshun0514workout/hsianshun0514workout_whole_session_20260514_145843.csv,hsianshun0514workout,db_weighted_crunch,176284,176464,180,0.4604
datasets/workout/hsianshun0514workout/hsianshun0514workout_whole_session_20260514_145843.csv,hsianshun0514workout,db_weighted_crunch,176464,176675,211,0.5396
datasets/workout/hsianshun0514workout/hsianshun0514workout_whole_session_20260514_145843.csv,hsianshun0514workout,db_weighted_crunch,177652,177893,241,0.9502
datasets/workout/hsianshun0514workout/hsianshun0514workout_whole_session_20260514_145843.csv,hsianshun0514workout,db_weighted_crunch,177893,178275,382,0.8325
datasets/workout/hsianshun0514workout/hsianshun0514workout_whole_session_20260514_145843.csv,hsianshun0514workout,db_weighted_crunch,178275,178586,311,0.753
datasets/workout/hsianshun0514workout/hsianshun0514workout_whole_session_20260514_145843.csv,hsianshun0514workout,db_weighted_crunch,178586,178974,388,0.8608
datasets/workout/hsianshun0514workout/hsianshun0514workout_whole_session_20260514_145843.csv,hsianshun0514workout,db_weighted_crunch,178974,179267,293,0.9556
datasets/workout/hsianshun0514workout/hsianshun0514workout_whole_session_20260514_145843.csv,hsianshun0514workout,db_weighted_crunch,179267,179630,363,0.9322
datasets/workout/hsianshun0514workout/hsianshun0514workout_whole_session_20260514_145843.csv,hsianshun0514workout,db_weighted_crunch,179630,179924,294,0.7903
datasets/workout/hsianshun0514workout/hsianshun0514workout_whole_session_20260514_145843.csv,hsianshun0514workout,db_weighted_crunch,179924,180343,419,0.8282
datasets/workout/hsianshun0514workout/hsianshun0514workout_whole_session_20260514_145843.csv,hsianshun0514workout,db_weighted_crunch,180343,180702,359,0.9355
datasets/workout/hsianshun0514workout/hsianshun0514workout_whole_session_20260514_145843.csv,hsianshun0514workout,db_weighted_crunch,180702,181099,397,0.9589
datasets/workout/hsianshun0514workout/hsianshun0514workout_whole_session_20260514_145843.csv,hsianshun0514workout,db_weighted_crunch,181099,181495,396,0.8986
datasets/workout/hsianshun0514workout/hsianshun0514workout_whole_session_20260514_145843.csv,hsianshun0514workout,db_weighted_crunch,181495,181915,420,0.9052
datasets/workout/hsianshun0514workout/hsianshun0514workout_whole_session_20260514_145843.csv,hsianshun0514workout,db_weighted_crunch,181915,182328,413,0.9952
datasets/workout/hsianshun0514workout/hsianshun0514workout_whole_session_20260514_145843.csv,hsianshun0514workout,db_weighted_crunch,191776,192120,344,0.9419
datasets/workout/hsianshun0514workout/hsianshun0514workout_whole_session_20260514_145843.csv,hsianshun0514workout,db_weighted_crunch,192120,192440,320,0.8889
datasets/workout/hsianshun0514workout/hsianshun0514workout_whole_session_20260514_145843.csv,hsianshun0514workout,db_weighted_crunch,192440,192822,382,0.7775
datasets/workout/hsianshun0514workout/hsianshun0514workout_whole_session_20260514_145843.csv,hsianshun0514workout,db_weighted_crunch,192822,193120,298,0.7851
datasets/workout/hsianshun0514workout/hsianshun0514workout_whole_session_20260514_145843.csv,hsianshun0514workout,db_weighted_crunch,193120,193587,467,0.8729
datasets/workout/hsianshun0514workout/hsianshun0514workout_whole_session_20260514_145843.csv,hsianshun0514workout,db_weighted_crunch,193587,193921,334,0.8534
datasets/workout/hsianshun0514workout/hsianshun0514workout_whole_session_20260514_145843.csv,hsianshun0514workout,db_weighted_crunch,193921,194354,433,0.932
datasets/workout/hsianshun0514workout/hsianshun0514workout_whole_session_20260514_145843.csv,hsianshun0514workout,db_weighted_crunch,194354,194567,213,0.565
datasets/workout/hsianshun0514workout/hsianshun0514workout_whole_session_20260514_145843.csv,hsianshun0514workout,db_weighted_crunch,194567,194994,427,0.5408
datasets/workout/hsianshun0514workout/hsianshun0514workout_whole_session_20260514_145843.csv,hsianshun0514workout,db_weighted_crunch,194994,195496,502,0.7836
datasets/workout/hsianshun0514workout/hsianshun0514workout_whole_session_20260514_145843.csv,hsianshun0514workout,db_weighted_crunch,195496,195925,429,0.8322
datasets/workout/hsianshun0514workout/hsianshun0514workout_whole_session_20260514_145843.csv,hsianshun0514workout,db_weighted_crunch,195925,196184,259,0.8094
datasets/workout/hsianshun0514workout/hsianshun0514workout_whole_session_20260514_145843.csv,hsianshun0514workout,one_arm_db_row,43208,43586,378,0.8492
datasets/workout/hsianshun0514workout/hsianshun0514workout_whole_session_20260514_145843.csv,hsianshun0514workout,one_arm_db_row,43586,43869,283,0.6294
datasets/workout/hsianshun0514workout/hsianshun0514workout_whole_session_20260514_145843.csv,hsianshun0514workout,one_arm_db_row,43869,44107,238,0.7532
datasets/workout/hsianshun0514workout/hsianshun0514workout_whole_session_20260514_145843.csv,hsianshun0514workout,one_arm_db_row,44107,44426,319,0.9655
datasets/workout/hsianshun0514workout/hsianshun0514workout_whole_session_20260514_145843.csv,hsianshun0514workout,one_arm_db_row,44426,44695,269,0.9676
datasets/workout/hsianshun0514workout/hsianshun0514workout_whole_session_20260514_145843.csv,hsianshun0514workout,one_arm_db_row,44695,45090,395,0.7316
datasets/workout/hsianshun0514workout/hsianshun0514workout_whole_session_20260514_145843.csv,hsianshun0514workout,one_arm_db_row,45090,45314,224,0.6569
datasets/workout/hsianshun0514workout/hsianshun0514workout_whole_session_20260514_145843.csv,hsianshun0514workout,one_arm_db_row,45314,45684,370,0.9263
datasets/workout/hsianshun0514workout/hsianshun0514workout_whole_session_20260514_145843.csv,hsianshun0514workout,one_arm_db_row,45684,45977,293,0.8203
datasets/workout/hsianshun0514workout/hsianshun0514workout_whole_session_20260514_145843.csv,hsianshun0514workout,one_arm_db_row,45977,46390,413,0.8329
datasets/workout/hsianshun0514workout/hsianshun0514workout_whole_session_20260514_145843.csv,hsianshun0514workout,one_arm_db_row,46390,46684,294,0.9274
datasets/workout/hsianshun0514workout/hsianshun0514workout_whole_session_20260514_145843.csv,hsianshun0514workout,one_arm_db_row,46684,46964,280,0.9786
datasets/workout/hsianshun0514workout/hsianshun0514workout_whole_session_20260514_145843.csv,hsianshun0514workout,one_arm_db_row,55172,55453,281,0.9395
datasets/workout/hsianshun0514workout/hsianshun0514workout_whole_session_20260514_145843.csv,hsianshun0514workout,one_arm_db_row,55453,55662,209,0.7876
datasets/workout/hsianshun0514workout/hsianshun0514workout_whole_session_20260514_145843.csv,hsianshun0514workout,one_arm_db_row,55662,56018,356,0.6072
datasets/workout/hsianshun0514workout/hsianshun0514workout_whole_session_20260514_145843.csv,hsianshun0514workout,one_arm_db_row,56018,56222,204,0.4585
datasets/workout/hsianshun0514workout/hsianshun0514workout_whole_session_20260514_145843.csv,hsianshun0514workout,one_arm_db_row,56222,56540,318,0.5147
datasets/workout/hsianshun0514workout/hsianshun0514workout_whole_session_20260514_145843.csv,hsianshun0514workout,one_arm_db_row,56540,56678,138,0.5227
datasets/workout/hsianshun0514workout/hsianshun0514workout_whole_session_20260514_145843.csv,hsianshun0514workout,one_arm_db_row,56678,56950,272,0.9891
datasets/workout/hsianshun0514workout/hsianshun0514workout_whole_session_20260514_145843.csv,hsianshun0514workout,one_arm_db_row,56950,57248,298,0.9631
datasets/workout/hsianshun0514workout/hsianshun0514workout_whole_session_20260514_145843.csv,hsianshun0514workout,one_arm_db_row,57248,57549,301,0.9256
datasets/workout/hsianshun0514workout/hsianshun0514workout_whole_session_20260514_145843.csv,hsianshun0514workout,one_arm_db_row,57549,57889,340,0.7859
datasets/workout/hsianshun0514workout/hsianshun0514workout_whole_session_20260514_145843.csv,hsianshun0514workout,one_arm_db_row,57889,58215,326,0.6176
datasets/workout/hsianshun0514workout/hsianshun0514workout_whole_session_20260514_145843.csv,hsianshun0514workout,one_arm_db_row,58215,58391,176,0.6692
datasets/workout/hsianshun0514workout/hsianshun0514workout_whole_session_20260514_145843.csv,hsianshun0514workout,one_arm_db_row,64750,64857,107,0.4693
datasets/workout/hsianshun0514workout/hsianshun0514workout_whole_session_20260514_145843.csv,hsianshun0514workout,one_arm_db_row,64857,65059,202,0.3916
datasets/workout/hsianshun0514workout/hsianshun0514workout_whole_session_20260514_145843.csv,hsianshun0514workout,one_arm_db_row,65059,65249,190,0.6015
datasets/workout/hsianshun0514workout/hsianshun0514workout_whole_session_20260514_145843.csv,hsianshun0514workout,one_arm_db_row,65249,65536,287,0.7166
datasets/workout/hsianshun0514workout/hsianshun0514workout_whole_session_20260514_145843.csv,hsianshun0514workout,one_arm_db_row,65536,65741,205,0.6367
datasets/workout/hsianshun0514workout/hsianshun0514workout_whole_session_20260514_145843.csv,hsianshun0514workout,one_arm_db_row,65741,66017,276,0.7074
datasets/workout/hsianshun0514workout/hsianshun0514workout_whole_session_20260514_145843.csv,hsianshun0514workout,one_arm_db_row,66017,66307,290,0.5231
datasets/workout/hsianshun0514workout/hsianshun0514workout_whole_session_20260514_145843.csv,hsianshun0514workout,one_arm_db_row,66307,66523,216,0.3785
datasets/workout/hsianshun0514workout/hsianshun0514workout_whole_session_20260514_145843.csv,hsianshun0514workout,one_arm_db_row,66523,66696,173,0.4925
datasets/workout/hsianshun0514workout/hsianshun0514workout_whole_session_20260514_145843.csv,hsianshun0514workout,one_arm_db_row,66696,67011,315,0.6443
datasets/workout/hsianshun0514workout/hsianshun0514workout_whole_session_20260514_145843.csv,hsianshun0514workout,one_arm_db_row,67011,67191,180,0.6226
datasets/workout/hsianshun0514workout/hsianshun0514workout_whole_session_20260514_145843.csv,hsianshun0514workout,one_arm_db_row,67191,67663,472,0.4928
datasets/workout/hsianshun0514workout/hsianshun0514workout_whole_session_20260514_145843.csv,hsianshun0514workout,one_arm_db_row,74827,75026,199,0.9343
datasets/workout/hsianshun0514workout/hsianshun0514workout_whole_session_20260514_145843.csv,hsianshun0514workout,one_arm_db_row,75026,75264,238,0.9143
datasets/workout/hsianshun0514workout/hsianshun0514workout_whole_session_20260514_145843.csv,hsianshun0514workout,one_arm_db_row,75264,75428,164,0.6653
datasets/workout/hsianshun0514workout/hsianshun0514workout_whole_session_20260514_145843.csv,hsianshun0514workout,one_arm_db_row,75428,75729,301,0.7442
datasets/workout/hsianshun0514workout/hsianshun0514workout_whole_session_20260514_145843.csv,hsianshun0514workout,one_arm_db_row,75729,75968,239,0.9139
datasets/workout/hsianshun0514workout/hsianshun0514workout_whole_session_20260514_145843.csv,hsianshun0514workout,one_arm_db_row,75968,76214,246,0.9008
datasets/workout/hsianshun0514workout/hsianshun0514workout_whole_session_20260514_145843.csv,hsianshun0514workout,one_arm_db_row,76214,76430,216,0.8894
datasets/workout/hsianshun0514workout/hsianshun0514workout_whole_session_20260514_145843.csv,hsianshun0514workout,one_arm_db_row,76430,76662,232,0.8826
datasets/workout/hsianshun0514workout/hsianshun0514workout_whole_session_20260514_145843.csv,hsianshun0514workout,one_arm_db_row,76662,76898,236,0.896
datasets/workout/hsianshun0514workout/hsianshun0514workout_whole_session_20260514_145843.csv,hsianshun0514workout,one_arm_db_row,76898,77139,241,0.834
datasets/workout/hsianshun0514workout/hsianshun0514workout_whole_session_20260514_145843.csv,hsianshun0514workout,one_arm_db_row,77139,77381,242,0.7463
datasets/workout/hsianshun0514workout/hsianshun0514workout_whole_session_20260514_145843.csv,hsianshun0514workout,one_arm_db_row,77381,77617,236,0.8582
datasets/workout/kevin0509workout/kevin0509workout_whole_session_20260509_173017.csv,kevin0509workout,db_bench_press,617,707,90,0.2821
datasets/workout/kevin0509workout/kevin0509workout_whole_session_20260509_173017.csv,kevin0509workout,db_bench_press,707,907,200,0.627
datasets/workout/kevin0509workout/kevin0509workout_whole_session_20260509_173017.csv,kevin0509workout,db_bench_press,907,1068,161,0.3976
datasets/workout/kevin0509workout/kevin0509workout_whole_session_20260509_173017.csv,kevin0509workout,db_bench_press,1068,1199,131,0.4323
datasets/workout/kevin0509workout/kevin0509workout_whole_session_20260509_173017.csv,kevin0509workout,db_bench_press,1199,1377,178,0.3966
datasets/workout/kevin0509workout/kevin0509workout_whole_session_20260509_173017.csv,kevin0509workout,db_bench_press,1377,1514,137,0.4448
datasets/workout/kevin0509workout/kevin0509workout_whole_session_20260509_173017.csv,kevin0509workout,db_bench_press,1514,1693,179,0.432
datasets/workout/kevin0509workout/kevin0509workout_whole_session_20260509_173017.csv,kevin0509workout,db_bench_press,1693,1835,142,0.4656
datasets/workout/kevin0509workout/kevin0509workout_whole_session_20260509_173017.csv,kevin0509workout,db_bench_press,1835,1991,156,0.4029
datasets/workout/kevin0509workout/kevin0509workout_whole_session_20260509_173017.csv,kevin0509workout,db_bench_press,1991,2159,168,0.5122
datasets/workout/kevin0509workout/kevin0509workout_whole_session_20260509_173017.csv,kevin0509workout,db_bench_press,2159,2357,198,0.493
datasets/workout/kevin0509workout/kevin0509workout_whole_session_20260509_173017.csv,kevin0509workout,db_bench_press,2357,2477,120,0.355
datasets/workout/kevin0509workout/kevin0509workout_whole_session_20260509_173017.csv,kevin0509workout,db_bench_press,2477,2627,150,0.2876
datasets/workout/kevin0509workout/kevin0509workout_whole_session_20260509_173017.csv,kevin0509workout,db_bench_press,2627,2821,194,0.574
datasets/workout/kevin0509workout/kevin0509workout_whole_session_20260509_173017.csv,kevin0509workout,db_bench_press,2821,3032,211,0.4411
datasets/workout/kevin0509workout/kevin0509workout_whole_session_20260509_173017.csv,kevin0509workout,db_bench_press,3032,3196,164,0.4505
datasets/workout/kevin0509workout/kevin0509workout_whole_session_20260509_173017.csv,kevin0509workout,db_bench_press,3196,3383,187,0.419
datasets/workout/kevin0509workout/kevin0509workout_whole_session_20260509_173017.csv,kevin0509workout,db_bench_press,3383,3546,163,0.4466
datasets/workout/kevin0509workout/kevin0509workout_whole_session_20260509_173017.csv,kevin0509workout,db_bench_press,3546,3684,138,0.2585
datasets/workout/kevin0509workout/kevin0509workout_whole_session_20260509_173017.csv,kevin0509workout,db_bench_press,3684,3898,214,0.6221
datasets/workout/kevin0509workout/kevin0509workout_whole_session_20260509_173017.csv,kevin0509workout,db_bench_press,3898,4080,182,0.3775
datasets/workout/kevin0509workout/kevin0509workout_whole_session_20260509_173017.csv,kevin0509workout,db_bench_press,4080,4259,179,0.4851
datasets/workout/kevin0509workout/kevin0509workout_whole_session_20260509_173017.csv,kevin0509workout,db_bench_press,4259,4419,160,0.3418
datasets/workout/kevin0509workout/kevin0509workout_whole_session_20260509_173017.csv,kevin0509workout,db_bench_press,4419,4613,194,0.6159
datasets/workout/kevin0509workout/kevin0509workout_whole_session_20260509_173017.csv,kevin0509workout,db_bench_press,11655,11737,82,0.3293
datasets/workout/kevin0509workout/kevin0509workout_whole_session_20260509_173017.csv,kevin0509workout,db_bench_press,11737,11870,133,0.5341
datasets/workout/kevin0509workout/kevin0509workout_whole_session_20260509_173017.csv,kevin0509workout,db_bench_press,11870,11964,94,0.2299
datasets/workout/kevin0509workout/kevin0509workout_whole_session_20260509_173017.csv,kevin0509workout,db_bench_press,11964,12074,110,0.4846
datasets/workout/kevin0509workout/kevin0509workout_whole_session_20260509_173017.csv,kevin0509workout,db_bench_press,12074,12239,165,0.3364
datasets/workout/kevin0509workout/kevin0509workout_whole_session_20260509_173017.csv,kevin0509workout,db_bench_press,12239,12366,127,0.4811
datasets/workout/kevin0509workout/kevin0509workout_whole_session_20260509_173017.csv,kevin0509workout,db_bench_press,12366,12513,147,0.3688
datasets/workout/kevin0509workout/kevin0509workout_whole_session_20260509_173017.csv,kevin0509workout,db_bench_press,12513,12654,141,0.4845
datasets/workout/kevin0509workout/kevin0509workout_whole_session_20260509_173017.csv,kevin0509workout,db_bench_press,12654,12770,116,0.2809
datasets/workout/kevin0509workout/kevin0509workout_whole_session_20260509_173017.csv,kevin0509workout,db_bench_press,12770,12909,139,0.5206
datasets/workout/kevin0509workout/kevin0509workout_whole_session_20260509_173017.csv,kevin0509workout,db_bench_press,12909,13083,174,0.3904
datasets/workout/kevin0509workout/kevin0509workout_whole_session_20260509_173017.csv,kevin0509workout,db_bench_press,13083,13219,136,0.4706
datasets/workout/kevin0509workout/kevin0509workout_whole_session_20260509_173017.csv,kevin0509workout,db_bench_press,13219,13412,193,0.4607
datasets/workout/kevin0509workout/kevin0509workout_whole_session_20260509_173017.csv,kevin0509workout,db_bench_press,13412,13557,145,0.4191
datasets/workout/kevin0509workout/kevin0509workout_whole_session_20260509_173017.csv,kevin0509workout,db_bench_press,13557,13740,183,0.4551
datasets/workout/kevin0509workout/kevin0509workout_whole_session_20260509_173017.csv,kevin0509workout,db_bench_press,13740,13806,66,0.2178
datasets/workout/kevin0509workout/kevin0509workout_whole_session_20260509_173017.csv,kevin0509workout,db_bench_press,13806,13975,169,0.2393
datasets/workout/kevin0509workout/kevin0509workout_whole_session_20260509_173017.csv,kevin0509workout,db_bench_press,13975,14110,135,0.5075
datasets/workout/kevin0509workout/kevin0509workout_whole_session_20260509_173017.csv,kevin0509workout,db_bench_press,14110,14263,153,0.3145
datasets/workout/kevin0509workout/kevin0509workout_whole_session_20260509_173017.csv,kevin0509workout,db_bench_press,14263,14423,160,0.5517
datasets/workout/kevin0509workout/kevin0509workout_whole_session_20260509_173017.csv,kevin0509workout,db_bench_press,14423,14527,104,0.2867
datasets/workout/kevin0509workout/kevin0509workout_whole_session_20260509_173017.csv,kevin0509workout,db_bench_press,14527,14660,133,0.5216
datasets/workout/kevin0509workout/kevin0509workout_whole_session_20260509_173017.csv,kevin0509workout,db_bench_press,14660,14845,185,0.4497
datasets/workout/kevin0509workout/kevin0509workout_whole_session_20260509_173017.csv,kevin0509workout,db_bench_press,14845,14978,133,0.4819
datasets/workout/kevin0509workout/kevin0509workout_whole_session_20260509_173017.csv,kevin0509workout,db_bench_press,20890,20955,65,0.272
datasets/workout/kevin0509workout/kevin0509workout_whole_session_20260509_173017.csv,kevin0509workout,db_bench_press,20955,21065,110,0.4603
datasets/workout/kevin0509workout/kevin0509workout_whole_session_20260509_173017.csv,kevin0509workout,db_bench_press,21065,21216,151,0.2806
datasets/workout/kevin0509workout/kevin0509workout_whole_session_20260509_173017.csv,kevin0509workout,db_bench_press,21216,21337,121,0.4919
datasets/workout/kevin0509workout/kevin0509workout_whole_session_20260509_173017.csv,kevin0509workout,db_bench_press,21337,21430,93,0.2174
datasets/workout/kevin0509workout/kevin0509workout_whole_session_20260509_173017.csv,kevin0509workout,db_bench_press,21430,21575,145,0.6744
datasets/workout/kevin0509workout/kevin0509workout_whole_session_20260509_173017.csv,kevin0509workout,db_bench_press,21575,21725,150,0.4412
datasets/workout/kevin0509workout/kevin0509workout_whole_session_20260509_173017.csv,kevin0509workout,db_bench_press,21725,21858,133,0.457
datasets/workout/kevin0509workout/kevin0509workout_whole_session_20260509_173017.csv,kevin0509workout,db_bench_press,21858,21962,104,0.2784
datasets/workout/kevin0509workout/kevin0509workout_whole_session_20260509_173017.csv,kevin0509workout,db_bench_press,21962,22137,175,0.653
datasets/workout/kevin0509workout/kevin0509workout_whole_session_20260509_173017.csv,kevin0509workout,db_bench_press,22137,22407,270,0.8113
datasets/workout/kevin0509workout/kevin0509workout_whole_session_20260509_173017.csv,kevin0509workout,db_bench_press,22407,22553,146,0.2874
datasets/workout/kevin0509workout/kevin0509workout_whole_session_20260509_173017.csv,kevin0509workout,db_bench_press,22553,22734,181,0.6177
datasets/workout/kevin0509workout/kevin0509workout_whole_session_20260509_173017.csv,kevin0509workout,db_bench_press,22734,22833,99,0.2769
datasets/workout/kevin0509workout/kevin0509workout_whole_session_20260509_173017.csv,kevin0509workout,db_bench_press,22833,23018,185,0.6314
datasets/workout/kevin0509workout/kevin0509workout_whole_session_20260509_173017.csv,kevin0509workout,db_bench_press,23018,23176,158,0.4272
datasets/workout/kevin0509workout/kevin0509workout_whole_session_20260509_173017.csv,kevin0509workout,db_bench_press,23176,23273,97,0.3311
datasets/workout/kevin0509workout/kevin0509workout_whole_session_20260509_173017.csv,kevin0509workout,db_bench_press,23273,23469,196,0.359
datasets/workout/kevin0509workout/kevin0509workout_whole_session_20260509_173017.csv,kevin0509workout,db_bench_press,23469,23638,169,0.5365
datasets/workout/kevin0509workout/kevin0509workout_whole_session_20260509_173017.csv,kevin0509workout,db_bench_press,23638,23734,96,0.2568
datasets/workout/kevin0509workout/kevin0509workout_whole_session_20260509_173017.csv,kevin0509workout,db_bench_press,23734,23935,201,0.6281
datasets/workout/kevin0509workout/kevin0509workout_whole_session_20260509_173017.csv,kevin0509workout,db_bench_press,23935,24072,137,0.3323
datasets/workout/kevin0509workout/kevin0509workout_whole_session_20260509_173017.csv,kevin0509workout,db_bench_press,24072,24245,173,0.6268
datasets/workout/kevin0509workout/kevin0509workout_whole_session_20260509_173017.csv,kevin0509workout,db_biceps_curl,226852,227230,378,0.9497
datasets/workout/kevin0509workout/kevin0509workout_whole_session_20260509_173017.csv,kevin0509workout,db_biceps_curl,227230,227412,182,0.5159
datasets/workout/kevin0509workout/kevin0509workout_whole_session_20260509_173017.csv,kevin0509workout,db_biceps_curl,227412,227700,288,0.3679
datasets/workout/kevin0509workout/kevin0509workout_whole_session_20260509_173017.csv,kevin0509workout,db_biceps_curl,227700,228134,434,0.6564
datasets/workout/kevin0509workout/kevin0509workout_whole_session_20260509_173017.csv,kevin0509workout,db_biceps_curl,228134,228498,364,0.9322
datasets/workout/kevin0509workout/kevin0509workout_whole_session_20260509_173017.csv,kevin0509workout,db_biceps_curl,228498,228696,198,0.523
datasets/workout/kevin0509workout/kevin0509workout_whole_session_20260509_173017.csv,kevin0509workout,db_biceps_curl,228696,229020,324,0.3308
datasets/workout/kevin0509workout/kevin0509workout_whole_session_20260509_173017.csv,kevin0509workout,db_biceps_curl,229020,229349,329,0.3423
datasets/workout/kevin0509workout/kevin0509workout_whole_session_20260509_173017.csv,kevin0509workout,db_biceps_curl,229349,229698,349,0.3635
datasets/workout/kevin0509workout/kevin0509workout_whole_session_20260509_173017.csv,kevin0509workout,db_biceps_curl,229698,230173,475,0.6079
datasets/workout/kevin0509workout/kevin0509workout_whole_session_20260509_173017.csv,kevin0509workout,db_biceps_curl,230173,230523,350,0.9486
datasets/workout/kevin0509workout/kevin0509workout_whole_session_20260509_173017.csv,kevin0509workout,db_biceps_curl,230523,230829,306,0.9653
datasets/workout/kevin0509workout/kevin0509workout_whole_session_20260509_173017.csv,kevin0509workout,db_biceps_curl,240317,240465,148,0.4728
datasets/workout/kevin0509workout/kevin0509workout_whole_session_20260509_173017.csv,kevin0509workout,db_biceps_curl,240465,240774,309,0.3611
datasets/workout/kevin0509workout/kevin0509workout_whole_session_20260509_173017.csv,kevin0509workout,db_biceps_curl,240774,241097,323,0.3665
datasets/workout/kevin0509workout/kevin0509workout_whole_session_20260509_173017.csv,kevin0509workout,db_biceps_curl,241097,241446,349,0.3706
datasets/workout/kevin0509workout/kevin0509workout_whole_session_20260509_173017.csv,kevin0509workout,db_biceps_curl,241446,241743,297,0.3313
datasets/workout/kevin0509workout/kevin0509workout_whole_session_20260509_173017.csv,kevin0509workout,db_biceps_curl,241743,242083,340,0.3724
datasets/workout/kevin0509workout/kevin0509workout_whole_session_20260509_173017.csv,kevin0509workout,db_biceps_curl,242083,242383,300,0.3277
datasets/workout/kevin0509workout/kevin0509workout_whole_session_20260509_173017.csv,kevin0509workout,db_biceps_curl,242383,242733,350,0.3579
datasets/workout/kevin0509workout/kevin0509workout_whole_session_20260509_173017.csv,kevin0509workout,db_biceps_curl,242733,243088,355,0.3783
datasets/workout/kevin0509workout/kevin0509workout_whole_session_20260509_173017.csv,kevin0509workout,db_biceps_curl,243088,243428,340,0.3303
datasets/workout/kevin0509workout/kevin0509workout_whole_session_20260509_173017.csv,kevin0509workout,db_biceps_curl,243428,243757,329,0.3732
datasets/workout/kevin0509workout/kevin0509workout_whole_session_20260509_173017.csv,kevin0509workout,db_biceps_curl,243757,244169,412,0.6408
datasets/workout/kevin0509workout/kevin0509workout_whole_session_20260509_173017.csv,kevin0509workout,db_biceps_curl,253518,256791,3273,0.1237
datasets/workout/kevin0509workout/kevin0509workout_whole_session_20260509_173017.csv,kevin0509workout,db_biceps_curl,256791,258055,1264,0.4114
datasets/workout/kevin0509workout/kevin0509workout_whole_session_20260509_173017.csv,kevin0509workout,db_rdl,86297,86639,342,0.8837
datasets/workout/kevin0509workout/kevin0509workout_whole_session_20260509_173017.csv,kevin0509workout,db_rdl,86639,86873,234,0.4896
datasets/workout/kevin0509workout/kevin0509workout_whole_session_20260509_173017.csv,kevin0509workout,db_rdl,86873,87249,376,0.459
datasets/workout/kevin0509workout/kevin0509workout_whole_session_20260509_173017.csv,kevin0509workout,db_rdl,87249,87537,288,0.4181
datasets/workout/kevin0509workout/kevin0509workout_whole_session_20260509_173017.csv,kevin0509workout,db_rdl,87537,87854,317,0.4269
datasets/workout/kevin0509workout/kevin0509workout_whole_session_20260509_173017.csv,kevin0509workout,db_rdl,87854,88143,289,0.3924
datasets/workout/kevin0509workout/kevin0509workout_whole_session_20260509_173017.csv,kevin0509workout,db_rdl,88143,88497,354,0.3833
datasets/workout/kevin0509workout/kevin0509workout_whole_session_20260509_173017.csv,kevin0509workout,db_rdl,88497,88887,390,0.4675
datasets/workout/kevin0509workout/kevin0509workout_whole_session_20260509_173017.csv,kevin0509workout,db_rdl,88887,89160,273,0.3615
datasets/workout/kevin0509workout/kevin0509workout_whole_session_20260509_173017.csv,kevin0509workout,db_rdl,89160,89545,385,0.3597
datasets/workout/kevin0509workout/kevin0509workout_whole_session_20260509_173017.csv,kevin0509workout,db_rdl,89545,89858,313,0.3591
datasets/workout/kevin0509workout/kevin0509workout_whole_session_20260509_173017.csv,kevin0509workout,db_rdl,89858,90269,411,0.691
datasets/workout/kevin0509workout/kevin0509workout_whole_session_20260509_173017.csv,kevin0509workout,db_rdl,96504,97039,535,0.7664
datasets/workout/kevin0509workout/kevin0509workout_whole_session_20260509_173017.csv,kevin0509workout,db_rdl,97039,97372,333,0.3886
datasets/workout/kevin0509workout/kevin0509workout_whole_session_20260509_173017.csv,kevin0509workout,db_rdl,97372,97735,363,0.4556
datasets/workout/kevin0509workout/kevin0509workout_whole_session_20260509_173017.csv,kevin0509workout,db_rdl,97735,97888,153,0.243
datasets/workout/kevin0509workout/kevin0509workout_whole_session_20260509_173017.csv,kevin0509workout,db_rdl,97888,98261,373,0.5399
datasets/workout/kevin0509workout/kevin0509workout_whole_session_20260509_173017.csv,kevin0509workout,db_rdl,98261,98512,251,0.4677
datasets/workout/kevin0509workout/kevin0509workout_whole_session_20260509_173017.csv,kevin0509workout,db_rdl,98512,98862,350,0.6738
datasets/workout/kevin0509workout/kevin0509workout_whole_session_20260509_173017.csv,kevin0509workout,db_rdl,98862,99220,358,0.6141
datasets/workout/kevin0509workout/kevin0509workout_whole_session_20260509_173017.csv,kevin0509workout,db_rdl,99220,99686,466,0.4778
datasets/workout/kevin0509workout/kevin0509workout_whole_session_20260509_173017.csv,kevin0509workout,db_rdl,99686,99982,296,0.3611
datasets/workout/kevin0509workout/kevin0509workout_whole_session_20260509_173017.csv,kevin0509workout,db_rdl,99982,100328,346,0.4547
datasets/workout/kevin0509workout/kevin0509workout_whole_session_20260509_173017.csv,kevin0509workout,db_rdl,100328,100510,182,0.5741
datasets/workout/kevin0509workout/kevin0509workout_whole_session_20260509_173017.csv,kevin0509workout,db_rdl,108375,108814,439,0.7494
datasets/workout/kevin0509workout/kevin0509workout_whole_session_20260509_173017.csv,kevin0509workout,db_rdl,108814,109051,237,0.5562
datasets/workout/kevin0509workout/kevin0509workout_whole_session_20260509_173017.csv,kevin0509workout,db_rdl,109051,109305,254,0.7617
datasets/workout/kevin0509workout/kevin0509workout_whole_session_20260509_173017.csv,kevin0509workout,db_rdl,109305,109633,328,0.7831
datasets/workout/kevin0509workout/kevin0509workout_whole_session_20260509_173017.csv,kevin0509workout,db_rdl,109633,109928,295,0.8203
datasets/workout/kevin0509workout/kevin0509workout_whole_session_20260509_173017.csv,kevin0509workout,db_rdl,109928,110256,328,0.7706
datasets/workout/kevin0509workout/kevin0509workout_whole_session_20260509_173017.csv,kevin0509workout,db_rdl,110256,110529,273,0.6932
datasets/workout/kevin0509workout/kevin0509workout_whole_session_20260509_173017.csv,kevin0509workout,db_rdl,110529,110798,269,0.8459
datasets/workout/kevin0509workout/kevin0509workout_whole_session_20260509_173017.csv,kevin0509workout,db_rdl,110798,111202,404,0.8144
datasets/workout/kevin0509workout/kevin0509workout_whole_session_20260509_173017.csv,kevin0509workout,db_rdl,111202,111489,287,0.7749
datasets/workout/kevin0509workout/kevin0509workout_whole_session_20260509_173017.csv,kevin0509workout,db_rdl,111489,111801,312,0.844
datasets/workout/kevin0509workout/kevin0509workout_whole_session_20260509_173017.csv,kevin0509workout,db_rdl,111801,112103,302,0.8935
datasets/workout/kevin0509workout/kevin0509workout_whole_session_20260509_173017.csv,kevin0509workout,db_shoulder_press,180405,180489,84,0.2781
datasets/workout/kevin0509workout/kevin0509workout_whole_session_20260509_173017.csv,kevin0509workout,db_shoulder_press,180489,180679,190,0.6291
datasets/workout/kevin0509workout/kevin0509workout_whole_session_20260509_173017.csv,kevin0509workout,db_shoulder_press,180679,180837,158,0.4392
datasets/workout/kevin0509workout/kevin0509workout_whole_session_20260509_173017.csv,kevin0509workout,db_shoulder_press,180837,180896,59,0.2201
datasets/workout/kevin0509workout/kevin0509workout_whole_session_20260509_173017.csv,kevin0509workout,db_shoulder_press,180896,181011,115,0.2599
datasets/workout/kevin0509workout/kevin0509workout_whole_session_20260509_173017.csv,kevin0509workout,db_shoulder_press,181011,181174,163,0.8191
datasets/workout/kevin0509workout/kevin0509workout_whole_session_20260509_173017.csv,kevin0509workout,db_shoulder_press,188153,188344,191,0.8268
datasets/workout/kevin0509workout/kevin0509workout_whole_session_20260509_173017.csv,kevin0509workout,db_shoulder_press,188344,188557,213,0.6179
datasets/workout/kevin0509workout/kevin0509workout_whole_session_20260509_173017.csv,kevin0509workout,db_shoulder_press,188557,188834,277,0.7343
datasets/workout/kevin0509workout/kevin0509workout_whole_session_20260509_173017.csv,kevin0509workout,db_shoulder_press,188834,188961,127,0.4521
datasets/workout/kevin0509workout/kevin0509workout_whole_session_20260509_173017.csv,kevin0509workout,db_shoulder_press,188961,189297,336,0.5611
datasets/workout/kevin0509workout/kevin0509workout_whole_session_20260509_173017.csv,kevin0509workout,db_shoulder_press,189297,189529,232,0.8125
datasets/workout/kevin0509workout/kevin0509workout_whole_session_20260509_173017.csv,kevin0509workout,db_shoulder_press,189529,189791,262,0.8947
datasets/workout/kevin0509workout/kevin0509workout_whole_session_20260509_173017.csv,kevin0509workout,db_shoulder_press,189791,190041,250,0.9354
datasets/workout/kevin0509workout/kevin0509workout_whole_session_20260509_173017.csv,kevin0509workout,db_shoulder_press,190041,190271,230,0.8346
datasets/workout/kevin0509workout/kevin0509workout_whole_session_20260509_173017.csv,kevin0509workout,db_shoulder_press,190271,190496,225,0.7769
datasets/workout/kevin0509workout/kevin0509workout_whole_session_20260509_173017.csv,kevin0509workout,db_shoulder_press,190496,190742,246,0.8415
datasets/workout/kevin0509workout/kevin0509workout_whole_session_20260509_173017.csv,kevin0509workout,db_shoulder_press,190742,190943,201,0.9393
datasets/workout/kevin0509workout/kevin0509workout_whole_session_20260509_173017.csv,kevin0509workout,db_shoulder_press,198200,198535,335,0.7463
datasets/workout/kevin0509workout/kevin0509workout_whole_session_20260509_173017.csv,kevin0509workout,db_shoulder_press,198535,198799,264,0.5387
datasets/workout/kevin0509workout/kevin0509workout_whole_session_20260509_173017.csv,kevin0509workout,db_shoulder_press,198799,199152,353,0.4685
datasets/workout/kevin0509workout/kevin0509workout_whole_session_20260509_173017.csv,kevin0509workout,db_shoulder_press,199152,199432,280,0.5116
datasets/workout/kevin0509workout/kevin0509workout_whole_session_20260509_173017.csv,kevin0509workout,db_shoulder_press,199432,199566,134,0.2122
datasets/workout/kevin0509workout/kevin0509workout_whole_session_20260509_173017.csv,kevin0509workout,db_shoulder_press,199566,199806,240,0.6526
datasets/workout/kevin0509workout/kevin0509workout_whole_session_20260509_173017.csv,kevin0509workout,db_shoulder_press,199806,200068,262,0.6877
datasets/workout/kevin0509workout/kevin0509workout_whole_session_20260509_173017.csv,kevin0509workout,db_shoulder_press,200068,200323,255,0.6613
datasets/workout/kevin0509workout/kevin0509workout_whole_session_20260509_173017.csv,kevin0509workout,db_shoulder_press,200323,200677,354,0.5743
datasets/workout/kevin0509workout/kevin0509workout_whole_session_20260509_173017.csv,kevin0509workout,db_shoulder_press,200677,200887,210,0.488
datasets/workout/kevin0509workout/kevin0509workout_whole_session_20260509_173017.csv,kevin0509workout,db_shoulder_press,200887,201202,315,0.6667
datasets/workout/kevin0509workout/kevin0509workout_whole_session_20260509_173017.csv,kevin0509workout,db_shoulder_press,201202,201408,206,0.7384
datasets/workout/kevin0509workout/kevin0509workout_whole_session_20260509_173017.csv,kevin0509workout,db_shoulder_press,211264,211537,273,0.8315
datasets/workout/kevin0509workout/kevin0509workout_whole_session_20260509_173017.csv,kevin0509workout,db_shoulder_press,211537,211778,241,0.6446
datasets/workout/kevin0509workout/kevin0509workout_whole_session_20260509_173017.csv,kevin0509workout,db_shoulder_press,211778,212061,283,0.5959
datasets/workout/kevin0509workout/kevin0509workout_whole_session_20260509_173017.csv,kevin0509workout,db_shoulder_press,212061,212407,346,0.4122
datasets/workout/kevin0509workout/kevin0509workout_whole_session_20260509_173017.csv,kevin0509workout,db_shoulder_press,212407,212675,268,0.4674
datasets/workout/kevin0509workout/kevin0509workout_whole_session_20260509_173017.csv,kevin0509workout,db_shoulder_press,212675,212822,147,0.3135
datasets/workout/kevin0509workout/kevin0509workout_whole_session_20260509_173017.csv,kevin0509workout,db_shoulder_press,212822,213120,298,0.7275
datasets/workout/kevin0509workout/kevin0509workout_whole_session_20260509_173017.csv,kevin0509workout,db_shoulder_press,213120,213537,417,0.5388
datasets/workout/kevin0509workout/kevin0509workout_whole_session_20260509_173017.csv,kevin0509workout,db_shoulder_press,213537,213810,273,0.4521
datasets/workout/kevin0509workout/kevin0509workout_whole_session_20260509_173017.csv,kevin0509workout,db_shoulder_press,213810,213950,140,0.3323
datasets/workout/kevin0509workout/kevin0509workout_whole_session_20260509_173017.csv,kevin0509workout,db_shoulder_press,213950,214336,386,0.5697
datasets/workout/kevin0509workout/kevin0509workout_whole_session_20260509_173017.csv,kevin0509workout,db_shoulder_press,214336,214474,138,0.4876
datasets/workout/kevin0509workout/kevin0509workout_whole_session_20260509_173017.csv,kevin0509workout,db_squat,319879,320479,600,0.6267
datasets/workout/kevin0509workout/kevin0509workout_whole_session_20260509_173017.csv,kevin0509workout,db_squat,320479,320805,326,0.4072
datasets/workout/kevin0509workout/kevin0509workout_whole_session_20260509_173017.csv,kevin0509workout,db_squat,320805,321018,213,0.4197
datasets/workout/kevin0509workout/kevin0509workout_whole_session_20260509_173017.csv,kevin0509workout,db_squat,321018,321502,484,0.6322
datasets/workout/kevin0509workout/kevin0509workout_whole_session_20260509_173017.csv,kevin0509workout,db_squat,321502,321882,380,0.3645
datasets/workout/kevin0509workout/kevin0509workout_whole_session_20260509_173017.csv,kevin0509workout,db_squat,321882,322216,334,0.3729
datasets/workout/kevin0509workout/kevin0509workout_whole_session_20260509_173017.csv,kevin0509workout,db_squat,322216,322444,228,0.3587
datasets/workout/kevin0509workout/kevin0509workout_whole_session_20260509_173017.csv,kevin0509workout,db_squat,322444,322776,332,0.7681
datasets/workout/kevin0509workout/kevin0509workout_whole_session_20260509_173017.csv,kevin0509workout,db_squat,322776,323115,339,0.8867
datasets/workout/kevin0509workout/kevin0509workout_whole_session_20260509_173017.csv,kevin0509workout,db_squat,323115,323482,367,0.7939
datasets/workout/kevin0509workout/kevin0509workout_whole_session_20260509_173017.csv,kevin0509workout,db_squat,323482,323900,418,0.6554
datasets/workout/kevin0509workout/kevin0509workout_whole_session_20260509_173017.csv,kevin0509workout,db_squat,323900,324164,264,0.7097
datasets/workout/kevin0509workout/kevin0509workout_whole_session_20260509_173017.csv,kevin0509workout,db_squat,330751,330977,226,0.7533
datasets/workout/kevin0509workout/kevin0509workout_whole_session_20260509_173017.csv,kevin0509workout,db_squat,330977,331328,351,0.674
datasets/workout/kevin0509workout/kevin0509workout_whole_session_20260509_173017.csv,kevin0509workout,db_squat,331328,331821,493,0.6998
datasets/workout/kevin0509workout/kevin0509workout_whole_session_20260509_173017.csv,kevin0509workout,db_squat,331821,332122,301,0.617
datasets/workout/kevin0509workout/kevin0509workout_whole_session_20260509_173017.csv,kevin0509workout,db_squat,332122,332429,307,0.7826
datasets/workout/kevin0509workout/kevin0509workout_whole_session_20260509_173017.csv,kevin0509workout,db_squat,332429,332766,337,0.8933
datasets/workout/kevin0509workout/kevin0509workout_whole_session_20260509_173017.csv,kevin0509workout,db_squat,332766,333089,323,0.9099
datasets/workout/kevin0509workout/kevin0509workout_whole_session_20260509_173017.csv,kevin0509workout,db_squat,333089,333468,379,0.8575
datasets/workout/kevin0509workout/kevin0509workout_whole_session_20260509_173017.csv,kevin0509workout,db_squat,333468,333778,310,0.7806
datasets/workout/kevin0509workout/kevin0509workout_whole_session_20260509_173017.csv,kevin0509workout,db_squat,333778,334085,307,0.8805
datasets/workout/kevin0509workout/kevin0509workout_whole_session_20260509_173017.csv,kevin0509workout,db_squat,334085,334391,306,0.9653
datasets/workout/kevin0509workout/kevin0509workout_whole_session_20260509_173017.csv,kevin0509workout,db_squat,334391,334667,276,0.9783
datasets/workout/kevin0509workout/kevin0509workout_whole_session_20260509_173017.csv,kevin0509workout,db_squat,344338,344648,310,0.9936
datasets/workout/kevin0509workout/kevin0509workout_whole_session_20260509_173017.csv,kevin0509workout,db_squat,344648,344952,304,0.9803
datasets/workout/kevin0509workout/kevin0509workout_whole_session_20260509_173017.csv,kevin0509workout,db_squat,344952,345362,410,0.7633
datasets/workout/kevin0509workout/kevin0509workout_whole_session_20260509_173017.csv,kevin0509workout,db_squat,345362,345647,285,0.5515
datasets/workout/kevin0509workout/kevin0509workout_whole_session_20260509_173017.csv,kevin0509workout,db_squat,345647,345875,228,0.7475
datasets/workout/kevin0509workout/kevin0509workout_whole_session_20260509_173017.csv,kevin0509workout,db_squat,345875,346163,288,0.9931
datasets/workout/kevin0509workout/kevin0509workout_whole_session_20260509_173017.csv,kevin0509workout,db_squat,346163,346451,288,0.9758
datasets/workout/kevin0509workout/kevin0509workout_whole_session_20260509_173017.csv,kevin0509workout,db_squat,346451,346733,282,0.9658
datasets/workout/kevin0509workout/kevin0509workout_whole_session_20260509_173017.csv,kevin0509workout,db_squat,346733,347133,400,0.7975
datasets/workout/kevin0509workout/kevin0509workout_whole_session_20260509_173017.csv,kevin0509workout,db_squat,347133,347341,208,0.7247
datasets/workout/kevin0509workout/kevin0509workout_whole_session_20260509_173017.csv,kevin0509workout,db_squat,347341,347651,310,0.9452
datasets/workout/kevin0509workout/kevin0509workout_whole_session_20260509_173017.csv,kevin0509workout,db_squat,347651,347939,288,0.9505
datasets/workout/kevin0509workout/kevin0509workout_whole_session_20260509_173017.csv,kevin0509workout,db_triceps_curl,270488,270892,404,0.9878
datasets/workout/kevin0509workout/kevin0509workout_whole_session_20260509_173017.csv,kevin0509workout,db_triceps_curl,270892,271286,394,0.9543
datasets/workout/kevin0509workout/kevin0509workout_whole_session_20260509_173017.csv,kevin0509workout,db_triceps_curl,271286,271714,428,0.941
datasets/workout/kevin0509workout/kevin0509workout_whole_session_20260509_173017.csv,kevin0509workout,db_triceps_curl,271714,272129,415,0.9475
datasets/workout/kevin0509workout/kevin0509workout_whole_session_20260509_173017.csv,kevin0509workout,db_triceps_curl,272129,272587,458,0.917
datasets/workout/kevin0509workout/kevin0509workout_whole_session_20260509_173017.csv,kevin0509workout,db_triceps_curl,272587,273053,466,0.9376
datasets/workout/kevin0509workout/kevin0509workout_whole_session_20260509_173017.csv,kevin0509workout,db_triceps_curl,273053,273511,458,0.9454
datasets/workout/kevin0509workout/kevin0509workout_whole_session_20260509_173017.csv,kevin0509workout,db_triceps_curl,273511,273906,395,0.8778
datasets/workout/kevin0509workout/kevin0509workout_whole_session_20260509_173017.csv,kevin0509workout,db_triceps_curl,273906,274172,266,0.4885
datasets/workout/kevin0509workout/kevin0509workout_whole_session_20260509_173017.csv,kevin0509workout,db_triceps_curl,274172,274770,598,0.6272
datasets/workout/kevin0509workout/kevin0509workout_whole_session_20260509_173017.csv,kevin0509workout,db_triceps_curl,274770,275235,465,0.9158
datasets/workout/kevin0509workout/kevin0509workout_whole_session_20260509_173017.csv,kevin0509workout,db_triceps_curl,275235,275619,384,0.9427
datasets/workout/kevin0509workout/kevin0509workout_whole_session_20260509_173017.csv,kevin0509workout,db_triceps_curl,288843,289207,364,0.9579
datasets/workout/kevin0509workout/kevin0509workout_whole_session_20260509_173017.csv,kevin0509workout,db_triceps_curl,289207,289645,438,0.9475
datasets/workout/kevin0509workout/kevin0509workout_whole_session_20260509_173017.csv,kevin0509workout,db_triceps_curl,289645,290033,388,0.9773
datasets/workout/kevin0509workout/kevin0509workout_whole_session_20260509_173017.csv,kevin0509workout,db_triceps_curl,290033,290384,351,0.9316
datasets/workout/kevin0509workout/kevin0509workout_whole_session_20260509_173017.csv,kevin0509workout,db_triceps_curl,290384,290550,166,0.4486
datasets/workout/kevin0509workout/kevin0509workout_whole_session_20260509_173017.csv,kevin0509workout,db_triceps_curl,290550,291078,528,0.6419
datasets/workout/kevin0509workout/kevin0509workout_whole_session_20260509_173017.csv,kevin0509workout,db_triceps_curl,291078,291417,339,0.9213
datasets/workout/kevin0509workout/kevin0509workout_whole_session_20260509_173017.csv,kevin0509workout,db_triceps_curl,291417,291787,370,0.9162
datasets/workout/kevin0509workout/kevin0509workout_whole_session_20260509_173017.csv,kevin0509workout,db_triceps_curl,291787,292122,335,0.9437
datasets/workout/kevin0509workout/kevin0509workout_whole_session_20260509_173017.csv,kevin0509workout,db_triceps_curl,292122,292294,172,0.497
datasets/workout/kevin0509workout/kevin0509workout_whole_session_20260509_173017.csv,kevin0509workout,db_triceps_curl,292294,292754,460,0.5972
datasets/workout/kevin0509workout/kevin0509workout_whole_session_20260509_173017.csv,kevin0509workout,db_triceps_curl,292754,293134,380,0.8974
datasets/workout/kevin0509workout/kevin0509workout_whole_session_20260509_173017.csv,kevin0509workout,db_triceps_curl,302705,303047,342,0.8615
datasets/workout/kevin0509workout/kevin0509workout_whole_session_20260509_173017.csv,kevin0509workout,db_triceps_curl,303047,303412,365,0.8219
datasets/workout/kevin0509workout/kevin0509workout_whole_session_20260509_173017.csv,kevin0509workout,db_triceps_curl,303412,303733,321,0.9554
datasets/workout/kevin0509workout/kevin0509workout_whole_session_20260509_173017.csv,kevin0509workout,db_triceps_curl,303733,304044,311,0.9807
datasets/workout/kevin0509workout/kevin0509workout_whole_session_20260509_173017.csv,kevin0509workout,db_triceps_curl,304044,304378,334,0.9045
datasets/workout/kevin0509workout/kevin0509workout_whole_session_20260509_173017.csv,kevin0509workout,db_triceps_curl,304378,304659,281,0.8494
datasets/workout/kevin0509workout/kevin0509workout_whole_session_20260509_173017.csv,kevin0509workout,db_triceps_curl,304659,304968,309,0.9477
datasets/workout/kevin0509workout/kevin0509workout_whole_session_20260509_173017.csv,kevin0509workout,db_triceps_curl,304968,305294,326,0.9909
datasets/workout/kevin0509workout/kevin0509workout_whole_session_20260509_173017.csv,kevin0509workout,db_triceps_curl,305294,305623,329,0.9703
datasets/workout/kevin0509workout/kevin0509workout_whole_session_20260509_173017.csv,kevin0509workout,db_triceps_curl,305623,305971,348,0.9339
datasets/workout/kevin0509workout/kevin0509workout_whole_session_20260509_173017.csv,kevin0509workout,db_triceps_curl,305971,306285,314,0.9331
datasets/workout/kevin0509workout/kevin0509workout_whole_session_20260509_173017.csv,kevin0509workout,db_triceps_curl,306285,306591,306,0.9444
datasets/workout/kevin0509workout/kevin0509workout_whole_session_20260509_173017.csv,kevin0509workout,db_triceps_curl,306591,307002,411,0.9732
datasets/workout/kevin0509workout/kevin0509workout_whole_session_20260509_173017.csv,kevin0509workout,db_weighted_crunch,133307,133671,364,0.7473
datasets/workout/kevin0509workout/kevin0509workout_whole_session_20260509_173017.csv,kevin0509workout,db_weighted_crunch,133671,133929,258,0.3457
datasets/workout/kevin0509workout/kevin0509workout_whole_session_20260509_173017.csv,kevin0509workout,db_weighted_crunch,133929,134176,247,0.362
datasets/workout/kevin0509workout/kevin0509workout_whole_session_20260509_173017.csv,kevin0509workout,db_weighted_crunch,134176,134406,230,0.4793
datasets/workout/kevin0509workout/kevin0509workout_whole_session_20260509_173017.csv,kevin0509workout,db_weighted_crunch,134406,134754,348,0.5433
datasets/workout/kevin0509workout/kevin0509workout_whole_session_20260509_173017.csv,kevin0509workout,db_weighted_crunch,134754,135065,311,0.4388
datasets/workout/kevin0509workout/kevin0509workout_whole_session_20260509_173017.csv,kevin0509workout,db_weighted_crunch,135065,135346,281,0.3831
datasets/workout/kevin0509workout/kevin0509workout_whole_session_20260509_173017.csv,kevin0509workout,db_weighted_crunch,135346,135662,316,0.4018
datasets/workout/kevin0509workout/kevin0509workout_whole_session_20260509_173017.csv,kevin0509workout,db_weighted_crunch,135662,135939,277,0.3398
datasets/workout/kevin0509workout/kevin0509workout_whole_session_20260509_173017.csv,kevin0509workout,db_weighted_crunch,135939,136082,143,0.4767
datasets/workout/kevin0509workout/kevin0509workout_whole_session_20260509_173017.csv,kevin0509workout,db_weighted_crunch,136082,136455,373,0.7023
datasets/workout/kevin0509workout/kevin0509workout_whole_session_20260509_173017.csv,kevin0509workout,db_weighted_crunch,136455,136582,127,0.5498
datasets/workout/kevin0509workout/kevin0509workout_whole_session_20260509_173017.csv,kevin0509workout,db_weighted_crunch,145338,145501,163,0.5327
datasets/workout/kevin0509workout/kevin0509workout_whole_session_20260509_173017.csv,kevin0509workout,db_weighted_crunch,145501,145744,243,0.3522
datasets/workout/kevin0509workout/kevin0509workout_whole_session_20260509_173017.csv,kevin0509workout,db_weighted_crunch,145744,145882,138,0.5433
datasets/workout/kevin0509workout/kevin0509workout_whole_session_20260509_173017.csv,kevin0509workout,db_weighted_crunch,145882,146407,525,0.4895
datasets/workout/kevin0509workout/kevin0509workout_whole_session_20260509_173017.csv,kevin0509workout,db_weighted_crunch,146407,146739,332,0.5967
datasets/workout/kevin0509workout/kevin0509workout_whole_session_20260509_173017.csv,kevin0509workout,db_weighted_crunch,146739,146987,248,0.3629
datasets/workout/kevin0509workout/kevin0509workout_whole_session_20260509_173017.csv,kevin0509workout,db_weighted_crunch,146987,147130,143,0.5038
datasets/workout/kevin0509workout/kevin0509workout_whole_session_20260509_173017.csv,kevin0509workout,db_weighted_crunch,147130,147370,240,0.8856
datasets/workout/kevin0509workout/kevin0509workout_whole_session_20260509_173017.csv,kevin0509workout,db_weighted_crunch,147370,147716,346,0.6445
datasets/workout/kevin0509workout/kevin0509workout_whole_session_20260509_173017.csv,kevin0509workout,db_weighted_crunch,147716,147973,257,0.4349
datasets/workout/kevin0509workout/kevin0509workout_whole_session_20260509_173017.csv,kevin0509workout,db_weighted_crunch,147973,148247,274,0.4465
datasets/workout/kevin0509workout/kevin0509workout_whole_session_20260509_173017.csv,kevin0509workout,db_weighted_crunch,148247,148353,106,0.4977
datasets/workout/kevin0509workout/kevin0509workout_whole_session_20260509_173017.csv,kevin0509workout,db_weighted_crunch,159207,159611,404,0.9619
datasets/workout/kevin0509workout/kevin0509workout_whole_session_20260509_173017.csv,kevin0509workout,db_weighted_crunch,159611,159833,222,0.834
datasets/workout/kevin0509workout/kevin0509workout_whole_session_20260509_173017.csv,kevin0509workout,db_weighted_crunch,159833,159977,144,0.4798
datasets/workout/kevin0509workout/kevin0509workout_whole_session_20260509_173017.csv,kevin0509workout,db_weighted_crunch,159977,160199,222,0.3269
datasets/workout/kevin0509workout/kevin0509workout_whole_session_20260509_173017.csv,kevin0509workout,db_weighted_crunch,160199,160399,200,0.4371
datasets/workout/kevin0509workout/kevin0509workout_whole_session_20260509_173017.csv,kevin0509workout,db_weighted_crunch,160399,160727,328,0.5596
datasets/workout/kevin0509workout/kevin0509workout_whole_session_20260509_173017.csv,kevin0509workout,db_weighted_crunch,160727,160845,118,0.34
datasets/workout/kevin0509workout/kevin0509workout_whole_session_20260509_173017.csv,kevin0509workout,db_weighted_crunch,160845,161139,294,0.488
datasets/workout/kevin0509workout/kevin0509workout_whole_session_20260509_173017.csv,kevin0509workout,db_weighted_crunch,161139,161311,172,0.4497
datasets/workout/kevin0509workout/kevin0509workout_whole_session_20260509_173017.csv,kevin0509workout,db_weighted_crunch,161311,161529,218,0.358
datasets/workout/kevin0509workout/kevin0509workout_whole_session_20260509_173017.csv,kevin0509workout,db_weighted_crunch,161529,161745,216,0.4123
datasets/workout/kevin0509workout/kevin0509workout_whole_session_20260509_173017.csv,kevin0509workout,db_weighted_crunch,161745,161984,239,0.3659
datasets/workout/kevin0509workout/kevin0509workout_whole_session_20260509_173017.csv,kevin0509workout,db_weighted_crunch,161984,162079,95,0.4439
datasets/workout/kevin0509workout/kevin0509workout_whole_session_20260509_173017.csv,kevin0509workout,one_arm_db_row,42995,43137,142,0.4641
datasets/workout/kevin0509workout/kevin0509workout_whole_session_20260509_173017.csv,kevin0509workout,one_arm_db_row,43137,43305,168,0.529
datasets/workout/kevin0509workout/kevin0509workout_whole_session_20260509_173017.csv,kevin0509workout,one_arm_db_row,43305,43574,269,0.9194
datasets/workout/kevin0509workout/kevin0509workout_whole_session_20260509_173017.csv,kevin0509workout,one_arm_db_row,43574,43861,287,0.8197
datasets/workout/kevin0509workout/kevin0509workout_whole_session_20260509_173017.csv,kevin0509workout,one_arm_db_row,43861,44096,235,0.8304
datasets/workout/kevin0509workout/kevin0509workout_whole_session_20260509_173017.csv,kevin0509workout,one_arm_db_row,44096,44365,269,0.9219
datasets/workout/kevin0509workout/kevin0509workout_whole_session_20260509_173017.csv,kevin0509workout,one_arm_db_row,44365,44781,416,0.6023
datasets/workout/kevin0509workout/kevin0509workout_whole_session_20260509_173017.csv,kevin0509workout,one_arm_db_row,44781,45075,294,0.6701
datasets/workout/kevin0509workout/kevin0509workout_whole_session_20260509_173017.csv,kevin0509workout,one_arm_db_row,46759,47045,286,0.9896
datasets/workout/kevin0509workout/kevin0509workout_whole_session_20260509_173017.csv,kevin0509workout,one_arm_db_row,47045,47319,274,0.938
datasets/workout/kevin0509workout/kevin0509workout_whole_session_20260509_173017.csv,kevin0509workout,one_arm_db_row,47319,47571,252,0.8968
datasets/workout/kevin0509workout/kevin0509workout_whole_session_20260509_173017.csv,kevin0509workout,one_arm_db_row,47571,47841,270,0.8947
datasets/workout/kevin0509workout/kevin0509workout_whole_session_20260509_173017.csv,kevin0509workout,one_arm_db_row,47841,48147,306,0.9281
datasets/workout/kevin0509workout/kevin0509workout_whole_session_20260509_173017.csv,kevin0509workout,one_arm_db_row,48147,48410,263,0.9667
datasets/workout/kevin0509workout/kevin0509workout_whole_session_20260509_173017.csv,kevin0509workout,one_arm_db_row,48410,48675,265,0.9551
datasets/workout/kevin0509workout/kevin0509workout_whole_session_20260509_173017.csv,kevin0509workout,one_arm_db_row,48675,48990,315,0.9046
datasets/workout/kevin0509workout/kevin0509workout_whole_session_20260509_173017.csv,kevin0509workout,one_arm_db_row,48990,49234,244,0.8622
datasets/workout/kevin0509workout/kevin0509workout_whole_session_20260509_173017.csv,kevin0509workout,one_arm_db_row,49234,49490,256,0.8686
datasets/workout/kevin0509workout/kevin0509workout_whole_session_20260509_173017.csv,kevin0509workout,one_arm_db_row,49490,49758,268,0.9124
datasets/workout/kevin0509workout/kevin0509workout_whole_session_20260509_173017.csv,kevin0509workout,one_arm_db_row,49758,50010,252,0.9762
datasets/workout/kevin0509workout/kevin0509workout_whole_session_20260509_173017.csv,kevin0509workout,one_arm_db_row,56767,57037,270,0.9852
datasets/workout/kevin0509workout/kevin0509workout_whole_session_20260509_173017.csv,kevin0509workout,one_arm_db_row,57037,57262,225,0.8721
datasets/workout/kevin0509workout/kevin0509workout_whole_session_20260509_173017.csv,kevin0509workout,one_arm_db_row,57262,57523,261,0.8774
datasets/workout/kevin0509workout/kevin0509workout_whole_session_20260509_173017.csv,kevin0509workout,one_arm_db_row,57523,57826,303,0.8399
datasets/workout/kevin0509workout/kevin0509workout_whole_session_20260509_173017.csv,kevin0509workout,one_arm_db_row,57826,58065,239,0.8157
datasets/workout/kevin0509workout/kevin0509workout_whole_session_20260509_173017.csv,kevin0509workout,one_arm_db_row,58065,58354,289,0.9516
datasets/workout/kevin0509workout/kevin0509workout_whole_session_20260509_173017.csv,kevin0509workout,one_arm_db_row,58354,58616,262,0.9739
datasets/workout/kevin0509workout/kevin0509workout_whole_session_20260509_173017.csv,kevin0509workout,one_arm_db_row,58616,58889,273,0.9672
datasets/workout/kevin0509workout/kevin0509workout_whole_session_20260509_173017.csv,kevin0509workout,one_arm_db_row,58889,59195,306,0.965
datasets/workout/kevin0509workout/kevin0509workout_whole_session_20260509_173017.csv,kevin0509workout,one_arm_db_row,59195,59441,246,0.8849
datasets/workout/kevin0509workout/kevin0509workout_whole_session_20260509_173017.csv,kevin0509workout,one_arm_db_row,59441,59742,301,0.8635
datasets/workout/kevin0509workout/kevin0509workout_whole_session_20260509_173017.csv,kevin0509workout,one_arm_db_row,59742,60017,275,0.9491
datasets/workout/kevin0509workout/kevin0509workout_whole_session_20260509_173017.csv,kevin0509workout,one_arm_db_row,66229,66495,266,0.9323
datasets/workout/kevin0509workout/kevin0509workout_whole_session_20260509_173017.csv,kevin0509workout,one_arm_db_row,66495,66788,293,0.8489
datasets/workout/kevin0509workout/kevin0509workout_whole_session_20260509_173017.csv,kevin0509workout,one_arm_db_row,66788,67026,238,0.8848
datasets/workout/kevin0509workout/kevin0509workout_whole_session_20260509_173017.csv,kevin0509workout,one_arm_db_row,67026,67267,241,0.9192
datasets/workout/kevin0509workout/kevin0509workout_whole_session_20260509_173017.csv,kevin0509workout,one_arm_db_row,67267,67530,263,0.8938
datasets/workout/kevin0509workout/kevin0509workout_whole_session_20260509_173017.csv,kevin0509workout,one_arm_db_row,67530,67814,284,0.8451
datasets/workout/kevin0509workout/kevin0509workout_whole_session_20260509_173017.csv,kevin0509workout,one_arm_db_row,67814,68034,220,0.8462
datasets/workout/kevin0509workout/kevin0509workout_whole_session_20260509_173017.csv,kevin0509workout,one_arm_db_row,68034,68213,179,0.7119
datasets/workout/kevin0509workout/kevin0509workout_whole_session_20260509_173017.csv,kevin0509workout,one_arm_db_row,68213,68480,267,0.6612
datasets/workout/kevin0509workout/kevin0509workout_whole_session_20260509_173017.csv,kevin0509workout,one_arm_db_row,68480,68724,244,0.7312
datasets/workout/kevin0509workout/kevin0509workout_whole_session_20260509_173017.csv,kevin0509workout,one_arm_db_row,68724,68997,273,0.8681
datasets/workout/kevin0509workout/kevin0509workout_whole_session_20260509_173017.csv,kevin0509workout,one_arm_db_row,68997,69230,233,0.9957
datasets/workout/thomas0506workout/thomas0506_whole_session_20260506_154720.csv,thomas0506,db_bench_press,331,493,162,0.7902
datasets/workout/thomas0506workout/thomas0506_whole_session_20260506_154720.csv,thomas0506,db_bench_press,493,777,284,0.7923
datasets/workout/thomas0506workout/thomas0506_whole_session_20260506_154720.csv,thomas0506,db_bench_press,777,999,222,0.7563
datasets/workout/thomas0506workout/thomas0506_whole_session_20260506_154720.csv,thomas0506,db_bench_press,999,1223,224,0.6654
datasets/workout/thomas0506workout/thomas0506_whole_session_20260506_154720.csv,thomas0506,db_bench_press,1223,1488,265,0.5288
datasets/workout/thomas0506workout/thomas0506_whole_session_20260506_154720.csv,thomas0506,db_bench_press,1488,1720,232,0.4367
datasets/workout/thomas0506workout/thomas0506_whole_session_20260506_154720.csv,thomas0506,db_bench_press,1720,1899,179,0.5827
datasets/workout/thomas0506workout/thomas0506_whole_session_20260506_154720.csv,thomas0506,db_bench_press,1899,2215,316,0.6
datasets/workout/thomas0506workout/thomas0506_whole_session_20260506_154720.csv,thomas0506,db_bench_press,2215,2371,156,0.444
datasets/workout/thomas0506workout/thomas0506_whole_session_20260506_154720.csv,thomas0506,db_bench_press,2371,2584,213,0.716
datasets/workout/thomas0506workout/thomas0506_whole_session_20260506_154720.csv,thomas0506,db_bench_press,2584,2837,253,0.6551
datasets/workout/thomas0506workout/thomas0506_whole_session_20260506_154720.csv,thomas0506,db_bench_press,2837,3062,225,0.6793
datasets/workout/thomas0506workout/thomas0506_whole_session_20260506_154720.csv,thomas0506,db_bench_press,3062,3250,188,0.8704
datasets/workout/thomas0506workout/thomas0506_whole_session_20260506_154720.csv,thomas0506,db_bench_press,8982,9127,145,0.7073
datasets/workout/thomas0506workout/thomas0506_whole_session_20260506_154720.csv,thomas0506,db_bench_press,9127,9350,223,0.6151
datasets/workout/thomas0506workout/thomas0506_whole_session_20260506_154720.csv,thomas0506,db_bench_press,9350,9678,328,0.6677
datasets/workout/thomas0506workout/thomas0506_whole_session_20260506_154720.csv,thomas0506,db_bench_press,9678,9920,242,0.6246
datasets/workout/thomas0506workout/thomas0506_whole_session_20260506_154720.csv,thomas0506,db_bench_press,9920,10108,188,0.6835
datasets/workout/thomas0506workout/thomas0506_whole_session_20260506_154720.csv,thomas0506,db_bench_press,10108,10339,231,0.677
datasets/workout/thomas0506workout/thomas0506_whole_session_20260506_154720.csv,thomas0506,db_bench_press,10339,10565,226,0.5689
datasets/workout/thomas0506workout/thomas0506_whole_session_20260506_154720.csv,thomas0506,db_bench_press,10565,10712,147,0.581
datasets/workout/thomas0506workout/thomas0506_whole_session_20260506_154720.csv,thomas0506,db_bench_press,10712,10922,210,0.6525
datasets/workout/thomas0506workout/thomas0506_whole_session_20260506_154720.csv,thomas0506,db_bench_press,10922,11146,224,0.641
datasets/workout/thomas0506workout/thomas0506_whole_session_20260506_154720.csv,thomas0506,db_bench_press,11146,11371,225,0.6769
datasets/workout/thomas0506workout/thomas0506_whole_session_20260506_154720.csv,thomas0506,db_bench_press,11371,11577,206,0.6813
datasets/workout/thomas0506workout/thomas0506_whole_session_20260506_154720.csv,thomas0506,db_bench_press,11577,11826,249,0.8193
datasets/workout/thomas0506workout/thomas0506_whole_session_20260506_154720.csv,thomas0506,db_bench_press,17832,18020,188,0.7899
datasets/workout/thomas0506workout/thomas0506_whole_session_20260506_154720.csv,thomas0506,db_bench_press,18020,18235,215,0.642
datasets/workout/thomas0506workout/thomas0506_whole_session_20260506_154720.csv,thomas0506,db_bench_press,18235,18440,205,0.6626
datasets/workout/thomas0506workout/thomas0506_whole_session_20260506_154720.csv,thomas0506,db_bench_press,18440,18666,226,0.7227
datasets/workout/thomas0506workout/thomas0506_whole_session_20260506_154720.csv,thomas0506,db_bench_press,18666,18885,219,0.7383
datasets/workout/thomas0506workout/thomas0506_whole_session_20260506_154720.csv,thomas0506,db_bench_press,18885,19111,226,0.7052
datasets/workout/thomas0506workout/thomas0506_whole_session_20260506_154720.csv,thomas0506,db_bench_press,19111,19334,223,0.6373
datasets/workout/thomas0506workout/thomas0506_whole_session_20260506_154720.csv,thomas0506,db_bench_press,19334,19576,242,0.6373
datasets/workout/thomas0506workout/thomas0506_whole_session_20260506_154720.csv,thomas0506,db_bench_press,19576,19825,249,0.7113
datasets/workout/thomas0506workout/thomas0506_whole_session_20260506_154720.csv,thomas0506,db_bench_press,19825,20042,217,0.6481
datasets/workout/thomas0506workout/thomas0506_whole_session_20260506_154720.csv,thomas0506,db_bench_press,20042,20286,244,0.6586
datasets/workout/thomas0506workout/thomas0506_whole_session_20260506_154720.csv,thomas0506,db_bench_press,20286,20521,235,0.6898
datasets/workout/thomas0506workout/thomas0506_whole_session_20260506_154720.csv,thomas0506,db_bench_press,20521,20791,270,0.8556
datasets/workout/thomas0506workout/thomas0506_whole_session_20260506_154720.csv,thomas0506,db_biceps_curl,170759,171088,329,0.9696
datasets/workout/thomas0506workout/thomas0506_whole_session_20260506_154720.csv,thomas0506,db_biceps_curl,171088,171384,296,0.9281
datasets/workout/thomas0506workout/thomas0506_whole_session_20260506_154720.csv,thomas0506,db_biceps_curl,171384,171713,329,0.9443
datasets/workout/thomas0506workout/thomas0506_whole_session_20260506_154720.csv,thomas0506,db_biceps_curl,171713,172025,312,0.9655
datasets/workout/thomas0506workout/thomas0506_whole_session_20260506_154720.csv,thomas0506,db_biceps_curl,172025,172336,311,0.9175
datasets/workout/thomas0506workout/thomas0506_whole_session_20260506_154720.csv,thomas0506,db_biceps_curl,172336,172628,292,0.8599
datasets/workout/thomas0506workout/thomas0506_whole_session_20260506_154720.csv,thomas0506,db_biceps_curl,172628,172912,284,0.9221
datasets/workout/thomas0506workout/thomas0506_whole_session_20260506_154720.csv,thomas0506,db_biceps_curl,172912,173204,292,0.9764
datasets/workout/thomas0506workout/thomas0506_whole_session_20260506_154720.csv,thomas0506,db_biceps_curl,173204,173541,337,0.905
datasets/workout/thomas0506workout/thomas0506_whole_session_20260506_154720.csv,thomas0506,db_biceps_curl,173541,173821,280,0.8599
datasets/workout/thomas0506workout/thomas0506_whole_session_20260506_154720.csv,thomas0506,db_biceps_curl,173821,174137,316,0.9367
datasets/workout/thomas0506workout/thomas0506_whole_session_20260506_154720.csv,thomas0506,db_biceps_curl,174137,174439,302,0.9837
datasets/workout/thomas0506workout/thomas0506_whole_session_20260506_154720.csv,thomas0506,db_biceps_curl,179591,179884,293,0.9522
datasets/workout/thomas0506workout/thomas0506_whole_session_20260506_154720.csv,thomas0506,db_biceps_curl,179884,180157,273,0.899
datasets/workout/thomas0506workout/thomas0506_whole_session_20260506_154720.csv,thomas0506,db_biceps_curl,180157,180465,308,0.9362
datasets/workout/thomas0506workout/thomas0506_whole_session_20260506_154720.csv,thomas0506,db_biceps_curl,180465,180749,284,0.9331
datasets/workout/thomas0506workout/thomas0506_whole_session_20260506_154720.csv,thomas0506,db_biceps_curl,180749,181031,282,0.9153
datasets/workout/thomas0506workout/thomas0506_whole_session_20260506_154720.csv,thomas0506,db_biceps_curl,181031,181304,273,0.9512
datasets/workout/thomas0506workout/thomas0506_whole_session_20260506_154720.csv,thomas0506,db_biceps_curl,181304,181583,279,0.9858
datasets/workout/thomas0506workout/thomas0506_whole_session_20260506_154720.csv,thomas0506,db_biceps_curl,181583,181862,279,0.9427
datasets/workout/thomas0506workout/thomas0506_whole_session_20260506_154720.csv,thomas0506,db_biceps_curl,181862,182130,268,0.9147
datasets/workout/thomas0506workout/thomas0506_whole_session_20260506_154720.csv,thomas0506,db_biceps_curl,182130,182323,193,0.6454
datasets/workout/thomas0506workout/thomas0506_whole_session_20260506_154720.csv,thomas0506,db_biceps_curl,182323,182671,348,0.7214
datasets/workout/thomas0506workout/thomas0506_whole_session_20260506_154720.csv,thomas0506,db_biceps_curl,182671,182945,274,0.9599
datasets/workout/thomas0506workout/thomas0506_whole_session_20260506_154720.csv,thomas0506,db_biceps_curl,188012,188262,250,0.9881
datasets/workout/thomas0506workout/thomas0506_whole_session_20260506_154720.csv,thomas0506,db_biceps_curl,188262,188555,293,0.9625
datasets/workout/thomas0506workout/thomas0506_whole_session_20260506_154720.csv,thomas0506,db_biceps_curl,188555,188800,245,0.8942
datasets/workout/thomas0506workout/thomas0506_whole_session_20260506_154720.csv,thomas0506,db_biceps_curl,188800,189112,312,0.891
datasets/workout/thomas0506workout/thomas0506_whole_session_20260506_154720.csv,thomas0506,db_biceps_curl,189112,189376,264,0.9242
datasets/workout/thomas0506workout/thomas0506_whole_session_20260506_154720.csv,thomas0506,db_biceps_curl,189376,189659,283,0.9244
datasets/workout/thomas0506workout/thomas0506_whole_session_20260506_154720.csv,thomas0506,db_biceps_curl,189659,189904,245,0.9387
datasets/workout/thomas0506workout/thomas0506_whole_session_20260506_154720.csv,thomas0506,db_biceps_curl,189904,190193,289,0.9516
datasets/workout/thomas0506workout/thomas0506_whole_session_20260506_154720.csv,thomas0506,db_biceps_curl,190193,190467,274,0.9091
datasets/workout/thomas0506workout/thomas0506_whole_session_20260506_154720.csv,thomas0506,db_biceps_curl,190467,190751,284,0.8758
datasets/workout/thomas0506workout/thomas0506_whole_session_20260506_154720.csv,thomas0506,db_biceps_curl,190751,191058,307,0.8879
datasets/workout/thomas0506workout/thomas0506_whole_session_20260506_154720.csv,thomas0506,db_biceps_curl,191058,191311,253,0.9476
datasets/workout/thomas0506workout/thomas0506_whole_session_20260506_154720.csv,thomas0506,db_rdl,72001,72317,316,0.8544
datasets/workout/thomas0506workout/thomas0506_whole_session_20260506_154720.csv,thomas0506,db_rdl,72317,72497,180,0.7031
datasets/workout/thomas0506workout/thomas0506_whole_session_20260506_154720.csv,thomas0506,db_rdl,72497,72790,293,0.8498
datasets/workout/thomas0506workout/thomas0506_whole_session_20260506_154720.csv,thomas0506,db_rdl,72790,73146,356,0.827
datasets/workout/thomas0506workout/thomas0506_whole_session_20260506_154720.csv,thomas0506,db_rdl,73146,73473,327,0.7241
datasets/workout/thomas0506workout/thomas0506_whole_session_20260506_154720.csv,thomas0506,db_rdl,73473,73752,279,0.7868
datasets/workout/thomas0506workout/thomas0506_whole_session_20260506_154720.csv,thomas0506,db_rdl,73752,74040,288,0.8492
datasets/workout/thomas0506workout/thomas0506_whole_session_20260506_154720.csv,thomas0506,db_rdl,74040,74329,289,0.8302
datasets/workout/thomas0506workout/thomas0506_whole_session_20260506_154720.csv,thomas0506,db_rdl,74329,74585,256,0.9014
datasets/workout/thomas0506workout/thomas0506_whole_session_20260506_154720.csv,thomas0506,db_rdl,74585,74870,285,0.9691
datasets/workout/thomas0506workout/thomas0506_whole_session_20260506_154720.csv,thomas0506,db_rdl,74870,75166,296,0.9054
datasets/workout/thomas0506workout/thomas0506_whole_session_20260506_154720.csv,thomas0506,db_rdl,75166,75392,226,0.9113
datasets/workout/thomas0506workout/thomas0506_whole_session_20260506_154720.csv,thomas0506,db_rdl,81129,81350,221,0.8911
datasets/workout/thomas0506workout/thomas0506_whole_session_20260506_154720.csv,thomas0506,db_rdl,81350,81667,317,0.8265
datasets/workout/thomas0506workout/thomas0506_whole_session_20260506_154720.csv,thomas0506,db_rdl,81667,81877,210,0.7807
datasets/workout/thomas0506workout/thomas0506_whole_session_20260506_154720.csv,thomas0506,db_rdl,81877,82183,306,0.8627
datasets/workout/thomas0506workout/thomas0506_whole_session_20260506_154720.csv,thomas0506,db_rdl,82183,82458,275,0.8741
datasets/workout/thomas0506workout/thomas0506_whole_session_20260506_154720.csv,thomas0506,db_rdl,82458,82697,239,0.8674
datasets/workout/thomas0506workout/thomas0506_whole_session_20260506_154720.csv,thomas0506,db_rdl,82697,82987,290,0.7767
datasets/workout/thomas0506workout/thomas0506_whole_session_20260506_154720.csv,thomas0506,db_rdl,82987,83201,214,0.7159
datasets/workout/thomas0506workout/thomas0506_whole_session_20260506_154720.csv,thomas0506,db_rdl,83201,83432,231,0.9023
datasets/workout/thomas0506workout/thomas0506_whole_session_20260506_154720.csv,thomas0506,db_rdl,83432,83703,271,0.8672
datasets/workout/thomas0506workout/thomas0506_whole_session_20260506_154720.csv,thomas0506,db_rdl,83703,83957,254,0.7544
datasets/workout/thomas0506workout/thomas0506_whole_session_20260506_154720.csv,thomas0506,db_rdl,83957,84171,214,0.8458
datasets/workout/thomas0506workout/thomas0506_whole_session_20260506_154720.csv,thomas0506,db_rdl,91062,91323,261,0.8161
datasets/workout/thomas0506workout/thomas0506_whole_session_20260506_154720.csv,thomas0506,db_rdl,91323,91595,272,0.6687
datasets/workout/thomas0506workout/thomas0506_whole_session_20260506_154720.csv,thomas0506,db_rdl,91595,91798,203,0.6782
datasets/workout/thomas0506workout/thomas0506_whole_session_20260506_154720.csv,thomas0506,db_rdl,91798,92075,277,0.7294
datasets/workout/thomas0506workout/thomas0506_whole_session_20260506_154720.csv,thomas0506,db_rdl,92075,92314,239,0.6305
datasets/workout/thomas0506workout/thomas0506_whole_session_20260506_154720.csv,thomas0506,db_rdl,92314,92481,167,0.7545
datasets/workout/thomas0506workout/thomas0506_whole_session_20260506_154720.csv,thomas0506,db_rdl,92481,92725,244,0.9306
datasets/workout/thomas0506workout/thomas0506_whole_session_20260506_154720.csv,thomas0506,db_rdl,92725,92944,219,0.8511
datasets/workout/thomas0506workout/thomas0506_whole_session_20260506_154720.csv,thomas0506,db_rdl,92944,93163,219,0.8908
datasets/workout/thomas0506workout/thomas0506_whole_session_20260506_154720.csv,thomas0506,db_rdl,93163,93395,232,0.887
datasets/workout/thomas0506workout/thomas0506_whole_session_20260506_154720.csv,thomas0506,db_rdl,93395,93682,287,0.7752
datasets/workout/thomas0506workout/thomas0506_whole_session_20260506_154720.csv,thomas0506,db_rdl,93682,93890,208,0.8093
datasets/workout/thomas0506workout/thomas0506_whole_session_20260506_154720.csv,thomas0506,db_shoulder_press,145533,145793,260,0.7577
datasets/workout/thomas0506workout/thomas0506_whole_session_20260506_154720.csv,thomas0506,db_shoulder_press,145793,146016,223,0.5944
datasets/workout/thomas0506workout/thomas0506_whole_session_20260506_154720.csv,thomas0506,db_shoulder_press,146016,146270,254,0.6059
datasets/workout/thomas0506workout/thomas0506_whole_session_20260506_154720.csv,thomas0506,db_shoulder_press,146270,146415,145,0.6532
datasets/workout/thomas0506workout/thomas0506_whole_session_20260506_154720.csv,thomas0506,db_shoulder_press,146415,146715,300,0.77
datasets/workout/thomas0506workout/thomas0506_whole_session_20260506_154720.csv,thomas0506,db_shoulder_press,146715,146904,189,0.6867
datasets/workout/thomas0506workout/thomas0506_whole_session_20260506_154720.csv,thomas0506,db_shoulder_press,146904,147167,263,0.9359
datasets/workout/thomas0506workout/thomas0506_whole_session_20260506_154720.csv,thomas0506,db_shoulder_press,147167,147509,342,0.7368
datasets/workout/thomas0506workout/thomas0506_whole_session_20260506_154720.csv,thomas0506,db_shoulder_press,147509,147676,167,0.6278
datasets/workout/thomas0506workout/thomas0506_whole_session_20260506_154720.csv,thomas0506,db_shoulder_press,147676,147929,253,0.9606
datasets/workout/thomas0506workout/thomas0506_whole_session_20260506_154720.csv,thomas0506,db_shoulder_press,147929,148267,338,0.7663
datasets/workout/thomas0506workout/thomas0506_whole_session_20260506_154720.csv,thomas0506,db_shoulder_press,148267,148423,156,0.6667
datasets/workout/thomas0506workout/thomas0506_whole_session_20260506_154720.csv,thomas0506,db_shoulder_press,153865,154157,292,0.7295
datasets/workout/thomas0506workout/thomas0506_whole_session_20260506_154720.csv,thomas0506,db_shoulder_press,154157,154380,223,0.4901
datasets/workout/thomas0506workout/thomas0506_whole_session_20260506_154720.csv,thomas0506,db_shoulder_press,154380,154592,212,0.5749
datasets/workout/thomas0506workout/thomas0506_whole_session_20260506_154720.csv,thomas0506,db_shoulder_press,154592,154817,225,0.6985
datasets/workout/thomas0506workout/thomas0506_whole_session_20260506_154720.csv,thomas0506,db_shoulder_press,154817,155040,223,0.7636
datasets/workout/thomas0506workout/thomas0506_whole_session_20260506_154720.csv,thomas0506,db_shoulder_press,155040,155389,349,0.528
datasets/workout/thomas0506workout/thomas0506_whole_session_20260506_154720.csv,thomas0506,db_shoulder_press,155389,155637,248,0.5122
datasets/workout/thomas0506workout/thomas0506_whole_session_20260506_154720.csv,thomas0506,db_shoulder_press,155637,155866,229,0.4934
datasets/workout/thomas0506workout/thomas0506_whole_session_20260506_154720.csv,thomas0506,db_shoulder_press,155866,156082,216,0.4983
datasets/workout/thomas0506workout/thomas0506_whole_session_20260506_154720.csv,thomas0506,db_shoulder_press,156082,156291,209,0.471
datasets/workout/thomas0506workout/thomas0506_whole_session_20260506_154720.csv,thomas0506,db_shoulder_press,156291,156451,160,0.2819
datasets/workout/thomas0506workout/thomas0506_whole_session_20260506_154720.csv,thomas0506,db_shoulder_press,156451,156590,139,0.6465
datasets/workout/thomas0506workout/thomas0506_whole_session_20260506_154720.csv,thomas0506,db_shoulder_press,162461,162699,238,0.9333
datasets/workout/thomas0506workout/thomas0506_whole_session_20260506_154720.csv,thomas0506,db_shoulder_press,162699,163040,341,0.6862
datasets/workout/thomas0506workout/thomas0506_whole_session_20260506_154720.csv,thomas0506,db_shoulder_press,163040,163254,214,0.4342
datasets/workout/thomas0506workout/thomas0506_whole_session_20260506_154720.csv,thomas0506,db_shoulder_press,163254,163478,224,0.4281
datasets/workout/thomas0506workout/thomas0506_whole_session_20260506_154720.csv,thomas0506,db_shoulder_press,163478,163603,125,0.5656
datasets/workout/thomas0506workout/thomas0506_whole_session_20260506_154720.csv,thomas0506,db_shoulder_press,163603,163815,212,0.9766
datasets/workout/thomas0506workout/thomas0506_whole_session_20260506_154720.csv,thomas0506,db_shoulder_press,163815,164090,275,0.6909
datasets/workout/thomas0506workout/thomas0506_whole_session_20260506_154720.csv,thomas0506,db_shoulder_press,164090,164245,155,0.6134
datasets/workout/thomas0506workout/thomas0506_whole_session_20260506_154720.csv,thomas0506,db_shoulder_press,164245,164543,298,0.7134
datasets/workout/thomas0506workout/thomas0506_whole_session_20260506_154720.csv,thomas0506,db_shoulder_press,164543,164694,151,0.6087
datasets/workout/thomas0506workout/thomas0506_whole_session_20260506_154720.csv,thomas0506,db_shoulder_press,164694,164969,275,0.7552
datasets/workout/thomas0506workout/thomas0506_whole_session_20260506_154720.csv,thomas0506,db_shoulder_press,164969,165141,172,0.7446
datasets/workout/thomas0506workout/thomas0506_whole_session_20260506_154720.csv,thomas0506,db_squat,239165,239347,182,0.8198
datasets/workout/thomas0506workout/thomas0506_whole_session_20260506_154720.csv,thomas0506,db_squat,239347,239643,296,0.8108
datasets/workout/thomas0506workout/thomas0506_whole_session_20260506_154720.csv,thomas0506,db_squat,239643,239880,237,0.8854
datasets/workout/thomas0506workout/thomas0506_whole_session_20260506_154720.csv,thomas0506,db_squat,239880,240117,237,0.9
datasets/workout/thomas0506workout/thomas0506_whole_session_20260506_154720.csv,thomas0506,db_squat,240117,240316,199,0.8541
datasets/workout/thomas0506workout/thomas0506_whole_session_20260506_154720.csv,thomas0506,db_squat,240316,240559,243,0.8735
datasets/workout/thomas0506workout/thomas0506_whole_session_20260506_154720.csv,thomas0506,db_squat,240559,240853,294,0.8367
datasets/workout/thomas0506workout/thomas0506_whole_session_20260506_154720.csv,thomas0506,db_squat,240853,241042,189,0.7841
datasets/workout/thomas0506workout/thomas0506_whole_session_20260506_154720.csv,thomas0506,db_squat,241042,241252,210,0.8502
datasets/workout/thomas0506workout/thomas0506_whole_session_20260506_154720.csv,thomas0506,db_squat,241252,241494,242,0.834
datasets/workout/thomas0506workout/thomas0506_whole_session_20260506_154720.csv,thomas0506,db_squat,241494,241723,229,0.8724
datasets/workout/thomas0506workout/thomas0506_whole_session_20260506_154720.csv,thomas0506,db_squat,241723,241934,211,0.9336
datasets/workout/thomas0506workout/thomas0506_whole_session_20260506_154720.csv,thomas0506,db_squat,260745,260932,187,0.9212
datasets/workout/thomas0506workout/thomas0506_whole_session_20260506_154720.csv,thomas0506,db_squat,260932,261189,257,0.9026
datasets/workout/thomas0506workout/thomas0506_whole_session_20260506_154720.csv,thomas0506,db_squat,261189,261387,198,0.8069
datasets/workout/thomas0506workout/thomas0506_whole_session_20260506_154720.csv,thomas0506,db_squat,261387,261649,262,0.8346
datasets/workout/thomas0506workout/thomas0506_whole_session_20260506_154720.csv,thomas0506,db_squat,261649,261903,254,0.9173
datasets/workout/thomas0506workout/thomas0506_whole_session_20260506_154720.csv,thomas0506,db_squat,261903,262140,237,0.9109
datasets/workout/thomas0506workout/thomas0506_whole_session_20260506_154720.csv,thomas0506,db_squat,262140,262365,225,0.8465
datasets/workout/thomas0506workout/thomas0506_whole_session_20260506_154720.csv,thomas0506,db_squat,262365,262626,261,0.8755
datasets/workout/thomas0506workout/thomas0506_whole_session_20260506_154720.csv,thomas0506,db_squat,262626,262839,213,0.9009
datasets/workout/thomas0506workout/thomas0506_whole_session_20260506_154720.csv,thomas0506,db_squat,262839,263066,227,0.8387
datasets/workout/thomas0506workout/thomas0506_whole_session_20260506_154720.csv,thomas0506,db_squat,263066,263308,242,0.8843
datasets/workout/thomas0506workout/thomas0506_whole_session_20260506_154720.csv,thomas0506,db_squat,263308,263525,217,0.9688
datasets/workout/thomas0506workout/thomas0506_whole_session_20260506_154720.csv,thomas0506,db_squat,249886,250094,208,0.9952
datasets/workout/thomas0506workout/thomas0506_whole_session_20260506_154720.csv,thomas0506,db_squat,250094,250361,267,0.8955
datasets/workout/thomas0506workout/thomas0506_whole_session_20260506_154720.csv,thomas0506,db_squat,250361,250588,227,0.8346
datasets/workout/thomas0506workout/thomas0506_whole_session_20260506_154720.csv,thomas0506,db_squat,250588,250815,227,0.8802
datasets/workout/thomas0506workout/thomas0506_whole_session_20260506_154720.csv,thomas0506,db_squat,250815,251061,246,0.9038
datasets/workout/thomas0506workout/thomas0506_whole_session_20260506_154720.csv,thomas0506,db_squat,251061,251275,214,0.8594
datasets/workout/thomas0506workout/thomas0506_whole_session_20260506_154720.csv,thomas0506,db_squat,251275,251530,255,0.8684
datasets/workout/thomas0506workout/thomas0506_whole_session_20260506_154720.csv,thomas0506,db_squat,251530,251779,249,0.952
datasets/workout/thomas0506workout/thomas0506_whole_session_20260506_154720.csv,thomas0506,db_squat,251779,252026,247,0.9271
datasets/workout/thomas0506workout/thomas0506_whole_session_20260506_154720.csv,thomas0506,db_squat,252026,252219,193,0.8213
datasets/workout/thomas0506workout/thomas0506_whole_session_20260506_154720.csv,thomas0506,db_squat,252219,252518,299,0.903
datasets/workout/thomas0506workout/thomas0506_whole_session_20260506_154720.csv,thomas0506,db_squat,252518,252839,321,0.9877
datasets/workout/thomas0506workout/thomas0506_whole_session_20260506_154720.csv,thomas0506,db_squat,270387,270760,373,0.6166
datasets/workout/thomas0506workout/thomas0506_whole_session_20260506_154720.csv,thomas0506,db_squat,270760,270878,118,0.3755
datasets/workout/thomas0506workout/thomas0506_whole_session_20260506_154720.csv,thomas0506,db_squat,270878,271146,268,0.8785
datasets/workout/thomas0506workout/thomas0506_whole_session_20260506_154720.csv,thomas0506,db_squat,271146,271380,234,0.8996
datasets/workout/thomas0506workout/thomas0506_whole_session_20260506_154720.csv,thomas0506,db_squat,271380,271605,225,0.8766
datasets/workout/thomas0506workout/thomas0506_whole_session_20260506_154720.csv,thomas0506,db_squat,271605,271855,250,0.9225
datasets/workout/thomas0506workout/thomas0506_whole_session_20260506_154720.csv,thomas0506,db_squat,271855,272107,252,0.9804
datasets/workout/thomas0506workout/thomas0506_whole_session_20260506_154720.csv,thomas0506,db_squat,272107,272335,228,0.9615
datasets/workout/thomas0506workout/thomas0506_whole_session_20260506_154720.csv,thomas0506,db_squat,272335,272613,278,0.8813
datasets/workout/thomas0506workout/thomas0506_whole_session_20260506_154720.csv,thomas0506,db_squat,272613,272838,225,0.8532
datasets/workout/thomas0506workout/thomas0506_whole_session_20260506_154720.csv,thomas0506,db_squat,272838,273084,246,0.8281
datasets/workout/thomas0506workout/thomas0506_whole_session_20260506_154720.csv,thomas0506,db_squat,273084,273221,137,0.8012
datasets/workout/thomas0506workout/thomas0506_whole_session_20260506_154720.csv,thomas0506,db_squat,278667,278904,237,0.9747
datasets/workout/thomas0506workout/thomas0506_whole_session_20260506_154720.csv,thomas0506,db_squat,278904,279117,213,0.9301
datasets/workout/thomas0506workout/thomas0506_whole_session_20260506_154720.csv,thomas0506,db_squat,279117,279351,234,0.9451
datasets/workout/thomas0506workout/thomas0506_whole_session_20260506_154720.csv,thomas0506,db_squat,279351,279577,226,0.9696
datasets/workout/thomas0506workout/thomas0506_whole_session_20260506_154720.csv,thomas0506,db_squat,279577,279848,271,0.845
datasets/workout/thomas0506workout/thomas0506_whole_session_20260506_154720.csv,thomas0506,db_squat,279848,280049,201,0.7976
datasets/workout/thomas0506workout/thomas0506_whole_session_20260506_154720.csv,thomas0506,db_squat,280049,280293,244,0.9016
datasets/workout/thomas0506workout/thomas0506_whole_session_20260506_154720.csv,thomas0506,db_squat,280293,280495,202,0.8978
datasets/workout/thomas0506workout/thomas0506_whole_session_20260506_154720.csv,thomas0506,db_squat,280495,280731,236,0.7881
datasets/workout/thomas0506workout/thomas0506_whole_session_20260506_154720.csv,thomas0506,db_squat,280731,280948,217,0.7647
datasets/workout/thomas0506workout/thomas0506_whole_session_20260506_154720.csv,thomas0506,db_squat,280948,281126,178,0.7574
datasets/workout/thomas0506workout/thomas0506_whole_session_20260506_154720.csv,thomas0506,db_squat,281126,281342,216,0.838
datasets/workout/thomas0506workout/thomas0506_whole_session_20260506_154720.csv,thomas0506,db_triceps_curl,199904,200151,247,0.95
datasets/workout/thomas0506workout/thomas0506_whole_session_20260506_154720.csv,thomas0506,db_triceps_curl,200151,200466,315,0.9175
datasets/workout/thomas0506workout/thomas0506_whole_session_20260506_154720.csv,thomas0506,db_triceps_curl,200466,200716,250,0.9354
datasets/workout/thomas0506workout/thomas0506_whole_session_20260506_154720.csv,thomas0506,db_triceps_curl,200716,200972,256,0.8692
datasets/workout/thomas0506workout/thomas0506_whole_session_20260506_154720.csv,thomas0506,db_triceps_curl,200972,201253,281,0.8746
datasets/workout/thomas0506workout/thomas0506_whole_session_20260506_154720.csv,thomas0506,db_triceps_curl,201253,201567,314,0.904
datasets/workout/thomas0506workout/thomas0506_whole_session_20260506_154720.csv,thomas0506,db_triceps_curl,201567,201906,339,0.8781
datasets/workout/thomas0506workout/thomas0506_whole_session_20260506_154720.csv,thomas0506,db_triceps_curl,201906,202209,303,0.9138
datasets/workout/thomas0506workout/thomas0506_whole_session_20260506_154720.csv,thomas0506,db_triceps_curl,202209,202489,280,0.951
datasets/workout/thomas0506workout/thomas0506_whole_session_20260506_154720.csv,thomas0506,db_triceps_curl,202489,202774,285,0.9317
datasets/workout/thomas0506workout/thomas0506_whole_session_20260506_154720.csv,thomas0506,db_triceps_curl,202774,203108,334,0.9451
datasets/workout/thomas0506workout/thomas0506_whole_session_20260506_154720.csv,thomas0506,db_triceps_curl,203108,203350,242,0.9719
datasets/workout/thomas0506workout/thomas0506_whole_session_20260506_154720.csv,thomas0506,db_triceps_curl,210786,211057,271,0.9188
datasets/workout/thomas0506workout/thomas0506_whole_session_20260506_154720.csv,thomas0506,db_triceps_curl,211057,211297,240,0.8989
datasets/workout/thomas0506workout/thomas0506_whole_session_20260506_154720.csv,thomas0506,db_triceps_curl,211297,211551,254,0.9646
datasets/workout/thomas0506workout/thomas0506_whole_session_20260506_154720.csv,thomas0506,db_triceps_curl,211551,211781,230,0.9465
datasets/workout/thomas0506workout/thomas0506_whole_session_20260506_154720.csv,thomas0506,db_triceps_curl,211781,212053,272,0.9599
datasets/workout/thomas0506workout/thomas0506_whole_session_20260506_154720.csv,thomas0506,db_triceps_curl,212053,212248,195,0.8894
datasets/workout/thomas0506workout/thomas0506_whole_session_20260506_154720.csv,thomas0506,db_triceps_curl,212248,212481,233,0.8792
datasets/workout/thomas0506workout/thomas0506_whole_session_20260506_154720.csv,thomas0506,db_triceps_curl,212481,212727,246,0.9637
datasets/workout/thomas0506workout/thomas0506_whole_session_20260506_154720.csv,thomas0506,db_triceps_curl,212727,213029,302,0.974
datasets/workout/thomas0506workout/thomas0506_whole_session_20260506_154720.csv,thomas0506,db_triceps_curl,213029,213274,245,0.9755
datasets/workout/thomas0506workout/thomas0506_whole_session_20260506_154720.csv,thomas0506,db_triceps_curl,213274,213508,234,0.9786
datasets/workout/thomas0506workout/thomas0506_whole_session_20260506_154720.csv,thomas0506,db_triceps_curl,213508,213763,255,0.9808
datasets/workout/thomas0506workout/thomas0506_whole_session_20260506_154720.csv,thomas0506,db_triceps_curl,219440,219683,243,0.9877
datasets/workout/thomas0506workout/thomas0506_whole_session_20260506_154720.csv,thomas0506,db_triceps_curl,219683,219957,274,0.9531
datasets/workout/thomas0506workout/thomas0506_whole_session_20260506_154720.csv,thomas0506,db_triceps_curl,219957,220242,285,0.9288
datasets/workout/thomas0506workout/thomas0506_whole_session_20260506_154720.csv,thomas0506,db_triceps_curl,220242,220533,291,0.8775
datasets/workout/thomas0506workout/thomas0506_whole_session_20260506_154720.csv,thomas0506,db_triceps_curl,220533,220842,309,0.7791
datasets/workout/thomas0506workout/thomas0506_whole_session_20260506_154720.csv,thomas0506,db_triceps_curl,220842,221077,235,0.7966
datasets/workout/thomas0506workout/thomas0506_whole_session_20260506_154720.csv,thomas0506,db_triceps_curl,221077,221320,243,0.9352
datasets/workout/thomas0506workout/thomas0506_whole_session_20260506_154720.csv,thomas0506,db_triceps_curl,221320,221554,234,0.8984
datasets/workout/thomas0506workout/thomas0506_whole_session_20260506_154720.csv,thomas0506,db_triceps_curl,221554,221860,306,0.8301
datasets/workout/thomas0506workout/thomas0506_whole_session_20260506_154720.csv,thomas0506,db_triceps_curl,221860,222083,223,0.8447
datasets/workout/thomas0506workout/thomas0506_whole_session_20260506_154720.csv,thomas0506,db_triceps_curl,222083,222318,235,0.9492
datasets/workout/thomas0506workout/thomas0506_whole_session_20260506_154720.csv,thomas0506,db_triceps_curl,222318,222568,250,0.996
datasets/workout/thomas0506workout/thomas0506_whole_session_20260506_154720.csv,thomas0506,db_weighted_crunch,105224,105892,668,0.5404
datasets/workout/thomas0506workout/thomas0506_whole_session_20260506_154720.csv,thomas0506,db_weighted_crunch,105892,106730,838,0.3091
datasets/workout/thomas0506workout/thomas0506_whole_session_20260506_154720.csv,thomas0506,db_weighted_crunch,106730,107099,369,0.4098
datasets/workout/thomas0506workout/thomas0506_whole_session_20260506_154720.csv,thomas0506,db_weighted_crunch,107099,107684,585,0.5282
datasets/workout/thomas0506workout/thomas0506_whole_session_20260506_154720.csv,thomas0506,db_weighted_crunch,107684,108641,957,0.303
datasets/workout/thomas0506workout/thomas0506_whole_session_20260506_154720.csv,thomas0506,db_weighted_crunch,114252,114653,401,0.7307
datasets/workout/thomas0506workout/thomas0506_whole_session_20260506_154720.csv,thomas0506,db_weighted_crunch,114653,114885,232,0.4324
datasets/workout/thomas0506workout/thomas0506_whole_session_20260506_154720.csv,thomas0506,db_weighted_crunch,114885,115069,184,0.6654
datasets/workout/thomas0506workout/thomas0506_whole_session_20260506_154720.csv,thomas0506,db_weighted_crunch,115069,115437,368,0.6059
datasets/workout/thomas0506workout/thomas0506_whole_session_20260506_154720.csv,thomas0506,db_weighted_crunch,115437,115690,253,0.39
datasets/workout/thomas0506workout/thomas0506_whole_session_20260506_154720.csv,thomas0506,db_weighted_crunch,115690,115930,240,0.3651
datasets/workout/thomas0506workout/thomas0506_whole_session_20260506_154720.csv,thomas0506,db_weighted_crunch,115930,116097,167,0.4219
datasets/workout/thomas0506workout/thomas0506_whole_session_20260506_154720.csv,thomas0506,db_weighted_crunch,116097,116359,262,0.851
datasets/workout/thomas0506workout/thomas0506_whole_session_20260506_154720.csv,thomas0506,db_weighted_crunch,116359,116725,366,0.6361
datasets/workout/thomas0506workout/thomas0506_whole_session_20260506_154720.csv,thomas0506,db_weighted_crunch,116725,116951,226,0.3876
datasets/workout/thomas0506workout/thomas0506_whole_session_20260506_154720.csv,thomas0506,db_weighted_crunch,116951,117225,274,0.5331
datasets/workout/thomas0506workout/thomas0506_whole_session_20260506_154720.csv,thomas0506,db_weighted_crunch,117225,117440,215,0.5946
datasets/workout/thomas0506workout/thomas0506_whole_session_20260506_154720.csv,thomas0506,db_weighted_crunch,117440,117735,295,0.8024
datasets/workout/thomas0506workout/thomas0506_whole_session_20260506_154720.csv,thomas0506,db_weighted_crunch,117735,118130,395,0.5829
datasets/workout/thomas0506workout/thomas0506_whole_session_20260506_154720.csv,thomas0506,db_weighted_crunch,118130,118278,148,0.431
datasets/workout/thomas0506workout/thomas0506_whole_session_20260506_154720.csv,thomas0506,db_weighted_crunch,118278,118596,318,0.7041
datasets/workout/thomas0506workout/thomas0506_whole_session_20260506_154720.csv,thomas0506,db_weighted_crunch,118596,118818,222,0.7351
datasets/workout/thomas0506workout/thomas0506_whole_session_20260506_154720.csv,thomas0506,db_weighted_crunch,125153,125315,162,0.5827
datasets/workout/thomas0506workout/thomas0506_whole_session_20260506_154720.csv,thomas0506,db_weighted_crunch,125315,125527,212,0.3102
datasets/workout/thomas0506workout/thomas0506_whole_session_20260506_154720.csv,thomas0506,db_weighted_crunch,125527,125830,303,0.4461
datasets/workout/thomas0506workout/thomas0506_whole_session_20260506_154720.csv,thomas0506,db_weighted_crunch,125830,126035,205,0.3455
datasets/workout/thomas0506workout/thomas0506_whole_session_20260506_154720.csv,thomas0506,db_weighted_crunch,126035,126181,146,0.5527
datasets/workout/thomas0506workout/thomas0506_whole_session_20260506_154720.csv,thomas0506,db_weighted_crunch,126181,126420,239,0.9157
datasets/workout/thomas0506workout/thomas0506_whole_session_20260506_154720.csv,thomas0506,db_weighted_crunch,126420,126693,273,0.8352
datasets/workout/thomas0506workout/thomas0506_whole_session_20260506_154720.csv,thomas0506,db_weighted_crunch,126693,126939,246,0.8425
datasets/workout/thomas0506workout/thomas0506_whole_session_20260506_154720.csv,thomas0506,db_weighted_crunch,126939,127217,278,0.9317
datasets/workout/thomas0506workout/thomas0506_whole_session_20260506_154720.csv,thomas0506,db_weighted_crunch,127217,127500,283,0.9422
datasets/workout/thomas0506workout/thomas0506_whole_session_20260506_154720.csv,thomas0506,db_weighted_crunch,127500,127731,231,0.962
datasets/workout/thomas0506workout/thomas0506_whole_session_20260506_154720.csv,thomas0506,db_weighted_crunch,127731,128032,301,0.8158
datasets/workout/thomas0506workout/thomas0506_whole_session_20260506_154720.csv,thomas0506,db_weighted_crunch,128032,128244,212,0.8
datasets/workout/thomas0506workout/thomas0506_whole_session_20260506_154720.csv,thomas0506,one_arm_db_row,34027,34442,415,0.4988
datasets/workout/thomas0506workout/thomas0506_whole_session_20260506_154720.csv,thomas0506,one_arm_db_row,34442,34805,363,0.6116
datasets/workout/thomas0506workout/thomas0506_whole_session_20260506_154720.csv,thomas0506,one_arm_db_row,34805,35394,589,0.4109
datasets/workout/thomas0506workout/thomas0506_whole_session_20260506_154720.csv,thomas0506,one_arm_db_row,35394,35770,376,0.6299
datasets/workout/thomas0506workout/thomas0506_whole_session_20260506_154720.csv,thomas0506,one_arm_db_row,35770,36112,342,0.6725
datasets/workout/thomas0506workout/thomas0506_whole_session_20260506_154720.csv,thomas0506,one_arm_db_row,36112,37006,894,0.2584
datasets/workout/thomas0506workout/thomas0506_whole_session_20260506_154720.csv,thomas0506,one_arm_db_row,42399,42639,240,1.0
datasets/workout/thomas0506workout/thomas0506_whole_session_20260506_154720.csv,thomas0506,one_arm_db_row,42639,42863,224,0.9492
datasets/workout/thomas0506workout/thomas0506_whole_session_20260506_154720.csv,thomas0506,one_arm_db_row,42863,42993,130,0.4979
datasets/workout/thomas0506workout/thomas0506_whole_session_20260506_154720.csv,thomas0506,one_arm_db_row,42993,43222,229,0.3609
datasets/workout/thomas0506workout/thomas0506_whole_session_20260506_154720.csv,thomas0506,one_arm_db_row,43222,43562,340,0.6435
datasets/workout/thomas0506workout/thomas0506_whole_session_20260506_154720.csv,thomas0506,one_arm_db_row,43562,43797,235,0.8963
datasets/workout/thomas0506workout/thomas0506_whole_session_20260506_154720.csv,thomas0506,one_arm_db_row,43797,43935,138,0.5176
datasets/workout/thomas0506workout/thomas0506_whole_session_20260506_154720.csv,thomas0506,one_arm_db_row,43935,44157,222,0.3305
datasets/workout/thomas0506workout/thomas0506_whole_session_20260506_154720.csv,thomas0506,one_arm_db_row,44157,44404,247,0.3746
datasets/workout/thomas0506workout/thomas0506_whole_session_20260506_154720.csv,thomas0506,one_arm_db_row,44404,44712,308,0.6047
datasets/workout/thomas0506workout/thomas0506_whole_session_20260506_154720.csv,thomas0506,one_arm_db_row,44712,44963,251,0.7706
datasets/workout/thomas0506workout/thomas0506_whole_session_20260506_154720.csv,thomas0506,one_arm_db_row,44963,45146,183,0.5939
datasets/workout/thomas0506workout/thomas0506_whole_session_20260506_154720.csv,thomas0506,one_arm_db_row,45146,45435,289,0.7301
datasets/workout/thomas0506workout/thomas0506_whole_session_20260506_154720.csv,thomas0506,one_arm_db_row,54832,55039,207,0.9857
datasets/workout/thomas0506workout/thomas0506_whole_session_20260506_154720.csv,thomas0506,one_arm_db_row,55039,55269,230,0.9827
datasets/workout/thomas0506workout/thomas0506_whole_session_20260506_154720.csv,thomas0506,one_arm_db_row,55269,55515,246,0.9146
datasets/workout/thomas0506workout/thomas0506_whole_session_20260506_154720.csv,thomas0506,one_arm_db_row,55515,55728,213,0.8875
datasets/workout/thomas0506workout/thomas0506_whole_session_20260506_154720.csv,thomas0506,one_arm_db_row,55728,55991,263,0.9316
datasets/workout/thomas0506workout/thomas0506_whole_session_20260506_154720.csv,thomas0506,one_arm_db_row,55991,56215,224,0.9319
datasets/workout/thomas0506workout/thomas0506_whole_session_20260506_154720.csv,thomas0506,one_arm_db_row,56215,56469,254,0.9228
datasets/workout/thomas0506workout/thomas0506_whole_session_20260506_154720.csv,thomas0506,one_arm_db_row,56469,56671,202,0.886
datasets/workout/thomas0506workout/thomas0506_whole_session_20260506_154720.csv,thomas0506,one_arm_db_row,56671,57006,335,0.7015
datasets/workout/thomas0506workout/thomas0506_whole_session_20260506_154720.csv,thomas0506,one_arm_db_row,57006,57130,124,0.502
datasets/workout/thomas0506workout/thomas0506_whole_session_20260506_154720.csv,thomas0506,one_arm_db_row,57130,57376,246,0.794
datasets/workout/thomas0506workout/thomas0506_whole_session_20260506_154720.csv,thomas0506,one_arm_db_row,57376,57623,247,0.915
datasets/workout/yanz0510workout/yanz0510workout_whole_session_20260510_222208.csv,yanz0510workout,db_bench_press,0,105,105,0.1487
datasets/workout/yanz0510workout/yanz0510workout_whole_session_20260510_222208.csv,yanz0510workout,db_bench_press,105,321,216,0.3059
datasets/workout/yanz0510workout/yanz0510workout_whole_session_20260510_222208.csv,yanz0510workout,db_bench_press,321,473,152,0.2153
datasets/workout/yanz0510workout/yanz0510workout_whole_session_20260510_222208.csv,yanz0510workout,db_bench_press,473,652,179,0.2535
datasets/workout/yanz0510workout/yanz0510workout_whole_session_20260510_222208.csv,yanz0510workout,db_bench_press,652,808,156,0.2569
datasets/workout/yanz0510workout/yanz0510workout_whole_session_20260510_222208.csv,yanz0510workout,db_bench_press,808,991,183,0.5335
datasets/workout/yanz0510workout/yanz0510workout_whole_session_20260510_222208.csv,yanz0510workout,db_bench_press,991,1139,148,0.2452
datasets/workout/yanz0510workout/yanz0510workout_whole_session_20260510_222208.csv,yanz0510workout,db_bench_press,1139,1294,155,0.5016
datasets/workout/yanz0510workout/yanz0510workout_whole_session_20260510_222208.csv,yanz0510workout,db_bench_press,1294,1499,205,0.3615
datasets/workout/yanz0510workout/yanz0510workout_whole_session_20260510_222208.csv,yanz0510workout,db_bench_press,1499,1623,124,0.3804
datasets/workout/yanz0510workout/yanz0510workout_whole_session_20260510_222208.csv,yanz0510workout,db_bench_press,1623,1796,173,0.2971
datasets/workout/yanz0510workout/yanz0510workout_whole_session_20260510_222208.csv,yanz0510workout,db_bench_press,1796,1964,168,0.5316
datasets/workout/yanz0510workout/yanz0510workout_whole_session_20260510_222208.csv,yanz0510workout,db_bench_press,1964,2140,176,0.3509
datasets/workout/yanz0510workout/yanz0510workout_whole_session_20260510_222208.csv,yanz0510workout,db_bench_press,2140,2317,177,0.4876
datasets/workout/yanz0510workout/yanz0510workout_whole_session_20260510_222208.csv,yanz0510workout,db_bench_press,2317,2486,169,0.328
datasets/workout/yanz0510workout/yanz0510workout_whole_session_20260510_222208.csv,yanz0510workout,db_bench_press,2486,2661,175,0.5319
datasets/workout/yanz0510workout/yanz0510workout_whole_session_20260510_222208.csv,yanz0510workout,db_bench_press,2661,2834,173,0.3595
datasets/workout/yanz0510workout/yanz0510workout_whole_session_20260510_222208.csv,yanz0510workout,db_bench_press,2834,3029,195,0.5357
datasets/workout/yanz0510workout/yanz0510workout_whole_session_20260510_222208.csv,yanz0510workout,db_bench_press,3029,3189,160,0.3604
datasets/workout/yanz0510workout/yanz0510workout_whole_session_20260510_222208.csv,yanz0510workout,db_bench_press,3189,3354,165,0.4825
datasets/workout/yanz0510workout/yanz0510workout_whole_session_20260510_222208.csv,yanz0510workout,db_bench_press,3354,3535,181,0.354
datasets/workout/yanz0510workout/yanz0510workout_whole_session_20260510_222208.csv,yanz0510workout,db_bench_press,3535,3696,161,0.4694
datasets/workout/yanz0510workout/yanz0510workout_whole_session_20260510_222208.csv,yanz0510workout,db_bench_press,3696,3864,168,0.3639
datasets/workout/yanz0510workout/yanz0510workout_whole_session_20260510_222208.csv,yanz0510workout,db_bench_press,3864,4016,152,0.5188
datasets/workout/yanz0510workout/yanz0510workout_whole_session_20260510_222208.csv,yanz0510workout,db_bench_press,4016,4185,169,0.3612
datasets/workout/yanz0510workout/yanz0510workout_whole_session_20260510_222208.csv,yanz0510workout,db_bench_press,4185,4434,249,0.6225
datasets/workout/yanz0510workout/yanz0510workout_whole_session_20260510_222208.csv,yanz0510workout,db_bench_press,12580,12809,229,0.9271
datasets/workout/yanz0510workout/yanz0510workout_whole_session_20260510_222208.csv,yanz0510workout,db_bench_press,12809,13204,395,0.9114
datasets/workout/yanz0510workout/yanz0510workout_whole_session_20260510_222208.csv,yanz0510workout,db_bench_press,13204,13568,364,0.9032
datasets/workout/yanz0510workout/yanz0510workout_whole_session_20260510_222208.csv,yanz0510workout,db_bench_press,13568,13925,357,0.643
datasets/workout/yanz0510workout/yanz0510workout_whole_session_20260510_222208.csv,yanz0510workout,db_bench_press,13925,14297,372,0.3803
datasets/workout/yanz0510workout/yanz0510workout_whole_session_20260510_222208.csv,yanz0510workout,db_bench_press,14297,14666,369,0.3573
datasets/workout/yanz0510workout/yanz0510workout_whole_session_20260510_222208.csv,yanz0510workout,db_bench_press,14666,15076,410,0.4346
datasets/workout/yanz0510workout/yanz0510workout_whole_session_20260510_222208.csv,yanz0510workout,db_bench_press,15076,15463,387,0.3269
datasets/workout/yanz0510workout/yanz0510workout_whole_session_20260510_222208.csv,yanz0510workout,db_bench_press,15463,15848,385,0.5978
datasets/workout/yanz0510workout/yanz0510workout_whole_session_20260510_222208.csv,yanz0510workout,db_bench_press,15848,16221,373,0.9035
datasets/workout/yanz0510workout/yanz0510workout_whole_session_20260510_222208.csv,yanz0510workout,db_bench_press,16221,16575,354,0.8649
datasets/workout/yanz0510workout/yanz0510workout_whole_session_20260510_222208.csv,yanz0510workout,db_bench_press,16575,16921,346,0.8992
datasets/workout/yanz0510workout/yanz0510workout_whole_session_20260510_222208.csv,yanz0510workout,db_bench_press,16921,17270,349,0.9562
datasets/workout/yanz0510workout/yanz0510workout_whole_session_20260510_222208.csv,yanz0510workout,db_bench_press,33899,34372,473,0.6004
datasets/workout/yanz0510workout/yanz0510workout_whole_session_20260510_222208.csv,yanz0510workout,db_bench_press,34372,34710,338,0.3388
datasets/workout/yanz0510workout/yanz0510workout_whole_session_20260510_222208.csv,yanz0510workout,db_bench_press,34710,35016,306,0.3413
datasets/workout/yanz0510workout/yanz0510workout_whole_session_20260510_222208.csv,yanz0510workout,db_bench_press,35016,35274,258,0.3711
datasets/workout/yanz0510workout/yanz0510workout_whole_session_20260510_222208.csv,yanz0510workout,db_bench_press,35274,35645,371,0.4716
datasets/workout/yanz0510workout/yanz0510workout_whole_session_20260510_222208.csv,yanz0510workout,db_bench_press,35645,36002,357,0.4226
datasets/workout/yanz0510workout/yanz0510workout_whole_session_20260510_222208.csv,yanz0510workout,db_bench_press,36002,36351,349,0.4381
datasets/workout/yanz0510workout/yanz0510workout_whole_session_20260510_222208.csv,yanz0510workout,db_bench_press,36351,36704,353,0.4383
datasets/workout/yanz0510workout/yanz0510workout_whole_session_20260510_222208.csv,yanz0510workout,db_bench_press,36704,37077,373,0.3723
datasets/workout/yanz0510workout/yanz0510workout_whole_session_20260510_222208.csv,yanz0510workout,db_bench_press,37077,37430,353,0.3944
datasets/workout/yanz0510workout/yanz0510workout_whole_session_20260510_222208.csv,yanz0510workout,db_bench_press,37430,37768,338,0.3292
datasets/workout/yanz0510workout/yanz0510workout_whole_session_20260510_222208.csv,yanz0510workout,db_bench_press,37768,38010,242,0.5735
datasets/workout/yanz0510workout/yanz0510workout_whole_session_20260510_222208.csv,yanz0510workout,db_bench_press,44668,45164,496,0.8125
datasets/workout/yanz0510workout/yanz0510workout_whole_session_20260510_222208.csv,yanz0510workout,db_bench_press,45164,45497,333,0.4789
datasets/workout/yanz0510workout/yanz0510workout_whole_session_20260510_222208.csv,yanz0510workout,db_bench_press,45497,45866,369,0.4679
datasets/workout/yanz0510workout/yanz0510workout_whole_session_20260510_222208.csv,yanz0510workout,db_bench_press,45866,46204,338,0.5274
datasets/workout/yanz0510workout/yanz0510workout_whole_session_20260510_222208.csv,yanz0510workout,db_bench_press,46204,46577,373,0.5423
datasets/workout/yanz0510workout/yanz0510workout_whole_session_20260510_222208.csv,yanz0510workout,db_bench_press,46577,46934,357,0.4188
datasets/workout/yanz0510workout/yanz0510workout_whole_session_20260510_222208.csv,yanz0510workout,db_bench_press,46934,47287,353,0.446
datasets/workout/yanz0510workout/yanz0510workout_whole_session_20260510_222208.csv,yanz0510workout,db_bench_press,47287,47616,329,0.5187
datasets/workout/yanz0510workout/yanz0510workout_whole_session_20260510_222208.csv,yanz0510workout,db_bench_press,47616,48002,386,0.5532
datasets/workout/yanz0510workout/yanz0510workout_whole_session_20260510_222208.csv,yanz0510workout,db_bench_press,48002,48352,350,0.5053
datasets/workout/yanz0510workout/yanz0510workout_whole_session_20260510_222208.csv,yanz0510workout,db_bench_press,48352,48809,457,0.4112
datasets/workout/yanz0510workout/yanz0510workout_whole_session_20260510_222208.csv,yanz0510workout,db_bench_press,48809,48985,176,0.4411
datasets/workout/yanz0510workout/yanz0510workout_whole_session_20260510_222208.csv,yanz0510workout,db_bench_press,55642,55941,299,0.6722
datasets/workout/yanz0510workout/yanz0510workout_whole_session_20260510_222208.csv,yanz0510workout,db_bench_press,55941,56251,310,0.4853
datasets/workout/yanz0510workout/yanz0510workout_whole_session_20260510_222208.csv,yanz0510workout,db_bench_press,56251,56570,319,0.5615
datasets/workout/yanz0510workout/yanz0510workout_whole_session_20260510_222208.csv,yanz0510workout,db_bench_press,56570,56896,326,0.5484
datasets/workout/yanz0510workout/yanz0510workout_whole_session_20260510_222208.csv,yanz0510workout,db_bench_press,56896,57240,344,0.5011
datasets/workout/yanz0510workout/yanz0510workout_whole_session_20260510_222208.csv,yanz0510workout,db_bench_press,57240,57579,339,0.4651
datasets/workout/yanz0510workout/yanz0510workout_whole_session_20260510_222208.csv,yanz0510workout,db_bench_press,57579,57963,384,0.4
datasets/workout/yanz0510workout/yanz0510workout_whole_session_20260510_222208.csv,yanz0510workout,db_bench_press,57963,58225,262,0.3456
datasets/workout/yanz0510workout/yanz0510workout_whole_session_20260510_222208.csv,yanz0510workout,db_bench_press,58225,58544,319,0.5517
datasets/workout/yanz0510workout/yanz0510workout_whole_session_20260510_222208.csv,yanz0510workout,db_bench_press,58544,58876,332,0.6704
datasets/workout/yanz0510workout/yanz0510workout_whole_session_20260510_222208.csv,yanz0510workout,db_bench_press,58876,59116,240,0.7229
datasets/workout/yanz0510workout/yanz0510workout_whole_session_20260510_222208.csv,yanz0510workout,db_biceps_curl,269699,269905,206,0.801
datasets/workout/yanz0510workout/yanz0510workout_whole_session_20260510_222208.csv,yanz0510workout,db_biceps_curl,269905,270191,286,0.7737
datasets/workout/yanz0510workout/yanz0510workout_whole_session_20260510_222208.csv,yanz0510workout,db_biceps_curl,270191,270597,406,0.4966
datasets/workout/yanz0510workout/yanz0510workout_whole_session_20260510_222208.csv,yanz0510workout,db_biceps_curl,270597,270874,277,0.4846
datasets/workout/yanz0510workout/yanz0510workout_whole_session_20260510_222208.csv,yanz0510workout,db_biceps_curl,270874,271132,258,0.3652
datasets/workout/yanz0510workout/yanz0510workout_whole_session_20260510_222208.csv,yanz0510workout,db_biceps_curl,271132,271437,305,0.4181
datasets/workout/yanz0510workout/yanz0510workout_whole_session_20260510_222208.csv,yanz0510workout,db_biceps_curl,271437,271770,333,0.5391
datasets/workout/yanz0510workout/yanz0510workout_whole_session_20260510_222208.csv,yanz0510workout,db_biceps_curl,271770,272061,291,0.4707
datasets/workout/yanz0510workout/yanz0510workout_whole_session_20260510_222208.csv,yanz0510workout,db_biceps_curl,272061,272341,280,0.5145
datasets/workout/yanz0510workout/yanz0510workout_whole_session_20260510_222208.csv,yanz0510workout,db_biceps_curl,272341,272500,159,0.2797
datasets/workout/yanz0510workout/yanz0510workout_whole_session_20260510_222208.csv,yanz0510workout,db_biceps_curl,272500,273022,522,0.5843
datasets/workout/yanz0510workout/yanz0510workout_whole_session_20260510_222208.csv,yanz0510workout,db_biceps_curl,279828,280169,341,0.9501
datasets/workout/yanz0510workout/yanz0510workout_whole_session_20260510_222208.csv,yanz0510workout,db_biceps_curl,280169,280424,255,0.7904
datasets/workout/yanz0510workout/yanz0510workout_whole_session_20260510_222208.csv,yanz0510workout,db_biceps_curl,280424,280831,407,0.5145
datasets/workout/yanz0510workout/yanz0510workout_whole_session_20260510_222208.csv,yanz0510workout,db_biceps_curl,280831,281093,262,0.5118
datasets/workout/yanz0510workout/yanz0510workout_whole_session_20260510_222208.csv,yanz0510workout,db_biceps_curl,281093,281240,147,0.2375
datasets/workout/yanz0510workout/yanz0510workout_whole_session_20260510_222208.csv,yanz0510workout,db_biceps_curl,281240,281492,252,0.6533
datasets/workout/yanz0510workout/yanz0510workout_whole_session_20260510_222208.csv,yanz0510workout,db_biceps_curl,281492,281755,263,0.7434
datasets/workout/yanz0510workout/yanz0510workout_whole_session_20260510_222208.csv,yanz0510workout,db_biceps_curl,281755,282006,251,0.7118
datasets/workout/yanz0510workout/yanz0510workout_whole_session_20260510_222208.csv,yanz0510workout,db_biceps_curl,282006,282395,389,0.4851
datasets/workout/yanz0510workout/yanz0510workout_whole_session_20260510_222208.csv,yanz0510workout,db_biceps_curl,282395,282647,252,0.4341
datasets/workout/yanz0510workout/yanz0510workout_whole_session_20260510_222208.csv,yanz0510workout,db_biceps_curl,282647,282830,183,0.3284
datasets/workout/yanz0510workout/yanz0510workout_whole_session_20260510_222208.csv,yanz0510workout,db_biceps_curl,282830,283061,231,0.7649
datasets/workout/yanz0510workout/yanz0510workout_whole_session_20260510_222208.csv,yanz0510workout,db_biceps_curl,289832,290092,260,0.8846
datasets/workout/yanz0510workout/yanz0510workout_whole_session_20260510_222208.csv,yanz0510workout,db_biceps_curl,290092,290338,246,0.8261
datasets/workout/yanz0510workout/yanz0510workout_whole_session_20260510_222208.csv,yanz0510workout,db_biceps_curl,290338,290620,282,0.7933
datasets/workout/yanz0510workout/yanz0510workout_whole_session_20260510_222208.csv,yanz0510workout,db_biceps_curl,290620,290914,294,0.7041
datasets/workout/yanz0510workout/yanz0510workout_whole_session_20260510_222208.csv,yanz0510workout,db_biceps_curl,290914,291189,275,0.7009
datasets/workout/yanz0510workout/yanz0510workout_whole_session_20260510_222208.csv,yanz0510workout,db_biceps_curl,291189,291480,291,0.7066
datasets/workout/yanz0510workout/yanz0510workout_whole_session_20260510_222208.csv,yanz0510workout,db_biceps_curl,291480,291758,278,0.6547
datasets/workout/yanz0510workout/yanz0510workout_whole_session_20260510_222208.csv,yanz0510workout,db_biceps_curl,291758,292172,414,0.5274
datasets/workout/yanz0510workout/yanz0510workout_whole_session_20260510_222208.csv,yanz0510workout,db_rdl,131402,131867,465,0.6516
datasets/workout/yanz0510workout/yanz0510workout_whole_session_20260510_222208.csv,yanz0510workout,db_rdl,131867,132479,612,0.6
datasets/workout/yanz0510workout/yanz0510workout_whole_session_20260510_222208.csv,yanz0510workout,db_rdl,132479,132887,408,0.8316
datasets/workout/yanz0510workout/yanz0510workout_whole_session_20260510_222208.csv,yanz0510workout,db_rdl,132887,133478,591,0.6836
datasets/workout/yanz0510workout/yanz0510workout_whole_session_20260510_222208.csv,yanz0510workout,db_rdl,133478,133684,206,0.4758
datasets/workout/yanz0510workout/yanz0510workout_whole_session_20260510_222208.csv,yanz0510workout,db_rdl,133684,134285,601,0.6889
datasets/workout/yanz0510workout/yanz0510workout_whole_session_20260510_222208.csv,yanz0510workout,db_rdl,134285,134534,249,0.632
datasets/workout/yanz0510workout/yanz0510workout_whole_session_20260510_222208.csv,yanz0510workout,db_rdl,134534,135112,578,0.7232
datasets/workout/yanz0510workout/yanz0510workout_whole_session_20260510_222208.csv,yanz0510workout,db_rdl,135112,135368,256,0.5885
datasets/workout/yanz0510workout/yanz0510workout_whole_session_20260510_222208.csv,yanz0510workout,db_rdl,135368,135789,421,0.7176
datasets/workout/yanz0510workout/yanz0510workout_whole_session_20260510_222208.csv,yanz0510workout,db_rdl,135789,136226,437,0.8482
datasets/workout/yanz0510workout/yanz0510workout_whole_session_20260510_222208.csv,yanz0510workout,db_rdl,136226,136593,367,0.728
datasets/workout/yanz0510workout/yanz0510workout_whole_session_20260510_222208.csv,yanz0510workout,db_rdl,136593,137005,412,0.7039
datasets/workout/yanz0510workout/yanz0510workout_whole_session_20260510_222208.csv,yanz0510workout,db_rdl,144891,145358,467,0.7045
datasets/workout/yanz0510workout/yanz0510workout_whole_session_20260510_222208.csv,yanz0510workout,db_rdl,145358,145868,510,0.5342
datasets/workout/yanz0510workout/yanz0510workout_whole_session_20260510_222208.csv,yanz0510workout,db_rdl,145868,146063,195,0.2719
datasets/workout/yanz0510workout/yanz0510workout_whole_session_20260510_222208.csv,yanz0510workout,db_rdl,146063,146611,548,0.4853
datasets/workout/yanz0510workout/yanz0510workout_whole_session_20260510_222208.csv,yanz0510workout,db_rdl,146611,146999,388,0.6667
datasets/workout/yanz0510workout/yanz0510workout_whole_session_20260510_222208.csv,yanz0510workout,db_rdl,146999,147379,380,0.5599
datasets/workout/yanz0510workout/yanz0510workout_whole_session_20260510_222208.csv,yanz0510workout,db_rdl,147379,147646,267,0.2464
datasets/workout/yanz0510workout/yanz0510workout_whole_session_20260510_222208.csv,yanz0510workout,db_rdl,147646,148110,464,0.4867
datasets/workout/yanz0510workout/yanz0510workout_whole_session_20260510_222208.csv,yanz0510workout,db_rdl,148110,148499,389,0.5196
datasets/workout/yanz0510workout/yanz0510workout_whole_session_20260510_222208.csv,yanz0510workout,db_rdl,148499,149094,595,0.4271
datasets/workout/yanz0510workout/yanz0510workout_whole_session_20260510_222208.csv,yanz0510workout,db_rdl,149094,149349,255,0.2868
datasets/workout/yanz0510workout/yanz0510workout_whole_session_20260510_222208.csv,yanz0510workout,db_rdl,149349,149678,329,0.5472
datasets/workout/yanz0510workout/yanz0510workout_whole_session_20260510_222208.csv,yanz0510workout,db_rdl,156473,156720,247,0.8373
datasets/workout/yanz0510workout/yanz0510workout_whole_session_20260510_222208.csv,yanz0510workout,db_rdl,156720,157094,374,0.7689
datasets/workout/yanz0510workout/yanz0510workout_whole_session_20260510_222208.csv,yanz0510workout,db_rdl,157094,157468,374,0.777
datasets/workout/yanz0510workout/yanz0510workout_whole_session_20260510_222208.csv,yanz0510workout,db_rdl,157468,157747,279,0.5364
datasets/workout/yanz0510workout/yanz0510workout_whole_session_20260510_222208.csv,yanz0510workout,db_rdl,157747,158173,426,0.4963
datasets/workout/yanz0510workout/yanz0510workout_whole_session_20260510_222208.csv,yanz0510workout,db_rdl,158173,158635,462,0.7437
datasets/workout/yanz0510workout/yanz0510workout_whole_session_20260510_222208.csv,yanz0510workout,db_rdl,158635,159152,517,0.7892
datasets/workout/yanz0510workout/yanz0510workout_whole_session_20260510_222208.csv,yanz0510workout,db_rdl,159152,159410,258,0.6954
datasets/workout/yanz0510workout/yanz0510workout_whole_session_20260510_222208.csv,yanz0510workout,db_rdl,159410,159770,360,0.8382
datasets/workout/yanz0510workout/yanz0510workout_whole_session_20260510_222208.csv,yanz0510workout,db_rdl,159770,160348,578,0.7336
datasets/workout/yanz0510workout/yanz0510workout_whole_session_20260510_222208.csv,yanz0510workout,db_rdl,160348,160566,218,0.5677
datasets/workout/yanz0510workout/yanz0510workout_whole_session_20260510_222208.csv,yanz0510workout,db_rdl,160566,161046,480,0.875
datasets/workout/yanz0510workout/yanz0510workout_whole_session_20260510_222208.csv,yanz0510workout,db_shoulder_press,212222,212570,348,0.6897
datasets/workout/yanz0510workout/yanz0510workout_whole_session_20260510_222208.csv,yanz0510workout,db_shoulder_press,212570,212889,319,0.4286
datasets/workout/yanz0510workout/yanz0510workout_whole_session_20260510_222208.csv,yanz0510workout,db_shoulder_press,212889,213220,331,0.6378
datasets/workout/yanz0510workout/yanz0510workout_whole_session_20260510_222208.csv,yanz0510workout,db_shoulder_press,213220,213549,329,0.7548
datasets/workout/yanz0510workout/yanz0510workout_whole_session_20260510_222208.csv,yanz0510workout,db_shoulder_press,213549,213864,315,0.8147
datasets/workout/yanz0510workout/yanz0510workout_whole_session_20260510_222208.csv,yanz0510workout,db_shoulder_press,213864,214230,366,0.9317
datasets/workout/yanz0510workout/yanz0510workout_whole_session_20260510_222208.csv,yanz0510workout,db_shoulder_press,234605,235100,495,0.7172
datasets/workout/yanz0510workout/yanz0510workout_whole_session_20260510_222208.csv,yanz0510workout,db_shoulder_press,235100,235414,314,0.4008
datasets/workout/yanz0510workout/yanz0510workout_whole_session_20260510_222208.csv,yanz0510workout,db_shoulder_press,235414,235751,337,0.3525
datasets/workout/yanz0510workout/yanz0510workout_whole_session_20260510_222208.csv,yanz0510workout,db_shoulder_press,235751,236091,340,0.3984
datasets/workout/yanz0510workout/yanz0510workout_whole_session_20260510_222208.csv,yanz0510workout,db_shoulder_press,236091,236425,334,0.45
datasets/workout/yanz0510workout/yanz0510workout_whole_session_20260510_222208.csv,yanz0510workout,db_shoulder_press,236425,236795,370,0.4898
datasets/workout/yanz0510workout/yanz0510workout_whole_session_20260510_222208.csv,yanz0510workout,db_shoulder_press,236795,237119,324,0.433
datasets/workout/yanz0510workout/yanz0510workout_whole_session_20260510_222208.csv,yanz0510workout,db_shoulder_press,237119,237348,229,0.5702
datasets/workout/yanz0510workout/yanz0510workout_whole_session_20260510_222208.csv,yanz0510workout,db_shoulder_press,237348,237679,331,0.8235
datasets/workout/yanz0510workout/yanz0510workout_whole_session_20260510_222208.csv,yanz0510workout,db_shoulder_press,237679,238021,342,0.8153
datasets/workout/yanz0510workout/yanz0510workout_whole_session_20260510_222208.csv,yanz0510workout,db_shoulder_press,238021,238433,412,0.6607
datasets/workout/yanz0510workout/yanz0510workout_whole_session_20260510_222208.csv,yanz0510workout,db_shoulder_press,238433,238634,201,0.6301
datasets/workout/yanz0510workout/yanz0510workout_whole_session_20260510_222208.csv,yanz0510workout,db_shoulder_press,245521,245857,336,0.9941
datasets/workout/yanz0510workout/yanz0510workout_whole_session_20260510_222208.csv,yanz0510workout,db_shoulder_press,245857,246188,331,0.9547
datasets/workout/yanz0510workout/yanz0510workout_whole_session_20260510_222208.csv,yanz0510workout,db_shoulder_press,246188,246522,334,0.9107
datasets/workout/yanz0510workout/yanz0510workout_whole_session_20260510_222208.csv,yanz0510workout,db_shoulder_press,246522,246845,323,0.9179
datasets/workout/yanz0510workout/yanz0510workout_whole_session_20260510_222208.csv,yanz0510workout,db_shoulder_press,246845,247172,327,0.8694
datasets/workout/yanz0510workout/yanz0510workout_whole_session_20260510_222208.csv,yanz0510workout,db_shoulder_press,247172,247517,345,0.7757
datasets/workout/yanz0510workout/yanz0510workout_whole_session_20260510_222208.csv,yanz0510workout,db_shoulder_press,247517,247857,340,0.8696
datasets/workout/yanz0510workout/yanz0510workout_whole_session_20260510_222208.csv,yanz0510workout,db_shoulder_press,254158,254268,110,0.4264
datasets/workout/yanz0510workout/yanz0510workout_whole_session_20260510_222208.csv,yanz0510workout,db_shoulder_press,254268,254513,245,0.4169
datasets/workout/yanz0510workout/yanz0510workout_whole_session_20260510_222208.csv,yanz0510workout,db_shoulder_press,254513,254782,269,0.4645
datasets/workout/yanz0510workout/yanz0510workout_whole_session_20260510_222208.csv,yanz0510workout,db_shoulder_press,254782,255024,242,0.4545
datasets/workout/yanz0510workout/yanz0510workout_whole_session_20260510_222208.csv,yanz0510workout,db_shoulder_press,255024,255236,212,0.5251
datasets/workout/yanz0510workout/yanz0510workout_whole_session_20260510_222208.csv,yanz0510workout,db_shoulder_press,255236,255505,269,0.5648
datasets/workout/yanz0510workout/yanz0510workout_whole_session_20260510_222208.csv,yanz0510workout,db_shoulder_press,255505,255899,394,0.5381
datasets/workout/yanz0510workout/yanz0510workout_whole_session_20260510_222208.csv,yanz0510workout,db_squat,351039,351230,191,0.3557
datasets/workout/yanz0510workout/yanz0510workout_whole_session_20260510_222208.csv,yanz0510workout,db_squat,351230,351593,363,0.6245
datasets/workout/yanz0510workout/yanz0510workout_whole_session_20260510_222208.csv,yanz0510workout,db_squat,351593,351917,324,0.7947
datasets/workout/yanz0510workout/yanz0510workout_whole_session_20260510_222208.csv,yanz0510workout,db_squat,351917,352220,303,0.6994
datasets/workout/yanz0510workout/yanz0510workout_whole_session_20260510_222208.csv,yanz0510workout,db_squat,352220,352515,295,0.6361
datasets/workout/yanz0510workout/yanz0510workout_whole_session_20260510_222208.csv,yanz0510workout,db_squat,352515,352787,272,0.6145
datasets/workout/yanz0510workout/yanz0510workout_whole_session_20260510_222208.csv,yanz0510workout,db_squat,352787,353064,277,0.635
datasets/workout/yanz0510workout/yanz0510workout_whole_session_20260510_222208.csv,yanz0510workout,db_squat,353064,353329,265,0.6189
datasets/workout/yanz0510workout/yanz0510workout_whole_session_20260510_222208.csv,yanz0510workout,db_squat,353329,353607,278,0.6588
datasets/workout/yanz0510workout/yanz0510workout_whole_session_20260510_222208.csv,yanz0510workout,db_squat,353607,353864,257,0.7653
datasets/workout/yanz0510workout/yanz0510workout_whole_session_20260510_222208.csv,yanz0510workout,db_squat,353864,354156,292,0.7524
datasets/workout/yanz0510workout/yanz0510workout_whole_session_20260510_222208.csv,yanz0510workout,db_squat,354156,354413,257,0.5937
datasets/workout/yanz0510workout/yanz0510workout_whole_session_20260510_222208.csv,yanz0510workout,db_squat,354413,354640,227,0.7643
datasets/workout/yanz0510workout/yanz0510workout_whole_session_20260510_222208.csv,yanz0510workout,db_squat,360490,360603,113,0.452
datasets/workout/yanz0510workout/yanz0510workout_whole_session_20260510_222208.csv,yanz0510workout,db_squat,360603,360827,224,0.4065
datasets/workout/yanz0510workout/yanz0510workout_whole_session_20260510_222208.csv,yanz0510workout,db_squat,360827,361162,335,0.3957
datasets/workout/yanz0510workout/yanz0510workout_whole_session_20260510_222208.csv,yanz0510workout,db_squat,361162,361394,232,0.33
datasets/workout/yanz0510workout/yanz0510workout_whole_session_20260510_222208.csv,yanz0510workout,db_squat,361394,361635,241,0.478
datasets/workout/yanz0510workout/yanz0510workout_whole_session_20260510_222208.csv,yanz0510workout,db_squat,361635,361874,239,0.4543
datasets/workout/yanz0510workout/yanz0510workout_whole_session_20260510_222208.csv,yanz0510workout,db_squat,361874,362097,223,0.5031
datasets/workout/yanz0510workout/yanz0510workout_whole_session_20260510_222208.csv,yanz0510workout,db_squat,362097,362319,222,0.5684
datasets/workout/yanz0510workout/yanz0510workout_whole_session_20260510_222208.csv,yanz0510workout,db_squat,362319,362555,236,0.4899
datasets/workout/yanz0510workout/yanz0510workout_whole_session_20260510_222208.csv,yanz0510workout,db_squat,362555,362769,214,0.4459
datasets/workout/yanz0510workout/yanz0510workout_whole_session_20260510_222208.csv,yanz0510workout,db_squat,362769,363010,241,0.558
datasets/workout/yanz0510workout/yanz0510workout_whole_session_20260510_222208.csv,yanz0510workout,db_squat,363010,363240,230,0.5495
datasets/workout/yanz0510workout/yanz0510workout_whole_session_20260510_222208.csv,yanz0510workout,db_squat,363240,363423,183,0.7262
datasets/workout/yanz0510workout/yanz0510workout_whole_session_20260510_222208.csv,yanz0510workout,db_squat,370576,370744,168,0.9286
datasets/workout/yanz0510workout/yanz0510workout_whole_session_20260510_222208.csv,yanz0510workout,db_squat,370744,371041,297,0.7217
datasets/workout/yanz0510workout/yanz0510workout_whole_session_20260510_222208.csv,yanz0510workout,db_squat,371041,371285,244,0.5157
datasets/workout/yanz0510workout/yanz0510workout_whole_session_20260510_222208.csv,yanz0510workout,db_squat,371285,371514,229,0.6019
datasets/workout/yanz0510workout/yanz0510workout_whole_session_20260510_222208.csv,yanz0510workout,db_squat,371514,371790,276,0.6458
datasets/workout/yanz0510workout/yanz0510workout_whole_session_20260510_222208.csv,yanz0510workout,db_squat,371790,372050,260,0.5455
datasets/workout/yanz0510workout/yanz0510workout_whole_session_20260510_222208.csv,yanz0510workout,db_squat,372050,372279,229,0.6019
datasets/workout/yanz0510workout/yanz0510workout_whole_session_20260510_222208.csv,yanz0510workout,db_squat,372279,372571,292,0.7104
datasets/workout/yanz0510workout/yanz0510workout_whole_session_20260510_222208.csv,yanz0510workout,db_squat,372571,372838,267,0.4829
datasets/workout/yanz0510workout/yanz0510workout_whole_session_20260510_222208.csv,yanz0510workout,db_squat,372838,373066,228,0.4471
datasets/workout/yanz0510workout/yanz0510workout_whole_session_20260510_222208.csv,yanz0510workout,db_squat,373066,373283,217,0.5085
datasets/workout/yanz0510workout/yanz0510workout_whole_session_20260510_222208.csv,yanz0510workout,db_squat,373283,373499,216,0.7606
datasets/workout/yanz0510workout/yanz0510workout_whole_session_20260510_222208.csv,yanz0510workout,db_triceps_curl,301498,301893,395,0.719
datasets/workout/yanz0510workout/yanz0510workout_whole_session_20260510_222208.csv,yanz0510workout,db_triceps_curl,301893,302232,339,0.5089
datasets/workout/yanz0510workout/yanz0510workout_whole_session_20260510_222208.csv,yanz0510workout,db_triceps_curl,302232,302562,330,0.4909
datasets/workout/yanz0510workout/yanz0510workout_whole_session_20260510_222208.csv,yanz0510workout,db_triceps_curl,302562,302871,309,0.5485
datasets/workout/yanz0510workout/yanz0510workout_whole_session_20260510_222208.csv,yanz0510workout,db_triceps_curl,302871,303190,319,0.6035
datasets/workout/yanz0510workout/yanz0510workout_whole_session_20260510_222208.csv,yanz0510workout,db_triceps_curl,303190,303509,319,0.5414
datasets/workout/yanz0510workout/yanz0510workout_whole_session_20260510_222208.csv,yanz0510workout,db_triceps_curl,303509,303786,277,0.5237
datasets/workout/yanz0510workout/yanz0510workout_whole_session_20260510_222208.csv,yanz0510workout,db_triceps_curl,303786,304058,272,0.6629
datasets/workout/yanz0510workout/yanz0510workout_whole_session_20260510_222208.csv,yanz0510workout,db_triceps_curl,304058,304344,286,0.6748
datasets/workout/yanz0510workout/yanz0510workout_whole_session_20260510_222208.csv,yanz0510workout,db_triceps_curl,304344,304614,270,0.6458
datasets/workout/yanz0510workout/yanz0510workout_whole_session_20260510_222208.csv,yanz0510workout,db_triceps_curl,304614,304908,294,0.6138
datasets/workout/yanz0510workout/yanz0510workout_whole_session_20260510_222208.csv,yanz0510workout,db_triceps_curl,304908,305146,238,0.7461
datasets/workout/yanz0510workout/yanz0510workout_whole_session_20260510_222208.csv,yanz0510workout,db_triceps_curl,311875,311981,106,0.2592
datasets/workout/yanz0510workout/yanz0510workout_whole_session_20260510_222208.csv,yanz0510workout,db_triceps_curl,311981,312255,274,0.6699
datasets/workout/yanz0510workout/yanz0510workout_whole_session_20260510_222208.csv,yanz0510workout,db_triceps_curl,312255,312520,265,0.5476
datasets/workout/yanz0510workout/yanz0510workout_whole_session_20260510_222208.csv,yanz0510workout,db_triceps_curl,312520,312806,286,0.318
datasets/workout/yanz0510workout/yanz0510workout_whole_session_20260510_222208.csv,yanz0510workout,db_triceps_curl,312806,313086,280,0.5575
datasets/workout/yanz0510workout/yanz0510workout_whole_session_20260510_222208.csv,yanz0510workout,db_triceps_curl,313086,313335,249,0.6503
datasets/workout/yanz0510workout/yanz0510workout_whole_session_20260510_222208.csv,yanz0510workout,db_triceps_curl,313335,313606,271,0.6729
datasets/workout/yanz0510workout/yanz0510workout_whole_session_20260510_222208.csv,yanz0510workout,db_triceps_curl,313606,313977,371,0.4671
datasets/workout/yanz0510workout/yanz0510workout_whole_session_20260510_222208.csv,yanz0510workout,db_triceps_curl,313977,314114,137,0.343
datasets/workout/yanz0510workout/yanz0510workout_whole_session_20260510_222208.csv,yanz0510workout,db_triceps_curl,314114,314403,289,0.7312
datasets/workout/yanz0510workout/yanz0510workout_whole_session_20260510_222208.csv,yanz0510workout,db_triceps_curl,314403,314636,233,0.691
datasets/workout/yanz0510workout/yanz0510workout_whole_session_20260510_222208.csv,yanz0510workout,db_triceps_curl,314636,314894,258,0.7534
datasets/workout/yanz0510workout/yanz0510workout_whole_session_20260510_222208.csv,yanz0510workout,db_triceps_curl,314894,315258,364,0.5299
datasets/workout/yanz0510workout/yanz0510workout_whole_session_20260510_222208.csv,yanz0510workout,db_triceps_curl,315258,315393,135,0.472
datasets/workout/yanz0510workout/yanz0510workout_whole_session_20260510_222208.csv,yanz0510workout,db_triceps_curl,323574,323821,247,0.7247
datasets/workout/yanz0510workout/yanz0510workout_whole_session_20260510_222208.csv,yanz0510workout,db_triceps_curl,323821,324082,261,0.6261
datasets/workout/yanz0510workout/yanz0510workout_whole_session_20260510_222208.csv,yanz0510workout,db_triceps_curl,324082,324361,279,0.6407
datasets/workout/yanz0510workout/yanz0510workout_whole_session_20260510_222208.csv,yanz0510workout,db_triceps_curl,324361,324754,393,0.4497
datasets/workout/yanz0510workout/yanz0510workout_whole_session_20260510_222208.csv,yanz0510workout,db_triceps_curl,324754,324920,166,0.2584
datasets/workout/yanz0510workout/yanz0510workout_whole_session_20260510_222208.csv,yanz0510workout,db_triceps_curl,324920,325196,276,0.5163
datasets/workout/yanz0510workout/yanz0510workout_whole_session_20260510_222208.csv,yanz0510workout,db_triceps_curl,325196,325423,227,0.5591
datasets/workout/yanz0510workout/yanz0510workout_whole_session_20260510_222208.csv,yanz0510workout,db_triceps_curl,325423,325667,244,0.6655
datasets/workout/yanz0510workout/yanz0510workout_whole_session_20260510_222208.csv,yanz0510workout,db_triceps_curl,325667,325952,285,0.6024
datasets/workout/yanz0510workout/yanz0510workout_whole_session_20260510_222208.csv,yanz0510workout,db_triceps_curl,325952,326180,228,0.6134
datasets/workout/yanz0510workout/yanz0510workout_whole_session_20260510_222208.csv,yanz0510workout,db_triceps_curl,326180,326454,274,0.6516
datasets/workout/yanz0510workout/yanz0510workout_whole_session_20260510_222208.csv,yanz0510workout,db_triceps_curl,326454,326637,183,0.7176
datasets/workout/yanz0510workout/yanz0510workout_whole_session_20260510_222208.csv,yanz0510workout,db_triceps_curl,333857,334161,304,0.8125
datasets/workout/yanz0510workout/yanz0510workout_whole_session_20260510_222208.csv,yanz0510workout,db_triceps_curl,334161,334453,292,0.1932
datasets/workout/yanz0510workout/yanz0510workout_whole_session_20260510_222208.csv,yanz0510workout,db_triceps_curl,334453,334597,144,0.0953
datasets/workout/yanz0510workout/yanz0510workout_whole_session_20260510_222208.csv,yanz0510workout,db_triceps_curl,334597,335615,1018,0.6737
datasets/workout/yanz0510workout/yanz0510workout_whole_session_20260510_222208.csv,yanz0510workout,db_triceps_curl,336898,337182,284,0.8028
datasets/workout/yanz0510workout/yanz0510workout_whole_session_20260510_222208.csv,yanz0510workout,db_triceps_curl,337182,337473,291,0.5764
datasets/workout/yanz0510workout/yanz0510workout_whole_session_20260510_222208.csv,yanz0510workout,db_triceps_curl,337473,337726,253,0.5436
datasets/workout/yanz0510workout/yanz0510workout_whole_session_20260510_222208.csv,yanz0510workout,db_triceps_curl,337726,338049,323,0.6015
datasets/workout/yanz0510workout/yanz0510workout_whole_session_20260510_222208.csv,yanz0510workout,db_triceps_curl,338049,338282,233,0.6242
datasets/workout/yanz0510workout/yanz0510workout_whole_session_20260510_222208.csv,yanz0510workout,db_triceps_curl,338282,338582,300,0.6777
datasets/workout/yanz0510workout/yanz0510workout_whole_session_20260510_222208.csv,yanz0510workout,db_triceps_curl,338582,338835,253,0.5884
datasets/workout/yanz0510workout/yanz0510workout_whole_session_20260510_222208.csv,yanz0510workout,db_triceps_curl,338835,339224,389,0.4655
datasets/workout/yanz0510workout/yanz0510workout_whole_session_20260510_222208.csv,yanz0510workout,db_triceps_curl,339224,339484,260,0.5773
datasets/workout/yanz0510workout/yanz0510workout_whole_session_20260510_222208.csv,yanz0510workout,db_triceps_curl,339484,339597,113,0.1926
datasets/workout/yanz0510workout/yanz0510workout_whole_session_20260510_222208.csv,yanz0510workout,db_triceps_curl,339597,339864,267,0.6254
datasets/workout/yanz0510workout/yanz0510workout_whole_session_20260510_222208.csv,yanz0510workout,db_triceps_curl,339864,340079,215,0.7679
datasets/workout/yanz0510workout/yanz0510workout_whole_session_20260510_222208.csv,yanz0510workout,db_weighted_crunch,171206,171586,380,0.8763
datasets/workout/yanz0510workout/yanz0510workout_whole_session_20260510_222208.csv,yanz0510workout,db_weighted_crunch,171586,171831,245,0.4721
datasets/workout/yanz0510workout/yanz0510workout_whole_session_20260510_222208.csv,yanz0510workout,db_weighted_crunch,171831,172214,383,0.3363
datasets/workout/yanz0510workout/yanz0510workout_whole_session_20260510_222208.csv,yanz0510workout,db_weighted_crunch,172214,172593,379,0.4344
datasets/workout/yanz0510workout/yanz0510workout_whole_session_20260510_222208.csv,yanz0510workout,db_weighted_crunch,172593,173038,445,0.6985
datasets/workout/yanz0510workout/yanz0510workout_whole_session_20260510_222208.csv,yanz0510workout,db_weighted_crunch,173038,173456,418,0.7679
datasets/workout/yanz0510workout/yanz0510workout_whole_session_20260510_222208.csv,yanz0510workout,db_weighted_crunch,173456,173864,408,0.6098
datasets/workout/yanz0510workout/yanz0510workout_whole_session_20260510_222208.csv,yanz0510workout,db_weighted_crunch,173864,174189,325,0.4899
datasets/workout/yanz0510workout/yanz0510workout_whole_session_20260510_222208.csv,yanz0510workout,db_weighted_crunch,174189,174395,206,0.5886
datasets/workout/yanz0510workout/yanz0510workout_whole_session_20260510_222208.csv,yanz0510workout,db_weighted_crunch,174395,174890,495,0.701
datasets/workout/yanz0510workout/yanz0510workout_whole_session_20260510_222208.csv,yanz0510workout,db_weighted_crunch,174890,175187,297,0.5111
datasets/workout/yanz0510workout/yanz0510workout_whole_session_20260510_222208.csv,yanz0510workout,db_weighted_crunch,175187,175493,306,0.7747
datasets/workout/yanz0510workout/yanz0510workout_whole_session_20260510_222208.csv,yanz0510workout,db_weighted_crunch,180643,180937,294,0.8197
datasets/workout/yanz0510workout/yanz0510workout_whole_session_20260510_222208.csv,yanz0510workout,db_weighted_crunch,180937,181274,337,0.6179
datasets/workout/yanz0510workout/yanz0510workout_whole_session_20260510_222208.csv,yanz0510workout,db_weighted_crunch,181274,181598,324,0.5857
datasets/workout/yanz0510workout/yanz0510workout_whole_session_20260510_222208.csv,yanz0510workout,db_weighted_crunch,181598,181786,188,0.7068
datasets/workout/yanz0510workout/yanz0510workout_whole_session_20260510_222208.csv,yanz0510workout,db_weighted_crunch,186438,186764,326,0.8712
datasets/workout/yanz0510workout/yanz0510workout_whole_session_20260510_222208.csv,yanz0510workout,db_weighted_crunch,186764,187108,344,0.5855
datasets/workout/yanz0510workout/yanz0510workout_whole_session_20260510_222208.csv,yanz0510workout,db_weighted_crunch,187108,187427,319,0.4302
datasets/workout/yanz0510workout/yanz0510workout_whole_session_20260510_222208.csv,yanz0510workout,db_weighted_crunch,187427,187761,334,0.4473
datasets/workout/yanz0510workout/yanz0510workout_whole_session_20260510_222208.csv,yanz0510workout,db_weighted_crunch,187761,188077,316,0.3578
datasets/workout/yanz0510workout/yanz0510workout_whole_session_20260510_222208.csv,yanz0510workout,db_weighted_crunch,188077,188390,313,0.4036
datasets/workout/yanz0510workout/yanz0510workout_whole_session_20260510_222208.csv,yanz0510workout,db_weighted_crunch,188390,188714,324,0.4541
datasets/workout/yanz0510workout/yanz0510workout_whole_session_20260510_222208.csv,yanz0510workout,db_weighted_crunch,188714,189076,362,0.4693
datasets/workout/yanz0510workout/yanz0510workout_whole_session_20260510_222208.csv,yanz0510workout,db_weighted_crunch,189076,189412,336,0.3923
datasets/workout/yanz0510workout/yanz0510workout_whole_session_20260510_222208.csv,yanz0510workout,db_weighted_crunch,189412,189747,335,0.3525
datasets/workout/yanz0510workout/yanz0510workout_whole_session_20260510_222208.csv,yanz0510workout,db_weighted_crunch,189747,190032,285,0.3987
datasets/workout/yanz0510workout/yanz0510workout_whole_session_20260510_222208.csv,yanz0510workout,db_weighted_crunch,190032,190303,271,0.7344
datasets/workout/yanz0510workout/yanz0510workout_whole_session_20260510_222208.csv,yanz0510workout,db_weighted_crunch,198741,199020,279,0.8029
datasets/workout/yanz0510workout/yanz0510workout_whole_session_20260510_222208.csv,yanz0510workout,db_weighted_crunch,199020,199296,276,0.5347
datasets/workout/yanz0510workout/yanz0510workout_whole_session_20260510_222208.csv,yanz0510workout,db_weighted_crunch,199296,199588,292,0.4271
datasets/workout/yanz0510workout/yanz0510workout_whole_session_20260510_222208.csv,yanz0510workout,db_weighted_crunch,199588,199889,301,0.392
datasets/workout/yanz0510workout/yanz0510workout_whole_session_20260510_222208.csv,yanz0510workout,db_weighted_crunch,199889,200194,305,0.3462
datasets/workout/yanz0510workout/yanz0510workout_whole_session_20260510_222208.csv,yanz0510workout,db_weighted_crunch,200194,200466,272,0.3882
datasets/workout/yanz0510workout/yanz0510workout_whole_session_20260510_222208.csv,yanz0510workout,db_weighted_crunch,200466,200785,319,0.5023
datasets/workout/yanz0510workout/yanz0510workout_whole_session_20260510_222208.csv,yanz0510workout,db_weighted_crunch,200785,201054,269,0.4786
datasets/workout/yanz0510workout/yanz0510workout_whole_session_20260510_222208.csv,yanz0510workout,db_weighted_crunch,201054,201395,341,0.5754
datasets/workout/yanz0510workout/yanz0510workout_whole_session_20260510_222208.csv,yanz0510workout,db_weighted_crunch,201395,201756,361,0.4912
datasets/workout/yanz0510workout/yanz0510workout_whole_session_20260510_222208.csv,yanz0510workout,db_weighted_crunch,201756,202234,478,0.6506
datasets/workout/yanz0510workout/yanz0510workout_whole_session_20260510_222208.csv,yanz0510workout,one_arm_db_row,78667,79083,416,0.7572
datasets/workout/yanz0510workout/yanz0510workout_whole_session_20260510_222208.csv,yanz0510workout,one_arm_db_row,79083,79394,311,0.5971
datasets/workout/yanz0510workout/yanz0510workout_whole_session_20260510_222208.csv,yanz0510workout,one_arm_db_row,79394,79713,319,0.6406
datasets/workout/yanz0510workout/yanz0510workout_whole_session_20260510_222208.csv,yanz0510workout,one_arm_db_row,79713,80019,306,0.6675
datasets/workout/yanz0510workout/yanz0510workout_whole_session_20260510_222208.csv,yanz0510workout,one_arm_db_row,80019,80315,296,0.6304
datasets/workout/yanz0510workout/yanz0510workout_whole_session_20260510_222208.csv,yanz0510workout,one_arm_db_row,80315,80597,282,0.6955
datasets/workout/yanz0510workout/yanz0510workout_whole_session_20260510_222208.csv,yanz0510workout,one_arm_db_row,80597,80938,341,0.7433
datasets/workout/yanz0510workout/yanz0510workout_whole_session_20260510_222208.csv,yanz0510workout,one_arm_db_row,80938,81260,322,0.6675
datasets/workout/yanz0510workout/yanz0510workout_whole_session_20260510_222208.csv,yanz0510workout,one_arm_db_row,81260,81569,309,0.623
datasets/workout/yanz0510workout/yanz0510workout_whole_session_20260510_222208.csv,yanz0510workout,one_arm_db_row,81569,81868,299,0.5173
datasets/workout/yanz0510workout/yanz0510workout_whole_session_20260510_222208.csv,yanz0510workout,one_arm_db_row,81868,82173,305,0.4683
datasets/workout/yanz0510workout/yanz0510workout_whole_session_20260510_222208.csv,yanz0510workout,one_arm_db_row,82173,82415,242,0.6817
datasets/workout/yanz0510workout/yanz0510workout_whole_session_20260510_222208.csv,yanz0510workout,one_arm_db_row,88561,88856,295,0.9017
datasets/workout/yanz0510workout/yanz0510workout_whole_session_20260510_222208.csv,yanz0510workout,one_arm_db_row,88856,89150,294,0.8452
datasets/workout/yanz0510workout/yanz0510workout_whole_session_20260510_222208.csv,yanz0510workout,one_arm_db_row,89150,89405,255,0.7681
datasets/workout/yanz0510workout/yanz0510workout_whole_session_20260510_222208.csv,yanz0510workout,one_arm_db_row,89405,89618,213,0.8008
datasets/workout/yanz0510workout/yanz0510workout_whole_session_20260510_222208.csv,yanz0510workout,one_arm_db_row,89618,89944,326,0.865
datasets/workout/yanz0510workout/yanz0510workout_whole_session_20260510_222208.csv,yanz0510workout,one_arm_db_row,89944,90221,277,0.6367
datasets/workout/yanz0510workout/yanz0510workout_whole_session_20260510_222208.csv,yanz0510workout,one_arm_db_row,90221,90494,273,0.6818
datasets/workout/yanz0510workout/yanz0510workout_whole_session_20260510_222208.csv,yanz0510workout,one_arm_db_row,90494,90767,273,0.7353
datasets/workout/yanz0510workout/yanz0510workout_whole_session_20260510_222208.csv,yanz0510workout,one_arm_db_row,90767,91044,277,0.6769
datasets/workout/yanz0510workout/yanz0510workout_whole_session_20260510_222208.csv,yanz0510workout,one_arm_db_row,91044,91298,254,0.6431
datasets/workout/yanz0510workout/yanz0510workout_whole_session_20260510_222208.csv,yanz0510workout,one_arm_db_row,91298,91552,254,0.6623
datasets/workout/yanz0510workout/yanz0510workout_whole_session_20260510_222208.csv,yanz0510workout,one_arm_db_row,91552,91793,241,0.8282
datasets/workout/yanz0510workout/yanz0510workout_whole_session_20260510_222208.csv,yanz0510workout,one_arm_db_row,98645,98798,153,0.6375
datasets/workout/yanz0510workout/yanz0510workout_whole_session_20260510_222208.csv,yanz0510workout,one_arm_db_row,98798,99166,368,0.7201
datasets/workout/yanz0510workout/yanz0510workout_whole_session_20260510_222208.csv,yanz0510workout,one_arm_db_row,99166,99324,158,0.6124
datasets/workout/yanz0510workout/yanz0510workout_whole_session_20260510_222208.csv,yanz0510workout,one_arm_db_row,99324,99597,273,0.5815
datasets/workout/yanz0510workout/yanz0510workout_whole_session_20260510_222208.csv,yanz0510workout,one_arm_db_row,99597,99954,357,0.7815
datasets/workout/yanz0510workout/yanz0510workout_whole_session_20260510_222208.csv,yanz0510workout,one_arm_db_row,99954,100232,278,0.7796
datasets/workout/yanz0510workout/yanz0510workout_whole_session_20260510_222208.csv,yanz0510workout,one_arm_db_row,100232,100505,273,0.8599
datasets/workout/yanz0510workout/yanz0510workout_whole_session_20260510_222208.csv,yanz0510workout,one_arm_db_row,100505,100778,273,0.779
datasets/workout/yanz0510workout/yanz0510workout_whole_session_20260510_222208.csv,yanz0510workout,one_arm_db_row,100778,101042,264,0.6242
datasets/workout/yanz0510workout/yanz0510workout_whole_session_20260510_222208.csv,yanz0510workout,one_arm_db_row,101042,101346,304,0.6349
datasets/workout/yanz0510workout/yanz0510workout_whole_session_20260510_222208.csv,yanz0510workout,one_arm_db_row,101346,101648,302,0.5791
datasets/workout/yanz0510workout/yanz0510workout_whole_session_20260510_222208.csv,yanz0510workout,one_arm_db_row,101648,101842,194,0.6929
datasets/workout/yoru0511workout/yoru0511workout_whole_session_20260511_180608.csv,yoru0511workout,db_bench_press,66,299,233,0.6563
datasets/workout/yoru0511workout/yoru0511workout_whole_session_20260511_180608.csv,yoru0511workout,db_bench_press,299,733,434,0.6812
datasets/workout/yoru0511workout/yoru0511workout_whole_session_20260511_180608.csv,yoru0511workout,db_bench_press,733,1100,367,0.922
datasets/workout/yoru0511workout/yoru0511workout_whole_session_20260511_180608.csv,yoru0511workout,db_bench_press,1100,1414,314,0.8704
datasets/workout/yoru0511workout/yoru0511workout_whole_session_20260511_180608.csv,yoru0511workout,db_bench_press,1414,1651,237,0.5255
datasets/workout/yoru0511workout/yoru0511workout_whole_session_20260511_180608.csv,yoru0511workout,db_bench_press,1651,2076,425,0.6188
datasets/workout/yoru0511workout/yoru0511workout_whole_session_20260511_180608.csv,yoru0511workout,db_bench_press,2076,2395,319,0.7289
datasets/workout/yoru0511workout/yoru0511workout_whole_session_20260511_180608.csv,yoru0511workout,db_bench_press,2395,2678,283,0.6049
datasets/workout/yoru0511workout/yoru0511workout_whole_session_20260511_180608.csv,yoru0511workout,db_bench_press,2678,3084,406,0.7778
datasets/workout/yoru0511workout/yoru0511workout_whole_session_20260511_180608.csv,yoru0511workout,db_bench_press,3084,3392,308,0.8174
datasets/workout/yoru0511workout/yoru0511workout_whole_session_20260511_180608.csv,yoru0511workout,db_bench_press,3392,3743,351,0.7892
datasets/workout/yoru0511workout/yoru0511workout_whole_session_20260511_180608.csv,yoru0511workout,db_bench_press,3743,3903,160,0.8812
datasets/workout/yoru0511workout/yoru0511workout_whole_session_20260511_180608.csv,yoru0511workout,db_bench_press,9344,10154,810,0.3963
datasets/workout/yoru0511workout/yoru0511workout_whole_session_20260511_180608.csv,yoru0511workout,db_bench_press,10154,10816,662,0.5181
datasets/workout/yoru0511workout/yoru0511workout_whole_session_20260511_180608.csv,yoru0511workout,db_bench_press,10816,11491,675,0.5007
datasets/workout/yoru0511workout/yoru0511workout_whole_session_20260511_180608.csv,yoru0511workout,db_bench_press,11491,12210,719,0.4645
datasets/workout/yoru0511workout/yoru0511workout_whole_session_20260511_180608.csv,yoru0511workout,db_bench_press,12210,12863,653,0.5145
datasets/workout/yoru0511workout/yoru0511workout_whole_session_20260511_180608.csv,yoru0511workout,db_bench_press,12863,13331,468,0.6754
datasets/workout/yoru0511workout/yoru0511workout_whole_session_20260511_180608.csv,yoru0511workout,db_bench_press,30134,30536,402,0.5804
datasets/workout/yoru0511workout/yoru0511workout_whole_session_20260511_180608.csv,yoru0511workout,db_bench_press,30536,30906,370,0.8757
datasets/workout/yoru0511workout/yoru0511workout_whole_session_20260511_180608.csv,yoru0511workout,db_bench_press,32190,32231,41,0.4362
datasets/workout/yoru0511workout/yoru0511workout_whole_session_20260511_180608.csv,yoru0511workout,db_bench_press,32231,32302,71,0.4732
datasets/workout/yoru0511workout/yoru0511workout_whole_session_20260511_180608.csv,yoru0511workout,db_bench_press,32302,32357,55,0.3901
datasets/workout/yoru0511workout/yoru0511workout_whole_session_20260511_180608.csv,yoru0511workout,db_bench_press,32357,32405,48,0.3404
datasets/workout/yoru0511workout/yoru0511workout_whole_session_20260511_180608.csv,yoru0511workout,db_bench_press,32405,32425,20,0.1418
datasets/workout/yoru0511workout/yoru0511workout_whole_session_20260511_180608.csv,yoru0511workout,db_bench_press,52261,52751,490,0.7071
datasets/workout/yoru0511workout/yoru0511workout_whole_session_20260511_180608.csv,yoru0511workout,db_bench_press,52751,53071,320,0.8824
datasets/workout/yoru0511workout/yoru0511workout_whole_session_20260511_180608.csv,yoru0511workout,db_bench_press,53071,53397,326,0.8426
datasets/workout/yoru0511workout/yoru0511workout_whole_session_20260511_180608.csv,yoru0511workout,db_bench_press,53397,53736,339,0.892
datasets/workout/yoru0511workout/yoru0511workout_whole_session_20260511_180608.csv,yoru0511workout,db_bench_press,53736,54011,275,0.6096
datasets/workout/yoru0511workout/yoru0511workout_whole_session_20260511_180608.csv,yoru0511workout,db_bench_press,54011,54495,484,0.7066
datasets/workout/yoru0511workout/yoru0511workout_whole_session_20260511_180608.csv,yoru0511workout,db_bench_press,54495,54735,240,0.625
datasets/workout/yoru0511workout/yoru0511workout_whole_session_20260511_180608.csv,yoru0511workout,db_bench_press,54735,55160,425,0.5164
datasets/workout/yoru0511workout/yoru0511workout_whole_session_20260511_180608.csv,yoru0511workout,db_bench_press,55160,55477,317,0.4199
datasets/workout/yoru0511workout/yoru0511workout_whole_session_20260511_180608.csv,yoru0511workout,db_bench_press,55477,55855,378,0.4784
datasets/workout/yoru0511workout/yoru0511workout_whole_session_20260511_180608.csv,yoru0511workout,db_bench_press,55855,56100,245,0.5551
datasets/workout/yoru0511workout/yoru0511workout_whole_session_20260511_180608.csv,yoru0511workout,db_bench_press,62104,62618,514,0.6401
datasets/workout/yoru0511workout/yoru0511workout_whole_session_20260511_180608.csv,yoru0511workout,db_bench_press,62618,62899,281,0.8464
datasets/workout/yoru0511workout/yoru0511workout_whole_session_20260511_180608.csv,yoru0511workout,db_bench_press,62899,63232,333,0.719
datasets/workout/yoru0511workout/yoru0511workout_whole_session_20260511_180608.csv,yoru0511workout,db_bench_press,63232,63562,330,0.6979
datasets/workout/yoru0511workout/yoru0511workout_whole_session_20260511_180608.csv,yoru0511workout,db_bench_press,63562,63939,377,0.7917
datasets/workout/yoru0511workout/yoru0511workout_whole_session_20260511_180608.csv,yoru0511workout,db_bench_press,63939,64274,335,0.7876
datasets/workout/yoru0511workout/yoru0511workout_whole_session_20260511_180608.csv,yoru0511workout,db_bench_press,64274,64558,284,0.5753
datasets/workout/yoru0511workout/yoru0511workout_whole_session_20260511_180608.csv,yoru0511workout,db_bench_press,64558,64929,371,0.5071
datasets/workout/yoru0511workout/yoru0511workout_whole_session_20260511_180608.csv,yoru0511workout,db_bench_press,64929,65299,370,0.5463
datasets/workout/yoru0511workout/yoru0511workout_whole_session_20260511_180608.csv,yoru0511workout,db_bench_press,65299,65644,345,0.6084
datasets/workout/yoru0511workout/yoru0511workout_whole_session_20260511_180608.csv,yoru0511workout,db_bench_press,65644,65870,226,0.6283
datasets/workout/yoru0511workout/yoru0511workout_whole_session_20260511_180608.csv,yoru0511workout,db_biceps_curl,320083,320383,300,0.44
datasets/workout/yoru0511workout/yoru0511workout_whole_session_20260511_180608.csv,yoru0511workout,db_biceps_curl,320383,320674,291,0.4151
datasets/workout/yoru0511workout/yoru0511workout_whole_session_20260511_180608.csv,yoru0511workout,db_biceps_curl,320674,321018,344,0.4607
datasets/workout/yoru0511workout/yoru0511workout_whole_session_20260511_180608.csv,yoru0511workout,db_biceps_curl,321018,321321,303,0.4644
datasets/workout/yoru0511workout/yoru0511workout_whole_session_20260511_180608.csv,yoru0511workout,db_biceps_curl,321321,321583,262,0.3863
datasets/workout/yoru0511workout/yoru0511workout_whole_session_20260511_180608.csv,yoru0511workout,db_biceps_curl,321583,321894,311,0.3504
datasets/workout/yoru0511workout/yoru0511workout_whole_session_20260511_180608.csv,yoru0511workout,db_biceps_curl,321894,322243,349,0.384
datasets/workout/yoru0511workout/yoru0511workout_whole_session_20260511_180608.csv,yoru0511workout,db_biceps_curl,322243,322620,377,0.5995
datasets/workout/yoru0511workout/yoru0511workout_whole_session_20260511_180608.csv,yoru0511workout,db_biceps_curl,335419,335680,261,0.433
datasets/workout/yoru0511workout/yoru0511workout_whole_session_20260511_180608.csv,yoru0511workout,db_biceps_curl,335680,335927,247,0.375
datasets/workout/yoru0511workout/yoru0511workout_whole_session_20260511_180608.csv,yoru0511workout,db_biceps_curl,335927,336215,288,0.4207
datasets/workout/yoru0511workout/yoru0511workout_whole_session_20260511_180608.csv,yoru0511workout,db_biceps_curl,336215,336480,265,0.4239
datasets/workout/yoru0511workout/yoru0511workout_whole_session_20260511_180608.csv,yoru0511workout,db_biceps_curl,336480,336754,274,0.434
datasets/workout/yoru0511workout/yoru0511workout_whole_session_20260511_180608.csv,yoru0511workout,db_biceps_curl,336754,337012,258,0.3632
datasets/workout/yoru0511workout/yoru0511workout_whole_session_20260511_180608.csv,yoru0511workout,db_biceps_curl,337012,337299,287,0.3938
datasets/workout/yoru0511workout/yoru0511workout_whole_session_20260511_180608.csv,yoru0511workout,db_biceps_curl,337299,337602,303,0.3895
datasets/workout/yoru0511workout/yoru0511workout_whole_session_20260511_180608.csv,yoru0511workout,db_biceps_curl,337602,337913,311,0.3995
datasets/workout/yoru0511workout/yoru0511workout_whole_session_20260511_180608.csv,yoru0511workout,db_biceps_curl,337913,338224,311,0.4191
datasets/workout/yoru0511workout/yoru0511workout_whole_session_20260511_180608.csv,yoru0511workout,db_biceps_curl,338224,338520,296,0.5676
datasets/workout/yoru0511workout/yoru0511workout_whole_session_20260511_180608.csv,yoru0511workout,db_biceps_curl,344459,344708,249,0.4478
datasets/workout/yoru0511workout/yoru0511workout_whole_session_20260511_180608.csv,yoru0511workout,db_biceps_curl,344708,344943,235,0.4344
datasets/workout/yoru0511workout/yoru0511workout_whole_session_20260511_180608.csv,yoru0511workout,db_biceps_curl,344943,345213,270,0.4219
datasets/workout/yoru0511workout/yoru0511workout_whole_session_20260511_180608.csv,yoru0511workout,db_biceps_curl,345213,345487,274,0.4082
datasets/workout/yoru0511workout/yoru0511workout_whole_session_20260511_180608.csv,yoru0511workout,db_biceps_curl,345487,345786,299,0.4209
datasets/workout/yoru0511workout/yoru0511workout_whole_session_20260511_180608.csv,yoru0511workout,db_biceps_curl,345786,346113,327,0.4385
datasets/workout/yoru0511workout/yoru0511workout_whole_session_20260511_180608.csv,yoru0511workout,db_biceps_curl,346113,346389,276,0.3796
datasets/workout/yoru0511workout/yoru0511workout_whole_session_20260511_180608.csv,yoru0511workout,db_biceps_curl,346389,346718,329,0.4163
datasets/workout/yoru0511workout/yoru0511workout_whole_session_20260511_180608.csv,yoru0511workout,db_biceps_curl,346718,347082,364,0.4789
datasets/workout/yoru0511workout/yoru0511workout_whole_session_20260511_180608.csv,yoru0511workout,db_biceps_curl,347082,347374,292,0.4272
datasets/workout/yoru0511workout/yoru0511workout_whole_session_20260511_180608.csv,yoru0511workout,db_biceps_curl,347374,347672,298,0.5503
datasets/workout/yoru0511workout/yoru0511workout_whole_session_20260511_180608.csv,yoru0511workout,db_biceps_curl,354328,354641,313,0.4824
datasets/workout/yoru0511workout/yoru0511workout_whole_session_20260511_180608.csv,yoru0511workout,db_biceps_curl,354641,354896,255,0.381
datasets/workout/yoru0511workout/yoru0511workout_whole_session_20260511_180608.csv,yoru0511workout,db_biceps_curl,354896,355163,267,0.3556
datasets/workout/yoru0511workout/yoru0511workout_whole_session_20260511_180608.csv,yoru0511workout,db_biceps_curl,355163,355487,324,0.407
datasets/workout/yoru0511workout/yoru0511workout_whole_session_20260511_180608.csv,yoru0511workout,db_biceps_curl,355487,355770,283,0.3546
datasets/workout/yoru0511workout/yoru0511workout_whole_session_20260511_180608.csv,yoru0511workout,db_biceps_curl,355770,356107,337,0.398
datasets/workout/yoru0511workout/yoru0511workout_whole_session_20260511_180608.csv,yoru0511workout,db_biceps_curl,356107,356453,346,0.3837
datasets/workout/yoru0511workout/yoru0511workout_whole_session_20260511_180608.csv,yoru0511workout,db_biceps_curl,356453,356876,423,0.4861
datasets/workout/yoru0511workout/yoru0511workout_whole_session_20260511_180608.csv,yoru0511workout,db_biceps_curl,356876,357192,316,0.3388
datasets/workout/yoru0511workout/yoru0511workout_whole_session_20260511_180608.csv,yoru0511workout,db_biceps_curl,357192,357548,356,0.3282
datasets/workout/yoru0511workout/yoru0511workout_whole_session_20260511_180608.csv,yoru0511workout,db_biceps_curl,357548,358042,494,0.5749
datasets/workout/yoru0511workout/yoru0511workout_whole_session_20260511_180608.csv,yoru0511workout,db_rdl,200102,200433,331,0.435
datasets/workout/yoru0511workout/yoru0511workout_whole_session_20260511_180608.csv,yoru0511workout,db_rdl,200433,200850,417,0.3645
datasets/workout/yoru0511workout/yoru0511workout_whole_session_20260511_180608.csv,yoru0511workout,db_rdl,200850,201291,441,0.4719
datasets/workout/yoru0511workout/yoru0511workout_whole_session_20260511_180608.csv,yoru0511workout,db_rdl,201291,201662,371,0.5273
datasets/workout/yoru0511workout/yoru0511workout_whole_session_20260511_180608.csv,yoru0511workout,db_rdl,201662,201987,325,0.4179
datasets/workout/yoru0511workout/yoru0511workout_whole_session_20260511_180608.csv,yoru0511workout,db_rdl,201987,202365,378,0.4029
datasets/workout/yoru0511workout/yoru0511workout_whole_session_20260511_180608.csv,yoru0511workout,db_rdl,202365,202571,206,0.4042
datasets/workout/yoru0511workout/yoru0511workout_whole_session_20260511_180608.csv,yoru0511workout,db_rdl,202571,202980,409,0.8592
datasets/workout/yoru0511workout/yoru0511workout_whole_session_20260511_180608.csv,yoru0511workout,db_rdl,202980,203558,578,0.7284
datasets/workout/yoru0511workout/yoru0511workout_whole_session_20260511_180608.csv,yoru0511workout,db_rdl,203558,203994,436,0.424
datasets/workout/yoru0511workout/yoru0511workout_whole_session_20260511_180608.csv,yoru0511workout,db_rdl,203994,204324,330,0.5121
datasets/workout/yoru0511workout/yoru0511workout_whole_session_20260511_180608.csv,yoru0511workout,db_rdl,211601,212017,416,0.5144
datasets/workout/yoru0511workout/yoru0511workout_whole_session_20260511_180608.csv,yoru0511workout,db_rdl,212017,212397,380,0.4419
datasets/workout/yoru0511workout/yoru0511workout_whole_session_20260511_180608.csv,yoru0511workout,db_rdl,212397,212768,371,0.5912
datasets/workout/yoru0511workout/yoru0511workout_whole_session_20260511_180608.csv,yoru0511workout,db_rdl,212768,213063,295,0.4817
datasets/workout/yoru0511workout/yoru0511workout_whole_session_20260511_180608.csv,yoru0511workout,db_rdl,213063,213428,365,0.4449
datasets/workout/yoru0511workout/yoru0511workout_whole_session_20260511_180608.csv,yoru0511workout,db_rdl,213428,213925,497,0.6448
datasets/workout/yoru0511workout/yoru0511workout_whole_session_20260511_180608.csv,yoru0511workout,db_rdl,213925,214224,299,0.5155
datasets/workout/yoru0511workout/yoru0511workout_whole_session_20260511_180608.csv,yoru0511workout,db_rdl,214224,214614,390,0.448
datasets/workout/yoru0511workout/yoru0511workout_whole_session_20260511_180608.csv,yoru0511workout,db_rdl,214614,215062,448,0.5167
datasets/workout/yoru0511workout/yoru0511workout_whole_session_20260511_180608.csv,yoru0511workout,db_rdl,215062,215587,525,0.6944
datasets/workout/yoru0511workout/yoru0511workout_whole_session_20260511_180608.csv,yoru0511workout,db_rdl,215587,215750,163,0.908
datasets/workout/yoru0511workout/yoru0511workout_whole_session_20260511_180608.csv,yoru0511workout,db_rdl,226213,226592,379,0.4888
datasets/workout/yoru0511workout/yoru0511workout_whole_session_20260511_180608.csv,yoru0511workout,db_rdl,226592,226910,318,0.4605
datasets/workout/yoru0511workout/yoru0511workout_whole_session_20260511_180608.csv,yoru0511workout,db_rdl,226910,227287,377,0.5081
datasets/workout/yoru0511workout/yoru0511workout_whole_session_20260511_180608.csv,yoru0511workout,db_rdl,227287,227674,387,0.5739
datasets/workout/yoru0511workout/yoru0511workout_whole_session_20260511_180608.csv,yoru0511workout,db_rdl,227674,227977,303,0.5272
datasets/workout/yoru0511workout/yoru0511workout_whole_session_20260511_180608.csv,yoru0511workout,db_rdl,227977,228493,516,0.7151
datasets/workout/yoru0511workout/yoru0511workout_whole_session_20260511_180608.csv,yoru0511workout,db_rdl,228493,228744,251,0.709
datasets/workout/yoru0511workout/yoru0511workout_whole_session_20260511_180608.csv,yoru0511workout,db_rdl,228744,229033,289,0.5221
datasets/workout/yoru0511workout/yoru0511workout_whole_session_20260511_180608.csv,yoru0511workout,db_rdl,229033,229363,330,0.4442
datasets/workout/yoru0511workout/yoru0511workout_whole_session_20260511_180608.csv,yoru0511workout,db_rdl,229363,229775,412,0.5505
datasets/workout/yoru0511workout/yoru0511workout_whole_session_20260511_180608.csv,yoru0511workout,db_rdl,229775,230024,249,0.7068
datasets/workout/yoru0511workout/yoru0511workout_whole_session_20260511_180608.csv,yoru0511workout,db_shoulder_press,284796,285096,300,0.513
datasets/workout/yoru0511workout/yoru0511workout_whole_session_20260511_180608.csv,yoru0511workout,db_shoulder_press,285096,285387,291,0.571
datasets/workout/yoru0511workout/yoru0511workout_whole_session_20260511_180608.csv,yoru0511workout,db_shoulder_press,285387,285703,316,0.687
datasets/workout/yoru0511workout/yoru0511workout_whole_session_20260511_180608.csv,yoru0511workout,db_shoulder_press,285703,285958,255,0.6625
datasets/workout/yoru0511workout/yoru0511workout_whole_session_20260511_180608.csv,yoru0511workout,db_shoulder_press,285958,286238,280,0.6356
datasets/workout/yoru0511workout/yoru0511workout_whole_session_20260511_180608.csv,yoru0511workout,db_shoulder_press,286238,286521,283,0.6322
datasets/workout/yoru0511workout/yoru0511workout_whole_session_20260511_180608.csv,yoru0511workout,db_shoulder_press,286521,286818,297,0.6554
datasets/workout/yoru0511workout/yoru0511workout_whole_session_20260511_180608.csv,yoru0511workout,db_shoulder_press,286818,287108,290,0.6914
datasets/workout/yoru0511workout/yoru0511workout_whole_session_20260511_180608.csv,yoru0511workout,db_shoulder_press,287108,287370,262,0.6761
datasets/workout/yoru0511workout/yoru0511workout_whole_session_20260511_180608.csv,yoru0511workout,db_shoulder_press,287370,287698,328,0.7083
datasets/workout/yoru0511workout/yoru0511workout_whole_session_20260511_180608.csv,yoru0511workout,db_shoulder_press,287698,287865,167,0.6647
datasets/workout/yoru0511workout/yoru0511workout_whole_session_20260511_180608.csv,yoru0511workout,db_shoulder_press,293266,293490,224,0.5446
datasets/workout/yoru0511workout/yoru0511workout_whole_session_20260511_180608.csv,yoru0511workout,db_shoulder_press,293490,293814,324,0.4425
datasets/workout/yoru0511workout/yoru0511workout_whole_session_20260511_180608.csv,yoru0511workout,db_shoulder_press,293814,294012,198,0.3732
datasets/workout/yoru0511workout/yoru0511workout_whole_session_20260511_180608.csv,yoru0511workout,db_shoulder_press,294012,294288,276,0.3759
datasets/workout/yoru0511workout/yoru0511workout_whole_session_20260511_180608.csv,yoru0511workout,db_shoulder_press,294288,294658,370,0.4718
datasets/workout/yoru0511workout/yoru0511workout_whole_session_20260511_180608.csv,yoru0511workout,db_shoulder_press,294658,294870,212,0.3707
datasets/workout/yoru0511workout/yoru0511workout_whole_session_20260511_180608.csv,yoru0511workout,db_shoulder_press,294870,295170,300,0.3713
datasets/workout/yoru0511workout/yoru0511workout_whole_session_20260511_180608.csv,yoru0511workout,db_shoulder_press,295170,295460,290,0.3443
datasets/workout/yoru0511workout/yoru0511workout_whole_session_20260511_180608.csv,yoru0511workout,db_shoulder_press,295460,295895,435,0.6821
datasets/workout/yoru0511workout/yoru0511workout_whole_session_20260511_180608.csv,yoru0511workout,db_shoulder_press,295895,296131,236,0.6965
datasets/workout/yoru0511workout/yoru0511workout_whole_session_20260511_180608.csv,yoru0511workout,db_shoulder_press,296131,296348,217,0.6452
datasets/workout/yoru0511workout/yoru0511workout_whole_session_20260511_180608.csv,yoru0511workout,db_shoulder_press,302729,302972,243,0.4609
datasets/workout/yoru0511workout/yoru0511workout_whole_session_20260511_180608.csv,yoru0511workout,db_shoulder_press,302972,303356,384,0.6185
datasets/workout/yoru0511workout/yoru0511workout_whole_session_20260511_180608.csv,yoru0511workout,db_shoulder_press,303356,303670,314,0.9172
datasets/workout/yoru0511workout/yoru0511workout_whole_session_20260511_180608.csv,yoru0511workout,db_shoulder_press,303670,303869,199,0.6958
datasets/workout/yoru0511workout/yoru0511workout_whole_session_20260511_180608.csv,yoru0511workout,db_shoulder_press,303869,304178,309,0.6774
datasets/workout/yoru0511workout/yoru0511workout_whole_session_20260511_180608.csv,yoru0511workout,db_shoulder_press,304178,304497,319,0.8777
datasets/workout/yoru0511workout/yoru0511workout_whole_session_20260511_180608.csv,yoru0511workout,db_shoulder_press,304497,304755,258,0.9186
datasets/workout/yoru0511workout/yoru0511workout_whole_session_20260511_180608.csv,yoru0511workout,db_shoulder_press,304755,304969,214,0.7868
datasets/workout/yoru0511workout/yoru0511workout_whole_session_20260511_180608.csv,yoru0511workout,db_shoulder_press,304969,305226,257,0.7211
datasets/workout/yoru0511workout/yoru0511workout_whole_session_20260511_180608.csv,yoru0511workout,db_shoulder_press,305226,305511,285,0.7726
datasets/workout/yoru0511workout/yoru0511workout_whole_session_20260511_180608.csv,yoru0511workout,db_shoulder_press,305511,305689,178,0.7978
datasets/workout/yoru0511workout/yoru0511workout_whole_session_20260511_180608.csv,yoru0511workout,db_squat,411680,412149,469,0.6525
datasets/workout/yoru0511workout/yoru0511workout_whole_session_20260511_180608.csv,yoru0511workout,db_squat,412149,412408,259,0.9373
datasets/workout/yoru0511workout/yoru0511workout_whole_session_20260511_180608.csv,yoru0511workout,db_squat,412408,412682,274,0.957
datasets/workout/yoru0511workout/yoru0511workout_whole_session_20260511_180608.csv,yoru0511workout,db_squat,412682,412847,165,0.5428
datasets/workout/yoru0511workout/yoru0511workout_whole_session_20260511_180608.csv,yoru0511workout,db_squat,412847,413285,438,0.6712
datasets/workout/yoru0511workout/yoru0511workout_whole_session_20260511_180608.csv,yoru0511workout,db_squat,413285,413452,167,0.5302
datasets/workout/yoru0511workout/yoru0511workout_whole_session_20260511_180608.csv,yoru0511workout,db_squat,413452,413869,417,0.6115
datasets/workout/yoru0511workout/yoru0511workout_whole_session_20260511_180608.csv,yoru0511workout,db_squat,413869,414186,317,0.9067
datasets/workout/yoru0511workout/yoru0511workout_whole_session_20260511_180608.csv,yoru0511workout,db_squat,414186,414491,305,0.9776
datasets/workout/yoru0511workout/yoru0511workout_whole_session_20260511_180608.csv,yoru0511workout,db_squat,414491,414750,259,0.8088
datasets/workout/yoru0511workout/yoru0511workout_whole_session_20260511_180608.csv,yoru0511workout,db_squat,414750,414941,191,0.6859
datasets/workout/yoru0511workout/yoru0511workout_whole_session_20260511_180608.csv,yoru0511workout,db_squat,425030,425207,177,0.7514
datasets/workout/yoru0511workout/yoru0511workout_whole_session_20260511_180608.csv,yoru0511workout,db_squat,425207,425495,288,0.75
datasets/workout/yoru0511workout/yoru0511workout_whole_session_20260511_180608.csv,yoru0511workout,db_squat,425495,425738,243,0.8046
datasets/workout/yoru0511workout/yoru0511workout_whole_session_20260511_180608.csv,yoru0511workout,db_squat,425738,426065,327,0.9144
datasets/workout/yoru0511workout/yoru0511workout_whole_session_20260511_180608.csv,yoru0511workout,db_squat,426065,426387,322,0.8727
datasets/workout/yoru0511workout/yoru0511workout_whole_session_20260511_180608.csv,yoru0511workout,db_squat,426387,426832,445,0.6534
datasets/workout/yoru0511workout/yoru0511workout_whole_session_20260511_180608.csv,yoru0511workout,db_squat,426832,427097,265,0.5139
datasets/workout/yoru0511workout/yoru0511workout_whole_session_20260511_180608.csv,yoru0511workout,db_squat,427097,427401,304,0.7507
datasets/workout/yoru0511workout/yoru0511workout_whole_session_20260511_180608.csv,yoru0511workout,db_squat,427401,427752,351,0.79
datasets/workout/yoru0511workout/yoru0511workout_whole_session_20260511_180608.csv,yoru0511workout,db_squat,427752,428076,324,0.7647
datasets/workout/yoru0511workout/yoru0511workout_whole_session_20260511_180608.csv,yoru0511workout,db_squat,428076,428503,427,0.6301
datasets/workout/yoru0511workout/yoru0511workout_whole_session_20260511_180608.csv,yoru0511workout,db_squat,438220,438629,409,0.6724
datasets/workout/yoru0511workout/yoru0511workout_whole_session_20260511_180608.csv,yoru0511workout,db_squat,438629,438927,298,0.9519
datasets/workout/yoru0511workout/yoru0511workout_whole_session_20260511_180608.csv,yoru0511workout,db_squat,438927,439231,304,0.9607
datasets/workout/yoru0511workout/yoru0511workout_whole_session_20260511_180608.csv,yoru0511workout,db_squat,439231,439527,296,0.9609
datasets/workout/yoru0511workout/yoru0511workout_whole_session_20260511_180608.csv,yoru0511workout,db_squat,439527,439885,358,0.9638
datasets/workout/yoru0511workout/yoru0511workout_whole_session_20260511_180608.csv,yoru0511workout,db_squat,439885,440137,252,0.8051
datasets/workout/yoru0511workout/yoru0511workout_whole_session_20260511_180608.csv,yoru0511workout,db_squat,440137,440520,383,0.7937
datasets/workout/yoru0511workout/yoru0511workout_whole_session_20260511_180608.csv,yoru0511workout,db_squat,440520,440872,352,0.8508
datasets/workout/yoru0511workout/yoru0511workout_whole_session_20260511_180608.csv,yoru0511workout,db_squat,440872,441189,317,0.875
datasets/workout/yoru0511workout/yoru0511workout_whole_session_20260511_180608.csv,yoru0511workout,db_squat,441189,441495,306,0.8895
datasets/workout/yoru0511workout/yoru0511workout_whole_session_20260511_180608.csv,yoru0511workout,db_squat,441495,441663,168,0.869
datasets/workout/yoru0511workout/yoru0511workout_whole_session_20260511_180608.csv,yoru0511workout,db_triceps_curl,376635,378056,1421,0.2709
datasets/workout/yoru0511workout/yoru0511workout_whole_session_20260511_180608.csv,yoru0511workout,db_triceps_curl,378056,379037,981,0.3598
datasets/workout/yoru0511workout/yoru0511workout_whole_session_20260511_180608.csv,yoru0511workout,db_triceps_curl,379037,380123,1086,0.2587
datasets/workout/yoru0511workout/yoru0511workout_whole_session_20260511_180608.csv,yoru0511workout,db_triceps_curl,380123,380626,503,0.5584
datasets/workout/yoru0511workout/yoru0511workout_whole_session_20260511_180608.csv,yoru0511workout,db_triceps_curl,388073,388274,201,0.5572
datasets/workout/yoru0511workout/yoru0511workout_whole_session_20260511_180608.csv,yoru0511workout,db_triceps_curl,388274,388515,241,0.3939
datasets/workout/yoru0511workout/yoru0511workout_whole_session_20260511_180608.csv,yoru0511workout,db_triceps_curl,388515,388770,255,0.3934
datasets/workout/yoru0511workout/yoru0511workout_whole_session_20260511_180608.csv,yoru0511workout,db_triceps_curl,388770,389008,238,0.3713
datasets/workout/yoru0511workout/yoru0511workout_whole_session_20260511_180608.csv,yoru0511workout,db_triceps_curl,389008,389268,260,0.3786
datasets/workout/yoru0511workout/yoru0511workout_whole_session_20260511_180608.csv,yoru0511workout,db_triceps_curl,389268,389649,381,0.5917
datasets/workout/yoru0511workout/yoru0511workout_whole_session_20260511_180608.csv,yoru0511workout,db_triceps_curl,389649,389793,144,0.4742
datasets/workout/yoru0511workout/yoru0511workout_whole_session_20260511_180608.csv,yoru0511workout,db_triceps_curl,389793,390208,415,0.6458
datasets/workout/yoru0511workout/yoru0511workout_whole_session_20260511_180608.csv,yoru0511workout,db_triceps_curl,390208,390493,285,0.993
datasets/workout/yoru0511workout/yoru0511workout_whole_session_20260511_180608.csv,yoru0511workout,db_triceps_curl,390493,390675,182,0.5465
datasets/workout/yoru0511workout/yoru0511workout_whole_session_20260511_180608.csv,yoru0511workout,db_triceps_curl,390675,390945,270,0.4481
datasets/workout/yoru0511workout/yoru0511workout_whole_session_20260511_180608.csv,yoru0511workout,db_triceps_curl,397307,397607,300,0.6
datasets/workout/yoru0511workout/yoru0511workout_whole_session_20260511_180608.csv,yoru0511workout,db_triceps_curl,397607,397857,250,0.9154
datasets/workout/yoru0511workout/yoru0511workout_whole_session_20260511_180608.csv,yoru0511workout,db_triceps_curl,397857,397997,140,0.5447
datasets/workout/yoru0511workout/yoru0511workout_whole_session_20260511_180608.csv,yoru0511workout,db_triceps_curl,397997,398245,248,0.3729
datasets/workout/yoru0511workout/yoru0511workout_whole_session_20260511_180608.csv,yoru0511workout,db_triceps_curl,398245,398489,244,0.366
datasets/workout/yoru0511workout/yoru0511workout_whole_session_20260511_180608.csv,yoru0511workout,db_triceps_curl,398489,398746,257,0.3367
datasets/workout/yoru0511workout/yoru0511workout_whole_session_20260511_180608.csv,yoru0511workout,db_triceps_curl,398746,399025,279,0.3676
datasets/workout/yoru0511workout/yoru0511workout_whole_session_20260511_180608.csv,yoru0511workout,db_triceps_curl,399025,399438,413,0.6778
datasets/workout/yoru0511workout/yoru0511workout_whole_session_20260511_180608.csv,yoru0511workout,db_triceps_curl,399438,399603,165,0.4953
datasets/workout/yoru0511workout/yoru0511workout_whole_session_20260511_180608.csv,yoru0511workout,db_triceps_curl,399603,399881,278,0.357
datasets/workout/yoru0511workout/yoru0511workout_whole_session_20260511_180608.csv,yoru0511workout,db_triceps_curl,399881,400140,259,0.471
datasets/workout/yoru0511workout/yoru0511workout_whole_session_20260511_180608.csv,yoru0511workout,db_weighted_crunch,247770,247961,191,0.8953
datasets/workout/yoru0511workout/yoru0511workout_whole_session_20260511_180608.csv,yoru0511workout,db_weighted_crunch,247961,248279,318,0.8077
datasets/workout/yoru0511workout/yoru0511workout_whole_session_20260511_180608.csv,yoru0511workout,db_weighted_crunch,248279,248606,327,0.8038
datasets/workout/yoru0511workout/yoru0511workout_whole_session_20260511_180608.csv,yoru0511workout,db_weighted_crunch,248606,248943,337,0.8493
datasets/workout/yoru0511workout/yoru0511workout_whole_session_20260511_180608.csv,yoru0511workout,db_weighted_crunch,248943,249255,312,0.8584
datasets/workout/yoru0511workout/yoru0511workout_whole_session_20260511_180608.csv,yoru0511workout,db_weighted_crunch,249255,249560,305,0.8528
datasets/workout/yoru0511workout/yoru0511workout_whole_session_20260511_180608.csv,yoru0511workout,db_weighted_crunch,249560,249892,332,0.8217
datasets/workout/yoru0511workout/yoru0511workout_whole_session_20260511_180608.csv,yoru0511workout,db_weighted_crunch,249892,250191,299,0.8363
datasets/workout/yoru0511workout/yoru0511workout_whole_session_20260511_180608.csv,yoru0511workout,db_weighted_crunch,250191,250512,321,0.8791
datasets/workout/yoru0511workout/yoru0511workout_whole_session_20260511_180608.csv,yoru0511workout,db_weighted_crunch,250512,250845,333,0.8146
datasets/workout/yoru0511workout/yoru0511workout_whole_session_20260511_180608.csv,yoru0511workout,db_weighted_crunch,250845,251306,461,0.6012
datasets/workout/yoru0511workout/yoru0511workout_whole_session_20260511_180608.csv,yoru0511workout,db_weighted_crunch,256958,257117,159,0.805
datasets/workout/yoru0511workout/yoru0511workout_whole_session_20260511_180608.csv,yoru0511workout,db_weighted_crunch,257117,257408,291,0.7702
datasets/workout/yoru0511workout/yoru0511workout_whole_session_20260511_180608.csv,yoru0511workout,db_weighted_crunch,257408,257743,335,0.7169
datasets/workout/yoru0511workout/yoru0511workout_whole_session_20260511_180608.csv,yoru0511workout,db_weighted_crunch,257743,258022,279,0.7609
datasets/workout/yoru0511workout/yoru0511workout_whole_session_20260511_180608.csv,yoru0511workout,db_weighted_crunch,258022,258332,310,0.9299
datasets/workout/yoru0511workout/yoru0511workout_whole_session_20260511_180608.csv,yoru0511workout,db_weighted_crunch,258332,258658,326,0.8792
datasets/workout/yoru0511workout/yoru0511workout_whole_session_20260511_180608.csv,yoru0511workout,db_weighted_crunch,258658,258942,284,0.8088
datasets/workout/yoru0511workout/yoru0511workout_whole_session_20260511_180608.csv,yoru0511workout,db_weighted_crunch,258942,259246,304,0.8909
datasets/workout/yoru0511workout/yoru0511workout_whole_session_20260511_180608.csv,yoru0511workout,db_weighted_crunch,259246,259533,287,0.9125
datasets/workout/yoru0511workout/yoru0511workout_whole_session_20260511_180608.csv,yoru0511workout,db_weighted_crunch,259533,259833,300,0.8892
datasets/workout/yoru0511workout/yoru0511workout_whole_session_20260511_180608.csv,yoru0511workout,db_weighted_crunch,259833,260263,430,0.5813
datasets/workout/yoru0511workout/yoru0511workout_whole_session_20260511_180608.csv,yoru0511workout,db_weighted_crunch,266896,267158,262,0.4237
datasets/workout/yoru0511workout/yoru0511workout_whole_session_20260511_180608.csv,yoru0511workout,db_weighted_crunch,267158,267445,287,0.4752
datasets/workout/yoru0511workout/yoru0511workout_whole_session_20260511_180608.csv,yoru0511workout,db_weighted_crunch,267445,267721,276,0.4087
datasets/workout/yoru0511workout/yoru0511workout_whole_session_20260511_180608.csv,yoru0511workout,db_weighted_crunch,267721,268005,284,0.4572
datasets/workout/yoru0511workout/yoru0511workout_whole_session_20260511_180608.csv,yoru0511workout,db_weighted_crunch,268005,268269,264,0.4901
datasets/workout/yoru0511workout/yoru0511workout_whole_session_20260511_180608.csv,yoru0511workout,db_weighted_crunch,268269,268560,291,0.5195
datasets/workout/yoru0511workout/yoru0511workout_whole_session_20260511_180608.csv,yoru0511workout,db_weighted_crunch,268560,268846,286,0.5
datasets/workout/yoru0511workout/yoru0511workout_whole_session_20260511_180608.csv,yoru0511workout,db_weighted_crunch,268846,269007,161,0.2776
datasets/workout/yoru0511workout/yoru0511workout_whole_session_20260511_180608.csv,yoru0511workout,db_weighted_crunch,269007,269304,297,0.6
datasets/workout/yoru0511workout/yoru0511workout_whole_session_20260511_180608.csv,yoru0511workout,db_weighted_crunch,269304,269682,378,0.4444
datasets/workout/yoru0511workout/yoru0511workout_whole_session_20260511_180608.csv,yoru0511workout,db_weighted_crunch,269682,269943,261,0.5326
datasets/workout/yoru0511workout/yoru0511workout_whole_session_20260511_180608.csv,yoru0511workout,one_arm_db_row,121979,122138,159,0.4717
datasets/workout/yoru0511workout/yoru0511workout_whole_session_20260511_180608.csv,yoru0511workout,one_arm_db_row,122138,122528,390,0.4426
datasets/workout/yoru0511workout/yoru0511workout_whole_session_20260511_180608.csv,yoru0511workout,one_arm_db_row,122528,122797,269,0.4286
datasets/workout/yoru0511workout/yoru0511workout_whole_session_20260511_180608.csv,yoru0511workout,one_arm_db_row,122797,123140,343,0.3843
datasets/workout/yoru0511workout/yoru0511workout_whole_session_20260511_180608.csv,yoru0511workout,one_arm_db_row,123140,123449,309,0.5099
datasets/workout/yoru0511workout/yoru0511workout_whole_session_20260511_180608.csv,yoru0511workout,one_arm_db_row,123449,123744,295,0.513
datasets/workout/yoru0511workout/yoru0511workout_whole_session_20260511_180608.csv,yoru0511workout,one_arm_db_row,123744,123943,199,0.2842
datasets/workout/yoru0511workout/yoru0511workout_whole_session_20260511_180608.csv,yoru0511workout,one_arm_db_row,123943,124272,329,0.4142
datasets/workout/yoru0511workout/yoru0511workout_whole_session_20260511_180608.csv,yoru0511workout,one_arm_db_row,124272,124493,221,0.3225
datasets/workout/yoru0511workout/yoru0511workout_whole_session_20260511_180608.csv,yoru0511workout,one_arm_db_row,124493,124852,359,0.4143
datasets/workout/yoru0511workout/yoru0511workout_whole_session_20260511_180608.csv,yoru0511workout,one_arm_db_row,124852,125125,273,0.5531
datasets/workout/yoru0511workout/yoru0511workout_whole_session_20260511_180608.csv,yoru0511workout,one_arm_db_row,131997,132173,176,0.5057
datasets/workout/yoru0511workout/yoru0511workout_whole_session_20260511_180608.csv,yoru0511workout,one_arm_db_row,132173,132434,261,0.4598
datasets/workout/yoru0511workout/yoru0511workout_whole_session_20260511_180608.csv,yoru0511workout,one_arm_db_row,132434,132735,301,0.4353
datasets/workout/yoru0511workout/yoru0511workout_whole_session_20260511_180608.csv,yoru0511workout,one_arm_db_row,132735,132940,205,0.4381
datasets/workout/yoru0511workout/yoru0511workout_whole_session_20260511_180608.csv,yoru0511workout,one_arm_db_row,132940,133293,353,0.5351
datasets/workout/yoru0511workout/yoru0511workout_whole_session_20260511_180608.csv,yoru0511workout,one_arm_db_row,133293,133579,286,0.3541
datasets/workout/yoru0511workout/yoru0511workout_whole_session_20260511_180608.csv,yoru0511workout,one_arm_db_row,133579,133886,307,0.3774
datasets/workout/yoru0511workout/yoru0511workout_whole_session_20260511_180608.csv,yoru0511workout,one_arm_db_row,133886,134148,262,0.3893
datasets/workout/yoru0511workout/yoru0511workout_whole_session_20260511_180608.csv,yoru0511workout,one_arm_db_row,134148,134380,232,0.3403
datasets/workout/yoru0511workout/yoru0511workout_whole_session_20260511_180608.csv,yoru0511workout,one_arm_db_row,134380,134669,289,0.4949
datasets/workout/yoru0511workout/yoru0511workout_whole_session_20260511_180608.csv,yoru0511workout,one_arm_db_row,134669,135016,347,0.4447
datasets/workout/yoru0511workout/yoru0511workout_whole_session_20260511_180608.csv,yoru0511workout,one_arm_db_row,140956,141126,170,0.6353
datasets/workout/yoru0511workout/yoru0511workout_whole_session_20260511_180608.csv,yoru0511workout,one_arm_db_row,141126,141372,246,0.5974
datasets/workout/yoru0511workout/yoru0511workout_whole_session_20260511_180608.csv,yoru0511workout,one_arm_db_row,141372,141653,281,0.6268
datasets/workout/yoru0511workout/yoru0511workout_whole_session_20260511_180608.csv,yoru0511workout,one_arm_db_row,141653,141992,339,0.5284
datasets/workout/yoru0511workout/yoru0511workout_whole_session_20260511_180608.csv,yoru0511workout,one_arm_db_row,141992,142175,183,0.4188
datasets/workout/yoru0511workout/yoru0511workout_whole_session_20260511_180608.csv,yoru0511workout,one_arm_db_row,142175,142505,330,0.4948
datasets/workout/yoru0511workout/yoru0511workout_whole_session_20260511_180608.csv,yoru0511workout,one_arm_db_row,142505,142791,286,0.3404
datasets/workout/yoru0511workout/yoru0511workout_whole_session_20260511_180608.csv,yoru0511workout,one_arm_db_row,142791,143093,302,0.3431
datasets/workout/yoru0511workout/yoru0511workout_whole_session_20260511_180608.csv,yoru0511workout,one_arm_db_row,143093,143334,241,0.3836
datasets/workout/yoru0511workout/yoru0511workout_whole_session_20260511_180608.csv,yoru0511workout,one_arm_db_row,143334,143719,385,0.4748
datasets/workout/yoru0511workout/yoru0511workout_whole_session_20260511_180608.csv,yoru0511workout,one_arm_db_row,143719,144071,352,0.5795
datasets/workout/yushuan0513workout/yushuan0513workout_whole_session_20260513_144737.csv,yushuan0513workout,db_bench_press,189,513,324,0.8804
datasets/workout/yushuan0513workout/yushuan0513workout_whole_session_20260513_144737.csv,yushuan0513workout,db_bench_press,513,945,432,0.7791
datasets/workout/yushuan0513workout/yushuan0513workout_whole_session_20260513_144737.csv,yushuan0513workout,db_bench_press,945,1359,414,0.7733
datasets/workout/yushuan0513workout/yushuan0513workout_whole_session_20260513_144737.csv,yushuan0513workout,db_bench_press,1359,1783,424,0.8472
datasets/workout/yushuan0513workout/yushuan0513workout_whole_session_20260513_144737.csv,yushuan0513workout,db_bench_press,1783,2310,527,0.8861
datasets/workout/yushuan0513workout/yushuan0513workout_whole_session_20260513_144737.csv,yushuan0513workout,db_bench_press,2310,2751,441,0.7903
datasets/workout/yushuan0513workout/yushuan0513workout_whole_session_20260513_144737.csv,yushuan0513workout,db_bench_press,2751,3233,482,0.7851
datasets/workout/yushuan0513workout/yushuan0513workout_whole_session_20260513_144737.csv,yushuan0513workout,db_bench_press,3233,3614,381,0.8528
datasets/workout/yushuan0513workout/yushuan0513workout_whole_session_20260513_144737.csv,yushuan0513workout,db_bench_press,3614,4032,418,0.7811
datasets/workout/yushuan0513workout/yushuan0513workout_whole_session_20260513_144737.csv,yushuan0513workout,db_bench_press,4032,4428,396,0.8071
datasets/workout/yushuan0513workout/yushuan0513workout_whole_session_20260513_144737.csv,yushuan0513workout,db_bench_press,4428,4841,413,0.8664
datasets/workout/yushuan0513workout/yushuan0513workout_whole_session_20260513_144737.csv,yushuan0513workout,db_bench_press,4841,5220,379,0.905
datasets/workout/yushuan0513workout/yushuan0513workout_whole_session_20260513_144737.csv,yushuan0513workout,db_bench_press,11562,12603,1041,0.3228
datasets/workout/yushuan0513workout/yushuan0513workout_whole_session_20260513_144737.csv,yushuan0513workout,db_bench_press,12603,13772,1169,0.3653
datasets/workout/yushuan0513workout/yushuan0513workout_whole_session_20260513_144737.csv,yushuan0513workout,db_bench_press,13772,15381,1609,0.2666
datasets/workout/yushuan0513workout/yushuan0513workout_whole_session_20260513_144737.csv,yushuan0513workout,db_bench_press,15381,16023,642,0.553
datasets/workout/yushuan0513workout/yushuan0513workout_whole_session_20260513_144737.csv,yushuan0513workout,db_bench_press,28488,28588,100,0.5236
datasets/workout/yushuan0513workout/yushuan0513workout_whole_session_20260513_144737.csv,yushuan0513workout,db_bench_press,28588,28679,91,0.4764
datasets/workout/yushuan0513workout/yushuan0513workout_whole_session_20260513_144737.csv,yushuan0513workout,db_bench_press,29239,29560,321,0.9626
datasets/workout/yushuan0513workout/yushuan0513workout_whole_session_20260513_144737.csv,yushuan0513workout,db_bench_press,29560,29942,382,0.934
datasets/workout/yushuan0513workout/yushuan0513workout_whole_session_20260513_144737.csv,yushuan0513workout,db_bench_press,29942,30319,377,0.7719
datasets/workout/yushuan0513workout/yushuan0513workout_whole_session_20260513_144737.csv,yushuan0513workout,db_bench_press,30319,30804,485,0.7457
datasets/workout/yushuan0513workout/yushuan0513workout_whole_session_20260513_144737.csv,yushuan0513workout,db_bench_press,30804,31429,625,0.7136
datasets/workout/yushuan0513workout/yushuan0513workout_whole_session_20260513_144737.csv,yushuan0513workout,db_bench_press,31429,32207,778,0.468
datasets/workout/yushuan0513workout/yushuan0513workout_whole_session_20260513_144737.csv,yushuan0513workout,db_bench_press,32207,32500,293,0.4539
datasets/workout/yushuan0513workout/yushuan0513workout_whole_session_20260513_144737.csv,yushuan0513workout,db_biceps_curl,442354,442666,312,0.975
datasets/workout/yushuan0513workout/yushuan0513workout_whole_session_20260513_144737.csv,yushuan0513workout,db_biceps_curl,442666,442927,261,0.944
datasets/workout/yushuan0513workout/yushuan0513workout_whole_session_20260513_144737.csv,yushuan0513workout,db_biceps_curl,442927,443198,271,0.9594
datasets/workout/yushuan0513workout/yushuan0513workout_whole_session_20260513_144737.csv,yushuan0513workout,db_biceps_curl,443198,443461,263,0.97
datasets/workout/yushuan0513workout/yushuan0513workout_whole_session_20260513_144737.csv,yushuan0513workout,db_biceps_curl,443461,443745,284,0.941
datasets/workout/yushuan0513workout/yushuan0513workout_whole_session_20260513_144737.csv,yushuan0513workout,db_biceps_curl,443745,444004,259,0.9485
datasets/workout/yushuan0513workout/yushuan0513workout_whole_session_20260513_144737.csv,yushuan0513workout,db_biceps_curl,444004,444286,282,0.9826
datasets/workout/yushuan0513workout/yushuan0513workout_whole_session_20260513_144737.csv,yushuan0513workout,db_biceps_curl,444286,444559,273,0.9853
datasets/workout/yushuan0513workout/yushuan0513workout_whole_session_20260513_144737.csv,yushuan0513workout,db_biceps_curl,444559,444860,301,0.9586
datasets/workout/yushuan0513workout/yushuan0513workout_whole_session_20260513_144737.csv,yushuan0513workout,db_biceps_curl,444860,445175,315,0.9264
datasets/workout/yushuan0513workout/yushuan0513workout_whole_session_20260513_144737.csv,yushuan0513workout,db_biceps_curl,445175,445465,290,0.949
datasets/workout/yushuan0513workout/yushuan0513workout_whole_session_20260513_144737.csv,yushuan0513workout,db_biceps_curl,445465,445725,260,0.9846
datasets/workout/yushuan0513workout/yushuan0513workout_whole_session_20260513_144737.csv,yushuan0513workout,db_biceps_curl,457530,457816,286,0.9728
datasets/workout/yushuan0513workout/yushuan0513workout_whole_session_20260513_144737.csv,yushuan0513workout,db_biceps_curl,457816,458069,253,0.9368
datasets/workout/yushuan0513workout/yushuan0513workout_whole_session_20260513_144737.csv,yushuan0513workout,db_biceps_curl,458069,458313,244,0.9444
datasets/workout/yushuan0513workout/yushuan0513workout_whole_session_20260513_144737.csv,yushuan0513workout,db_biceps_curl,458313,458559,246,0.9498
datasets/workout/yushuan0513workout/yushuan0513workout_whole_session_20260513_144737.csv,yushuan0513workout,db_biceps_curl,458559,458800,241,0.963
datasets/workout/yushuan0513workout/yushuan0513workout_whole_session_20260513_144737.csv,yushuan0513workout,db_biceps_curl,458800,459061,261,0.9808
datasets/workout/yushuan0513workout/yushuan0513workout_whole_session_20260513_144737.csv,yushuan0513workout,db_biceps_curl,459061,459309,248,0.9482
datasets/workout/yushuan0513workout/yushuan0513workout_whole_session_20260513_144737.csv,yushuan0513workout,db_biceps_curl,459309,459595,286,0.9291
datasets/workout/yushuan0513workout/yushuan0513workout_whole_session_20260513_144737.csv,yushuan0513workout,db_biceps_curl,459595,459892,297,0.9058
datasets/workout/yushuan0513workout/yushuan0513workout_whole_session_20260513_144737.csv,yushuan0513workout,db_biceps_curl,459892,460181,289,0.9349
datasets/workout/yushuan0513workout/yushuan0513workout_whole_session_20260513_144737.csv,yushuan0513workout,db_biceps_curl,460181,460582,401,0.7667
datasets/workout/yushuan0513workout/yushuan0513workout_whole_session_20260513_144737.csv,yushuan0513workout,db_biceps_curl,460582,460792,210,0.6954
datasets/workout/yushuan0513workout/yushuan0513workout_whole_session_20260513_144737.csv,yushuan0513workout,db_biceps_curl,473693,473970,277,0.9819
datasets/workout/yushuan0513workout/yushuan0513workout_whole_session_20260513_144737.csv,yushuan0513workout,db_biceps_curl,473970,474225,255,0.9654
datasets/workout/yushuan0513workout/yushuan0513workout_whole_session_20260513_144737.csv,yushuan0513workout,db_biceps_curl,474225,474476,251,0.949
datasets/workout/yushuan0513workout/yushuan0513workout_whole_session_20260513_144737.csv,yushuan0513workout,db_biceps_curl,474476,474740,264,0.9267
datasets/workout/yushuan0513workout/yushuan0513workout_whole_session_20260513_144737.csv,yushuan0513workout,db_biceps_curl,474740,475031,291,0.947
datasets/workout/yushuan0513workout/yushuan0513workout_whole_session_20260513_144737.csv,yushuan0513workout,db_biceps_curl,475031,475297,266,0.9815
datasets/workout/yushuan0513workout/yushuan0513workout_whole_session_20260513_144737.csv,yushuan0513workout,db_biceps_curl,475297,475578,281,0.9822
datasets/workout/yushuan0513workout/yushuan0513workout_whole_session_20260513_144737.csv,yushuan0513workout,db_biceps_curl,475578,475878,300,0.9772
datasets/workout/yushuan0513workout/yushuan0513workout_whole_session_20260513_144737.csv,yushuan0513workout,db_biceps_curl,475878,476178,300,0.9767
datasets/workout/yushuan0513workout/yushuan0513workout_whole_session_20260513_144737.csv,yushuan0513workout,db_biceps_curl,476178,476485,307,0.9505
datasets/workout/yushuan0513workout/yushuan0513workout_whole_session_20260513_144737.csv,yushuan0513workout,db_biceps_curl,476485,476855,370,0.7946
datasets/workout/yushuan0513workout/yushuan0513workout_whole_session_20260513_144737.csv,yushuan0513workout,db_biceps_curl,476855,477150,295,0.8194
datasets/workout/yushuan0513workout/yushuan0513workout_whole_session_20260513_144737.csv,yushuan0513workout,db_rdl,172761,173263,502,0.9741
datasets/workout/yushuan0513workout/yushuan0513workout_whole_session_20260513_144737.csv,yushuan0513workout,db_rdl,173263,173614,351,0.5919
datasets/workout/yushuan0513workout/yushuan0513workout_whole_session_20260513_144737.csv,yushuan0513workout,db_rdl,173614,173962,348,0.3216
datasets/workout/yushuan0513workout/yushuan0513workout_whole_session_20260513_144737.csv,yushuan0513workout,db_rdl,173962,174317,355,0.6667
datasets/workout/yushuan0513workout/yushuan0513workout_whole_session_20260513_144737.csv,yushuan0513workout,db_rdl,174317,174848,531,0.7772
datasets/workout/yushuan0513workout/yushuan0513workout_whole_session_20260513_144737.csv,yushuan0513workout,db_rdl,174848,175193,345,0.7913
datasets/workout/yushuan0513workout/yushuan0513workout_whole_session_20260513_144737.csv,yushuan0513workout,db_rdl,175193,175757,564,0.7979
datasets/workout/yushuan0513workout/yushuan0513workout_whole_session_20260513_144737.csv,yushuan0513workout,db_rdl,175757,176199,442,0.6004
datasets/workout/yushuan0513workout/yushuan0513workout_whole_session_20260513_144737.csv,yushuan0513workout,db_rdl,176199,176668,469,0.6304
datasets/workout/yushuan0513workout/yushuan0513workout_whole_session_20260513_144737.csv,yushuan0513workout,db_rdl,176668,177060,392,0.6673
datasets/workout/yushuan0513workout/yushuan0513workout_whole_session_20260513_144737.csv,yushuan0513workout,db_rdl,177060,177542,482,0.7735
datasets/workout/yushuan0513workout/yushuan0513workout_whole_session_20260513_144737.csv,yushuan0513workout,db_rdl,177542,177992,450,0.6641
datasets/workout/yushuan0513workout/yushuan0513workout_whole_session_20260513_144737.csv,yushuan0513workout,db_rdl,177992,178310,318,0.743
datasets/workout/yushuan0513workout/yushuan0513workout_whole_session_20260513_144737.csv,yushuan0513workout,db_rdl,214256,215223,967,0.4664
datasets/workout/yushuan0513workout/yushuan0513workout_whole_session_20260513_144737.csv,yushuan0513workout,db_rdl,215223,216117,894,0.4228
datasets/workout/yushuan0513workout/yushuan0513workout_whole_session_20260513_144737.csv,yushuan0513workout,db_rdl,216117,216710,593,0.6358
datasets/workout/yushuan0513workout/yushuan0513workout_whole_session_20260513_144737.csv,yushuan0513workout,db_rdl,216710,217309,599,0.7581
datasets/workout/yushuan0513workout/yushuan0513workout_whole_session_20260513_144737.csv,yushuan0513workout,db_rdl,217309,218468,1159,0.3313
datasets/workout/yushuan0513workout/yushuan0513workout_whole_session_20260513_144737.csv,yushuan0513workout,db_rdl,218468,219061,593,0.5379
datasets/workout/yushuan0513workout/yushuan0513workout_whole_session_20260513_144737.csv,yushuan0513workout,db_rdl,232954,233120,166,0.4246
datasets/workout/yushuan0513workout/yushuan0513workout_whole_session_20260513_144737.csv,yushuan0513workout,db_rdl,233120,233429,309,0.4737
datasets/workout/yushuan0513workout/yushuan0513workout_whole_session_20260513_144737.csv,yushuan0513workout,db_rdl,233429,233852,423,0.6134
datasets/workout/yushuan0513workout/yushuan0513workout_whole_session_20260513_144737.csv,yushuan0513workout,db_rdl,233852,234024,172,0.4674
datasets/workout/yushuan0513workout/yushuan0513workout_whole_session_20260513_144737.csv,yushuan0513workout,db_rdl,234024,234310,286,0.4469
datasets/workout/yushuan0513workout/yushuan0513workout_whole_session_20260513_144737.csv,yushuan0513workout,db_rdl,234310,234615,305,0.3274
datasets/workout/yushuan0513workout/yushuan0513workout_whole_session_20260513_144737.csv,yushuan0513workout,db_rdl,234615,234997,382,0.5278
datasets/workout/yushuan0513workout/yushuan0513workout_whole_session_20260513_144737.csv,yushuan0513workout,db_rdl,234997,235375,378,0.6742
datasets/workout/yushuan0513workout/yushuan0513workout_whole_session_20260513_144737.csv,yushuan0513workout,db_rdl,235375,235639,264,0.6486
datasets/workout/yushuan0513workout/yushuan0513workout_whole_session_20260513_144737.csv,yushuan0513workout,db_rdl,235639,235913,274,0.3364
datasets/workout/yushuan0513workout/yushuan0513workout_whole_session_20260513_144737.csv,yushuan0513workout,db_rdl,235913,236278,365,0.4881
datasets/workout/yushuan0513workout/yushuan0513workout_whole_session_20260513_144737.csv,yushuan0513workout,db_rdl,236278,236913,635,0.5157
datasets/workout/yushuan0513workout/yushuan0513workout_whole_session_20260513_144737.csv,yushuan0513workout,db_rdl,236913,237124,211,0.4289
datasets/workout/yushuan0513workout/yushuan0513workout_whole_session_20260513_144737.csv,yushuan0513workout,db_rdl,237124,237568,444,0.8964
datasets/workout/yushuan0513workout/yushuan0513workout_whole_session_20260513_144737.csv,yushuan0513workout,db_rdl,237568,237917,349,0.9407
datasets/workout/yushuan0513workout/yushuan0513workout_whole_session_20260513_144737.csv,yushuan0513workout,db_shoulder_press,351703,352213,510,0.749
datasets/workout/yushuan0513workout/yushuan0513workout_whole_session_20260513_144737.csv,yushuan0513workout,db_shoulder_press,352213,352626,413,0.4695
datasets/workout/yushuan0513workout/yushuan0513workout_whole_session_20260513_144737.csv,yushuan0513workout,db_shoulder_press,352626,353045,419,0.4325
datasets/workout/yushuan0513workout/yushuan0513workout_whole_session_20260513_144737.csv,yushuan0513workout,db_shoulder_press,353045,353428,383,0.5435
datasets/workout/yushuan0513workout/yushuan0513workout_whole_session_20260513_144737.csv,yushuan0513workout,db_shoulder_press,353428,353922,494,0.5147
datasets/workout/yushuan0513workout/yushuan0513workout_whole_session_20260513_144737.csv,yushuan0513workout,db_shoulder_press,353922,354341,419,0.3929
datasets/workout/yushuan0513workout/yushuan0513workout_whole_session_20260513_144737.csv,yushuan0513workout,db_shoulder_press,354341,354789,448,0.4256
datasets/workout/yushuan0513workout/yushuan0513workout_whole_session_20260513_144737.csv,yushuan0513workout,db_shoulder_press,354789,355300,511,0.404
datasets/workout/yushuan0513workout/yushuan0513workout_whole_session_20260513_144737.csv,yushuan0513workout,db_shoulder_press,355300,355800,500,0.3467
datasets/workout/yushuan0513workout/yushuan0513workout_whole_session_20260513_144737.csv,yushuan0513workout,db_shoulder_press,355800,356041,241,0.4501
datasets/workout/yushuan0513workout/yushuan0513workout_whole_session_20260513_144737.csv,yushuan0513workout,db_shoulder_press,356041,356659,618,0.6238
datasets/workout/yushuan0513workout/yushuan0513workout_whole_session_20260513_144737.csv,yushuan0513workout,db_shoulder_press,356659,356928,269,0.5501
datasets/workout/yushuan0513workout/yushuan0513workout_whole_session_20260513_144737.csv,yushuan0513workout,db_shoulder_press,373716,374053,337,0.9108
datasets/workout/yushuan0513workout/yushuan0513workout_whole_session_20260513_144737.csv,yushuan0513workout,db_shoulder_press,374053,374441,388,0.8275
datasets/workout/yushuan0513workout/yushuan0513workout_whole_session_20260513_144737.csv,yushuan0513workout,db_shoulder_press,374441,374880,439,0.7992
datasets/workout/yushuan0513workout/yushuan0513workout_whole_session_20260513_144737.csv,yushuan0513workout,db_shoulder_press,374880,375297,417,0.6992
datasets/workout/yushuan0513workout/yushuan0513workout_whole_session_20260513_144737.csv,yushuan0513workout,db_shoulder_press,375297,375806,509,0.7089
datasets/workout/yushuan0513workout/yushuan0513workout_whole_session_20260513_144737.csv,yushuan0513workout,db_shoulder_press,375806,376355,549,0.798
datasets/workout/yushuan0513workout/yushuan0513workout_whole_session_20260513_144737.csv,yushuan0513workout,db_shoulder_press,376355,376888,533,0.8229
datasets/workout/yushuan0513workout/yushuan0513workout_whole_session_20260513_144737.csv,yushuan0513workout,db_shoulder_press,376888,377306,418,0.7033
datasets/workout/yushuan0513workout/yushuan0513workout_whole_session_20260513_144737.csv,yushuan0513workout,db_shoulder_press,377306,377875,569,0.8172
datasets/workout/yushuan0513workout/yushuan0513workout_whole_session_20260513_144737.csv,yushuan0513workout,db_shoulder_press,377875,378418,543,0.9577
datasets/workout/yushuan0513workout/yushuan0513workout_whole_session_20260513_144737.csv,yushuan0513workout,db_shoulder_press,378418,378858,440,0.9576
datasets/workout/yushuan0513workout/yushuan0513workout_whole_session_20260513_144737.csv,yushuan0513workout,db_shoulder_press,378858,379317,459,0.9826
datasets/workout/yushuan0513workout/yushuan0513workout_whole_session_20260513_144737.csv,yushuan0513workout,db_shoulder_press,404439,405043,604,0.5877
datasets/workout/yushuan0513workout/yushuan0513workout_whole_session_20260513_144737.csv,yushuan0513workout,db_shoulder_press,405043,405553,510,0.4377
datasets/workout/yushuan0513workout/yushuan0513workout_whole_session_20260513_144737.csv,yushuan0513workout,db_shoulder_press,405553,405900,347,0.3403
datasets/workout/yushuan0513workout/yushuan0513workout_whole_session_20260513_144737.csv,yushuan0513workout,db_shoulder_press,405900,406415,515,0.5584
datasets/workout/yushuan0513workout/yushuan0513workout_whole_session_20260513_144737.csv,yushuan0513workout,db_shoulder_press,406415,407109,694,0.4327
datasets/workout/yushuan0513workout/yushuan0513workout_whole_session_20260513_144737.csv,yushuan0513workout,db_shoulder_press,407109,407578,469,0.2875
datasets/workout/yushuan0513workout/yushuan0513workout_whole_session_20260513_144737.csv,yushuan0513workout,db_shoulder_press,407578,408081,503,0.5417
datasets/workout/yushuan0513workout/yushuan0513workout_whole_session_20260513_144737.csv,yushuan0513workout,db_shoulder_press,408081,408638,557,0.6606
datasets/workout/yushuan0513workout/yushuan0513workout_whole_session_20260513_144737.csv,yushuan0513workout,db_shoulder_press,408638,409211,573,0.8233
datasets/workout/yushuan0513workout/yushuan0513workout_whole_session_20260513_144737.csv,yushuan0513workout,db_squat,537595,538035,440,0.6341
datasets/workout/yushuan0513workout/yushuan0513workout_whole_session_20260513_144737.csv,yushuan0513workout,db_squat,538035,538322,287,0.3549
datasets/workout/yushuan0513workout/yushuan0513workout_whole_session_20260513_144737.csv,yushuan0513workout,db_squat,538322,538570,248,0.609
datasets/workout/yushuan0513workout/yushuan0513workout_whole_session_20260513_144737.csv,yushuan0513workout,db_squat,538570,538943,373,0.6964
datasets/workout/yushuan0513workout/yushuan0513workout_whole_session_20260513_144737.csv,yushuan0513workout,db_squat,538943,539314,371,0.4289
datasets/workout/yushuan0513workout/yushuan0513workout_whole_session_20260513_144737.csv,yushuan0513workout,db_squat,539314,539684,370,0.4294
datasets/workout/yushuan0513workout/yushuan0513workout_whole_session_20260513_144737.csv,yushuan0513workout,db_squat,539684,540025,341,0.4077
datasets/workout/yushuan0513workout/yushuan0513workout_whole_session_20260513_144737.csv,yushuan0513workout,db_squat,540025,540361,336,0.4
datasets/workout/yushuan0513workout/yushuan0513workout_whole_session_20260513_144737.csv,yushuan0513workout,db_squat,540361,540675,314,0.406
datasets/workout/yushuan0513workout/yushuan0513workout_whole_session_20260513_144737.csv,yushuan0513workout,db_squat,540675,540897,222,0.3738
datasets/workout/yushuan0513workout/yushuan0513workout_whole_session_20260513_144737.csv,yushuan0513workout,db_squat,540897,541322,425,0.5314
datasets/workout/yushuan0513workout/yushuan0513workout_whole_session_20260513_144737.csv,yushuan0513workout,db_squat,541322,541473,151,0.4809
datasets/workout/yushuan0513workout/yushuan0513workout_whole_session_20260513_144737.csv,yushuan0513workout,db_squat,548391,548563,172,0.5566
datasets/workout/yushuan0513workout/yushuan0513workout_whole_session_20260513_144737.csv,yushuan0513workout,db_squat,548563,548879,316,0.4124
datasets/workout/yushuan0513workout/yushuan0513workout_whole_session_20260513_144737.csv,yushuan0513workout,db_squat,548879,549194,315,0.4427
datasets/workout/yushuan0513workout/yushuan0513workout_whole_session_20260513_144737.csv,yushuan0513workout,db_squat,549194,549578,384,0.5194
datasets/workout/yushuan0513workout/yushuan0513workout_whole_session_20260513_144737.csv,yushuan0513workout,db_squat,549578,549953,375,0.5973
datasets/workout/yushuan0513workout/yushuan0513workout_whole_session_20260513_144737.csv,yushuan0513workout,db_squat,549953,550249,296,0.5394
datasets/workout/yushuan0513workout/yushuan0513workout_whole_session_20260513_144737.csv,yushuan0513workout,db_squat,550249,550566,317,0.452
datasets/workout/yushuan0513workout/yushuan0513workout_whole_session_20260513_144737.csv,yushuan0513workout,db_squat,550566,551075,509,0.7014
datasets/workout/yushuan0513workout/yushuan0513workout_whole_session_20260513_144737.csv,yushuan0513workout,db_squat,551075,551421,346,0.93
datasets/workout/yushuan0513workout/yushuan0513workout_whole_session_20260513_144737.csv,yushuan0513workout,db_squat,551421,551641,220,0.4955
datasets/workout/yushuan0513workout/yushuan0513workout_whole_session_20260513_144737.csv,yushuan0513workout,db_squat,551641,552001,360,0.3535
datasets/workout/yushuan0513workout/yushuan0513workout_whole_session_20260513_144737.csv,yushuan0513workout,db_squat,552001,552435,434,0.6567
datasets/workout/yushuan0513workout/yushuan0513workout_whole_session_20260513_144737.csv,yushuan0513workout,db_squat,558610,559089,479,0.618
datasets/workout/yushuan0513workout/yushuan0513workout_whole_session_20260513_144737.csv,yushuan0513workout,db_squat,559089,559465,376,0.4309
datasets/workout/yushuan0513workout/yushuan0513workout_whole_session_20260513_144737.csv,yushuan0513workout,db_squat,559465,559754,289,0.3888
datasets/workout/yushuan0513workout/yushuan0513workout_whole_session_20260513_144737.csv,yushuan0513workout,db_squat,559754,560085,331,0.3638
datasets/workout/yushuan0513workout/yushuan0513workout_whole_session_20260513_144737.csv,yushuan0513workout,db_squat,560085,560304,219,0.3807
datasets/workout/yushuan0513workout/yushuan0513workout_whole_session_20260513_144737.csv,yushuan0513workout,db_squat,560304,560721,417,0.5617
datasets/workout/yushuan0513workout/yushuan0513workout_whole_session_20260513_144737.csv,yushuan0513workout,db_squat,560721,561126,405,0.4153
datasets/workout/yushuan0513workout/yushuan0513workout_whole_session_20260513_144737.csv,yushuan0513workout,db_squat,561126,561387,261,0.3379
datasets/workout/yushuan0513workout/yushuan0513workout_whole_session_20260513_144737.csv,yushuan0513workout,db_squat,561387,561835,448,0.4332
datasets/workout/yushuan0513workout/yushuan0513workout_whole_session_20260513_144737.csv,yushuan0513workout,db_squat,561835,562198,363,0.4192
datasets/workout/yushuan0513workout/yushuan0513workout_whole_session_20260513_144737.csv,yushuan0513workout,db_squat,562198,562443,245,0.3033
datasets/workout/yushuan0513workout/yushuan0513workout_whole_session_20260513_144737.csv,yushuan0513workout,db_squat,562443,562683,240,0.6916
datasets/workout/yushuan0513workout/yushuan0513workout_whole_session_20260513_144737.csv,yushuan0513workout,db_triceps_curl,492672,492929,257,0.9611
datasets/workout/yushuan0513workout/yushuan0513workout_whole_session_20260513_144737.csv,yushuan0513workout,db_triceps_curl,492929,493220,291,0.9037
datasets/workout/yushuan0513workout/yushuan0513workout_whole_session_20260513_144737.csv,yushuan0513workout,db_triceps_curl,493220,493531,311,0.8489
datasets/workout/yushuan0513workout/yushuan0513workout_whole_session_20260513_144737.csv,yushuan0513workout,db_triceps_curl,493531,493883,352,0.8783
datasets/workout/yushuan0513workout/yushuan0513workout_whole_session_20260513_144737.csv,yushuan0513workout,db_triceps_curl,493883,494201,318,0.8787
datasets/workout/yushuan0513workout/yushuan0513workout_whole_session_20260513_144737.csv,yushuan0513workout,db_triceps_curl,494201,494518,317,0.8905
datasets/workout/yushuan0513workout/yushuan0513workout_whole_session_20260513_144737.csv,yushuan0513workout,db_triceps_curl,494518,494816,298,0.8885
datasets/workout/yushuan0513workout/yushuan0513workout_whole_session_20260513_144737.csv,yushuan0513workout,db_triceps_curl,494816,495100,284,0.9132
datasets/workout/yushuan0513workout/yushuan0513workout_whole_session_20260513_144737.csv,yushuan0513workout,db_triceps_curl,495100,495454,354,0.904
datasets/workout/yushuan0513workout/yushuan0513workout_whole_session_20260513_144737.csv,yushuan0513workout,db_triceps_curl,495454,495771,317,0.8776
datasets/workout/yushuan0513workout/yushuan0513workout_whole_session_20260513_144737.csv,yushuan0513workout,db_triceps_curl,495771,496078,307,0.9195
datasets/workout/yushuan0513workout/yushuan0513workout_whole_session_20260513_144737.csv,yushuan0513workout,db_triceps_curl,496078,496348,270,0.9643
datasets/workout/yushuan0513workout/yushuan0513workout_whole_session_20260513_144737.csv,yushuan0513workout,db_triceps_curl,503870,504081,211,0.7226
datasets/workout/yushuan0513workout/yushuan0513workout_whole_session_20260513_144737.csv,yushuan0513workout,db_triceps_curl,504081,504422,341,0.654
datasets/workout/yushuan0513workout/yushuan0513workout_whole_session_20260513_144737.csv,yushuan0513workout,db_triceps_curl,504422,504649,227,0.6629
datasets/workout/yushuan0513workout/yushuan0513workout_whole_session_20260513_144737.csv,yushuan0513workout,db_triceps_curl,504649,504882,233,0.6351
datasets/workout/yushuan0513workout/yushuan0513workout_whole_session_20260513_144737.csv,yushuan0513workout,db_triceps_curl,504882,505119,237,0.6159
datasets/workout/yushuan0513workout/yushuan0513workout_whole_session_20260513_144737.csv,yushuan0513workout,db_triceps_curl,505119,505336,217,0.7246
datasets/workout/yushuan0513workout/yushuan0513workout_whole_session_20260513_144737.csv,yushuan0513workout,db_triceps_curl,505336,505616,280,0.7138
datasets/workout/yushuan0513workout/yushuan0513workout_whole_session_20260513_144737.csv,yushuan0513workout,db_triceps_curl,505616,505884,268,0.6667
datasets/workout/yushuan0513workout/yushuan0513workout_whole_session_20260513_144737.csv,yushuan0513workout,db_triceps_curl,505884,506155,271,0.7612
datasets/workout/yushuan0513workout/yushuan0513workout_whole_session_20260513_144737.csv,yushuan0513workout,db_triceps_curl,506155,506460,305,0.7541
datasets/workout/yushuan0513workout/yushuan0513workout_whole_session_20260513_144737.csv,yushuan0513workout,db_triceps_curl,506460,506710,250,0.7817
datasets/workout/yushuan0513workout/yushuan0513workout_whole_session_20260513_144737.csv,yushuan0513workout,db_triceps_curl,506710,507006,296,0.7222
datasets/workout/yushuan0513workout/yushuan0513workout_whole_session_20260513_144737.csv,yushuan0513workout,db_triceps_curl,507006,507262,256,0.805
datasets/workout/yushuan0513workout/yushuan0513workout_whole_session_20260513_144737.csv,yushuan0513workout,db_triceps_curl,514473,514722,249,1.0
datasets/workout/yushuan0513workout/yushuan0513workout_whole_session_20260513_144737.csv,yushuan0513workout,db_triceps_curl,514722,515008,286,0.7797
datasets/workout/yushuan0513workout/yushuan0513workout_whole_session_20260513_144737.csv,yushuan0513workout,db_triceps_curl,515008,515292,284,0.6945
datasets/workout/yushuan0513workout/yushuan0513workout_whole_session_20260513_144737.csv,yushuan0513workout,db_triceps_curl,515292,515602,310,0.6657
datasets/workout/yushuan0513workout/yushuan0513workout_whole_session_20260513_144737.csv,yushuan0513workout,db_triceps_curl,515602,515918,316,0.665
datasets/workout/yushuan0513workout/yushuan0513workout_whole_session_20260513_144737.csv,yushuan0513workout,db_triceps_curl,515918,516216,298,0.7458
datasets/workout/yushuan0513workout/yushuan0513workout_whole_session_20260513_144737.csv,yushuan0513workout,db_triceps_curl,516216,516524,308,0.731
datasets/workout/yushuan0513workout/yushuan0513workout_whole_session_20260513_144737.csv,yushuan0513workout,db_triceps_curl,516524,516788,264,0.7826
datasets/workout/yushuan0513workout/yushuan0513workout_whole_session_20260513_144737.csv,yushuan0513workout,db_triceps_curl,516788,517080,292,0.8191
datasets/workout/yushuan0513workout/yushuan0513workout_whole_session_20260513_144737.csv,yushuan0513workout,db_triceps_curl,517080,517356,276,0.7524
datasets/workout/yushuan0513workout/yushuan0513workout_whole_session_20260513_144737.csv,yushuan0513workout,db_triceps_curl,517356,517648,292,0.6433
datasets/workout/yushuan0513workout/yushuan0513workout_whole_session_20260513_144737.csv,yushuan0513workout,db_triceps_curl,517648,517882,234,0.7429
datasets/workout/yushuan0513workout/yushuan0513workout_whole_session_20260513_144737.csv,yushuan0513workout,db_weighted_crunch,272075,272447,372,0.9355
datasets/workout/yushuan0513workout/yushuan0513workout_whole_session_20260513_144737.csv,yushuan0513workout,db_weighted_crunch,272447,272747,300,0.8621
datasets/workout/yushuan0513workout/yushuan0513workout_whole_session_20260513_144737.csv,yushuan0513workout,db_weighted_crunch,272747,273084,337,0.8754
datasets/workout/yushuan0513workout/yushuan0513workout_whole_session_20260513_144737.csv,yushuan0513workout,db_weighted_crunch,273084,273436,352,0.9462
datasets/workout/yushuan0513workout/yushuan0513workout_whole_session_20260513_144737.csv,yushuan0513workout,db_weighted_crunch,273436,273855,419,0.8496
datasets/workout/yushuan0513workout/yushuan0513workout_whole_session_20260513_144737.csv,yushuan0513workout,db_weighted_crunch,273855,274200,345,0.7241
datasets/workout/yushuan0513workout/yushuan0513workout_whole_session_20260513_144737.csv,yushuan0513workout,db_weighted_crunch,274200,274562,362,0.7409
datasets/workout/yushuan0513workout/yushuan0513workout_whole_session_20260513_144737.csv,yushuan0513workout,db_weighted_crunch,274562,275008,446,0.8207
datasets/workout/yushuan0513workout/yushuan0513workout_whole_session_20260513_144737.csv,yushuan0513workout,db_weighted_crunch,275008,275398,390,0.908
datasets/workout/yushuan0513workout/yushuan0513workout_whole_session_20260513_144737.csv,yushuan0513workout,db_weighted_crunch,275398,275779,381,0.886
datasets/workout/yushuan0513workout/yushuan0513workout_whole_session_20260513_144737.csv,yushuan0513workout,db_weighted_crunch,275779,276165,386,0.8
datasets/workout/yushuan0513workout/yushuan0513workout_whole_session_20260513_144737.csv,yushuan0513workout,db_weighted_crunch,276165,276473,308,0.8701
datasets/workout/yushuan0513workout/yushuan0513workout_whole_session_20260513_144737.csv,yushuan0513workout,db_weighted_crunch,283217,283452,235,0.7912
datasets/workout/yushuan0513workout/yushuan0513workout_whole_session_20260513_144737.csv,yushuan0513workout,db_weighted_crunch,283452,283826,374,0.738
datasets/workout/yushuan0513workout/yushuan0513workout_whole_session_20260513_144737.csv,yushuan0513workout,db_weighted_crunch,283826,284179,353,0.7763
datasets/workout/yushuan0513workout/yushuan0513workout_whole_session_20260513_144737.csv,yushuan0513workout,db_weighted_crunch,284179,284747,568,0.5234
datasets/workout/yushuan0513workout/yushuan0513workout_whole_session_20260513_144737.csv,yushuan0513workout,db_weighted_crunch,284747,285356,609,0.6218
datasets/workout/yushuan0513workout/yushuan0513workout_whole_session_20260513_144737.csv,yushuan0513workout,db_weighted_crunch,285356,285761,405,0.8396
datasets/workout/yushuan0513workout/yushuan0513workout_whole_session_20260513_144737.csv,yushuan0513workout,db_weighted_crunch,285761,286026,265,0.4644
datasets/workout/yushuan0513workout/yushuan0513workout_whole_session_20260513_144737.csv,yushuan0513workout,db_weighted_crunch,286026,286435,409,0.3436
datasets/workout/yushuan0513workout/yushuan0513workout_whole_session_20260513_144737.csv,yushuan0513workout,db_weighted_crunch,286435,286843,408,0.3367
datasets/workout/yushuan0513workout/yushuan0513workout_whole_session_20260513_144737.csv,yushuan0513workout,db_weighted_crunch,286843,287443,600,0.6299
datasets/workout/yushuan0513workout/yushuan0513workout_whole_session_20260513_144737.csv,yushuan0513workout,db_weighted_crunch,287443,287833,390,0.8897
datasets/workout/yushuan0513workout/yushuan0513workout_whole_session_20260513_144737.csv,yushuan0513workout,db_weighted_crunch,296430,296712,282,0.9758
datasets/workout/yushuan0513workout/yushuan0513workout_whole_session_20260513_144737.csv,yushuan0513workout,db_weighted_crunch,296712,297078,366,0.8907
datasets/workout/yushuan0513workout/yushuan0513workout_whole_session_20260513_144737.csv,yushuan0513workout,db_weighted_crunch,297078,297432,354,0.7468
datasets/workout/yushuan0513workout/yushuan0513workout_whole_session_20260513_144737.csv,yushuan0513workout,db_weighted_crunch,297432,297639,207,0.5419
datasets/workout/yushuan0513workout/yushuan0513workout_whole_session_20260513_144737.csv,yushuan0513workout,db_weighted_crunch,297639,298108,469,0.7297
datasets/workout/yushuan0513workout/yushuan0513workout_whole_session_20260513_144737.csv,yushuan0513workout,db_weighted_crunch,298108,298578,470,0.8319
datasets/workout/yushuan0513workout/yushuan0513workout_whole_session_20260513_144737.csv,yushuan0513workout,db_weighted_crunch,298578,299000,422,0.8305
datasets/workout/yushuan0513workout/yushuan0513workout_whole_session_20260513_144737.csv,yushuan0513workout,db_weighted_crunch,299000,299356,356,0.8878
datasets/workout/yushuan0513workout/yushuan0513workout_whole_session_20260513_144737.csv,yushuan0513workout,db_weighted_crunch,299356,299727,371,0.7614
datasets/workout/yushuan0513workout/yushuan0513workout_whole_session_20260513_144737.csv,yushuan0513workout,db_weighted_crunch,299727,300185,458,0.716
datasets/workout/yushuan0513workout/yushuan0513workout_whole_session_20260513_144737.csv,yushuan0513workout,db_weighted_crunch,300185,300579,394,0.8184
datasets/workout/yushuan0513workout/yushuan0513workout_whole_session_20260513_144737.csv,yushuan0513workout,db_weighted_crunch,300579,300883,304,0.9375
datasets/workout/yushuan0513workout/yushuan0513workout_whole_session_20260513_144737.csv,yushuan0513workout,one_arm_db_row,83302,83738,436,0.7202
datasets/workout/yushuan0513workout/yushuan0513workout_whole_session_20260513_144737.csv,yushuan0513workout,one_arm_db_row,83738,83960,222,0.5952
datasets/workout/yushuan0513workout/yushuan0513workout_whole_session_20260513_144737.csv,yushuan0513workout,one_arm_db_row,83960,84343,383,0.9164
datasets/workout/yushuan0513workout/yushuan0513workout_whole_session_20260513_144737.csv,yushuan0513workout,one_arm_db_row,84343,84878,535,0.7286
datasets/workout/yushuan0513workout/yushuan0513workout_whole_session_20260513_144737.csv,yushuan0513workout,one_arm_db_row,84878,85271,393,0.5299
datasets/workout/yushuan0513workout/yushuan0513workout_whole_session_20260513_144737.csv,yushuan0513workout,one_arm_db_row,85271,85593,322,0.6937
datasets/workout/yushuan0513workout/yushuan0513workout_whole_session_20260513_144737.csv,yushuan0513workout,one_arm_db_row,85593,86179,586,0.5977
datasets/workout/yushuan0513workout/yushuan0513workout_whole_session_20260513_144737.csv,yushuan0513workout,one_arm_db_row,86179,86569,390,0.3903
datasets/workout/yushuan0513workout/yushuan0513workout_whole_session_20260513_144737.csv,yushuan0513workout,one_arm_db_row,86569,86777,208,0.3906
datasets/workout/yushuan0513workout/yushuan0513workout_whole_session_20260513_144737.csv,yushuan0513workout,one_arm_db_row,86777,87249,472,0.7957
datasets/workout/yushuan0513workout/yushuan0513workout_whole_session_20260513_144737.csv,yushuan0513workout,one_arm_db_row,87249,87695,446,0.7269
datasets/workout/yushuan0513workout/yushuan0513workout_whole_session_20260513_144737.csv,yushuan0513workout,one_arm_db_row,87695,87981,286,0.7901
datasets/workout/yushuan0513workout/yushuan0513workout_whole_session_20260513_144737.csv,yushuan0513workout,one_arm_db_row,124830,125056,226,0.5526
datasets/workout/yushuan0513workout/yushuan0513workout_whole_session_20260513_144737.csv,yushuan0513workout,one_arm_db_row,125056,125429,373,0.3598
datasets/workout/yushuan0513workout/yushuan0513workout_whole_session_20260513_144737.csv,yushuan0513workout,one_arm_db_row,125429,125788,359,0.3893
datasets/workout/yushuan0513workout/yushuan0513workout_whole_session_20260513_144737.csv,yushuan0513workout,one_arm_db_row,125788,126121,333,0.3387
datasets/workout/yushuan0513workout/yushuan0513workout_whole_session_20260513_144737.csv,yushuan0513workout,one_arm_db_row,126121,126452,331,0.3267
datasets/workout/yushuan0513workout/yushuan0513workout_whole_session_20260513_144737.csv,yushuan0513workout,one_arm_db_row,126452,126800,348,0.3702
datasets/workout/yushuan0513workout/yushuan0513workout_whole_session_20260513_144737.csv,yushuan0513workout,one_arm_db_row,126800,127155,355,0.3415
datasets/workout/yushuan0513workout/yushuan0513workout_whole_session_20260513_144737.csv,yushuan0513workout,one_arm_db_row,127155,127494,339,0.3365
datasets/workout/yushuan0513workout/yushuan0513workout_whole_session_20260513_144737.csv,yushuan0513workout,one_arm_db_row,127494,127805,311,0.3411
datasets/workout/yushuan0513workout/yushuan0513workout_whole_session_20260513_144737.csv,yushuan0513workout,one_arm_db_row,127805,128169,364,0.3489
datasets/workout/yushuan0513workout/yushuan0513workout_whole_session_20260513_144737.csv,yushuan0513workout,one_arm_db_row,128169,128518,349,0.3436
datasets/workout/yushuan0513workout/yushuan0513workout_whole_session_20260513_144737.csv,yushuan0513workout,one_arm_db_row,128518,129017,499,0.6613
datasets/workout/yushuan0513workout/yushuan0513workout_whole_session_20260513_144737.csv,yushuan0513workout,one_arm_db_row,144426,144834,408,0.6422
datasets/workout/yushuan0513workout/yushuan0513workout_whole_session_20260513_144737.csv,yushuan0513workout,one_arm_db_row,144834,145001,167,0.524
datasets/workout/yushuan0513workout/yushuan0513workout_whole_session_20260513_144737.csv,yushuan0513workout,one_arm_db_row,145001,145322,321,0.8735
datasets/workout/yushuan0513workout/yushuan0513workout_whole_session_20260513_144737.csv,yushuan0513workout,one_arm_db_row,145322,145626,304,0.8041
datasets/workout/yushuan0513workout/yushuan0513workout_whole_session_20260513_144737.csv,yushuan0513workout,one_arm_db_row,145626,145925,299,0.8811
datasets/workout/yushuan0513workout/yushuan0513workout_whole_session_20260513_144737.csv,yushuan0513workout,one_arm_db_row,145925,146212,287,0.9318
datasets/workout/yushuan0513workout/yushuan0513workout_whole_session_20260513_144737.csv,yushuan0513workout,one_arm_db_row,146212,146656,444,0.6441
datasets/workout/yushuan0513workout/yushuan0513workout_whole_session_20260513_144737.csv,yushuan0513workout,one_arm_db_row,146656,146834,178,0.5262
datasets/workout/yushuan0513workout/yushuan0513workout_whole_session_20260513_144737.csv,yushuan0513workout,one_arm_db_row,146834,147129,295,0.9609
datasets/workout/yushuan0513workout/yushuan0513workout_whole_session_20260513_144737.csv,yushuan0513workout,one_arm_db_row,147129,147434,305,0.9646
datasets/workout/yushuan0513workout/yushuan0513workout_whole_session_20260513_144737.csv,yushuan0513workout,one_arm_db_row,147434,147743,309,0.8641
datasets/workout/yushuan0513workout/yushuan0513workout_whole_session_20260513_144737.csv,yushuan0513workout,one_arm_db_row,147743,148023,280,0.8861
datasets/workout/ziho0512workout/ziho0512workout_whole_session_20260512_204157.csv,ziho0512workout,db_bench_press,118,360,242,0.5902
datasets/workout/ziho0512workout/ziho0512workout_whole_session_20260512_204157.csv,ziho0512workout,db_bench_press,360,664,304,0.3077
datasets/workout/ziho0512workout/ziho0512workout_whole_session_20260512_204157.csv,ziho0512workout,db_bench_press,664,949,285,0.3515
datasets/workout/ziho0512workout/ziho0512workout_whole_session_20260512_204157.csv,ziho0512workout,db_bench_press,949,1235,286,0.4042
datasets/workout/ziho0512workout/ziho0512workout_whole_session_20260512_204157.csv,ziho0512workout,db_bench_press,1235,1518,283,0.3264
datasets/workout/ziho0512workout/ziho0512workout_whole_session_20260512_204157.csv,ziho0512workout,db_bench_press,1518,1778,260,0.3716
datasets/workout/ziho0512workout/ziho0512workout_whole_session_20260512_204157.csv,ziho0512workout,db_bench_press,1778,2016,238,0.3668
datasets/workout/ziho0512workout/ziho0512workout_whole_session_20260512_204157.csv,ziho0512workout,db_bench_press,2016,2279,263,0.3458
datasets/workout/ziho0512workout/ziho0512workout_whole_session_20260512_204157.csv,ziho0512workout,db_bench_press,2279,2602,323,0.3266
datasets/workout/ziho0512workout/ziho0512workout_whole_session_20260512_204157.csv,ziho0512workout,db_bench_press,2602,3089,487,0.3338
datasets/workout/ziho0512workout/ziho0512workout_whole_session_20260512_204157.csv,ziho0512workout,db_bench_press,3089,3724,635,0.7056
datasets/workout/ziho0512workout/ziho0512workout_whole_session_20260512_204157.csv,ziho0512workout,db_bench_press,9210,9459,249,0.9727
datasets/workout/ziho0512workout/ziho0512workout_whole_session_20260512_204157.csv,ziho0512workout,db_bench_press,9459,9793,334,0.9506
datasets/workout/ziho0512workout/ziho0512workout_whole_session_20260512_204157.csv,ziho0512workout,db_bench_press,9793,10089,296,0.9167
datasets/workout/ziho0512workout/ziho0512workout_whole_session_20260512_204157.csv,ziho0512workout,db_bench_press,10089,10405,316,0.9367
datasets/workout/ziho0512workout/ziho0512workout_whole_session_20260512_204157.csv,ziho0512workout,db_bench_press,10405,10689,284,0.9757
datasets/workout/ziho0512workout/ziho0512workout_whole_session_20260512_204157.csv,ziho0512workout,db_bench_press,10689,10981,292,0.9574
datasets/workout/ziho0512workout/ziho0512workout_whole_session_20260512_204157.csv,ziho0512workout,db_bench_press,10981,11317,336,0.8363
datasets/workout/ziho0512workout/ziho0512workout_whole_session_20260512_204157.csv,ziho0512workout,db_bench_press,11317,11567,250,0.8278
datasets/workout/ziho0512workout/ziho0512workout_whole_session_20260512_204157.csv,ziho0512workout,db_bench_press,11567,11843,276,0.8937
datasets/workout/ziho0512workout/ziho0512workout_whole_session_20260512_204157.csv,ziho0512workout,db_bench_press,11843,12154,311,0.8148
datasets/workout/ziho0512workout/ziho0512workout_whole_session_20260512_204157.csv,ziho0512workout,db_bench_press,12154,12473,319,0.8304
datasets/workout/ziho0512workout/ziho0512workout_whole_session_20260512_204157.csv,ziho0512workout,db_bench_press,12473,12771,298,0.9398
datasets/workout/ziho0512workout/ziho0512workout_whole_session_20260512_204157.csv,ziho0512workout,db_bench_press,12771,13118,347,0.9665
datasets/workout/ziho0512workout/ziho0512workout_whole_session_20260512_204157.csv,ziho0512workout,db_bench_press,13118,13420,302,0.9636
datasets/workout/ziho0512workout/ziho0512workout_whole_session_20260512_204157.csv,ziho0512workout,db_bench_press,21762,22119,357,0.6891
datasets/workout/ziho0512workout/ziho0512workout_whole_session_20260512_204157.csv,ziho0512workout,db_bench_press,22119,22464,345,0.511
datasets/workout/ziho0512workout/ziho0512workout_whole_session_20260512_204157.csv,ziho0512workout,db_bench_press,22464,22759,295,0.3636
datasets/workout/ziho0512workout/ziho0512workout_whole_session_20260512_204157.csv,ziho0512workout,db_bench_press,22759,23081,322,0.4115
datasets/workout/ziho0512workout/ziho0512workout_whole_session_20260512_204157.csv,ziho0512workout,db_bench_press,23081,23427,346,0.4295
datasets/workout/ziho0512workout/ziho0512workout_whole_session_20260512_204157.csv,ziho0512workout,db_bench_press,23427,23727,300,0.448
datasets/workout/ziho0512workout/ziho0512workout_whole_session_20260512_204157.csv,ziho0512workout,db_bench_press,23727,24028,301,0.4739
datasets/workout/ziho0512workout/ziho0512workout_whole_session_20260512_204157.csv,ziho0512workout,db_bench_press,24028,24424,396,0.4545
datasets/workout/ziho0512workout/ziho0512workout_whole_session_20260512_204157.csv,ziho0512workout,db_bench_press,24424,24802,378,0.3915
datasets/workout/ziho0512workout/ziho0512workout_whole_session_20260512_204157.csv,ziho0512workout,db_bench_press,24802,25107,305,0.3851
datasets/workout/ziho0512workout/ziho0512workout_whole_session_20260512_204157.csv,ziho0512workout,db_bench_press,25107,25489,382,0.3854
datasets/workout/ziho0512workout/ziho0512workout_whole_session_20260512_204157.csv,ziho0512workout,db_bench_press,25489,25686,197,0.513
datasets/workout/ziho0512workout/ziho0512workout_whole_session_20260512_204157.csv,ziho0512workout,db_bench_press,33400,33692,292,0.8875
datasets/workout/ziho0512workout/ziho0512workout_whole_session_20260512_204157.csv,ziho0512workout,db_bench_press,33692,34055,363,0.8534
datasets/workout/ziho0512workout/ziho0512workout_whole_session_20260512_204157.csv,ziho0512workout,db_bench_press,34055,34394,339,0.9412
datasets/workout/ziho0512workout/ziho0512workout_whole_session_20260512_204157.csv,ziho0512workout,db_bench_press,34394,34711,317,0.8876
datasets/workout/ziho0512workout/ziho0512workout_whole_session_20260512_204157.csv,ziho0512workout,db_bench_press,34711,35099,388,0.8554
datasets/workout/ziho0512workout/ziho0512workout_whole_session_20260512_204157.csv,ziho0512workout,db_bench_press,35099,35451,352,0.8997
datasets/workout/ziho0512workout/ziho0512workout_whole_session_20260512_204157.csv,ziho0512workout,db_bench_press,35451,35824,373,0.89
datasets/workout/ziho0512workout/ziho0512workout_whole_session_20260512_204157.csv,ziho0512workout,db_bench_press,35824,36159,335,0.8213
datasets/workout/ziho0512workout/ziho0512workout_whole_session_20260512_204157.csv,ziho0512workout,db_bench_press,36159,36571,412,0.9029
datasets/workout/ziho0512workout/ziho0512workout_whole_session_20260512_204157.csv,ziho0512workout,db_biceps_curl,339943,340349,406,0.936
datasets/workout/ziho0512workout/ziho0512workout_whole_session_20260512_204157.csv,ziho0512workout,db_biceps_curl,340349,340709,360,0.9249
datasets/workout/ziho0512workout/ziho0512workout_whole_session_20260512_204157.csv,ziho0512workout,db_biceps_curl,340709,341078,369,0.9597
datasets/workout/ziho0512workout/ziho0512workout_whole_session_20260512_204157.csv,ziho0512workout,db_biceps_curl,341078,341416,338,0.9029
datasets/workout/ziho0512workout/ziho0512workout_whole_session_20260512_204157.csv,ziho0512workout,db_biceps_curl,341416,341714,298,0.85
datasets/workout/ziho0512workout/ziho0512workout_whole_session_20260512_204157.csv,ziho0512workout,db_biceps_curl,341714,342052,338,0.9011
datasets/workout/ziho0512workout/ziho0512workout_whole_session_20260512_204157.csv,ziho0512workout,db_biceps_curl,342052,342422,370,0.8789
datasets/workout/ziho0512workout/ziho0512workout_whole_session_20260512_204157.csv,ziho0512workout,db_biceps_curl,342422,342804,382,0.7847
datasets/workout/ziho0512workout/ziho0512workout_whole_session_20260512_204157.csv,ziho0512workout,db_biceps_curl,342804,343205,401,0.8066
datasets/workout/ziho0512workout/ziho0512workout_whole_session_20260512_204157.csv,ziho0512workout,db_biceps_curl,343205,343575,370,0.8292
datasets/workout/ziho0512workout/ziho0512workout_whole_session_20260512_204157.csv,ziho0512workout,db_biceps_curl,343575,343951,376,0.8759
datasets/workout/ziho0512workout/ziho0512workout_whole_session_20260512_204157.csv,ziho0512workout,db_biceps_curl,343951,344330,379,0.9595
datasets/workout/ziho0512workout/ziho0512workout_whole_session_20260512_204157.csv,ziho0512workout,db_biceps_curl,352875,353260,385,0.987
datasets/workout/ziho0512workout/ziho0512workout_whole_session_20260512_204157.csv,ziho0512workout,db_biceps_curl,353260,353595,335,0.9059
datasets/workout/ziho0512workout/ziho0512workout_whole_session_20260512_204157.csv,ziho0512workout,db_biceps_curl,353595,353995,400,0.8829
datasets/workout/ziho0512workout/ziho0512workout_whole_session_20260512_204157.csv,ziho0512workout,db_biceps_curl,353995,354358,363,0.9052
datasets/workout/ziho0512workout/ziho0512workout_whole_session_20260512_204157.csv,ziho0512workout,db_biceps_curl,354358,354730,372,0.9321
datasets/workout/ziho0512workout/ziho0512workout_whole_session_20260512_204157.csv,ziho0512workout,db_biceps_curl,354730,355147,417,0.9621
datasets/workout/ziho0512workout/ziho0512workout_whole_session_20260512_204157.csv,ziho0512workout,db_biceps_curl,355147,355542,395,0.8582
datasets/workout/ziho0512workout/ziho0512workout_whole_session_20260512_204157.csv,ziho0512workout,db_biceps_curl,355542,355873,331,0.8487
datasets/workout/ziho0512workout/ziho0512workout_whole_session_20260512_204157.csv,ziho0512workout,db_biceps_curl,355873,356287,414,0.969
datasets/workout/ziho0512workout/ziho0512workout_whole_session_20260512_204157.csv,ziho0512workout,db_biceps_curl,356287,356671,384,0.9688
datasets/workout/ziho0512workout/ziho0512workout_whole_session_20260512_204157.csv,ziho0512workout,db_biceps_curl,356671,357079,408,0.9735
datasets/workout/ziho0512workout/ziho0512workout_whole_session_20260512_204157.csv,ziho0512workout,db_biceps_curl,357079,357443,364,0.9891
datasets/workout/ziho0512workout/ziho0512workout_whole_session_20260512_204157.csv,ziho0512workout,db_biceps_curl,366969,367305,336,0.9359
datasets/workout/ziho0512workout/ziho0512workout_whole_session_20260512_204157.csv,ziho0512workout,db_biceps_curl,367305,367671,366,0.884
datasets/workout/ziho0512workout/ziho0512workout_whole_session_20260512_204157.csv,ziho0512workout,db_biceps_curl,367671,368012,341,0.9114
datasets/workout/ziho0512workout/ziho0512workout_whole_session_20260512_204157.csv,ziho0512workout,db_biceps_curl,368012,368402,390,0.9385
datasets/workout/ziho0512workout/ziho0512workout_whole_session_20260512_204157.csv,ziho0512workout,db_biceps_curl,368402,368729,327,0.8596
datasets/workout/ziho0512workout/ziho0512workout_whole_session_20260512_204157.csv,ziho0512workout,db_biceps_curl,368729,369119,390,0.8865
datasets/workout/ziho0512workout/ziho0512workout_whole_session_20260512_204157.csv,ziho0512workout,db_biceps_curl,369119,369527,408,0.8913
datasets/workout/ziho0512workout/ziho0512workout_whole_session_20260512_204157.csv,ziho0512workout,db_biceps_curl,369527,369890,363,0.8807
datasets/workout/ziho0512workout/ziho0512workout_whole_session_20260512_204157.csv,ziho0512workout,db_biceps_curl,369890,370244,354,0.8784
datasets/workout/ziho0512workout/ziho0512workout_whole_session_20260512_204157.csv,ziho0512workout,db_biceps_curl,370244,370558,314,0.882
datasets/workout/ziho0512workout/ziho0512workout_whole_session_20260512_204157.csv,ziho0512workout,db_biceps_curl,370558,370930,372,0.9301
datasets/workout/ziho0512workout/ziho0512workout_whole_session_20260512_204157.csv,ziho0512workout,db_biceps_curl,370930,371251,321,0.9564
datasets/workout/ziho0512workout/ziho0512workout_whole_session_20260512_204157.csv,ziho0512workout,db_rdl,165362,165670,308,0.7817
datasets/workout/ziho0512workout/ziho0512workout_whole_session_20260512_204157.csv,ziho0512workout,db_rdl,165670,166417,747,0.5234
datasets/workout/ziho0512workout/ziho0512workout_whole_session_20260512_204157.csv,ziho0512workout,db_rdl,166417,167095,678,0.5531
datasets/workout/ziho0512workout/ziho0512workout_whole_session_20260512_204157.csv,ziho0512workout,db_rdl,167095,167914,819,0.4274
datasets/workout/ziho0512workout/ziho0512workout_whole_session_20260512_204157.csv,ziho0512workout,db_rdl,167914,168453,539,0.5052
datasets/workout/ziho0512workout/ziho0512workout_whole_session_20260512_204157.csv,ziho0512workout,db_rdl,168453,169505,1052,0.3622
datasets/workout/ziho0512workout/ziho0512workout_whole_session_20260512_204157.csv,ziho0512workout,db_rdl,182230,182465,235,0.7781
datasets/workout/ziho0512workout/ziho0512workout_whole_session_20260512_204157.csv,ziho0512workout,db_rdl,182465,182870,405,0.8346
datasets/workout/ziho0512workout/ziho0512workout_whole_session_20260512_204157.csv,ziho0512workout,db_rdl,184572,184856,284,0.6092
datasets/workout/ziho0512workout/ziho0512workout_whole_session_20260512_204157.csv,ziho0512workout,db_rdl,184856,185085,229,0.5353
datasets/workout/ziho0512workout/ziho0512workout_whole_session_20260512_204157.csv,ziho0512workout,db_rdl,185085,185387,302,0.6476
datasets/workout/ziho0512workout/ziho0512workout_whole_session_20260512_204157.csv,ziho0512workout,db_rdl,185387,185692,305,0.4961
datasets/workout/ziho0512workout/ziho0512workout_whole_session_20260512_204157.csv,ziho0512workout,db_rdl,185692,185985,293,0.599
datasets/workout/ziho0512workout/ziho0512workout_whole_session_20260512_204157.csv,ziho0512workout,db_rdl,185985,186261,276,0.642
datasets/workout/ziho0512workout/ziho0512workout_whole_session_20260512_204157.csv,ziho0512workout,db_rdl,186261,186587,326,0.4797
datasets/workout/ziho0512workout/ziho0512workout_whole_session_20260512_204157.csv,ziho0512workout,db_rdl,186587,186840,253,0.359
datasets/workout/ziho0512workout/ziho0512workout_whole_session_20260512_204157.csv,ziho0512workout,db_rdl,186840,187169,329,0.5362
datasets/workout/ziho0512workout/ziho0512workout_whole_session_20260512_204157.csv,ziho0512workout,db_rdl,187169,187544,375,0.4133
datasets/workout/ziho0512workout/ziho0512workout_whole_session_20260512_204157.csv,ziho0512workout,db_rdl,187544,187741,197,0.3144
datasets/workout/ziho0512workout/ziho0512workout_whole_session_20260512_204157.csv,ziho0512workout,db_rdl,187741,187948,207,0.6198
datasets/workout/ziho0512workout/ziho0512workout_whole_session_20260512_204157.csv,ziho0512workout,db_rdl,195795,196016,221,0.6697
datasets/workout/ziho0512workout/ziho0512workout_whole_session_20260512_204157.csv,ziho0512workout,db_rdl,196016,196468,452,0.7058
datasets/workout/ziho0512workout/ziho0512workout_whole_session_20260512_204157.csv,ziho0512workout,db_rdl,196468,196669,201,0.6814
datasets/workout/ziho0512workout/ziho0512workout_whole_session_20260512_204157.csv,ziho0512workout,db_rdl,196669,197032,363,0.7325
datasets/workout/ziho0512workout/ziho0512workout_whole_session_20260512_204157.csv,ziho0512workout,db_rdl,197032,197548,516,0.6008
datasets/workout/ziho0512workout/ziho0512workout_whole_session_20260512_204157.csv,ziho0512workout,db_rdl,197548,197854,306,0.4963
datasets/workout/ziho0512workout/ziho0512workout_whole_session_20260512_204157.csv,ziho0512workout,db_rdl,197854,198173,319,0.5773
datasets/workout/ziho0512workout/ziho0512workout_whole_session_20260512_204157.csv,ziho0512workout,db_rdl,198173,198421,248,0.5424
datasets/workout/ziho0512workout/ziho0512workout_whole_session_20260512_204157.csv,ziho0512workout,db_rdl,198421,198725,304,0.5441
datasets/workout/ziho0512workout/ziho0512workout_whole_session_20260512_204157.csv,ziho0512workout,db_rdl,198725,199044,319,0.5429
datasets/workout/ziho0512workout/ziho0512workout_whole_session_20260512_204157.csv,ziho0512workout,db_rdl,199044,199442,398,0.8065
datasets/workout/ziho0512workout/ziho0512workout_whole_session_20260512_204157.csv,ziho0512workout,db_shoulder_press,281528,281912,384,0.9974
datasets/workout/ziho0512workout/ziho0512workout_whole_session_20260512_204157.csv,ziho0512workout,db_shoulder_press,281912,282329,417,0.8777
datasets/workout/ziho0512workout/ziho0512workout_whole_session_20260512_204157.csv,ziho0512workout,db_shoulder_press,282329,282717,388,0.7671
datasets/workout/ziho0512workout/ziho0512workout_whole_session_20260512_204157.csv,ziho0512workout,db_shoulder_press,282717,283064,347,0.807
datasets/workout/ziho0512workout/ziho0512workout_whole_session_20260512_204157.csv,ziho0512workout,db_shoulder_press,283064,283392,328,0.8325
datasets/workout/ziho0512workout/ziho0512workout_whole_session_20260512_204157.csv,ziho0512workout,db_shoulder_press,283392,283699,307,0.7847
datasets/workout/ziho0512workout/ziho0512workout_whole_session_20260512_204157.csv,ziho0512workout,db_shoulder_press,283699,283973,274,0.7055
datasets/workout/ziho0512workout/ziho0512workout_whole_session_20260512_204157.csv,ziho0512workout,db_shoulder_press,283973,284314,341,0.7391
datasets/workout/ziho0512workout/ziho0512workout_whole_session_20260512_204157.csv,ziho0512workout,db_shoulder_press,284314,284620,306,0.8611
datasets/workout/ziho0512workout/ziho0512workout_whole_session_20260512_204157.csv,ziho0512workout,db_shoulder_press,284620,284978,358,0.9366
datasets/workout/ziho0512workout/ziho0512workout_whole_session_20260512_204157.csv,ziho0512workout,db_shoulder_press,284978,285247,269,0.9814
datasets/workout/ziho0512workout/ziho0512workout_whole_session_20260512_204157.csv,ziho0512workout,db_shoulder_press,301737,302016,279,0.9104
datasets/workout/ziho0512workout/ziho0512workout_whole_session_20260512_204157.csv,ziho0512workout,db_shoulder_press,302016,302376,360,0.7844
datasets/workout/ziho0512workout/ziho0512workout_whole_session_20260512_204157.csv,ziho0512workout,db_shoulder_press,302376,302741,365,0.6548
datasets/workout/ziho0512workout/ziho0512workout_whole_session_20260512_204157.csv,ziho0512workout,db_shoulder_press,302741,303087,346,0.4421
datasets/workout/ziho0512workout/ziho0512workout_whole_session_20260512_204157.csv,ziho0512workout,db_shoulder_press,303087,303434,347,0.5418
datasets/workout/ziho0512workout/ziho0512workout_whole_session_20260512_204157.csv,ziho0512workout,db_shoulder_press,303434,303761,327,0.8907
datasets/workout/ziho0512workout/ziho0512workout_whole_session_20260512_204157.csv,ziho0512workout,db_shoulder_press,303761,304114,353,0.8701
datasets/workout/ziho0512workout/ziho0512workout_whole_session_20260512_204157.csv,ziho0512workout,db_shoulder_press,304114,304425,311,0.8736
datasets/workout/ziho0512workout/ziho0512workout_whole_session_20260512_204157.csv,ziho0512workout,db_shoulder_press,304425,304743,318,0.9434
datasets/workout/ziho0512workout/ziho0512workout_whole_session_20260512_204157.csv,ziho0512workout,db_shoulder_press,304743,304898,155,0.896
datasets/workout/ziho0512workout/ziho0512workout_whole_session_20260512_204157.csv,ziho0512workout,db_shoulder_press,317667,318132,465,0.5892
datasets/workout/ziho0512workout/ziho0512workout_whole_session_20260512_204157.csv,ziho0512workout,db_shoulder_press,318132,318376,244,0.3379
datasets/workout/ziho0512workout/ziho0512workout_whole_session_20260512_204157.csv,ziho0512workout,db_shoulder_press,318376,318711,335,0.4213
datasets/workout/ziho0512workout/ziho0512workout_whole_session_20260512_204157.csv,ziho0512workout,db_shoulder_press,318711,319033,322,0.3263
datasets/workout/ziho0512workout/ziho0512workout_whole_session_20260512_204157.csv,ziho0512workout,db_shoulder_press,319033,319358,325,0.3882
datasets/workout/ziho0512workout/ziho0512workout_whole_session_20260512_204157.csv,ziho0512workout,db_shoulder_press,319358,319657,299,0.4596
datasets/workout/ziho0512workout/ziho0512workout_whole_session_20260512_204157.csv,ziho0512workout,db_shoulder_press,319657,320041,384,0.4277
datasets/workout/ziho0512workout/ziho0512workout_whole_session_20260512_204157.csv,ziho0512workout,db_shoulder_press,320041,320323,282,0.4397
datasets/workout/ziho0512workout/ziho0512workout_whole_session_20260512_204157.csv,ziho0512workout,db_squat,466586,466755,169,0.6576
datasets/workout/ziho0512workout/ziho0512workout_whole_session_20260512_204157.csv,ziho0512workout,db_squat,466755,466988,233,0.3258
datasets/workout/ziho0512workout/ziho0512workout_whole_session_20260512_204157.csv,ziho0512workout,db_squat,466988,467254,266,0.5158
datasets/workout/ziho0512workout/ziho0512workout_whole_session_20260512_204157.csv,ziho0512workout,db_squat,467254,467628,374,0.6659
datasets/workout/ziho0512workout/ziho0512workout_whole_session_20260512_204157.csv,ziho0512workout,db_squat,467628,468216,588,0.4801
datasets/workout/ziho0512workout/ziho0512workout_whole_session_20260512_204157.csv,ziho0512workout,db_squat,468216,468571,355,0.4218
datasets/workout/ziho0512workout/ziho0512workout_whole_session_20260512_204157.csv,ziho0512workout,db_squat,468571,468789,218,0.3097
datasets/workout/ziho0512workout/ziho0512workout_whole_session_20260512_204157.csv,ziho0512workout,db_squat,468789,469113,324,0.5036
datasets/workout/ziho0512workout/ziho0512workout_whole_session_20260512_204157.csv,ziho0512workout,db_squat,469113,469573,460,0.4506
datasets/workout/ziho0512workout/ziho0512workout_whole_session_20260512_204157.csv,ziho0512workout,db_squat,469573,469901,328,0.409
datasets/workout/ziho0512workout/ziho0512workout_whole_session_20260512_204157.csv,ziho0512workout,db_squat,469901,470179,278,0.388
datasets/workout/ziho0512workout/ziho0512workout_whole_session_20260512_204157.csv,ziho0512workout,db_squat,470179,470440,261,0.4751
datasets/workout/ziho0512workout/ziho0512workout_whole_session_20260512_204157.csv,ziho0512workout,db_squat,479026,479337,311,0.8328
datasets/workout/ziho0512workout/ziho0512workout_whole_session_20260512_204157.csv,ziho0512workout,db_squat,479337,479525,188,0.5663
datasets/workout/ziho0512workout/ziho0512workout_whole_session_20260512_204157.csv,ziho0512workout,db_squat,479525,479965,440,0.7205
datasets/workout/ziho0512workout/ziho0512workout_whole_session_20260512_204157.csv,ziho0512workout,db_squat,479965,480280,315,0.6561
datasets/workout/ziho0512workout/ziho0512workout_whole_session_20260512_204157.csv,ziho0512workout,db_squat,480280,480576,296,0.5755
datasets/workout/ziho0512workout/ziho0512workout_whole_session_20260512_204157.csv,ziho0512workout,db_squat,480576,480886,310,0.6182
datasets/workout/ziho0512workout/ziho0512workout_whole_session_20260512_204157.csv,ziho0512workout,db_squat,480886,481186,300,0.7204
datasets/workout/ziho0512workout/ziho0512workout_whole_session_20260512_204157.csv,ziho0512workout,db_squat,481186,481550,364,0.7071
datasets/workout/ziho0512workout/ziho0512workout_whole_session_20260512_204157.csv,ziho0512workout,db_squat,481550,481869,319,0.5757
datasets/workout/ziho0512workout/ziho0512workout_whole_session_20260512_204157.csv,ziho0512workout,db_squat,481869,482233,364,0.5166
datasets/workout/ziho0512workout/ziho0512workout_whole_session_20260512_204157.csv,ziho0512workout,db_squat,482233,482544,311,0.629
datasets/workout/ziho0512workout/ziho0512workout_whole_session_20260512_204157.csv,ziho0512workout,db_squat,482544,482799,255,0.8854
datasets/workout/ziho0512workout/ziho0512workout_whole_session_20260512_204157.csv,ziho0512workout,db_squat,492489,492975,486,0.537
datasets/workout/ziho0512workout/ziho0512workout_whole_session_20260512_204157.csv,ziho0512workout,db_squat,492975,493147,172,0.3048
datasets/workout/ziho0512workout/ziho0512workout_whole_session_20260512_204157.csv,ziho0512workout,db_squat,493147,493435,288,0.6549
datasets/workout/ziho0512workout/ziho0512workout_whole_session_20260512_204157.csv,ziho0512workout,db_squat,493435,493902,467,0.4559
datasets/workout/ziho0512workout/ziho0512workout_whole_session_20260512_204157.csv,ziho0512workout,db_squat,493902,494107,205,0.2611
datasets/workout/ziho0512workout/ziho0512workout_whole_session_20260512_204157.csv,ziho0512workout,db_squat,494107,494435,328,0.658
datasets/workout/ziho0512workout/ziho0512workout_whole_session_20260512_204157.csv,ziho0512workout,db_squat,494435,494910,475,0.4848
datasets/workout/ziho0512workout/ziho0512workout_whole_session_20260512_204157.csv,ziho0512workout,db_squat,494910,495175,265,0.4621
datasets/workout/ziho0512workout/ziho0512workout_whole_session_20260512_204157.csv,ziho0512workout,db_squat,495175,495509,334,0.4511
datasets/workout/ziho0512workout/ziho0512workout_whole_session_20260512_204157.csv,ziho0512workout,db_squat,495509,495883,374,0.567
datasets/workout/ziho0512workout/ziho0512workout_whole_session_20260512_204157.csv,ziho0512workout,db_squat,495883,496074,191,0.2494
datasets/workout/ziho0512workout/ziho0512workout_whole_session_20260512_204157.csv,ziho0512workout,db_squat,496074,496324,250,0.6944
datasets/workout/ziho0512workout/ziho0512workout_whole_session_20260512_204157.csv,ziho0512workout,db_triceps_curl,399360,399680,320,0.9031
datasets/workout/ziho0512workout/ziho0512workout_whole_session_20260512_204157.csv,ziho0512workout,db_triceps_curl,399680,400036,356,0.7132
datasets/workout/ziho0512workout/ziho0512workout_whole_session_20260512_204157.csv,ziho0512workout,db_triceps_curl,400036,400223,187,0.4987
datasets/workout/ziho0512workout/ziho0512workout_whole_session_20260512_204157.csv,ziho0512workout,db_triceps_curl,400223,400562,339,0.5214
datasets/workout/ziho0512workout/ziho0512workout_whole_session_20260512_204157.csv,ziho0512workout,db_triceps_curl,400562,400898,336,0.5472
datasets/workout/ziho0512workout/ziho0512workout_whole_session_20260512_204157.csv,ziho0512workout,db_triceps_curl,400898,401275,377,0.6136
datasets/workout/ziho0512workout/ziho0512workout_whole_session_20260512_204157.csv,ziho0512workout,db_triceps_curl,401275,401771,496,0.744
datasets/workout/ziho0512workout/ziho0512workout_whole_session_20260512_204157.csv,ziho0512workout,db_triceps_curl,401771,401946,175,0.5352
datasets/workout/ziho0512workout/ziho0512workout_whole_session_20260512_204157.csv,ziho0512workout,db_triceps_curl,401946,402439,493,0.6531
datasets/workout/ziho0512workout/ziho0512workout_whole_session_20260512_204157.csv,ziho0512workout,db_triceps_curl,402439,402750,311,0.7686
datasets/workout/ziho0512workout/ziho0512workout_whole_session_20260512_204157.csv,ziho0512workout,db_triceps_curl,402750,403087,337,0.7073
datasets/workout/ziho0512workout/ziho0512workout_whole_session_20260512_204157.csv,ziho0512workout,db_triceps_curl,403087,403366,279,0.7859
datasets/workout/ziho0512workout/ziho0512workout_whole_session_20260512_204157.csv,ziho0512workout,db_triceps_curl,415560,415739,179,0.7247
datasets/workout/ziho0512workout/ziho0512workout_whole_session_20260512_204157.csv,ziho0512workout,db_triceps_curl,415739,416192,453,0.6843
datasets/workout/ziho0512workout/ziho0512workout_whole_session_20260512_204157.csv,ziho0512workout,db_triceps_curl,416192,416584,392,0.5846
datasets/workout/ziho0512workout/ziho0512workout_whole_session_20260512_204157.csv,ziho0512workout,db_triceps_curl,416584,416914,330,0.6748
datasets/workout/ziho0512workout/ziho0512workout_whole_session_20260512_204157.csv,ziho0512workout,db_triceps_curl,416914,417239,325,0.7926
datasets/workout/ziho0512workout/ziho0512workout_whole_session_20260512_204157.csv,ziho0512workout,db_triceps_curl,417239,417432,193,0.5866
datasets/workout/ziho0512workout/ziho0512workout_whole_session_20260512_204157.csv,ziho0512workout,db_triceps_curl,417432,417961,529,0.6692
datasets/workout/ziho0512workout/ziho0512workout_whole_session_20260512_204157.csv,ziho0512workout,db_triceps_curl,417961,418166,205,0.4745
datasets/workout/ziho0512workout/ziho0512workout_whole_session_20260512_204157.csv,ziho0512workout,db_triceps_curl,418166,418769,603,0.6136
datasets/workout/ziho0512workout/ziho0512workout_whole_session_20260512_204157.csv,ziho0512workout,db_triceps_curl,418769,418980,211,0.5877
datasets/workout/ziho0512workout/ziho0512workout_whole_session_20260512_204157.csv,ziho0512workout,db_triceps_curl,418980,419483,503,0.7396
datasets/workout/ziho0512workout/ziho0512workout_whole_session_20260512_204157.csv,ziho0512workout,db_triceps_curl,419483,419850,367,0.8322
datasets/workout/ziho0512workout/ziho0512workout_whole_session_20260512_204157.csv,ziho0512workout,db_triceps_curl,427625,427898,273,0.9084
datasets/workout/ziho0512workout/ziho0512workout_whole_session_20260512_204157.csv,ziho0512workout,db_triceps_curl,427898,428349,451,0.5462
datasets/workout/ziho0512workout/ziho0512workout_whole_session_20260512_204157.csv,ziho0512workout,db_triceps_curl,428349,428640,291,0.4896
datasets/workout/ziho0512workout/ziho0512workout_whole_session_20260512_204157.csv,ziho0512workout,db_triceps_curl,428640,428950,310,0.4767
datasets/workout/ziho0512workout/ziho0512workout_whole_session_20260512_204157.csv,ziho0512workout,db_triceps_curl,428950,429274,324,0.4645
datasets/workout/ziho0512workout/ziho0512workout_whole_session_20260512_204157.csv,ziho0512workout,db_triceps_curl,429274,429579,305,0.6088
datasets/workout/ziho0512workout/ziho0512workout_whole_session_20260512_204157.csv,ziho0512workout,db_triceps_curl,429579,429886,307,0.542
datasets/workout/ziho0512workout/ziho0512workout_whole_session_20260512_204157.csv,ziho0512workout,db_triceps_curl,429886,430199,313,0.481
datasets/workout/ziho0512workout/ziho0512workout_whole_session_20260512_204157.csv,ziho0512workout,db_triceps_curl,430199,430520,321,0.4965
datasets/workout/ziho0512workout/ziho0512workout_whole_session_20260512_204157.csv,ziho0512workout,db_triceps_curl,430520,430899,379,0.5948
datasets/workout/ziho0512workout/ziho0512workout_whole_session_20260512_204157.csv,ziho0512workout,db_triceps_curl,430899,431205,306,0.4934
datasets/workout/ziho0512workout/ziho0512workout_whole_session_20260512_204157.csv,ziho0512workout,db_triceps_curl,431205,431357,152,0.4021
datasets/workout/ziho0512workout/ziho0512workout_whole_session_20260512_204157.csv,ziho0512workout,db_weighted_crunch,218748,219189,441,0.8118
datasets/workout/ziho0512workout/ziho0512workout_whole_session_20260512_204157.csv,ziho0512workout,db_weighted_crunch,219189,219663,474,0.6571
datasets/workout/ziho0512workout/ziho0512workout_whole_session_20260512_204157.csv,ziho0512workout,db_weighted_crunch,219663,220026,363,0.5414
datasets/workout/ziho0512workout/ziho0512workout_whole_session_20260512_204157.csv,ziho0512workout,db_weighted_crunch,220026,220432,406,0.5953
datasets/workout/ziho0512workout/ziho0512workout_whole_session_20260512_204157.csv,ziho0512workout,db_weighted_crunch,220432,220634,202,0.5233
datasets/workout/ziho0512workout/ziho0512workout_whole_session_20260512_204157.csv,ziho0512workout,db_weighted_crunch,220634,221170,536,0.7388
datasets/workout/ziho0512workout/ziho0512workout_whole_session_20260512_204157.csv,ziho0512workout,db_weighted_crunch,221170,221567,397,0.6932
datasets/workout/ziho0512workout/ziho0512workout_whole_session_20260512_204157.csv,ziho0512workout,db_weighted_crunch,221567,222009,442,0.6286
datasets/workout/ziho0512workout/ziho0512workout_whole_session_20260512_204157.csv,ziho0512workout,db_weighted_crunch,222009,222401,392,0.619
datasets/workout/ziho0512workout/ziho0512workout_whole_session_20260512_204157.csv,ziho0512workout,db_weighted_crunch,222401,222795,394,0.6139
datasets/workout/ziho0512workout/ziho0512workout_whole_session_20260512_204157.csv,ziho0512workout,db_weighted_crunch,222795,223187,392,0.5616
datasets/workout/ziho0512workout/ziho0512workout_whole_session_20260512_204157.csv,ziho0512workout,db_weighted_crunch,223187,223451,264,0.6984
datasets/workout/ziho0512workout/ziho0512workout_whole_session_20260512_204157.csv,ziho0512workout,db_weighted_crunch,230471,230698,227,0.7747
datasets/workout/ziho0512workout/ziho0512workout_whole_session_20260512_204157.csv,ziho0512workout,db_weighted_crunch,230698,231073,375,0.6821
datasets/workout/ziho0512workout/ziho0512workout_whole_session_20260512_204157.csv,ziho0512workout,db_weighted_crunch,231073,231457,384,0.6483
datasets/workout/ziho0512workout/ziho0512workout_whole_session_20260512_204157.csv,ziho0512workout,db_weighted_crunch,231457,231865,408,0.6312
datasets/workout/ziho0512workout/ziho0512workout_whole_session_20260512_204157.csv,ziho0512workout,db_weighted_crunch,231865,232430,565,0.6796
datasets/workout/ziho0512workout/ziho0512workout_whole_session_20260512_204157.csv,ziho0512workout,db_weighted_crunch,232430,232773,343,0.6376
datasets/workout/ziho0512workout/ziho0512workout_whole_session_20260512_204157.csv,ziho0512workout,db_weighted_crunch,232773,233162,389,0.7007
datasets/workout/ziho0512workout/ziho0512workout_whole_session_20260512_204157.csv,ziho0512workout,db_weighted_crunch,233162,233521,359,0.7153
datasets/workout/ziho0512workout/ziho0512workout_whole_session_20260512_204157.csv,ziho0512workout,db_weighted_crunch,233521,233758,237,0.6676
datasets/workout/ziho0512workout/ziho0512workout_whole_session_20260512_204157.csv,ziho0512workout,db_weighted_crunch,233758,234110,352,0.6494
datasets/workout/ziho0512workout/ziho0512workout_whole_session_20260512_204157.csv,ziho0512workout,db_weighted_crunch,234110,234492,382,0.57
datasets/workout/ziho0512workout/ziho0512workout_whole_session_20260512_204157.csv,ziho0512workout,db_weighted_crunch,234492,235067,575,0.7826
datasets/workout/ziho0512workout/ziho0512workout_whole_session_20260512_204157.csv,ziho0512workout,db_weighted_crunch,243909,244117,208,0.7298
datasets/workout/ziho0512workout/ziho0512workout_whole_session_20260512_204157.csv,ziho0512workout,db_weighted_crunch,244117,244666,549,0.6485
datasets/workout/ziho0512workout/ziho0512workout_whole_session_20260512_204157.csv,ziho0512workout,db_weighted_crunch,244666,245039,373,0.6258
datasets/workout/ziho0512workout/ziho0512workout_whole_session_20260512_204157.csv,ziho0512workout,db_weighted_crunch,245039,245483,444,0.6693
datasets/workout/ziho0512workout/ziho0512workout_whole_session_20260512_204157.csv,ziho0512workout,db_weighted_crunch,245483,245874,391,0.641
datasets/workout/ziho0512workout/ziho0512workout_whole_session_20260512_204157.csv,ziho0512workout,db_weighted_crunch,245874,246270,396,0.6072
datasets/workout/ziho0512workout/ziho0512workout_whole_session_20260512_204157.csv,ziho0512workout,db_weighted_crunch,246270,246657,387,0.5292
datasets/workout/ziho0512workout/ziho0512workout_whole_session_20260512_204157.csv,ziho0512workout,db_weighted_crunch,246657,246988,331,0.589
datasets/workout/ziho0512workout/ziho0512workout_whole_session_20260512_204157.csv,ziho0512workout,db_weighted_crunch,246988,247408,420,0.6294
datasets/workout/ziho0512workout/ziho0512workout_whole_session_20260512_204157.csv,ziho0512workout,db_weighted_crunch,247408,247840,432,0.5547
datasets/workout/ziho0512workout/ziho0512workout_whole_session_20260512_204157.csv,ziho0512workout,db_weighted_crunch,247840,248208,368,0.498
datasets/workout/ziho0512workout/ziho0512workout_whole_session_20260512_204157.csv,ziho0512workout,db_weighted_crunch,248208,248527,319,0.725
datasets/workout/ziho0512workout/ziho0512workout_whole_session_20260512_204157.csv,ziho0512workout,one_arm_db_row,62963,63287,324,0.8889
datasets/workout/ziho0512workout/ziho0512workout_whole_session_20260512_204157.csv,ziho0512workout,one_arm_db_row,63287,63634,347,0.7128
datasets/workout/ziho0512workout/ziho0512workout_whole_session_20260512_204157.csv,ziho0512workout,one_arm_db_row,63634,63982,348,0.6137
datasets/workout/ziho0512workout/ziho0512workout_whole_session_20260512_204157.csv,ziho0512workout,one_arm_db_row,63982,64386,404,0.5132
datasets/workout/ziho0512workout/ziho0512workout_whole_session_20260512_204157.csv,ziho0512workout,one_arm_db_row,64386,64635,249,0.5125
datasets/workout/ziho0512workout/ziho0512workout_whole_session_20260512_204157.csv,ziho0512workout,one_arm_db_row,64635,65045,410,0.5639
datasets/workout/ziho0512workout/ziho0512workout_whole_session_20260512_204157.csv,ziho0512workout,one_arm_db_row,65045,65281,236,0.4513
datasets/workout/ziho0512workout/ziho0512workout_whole_session_20260512_204157.csv,ziho0512workout,one_arm_db_row,65281,65612,331,0.6189
datasets/workout/ziho0512workout/ziho0512workout_whole_session_20260512_204157.csv,ziho0512workout,one_arm_db_row,65612,65943,331,0.5857
datasets/workout/ziho0512workout/ziho0512workout_whole_session_20260512_204157.csv,ziho0512workout,one_arm_db_row,65943,66221,278,0.6309
datasets/workout/ziho0512workout/ziho0512workout_whole_session_20260512_204157.csv,ziho0512workout,one_arm_db_row,66221,66529,308,0.6218
datasets/workout/ziho0512workout/ziho0512workout_whole_session_20260512_204157.csv,ziho0512workout,one_arm_db_row,66529,66776,247,0.7417
datasets/workout/ziho0512workout/ziho0512workout_whole_session_20260512_204157.csv,ziho0512workout,one_arm_db_row,76930,77234,304,0.8586
datasets/workout/ziho0512workout/ziho0512workout_whole_session_20260512_204157.csv,ziho0512workout,one_arm_db_row,77234,77525,291,0.7605
datasets/workout/ziho0512workout/ziho0512workout_whole_session_20260512_204157.csv,ziho0512workout,one_arm_db_row,77525,77843,318,0.6592
datasets/workout/ziho0512workout/ziho0512workout_whole_session_20260512_204157.csv,ziho0512workout,one_arm_db_row,77843,78111,268,0.5938
datasets/workout/ziho0512workout/ziho0512workout_whole_session_20260512_204157.csv,ziho0512workout,one_arm_db_row,78111,78452,341,0.5425
datasets/workout/ziho0512workout/ziho0512workout_whole_session_20260512_204157.csv,ziho0512workout,one_arm_db_row,78452,78726,274,0.5553
datasets/workout/ziho0512workout/ziho0512workout_whole_session_20260512_204157.csv,ziho0512workout,one_arm_db_row,78726,79026,300,0.6941
datasets/workout/ziho0512workout/ziho0512workout_whole_session_20260512_204157.csv,ziho0512workout,one_arm_db_row,79026,79292,266,0.704
datasets/workout/ziho0512workout/ziho0512workout_whole_session_20260512_204157.csv,ziho0512workout,one_arm_db_row,79292,79602,310,0.7229
datasets/workout/ziho0512workout/ziho0512workout_whole_session_20260512_204157.csv,ziho0512workout,one_arm_db_row,79602,79905,303,0.6611
datasets/workout/ziho0512workout/ziho0512workout_whole_session_20260512_204157.csv,ziho0512workout,one_arm_db_row,79905,80207,302,0.6431
datasets/workout/ziho0512workout/ziho0512workout_whole_session_20260512_204157.csv,ziho0512workout,one_arm_db_row,80207,80408,201,0.7528
datasets/workout/ziho0512workout/ziho0512workout_whole_session_20260512_204157.csv,ziho0512workout,one_arm_db_row,89099,89441,342,0.8012
datasets/workout/ziho0512workout/ziho0512workout_whole_session_20260512_204157.csv,ziho0512workout,one_arm_db_row,89441,89742,301,0.6396
datasets/workout/ziho0512workout/ziho0512workout_whole_session_20260512_204157.csv,ziho0512workout,one_arm_db_row,89742,90065,323,0.6521
datasets/workout/ziho0512workout/ziho0512workout_whole_session_20260512_204157.csv,ziho0512workout,one_arm_db_row,90065,90374,309,0.6121
datasets/workout/ziho0512workout/ziho0512workout_whole_session_20260512_204157.csv,ziho0512workout,one_arm_db_row,90374,90642,268,0.6029
datasets/workout/ziho0512workout/ziho0512workout_whole_session_20260512_204157.csv,ziho0512workout,one_arm_db_row,90642,90924,282,0.6813
datasets/workout/ziho0512workout/ziho0512workout_whole_session_20260512_204157.csv,ziho0512workout,one_arm_db_row,90924,91199,275,0.6451
datasets/workout/ziho0512workout/ziho0512workout_whole_session_20260512_204157.csv,ziho0512workout,one_arm_db_row,91199,91466,267,0.6486
datasets/workout/ziho0512workout/ziho0512workout_whole_session_20260512_204157.csv,ziho0512workout,one_arm_db_row,91466,91723,257,0.7597
datasets/workout/ziho0512workout/ziho0512workout_whole_session_20260512_204157.csv,ziho0512workout,one_arm_db_row,91723,92027,304,0.7768
datasets/workout/ziho0512workout/ziho0512workout_whole_session_20260512_204157.csv,ziho0512workout,one_arm_db_row,92027,92332,305,0.6845
datasets/workout/ziho0512workout/ziho0512workout_whole_session_20260512_204157.csv,ziho0512workout,one_arm_db_row,92332,92606,274,0.8155
