dataset,model_stage,fold,folder,exercise,set_id,borg_true,borg_pred,added_feature
rpe_only_143_sets,M0_exercise_mean,1,haoyu0512workout,db_bench_press,0,8.0,6.533333333333333,
rpe_only_143_sets,M0_exercise_mean,1,haoyu0512workout,db_bench_press,1,9.0,6.533333333333333,
rpe_only_143_sets,M0_exercise_mean,1,haoyu0512workout,db_bench_press,2,9.0,6.533333333333333,
rpe_only_143_sets,M0_exercise_mean,1,haoyu0512workout,db_biceps_curl,0,9.0,8.533333333333333,
rpe_only_143_sets,M0_exercise_mean,1,haoyu0512workout,db_biceps_curl,1,9.0,8.533333333333333,
rpe_only_143_sets,M0_exercise_mean,1,haoyu0512workout,db_biceps_curl,3,9.0,8.533333333333333,
rpe_only_143_sets,M0_exercise_mean,1,haoyu0512workout,db_rdl,0,9.0,6.866666666666666,
rpe_only_143_sets,M0_exercise_mean,1,haoyu0512workout,db_rdl,1,9.0,6.866666666666666,
rpe_only_143_sets,M0_exercise_mean,1,haoyu0512workout,db_rdl,2,9.0,6.866666666666666,
rpe_only_143_sets,M0_exercise_mean,1,haoyu0512workout,db_shoulder_press,0,7.0,8.666666666666666,
rpe_only_143_sets,M0_exercise_mean,1,haoyu0512workout,db_shoulder_press,1,9.0,8.666666666666666,
rpe_only_143_sets,M0_exercise_mean,1,haoyu0512workout,db_shoulder_press,2,9.0,8.666666666666666,
rpe_only_143_sets,M0_exercise_mean,1,haoyu0512workout,db_squat,0,6.0,6.133333333333334,
rpe_only_143_sets,M0_exercise_mean,1,haoyu0512workout,db_squat,1,9.0,6.133333333333334,
rpe_only_143_sets,M0_exercise_mean,1,haoyu0512workout,db_squat,2,8.0,6.133333333333334,
rpe_only_143_sets,M0_exercise_mean,1,haoyu0512workout,db_triceps_curl,0,7.0,6.533333333333333,
rpe_only_143_sets,M0_exercise_mean,1,haoyu0512workout,db_triceps_curl,1,9.0,6.533333333333333,
rpe_only_143_sets,M0_exercise_mean,1,haoyu0512workout,db_triceps_curl,2,9.0,6.533333333333333,
rpe_only_143_sets,M0_exercise_mean,1,haoyu0512workout,db_weighted_crunch,0,6.0,6.2,
rpe_only_143_sets,M0_exercise_mean,1,haoyu0512workout,db_weighted_crunch,1,7.0,6.2,
rpe_only_143_sets,M0_exercise_mean,1,haoyu0512workout,db_weighted_crunch,2,9.0,6.2,
rpe_only_143_sets,M0_exercise_mean,1,haoyu0512workout,one_arm_db_row,0,9.0,7.5,
rpe_only_143_sets,M0_exercise_mean,1,haoyu0512workout,one_arm_db_row,1,9.0,7.5,
rpe_only_143_sets,M0_exercise_mean,1,haoyu0512workout,one_arm_db_row,2,9.0,7.5,
rpe_only_143_sets,M0_exercise_mean,2,hsianshun0514workout,db_bench_press,0,4.0,7.133333333333334,
rpe_only_143_sets,M0_exercise_mean,2,hsianshun0514workout,db_bench_press,1,6.0,7.133333333333334,
rpe_only_143_sets,M0_exercise_mean,2,hsianshun0514workout,db_bench_press,2,7.0,7.133333333333334,
rpe_only_143_sets,M0_exercise_mean,2,hsianshun0514workout,db_biceps_curl,0,9.0,8.4,
rpe_only_143_sets,M0_exercise_mean,2,hsianshun0514workout,db_biceps_curl,1,10.0,8.4,
rpe_only_143_sets,M0_exercise_mean,2,hsianshun0514workout,db_biceps_curl,2,10.0,8.4,
rpe_only_143_sets,M0_exercise_mean,2,hsianshun0514workout,db_rdl,0,4.0,7.466666666666667,
rpe_only_143_sets,M0_exercise_mean,2,hsianshun0514workout,db_rdl,1,6.0,7.466666666666667,
rpe_only_143_sets,M0_exercise_mean,2,hsianshun0514workout,db_rdl,2,8.0,7.466666666666667,
rpe_only_143_sets,M0_exercise_mean,2,hsianshun0514workout,db_shoulder_press,1,9.0,8.4,
rpe_only_143_sets,M0_exercise_mean,2,hsianshun0514workout,db_shoulder_press,2,10.0,8.4,
rpe_only_143_sets,M0_exercise_mean,2,hsianshun0514workout,db_shoulder_press,3,10.0,8.4,
rpe_only_143_sets,M0_exercise_mean,2,hsianshun0514workout,db_squat,0,4.0,6.533333333333333,
rpe_only_143_sets,M0_exercise_mean,2,hsianshun0514workout,db_squat,1,6.0,6.533333333333333,
rpe_only_143_sets,M0_exercise_mean,2,hsianshun0514workout,db_squat,2,7.0,6.533333333333333,
rpe_only_143_sets,M0_exercise_mean,2,hsianshun0514workout,db_triceps_curl,0,4.0,6.933333333333334,
rpe_only_143_sets,M0_exercise_mean,2,hsianshun0514workout,db_triceps_curl,1,7.0,6.933333333333334,
rpe_only_143_sets,M0_exercise_mean,2,hsianshun0514workout,db_triceps_curl,2,8.0,6.933333333333334,
rpe_only_143_sets,M0_exercise_mean,2,hsianshun0514workout,db_weighted_crunch,0,5.0,6.4,
rpe_only_143_sets,M0_exercise_mean,2,hsianshun0514workout,db_weighted_crunch,2,7.0,6.4,
rpe_only_143_sets,M0_exercise_mean,2,hsianshun0514workout,db_weighted_crunch,3,7.0,6.4,
rpe_only_143_sets,M0_exercise_mean,2,hsianshun0514workout,one_arm_db_row,1,7.0,7.8,
rpe_only_143_sets,M0_exercise_mean,2,hsianshun0514workout,one_arm_db_row,2,8.0,7.8,
rpe_only_143_sets,M0_exercise_mean,3,tsenyu0515workout,db_bench_press,0,3.0,7.133333333333334,
rpe_only_143_sets,M0_exercise_mean,3,tsenyu0515workout,db_bench_press,1,6.0,7.133333333333334,
rpe_only_143_sets,M0_exercise_mean,3,tsenyu0515workout,db_bench_press,2,8.0,7.133333333333334,
rpe_only_143_sets,M0_exercise_mean,3,tsenyu0515workout,db_biceps_curl,0,6.0,8.733333333333333,
rpe_only_143_sets,M0_exercise_mean,3,tsenyu0515workout,db_biceps_curl,1,9.0,8.733333333333333,
rpe_only_143_sets,M0_exercise_mean,3,tsenyu0515workout,db_biceps_curl,2,9.0,8.733333333333333,
rpe_only_143_sets,M0_exercise_mean,3,tsenyu0515workout,db_rdl,0,6.0,7.2,
rpe_only_143_sets,M0_exercise_mean,3,tsenyu0515workout,db_rdl,1,10.0,7.2,
rpe_only_143_sets,M0_exercise_mean,3,tsenyu0515workout,db_rdl,2,6.0,7.2,
rpe_only_143_sets,M0_exercise_mean,3,tsenyu0515workout,db_shoulder_press,0,5.0,8.866666666666667,
rpe_only_143_sets,M0_exercise_mean,3,tsenyu0515workout,db_shoulder_press,1,8.0,8.866666666666667,
rpe_only_143_sets,M0_exercise_mean,3,tsenyu0515workout,db_shoulder_press,2,9.0,8.866666666666667,
rpe_only_143_sets,M0_exercise_mean,3,tsenyu0515workout,db_squat,1,4.0,6.666666666666667,
rpe_only_143_sets,M0_exercise_mean,3,tsenyu0515workout,db_squat,2,6.0,6.666666666666667,
rpe_only_143_sets,M0_exercise_mean,3,tsenyu0515workout,db_squat,3,5.0,6.666666666666667,
rpe_only_143_sets,M0_exercise_mean,3,tsenyu0515workout,db_triceps_curl,0,4.0,7.066666666666666,
rpe_only_143_sets,M0_exercise_mean,3,tsenyu0515workout,db_triceps_curl,1,6.0,7.066666666666666,
rpe_only_143_sets,M0_exercise_mean,3,tsenyu0515workout,db_triceps_curl,2,7.0,7.066666666666666,
rpe_only_143_sets,M0_exercise_mean,3,tsenyu0515workout,db_weighted_crunch,0,3.0,6.666666666666667,
rpe_only_143_sets,M0_exercise_mean,3,tsenyu0515workout,db_weighted_crunch,1,5.0,6.666666666666667,
rpe_only_143_sets,M0_exercise_mean,3,tsenyu0515workout,db_weighted_crunch,2,7.0,6.666666666666667,
rpe_only_143_sets,M0_exercise_mean,3,tsenyu0515workout,one_arm_db_row,0,5.0,7.857142857142857,
rpe_only_143_sets,M0_exercise_mean,3,tsenyu0515workout,one_arm_db_row,1,8.0,7.857142857142857,
rpe_only_143_sets,M0_exercise_mean,3,tsenyu0515workout,one_arm_db_row,2,9.0,7.857142857142857,
rpe_only_143_sets,M0_exercise_mean,4,yanz0510workout,db_bench_press,2,5.0,6.933333333333334,
rpe_only_143_sets,M0_exercise_mean,4,yanz0510workout,db_bench_press,3,7.0,6.933333333333334,
rpe_only_143_sets,M0_exercise_mean,4,yanz0510workout,db_bench_press,4,8.0,6.933333333333334,
rpe_only_143_sets,M0_exercise_mean,4,yanz0510workout,db_biceps_curl,0,7.0,8.6,
rpe_only_143_sets,M0_exercise_mean,4,yanz0510workout,db_biceps_curl,1,9.0,8.6,
rpe_only_143_sets,M0_exercise_mean,4,yanz0510workout,db_biceps_curl,2,10.0,8.6,
rpe_only_143_sets,M0_exercise_mean,4,yanz0510workout,db_rdl,0,5.0,7.2,
rpe_only_143_sets,M0_exercise_mean,4,yanz0510workout,db_rdl,1,8.0,7.2,
rpe_only_143_sets,M0_exercise_mean,4,yanz0510workout,db_rdl,2,9.0,7.2,
rpe_only_143_sets,M0_exercise_mean,4,yanz0510workout,db_shoulder_press,1,8.0,8.466666666666667,
rpe_only_143_sets,M0_exercise_mean,4,yanz0510workout,db_shoulder_press,2,10.0,8.466666666666667,
rpe_only_143_sets,M0_exercise_mean,4,yanz0510workout,db_shoulder_press,3,10.0,8.466666666666667,
rpe_only_143_sets,M0_exercise_mean,4,yanz0510workout,db_squat,0,7.0,6.066666666666666,
rpe_only_143_sets,M0_exercise_mean,4,yanz0510workout,db_squat,1,8.0,6.066666666666666,
rpe_only_143_sets,M0_exercise_mean,4,yanz0510workout,db_squat,2,9.0,6.066666666666666,
rpe_only_143_sets,M0_exercise_mean,4,yanz0510workout,db_triceps_curl,0,7.0,6.6,
rpe_only_143_sets,M0_exercise_mean,4,yanz0510workout,db_triceps_curl,2,8.0,6.6,
rpe_only_143_sets,M0_exercise_mean,4,yanz0510workout,db_triceps_curl,4,9.0,6.6,
rpe_only_143_sets,M0_exercise_mean,4,yanz0510workout,db_weighted_crunch,0,6.0,6.266666666666667,
rpe_only_143_sets,M0_exercise_mean,4,yanz0510workout,db_weighted_crunch,2,7.0,6.266666666666667,
rpe_only_143_sets,M0_exercise_mean,4,yanz0510workout,db_weighted_crunch,3,8.0,6.266666666666667,
rpe_only_143_sets,M0_exercise_mean,4,yanz0510workout,one_arm_db_row,0,6.0,7.857142857142857,
rpe_only_143_sets,M0_exercise_mean,4,yanz0510workout,one_arm_db_row,1,7.0,7.857142857142857,
rpe_only_143_sets,M0_exercise_mean,4,yanz0510workout,one_arm_db_row,2,9.0,7.857142857142857,
rpe_only_143_sets,M0_exercise_mean,5,yoru0511workout,db_bench_press,0,3.0,7.266666666666667,
rpe_only_143_sets,M0_exercise_mean,5,yoru0511workout,db_bench_press,4,5.0,7.266666666666667,
rpe_only_143_sets,M0_exercise_mean,5,yoru0511workout,db_bench_press,5,7.0,7.266666666666667,
rpe_only_143_sets,M0_exercise_mean,5,yoru0511workout,db_biceps_curl,0,6.0,8.8,
rpe_only_143_sets,M0_exercise_mean,5,yoru0511workout,db_biceps_curl,1,8.0,8.8,
rpe_only_143_sets,M0_exercise_mean,5,yoru0511workout,db_biceps_curl,2,9.0,8.8,
rpe_only_143_sets,M0_exercise_mean,5,yoru0511workout,db_rdl,0,6.0,7.4,
rpe_only_143_sets,M0_exercise_mean,5,yoru0511workout,db_rdl,1,6.0,7.4,
rpe_only_143_sets,M0_exercise_mean,5,yoru0511workout,db_rdl,2,7.0,7.4,
rpe_only_143_sets,M0_exercise_mean,5,yoru0511workout,db_shoulder_press,0,7.0,8.733333333333333,
rpe_only_143_sets,M0_exercise_mean,5,yoru0511workout,db_shoulder_press,1,8.0,8.733333333333333,
rpe_only_143_sets,M0_exercise_mean,5,yoru0511workout,db_shoulder_press,2,9.0,8.733333333333333,
rpe_only_143_sets,M0_exercise_mean,5,yoru0511workout,db_squat,0,4.0,6.666666666666667,
rpe_only_143_sets,M0_exercise_mean,5,yoru0511workout,db_squat,1,5.0,6.666666666666667,
rpe_only_143_sets,M0_exercise_mean,5,yoru0511workout,db_squat,2,6.0,6.666666666666667,
rpe_only_143_sets,M0_exercise_mean,5,yoru0511workout,db_triceps_curl,0,5.0,7.133333333333334,
rpe_only_143_sets,M0_exercise_mean,5,yoru0511workout,db_triceps_curl,1,5.0,7.133333333333334,
rpe_only_143_sets,M0_exercise_mean,5,yoru0511workout,db_triceps_curl,2,6.0,7.133333333333334,
rpe_only_143_sets,M0_exercise_mean,5,yoru0511workout,db_weighted_crunch,0,6.0,6.333333333333333,
rpe_only_143_sets,M0_exercise_mean,5,yoru0511workout,db_weighted_crunch,1,7.0,6.333333333333333,
rpe_only_143_sets,M0_exercise_mean,5,yoru0511workout,db_weighted_crunch,2,7.0,6.333333333333333,
rpe_only_143_sets,M0_exercise_mean,5,yoru0511workout,one_arm_db_row,0,5.0,8.0,
rpe_only_143_sets,M0_exercise_mean,5,yoru0511workout,one_arm_db_row,2,7.0,8.0,
rpe_only_143_sets,M0_exercise_mean,5,yoru0511workout,one_arm_db_row,3,8.0,8.0,
rpe_only_143_sets,M0_exercise_mean,6,yushuan0513workout,db_bench_press,0,9.0,6.333333333333333,
rpe_only_143_sets,M0_exercise_mean,6,yushuan0513workout,db_bench_press,1,10.0,6.333333333333333,
rpe_only_143_sets,M0_exercise_mean,6,yushuan0513workout,db_bench_press,3,10.0,6.333333333333333,
rpe_only_143_sets,M0_exercise_mean,6,yushuan0513workout,db_biceps_curl,0,7.0,8.6,
rpe_only_143_sets,M0_exercise_mean,6,yushuan0513workout,db_biceps_curl,1,9.0,8.6,
rpe_only_143_sets,M0_exercise_mean,6,yushuan0513workout,db_biceps_curl,2,10.0,8.6,
rpe_only_143_sets,M0_exercise_mean,6,yushuan0513workout,db_rdl,0,6.0,7.2,
rpe_only_143_sets,M0_exercise_mean,6,yushuan0513workout,db_rdl,1,8.0,7.2,
rpe_only_143_sets,M0_exercise_mean,6,yushuan0513workout,db_rdl,2,8.0,7.2,
rpe_only_143_sets,M0_exercise_mean,6,yushuan0513workout,db_shoulder_press,0,8.0,8.533333333333333,
rpe_only_143_sets,M0_exercise_mean,6,yushuan0513workout,db_shoulder_press,1,9.0,8.533333333333333,
rpe_only_143_sets,M0_exercise_mean,6,yushuan0513workout,db_shoulder_press,2,10.0,8.533333333333333,
rpe_only_143_sets,M0_exercise_mean,6,yushuan0513workout,db_squat,0,6.0,6.266666666666667,
rpe_only_143_sets,M0_exercise_mean,6,yushuan0513workout,db_squat,1,7.0,6.266666666666667,
rpe_only_143_sets,M0_exercise_mean,6,yushuan0513workout,db_squat,2,8.0,6.266666666666667,
rpe_only_143_sets,M0_exercise_mean,6,yushuan0513workout,db_triceps_curl,0,6.0,6.733333333333333,
rpe_only_143_sets,M0_exercise_mean,6,yushuan0513workout,db_triceps_curl,1,7.0,6.733333333333333,
rpe_only_143_sets,M0_exercise_mean,6,yushuan0513workout,db_triceps_curl,2,9.0,6.733333333333333,
rpe_only_143_sets,M0_exercise_mean,6,yushuan0513workout,db_weighted_crunch,0,5.0,6.466666666666667,
rpe_only_143_sets,M0_exercise_mean,6,yushuan0513workout,db_weighted_crunch,1,6.0,6.466666666666667,
rpe_only_143_sets,M0_exercise_mean,6,yushuan0513workout,db_weighted_crunch,2,7.0,6.466666666666667,
rpe_only_143_sets,M0_exercise_mean,6,yushuan0513workout,one_arm_db_row,0,9.0,7.571428571428571,
rpe_only_143_sets,M0_exercise_mean,6,yushuan0513workout,one_arm_db_row,1,8.0,7.571428571428571,
rpe_only_143_sets,M0_exercise_mean,6,yushuan0513workout,one_arm_db_row,2,9.0,7.571428571428571,
rpe_only_143_sets,M1_exercise_plus_set_index,1,haoyu0512workout,db_bench_press,0,8.0,5.0111971859210165,
rpe_only_143_sets,M1_exercise_plus_set_index,1,haoyu0512workout,db_bench_press,1,9.0,5.8308248087620225,
rpe_only_143_sets,M1_exercise_plus_set_index,1,haoyu0512workout,db_bench_press,2,9.0,6.6504524316030285,
rpe_only_143_sets,M1_exercise_plus_set_index,1,haoyu0512workout,db_biceps_curl,0,9.0,7.701781169898906,
rpe_only_143_sets,M1_exercise_plus_set_index,1,haoyu0512workout,db_biceps_curl,1,9.0,8.521408792739912,
rpe_only_143_sets,M1_exercise_plus_set_index,1,haoyu0512workout,db_biceps_curl,3,9.0,10.160664038421924,
rpe_only_143_sets,M1_exercise_plus_set_index,1,haoyu0512workout,db_rdl,0,9.0,6.047265455446285,
rpe_only_143_sets,M1_exercise_plus_set_index,1,haoyu0512workout,db_rdl,1,9.0,6.866893078287291,
rpe_only_143_sets,M1_exercise_plus_set_index,1,haoyu0512workout,db_rdl,2,9.0,7.6865207011282966,
rpe_only_143_sets,M1_exercise_plus_set_index,1,haoyu0512workout,db_shoulder_press,0,7.0,7.508681599377542,
rpe_only_143_sets,M1_exercise_plus_set_index,1,haoyu0512workout,db_shoulder_press,1,9.0,8.328309222218548,
rpe_only_143_sets,M1_exercise_plus_set_index,1,haoyu0512workout,db_shoulder_press,2,9.0,9.147936845059554,
rpe_only_143_sets,M1_exercise_plus_set_index,1,haoyu0512workout,db_squat,0,6.0,5.156548127248344,
rpe_only_143_sets,M1_exercise_plus_set_index,1,haoyu0512workout,db_squat,1,9.0,5.976175750089349,
rpe_only_143_sets,M1_exercise_plus_set_index,1,haoyu0512workout,db_squat,2,8.0,6.795803372930355,
rpe_only_143_sets,M1_exercise_plus_set_index,1,haoyu0512workout,db_triceps_curl,0,7.0,5.553631898716973,
rpe_only_143_sets,M1_exercise_plus_set_index,1,haoyu0512workout,db_triceps_curl,1,9.0,6.373259521557979,
rpe_only_143_sets,M1_exercise_plus_set_index,1,haoyu0512workout,db_triceps_curl,2,9.0,7.192887144398985,
rpe_only_143_sets,M1_exercise_plus_set_index,1,haoyu0512workout,db_weighted_crunch,0,6.0,5.168485284546852,
rpe_only_143_sets,M1_exercise_plus_set_index,1,haoyu0512workout,db_weighted_crunch,1,7.0,5.988112907387858,
rpe_only_143_sets,M1_exercise_plus_set_index,1,haoyu0512workout,db_weighted_crunch,2,9.0,6.807740530228864,
rpe_only_143_sets,M1_exercise_plus_set_index,1,haoyu0512workout,one_arm_db_row,0,9.0,6.5015977238335205,
rpe_only_143_sets,M1_exercise_plus_set_index,1,haoyu0512workout,one_arm_db_row,1,9.0,7.321225346674526,
rpe_only_143_sets,M1_exercise_plus_set_index,1,haoyu0512workout,one_arm_db_row,2,9.0,8.140852969515532,
rpe_only_143_sets,M1_exercise_plus_set_index,2,hsianshun0514workout,db_bench_press,0,4.0,5.9293068493959264,
rpe_only_143_sets,M1_exercise_plus_set_index,2,hsianshun0514workout,db_bench_press,1,6.0,6.576901984265327,
rpe_only_143_sets,M1_exercise_plus_set_index,2,hsianshun0514workout,db_bench_press,2,7.0,7.224497119134729,
rpe_only_143_sets,M1_exercise_plus_set_index,2,hsianshun0514workout,db_biceps_curl,0,9.0,7.701130079571418,
rpe_only_143_sets,M1_exercise_plus_set_index,2,hsianshun0514workout,db_biceps_curl,1,10.0,8.34872521444082,
rpe_only_143_sets,M1_exercise_plus_set_index,2,hsianshun0514workout,db_biceps_curl,2,10.0,8.996320349310222,
rpe_only_143_sets,M1_exercise_plus_set_index,2,hsianshun0514workout,db_rdl,0,4.0,6.817413521796487,
rpe_only_143_sets,M1_exercise_plus_set_index,2,hsianshun0514workout,db_rdl,1,6.0,7.465008656665889,
rpe_only_143_sets,M1_exercise_plus_set_index,2,hsianshun0514workout,db_rdl,2,8.0,8.11260379153529,
rpe_only_143_sets,M1_exercise_plus_set_index,2,hsianshun0514workout,db_shoulder_press,1,9.0,8.263004245192336,
rpe_only_143_sets,M1_exercise_plus_set_index,2,hsianshun0514workout,db_shoulder_press,2,10.0,8.910599380061738,
rpe_only_143_sets,M1_exercise_plus_set_index,2,hsianshun0514workout,db_shoulder_press,3,10.0,9.558194514931142,
rpe_only_143_sets,M1_exercise_plus_set_index,2,hsianshun0514workout,db_squat,0,4.0,5.762255025524589,
rpe_only_143_sets,M1_exercise_plus_set_index,2,hsianshun0514workout,db_squat,1,6.0,6.409850160393991,
rpe_only_143_sets,M1_exercise_plus_set_index,2,hsianshun0514workout,db_squat,2,7.0,7.057445295263393,
rpe_only_143_sets,M1_exercise_plus_set_index,2,hsianshun0514workout,db_triceps_curl,0,4.0,6.1593594722670915,
rpe_only_143_sets,M1_exercise_plus_set_index,2,hsianshun0514workout,db_triceps_curl,1,7.0,6.806954607136493,
rpe_only_143_sets,M1_exercise_plus_set_index,2,hsianshun0514workout,db_triceps_curl,2,8.0,7.454549742005895,
rpe_only_143_sets,M1_exercise_plus_set_index,2,hsianshun0514workout,db_weighted_crunch,0,5.0,5.672747361234663,
rpe_only_143_sets,M1_exercise_plus_set_index,2,hsianshun0514workout,db_weighted_crunch,2,7.0,6.967937630973466,
rpe_only_143_sets,M1_exercise_plus_set_index,2,hsianshun0514workout,db_weighted_crunch,3,7.0,7.615532765842868,
rpe_only_143_sets,M1_exercise_plus_set_index,2,hsianshun0514workout,one_arm_db_row,1,7.0,7.710208059702824,
rpe_only_143_sets,M1_exercise_plus_set_index,2,hsianshun0514workout,one_arm_db_row,2,8.0,8.357803194572226,
rpe_only_143_sets,M1_exercise_plus_set_index,3,tsenyu0515workout,db_bench_press,0,3.0,5.949239147785429,
rpe_only_143_sets,M1_exercise_plus_set_index,3,tsenyu0515workout,db_bench_press,1,6.0,6.586620924257324,
rpe_only_143_sets,M1_exercise_plus_set_index,3,tsenyu0515workout,db_bench_press,2,8.0,7.224002700729219,
rpe_only_143_sets,M1_exercise_plus_set_index,3,tsenyu0515workout,db_biceps_curl,0,6.0,8.043762152993617,
rpe_only_143_sets,M1_exercise_plus_set_index,3,tsenyu0515workout,db_biceps_curl,1,9.0,8.681143929465511,
rpe_only_143_sets,M1_exercise_plus_set_index,3,tsenyu0515workout,db_biceps_curl,2,9.0,9.318525705937406,
rpe_only_143_sets,M1_exercise_plus_set_index,3,tsenyu0515workout,db_rdl,0,6.0,6.563790022308343,
rpe_only_143_sets,M1_exercise_plus_set_index,3,tsenyu0515workout,db_rdl,1,10.0,7.201171798780238,
rpe_only_143_sets,M1_exercise_plus_set_index,3,tsenyu0515workout,db_rdl,2,6.0,7.838553575252133,
rpe_only_143_sets,M1_exercise_plus_set_index,3,tsenyu0515workout,db_shoulder_press,0,5.0,7.9652117770941295,
rpe_only_143_sets,M1_exercise_plus_set_index,3,tsenyu0515workout,db_shoulder_press,1,8.0,8.602593553566026,
rpe_only_143_sets,M1_exercise_plus_set_index,3,tsenyu0515workout,db_shoulder_press,2,9.0,9.23997533003792,
rpe_only_143_sets,M1_exercise_plus_set_index,3,tsenyu0515workout,db_squat,1,4.0,6.671726770155399,
rpe_only_143_sets,M1_exercise_plus_set_index,3,tsenyu0515workout,db_squat,2,6.0,7.309108546627294,
rpe_only_143_sets,M1_exercise_plus_set_index,3,tsenyu0515workout,db_squat,3,5.0,7.946490323099188,
rpe_only_143_sets,M1_exercise_plus_set_index,3,tsenyu0515workout,db_triceps_curl,0,4.0,6.304881785318715,
rpe_only_143_sets,M1_exercise_plus_set_index,3,tsenyu0515workout,db_triceps_curl,1,6.0,6.94226356179061,
rpe_only_143_sets,M1_exercise_plus_set_index,3,tsenyu0515workout,db_triceps_curl,2,7.0,7.579645338262505,
rpe_only_143_sets,M1_exercise_plus_set_index,3,tsenyu0515workout,db_weighted_crunch,0,3.0,5.865615687238947,
rpe_only_143_sets,M1_exercise_plus_set_index,3,tsenyu0515workout,db_weighted_crunch,1,5.0,6.502997463710842,
rpe_only_143_sets,M1_exercise_plus_set_index,3,tsenyu0515workout,db_weighted_crunch,2,7.0,7.140379240182736,
rpe_only_143_sets,M1_exercise_plus_set_index,3,tsenyu0515workout,one_arm_db_row,0,5.0,7.080530843524814,
rpe_only_143_sets,M1_exercise_plus_set_index,3,tsenyu0515workout,one_arm_db_row,1,8.0,7.717912619996709,
rpe_only_143_sets,M1_exercise_plus_set_index,3,tsenyu0515workout,one_arm_db_row,2,9.0,8.355294396468604,
rpe_only_143_sets,M1_exercise_plus_set_index,4,yanz0510workout,db_bench_press,2,5.0,7.311170105500676,
rpe_only_143_sets,M1_exercise_plus_set_index,4,yanz0510workout,db_bench_press,3,7.0,8.012419697007271,
rpe_only_143_sets,M1_exercise_plus_set_index,4,yanz0510workout,db_bench_press,4,8.0,8.713669288513865,
rpe_only_143_sets,M1_exercise_plus_set_index,4,yanz0510workout,db_biceps_curl,0,7.0,7.841641469476383,
rpe_only_143_sets,M1_exercise_plus_set_index,4,yanz0510workout,db_biceps_curl,1,9.0,8.542891060982978,
rpe_only_143_sets,M1_exercise_plus_set_index,4,yanz0510workout,db_biceps_curl,2,10.0,9.244140652489572,
rpe_only_143_sets,M1_exercise_plus_set_index,4,yanz0510workout,db_rdl,0,5.0,6.498257408092226,
rpe_only_143_sets,M1_exercise_plus_set_index,4,yanz0510workout,db_rdl,1,8.0,7.199506999598821,
rpe_only_143_sets,M1_exercise_plus_set_index,4,yanz0510workout,db_rdl,2,9.0,7.900756591105416,
rpe_only_143_sets,M1_exercise_plus_set_index,4,yanz0510workout,db_shoulder_press,1,8.0,8.317711526314676,
rpe_only_143_sets,M1_exercise_plus_set_index,4,yanz0510workout,db_shoulder_press,2,10.0,9.01896111782127,
rpe_only_143_sets,M1_exercise_plus_set_index,4,yanz0510workout,db_shoulder_press,3,10.0,9.720210709327866,
rpe_only_143_sets,M1_exercise_plus_set_index,4,yanz0510workout,db_squat,0,7.0,5.233959305996306,
rpe_only_143_sets,M1_exercise_plus_set_index,4,yanz0510workout,db_squat,1,8.0,5.935208897502901,
rpe_only_143_sets,M1_exercise_plus_set_index,4,yanz0510workout,db_squat,2,9.0,6.636458489009495,
rpe_only_143_sets,M1_exercise_plus_set_index,4,yanz0510workout,db_triceps_curl,0,7.0,5.902631750889283,
rpe_only_143_sets,M1_exercise_plus_set_index,4,yanz0510workout,db_triceps_curl,2,8.0,7.305130933902472,
rpe_only_143_sets,M1_exercise_plus_set_index,4,yanz0510workout,db_triceps_curl,4,9.0,8.70763011691566,
rpe_only_143_sets,M1_exercise_plus_set_index,4,yanz0510workout,db_weighted_crunch,0,6.0,5.478910330486666,
rpe_only_143_sets,M1_exercise_plus_set_index,4,yanz0510workout,db_weighted_crunch,2,7.0,6.881409513499856,
rpe_only_143_sets,M1_exercise_plus_set_index,4,yanz0510workout,db_weighted_crunch,3,8.0,7.582659105006449,
rpe_only_143_sets,M1_exercise_plus_set_index,4,yanz0510workout,one_arm_db_row,0,6.0,7.0013971098959615,
rpe_only_143_sets,M1_exercise_plus_set_index,4,yanz0510workout,one_arm_db_row,1,7.0,7.702646701402555,
rpe_only_143_sets,M1_exercise_plus_set_index,4,yanz0510workout,one_arm_db_row,2,9.0,8.403896292909149,
rpe_only_143_sets,M1_exercise_plus_set_index,5,yoru0511workout,db_bench_press,0,3.0,6.066021191002072,
rpe_only_143_sets,M1_exercise_plus_set_index,5,yoru0511workout,db_bench_press,4,5.0,9.350101667403393,
rpe_only_143_sets,M1_exercise_plus_set_index,5,yoru0511workout,db_bench_press,5,7.0,10.171121786503726,
rpe_only_143_sets,M1_exercise_plus_set_index,5,yoru0511workout,db_biceps_curl,0,6.0,7.914189413642467,
rpe_only_143_sets,M1_exercise_plus_set_index,5,yoru0511workout,db_biceps_curl,1,8.0,8.735209532742797,
rpe_only_143_sets,M1_exercise_plus_set_index,5,yoru0511workout,db_biceps_curl,2,9.0,9.556229651843129,
rpe_only_143_sets,M1_exercise_plus_set_index,5,yoru0511workout,db_rdl,0,6.0,6.578731841059595,
rpe_only_143_sets,M1_exercise_plus_set_index,5,yoru0511workout,db_rdl,1,6.0,7.399751960159925,
rpe_only_143_sets,M1_exercise_plus_set_index,5,yoru0511workout,db_rdl,2,7.0,8.220772079260255,
rpe_only_143_sets,M1_exercise_plus_set_index,5,yoru0511workout,db_shoulder_press,0,7.0,7.57633064727771,
rpe_only_143_sets,M1_exercise_plus_set_index,5,yoru0511workout,db_shoulder_press,1,8.0,8.397350766378041,
rpe_only_143_sets,M1_exercise_plus_set_index,5,yoru0511workout,db_shoulder_press,2,9.0,9.218370885478372,
rpe_only_143_sets,M1_exercise_plus_set_index,5,yoru0511workout,db_squat,0,4.0,5.68773804402845,
rpe_only_143_sets,M1_exercise_plus_set_index,5,yoru0511workout,db_squat,1,5.0,6.50875816312878,
rpe_only_143_sets,M1_exercise_plus_set_index,5,yoru0511workout,db_squat,2,6.0,7.32977828222911,
rpe_only_143_sets,M1_exercise_plus_set_index,5,yoru0511workout,db_triceps_curl,0,5.0,6.151002444075184,
rpe_only_143_sets,M1_exercise_plus_set_index,5,yoru0511workout,db_triceps_curl,1,5.0,6.972022563175514,
rpe_only_143_sets,M1_exercise_plus_set_index,5,yoru0511workout,db_triceps_curl,2,6.0,7.7930426822758445,
rpe_only_143_sets,M1_exercise_plus_set_index,5,yoru0511workout,db_weighted_crunch,0,6.0,5.302499273580594,
rpe_only_143_sets,M1_exercise_plus_set_index,5,yoru0511workout,db_weighted_crunch,1,7.0,6.123519392680925,
rpe_only_143_sets,M1_exercise_plus_set_index,5,yoru0511workout,db_weighted_crunch,2,7.0,6.944539511781256,
rpe_only_143_sets,M1_exercise_plus_set_index,5,yoru0511workout,one_arm_db_row,0,5.0,7.116100716397236,
rpe_only_143_sets,M1_exercise_plus_set_index,5,yoru0511workout,one_arm_db_row,2,7.0,8.758140954597897,
rpe_only_143_sets,M1_exercise_plus_set_index,5,yoru0511workout,one_arm_db_row,3,8.0,9.579161073698227,
rpe_only_143_sets,M1_exercise_plus_set_index,6,yushuan0513workout,db_bench_press,0,9.0,4.980801288730589,
rpe_only_143_sets,M1_exercise_plus_set_index,6,yushuan0513workout,db_bench_press,1,10.0,5.737388417355308,
rpe_only_143_sets,M1_exercise_plus_set_index,6,yushuan0513workout,db_bench_press,3,10.0,7.250562674604744,
rpe_only_143_sets,M1_exercise_plus_set_index,6,yushuan0513workout,db_biceps_curl,0,7.0,7.781728189597517,
rpe_only_143_sets,M1_exercise_plus_set_index,6,yushuan0513workout,db_biceps_curl,1,9.0,8.538315318222235,
rpe_only_143_sets,M1_exercise_plus_set_index,6,yushuan0513workout,db_biceps_curl,2,10.0,9.294902446846953,
rpe_only_143_sets,M1_exercise_plus_set_index,6,yushuan0513workout,db_rdl,0,6.0,6.442006401203801,
rpe_only_143_sets,M1_exercise_plus_set_index,6,yushuan0513workout,db_rdl,1,8.0,7.1985935298285195,
rpe_only_143_sets,M1_exercise_plus_set_index,6,yushuan0513workout,db_rdl,2,8.0,7.955180658453237,
rpe_only_143_sets,M1_exercise_plus_set_index,6,yushuan0513workout,db_shoulder_press,0,8.0,7.465190502286975,
rpe_only_143_sets,M1_exercise_plus_set_index,6,yushuan0513workout,db_shoulder_press,1,9.0,8.221777630911694,
rpe_only_143_sets,M1_exercise_plus_set_index,6,yushuan0513workout,db_shoulder_press,2,10.0,8.978364759536412,
rpe_only_143_sets,M1_exercise_plus_set_index,6,yushuan0513workout,db_squat,0,6.0,5.36526336587087,
rpe_only_143_sets,M1_exercise_plus_set_index,6,yushuan0513workout,db_squat,1,7.0,6.121850494495589,
rpe_only_143_sets,M1_exercise_plus_set_index,6,yushuan0513workout,db_squat,2,8.0,6.878437623120306,
rpe_only_143_sets,M1_exercise_plus_set_index,6,yushuan0513workout,db_triceps_curl,0,6.0,5.828527765917604,
rpe_only_143_sets,M1_exercise_plus_set_index,6,yushuan0513workout,db_triceps_curl,1,7.0,6.585114894542323,
rpe_only_143_sets,M1_exercise_plus_set_index,6,yushuan0513workout,db_triceps_curl,2,9.0,7.3417020231670405,
rpe_only_143_sets,M1_exercise_plus_set_index,6,yushuan0513workout,db_weighted_crunch,0,5.0,5.5137338398586975,
rpe_only_143_sets,M1_exercise_plus_set_index,6,yushuan0513workout,db_weighted_crunch,1,6.0,6.270320968483416,
rpe_only_143_sets,M1_exercise_plus_set_index,6,yushuan0513workout,db_weighted_crunch,2,7.0,7.026908097108134,
rpe_only_143_sets,M1_exercise_plus_set_index,6,yushuan0513workout,one_arm_db_row,0,9.0,6.6497552339769115,
rpe_only_143_sets,M1_exercise_plus_set_index,6,yushuan0513workout,one_arm_db_row,1,8.0,7.40634236260163,
rpe_only_143_sets,M1_exercise_plus_set_index,6,yushuan0513workout,one_arm_db_row,2,9.0,8.162929491226347,
rpe_only_143_sets,M2_exercise_plus_cumulative_tut,1,haoyu0512workout,db_bench_press,0,8.0,6.289903246438254,
rpe_only_143_sets,M2_exercise_plus_cumulative_tut,1,haoyu0512workout,db_bench_press,1,9.0,7.422360698898915,
rpe_only_143_sets,M2_exercise_plus_cumulative_tut,1,haoyu0512workout,db_bench_press,2,9.0,8.608776159110034,
rpe_only_143_sets,M2_exercise_plus_cumulative_tut,1,haoyu0512workout,db_biceps_curl,0,9.0,7.819158531780299,
rpe_only_143_sets,M2_exercise_plus_cumulative_tut,1,haoyu0512workout,db_biceps_curl,1,9.0,8.807360902295855,
rpe_only_143_sets,M2_exercise_plus_cumulative_tut,1,haoyu0512workout,db_biceps_curl,3,9.0,9.794902562512425,
rpe_only_143_sets,M2_exercise_plus_cumulative_tut,1,haoyu0512workout,db_rdl,0,9.0,5.851749100961689,
rpe_only_143_sets,M2_exercise_plus_cumulative_tut,1,haoyu0512workout,db_rdl,1,9.0,6.951611512005746,
rpe_only_143_sets,M2_exercise_plus_cumulative_tut,1,haoyu0512workout,db_rdl,2,9.0,8.23008594054214,
rpe_only_143_sets,M2_exercise_plus_cumulative_tut,1,haoyu0512workout,db_shoulder_press,0,7.0,7.892046942503485,
rpe_only_143_sets,M2_exercise_plus_cumulative_tut,1,haoyu0512workout,db_shoulder_press,1,9.0,8.854922084891273,
rpe_only_143_sets,M2_exercise_plus_cumulative_tut,1,haoyu0512workout,db_shoulder_press,2,9.0,9.996189008005071,
rpe_only_143_sets,M2_exercise_plus_cumulative_tut,1,haoyu0512workout,db_squat,0,6.0,5.486265241523395,
rpe_only_143_sets,M2_exercise_plus_cumulative_tut,1,haoyu0512workout,db_squat,1,9.0,6.3247066109356345,
rpe_only_143_sets,M2_exercise_plus_cumulative_tut,1,haoyu0512workout,db_squat,2,8.0,7.06976759142463,
rpe_only_143_sets,M2_exercise_plus_cumulative_tut,1,haoyu0512workout,db_triceps_curl,0,7.0,6.033430923847249,
rpe_only_143_sets,M2_exercise_plus_cumulative_tut,1,haoyu0512workout,db_triceps_curl,1,9.0,7.065900884394814,
rpe_only_143_sets,M2_exercise_plus_cumulative_tut,1,haoyu0512workout,db_triceps_curl,2,9.0,8.016222531101883,
rpe_only_143_sets,M2_exercise_plus_cumulative_tut,1,haoyu0512workout,db_weighted_crunch,0,6.0,5.36382156138032,
rpe_only_143_sets,M2_exercise_plus_cumulative_tut,1,haoyu0512workout,db_weighted_crunch,1,7.0,6.312161077190434,
rpe_only_143_sets,M2_exercise_plus_cumulative_tut,1,haoyu0512workout,db_weighted_crunch,2,9.0,7.197512877830624,
rpe_only_143_sets,M2_exercise_plus_cumulative_tut,1,haoyu0512workout,one_arm_db_row,0,9.0,6.9506441631762685,
rpe_only_143_sets,M2_exercise_plus_cumulative_tut,1,haoyu0512workout,one_arm_db_row,1,9.0,7.933340614533614,
rpe_only_143_sets,M2_exercise_plus_cumulative_tut,1,haoyu0512workout,one_arm_db_row,2,9.0,8.858775506645573,
rpe_only_143_sets,M2_exercise_plus_cumulative_tut,2,hsianshun0514workout,db_bench_press,0,4.0,6.240865615784286,
rpe_only_143_sets,M2_exercise_plus_cumulative_tut,2,hsianshun0514workout,db_bench_press,1,6.0,7.395211353210809,
rpe_only_143_sets,M2_exercise_plus_cumulative_tut,2,hsianshun0514workout,db_bench_press,2,7.0,8.498902079217123,
rpe_only_143_sets,M2_exercise_plus_cumulative_tut,2,hsianshun0514workout,db_biceps_curl,0,9.0,7.597838044183336,
rpe_only_143_sets,M2_exercise_plus_cumulative_tut,2,hsianshun0514workout,db_biceps_curl,1,10.0,8.129400383941471,
rpe_only_143_sets,M2_exercise_plus_cumulative_tut,2,hsianshun0514workout,db_biceps_curl,2,10.0,8.829742699510513,
rpe_only_143_sets,M2_exercise_plus_cumulative_tut,2,hsianshun0514workout,db_rdl,0,4.0,6.064360260908039,
rpe_only_143_sets,M2_exercise_plus_cumulative_tut,2,hsianshun0514workout,db_rdl,1,6.0,6.856974568234227,
rpe_only_143_sets,M2_exercise_plus_cumulative_tut,2,hsianshun0514workout,db_rdl,2,8.0,7.643493459248438,
rpe_only_143_sets,M2_exercise_plus_cumulative_tut,2,hsianshun0514workout,db_shoulder_press,1,9.0,7.445676311472481,
rpe_only_143_sets,M2_exercise_plus_cumulative_tut,2,hsianshun0514workout,db_shoulder_press,2,10.0,8.245016595418779,
rpe_only_143_sets,M2_exercise_plus_cumulative_tut,2,hsianshun0514workout,db_shoulder_press,3,10.0,9.019975214117174,
rpe_only_143_sets,M2_exercise_plus_cumulative_tut,2,hsianshun0514workout,db_squat,0,4.0,5.545669867468835,
rpe_only_143_sets,M2_exercise_plus_cumulative_tut,2,hsianshun0514workout,db_squat,1,6.0,6.187370074381285,
rpe_only_143_sets,M2_exercise_plus_cumulative_tut,2,hsianshun0514workout,db_squat,2,7.0,6.780727324336688,
rpe_only_143_sets,M2_exercise_plus_cumulative_tut,2,hsianshun0514workout,db_triceps_curl,0,4.0,5.954500253522845,
rpe_only_143_sets,M2_exercise_plus_cumulative_tut,2,hsianshun0514workout,db_triceps_curl,1,7.0,6.713484677748477,
rpe_only_143_sets,M2_exercise_plus_cumulative_tut,2,hsianshun0514workout,db_triceps_curl,2,8.0,7.390916635455266,
rpe_only_143_sets,M2_exercise_plus_cumulative_tut,2,hsianshun0514workout,db_weighted_crunch,0,5.0,5.6361646700736765,
rpe_only_143_sets,M2_exercise_plus_cumulative_tut,2,hsianshun0514workout,db_weighted_crunch,2,7.0,6.532611241472825,
rpe_only_143_sets,M2_exercise_plus_cumulative_tut,2,hsianshun0514workout,db_weighted_crunch,3,7.0,7.459114520893094,
rpe_only_143_sets,M2_exercise_plus_cumulative_tut,2,hsianshun0514workout,one_arm_db_row,1,7.0,6.701986495910547,
rpe_only_143_sets,M2_exercise_plus_cumulative_tut,2,hsianshun0514workout,one_arm_db_row,2,8.0,7.314260555110012,
rpe_only_143_sets,M2_exercise_plus_cumulative_tut,3,tsenyu0515workout,db_bench_press,0,3.0,5.732665881086104,
rpe_only_143_sets,M2_exercise_plus_cumulative_tut,3,tsenyu0515workout,db_bench_press,1,6.0,7.262426146795093,
rpe_only_143_sets,M2_exercise_plus_cumulative_tut,3,tsenyu0515workout,db_bench_press,2,8.0,8.844006096875308,
rpe_only_143_sets,M2_exercise_plus_cumulative_tut,3,tsenyu0515workout,db_biceps_curl,0,6.0,8.641192157109115,
rpe_only_143_sets,M2_exercise_plus_cumulative_tut,3,tsenyu0515workout,db_biceps_curl,1,9.0,10.141533956169853,
rpe_only_143_sets,M2_exercise_plus_cumulative_tut,3,tsenyu0515workout,db_biceps_curl,2,9.0,11.805701528216716,
rpe_only_143_sets,M2_exercise_plus_cumulative_tut,3,tsenyu0515workout,db_rdl,0,6.0,6.797208613648675,
rpe_only_143_sets,M2_exercise_plus_cumulative_tut,3,tsenyu0515workout,db_rdl,1,10.0,8.988749431848566,
rpe_only_143_sets,M2_exercise_plus_cumulative_tut,3,tsenyu0515workout,db_rdl,2,6.0,10.352524771055961,
rpe_only_143_sets,M2_exercise_plus_cumulative_tut,3,tsenyu0515workout,db_shoulder_press,0,5.0,8.194429740234051,
rpe_only_143_sets,M2_exercise_plus_cumulative_tut,3,tsenyu0515workout,db_shoulder_press,1,8.0,9.73822450379358,
rpe_only_143_sets,M2_exercise_plus_cumulative_tut,3,tsenyu0515workout,db_shoulder_press,2,9.0,11.238566302854318,
rpe_only_143_sets,M2_exercise_plus_cumulative_tut,3,tsenyu0515workout,db_squat,1,4.0,6.115586385956693,
rpe_only_143_sets,M2_exercise_plus_cumulative_tut,3,tsenyu0515workout,db_squat,2,6.0,7.482060667058422,
rpe_only_143_sets,M2_exercise_plus_cumulative_tut,3,tsenyu0515workout,db_squat,3,5.0,8.630730337287332,
rpe_only_143_sets,M2_exercise_plus_cumulative_tut,3,tsenyu0515workout,db_triceps_curl,0,4.0,6.3688021141734446,
rpe_only_143_sets,M2_exercise_plus_cumulative_tut,3,tsenyu0515workout,db_triceps_curl,1,6.0,7.610045491378038,
rpe_only_143_sets,M2_exercise_plus_cumulative_tut,3,tsenyu0515workout,db_triceps_curl,2,7.0,8.899060140112358,
rpe_only_143_sets,M2_exercise_plus_cumulative_tut,3,tsenyu0515workout,db_weighted_crunch,0,3.0,5.534745946704927,
rpe_only_143_sets,M2_exercise_plus_cumulative_tut,3,tsenyu0515workout,db_weighted_crunch,1,5.0,6.5994785240200216,
rpe_only_143_sets,M2_exercise_plus_cumulative_tut,3,tsenyu0515workout,db_weighted_crunch,2,7.0,7.659353005925314,
rpe_only_143_sets,M2_exercise_plus_cumulative_tut,3,tsenyu0515workout,one_arm_db_row,0,5.0,7.294292455162569,
rpe_only_143_sets,M2_exercise_plus_cumulative_tut,3,tsenyu0515workout,one_arm_db_row,1,8.0,8.761167374733555,
rpe_only_143_sets,M2_exercise_plus_cumulative_tut,3,tsenyu0515workout,one_arm_db_row,2,9.0,10.210229277801933,
rpe_only_143_sets,M2_exercise_plus_cumulative_tut,4,yanz0510workout,db_bench_press,2,5.0,5.614303435473489,
rpe_only_143_sets,M2_exercise_plus_cumulative_tut,4,yanz0510workout,db_bench_press,3,7.0,6.5460426081076655,
rpe_only_143_sets,M2_exercise_plus_cumulative_tut,4,yanz0510workout,db_bench_press,4,8.0,7.29583688323649,
rpe_only_143_sets,M2_exercise_plus_cumulative_tut,4,yanz0510workout,db_biceps_curl,0,7.0,7.551493999317795,
rpe_only_143_sets,M2_exercise_plus_cumulative_tut,4,yanz0510workout,db_biceps_curl,1,9.0,8.24927318512421,
rpe_only_143_sets,M2_exercise_plus_cumulative_tut,4,yanz0510workout,db_biceps_curl,2,10.0,8.754315961117719,
rpe_only_143_sets,M2_exercise_plus_cumulative_tut,4,yanz0510workout,db_rdl,0,5.0,5.987008843205021,
rpe_only_143_sets,M2_exercise_plus_cumulative_tut,4,yanz0510workout,db_rdl,1,8.0,7.005511774791929,
rpe_only_143_sets,M2_exercise_plus_cumulative_tut,4,yanz0510workout,db_rdl,2,9.0,7.99250349044078,
rpe_only_143_sets,M2_exercise_plus_cumulative_tut,4,yanz0510workout,db_shoulder_press,1,8.0,7.361171024046152,
rpe_only_143_sets,M2_exercise_plus_cumulative_tut,4,yanz0510workout,db_shoulder_press,2,10.0,7.865350479055056,
rpe_only_143_sets,M2_exercise_plus_cumulative_tut,4,yanz0510workout,db_shoulder_press,3,10.0,8.241110937604072,
rpe_only_143_sets,M2_exercise_plus_cumulative_tut,4,yanz0510workout,db_squat,0,7.0,5.182053489872433,
rpe_only_143_sets,M2_exercise_plus_cumulative_tut,4,yanz0510workout,db_squat,1,8.0,5.815083601833527,
rpe_only_143_sets,M2_exercise_plus_cumulative_tut,4,yanz0510workout,db_squat,2,9.0,6.4459554113331095,
rpe_only_143_sets,M2_exercise_plus_cumulative_tut,4,yanz0510workout,db_triceps_curl,0,7.0,5.734115006130011,
rpe_only_143_sets,M2_exercise_plus_cumulative_tut,4,yanz0510workout,db_triceps_curl,2,8.0,6.395203050090744,
rpe_only_143_sets,M2_exercise_plus_cumulative_tut,4,yanz0510workout,db_triceps_curl,4,9.0,7.081759063097303,
rpe_only_143_sets,M2_exercise_plus_cumulative_tut,4,yanz0510workout,db_weighted_crunch,0,6.0,5.441634096216471,
rpe_only_143_sets,M2_exercise_plus_cumulative_tut,4,yanz0510workout,db_weighted_crunch,2,7.0,6.275817997590363,
rpe_only_143_sets,M2_exercise_plus_cumulative_tut,4,yanz0510workout,db_weighted_crunch,3,8.0,7.029713047396057,
rpe_only_143_sets,M2_exercise_plus_cumulative_tut,4,yanz0510workout,one_arm_db_row,0,6.0,6.891060956915973,
rpe_only_143_sets,M2_exercise_plus_cumulative_tut,4,yanz0510workout,one_arm_db_row,1,7.0,7.588624312476236,
rpe_only_143_sets,M2_exercise_plus_cumulative_tut,4,yanz0510workout,one_arm_db_row,2,9.0,8.278633609421213,
rpe_only_143_sets,M2_exercise_plus_cumulative_tut,5,yoru0511workout,db_bench_press,0,3.0,6.0048490121803475,
rpe_only_143_sets,M2_exercise_plus_cumulative_tut,5,yoru0511workout,db_bench_press,4,5.0,6.750640228254508,
rpe_only_143_sets,M2_exercise_plus_cumulative_tut,5,yoru0511workout,db_bench_press,5,7.0,7.482249949467139,
rpe_only_143_sets,M2_exercise_plus_cumulative_tut,5,yoru0511workout,db_biceps_curl,0,6.0,7.679009330401719,
rpe_only_143_sets,M2_exercise_plus_cumulative_tut,5,yoru0511workout,db_biceps_curl,1,8.0,8.281431461437398,
rpe_only_143_sets,M2_exercise_plus_cumulative_tut,5,yoru0511workout,db_biceps_curl,2,9.0,8.905611502397617,
rpe_only_143_sets,M2_exercise_plus_cumulative_tut,5,yoru0511workout,db_rdl,0,6.0,6.139472853774132,
rpe_only_143_sets,M2_exercise_plus_cumulative_tut,5,yoru0511workout,db_rdl,1,6.0,6.94548685624657,
rpe_only_143_sets,M2_exercise_plus_cumulative_tut,5,yoru0511workout,db_rdl,2,7.0,7.685838594839597,
rpe_only_143_sets,M2_exercise_plus_cumulative_tut,5,yoru0511workout,db_shoulder_press,0,7.0,7.547007084362613,
rpe_only_143_sets,M2_exercise_plus_cumulative_tut,5,yoru0511workout,db_shoulder_press,1,8.0,8.145738141393236,
rpe_only_143_sets,M2_exercise_plus_cumulative_tut,5,yoru0511workout,db_shoulder_press,2,9.0,8.720768617970343,
rpe_only_143_sets,M2_exercise_plus_cumulative_tut,5,yoru0511workout,db_squat,0,4.0,5.808767858132905,
rpe_only_143_sets,M2_exercise_plus_cumulative_tut,5,yoru0511workout,db_squat,1,5.0,6.483457332846518,
rpe_only_143_sets,M2_exercise_plus_cumulative_tut,5,yoru0511workout,db_squat,2,6.0,7.152318795973201,
rpe_only_143_sets,M2_exercise_plus_cumulative_tut,5,yoru0511workout,db_triceps_curl,0,5.0,6.295963983969859,
rpe_only_143_sets,M2_exercise_plus_cumulative_tut,5,yoru0511workout,db_triceps_curl,1,5.0,6.853898959891972,
rpe_only_143_sets,M2_exercise_plus_cumulative_tut,5,yoru0511workout,db_triceps_curl,2,6.0,7.4042575207510755,
rpe_only_143_sets,M2_exercise_plus_cumulative_tut,5,yoru0511workout,db_weighted_crunch,0,6.0,5.396286146750381,
rpe_only_143_sets,M2_exercise_plus_cumulative_tut,5,yoru0511workout,db_weighted_crunch,1,7.0,6.038338756577184,
rpe_only_143_sets,M2_exercise_plus_cumulative_tut,5,yoru0511workout,db_weighted_crunch,2,7.0,6.63027046675639,
rpe_only_143_sets,M2_exercise_plus_cumulative_tut,5,yoru0511workout,one_arm_db_row,0,5.0,6.980467141700871,
rpe_only_143_sets,M2_exercise_plus_cumulative_tut,5,yoru0511workout,one_arm_db_row,2,7.0,7.566959374398941,
rpe_only_143_sets,M2_exercise_plus_cumulative_tut,5,yoru0511workout,one_arm_db_row,3,8.0,8.172101244175188,
rpe_only_143_sets,M2_exercise_plus_cumulative_tut,6,yushuan0513workout,db_bench_press,0,9.0,5.207619404370378,
rpe_only_143_sets,M2_exercise_plus_cumulative_tut,6,yushuan0513workout,db_bench_press,1,10.0,6.2139079343616626,
rpe_only_143_sets,M2_exercise_plus_cumulative_tut,6,yushuan0513workout,db_bench_press,3,10.0,6.949506879957173,
rpe_only_143_sets,M2_exercise_plus_cumulative_tut,6,yushuan0513workout,db_biceps_curl,0,7.0,7.534168667020381,
rpe_only_143_sets,M2_exercise_plus_cumulative_tut,6,yushuan0513workout,db_biceps_curl,1,9.0,8.269993187269556,
rpe_only_143_sets,M2_exercise_plus_cumulative_tut,6,yushuan0513workout,db_biceps_curl,2,10.0,9.049804764983044,
rpe_only_143_sets,M2_exercise_plus_cumulative_tut,6,yushuan0513workout,db_rdl,0,6.0,6.132341107770466,
rpe_only_143_sets,M2_exercise_plus_cumulative_tut,6,yushuan0513workout,db_rdl,1,8.0,7.216227318621871,
rpe_only_143_sets,M2_exercise_plus_cumulative_tut,6,yushuan0513workout,db_rdl,2,8.0,8.335754324752052,
rpe_only_143_sets,M2_exercise_plus_cumulative_tut,6,yushuan0513workout,db_shoulder_press,0,8.0,7.842857885180006,
rpe_only_143_sets,M2_exercise_plus_cumulative_tut,6,yushuan0513workout,db_shoulder_press,1,9.0,9.106301520347273,
rpe_only_143_sets,M2_exercise_plus_cumulative_tut,6,yushuan0513workout,db_shoulder_press,2,10.0,10.182743767627795,
rpe_only_143_sets,M2_exercise_plus_cumulative_tut,6,yushuan0513workout,db_squat,0,6.0,5.46458854016463,
rpe_only_143_sets,M2_exercise_plus_cumulative_tut,6,yushuan0513workout,db_squat,1,7.0,6.376812439578384,
rpe_only_143_sets,M2_exercise_plus_cumulative_tut,6,yushuan0513workout,db_squat,2,8.0,7.295578003948368,
rpe_only_143_sets,M2_exercise_plus_cumulative_tut,6,yushuan0513workout,db_triceps_curl,0,6.0,5.837565146559951,
rpe_only_143_sets,M2_exercise_plus_cumulative_tut,6,yushuan0513workout,db_triceps_curl,1,7.0,6.530981631920454,
rpe_only_143_sets,M2_exercise_plus_cumulative_tut,6,yushuan0513workout,db_triceps_curl,2,9.0,7.299965626258111,
rpe_only_143_sets,M2_exercise_plus_cumulative_tut,6,yushuan0513workout,db_weighted_crunch,0,5.0,5.668373964530604,
rpe_only_143_sets,M2_exercise_plus_cumulative_tut,6,yushuan0513workout,db_weighted_crunch,1,6.0,6.709626565839674,
rpe_only_143_sets,M2_exercise_plus_cumulative_tut,6,yushuan0513workout,db_weighted_crunch,2,7.0,7.714110498601653,
rpe_only_143_sets,M2_exercise_plus_cumulative_tut,6,yushuan0513workout,one_arm_db_row,0,9.0,6.8546753896457755,
rpe_only_143_sets,M2_exercise_plus_cumulative_tut,6,yushuan0513workout,one_arm_db_row,1,8.0,7.7991564645333575,
rpe_only_143_sets,M2_exercise_plus_cumulative_tut,6,yushuan0513workout,one_arm_db_row,2,9.0,8.610548493759685,
rpe_only_143_sets,M3_progression_control,1,haoyu0512workout,db_bench_press,0,8.0,5.4274013297563055,
rpe_only_143_sets,M3_progression_control,1,haoyu0512workout,db_bench_press,1,9.0,6.582067014838697,
rpe_only_143_sets,M3_progression_control,1,haoyu0512workout,db_bench_press,2,9.0,7.76688613114915,
rpe_only_143_sets,M3_progression_control,1,haoyu0512workout,db_biceps_curl,0,9.0,7.60684237645441,
rpe_only_143_sets,M3_progression_control,1,haoyu0512workout,db_biceps_curl,1,9.0,8.6808937862128,
rpe_only_143_sets,M3_progression_control,1,haoyu0512workout,db_biceps_curl,3,9.0,10.276388825264295,
rpe_only_143_sets,M3_progression_control,1,haoyu0512workout,db_rdl,0,9.0,5.777471815585521,
rpe_only_143_sets,M3_progression_control,1,haoyu0512workout,db_rdl,1,9.0,6.9139223667015735,
rpe_only_143_sets,M3_progression_control,1,haoyu0512workout,db_rdl,2,9.0,8.150186928943983,
rpe_only_143_sets,M3_progression_control,1,haoyu0512workout,db_shoulder_press,0,7.0,7.498764920677441,
rpe_only_143_sets,M3_progression_control,1,haoyu0512workout,db_shoulder_press,1,9.0,8.558662679043069,
rpe_only_143_sets,M3_progression_control,1,haoyu0512workout,db_shoulder_press,2,9.0,9.718251373305552,
rpe_only_143_sets,M3_progression_control,1,haoyu0512workout,db_squat,0,6.0,5.148461297568965,
rpe_only_143_sets,M3_progression_control,1,haoyu0512workout,db_squat,1,9.0,6.1388215512657975,
rpe_only_143_sets,M3_progression_control,1,haoyu0512workout,db_squat,2,8.0,7.076997907653659,
rpe_only_143_sets,M3_progression_control,1,haoyu0512workout,db_triceps_curl,0,7.0,5.629415559558264,
rpe_only_143_sets,M3_progression_control,1,haoyu0512workout,db_triceps_curl,1,9.0,6.728205090446615,
rpe_only_143_sets,M3_progression_control,1,haoyu0512workout,db_triceps_curl,2,9.0,7.781087560730611,
rpe_only_143_sets,M3_progression_control,1,haoyu0512workout,db_weighted_crunch,0,6.0,5.074698829142139,
rpe_only_143_sets,M3_progression_control,1,haoyu0512workout,db_weighted_crunch,1,7.0,6.126473622360615,
rpe_only_143_sets,M3_progression_control,1,haoyu0512workout,db_weighted_crunch,2,9.0,7.143048899941435,
rpe_only_143_sets,M3_progression_control,1,haoyu0512workout,one_arm_db_row,0,9.0,6.55792310983133,
rpe_only_143_sets,M3_progression_control,1,haoyu0512workout,one_arm_db_row,1,9.0,7.628897638852164,
rpe_only_143_sets,M3_progression_control,1,haoyu0512workout,one_arm_db_row,2,9.0,8.667872608202401,
rpe_only_143_sets,M3_progression_control,2,hsianshun0514workout,db_bench_press,0,4.0,6.000630616113238,
rpe_only_143_sets,M3_progression_control,2,hsianshun0514workout,db_bench_press,1,6.0,7.159452541482201,
rpe_only_143_sets,M3_progression_control,2,hsianshun0514workout,db_bench_press,2,7.0,8.276978503035188,
rpe_only_143_sets,M3_progression_control,2,hsianshun0514workout,db_biceps_curl,0,9.0,7.5121659415022215,
rpe_only_143_sets,M3_progression_control,2,hsianshun0514workout,db_biceps_curl,1,10.0,8.163270270245706,
rpe_only_143_sets,M3_progression_control,2,hsianshun0514workout,db_biceps_curl,2,10.0,8.951970694193461,
rpe_only_143_sets,M3_progression_control,2,hsianshun0514workout,db_rdl,0,4.0,6.105231300493241,
rpe_only_143_sets,M3_progression_control,2,hsianshun0514workout,db_rdl,1,6.0,6.969155492553919,
rpe_only_143_sets,M3_progression_control,2,hsianshun0514workout,db_rdl,2,8.0,7.828110460752923,
rpe_only_143_sets,M3_progression_control,2,hsianshun0514workout,db_shoulder_press,1,9.0,7.5770477720619125,
rpe_only_143_sets,M3_progression_control,2,hsianshun0514workout,db_shoulder_press,2,10.0,8.446455245625126,
rpe_only_143_sets,M3_progression_control,2,hsianshun0514workout,db_shoulder_press,3,10.0,9.295985823741646,
rpe_only_143_sets,M3_progression_control,2,hsianshun0514workout,db_squat,0,4.0,5.467944058064123,
rpe_only_143_sets,M3_progression_control,2,hsianshun0514workout,db_squat,1,6.0,6.20883712141164,
rpe_only_143_sets,M3_progression_control,2,hsianshun0514workout,db_squat,2,7.0,6.910319098959676,
rpe_only_143_sets,M3_progression_control,2,hsianshun0514workout,db_triceps_curl,0,4.0,5.874607953160104,
rpe_only_143_sets,M3_progression_control,2,hsianshun0514workout,db_triceps_curl,1,7.0,6.711115737708099,
rpe_only_143_sets,M3_progression_control,2,hsianshun0514workout,db_triceps_curl,2,8.0,7.481138734037841,
rpe_only_143_sets,M3_progression_control,2,hsianshun0514workout,db_weighted_crunch,0,5.0,5.531674409477876,
rpe_only_143_sets,M3_progression_control,2,hsianshun0514workout,db_weighted_crunch,2,7.0,6.698000497230113,
rpe_only_143_sets,M3_progression_control,2,hsianshun0514workout,db_weighted_crunch,3,7.0,7.671076261700656,
rpe_only_143_sets,M3_progression_control,2,hsianshun0514workout,one_arm_db_row,1,7.0,6.8751204709617895,
rpe_only_143_sets,M3_progression_control,2,hsianshun0514workout,one_arm_db_row,2,8.0,7.592024177735709,
rpe_only_143_sets,M3_progression_control,3,tsenyu0515workout,db_bench_press,0,3.0,5.694272702233839,
rpe_only_143_sets,M3_progression_control,3,tsenyu0515workout,db_bench_press,1,6.0,7.213712596675451,
rpe_only_143_sets,M3_progression_control,3,tsenyu0515workout,db_bench_press,2,8.0,8.78290643117506,
rpe_only_143_sets,M3_progression_control,3,tsenyu0515workout,db_biceps_curl,0,6.0,8.59040497735894,
rpe_only_143_sets,M3_progression_control,3,tsenyu0515workout,db_biceps_curl,1,9.0,10.08159914541346,
rpe_only_143_sets,M3_progression_control,3,tsenyu0515workout,db_biceps_curl,2,9.0,11.730088321880505,
rpe_only_143_sets,M3_progression_control,3,tsenyu0515workout,db_rdl,0,6.0,6.7626037071115475,
rpe_only_143_sets,M3_progression_control,3,tsenyu0515workout,db_rdl,1,10.0,8.91744287771051,
rpe_only_143_sets,M3_progression_control,3,tsenyu0515workout,db_rdl,2,6.0,10.277514682903847,
rpe_only_143_sets,M3_progression_control,3,tsenyu0515workout,db_shoulder_press,0,5.0,8.149964540472673,
rpe_only_143_sets,M3_progression_control,3,tsenyu0515workout,db_shoulder_press,1,8.0,9.68287946034666,
rpe_only_143_sets,M3_progression_control,3,tsenyu0515workout,db_shoulder_press,2,9.0,11.17407362840118,
rpe_only_143_sets,M3_progression_control,3,tsenyu0515workout,db_squat,1,4.0,6.1377100065627,
rpe_only_143_sets,M3_progression_control,3,tsenyu0515workout,db_squat,2,6.0,7.500373162800724,
rpe_only_143_sets,M3_progression_control,3,tsenyu0515workout,db_squat,3,5.0,8.653914289732475,
rpe_only_143_sets,M3_progression_control,3,tsenyu0515workout,db_triceps_curl,0,4.0,6.335940227102286,
rpe_only_143_sets,M3_progression_control,3,tsenyu0515workout,db_triceps_curl,1,6.0,7.578364694866815,
rpe_only_143_sets,M3_progression_control,3,tsenyu0515workout,db_triceps_curl,2,7.0,8.866656076122311,
rpe_only_143_sets,M3_progression_control,3,tsenyu0515workout,db_weighted_crunch,0,3.0,5.515950713361727,
rpe_only_143_sets,M3_progression_control,3,tsenyu0515workout,db_weighted_crunch,1,5.0,6.588900822803701,
rpe_only_143_sets,M3_progression_control,3,tsenyu0515workout,db_weighted_crunch,2,7.0,7.657186500365237,
rpe_only_143_sets,M3_progression_control,3,tsenyu0515workout,one_arm_db_row,0,5.0,7.255099082212999,
rpe_only_143_sets,M3_progression_control,3,tsenyu0515workout,one_arm_db_row,1,8.0,8.714160497313394,
rpe_only_143_sets,M3_progression_control,3,tsenyu0515workout,one_arm_db_row,2,9.0,10.156118995518852,
rpe_only_143_sets,M3_progression_control,4,yanz0510workout,db_bench_press,2,5.0,5.890983227366907,
rpe_only_143_sets,M3_progression_control,4,yanz0510workout,db_bench_press,3,7.0,6.86216789399734,
rpe_only_143_sets,M3_progression_control,4,yanz0510workout,db_bench_press,4,8.0,7.6769509643965215,
rpe_only_143_sets,M3_progression_control,4,yanz0510workout,db_biceps_curl,0,7.0,7.515588246468665,
rpe_only_143_sets,M3_progression_control,4,yanz0510workout,db_biceps_curl,1,9.0,8.285658642263183,
rpe_only_143_sets,M3_progression_control,4,yanz0510workout,db_biceps_curl,2,10.0,8.89005095331926,
rpe_only_143_sets,M3_progression_control,4,yanz0510workout,db_rdl,0,5.0,5.9868955762140565,
rpe_only_143_sets,M3_progression_control,4,yanz0510workout,db_rdl,1,8.0,7.032663210442309,
rpe_only_143_sets,M3_progression_control,4,yanz0510workout,db_rdl,2,9.0,8.051343498229562,
rpe_only_143_sets,M3_progression_control,4,yanz0510workout,db_shoulder_press,1,8.0,7.481120329272041,
rpe_only_143_sets,M3_progression_control,4,yanz0510workout,db_shoulder_press,2,10.0,8.084770521247542,
rpe_only_143_sets,M3_progression_control,4,yanz0510workout,db_shoulder_press,3,10.0,8.578030499987463,
rpe_only_143_sets,M3_progression_control,4,yanz0510workout,db_squat,0,7.0,5.103196848899074,
rpe_only_143_sets,M3_progression_control,4,yanz0510workout,db_squat,1,8.0,5.817608313650443,
rpe_only_143_sets,M3_progression_control,4,yanz0510workout,db_squat,2,9.0,6.530164480700374,
rpe_only_143_sets,M3_progression_control,4,yanz0510workout,db_triceps_curl,0,7.0,5.685885511326217,
rpe_only_143_sets,M3_progression_control,4,yanz0510workout,db_triceps_curl,2,8.0,6.594668495115793,
rpe_only_143_sets,M3_progression_control,4,yanz0510workout,db_triceps_curl,4,9.0,7.525343991782341,
rpe_only_143_sets,M3_progression_control,4,yanz0510workout,db_weighted_crunch,0,6.0,5.365475637418963,
rpe_only_143_sets,M3_progression_control,4,yanz0510workout,db_weighted_crunch,2,7.0,6.423053496863893,
rpe_only_143_sets,M3_progression_control,4,yanz0510workout,db_weighted_crunch,3,8.0,7.241361632895807,
rpe_only_143_sets,M3_progression_control,4,yanz0510workout,one_arm_db_row,0,6.0,6.819389348939464,
rpe_only_143_sets,M3_progression_control,4,yanz0510workout,one_arm_db_row,1,7.0,7.589274214963838,
rpe_only_143_sets,M3_progression_control,4,yanz0510workout,one_arm_db_row,2,9.0,8.352665539033179,
rpe_only_143_sets,M3_progression_control,5,yoru0511workout,db_bench_press,0,3.0,5.830279733133901,
rpe_only_143_sets,M3_progression_control,5,yoru0511workout,db_bench_press,4,5.0,8.36971432451827,
rpe_only_143_sets,M3_progression_control,5,yoru0511workout,db_bench_press,5,7.0,9.284354185875113,
rpe_only_143_sets,M3_progression_control,5,yoru0511workout,db_biceps_curl,0,6.0,7.644541287560016,
rpe_only_143_sets,M3_progression_control,5,yoru0511workout,db_biceps_curl,1,8.0,8.492881101884468,
rpe_only_143_sets,M3_progression_control,5,yoru0511workout,db_biceps_curl,2,9.0,9.352387239919636,
rpe_only_143_sets,M3_progression_control,5,yoru0511workout,db_rdl,0,6.0,6.213581463783035,
rpe_only_143_sets,M3_progression_control,5,yoru0511workout,db_rdl,1,6.0,7.166406164257782,
rpe_only_143_sets,M3_progression_control,5,yoru0511workout,db_rdl,2,7.0,8.085532494962681,
rpe_only_143_sets,M3_progression_control,5,yoru0511workout,db_shoulder_press,0,7.0,7.366166723414491,
rpe_only_143_sets,M3_progression_control,5,yoru0511workout,db_shoulder_press,1,8.0,8.212612250680873,
rpe_only_143_sets,M3_progression_control,5,yoru0511workout,db_shoulder_press,2,9.0,9.04689446104808,
rpe_only_143_sets,M3_progression_control,5,yoru0511workout,db_squat,0,4.0,5.582434360177824,
rpe_only_143_sets,M3_progression_control,5,yoru0511workout,db_squat,1,5.0,6.467862321112876,
rpe_only_143_sets,M3_progression_control,5,yoru0511workout,db_squat,2,6.0,7.350299302482557,
rpe_only_143_sets,M3_progression_control,5,yoru0511workout,db_triceps_curl,0,5.0,6.057980702656371,
rpe_only_143_sets,M3_progression_control,5,yoru0511workout,db_triceps_curl,1,5.0,6.883489372965156,
rpe_only_143_sets,M3_progression_control,5,yoru0511workout,db_triceps_curl,2,6.0,7.705109769838959,
rpe_only_143_sets,M3_progression_control,5,yoru0511workout,db_weighted_crunch,0,6.0,5.1739817229072775,
rpe_only_143_sets,M3_progression_control,5,yoru0511workout,db_weighted_crunch,1,7.0,6.042660198276252,
rpe_only_143_sets,M3_progression_control,5,yoru0511workout,db_weighted_crunch,2,7.0,6.885616249383035,
rpe_only_143_sets,M3_progression_control,5,yoru0511workout,one_arm_db_row,0,5.0,6.896879795601755,
rpe_only_143_sets,M3_progression_control,5,yoru0511workout,one_arm_db_row,2,7.0,8.276216492364789,
rpe_only_143_sets,M3_progression_control,5,yoru0511workout,one_arm_db_row,3,8.0,9.125952097153078,
rpe_only_143_sets,M3_progression_control,6,yushuan0513workout,db_bench_press,0,9.0,4.861696029993073,
rpe_only_143_sets,M3_progression_control,6,yushuan0513workout,db_bench_press,1,10.0,5.951972036634871,
rpe_only_143_sets,M3_progression_control,6,yushuan0513workout,db_bench_press,3,10.0,7.224413905371892,
rpe_only_143_sets,M3_progression_control,6,yushuan0513workout,db_biceps_curl,0,7.0,7.438924621860246,
rpe_only_143_sets,M3_progression_control,6,yushuan0513workout,db_biceps_curl,1,9.0,8.33686286780405,
rpe_only_143_sets,M3_progression_control,6,yushuan0513workout,db_biceps_curl,2,10.0,9.26608206732259,
rpe_only_143_sets,M3_progression_control,6,yushuan0513workout,db_rdl,0,6.0,6.0653688097951095,
rpe_only_143_sets,M3_progression_control,6,yushuan0513workout,db_rdl,1,8.0,7.210827626845672,
rpe_only_143_sets,M3_progression_control,6,yushuan0513workout,db_rdl,2,8.0,8.3816320370491,
rpe_only_143_sets,M3_progression_control,6,yushuan0513workout,db_shoulder_press,0,8.0,7.51535140735516,
rpe_only_143_sets,M3_progression_control,6,yushuan0513workout,db_shoulder_press,1,9.0,8.788500681049262,
rpe_only_143_sets,M3_progression_control,6,yushuan0513workout,db_shoulder_press,2,10.0,9.9286657982641,
rpe_only_143_sets,M3_progression_control,6,yushuan0513workout,db_squat,0,6.0,5.248479620529913,
rpe_only_143_sets,M3_progression_control,6,yushuan0513workout,db_squat,1,7.0,6.271862511065736,
rpe_only_143_sets,M3_progression_control,6,yushuan0513workout,db_squat,2,8.0,7.299897440851135,
rpe_only_143_sets,M3_progression_control,6,yushuan0513workout,db_triceps_curl,0,6.0,5.647536764070194,
rpe_only_143_sets,M3_progression_control,6,yushuan0513workout,db_triceps_curl,1,7.0,6.515316962465022,
rpe_only_143_sets,M3_progression_control,6,yushuan0513workout,db_triceps_curl,2,9.0,7.43683623494978,
rpe_only_143_sets,M3_progression_control,6,yushuan0513workout,db_weighted_crunch,0,5.0,5.4259548944957885,
rpe_only_143_sets,M3_progression_control,6,yushuan0513workout,db_weighted_crunch,1,6.0,6.541095248850838,
rpe_only_143_sets,M3_progression_control,6,yushuan0513workout,db_weighted_crunch,2,7.0,7.630087934320339,
rpe_only_143_sets,M3_progression_control,6,yushuan0513workout,one_arm_db_row,0,9.0,6.605849732745365,
rpe_only_143_sets,M3_progression_control,6,yushuan0513workout,one_arm_db_row,1,8.0,7.6521719892359945,
rpe_only_143_sets,M3_progression_control,6,yushuan0513workout,one_arm_db_row,2,9.0,8.60384930926973,
rpe_only_143_sets,M4_add_one__kg,1,haoyu0512workout,db_bench_press,0,8.0,5.319782312360695,kg
rpe_only_143_sets,M4_add_one__kg,1,haoyu0512workout,db_bench_press,1,9.0,6.444256141376208,kg
rpe_only_143_sets,M4_add_one__kg,1,haoyu0512workout,db_bench_press,2,9.0,7.594844213599165,kg
rpe_only_143_sets,M4_add_one__kg,1,haoyu0512workout,db_biceps_curl,0,9.0,7.622527126561196,kg
rpe_only_143_sets,M4_add_one__kg,1,haoyu0512workout,db_biceps_curl,1,9.0,8.677185325777213,kg
rpe_only_143_sets,M4_add_one__kg,1,haoyu0512workout,db_biceps_curl,3,9.0,10.307918246652402,kg
rpe_only_143_sets,M4_add_one__kg,1,haoyu0512workout,db_rdl,0,9.0,5.769172428337643,kg
rpe_only_143_sets,M4_add_one__kg,1,haoyu0512workout,db_rdl,1,9.0,6.8778711226809035,kg
rpe_only_143_sets,M4_add_one__kg,1,haoyu0512workout,db_rdl,2,9.0,8.073013291478196,kg
rpe_only_143_sets,M4_add_one__kg,1,haoyu0512workout,db_shoulder_press,0,7.0,7.611600183400159,kg
rpe_only_143_sets,M4_add_one__kg,1,haoyu0512workout,db_shoulder_press,1,9.0,8.654000676620846,kg
rpe_only_143_sets,M4_add_one__kg,1,haoyu0512workout,db_shoulder_press,2,9.0,9.782738055547778,kg
rpe_only_143_sets,M4_add_one__kg,1,haoyu0512workout,db_squat,0,6.0,5.155290194169643,kg
rpe_only_143_sets,M4_add_one__kg,1,haoyu0512workout,db_squat,1,9.0,6.137468044891528,kg
rpe_only_143_sets,M4_add_one__kg,1,haoyu0512workout,db_squat,2,8.0,7.074452266552366,kg
rpe_only_143_sets,M4_add_one__kg,1,haoyu0512workout,db_triceps_curl,0,7.0,5.596849159967305,kg
rpe_only_143_sets,M4_add_one__kg,1,haoyu0512workout,db_triceps_curl,1,9.0,6.672931697488206,kg
rpe_only_143_sets,M4_add_one__kg,1,haoyu0512workout,db_triceps_curl,2,9.0,7.70925663208512,kg
rpe_only_143_sets,M4_add_one__kg,1,haoyu0512workout,db_weighted_crunch,0,6.0,5.089075749781621,kg
rpe_only_143_sets,M4_add_one__kg,1,haoyu0512workout,db_weighted_crunch,1,7.0,6.124441385648465,kg
rpe_only_143_sets,M4_add_one__kg,1,haoyu0512workout,db_weighted_crunch,2,9.0,7.1293226396486595,kg
rpe_only_143_sets,M4_add_one__kg,1,haoyu0512workout,one_arm_db_row,0,9.0,6.492010735536085,kg
rpe_only_143_sets,M4_add_one__kg,1,haoyu0512workout,one_arm_db_row,1,9.0,7.544004216057466,kg
rpe_only_143_sets,M4_add_one__kg,1,haoyu0512workout,one_arm_db_row,2,9.0,8.56828462215462,kg
rpe_only_143_sets,M4_add_one__kg,2,hsianshun0514workout,db_bench_press,0,4.0,5.563215355544547,kg
rpe_only_143_sets,M4_add_one__kg,2,hsianshun0514workout,db_bench_press,1,6.0,6.705182926900597,kg
rpe_only_143_sets,M4_add_one__kg,2,hsianshun0514workout,db_bench_press,2,7.0,7.808518644958646,kg
rpe_only_143_sets,M4_add_one__kg,2,hsianshun0514workout,db_biceps_curl,0,9.0,6.989500183894424,kg
rpe_only_143_sets,M4_add_one__kg,2,hsianshun0514workout,db_biceps_curl,1,10.0,7.69525518143361,kg
rpe_only_143_sets,M4_add_one__kg,2,hsianshun0514workout,db_biceps_curl,2,10.0,8.684732927216542,kg
rpe_only_143_sets,M4_add_one__kg,2,hsianshun0514workout,db_rdl,0,4.0,5.86503970149491,kg
rpe_only_143_sets,M4_add_one__kg,2,hsianshun0514workout,db_rdl,1,6.0,6.731134162785153,kg
rpe_only_143_sets,M4_add_one__kg,2,hsianshun0514workout,db_rdl,2,8.0,7.59257997782792,kg
rpe_only_143_sets,M4_add_one__kg,2,hsianshun0514workout,db_shoulder_press,1,9.0,7.060843539781384,kg
rpe_only_143_sets,M4_add_one__kg,2,hsianshun0514workout,db_shoulder_press,2,10.0,8.087070878391064,kg
rpe_only_143_sets,M4_add_one__kg,2,hsianshun0514workout,db_shoulder_press,3,10.0,8.93970029537827,kg
rpe_only_143_sets,M4_add_one__kg,2,hsianshun0514workout,db_squat,0,4.0,5.078494892184772,kg
rpe_only_143_sets,M4_add_one__kg,2,hsianshun0514workout,db_squat,1,6.0,5.829495284313337,kg
rpe_only_143_sets,M4_add_one__kg,2,hsianshun0514workout,db_squat,2,7.0,6.543627102755013,kg
rpe_only_143_sets,M4_add_one__kg,2,hsianshun0514workout,db_triceps_curl,0,4.0,5.8363852300773065,kg
rpe_only_143_sets,M4_add_one__kg,2,hsianshun0514workout,db_triceps_curl,1,7.0,6.444326982984344,kg
rpe_only_143_sets,M4_add_one__kg,2,hsianshun0514workout,db_triceps_curl,2,8.0,7.222578060011914,kg
rpe_only_143_sets,M4_add_one__kg,2,hsianshun0514workout,db_weighted_crunch,0,5.0,5.083235047094999,kg
rpe_only_143_sets,M4_add_one__kg,2,hsianshun0514workout,db_weighted_crunch,2,7.0,6.290126943710555,kg
rpe_only_143_sets,M4_add_one__kg,2,hsianshun0514workout,db_weighted_crunch,3,7.0,7.258331324298833,kg
rpe_only_143_sets,M4_add_one__kg,2,hsianshun0514workout,one_arm_db_row,1,7.0,6.4838932888020135,kg
rpe_only_143_sets,M4_add_one__kg,2,hsianshun0514workout,one_arm_db_row,2,8.0,7.212451940425515,kg
rpe_only_143_sets,M4_add_one__kg,3,tsenyu0515workout,db_bench_press,0,3.0,5.813415843173652,kg
rpe_only_143_sets,M4_add_one__kg,3,tsenyu0515workout,db_bench_press,1,6.0,7.165648012234085,kg
rpe_only_143_sets,M4_add_one__kg,3,tsenyu0515workout,db_bench_press,2,8.0,8.698179878005664,kg
rpe_only_143_sets,M4_add_one__kg,3,tsenyu0515workout,db_biceps_curl,0,6.0,8.619019001214436,kg
rpe_only_143_sets,M4_add_one__kg,3,tsenyu0515workout,db_biceps_curl,1,9.0,10.077415685054273,kg
rpe_only_143_sets,M4_add_one__kg,3,tsenyu0515workout,db_biceps_curl,2,9.0,11.68531421418503,kg
rpe_only_143_sets,M4_add_one__kg,3,tsenyu0515workout,db_rdl,0,6.0,6.7292213047096965,kg
rpe_only_143_sets,M4_add_one__kg,3,tsenyu0515workout,db_rdl,1,10.0,8.818382775683059,kg
rpe_only_143_sets,M4_add_one__kg,3,tsenyu0515workout,db_rdl,2,6.0,10.262995880647498,kg
rpe_only_143_sets,M4_add_one__kg,3,tsenyu0515workout,db_shoulder_press,0,5.0,8.195812663422371,kg
rpe_only_143_sets,M4_add_one__kg,3,tsenyu0515workout,db_shoulder_press,1,8.0,9.693863049225698,kg
rpe_only_143_sets,M4_add_one__kg,3,tsenyu0515workout,db_shoulder_press,2,9.0,11.152259733065534,kg
rpe_only_143_sets,M4_add_one__kg,3,tsenyu0515workout,db_squat,1,4.0,6.180949743701373,kg
rpe_only_143_sets,M4_add_one__kg,3,tsenyu0515workout,db_squat,2,6.0,7.517183469939402,kg
rpe_only_143_sets,M4_add_one__kg,3,tsenyu0515workout,db_squat,3,5.0,8.654656093789008,kg
rpe_only_143_sets,M4_add_one__kg,3,tsenyu0515workout,db_triceps_curl,0,4.0,6.319562754941074,kg
rpe_only_143_sets,M4_add_one__kg,3,tsenyu0515workout,db_triceps_curl,1,6.0,7.541515004712895,kg
rpe_only_143_sets,M4_add_one__kg,3,tsenyu0515workout,db_triceps_curl,2,7.0,8.807061697016008,kg
rpe_only_143_sets,M4_add_one__kg,3,tsenyu0515workout,db_weighted_crunch,0,3.0,5.521238766529877,kg
rpe_only_143_sets,M4_add_one__kg,3,tsenyu0515workout,db_weighted_crunch,1,5.0,6.47127090401158,kg
rpe_only_143_sets,M4_add_one__kg,3,tsenyu0515workout,db_weighted_crunch,2,7.0,7.527712049935792,kg
rpe_only_143_sets,M4_add_one__kg,3,tsenyu0515workout,one_arm_db_row,0,5.0,7.205799931414819,kg
rpe_only_143_sets,M4_add_one__kg,3,tsenyu0515workout,one_arm_db_row,1,8.0,8.633655875854203,kg
rpe_only_143_sets,M4_add_one__kg,3,tsenyu0515workout,one_arm_db_row,2,9.0,10.045256265451412,kg
rpe_only_143_sets,M4_add_one__kg,4,yanz0510workout,db_bench_press,2,5.0,5.967004268313913,kg
rpe_only_143_sets,M4_add_one__kg,4,yanz0510workout,db_bench_press,3,7.0,6.932870003002591,kg
rpe_only_143_sets,M4_add_one__kg,4,yanz0510workout,db_bench_press,4,8.0,7.752027148393157,kg
rpe_only_143_sets,M4_add_one__kg,4,yanz0510workout,db_biceps_curl,0,7.0,7.536585363367591,kg
rpe_only_143_sets,M4_add_one__kg,4,yanz0510workout,db_biceps_curl,1,9.0,8.313800907309941,kg
rpe_only_143_sets,M4_add_one__kg,4,yanz0510workout,db_biceps_curl,2,10.0,8.935606284890234,kg
rpe_only_143_sets,M4_add_one__kg,4,yanz0510workout,db_rdl,0,5.0,5.903505671573793,kg
rpe_only_143_sets,M4_add_one__kg,4,yanz0510workout,db_rdl,1,8.0,6.93933208585659,kg
rpe_only_143_sets,M4_add_one__kg,4,yanz0510workout,db_rdl,2,9.0,7.949749895112666,kg
rpe_only_143_sets,M4_add_one__kg,4,yanz0510workout,db_shoulder_press,1,8.0,7.464453917170156,kg
rpe_only_143_sets,M4_add_one__kg,4,yanz0510workout,db_shoulder_press,2,10.0,8.085563168585333,kg
rpe_only_143_sets,M4_add_one__kg,4,yanz0510workout,db_shoulder_press,3,10.0,8.603123652939564,kg
rpe_only_143_sets,M4_add_one__kg,4,yanz0510workout,db_squat,0,7.0,5.033058873276268,kg
rpe_only_143_sets,M4_add_one__kg,4,yanz0510workout,db_squat,1,8.0,5.758064954834948,kg
rpe_only_143_sets,M4_add_one__kg,4,yanz0510workout,db_squat,2,9.0,6.48133072098084,kg
rpe_only_143_sets,M4_add_one__kg,4,yanz0510workout,db_triceps_curl,0,7.0,5.6843190150518685,kg
rpe_only_143_sets,M4_add_one__kg,4,yanz0510workout,db_triceps_curl,2,8.0,6.646520767964472,kg
rpe_only_143_sets,M4_add_one__kg,4,yanz0510workout,db_triceps_curl,4,9.0,7.629258242747986,kg
rpe_only_143_sets,M4_add_one__kg,4,yanz0510workout,db_weighted_crunch,0,6.0,5.374554508552467,kg
rpe_only_143_sets,M4_add_one__kg,4,yanz0510workout,db_weighted_crunch,2,7.0,6.4763295575707485,kg
rpe_only_143_sets,M4_add_one__kg,4,yanz0510workout,db_weighted_crunch,3,8.0,7.298793302245613,kg
rpe_only_143_sets,M4_add_one__kg,4,yanz0510workout,one_arm_db_row,0,6.0,6.759359004133068,kg
rpe_only_143_sets,M4_add_one__kg,4,yanz0510workout,one_arm_db_row,1,7.0,7.53640051653414,kg
rpe_only_143_sets,M4_add_one__kg,4,yanz0510workout,one_arm_db_row,2,9.0,8.30735092499045,kg
rpe_only_143_sets,M4_add_one__kg,5,yoru0511workout,db_bench_press,0,3.0,5.821577763523457,kg
rpe_only_143_sets,M4_add_one__kg,5,yoru0511workout,db_bench_press,4,5.0,8.505741664870069,kg
rpe_only_143_sets,M4_add_one__kg,5,yoru0511workout,db_bench_press,5,7.0,9.421836330150546,kg
rpe_only_143_sets,M4_add_one__kg,5,yoru0511workout,db_biceps_curl,0,6.0,7.677553471726271,kg
rpe_only_143_sets,M4_add_one__kg,5,yoru0511workout,db_biceps_curl,1,8.0,8.53557750758576,kg
rpe_only_143_sets,M4_add_one__kg,5,yoru0511workout,db_biceps_curl,2,9.0,9.403381859979312,kg
rpe_only_143_sets,M4_add_one__kg,5,yoru0511workout,db_rdl,0,6.0,6.223010085130742,kg
rpe_only_143_sets,M4_add_one__kg,5,yoru0511workout,db_rdl,1,6.0,7.172549939987515,kg
rpe_only_143_sets,M4_add_one__kg,5,yoru0511workout,db_rdl,2,7.0,8.092574196732569,kg
rpe_only_143_sets,M4_add_one__kg,5,yoru0511workout,db_shoulder_press,0,7.0,7.305107607583654,kg
rpe_only_143_sets,M4_add_one__kg,5,yoru0511workout,db_shoulder_press,1,8.0,8.161472482602544,kg
rpe_only_143_sets,M4_add_one__kg,5,yoru0511workout,db_shoulder_press,2,9.0,9.007183798539689,kg
rpe_only_143_sets,M4_add_one__kg,5,yoru0511workout,db_squat,0,4.0,5.512705217019254,kg
rpe_only_143_sets,M4_add_one__kg,5,yoru0511workout,db_squat,1,5.0,6.403213875652589,kg
rpe_only_143_sets,M4_add_one__kg,5,yoru0511workout,db_squat,2,6.0,7.291102806642872,kg
rpe_only_143_sets,M4_add_one__kg,5,yoru0511workout,db_triceps_curl,0,5.0,6.050134788200469,kg
rpe_only_143_sets,M4_add_one__kg,5,yoru0511workout,db_triceps_curl,1,5.0,6.888161569717996,kg
rpe_only_143_sets,M4_add_one__kg,5,yoru0511workout,db_triceps_curl,2,6.0,7.722782705299554,kg
rpe_only_143_sets,M4_add_one__kg,5,yoru0511workout,db_weighted_crunch,0,6.0,5.188974480915991,kg
rpe_only_143_sets,M4_add_one__kg,5,yoru0511workout,db_weighted_crunch,1,7.0,6.064812664748234,kg
rpe_only_143_sets,M4_add_one__kg,5,yoru0511workout,db_weighted_crunch,2,7.0,6.918121190850231,kg
rpe_only_143_sets,M4_add_one__kg,5,yoru0511workout,one_arm_db_row,0,5.0,6.878994505045198,kg
rpe_only_143_sets,M4_add_one__kg,5,yoru0511workout,one_arm_db_row,2,7.0,8.31708947383636,kg
rpe_only_143_sets,M4_add_one__kg,5,yoru0511workout,one_arm_db_row,3,8.0,9.176336049262607,kg
rpe_only_143_sets,M4_add_one__kg,6,yushuan0513workout,db_bench_press,0,9.0,4.167827362997739,kg
rpe_only_143_sets,M4_add_one__kg,6,yushuan0513workout,db_bench_press,1,10.0,5.288189945601392,kg
rpe_only_143_sets,M4_add_one__kg,6,yushuan0513workout,db_bench_press,3,10.0,6.520350358064051,kg
rpe_only_143_sets,M4_add_one__kg,6,yushuan0513workout,db_biceps_curl,0,7.0,7.001414496373182,kg
rpe_only_143_sets,M4_add_one__kg,6,yushuan0513workout,db_biceps_curl,1,9.0,7.908163028713483,kg
rpe_only_143_sets,M4_add_one__kg,6,yushuan0513workout,db_biceps_curl,2,10.0,8.849652795250076,kg
rpe_only_143_sets,M4_add_one__kg,6,yushuan0513workout,db_rdl,0,6.0,5.273903625272061,kg
rpe_only_143_sets,M4_add_one__kg,6,yushuan0513workout,db_rdl,1,8.0,6.455553308201478,kg
rpe_only_143_sets,M4_add_one__kg,6,yushuan0513workout,db_rdl,2,8.0,7.665352298838659,kg
rpe_only_143_sets,M4_add_one__kg,6,yushuan0513workout,db_shoulder_press,0,8.0,6.894350297037062,kg
rpe_only_143_sets,M4_add_one__kg,6,yushuan0513workout,db_shoulder_press,1,9.0,8.217815479557494,kg
rpe_only_143_sets,M4_add_one__kg,6,yushuan0513workout,db_shoulder_press,2,10.0,9.393585876699847,kg
rpe_only_143_sets,M4_add_one__kg,6,yushuan0513workout,db_squat,0,6.0,4.380691344219186,kg
rpe_only_143_sets,M4_add_one__kg,6,yushuan0513workout,db_squat,1,7.0,5.4267611336953845,kg
rpe_only_143_sets,M4_add_one__kg,6,yushuan0513workout,db_squat,2,8.0,6.477997568257185,kg
rpe_only_143_sets,M4_add_one__kg,6,yushuan0513workout,db_triceps_curl,0,6.0,5.273854930946232,kg
rpe_only_143_sets,M4_add_one__kg,6,yushuan0513workout,db_triceps_curl,1,7.0,6.147109350317801,kg
rpe_only_143_sets,M4_add_one__kg,6,yushuan0513workout,db_triceps_curl,2,9.0,7.080047428436845,kg
rpe_only_143_sets,M4_add_one__kg,6,yushuan0513workout,db_weighted_crunch,0,5.0,4.641887195167495,kg
rpe_only_143_sets,M4_add_one__kg,6,yushuan0513workout,db_weighted_crunch,1,6.0,5.789864604952815,kg
rpe_only_143_sets,M4_add_one__kg,6,yushuan0513workout,db_weighted_crunch,2,7.0,6.908801906153542,kg
rpe_only_143_sets,M4_add_one__kg,6,yushuan0513workout,one_arm_db_row,0,9.0,5.714639671097052,kg
rpe_only_143_sets,M4_add_one__kg,6,yushuan0513workout,one_arm_db_row,1,8.0,6.786186365650529,kg
rpe_only_143_sets,M4_add_one__kg,6,yushuan0513workout,one_arm_db_row,2,9.0,7.752618556738306,kg
rpe_only_143_sets,M4_add_one__n_reps,1,haoyu0512workout,db_bench_press,0,8.0,5.3007943848077055,n_reps
rpe_only_143_sets,M4_add_one__n_reps,1,haoyu0512workout,db_bench_press,1,9.0,6.555043283244272,n_reps
rpe_only_143_sets,M4_add_one__n_reps,1,haoyu0512workout,db_bench_press,2,9.0,7.709905671909937,n_reps
rpe_only_143_sets,M4_add_one__n_reps,1,haoyu0512workout,db_biceps_curl,0,9.0,7.512328542076094,n_reps
rpe_only_143_sets,M4_add_one__n_reps,1,haoyu0512workout,db_biceps_curl,1,9.0,8.558333371688999,n_reps
rpe_only_143_sets,M4_add_one__n_reps,1,haoyu0512workout,db_biceps_curl,3,9.0,10.107264764084935,n_reps
rpe_only_143_sets,M4_add_one__n_reps,1,haoyu0512workout,db_rdl,0,9.0,5.75428226187514,n_reps
rpe_only_143_sets,M4_add_one__n_reps,1,haoyu0512workout,db_rdl,1,9.0,6.861610183087767,n_reps
rpe_only_143_sets,M4_add_one__n_reps,1,haoyu0512workout,db_rdl,2,9.0,8.067030860291268,n_reps
rpe_only_143_sets,M4_add_one__n_reps,1,haoyu0512workout,db_shoulder_press,0,7.0,7.403640949592731,n_reps
rpe_only_143_sets,M4_add_one__n_reps,1,haoyu0512workout,db_shoulder_press,1,9.0,8.435736202215562,n_reps
rpe_only_143_sets,M4_add_one__n_reps,1,haoyu0512workout,db_shoulder_press,2,9.0,9.565803257985875,n_reps
rpe_only_143_sets,M4_add_one__n_reps,1,haoyu0512workout,db_squat,0,6.0,5.1766877688595745,n_reps
rpe_only_143_sets,M4_add_one__n_reps,1,haoyu0512workout,db_squat,1,9.0,6.140444664965952,n_reps
rpe_only_143_sets,M4_add_one__n_reps,1,haoyu0512workout,db_squat,2,8.0,7.0529175554741395,n_reps
rpe_only_143_sets,M4_add_one__n_reps,1,haoyu0512workout,db_triceps_curl,0,7.0,5.647657093924648,n_reps
rpe_only_143_sets,M4_add_one__n_reps,1,haoyu0512workout,db_triceps_curl,1,9.0,6.717973445059337,n_reps
rpe_only_143_sets,M4_add_one__n_reps,1,haoyu0512workout,db_triceps_curl,2,9.0,7.743174385608826,n_reps
rpe_only_143_sets,M4_add_one__n_reps,1,haoyu0512workout,db_weighted_crunch,0,6.0,5.105968934883667,n_reps
rpe_only_143_sets,M4_add_one__n_reps,1,haoyu0512workout,db_weighted_crunch,1,7.0,6.1300812998426295,n_reps
rpe_only_143_sets,M4_add_one__n_reps,1,haoyu0512workout,db_weighted_crunch,2,9.0,7.1196011515914925,n_reps
rpe_only_143_sets,M4_add_one__n_reps,1,haoyu0512workout,one_arm_db_row,0,9.0,6.5853714156227845,n_reps
rpe_only_143_sets,M4_add_one__n_reps,1,haoyu0512workout,one_arm_db_row,1,9.0,7.628352424150891,n_reps
rpe_only_143_sets,M4_add_one__n_reps,1,haoyu0512workout,one_arm_db_row,2,9.0,8.63988569339709,n_reps
rpe_only_143_sets,M4_add_one__n_reps,2,hsianshun0514workout,db_bench_press,0,4.0,6.013930807042823,n_reps
rpe_only_143_sets,M4_add_one__n_reps,2,hsianshun0514workout,db_bench_press,1,6.0,7.157019020717268,n_reps
rpe_only_143_sets,M4_add_one__n_reps,2,hsianshun0514workout,db_bench_press,2,7.0,8.258821836797862,n_reps
rpe_only_143_sets,M4_add_one__n_reps,2,hsianshun0514workout,db_biceps_curl,0,9.0,7.570898730141165,n_reps
rpe_only_143_sets,M4_add_one__n_reps,2,hsianshun0514workout,db_biceps_curl,1,10.0,8.520615586697456,n_reps
rpe_only_143_sets,M4_add_one__n_reps,2,hsianshun0514workout,db_biceps_curl,2,10.0,8.97946066838926,n_reps
rpe_only_143_sets,M4_add_one__n_reps,2,hsianshun0514workout,db_rdl,0,4.0,6.089710245085671,n_reps
rpe_only_143_sets,M4_add_one__n_reps,2,hsianshun0514workout,db_rdl,1,6.0,6.937976179677066,n_reps
rpe_only_143_sets,M4_add_one__n_reps,2,hsianshun0514workout,db_rdl,2,8.0,7.781274161860901,n_reps
rpe_only_143_sets,M4_add_one__n_reps,2,hsianshun0514workout,db_shoulder_press,1,9.0,7.512621886896146,n_reps
rpe_only_143_sets,M4_add_one__n_reps,2,hsianshun0514workout,db_shoulder_press,2,10.0,8.366369700006226,n_reps
rpe_only_143_sets,M4_add_one__n_reps,2,hsianshun0514workout,db_shoulder_press,3,10.0,9.357353869471758,n_reps
rpe_only_143_sets,M4_add_one__n_reps,2,hsianshun0514workout,db_squat,0,4.0,5.486608251119529,n_reps
rpe_only_143_sets,M4_add_one__n_reps,2,hsianshun0514workout,db_squat,1,6.0,6.211874536447921,n_reps
rpe_only_143_sets,M4_add_one__n_reps,2,hsianshun0514workout,db_squat,2,7.0,6.89773981992326,n_reps
rpe_only_143_sets,M4_add_one__n_reps,2,hsianshun0514workout,db_triceps_curl,0,4.0,5.971823783273077,n_reps
rpe_only_143_sets,M4_add_one__n_reps,2,hsianshun0514workout,db_triceps_curl,1,7.0,6.7141262422782,n_reps
rpe_only_143_sets,M4_add_one__n_reps,2,hsianshun0514workout,db_triceps_curl,2,8.0,7.468515007237108,n_reps
rpe_only_143_sets,M4_add_one__n_reps,2,hsianshun0514workout,db_weighted_crunch,0,5.0,5.549266730265066,n_reps
rpe_only_143_sets,M4_add_one__n_reps,2,hsianshun0514workout,db_weighted_crunch,2,7.0,6.684419977393726,n_reps
rpe_only_143_sets,M4_add_one__n_reps,2,hsianshun0514workout,db_weighted_crunch,3,7.0,7.641809556247702,n_reps
rpe_only_143_sets,M4_add_one__n_reps,2,hsianshun0514workout,one_arm_db_row,1,7.0,6.877287460037964,n_reps
rpe_only_143_sets,M4_add_one__n_reps,2,hsianshun0514workout,one_arm_db_row,2,8.0,7.5785705268471055,n_reps
rpe_only_143_sets,M4_add_one__n_reps,3,tsenyu0515workout,db_bench_press,0,3.0,5.705999089482292,n_reps
rpe_only_143_sets,M4_add_one__n_reps,3,tsenyu0515workout,db_bench_press,1,6.0,7.2152367167367455,n_reps
rpe_only_143_sets,M4_add_one__n_reps,3,tsenyu0515workout,db_bench_press,2,8.0,8.775553756515356,n_reps
rpe_only_143_sets,M4_add_one__n_reps,3,tsenyu0515workout,db_biceps_curl,0,6.0,8.450701912390164,n_reps
rpe_only_143_sets,M4_add_one__n_reps,3,tsenyu0515workout,db_biceps_curl,1,9.0,10.151580967835987,n_reps
rpe_only_143_sets,M4_add_one__n_reps,3,tsenyu0515workout,db_biceps_curl,2,9.0,11.572666184981868,n_reps
rpe_only_143_sets,M4_add_one__n_reps,3,tsenyu0515workout,db_rdl,0,6.0,6.801230850278431,n_reps
rpe_only_143_sets,M4_add_one__n_reps,3,tsenyu0515workout,db_rdl,1,10.0,9.183434777986585,n_reps
rpe_only_143_sets,M4_add_one__n_reps,3,tsenyu0515workout,db_rdl,2,6.0,11.411617207372018,n_reps
rpe_only_143_sets,M4_add_one__n_reps,3,tsenyu0515workout,db_shoulder_press,0,5.0,7.982568079612524,n_reps
rpe_only_143_sets,M4_add_one__n_reps,3,tsenyu0515workout,db_shoulder_press,1,8.0,9.505639714425602,n_reps
rpe_only_143_sets,M4_add_one__n_reps,3,tsenyu0515workout,db_shoulder_press,2,9.0,10.98587913352832,n_reps
rpe_only_143_sets,M4_add_one__n_reps,3,tsenyu0515workout,db_squat,1,4.0,6.123113358455319,n_reps
rpe_only_143_sets,M4_add_one__n_reps,3,tsenyu0515workout,db_squat,2,6.0,7.471397628537296,n_reps
rpe_only_143_sets,M4_add_one__n_reps,3,tsenyu0515workout,db_squat,3,5.0,8.604988742853672,n_reps
rpe_only_143_sets,M4_add_one__n_reps,3,tsenyu0515workout,db_triceps_curl,0,4.0,6.3621872250552425,n_reps
rpe_only_143_sets,M4_add_one__n_reps,3,tsenyu0515workout,db_triceps_curl,1,6.0,7.587029581537171,n_reps
rpe_only_143_sets,M4_add_one__n_reps,3,tsenyu0515workout,db_triceps_curl,2,7.0,8.858960771439808,n_reps
rpe_only_143_sets,M4_add_one__n_reps,3,tsenyu0515workout,db_weighted_crunch,0,3.0,5.548887437892179,n_reps
rpe_only_143_sets,M4_add_one__n_reps,3,tsenyu0515workout,db_weighted_crunch,1,5.0,6.599740545463696,n_reps
rpe_only_143_sets,M4_add_one__n_reps,3,tsenyu0515workout,db_weighted_crunch,2,7.0,7.645804958111073,n_reps
rpe_only_143_sets,M4_add_one__n_reps,3,tsenyu0515workout,one_arm_db_row,0,5.0,7.300245224670543,n_reps
rpe_only_143_sets,M4_add_one__n_reps,3,tsenyu0515workout,one_arm_db_row,1,8.0,8.747495856518075,n_reps
rpe_only_143_sets,M4_add_one__n_reps,3,tsenyu0515workout,one_arm_db_row,2,9.0,10.177187940310429,n_reps
rpe_only_143_sets,M4_add_one__n_reps,4,yanz0510workout,db_bench_press,2,5.0,5.891140334818241,n_reps
rpe_only_143_sets,M4_add_one__n_reps,4,yanz0510workout,db_bench_press,3,7.0,6.86353809070745,n_reps
rpe_only_143_sets,M4_add_one__n_reps,4,yanz0510workout,db_bench_press,4,8.0,7.679335960811205,n_reps
rpe_only_143_sets,M4_add_one__n_reps,4,yanz0510workout,db_biceps_curl,0,7.0,7.51968164791674,n_reps
rpe_only_143_sets,M4_add_one__n_reps,4,yanz0510workout,db_biceps_curl,1,9.0,8.290710155654784,n_reps
rpe_only_143_sets,M4_add_one__n_reps,4,yanz0510workout,db_biceps_curl,2,10.0,8.873496702288621,n_reps
rpe_only_143_sets,M4_add_one__n_reps,4,yanz0510workout,db_rdl,0,5.0,5.988346022736975,n_reps
rpe_only_143_sets,M4_add_one__n_reps,4,yanz0510workout,db_rdl,1,8.0,7.035421304232058,n_reps
rpe_only_143_sets,M4_add_one__n_reps,4,yanz0510workout,db_rdl,2,9.0,8.055374897323016,n_reps
rpe_only_143_sets,M4_add_one__n_reps,4,yanz0510workout,db_shoulder_press,1,8.0,7.482363269699384,n_reps
rpe_only_143_sets,M4_add_one__n_reps,4,yanz0510workout,db_shoulder_press,2,10.0,8.049504205800083,n_reps
rpe_only_143_sets,M4_add_one__n_reps,4,yanz0510workout,db_shoulder_press,3,10.0,8.543371349846673,n_reps
rpe_only_143_sets,M4_add_one__n_reps,4,yanz0510workout,db_squat,0,7.0,5.101998145546222,n_reps
rpe_only_143_sets,M4_add_one__n_reps,4,yanz0510workout,db_squat,1,8.0,5.817297156563464,n_reps
rpe_only_143_sets,M4_add_one__n_reps,4,yanz0510workout,db_squat,2,9.0,6.530738517690014,n_reps
rpe_only_143_sets,M4_add_one__n_reps,4,yanz0510workout,db_triceps_curl,0,7.0,5.685243827886731,n_reps
rpe_only_143_sets,M4_add_one__n_reps,4,yanz0510workout,db_triceps_curl,2,8.0,6.595142585559858,n_reps
rpe_only_143_sets,M4_add_one__n_reps,4,yanz0510workout,db_triceps_curl,4,9.0,7.526961611943166,n_reps
rpe_only_143_sets,M4_add_one__n_reps,4,yanz0510workout,db_weighted_crunch,0,6.0,5.364356536623822,n_reps
rpe_only_143_sets,M4_add_one__n_reps,4,yanz0510workout,db_weighted_crunch,2,7.0,6.423238815530559,n_reps
rpe_only_143_sets,M4_add_one__n_reps,4,yanz0510workout,db_weighted_crunch,3,8.0,7.242566220426632,n_reps
rpe_only_143_sets,M4_add_one__n_reps,4,yanz0510workout,one_arm_db_row,0,6.0,6.818113441926023,n_reps
rpe_only_143_sets,M4_add_one__n_reps,4,yanz0510workout,one_arm_db_row,1,7.0,7.588956184674998,n_reps
rpe_only_143_sets,M4_add_one__n_reps,4,yanz0510workout,one_arm_db_row,2,9.0,8.353297152806547,n_reps
rpe_only_143_sets,M4_add_one__n_reps,5,yoru0511workout,db_bench_press,0,3.0,5.842520368579155,n_reps
rpe_only_143_sets,M4_add_one__n_reps,5,yoru0511workout,db_bench_press,4,5.0,8.272216540958574,n_reps
rpe_only_143_sets,M4_add_one__n_reps,5,yoru0511workout,db_bench_press,5,7.0,9.164383094760373,n_reps
rpe_only_143_sets,M4_add_one__n_reps,5,yoru0511workout,db_biceps_curl,0,6.0,7.8795625314087845,n_reps
rpe_only_143_sets,M4_add_one__n_reps,5,yoru0511workout,db_biceps_curl,1,8.0,8.421363635394712,n_reps
rpe_only_143_sets,M4_add_one__n_reps,5,yoru0511workout,db_biceps_curl,2,9.0,9.257418791986378,n_reps
rpe_only_143_sets,M4_add_one__n_reps,5,yoru0511workout,db_rdl,0,6.0,6.193625334530408,n_reps
rpe_only_143_sets,M4_add_one__n_reps,5,yoru0511workout,db_rdl,1,6.0,7.124653850595284,n_reps
rpe_only_143_sets,M4_add_one__n_reps,5,yoru0511workout,db_rdl,2,7.0,8.021386431294834,n_reps
rpe_only_143_sets,M4_add_one__n_reps,5,yoru0511workout,db_shoulder_press,0,7.0,7.302376475237421,n_reps
rpe_only_143_sets,M4_add_one__n_reps,5,yoru0511workout,db_shoulder_press,1,8.0,8.125139420193412,n_reps
rpe_only_143_sets,M4_add_one__n_reps,5,yoru0511workout,db_shoulder_press,2,9.0,8.93552335889328,n_reps
rpe_only_143_sets,M4_add_one__n_reps,5,yoru0511workout,db_squat,0,4.0,5.609321172360107,n_reps
rpe_only_143_sets,M4_add_one__n_reps,5,yoru0511workout,db_squat,1,5.0,6.47175781769433,n_reps
rpe_only_143_sets,M4_add_one__n_reps,5,yoru0511workout,db_squat,2,6.0,7.33115044509672,n_reps
rpe_only_143_sets,M4_add_one__n_reps,5,yoru0511workout,db_triceps_curl,0,5.0,6.078844701281674,n_reps
rpe_only_143_sets,M4_add_one__n_reps,5,yoru0511workout,db_triceps_curl,1,5.0,6.8802995207148285,n_reps
rpe_only_143_sets,M4_add_one__n_reps,5,yoru0511workout,db_triceps_curl,2,6.0,7.6777971168366,n_reps
rpe_only_143_sets,M4_add_one__n_reps,5,yoru0511workout,db_weighted_crunch,0,6.0,5.202054055404146,n_reps
rpe_only_143_sets,M4_add_one__n_reps,5,yoru0511workout,db_weighted_crunch,1,7.0,6.0474442003201005,n_reps
rpe_only_143_sets,M4_add_one__n_reps,5,yoru0511workout,db_weighted_crunch,2,7.0,6.866655791022286,n_reps
rpe_only_143_sets,M4_add_one__n_reps,5,yoru0511workout,one_arm_db_row,0,5.0,6.918664539026313,n_reps
rpe_only_143_sets,M4_add_one__n_reps,5,yoru0511workout,one_arm_db_row,2,7.0,8.245075882417728,n_reps
rpe_only_143_sets,M4_add_one__n_reps,5,yoru0511workout,one_arm_db_row,3,8.0,9.071187247098734,n_reps
rpe_only_143_sets,M4_add_one__n_reps,6,yushuan0513workout,db_bench_press,0,9.0,4.871029967099353,n_reps
rpe_only_143_sets,M4_add_one__n_reps,6,yushuan0513workout,db_bench_press,1,10.0,5.957603992449812,n_reps
rpe_only_143_sets,M4_add_one__n_reps,6,yushuan0513workout,db_bench_press,3,10.0,7.341611035659947,n_reps
rpe_only_143_sets,M4_add_one__n_reps,6,yushuan0513workout,db_biceps_curl,0,7.0,7.4149548865067185,n_reps
rpe_only_143_sets,M4_add_one__n_reps,6,yushuan0513workout,db_biceps_curl,1,9.0,8.308890068823235,n_reps
rpe_only_143_sets,M4_add_one__n_reps,6,yushuan0513workout,db_biceps_curl,2,10.0,9.23415517139965,n_reps
rpe_only_143_sets,M4_add_one__n_reps,6,yushuan0513workout,db_rdl,0,6.0,6.057001603690793,n_reps
rpe_only_143_sets,M4_add_one__n_reps,6,yushuan0513workout,db_rdl,1,8.0,7.198844821704869,n_reps
rpe_only_143_sets,M4_add_one__n_reps,6,yushuan0513workout,db_rdl,2,8.0,8.366073308442349,n_reps
rpe_only_143_sets,M4_add_one__n_reps,6,yushuan0513workout,db_shoulder_press,0,8.0,7.49737842226023,n_reps
rpe_only_143_sets,M4_add_one__n_reps,6,yushuan0513workout,db_shoulder_press,1,9.0,8.76711198143779,n_reps
rpe_only_143_sets,M4_add_one__n_reps,6,yushuan0513workout,db_shoulder_press,2,10.0,9.993946221140902,n_reps
rpe_only_143_sets,M4_add_one__n_reps,6,yushuan0513workout,db_squat,0,6.0,5.253309188301712,n_reps
rpe_only_143_sets,M4_add_one__n_reps,6,yushuan0513workout,db_squat,1,7.0,6.2728853841733105,n_reps
rpe_only_143_sets,M4_add_one__n_reps,6,yushuan0513workout,db_squat,2,8.0,7.297120901519458,n_reps
rpe_only_143_sets,M4_add_one__n_reps,6,yushuan0513workout,db_triceps_curl,0,6.0,5.650273940189605,n_reps
rpe_only_143_sets,M4_add_one__n_reps,6,yushuan0513workout,db_triceps_curl,1,7.0,6.514003866050424,n_reps
rpe_only_143_sets,M4_add_one__n_reps,6,yushuan0513workout,db_triceps_curl,2,9.0,7.431556988255172,n_reps
rpe_only_143_sets,M4_add_one__n_reps,6,yushuan0513workout,db_weighted_crunch,0,5.0,5.4311094348678814,n_reps
rpe_only_143_sets,M4_add_one__n_reps,6,yushuan0513workout,db_weighted_crunch,1,6.0,6.542586730168516,n_reps
rpe_only_143_sets,M4_add_one__n_reps,6,yushuan0513workout,db_weighted_crunch,2,7.0,7.627875425457031,n_reps
rpe_only_143_sets,M4_add_one__n_reps,6,yushuan0513workout,one_arm_db_row,0,9.0,6.610852744024861,n_reps
rpe_only_143_sets,M4_add_one__n_reps,6,yushuan0513workout,one_arm_db_row,1,8.0,7.653404214753719,n_reps
rpe_only_143_sets,M4_add_one__n_reps,6,yushuan0513workout,one_arm_db_row,2,9.0,8.601162593414164,n_reps
rpe_only_143_sets,M4_add_one__total_tut_sec,1,haoyu0512workout,db_bench_press,0,8.0,4.773313766711787,total_tut_sec
rpe_only_143_sets,M4_add_one__total_tut_sec,1,haoyu0512workout,db_bench_press,1,9.0,6.835567109886722,total_tut_sec
rpe_only_143_sets,M4_add_one__total_tut_sec,1,haoyu0512workout,db_bench_press,2,9.0,8.065903365668852,total_tut_sec
rpe_only_143_sets,M4_add_one__total_tut_sec,1,haoyu0512workout,db_biceps_curl,0,9.0,7.443336327471519,total_tut_sec
rpe_only_143_sets,M4_add_one__total_tut_sec,1,haoyu0512workout,db_biceps_curl,1,9.0,8.55425514234476,total_tut_sec
rpe_only_143_sets,M4_add_one__total_tut_sec,1,haoyu0512workout,db_biceps_curl,3,9.0,10.003796255048918,total_tut_sec
rpe_only_143_sets,M4_add_one__total_tut_sec,1,haoyu0512workout,db_rdl,0,9.0,5.539440234693389,total_tut_sec
rpe_only_143_sets,M4_add_one__total_tut_sec,1,haoyu0512workout,db_rdl,1,9.0,6.9226304674399906,total_tut_sec
rpe_only_143_sets,M4_add_one__total_tut_sec,1,haoyu0512workout,db_rdl,2,9.0,8.072889921639213,total_tut_sec
rpe_only_143_sets,M4_add_one__total_tut_sec,1,haoyu0512workout,db_shoulder_press,0,7.0,7.345443005757931,total_tut_sec
rpe_only_143_sets,M4_add_one__total_tut_sec,1,haoyu0512workout,db_shoulder_press,1,9.0,8.61794289965524,total_tut_sec
rpe_only_143_sets,M4_add_one__total_tut_sec,1,haoyu0512workout,db_shoulder_press,2,9.0,9.654843969029017,total_tut_sec
rpe_only_143_sets,M4_add_one__total_tut_sec,1,haoyu0512workout,db_squat,0,6.0,5.00457389324418,total_tut_sec
rpe_only_143_sets,M4_add_one__total_tut_sec,1,haoyu0512workout,db_squat,1,9.0,6.190036974404071,total_tut_sec
rpe_only_143_sets,M4_add_one__total_tut_sec,1,haoyu0512workout,db_squat,2,8.0,7.239612090023427,total_tut_sec
rpe_only_143_sets,M4_add_one__total_tut_sec,1,haoyu0512workout,db_triceps_curl,0,7.0,5.378758473134828,total_tut_sec
rpe_only_143_sets,M4_add_one__total_tut_sec,1,haoyu0512workout,db_triceps_curl,1,9.0,6.594280501798512,total_tut_sec
rpe_only_143_sets,M4_add_one__total_tut_sec,1,haoyu0512workout,db_triceps_curl,2,9.0,7.799766138743005,total_tut_sec
rpe_only_143_sets,M4_add_one__total_tut_sec,1,haoyu0512workout,db_weighted_crunch,0,6.0,5.04388091947767,total_tut_sec
rpe_only_143_sets,M4_add_one__total_tut_sec,1,haoyu0512workout,db_weighted_crunch,1,7.0,6.121509335017699,total_tut_sec
rpe_only_143_sets,M4_add_one__total_tut_sec,1,haoyu0512workout,db_weighted_crunch,2,9.0,7.249159350395102,total_tut_sec
rpe_only_143_sets,M4_add_one__total_tut_sec,1,haoyu0512workout,one_arm_db_row,0,9.0,6.304179201598544,total_tut_sec
rpe_only_143_sets,M4_add_one__total_tut_sec,1,haoyu0512workout,one_arm_db_row,1,9.0,7.626789330046733,total_tut_sec
rpe_only_143_sets,M4_add_one__total_tut_sec,1,haoyu0512workout,one_arm_db_row,2,9.0,8.780455202769973,total_tut_sec
rpe_only_143_sets,M4_add_one__total_tut_sec,2,hsianshun0514workout,db_bench_press,0,4.0,5.97449437045278,total_tut_sec
rpe_only_143_sets,M4_add_one__total_tut_sec,2,hsianshun0514workout,db_bench_press,1,6.0,7.192490548998594,total_tut_sec
rpe_only_143_sets,M4_add_one__total_tut_sec,2,hsianshun0514workout,db_bench_press,2,7.0,8.417303360719814,total_tut_sec
rpe_only_143_sets,M4_add_one__total_tut_sec,2,hsianshun0514workout,db_biceps_curl,0,9.0,7.478291714663497,total_tut_sec
rpe_only_143_sets,M4_add_one__total_tut_sec,2,hsianshun0514workout,db_biceps_curl,1,10.0,8.414139721124782,total_tut_sec
rpe_only_143_sets,M4_add_one__total_tut_sec,2,hsianshun0514workout,db_biceps_curl,2,10.0,9.01991896196692,total_tut_sec
rpe_only_143_sets,M4_add_one__total_tut_sec,2,hsianshun0514workout,db_rdl,0,4.0,6.220087310739171,total_tut_sec
rpe_only_143_sets,M4_add_one__total_tut_sec,2,hsianshun0514workout,db_rdl,1,6.0,7.150910920748056,total_tut_sec
rpe_only_143_sets,M4_add_one__total_tut_sec,2,hsianshun0514workout,db_rdl,2,8.0,8.011807612328528,total_tut_sec
rpe_only_143_sets,M4_add_one__total_tut_sec,2,hsianshun0514workout,db_shoulder_press,1,9.0,7.4306992041433935,total_tut_sec
rpe_only_143_sets,M4_add_one__total_tut_sec,2,hsianshun0514workout,db_shoulder_press,2,10.0,8.387499920549107,total_tut_sec
rpe_only_143_sets,M4_add_one__total_tut_sec,2,hsianshun0514workout,db_shoulder_press,3,10.0,9.254244422524721,total_tut_sec
rpe_only_143_sets,M4_add_one__total_tut_sec,2,hsianshun0514workout,db_squat,0,4.0,5.612544015382826,total_tut_sec
rpe_only_143_sets,M4_add_one__total_tut_sec,2,hsianshun0514workout,db_squat,1,6.0,6.331247161942338,total_tut_sec
rpe_only_143_sets,M4_add_one__total_tut_sec,2,hsianshun0514workout,db_squat,2,7.0,7.037116450161662,total_tut_sec
rpe_only_143_sets,M4_add_one__total_tut_sec,2,hsianshun0514workout,db_triceps_curl,0,4.0,6.023718716441803,total_tut_sec
rpe_only_143_sets,M4_add_one__total_tut_sec,2,hsianshun0514workout,db_triceps_curl,1,7.0,6.738708367174209,total_tut_sec
rpe_only_143_sets,M4_add_one__total_tut_sec,2,hsianshun0514workout,db_triceps_curl,2,8.0,7.561582786064103,total_tut_sec
rpe_only_143_sets,M4_add_one__total_tut_sec,2,hsianshun0514workout,db_weighted_crunch,0,5.0,5.481387594250296,total_tut_sec
rpe_only_143_sets,M4_add_one__total_tut_sec,2,hsianshun0514workout,db_weighted_crunch,2,7.0,6.523968008611685,total_tut_sec
rpe_only_143_sets,M4_add_one__total_tut_sec,2,hsianshun0514workout,db_weighted_crunch,3,7.0,7.491899880641112,total_tut_sec
rpe_only_143_sets,M4_add_one__total_tut_sec,2,hsianshun0514workout,one_arm_db_row,1,7.0,6.864132151684659,total_tut_sec
rpe_only_143_sets,M4_add_one__total_tut_sec,2,hsianshun0514workout,one_arm_db_row,2,8.0,7.6044886597602,total_tut_sec
rpe_only_143_sets,M4_add_one__total_tut_sec,3,tsenyu0515workout,db_bench_press,0,3.0,5.5967731365125974,total_tut_sec
rpe_only_143_sets,M4_add_one__total_tut_sec,3,tsenyu0515workout,db_bench_press,1,6.0,7.282219883347236,total_tut_sec
rpe_only_143_sets,M4_add_one__total_tut_sec,3,tsenyu0515workout,db_bench_press,2,8.0,8.82557670106196,total_tut_sec
rpe_only_143_sets,M4_add_one__total_tut_sec,3,tsenyu0515workout,db_biceps_curl,0,6.0,9.099987397673068,total_tut_sec
rpe_only_143_sets,M4_add_one__total_tut_sec,3,tsenyu0515workout,db_biceps_curl,1,9.0,10.332442099906265,total_tut_sec
rpe_only_143_sets,M4_add_one__total_tut_sec,3,tsenyu0515workout,db_biceps_curl,2,9.0,12.028438022826856,total_tut_sec
rpe_only_143_sets,M4_add_one__total_tut_sec,3,tsenyu0515workout,db_rdl,0,6.0,7.327975682896379,total_tut_sec
rpe_only_143_sets,M4_add_one__total_tut_sec,3,tsenyu0515workout,db_rdl,1,10.0,9.403696343168887,total_tut_sec
rpe_only_143_sets,M4_add_one__total_tut_sec,3,tsenyu0515workout,db_rdl,2,6.0,10.10942951050543,total_tut_sec
rpe_only_143_sets,M4_add_one__total_tut_sec,3,tsenyu0515workout,db_shoulder_press,0,5.0,8.387802062556021,total_tut_sec
rpe_only_143_sets,M4_add_one__total_tut_sec,3,tsenyu0515workout,db_shoulder_press,1,8.0,9.886020893567462,total_tut_sec
rpe_only_143_sets,M4_add_one__total_tut_sec,3,tsenyu0515workout,db_shoulder_press,2,9.0,11.290331796448617,total_tut_sec
rpe_only_143_sets,M4_add_one__total_tut_sec,3,tsenyu0515workout,db_squat,1,4.0,6.509986961270835,total_tut_sec
rpe_only_143_sets,M4_add_one__total_tut_sec,3,tsenyu0515workout,db_squat,2,6.0,7.849930750237156,total_tut_sec
rpe_only_143_sets,M4_add_one__total_tut_sec,3,tsenyu0515workout,db_squat,3,5.0,8.829629223958513,total_tut_sec
rpe_only_143_sets,M4_add_one__total_tut_sec,3,tsenyu0515workout,db_triceps_curl,0,4.0,6.475135695612963,total_tut_sec
rpe_only_143_sets,M4_add_one__total_tut_sec,3,tsenyu0515workout,db_triceps_curl,1,6.0,7.704083055490691,total_tut_sec
rpe_only_143_sets,M4_add_one__total_tut_sec,3,tsenyu0515workout,db_triceps_curl,2,7.0,8.999201655017961,total_tut_sec
rpe_only_143_sets,M4_add_one__total_tut_sec,3,tsenyu0515workout,db_weighted_crunch,0,3.0,5.470801498341339,total_tut_sec
rpe_only_143_sets,M4_add_one__total_tut_sec,3,tsenyu0515workout,db_weighted_crunch,1,5.0,6.548584523095137,total_tut_sec
rpe_only_143_sets,M4_add_one__total_tut_sec,3,tsenyu0515workout,db_weighted_crunch,2,7.0,7.612446507131917,total_tut_sec
rpe_only_143_sets,M4_add_one__total_tut_sec,3,tsenyu0515workout,one_arm_db_row,0,5.0,7.488163334692176,total_tut_sec
rpe_only_143_sets,M4_add_one__total_tut_sec,3,tsenyu0515workout,one_arm_db_row,1,8.0,8.926532309459144,total_tut_sec
rpe_only_143_sets,M4_add_one__total_tut_sec,3,tsenyu0515workout,one_arm_db_row,2,9.0,10.306956420050557,total_tut_sec
rpe_only_143_sets,M4_add_one__total_tut_sec,4,yanz0510workout,db_bench_press,2,5.0,5.835652031911618,total_tut_sec
rpe_only_143_sets,M4_add_one__total_tut_sec,4,yanz0510workout,db_bench_press,3,7.0,6.800240908293548,total_tut_sec
rpe_only_143_sets,M4_add_one__total_tut_sec,4,yanz0510workout,db_bench_press,4,8.0,7.6653634269210515,total_tut_sec
rpe_only_143_sets,M4_add_one__total_tut_sec,4,yanz0510workout,db_biceps_curl,0,7.0,7.553145041136395,total_tut_sec
rpe_only_143_sets,M4_add_one__total_tut_sec,4,yanz0510workout,db_biceps_curl,1,9.0,8.3209032410584,total_tut_sec
rpe_only_143_sets,M4_add_one__total_tut_sec,4,yanz0510workout,db_biceps_curl,2,10.0,8.963117756713858,total_tut_sec
rpe_only_143_sets,M4_add_one__total_tut_sec,4,yanz0510workout,db_rdl,0,5.0,5.979159871827694,total_tut_sec
rpe_only_143_sets,M4_add_one__total_tut_sec,4,yanz0510workout,db_rdl,1,8.0,7.045009432582054,total_tut_sec
rpe_only_143_sets,M4_add_one__total_tut_sec,4,yanz0510workout,db_rdl,2,9.0,8.083702626359472,total_tut_sec
rpe_only_143_sets,M4_add_one__total_tut_sec,4,yanz0510workout,db_shoulder_press,1,8.0,7.453410882126074,total_tut_sec
rpe_only_143_sets,M4_add_one__total_tut_sec,4,yanz0510workout,db_shoulder_press,2,10.0,8.147200283211587,total_tut_sec
rpe_only_143_sets,M4_add_one__total_tut_sec,4,yanz0510workout,db_shoulder_press,3,10.0,8.65043277751586,total_tut_sec
rpe_only_143_sets,M4_add_one__total_tut_sec,4,yanz0510workout,db_squat,0,7.0,5.123312723512425,total_tut_sec
rpe_only_143_sets,M4_add_one__total_tut_sec,4,yanz0510workout,db_squat,1,8.0,5.869073879457615,total_tut_sec
rpe_only_143_sets,M4_add_one__total_tut_sec,4,yanz0510workout,db_squat,2,9.0,6.56976394307488,total_tut_sec
rpe_only_143_sets,M4_add_one__total_tut_sec,4,yanz0510workout,db_triceps_curl,0,7.0,5.693375086138911,total_tut_sec
rpe_only_143_sets,M4_add_one__total_tut_sec,4,yanz0510workout,db_triceps_curl,2,8.0,6.576661821759389,total_tut_sec
rpe_only_143_sets,M4_add_one__total_tut_sec,4,yanz0510workout,db_triceps_curl,4,9.0,7.437461664530508,total_tut_sec
rpe_only_143_sets,M4_add_one__total_tut_sec,4,yanz0510workout,db_weighted_crunch,0,6.0,5.3567464320892375,total_tut_sec
rpe_only_143_sets,M4_add_one__total_tut_sec,4,yanz0510workout,db_weighted_crunch,2,7.0,6.389324663434092,total_tut_sec
rpe_only_143_sets,M4_add_one__total_tut_sec,4,yanz0510workout,db_weighted_crunch,3,8.0,7.227402386859993,total_tut_sec
rpe_only_143_sets,M4_add_one__total_tut_sec,4,yanz0510workout,one_arm_db_row,0,6.0,6.847221997256983,total_tut_sec
rpe_only_143_sets,M4_add_one__total_tut_sec,4,yanz0510workout,one_arm_db_row,1,7.0,7.642669207149777,total_tut_sec
rpe_only_143_sets,M4_add_one__total_tut_sec,4,yanz0510workout,one_arm_db_row,2,9.0,8.399646425104532,total_tut_sec
rpe_only_143_sets,M4_add_one__total_tut_sec,5,yoru0511workout,db_bench_press,0,3.0,6.120255450694329,total_tut_sec
rpe_only_143_sets,M4_add_one__total_tut_sec,5,yoru0511workout,db_bench_press,4,5.0,7.9586351985163715,total_tut_sec
rpe_only_143_sets,M4_add_one__total_tut_sec,5,yoru0511workout,db_bench_press,5,7.0,8.864218878868252,total_tut_sec
rpe_only_143_sets,M4_add_one__total_tut_sec,5,yoru0511workout,db_biceps_curl,0,6.0,7.966650784095668,total_tut_sec
rpe_only_143_sets,M4_add_one__total_tut_sec,5,yoru0511workout,db_biceps_curl,1,8.0,8.61093056286191,total_tut_sec
rpe_only_143_sets,M4_add_one__total_tut_sec,5,yoru0511workout,db_biceps_curl,2,9.0,9.385799967416732,total_tut_sec
rpe_only_143_sets,M4_add_one__total_tut_sec,5,yoru0511workout,db_rdl,0,6.0,6.3515945311010995,total_tut_sec
rpe_only_143_sets,M4_add_one__total_tut_sec,5,yoru0511workout,db_rdl,1,6.0,7.315527705570981,total_tut_sec
rpe_only_143_sets,M4_add_one__total_tut_sec,5,yoru0511workout,db_rdl,2,7.0,8.294525800502392,total_tut_sec
rpe_only_143_sets,M4_add_one__total_tut_sec,5,yoru0511workout,db_shoulder_press,0,7.0,7.712565874468896,total_tut_sec
rpe_only_143_sets,M4_add_one__total_tut_sec,5,yoru0511workout,db_shoulder_press,1,8.0,8.492342955983272,total_tut_sec
rpe_only_143_sets,M4_add_one__total_tut_sec,5,yoru0511workout,db_shoulder_press,2,9.0,9.28744079205928,total_tut_sec
rpe_only_143_sets,M4_add_one__total_tut_sec,5,yoru0511workout,db_squat,0,4.0,5.746784069944187,total_tut_sec
rpe_only_143_sets,M4_add_one__total_tut_sec,5,yoru0511workout,db_squat,1,5.0,6.536147595291809,total_tut_sec
rpe_only_143_sets,M4_add_one__total_tut_sec,5,yoru0511workout,db_squat,2,6.0,7.381722598648547,total_tut_sec
rpe_only_143_sets,M4_add_one__total_tut_sec,5,yoru0511workout,db_triceps_curl,0,5.0,6.203339520478928,total_tut_sec
rpe_only_143_sets,M4_add_one__total_tut_sec,5,yoru0511workout,db_triceps_curl,1,5.0,7.1000642627320865,total_tut_sec
rpe_only_143_sets,M4_add_one__total_tut_sec,5,yoru0511workout,db_triceps_curl,2,6.0,7.854967136602279,total_tut_sec
rpe_only_143_sets,M4_add_one__total_tut_sec,5,yoru0511workout,db_weighted_crunch,0,6.0,5.3633821176546554,total_tut_sec
rpe_only_143_sets,M4_add_one__total_tut_sec,5,yoru0511workout,db_weighted_crunch,1,7.0,6.238417190013643,total_tut_sec
rpe_only_143_sets,M4_add_one__total_tut_sec,5,yoru0511workout,db_weighted_crunch,2,7.0,7.080927792329435,total_tut_sec
rpe_only_143_sets,M4_add_one__total_tut_sec,5,yoru0511workout,one_arm_db_row,0,5.0,7.128740563227526,total_tut_sec
rpe_only_143_sets,M4_add_one__total_tut_sec,5,yoru0511workout,one_arm_db_row,2,7.0,8.24758678869925,total_tut_sec
rpe_only_143_sets,M4_add_one__total_tut_sec,5,yoru0511workout,one_arm_db_row,3,8.0,9.011544675785567,total_tut_sec
rpe_only_143_sets,M4_add_one__total_tut_sec,6,yushuan0513workout,db_bench_press,0,9.0,4.873285079876457,total_tut_sec
rpe_only_143_sets,M4_add_one__total_tut_sec,6,yushuan0513workout,db_bench_press,1,10.0,6.0022207562085885,total_tut_sec
rpe_only_143_sets,M4_add_one__total_tut_sec,6,yushuan0513workout,db_bench_press,3,10.0,7.293919288280121,total_tut_sec
rpe_only_143_sets,M4_add_one__total_tut_sec,6,yushuan0513workout,db_biceps_curl,0,7.0,7.461229528196213,total_tut_sec
rpe_only_143_sets,M4_add_one__total_tut_sec,6,yushuan0513workout,db_biceps_curl,1,9.0,8.36104677047512,total_tut_sec
rpe_only_143_sets,M4_add_one__total_tut_sec,6,yushuan0513workout,db_biceps_curl,2,10.0,9.278539970090577,total_tut_sec
rpe_only_143_sets,M4_add_one__total_tut_sec,6,yushuan0513workout,db_rdl,0,6.0,6.02606910212051,total_tut_sec
rpe_only_143_sets,M4_add_one__total_tut_sec,6,yushuan0513workout,db_rdl,1,8.0,7.222897270975468,total_tut_sec
rpe_only_143_sets,M4_add_one__total_tut_sec,6,yushuan0513workout,db_rdl,2,8.0,8.400159403414353,total_tut_sec
rpe_only_143_sets,M4_add_one__total_tut_sec,6,yushuan0513workout,db_shoulder_press,0,8.0,7.475535502390909,total_tut_sec
rpe_only_143_sets,M4_add_one__total_tut_sec,6,yushuan0513workout,db_shoulder_press,1,9.0,8.750768651399973,total_tut_sec
rpe_only_143_sets,M4_add_one__total_tut_sec,6,yushuan0513workout,db_shoulder_press,2,10.0,9.94633969232567,total_tut_sec
rpe_only_143_sets,M4_add_one__total_tut_sec,6,yushuan0513workout,db_squat,0,6.0,5.244588538929851,total_tut_sec
rpe_only_143_sets,M4_add_one__total_tut_sec,6,yushuan0513workout,db_squat,1,7.0,6.264086439648372,total_tut_sec
rpe_only_143_sets,M4_add_one__total_tut_sec,6,yushuan0513workout,db_squat,2,8.0,7.295630378193354,total_tut_sec
rpe_only_143_sets,M4_add_one__total_tut_sec,6,yushuan0513workout,db_triceps_curl,0,6.0,5.65718107679581,total_tut_sec
rpe_only_143_sets,M4_add_one__total_tut_sec,6,yushuan0513workout,db_triceps_curl,1,7.0,6.550289123538095,total_tut_sec
rpe_only_143_sets,M4_add_one__total_tut_sec,6,yushuan0513workout,db_triceps_curl,2,9.0,7.452328062781342,total_tut_sec
rpe_only_143_sets,M4_add_one__total_tut_sec,6,yushuan0513workout,db_weighted_crunch,0,5.0,5.412834567293617,total_tut_sec
rpe_only_143_sets,M4_add_one__total_tut_sec,6,yushuan0513workout,db_weighted_crunch,1,6.0,6.527582493803481,total_tut_sec
rpe_only_143_sets,M4_add_one__total_tut_sec,6,yushuan0513workout,db_weighted_crunch,2,7.0,7.634113135633664,total_tut_sec
rpe_only_143_sets,M4_add_one__total_tut_sec,6,yushuan0513workout,one_arm_db_row,0,9.0,6.582548559432875,total_tut_sec
rpe_only_143_sets,M4_add_one__total_tut_sec,6,yushuan0513workout,one_arm_db_row,1,8.0,7.660538749481548,total_tut_sec
rpe_only_143_sets,M4_add_one__total_tut_sec,6,yushuan0513workout,one_arm_db_row,2,9.0,8.642574413511976,total_tut_sec
rpe_only_143_sets,M4_add_one__rep_duration_cv,1,haoyu0512workout,db_bench_press,0,8.0,3.6879204365811247,rep_duration_cv
rpe_only_143_sets,M4_add_one__rep_duration_cv,1,haoyu0512workout,db_bench_press,1,9.0,6.644373446496847,rep_duration_cv
rpe_only_143_sets,M4_add_one__rep_duration_cv,1,haoyu0512workout,db_bench_press,2,9.0,7.759381940756932,rep_duration_cv
rpe_only_143_sets,M4_add_one__rep_duration_cv,1,haoyu0512workout,db_biceps_curl,0,9.0,7.43451095398097,rep_duration_cv
rpe_only_143_sets,M4_add_one__rep_duration_cv,1,haoyu0512workout,db_biceps_curl,1,9.0,8.949853986464545,rep_duration_cv
rpe_only_143_sets,M4_add_one__rep_duration_cv,1,haoyu0512workout,db_biceps_curl,3,9.0,10.655840606336845,rep_duration_cv
rpe_only_143_sets,M4_add_one__rep_duration_cv,1,haoyu0512workout,db_rdl,0,9.0,5.935334078658602,rep_duration_cv
rpe_only_143_sets,M4_add_one__rep_duration_cv,1,haoyu0512workout,db_rdl,1,9.0,7.039222957533989,rep_duration_cv
rpe_only_143_sets,M4_add_one__rep_duration_cv,1,haoyu0512workout,db_rdl,2,9.0,8.084839876841793,rep_duration_cv
rpe_only_143_sets,M4_add_one__rep_duration_cv,1,haoyu0512workout,db_shoulder_press,0,7.0,7.479676479863772,rep_duration_cv
rpe_only_143_sets,M4_add_one__rep_duration_cv,1,haoyu0512workout,db_shoulder_press,1,9.0,8.577862525359196,rep_duration_cv
rpe_only_143_sets,M4_add_one__rep_duration_cv,1,haoyu0512workout,db_shoulder_press,2,9.0,9.78179529724364,rep_duration_cv
rpe_only_143_sets,M4_add_one__rep_duration_cv,1,haoyu0512workout,db_squat,0,6.0,5.2662797611763335,rep_duration_cv
rpe_only_143_sets,M4_add_one__rep_duration_cv,1,haoyu0512workout,db_squat,1,9.0,6.399864484859093,rep_duration_cv
rpe_only_143_sets,M4_add_one__rep_duration_cv,1,haoyu0512workout,db_squat,2,8.0,7.285749019470763,rep_duration_cv
rpe_only_143_sets,M4_add_one__rep_duration_cv,1,haoyu0512workout,db_triceps_curl,0,7.0,5.6576076431166475,rep_duration_cv
rpe_only_143_sets,M4_add_one__rep_duration_cv,1,haoyu0512workout,db_triceps_curl,1,9.0,6.872237285816523,rep_duration_cv
rpe_only_143_sets,M4_add_one__rep_duration_cv,1,haoyu0512workout,db_triceps_curl,2,9.0,7.867471528103922,rep_duration_cv
rpe_only_143_sets,M4_add_one__rep_duration_cv,1,haoyu0512workout,db_weighted_crunch,0,6.0,5.04986560003434,rep_duration_cv
rpe_only_143_sets,M4_add_one__rep_duration_cv,1,haoyu0512workout,db_weighted_crunch,1,7.0,6.1843670967153415,rep_duration_cv
rpe_only_143_sets,M4_add_one__rep_duration_cv,1,haoyu0512workout,db_weighted_crunch,2,9.0,7.074093319320232,rep_duration_cv
rpe_only_143_sets,M4_add_one__rep_duration_cv,1,haoyu0512workout,one_arm_db_row,0,9.0,6.52034821719292,rep_duration_cv
rpe_only_143_sets,M4_add_one__rep_duration_cv,1,haoyu0512workout,one_arm_db_row,1,9.0,7.651590357834406,rep_duration_cv
rpe_only_143_sets,M4_add_one__rep_duration_cv,1,haoyu0512workout,one_arm_db_row,2,9.0,8.690619458222306,rep_duration_cv
rpe_only_143_sets,M4_add_one__rep_duration_cv,2,hsianshun0514workout,db_bench_press,0,4.0,6.164039844020254,rep_duration_cv
rpe_only_143_sets,M4_add_one__rep_duration_cv,2,hsianshun0514workout,db_bench_press,1,6.0,7.252654660929363,rep_duration_cv
rpe_only_143_sets,M4_add_one__rep_duration_cv,2,hsianshun0514workout,db_bench_press,2,7.0,8.394806255919576,rep_duration_cv
rpe_only_143_sets,M4_add_one__rep_duration_cv,2,hsianshun0514workout,db_biceps_curl,0,9.0,7.3093525838406626,rep_duration_cv
rpe_only_143_sets,M4_add_one__rep_duration_cv,2,hsianshun0514workout,db_biceps_curl,1,10.0,8.098021882330071,rep_duration_cv
rpe_only_143_sets,M4_add_one__rep_duration_cv,2,hsianshun0514workout,db_biceps_curl,2,10.0,8.854511536705385,rep_duration_cv
rpe_only_143_sets,M4_add_one__rep_duration_cv,2,hsianshun0514workout,db_rdl,0,4.0,6.151005994156616,rep_duration_cv
rpe_only_143_sets,M4_add_one__rep_duration_cv,2,hsianshun0514workout,db_rdl,1,6.0,7.036865891481548,rep_duration_cv
rpe_only_143_sets,M4_add_one__rep_duration_cv,2,hsianshun0514workout,db_rdl,2,8.0,7.927969056476586,rep_duration_cv
rpe_only_143_sets,M4_add_one__rep_duration_cv,2,hsianshun0514workout,db_shoulder_press,1,9.0,7.584724823672123,rep_duration_cv
rpe_only_143_sets,M4_add_one__rep_duration_cv,2,hsianshun0514workout,db_shoulder_press,2,10.0,8.380132799296376,rep_duration_cv
rpe_only_143_sets,M4_add_one__rep_duration_cv,2,hsianshun0514workout,db_shoulder_press,3,10.0,8.987400062177516,rep_duration_cv
rpe_only_143_sets,M4_add_one__rep_duration_cv,2,hsianshun0514workout,db_squat,0,4.0,5.545954561440729,rep_duration_cv
rpe_only_143_sets,M4_add_one__rep_duration_cv,2,hsianshun0514workout,db_squat,1,6.0,6.274141002453965,rep_duration_cv
rpe_only_143_sets,M4_add_one__rep_duration_cv,2,hsianshun0514workout,db_squat,2,7.0,6.908713946327556,rep_duration_cv
rpe_only_143_sets,M4_add_one__rep_duration_cv,2,hsianshun0514workout,db_triceps_curl,0,4.0,5.621272530477378,rep_duration_cv
rpe_only_143_sets,M4_add_one__rep_duration_cv,2,hsianshun0514workout,db_triceps_curl,1,7.0,6.8350523677724055,rep_duration_cv
rpe_only_143_sets,M4_add_one__rep_duration_cv,2,hsianshun0514workout,db_triceps_curl,2,8.0,7.546275834744134,rep_duration_cv
rpe_only_143_sets,M4_add_one__rep_duration_cv,2,hsianshun0514workout,db_weighted_crunch,0,5.0,5.554603827166051,rep_duration_cv
rpe_only_143_sets,M4_add_one__rep_duration_cv,2,hsianshun0514workout,db_weighted_crunch,2,7.0,6.6780224822833265,rep_duration_cv
rpe_only_143_sets,M4_add_one__rep_duration_cv,2,hsianshun0514workout,db_weighted_crunch,3,7.0,7.708488095560267,rep_duration_cv
rpe_only_143_sets,M4_add_one__rep_duration_cv,2,hsianshun0514workout,one_arm_db_row,1,7.0,6.946424751116106,rep_duration_cv
rpe_only_143_sets,M4_add_one__rep_duration_cv,2,hsianshun0514workout,one_arm_db_row,2,8.0,7.72276502979619,rep_duration_cv
rpe_only_143_sets,M4_add_one__rep_duration_cv,3,tsenyu0515workout,db_bench_press,0,3.0,5.894905491074861,rep_duration_cv
rpe_only_143_sets,M4_add_one__rep_duration_cv,3,tsenyu0515workout,db_bench_press,1,6.0,7.361277513070527,rep_duration_cv
rpe_only_143_sets,M4_add_one__rep_duration_cv,3,tsenyu0515workout,db_bench_press,2,8.0,8.814023218871753,rep_duration_cv
rpe_only_143_sets,M4_add_one__rep_duration_cv,3,tsenyu0515workout,db_biceps_curl,0,6.0,8.68176173736941,rep_duration_cv
rpe_only_143_sets,M4_add_one__rep_duration_cv,3,tsenyu0515workout,db_biceps_curl,1,9.0,9.975713769512607,rep_duration_cv
rpe_only_143_sets,M4_add_one__rep_duration_cv,3,tsenyu0515workout,db_biceps_curl,2,9.0,11.6353123157972,rep_duration_cv
rpe_only_143_sets,M4_add_one__rep_duration_cv,3,tsenyu0515workout,db_rdl,0,6.0,6.7153276430340485,rep_duration_cv
rpe_only_143_sets,M4_add_one__rep_duration_cv,3,tsenyu0515workout,db_rdl,1,10.0,8.90388489902,rep_duration_cv
rpe_only_143_sets,M4_add_one__rep_duration_cv,3,tsenyu0515workout,db_rdl,2,6.0,10.095465338143955,rep_duration_cv
rpe_only_143_sets,M4_add_one__rep_duration_cv,3,tsenyu0515workout,db_shoulder_press,0,5.0,8.232459148861238,rep_duration_cv
rpe_only_143_sets,M4_add_one__rep_duration_cv,3,tsenyu0515workout,db_shoulder_press,1,8.0,9.703316647146226,rep_duration_cv
rpe_only_143_sets,M4_add_one__rep_duration_cv,3,tsenyu0515workout,db_shoulder_press,2,9.0,11.188244418121187,rep_duration_cv
rpe_only_143_sets,M4_add_one__rep_duration_cv,3,tsenyu0515workout,db_squat,1,4.0,6.093327981809915,rep_duration_cv
rpe_only_143_sets,M4_add_one__rep_duration_cv,3,tsenyu0515workout,db_squat,2,6.0,7.547661312854775,rep_duration_cv
rpe_only_143_sets,M4_add_one__rep_duration_cv,3,tsenyu0515workout,db_squat,3,5.0,8.647921326533076,rep_duration_cv
rpe_only_143_sets,M4_add_one__rep_duration_cv,3,tsenyu0515workout,db_triceps_curl,0,4.0,6.416487874194881,rep_duration_cv
rpe_only_143_sets,M4_add_one__rep_duration_cv,3,tsenyu0515workout,db_triceps_curl,1,6.0,7.629502839677302,rep_duration_cv
rpe_only_143_sets,M4_add_one__rep_duration_cv,3,tsenyu0515workout,db_triceps_curl,2,7.0,8.92126745173308,rep_duration_cv
rpe_only_143_sets,M4_add_one__rep_duration_cv,3,tsenyu0515workout,db_weighted_crunch,0,3.0,5.589295554451281,rep_duration_cv
rpe_only_143_sets,M4_add_one__rep_duration_cv,3,tsenyu0515workout,db_weighted_crunch,1,5.0,6.688326648668707,rep_duration_cv
rpe_only_143_sets,M4_add_one__rep_duration_cv,3,tsenyu0515workout,db_weighted_crunch,2,7.0,7.773959569111705,rep_duration_cv
rpe_only_143_sets,M4_add_one__rep_duration_cv,3,tsenyu0515workout,one_arm_db_row,0,5.0,7.244498732652054,rep_duration_cv
rpe_only_143_sets,M4_add_one__rep_duration_cv,3,tsenyu0515workout,one_arm_db_row,1,8.0,8.651473707923584,rep_duration_cv
rpe_only_143_sets,M4_add_one__rep_duration_cv,3,tsenyu0515workout,one_arm_db_row,2,9.0,10.043626167714788,rep_duration_cv
rpe_only_143_sets,M4_add_one__rep_duration_cv,4,yanz0510workout,db_bench_press,2,5.0,5.946755154875666,rep_duration_cv
rpe_only_143_sets,M4_add_one__rep_duration_cv,4,yanz0510workout,db_bench_press,3,7.0,6.927306766988432,rep_duration_cv
rpe_only_143_sets,M4_add_one__rep_duration_cv,4,yanz0510workout,db_bench_press,4,8.0,7.694595834606703,rep_duration_cv
rpe_only_143_sets,M4_add_one__rep_duration_cv,4,yanz0510workout,db_biceps_curl,0,7.0,7.525448009508822,rep_duration_cv
rpe_only_143_sets,M4_add_one__rep_duration_cv,4,yanz0510workout,db_biceps_curl,1,9.0,8.323954850550084,rep_duration_cv
rpe_only_143_sets,M4_add_one__rep_duration_cv,4,yanz0510workout,db_biceps_curl,2,10.0,8.900815438884496,rep_duration_cv
rpe_only_143_sets,M4_add_one__rep_duration_cv,4,yanz0510workout,db_rdl,0,5.0,6.021476238051957,rep_duration_cv
rpe_only_143_sets,M4_add_one__rep_duration_cv,4,yanz0510workout,db_rdl,1,8.0,7.060073029268347,rep_duration_cv
rpe_only_143_sets,M4_add_one__rep_duration_cv,4,yanz0510workout,db_rdl,2,9.0,8.07910527274825,rep_duration_cv
rpe_only_143_sets,M4_add_one__rep_duration_cv,4,yanz0510workout,db_shoulder_press,1,8.0,7.526788882189779,rep_duration_cv
rpe_only_143_sets,M4_add_one__rep_duration_cv,4,yanz0510workout,db_shoulder_press,2,10.0,8.14051455247706,rep_duration_cv
rpe_only_143_sets,M4_add_one__rep_duration_cv,4,yanz0510workout,db_shoulder_press,3,10.0,8.63847221874095,rep_duration_cv
rpe_only_143_sets,M4_add_one__rep_duration_cv,4,yanz0510workout,db_squat,0,7.0,5.05268883031288,rep_duration_cv
rpe_only_143_sets,M4_add_one__rep_duration_cv,4,yanz0510workout,db_squat,1,8.0,5.8321994650250994,rep_duration_cv
rpe_only_143_sets,M4_add_one__rep_duration_cv,4,yanz0510workout,db_squat,2,9.0,6.526657677397137,rep_duration_cv
rpe_only_143_sets,M4_add_one__rep_duration_cv,4,yanz0510workout,db_triceps_curl,0,7.0,5.714804340073483,rep_duration_cv
rpe_only_143_sets,M4_add_one__rep_duration_cv,4,yanz0510workout,db_triceps_curl,2,8.0,6.621323938460415,rep_duration_cv
rpe_only_143_sets,M4_add_one__rep_duration_cv,4,yanz0510workout,db_triceps_curl,4,9.0,7.573412156885072,rep_duration_cv
rpe_only_143_sets,M4_add_one__rep_duration_cv,4,yanz0510workout,db_weighted_crunch,0,6.0,5.363795086875863,rep_duration_cv
rpe_only_143_sets,M4_add_one__rep_duration_cv,4,yanz0510workout,db_weighted_crunch,2,7.0,6.437248440634116,rep_duration_cv
rpe_only_143_sets,M4_add_one__rep_duration_cv,4,yanz0510workout,db_weighted_crunch,3,8.0,7.258174290582402,rep_duration_cv
rpe_only_143_sets,M4_add_one__rep_duration_cv,4,yanz0510workout,one_arm_db_row,0,6.0,6.84880074520374,rep_duration_cv
rpe_only_143_sets,M4_add_one__rep_duration_cv,4,yanz0510workout,one_arm_db_row,1,7.0,7.612112828930018,rep_duration_cv
rpe_only_143_sets,M4_add_one__rep_duration_cv,4,yanz0510workout,one_arm_db_row,2,9.0,8.374027565409683,rep_duration_cv
rpe_only_143_sets,M4_add_one__rep_duration_cv,5,yoru0511workout,db_bench_press,0,3.0,5.824115435349654,rep_duration_cv
rpe_only_143_sets,M4_add_one__rep_duration_cv,5,yoru0511workout,db_bench_press,4,5.0,8.697878469895354,rep_duration_cv
rpe_only_143_sets,M4_add_one__rep_duration_cv,5,yoru0511workout,db_bench_press,5,7.0,9.518740060171414,rep_duration_cv
rpe_only_143_sets,M4_add_one__rep_duration_cv,5,yoru0511workout,db_biceps_curl,0,6.0,7.808722231378978,rep_duration_cv
rpe_only_143_sets,M4_add_one__rep_duration_cv,5,yoru0511workout,db_biceps_curl,1,8.0,8.679390286328871,rep_duration_cv
rpe_only_143_sets,M4_add_one__rep_duration_cv,5,yoru0511workout,db_biceps_curl,2,9.0,9.632752986460511,rep_duration_cv
rpe_only_143_sets,M4_add_one__rep_duration_cv,5,yoru0511workout,db_rdl,0,6.0,6.555804307246854,rep_duration_cv
rpe_only_143_sets,M4_add_one__rep_duration_cv,5,yoru0511workout,db_rdl,1,6.0,7.459973795663328,rep_duration_cv
rpe_only_143_sets,M4_add_one__rep_duration_cv,5,yoru0511workout,db_rdl,2,7.0,8.368340769704238,rep_duration_cv
rpe_only_143_sets,M4_add_one__rep_duration_cv,5,yoru0511workout,db_shoulder_press,0,7.0,7.644439354653176,rep_duration_cv
rpe_only_143_sets,M4_add_one__rep_duration_cv,5,yoru0511workout,db_shoulder_press,1,8.0,8.431822169257146,rep_duration_cv
rpe_only_143_sets,M4_add_one__rep_duration_cv,5,yoru0511workout,db_shoulder_press,2,9.0,9.266541706816342,rep_duration_cv
rpe_only_143_sets,M4_add_one__rep_duration_cv,5,yoru0511workout,db_squat,0,4.0,5.843233059131833,rep_duration_cv
rpe_only_143_sets,M4_add_one__rep_duration_cv,5,yoru0511workout,db_squat,1,5.0,6.781264637075029,rep_duration_cv
rpe_only_143_sets,M4_add_one__rep_duration_cv,5,yoru0511workout,db_squat,2,6.0,7.68543322194088,rep_duration_cv
rpe_only_143_sets,M4_add_one__rep_duration_cv,5,yoru0511workout,db_triceps_curl,0,5.0,6.298748512769636,rep_duration_cv
rpe_only_143_sets,M4_add_one__rep_duration_cv,5,yoru0511workout,db_triceps_curl,1,5.0,7.245540279279174,rep_duration_cv
rpe_only_143_sets,M4_add_one__rep_duration_cv,5,yoru0511workout,db_triceps_curl,2,6.0,8.094878783130886,rep_duration_cv
rpe_only_143_sets,M4_add_one__rep_duration_cv,5,yoru0511workout,db_weighted_crunch,0,6.0,5.343292601126278,rep_duration_cv
rpe_only_143_sets,M4_add_one__rep_duration_cv,5,yoru0511workout,db_weighted_crunch,1,7.0,6.2522842243383,rep_duration_cv
rpe_only_143_sets,M4_add_one__rep_duration_cv,5,yoru0511workout,db_weighted_crunch,2,7.0,7.158883748300894,rep_duration_cv
rpe_only_143_sets,M4_add_one__rep_duration_cv,5,yoru0511workout,one_arm_db_row,0,5.0,7.284144334006754,rep_duration_cv
rpe_only_143_sets,M4_add_one__rep_duration_cv,5,yoru0511workout,one_arm_db_row,2,7.0,8.645983749218413,rep_duration_cv
rpe_only_143_sets,M4_add_one__rep_duration_cv,5,yoru0511workout,one_arm_db_row,3,8.0,9.434706407399261,rep_duration_cv
rpe_only_143_sets,M4_add_one__rep_duration_cv,6,yushuan0513workout,db_bench_press,0,9.0,4.885705059980698,rep_duration_cv
rpe_only_143_sets,M4_add_one__rep_duration_cv,6,yushuan0513workout,db_bench_press,1,10.0,5.972337795245558,rep_duration_cv
rpe_only_143_sets,M4_add_one__rep_duration_cv,6,yushuan0513workout,db_bench_press,3,10.0,7.1735491212434335,rep_duration_cv
rpe_only_143_sets,M4_add_one__rep_duration_cv,6,yushuan0513workout,db_biceps_curl,0,7.0,7.47790101380992,rep_duration_cv
rpe_only_143_sets,M4_add_one__rep_duration_cv,6,yushuan0513workout,db_biceps_curl,1,9.0,8.363994399960522,rep_duration_cv
rpe_only_143_sets,M4_add_one__rep_duration_cv,6,yushuan0513workout,db_biceps_curl,2,10.0,9.287891572825885,rep_duration_cv
rpe_only_143_sets,M4_add_one__rep_duration_cv,6,yushuan0513workout,db_rdl,0,6.0,6.0857621544003,rep_duration_cv
rpe_only_143_sets,M4_add_one__rep_duration_cv,6,yushuan0513workout,db_rdl,1,8.0,7.2132475918841665,rep_duration_cv
rpe_only_143_sets,M4_add_one__rep_duration_cv,6,yushuan0513workout,db_rdl,2,8.0,8.394583589517033,rep_duration_cv
rpe_only_143_sets,M4_add_one__rep_duration_cv,6,yushuan0513workout,db_shoulder_press,0,8.0,7.546503387924836,rep_duration_cv
rpe_only_143_sets,M4_add_one__rep_duration_cv,6,yushuan0513workout,db_shoulder_press,1,9.0,8.804403802999172,rep_duration_cv
rpe_only_143_sets,M4_add_one__rep_duration_cv,6,yushuan0513workout,db_shoulder_press,2,10.0,9.916861112880877,rep_duration_cv
rpe_only_143_sets,M4_add_one__rep_duration_cv,6,yushuan0513workout,db_squat,0,6.0,5.276134053594295,rep_duration_cv
rpe_only_143_sets,M4_add_one__rep_duration_cv,6,yushuan0513workout,db_squat,1,7.0,6.280598692882454,rep_duration_cv
rpe_only_143_sets,M4_add_one__rep_duration_cv,6,yushuan0513workout,db_squat,2,8.0,7.3266209547746,rep_duration_cv
rpe_only_143_sets,M4_add_one__rep_duration_cv,6,yushuan0513workout,db_triceps_curl,0,6.0,5.667580951626803,rep_duration_cv
rpe_only_143_sets,M4_add_one__rep_duration_cv,6,yushuan0513workout,db_triceps_curl,1,7.0,6.511312192491217,rep_duration_cv
rpe_only_143_sets,M4_add_one__rep_duration_cv,6,yushuan0513workout,db_triceps_curl,2,9.0,7.442292456973749,rep_duration_cv
rpe_only_143_sets,M4_add_one__rep_duration_cv,6,yushuan0513workout,db_weighted_crunch,0,5.0,5.441322162773796,rep_duration_cv
rpe_only_143_sets,M4_add_one__rep_duration_cv,6,yushuan0513workout,db_weighted_crunch,1,6.0,6.539447713410801,rep_duration_cv
rpe_only_143_sets,M4_add_one__rep_duration_cv,6,yushuan0513workout,db_weighted_crunch,2,7.0,7.624551472418612,rep_duration_cv
rpe_only_143_sets,M4_add_one__rep_duration_cv,6,yushuan0513workout,one_arm_db_row,0,9.0,6.627455302932016,rep_duration_cv
rpe_only_143_sets,M4_add_one__rep_duration_cv,6,yushuan0513workout,one_arm_db_row,1,8.0,7.679386798458143,rep_duration_cv
rpe_only_143_sets,M4_add_one__rep_duration_cv,6,yushuan0513workout,one_arm_db_row,2,9.0,8.628016661870799,rep_duration_cv
rpe_only_143_sets,M4_add_one__movement_rate_cv,1,haoyu0512workout,db_bench_press,0,8.0,5.251815814079825,movement_rate_cv
rpe_only_143_sets,M4_add_one__movement_rate_cv,1,haoyu0512workout,db_bench_press,1,9.0,6.627633340418226,movement_rate_cv
rpe_only_143_sets,M4_add_one__movement_rate_cv,1,haoyu0512workout,db_bench_press,2,9.0,7.7483890110697775,movement_rate_cv
rpe_only_143_sets,M4_add_one__movement_rate_cv,1,haoyu0512workout,db_biceps_curl,0,9.0,7.686850896565001,movement_rate_cv
rpe_only_143_sets,M4_add_one__movement_rate_cv,1,haoyu0512workout,db_biceps_curl,1,9.0,8.855122557346162,movement_rate_cv
rpe_only_143_sets,M4_add_one__movement_rate_cv,1,haoyu0512workout,db_biceps_curl,3,9.0,10.465402180502169,movement_rate_cv
rpe_only_143_sets,M4_add_one__movement_rate_cv,1,haoyu0512workout,db_rdl,0,9.0,5.892457871730926,movement_rate_cv
rpe_only_143_sets,M4_add_one__movement_rate_cv,1,haoyu0512workout,db_rdl,1,9.0,7.040383121867774,movement_rate_cv
rpe_only_143_sets,M4_add_one__movement_rate_cv,1,haoyu0512workout,db_rdl,2,9.0,8.235337578019013,movement_rate_cv
rpe_only_143_sets,M4_add_one__movement_rate_cv,1,haoyu0512workout,db_shoulder_press,0,7.0,7.471946870477928,movement_rate_cv
rpe_only_143_sets,M4_add_one__movement_rate_cv,1,haoyu0512workout,db_shoulder_press,1,9.0,8.58735678373026,movement_rate_cv
rpe_only_143_sets,M4_add_one__movement_rate_cv,1,haoyu0512workout,db_shoulder_press,2,9.0,9.713911755284514,movement_rate_cv
rpe_only_143_sets,M4_add_one__movement_rate_cv,1,haoyu0512workout,db_squat,0,6.0,5.2174019069603075,movement_rate_cv
rpe_only_143_sets,M4_add_one__movement_rate_cv,1,haoyu0512workout,db_squat,1,9.0,6.217826607395549,movement_rate_cv
rpe_only_143_sets,M4_add_one__movement_rate_cv,1,haoyu0512workout,db_squat,2,8.0,7.189283695916091,movement_rate_cv
rpe_only_143_sets,M4_add_one__movement_rate_cv,1,haoyu0512workout,db_triceps_curl,0,7.0,5.747188145231692,movement_rate_cv
rpe_only_143_sets,M4_add_one__movement_rate_cv,1,haoyu0512workout,db_triceps_curl,1,9.0,6.840996556529547,movement_rate_cv
rpe_only_143_sets,M4_add_one__movement_rate_cv,1,haoyu0512workout,db_triceps_curl,2,9.0,7.878537867188287,movement_rate_cv
rpe_only_143_sets,M4_add_one__movement_rate_cv,1,haoyu0512workout,db_weighted_crunch,0,6.0,5.171037217650879,movement_rate_cv
rpe_only_143_sets,M4_add_one__movement_rate_cv,1,haoyu0512workout,db_weighted_crunch,1,7.0,6.190776953747959,movement_rate_cv
rpe_only_143_sets,M4_add_one__movement_rate_cv,1,haoyu0512workout,db_weighted_crunch,2,9.0,7.202213749550764,movement_rate_cv
rpe_only_143_sets,M4_add_one__movement_rate_cv,1,haoyu0512workout,one_arm_db_row,0,9.0,6.62056337916515,movement_rate_cv
rpe_only_143_sets,M4_add_one__movement_rate_cv,1,haoyu0512workout,one_arm_db_row,1,9.0,7.70547365392508,movement_rate_cv
rpe_only_143_sets,M4_add_one__movement_rate_cv,1,haoyu0512workout,one_arm_db_row,2,9.0,8.678220578773832,movement_rate_cv
rpe_only_143_sets,M4_add_one__movement_rate_cv,2,hsianshun0514workout,db_bench_press,0,4.0,6.25574424697665,movement_rate_cv
rpe_only_143_sets,M4_add_one__movement_rate_cv,2,hsianshun0514workout,db_bench_press,1,6.0,7.339445008812806,movement_rate_cv
rpe_only_143_sets,M4_add_one__movement_rate_cv,2,hsianshun0514workout,db_bench_press,2,7.0,8.38550419068244,movement_rate_cv
rpe_only_143_sets,M4_add_one__movement_rate_cv,2,hsianshun0514workout,db_biceps_curl,0,9.0,7.2093749401521094,movement_rate_cv
rpe_only_143_sets,M4_add_one__movement_rate_cv,2,hsianshun0514workout,db_biceps_curl,1,10.0,8.2769084043407,movement_rate_cv
rpe_only_143_sets,M4_add_one__movement_rate_cv,2,hsianshun0514workout,db_biceps_curl,2,10.0,9.07332040316144,movement_rate_cv
rpe_only_143_sets,M4_add_one__movement_rate_cv,2,hsianshun0514workout,db_rdl,0,4.0,6.314841483686771,movement_rate_cv
rpe_only_143_sets,M4_add_one__movement_rate_cv,2,hsianshun0514workout,db_rdl,1,6.0,7.144067852548288,movement_rate_cv
rpe_only_143_sets,M4_add_one__movement_rate_cv,2,hsianshun0514workout,db_rdl,2,8.0,7.929638222643717,movement_rate_cv
rpe_only_143_sets,M4_add_one__movement_rate_cv,2,hsianshun0514workout,db_shoulder_press,1,9.0,7.494639363046938,movement_rate_cv
rpe_only_143_sets,M4_add_one__movement_rate_cv,2,hsianshun0514workout,db_shoulder_press,2,10.0,8.434433607951261,movement_rate_cv
rpe_only_143_sets,M4_add_one__movement_rate_cv,2,hsianshun0514workout,db_shoulder_press,3,10.0,9.178524764470222,movement_rate_cv
rpe_only_143_sets,M4_add_one__movement_rate_cv,2,hsianshun0514workout,db_squat,0,4.0,5.4952692507329335,movement_rate_cv
rpe_only_143_sets,M4_add_one__movement_rate_cv,2,hsianshun0514workout,db_squat,1,6.0,6.349412258467504,movement_rate_cv
rpe_only_143_sets,M4_add_one__movement_rate_cv,2,hsianshun0514workout,db_squat,2,7.0,6.920962510255092,movement_rate_cv
rpe_only_143_sets,M4_add_one__movement_rate_cv,2,hsianshun0514workout,db_triceps_curl,0,4.0,3.0563570473365376,movement_rate_cv
rpe_only_143_sets,M4_add_one__movement_rate_cv,2,hsianshun0514workout,db_triceps_curl,1,7.0,6.915289203244292,movement_rate_cv
rpe_only_143_sets,M4_add_one__movement_rate_cv,2,hsianshun0514workout,db_triceps_curl,2,8.0,7.6250981536513995,movement_rate_cv
rpe_only_143_sets,M4_add_one__movement_rate_cv,2,hsianshun0514workout,db_weighted_crunch,0,5.0,5.664903794961798,movement_rate_cv
rpe_only_143_sets,M4_add_one__movement_rate_cv,2,hsianshun0514workout,db_weighted_crunch,2,7.0,6.745911852943777,movement_rate_cv
rpe_only_143_sets,M4_add_one__movement_rate_cv,2,hsianshun0514workout,db_weighted_crunch,3,7.0,7.8251645956350275,movement_rate_cv
rpe_only_143_sets,M4_add_one__movement_rate_cv,2,hsianshun0514workout,one_arm_db_row,1,7.0,7.057141880163023,movement_rate_cv
rpe_only_143_sets,M4_add_one__movement_rate_cv,2,hsianshun0514workout,one_arm_db_row,2,8.0,7.84276387064626,movement_rate_cv
rpe_only_143_sets,M4_add_one__movement_rate_cv,3,tsenyu0515workout,db_bench_press,0,3.0,5.869700466381581,movement_rate_cv
rpe_only_143_sets,M4_add_one__movement_rate_cv,3,tsenyu0515workout,db_bench_press,1,6.0,7.253427025435231,movement_rate_cv
rpe_only_143_sets,M4_add_one__movement_rate_cv,3,tsenyu0515workout,db_bench_press,2,8.0,8.555692312569596,movement_rate_cv
rpe_only_143_sets,M4_add_one__movement_rate_cv,3,tsenyu0515workout,db_biceps_curl,0,6.0,8.750759025180763,movement_rate_cv
rpe_only_143_sets,M4_add_one__movement_rate_cv,3,tsenyu0515workout,db_biceps_curl,1,9.0,9.214257608159519,movement_rate_cv
rpe_only_143_sets,M4_add_one__movement_rate_cv,3,tsenyu0515workout,db_biceps_curl,2,9.0,11.660414152521367,movement_rate_cv
rpe_only_143_sets,M4_add_one__movement_rate_cv,3,tsenyu0515workout,db_rdl,0,6.0,6.480261644257207,movement_rate_cv
rpe_only_143_sets,M4_add_one__movement_rate_cv,3,tsenyu0515workout,db_rdl,1,10.0,8.93923871571527,movement_rate_cv
rpe_only_143_sets,M4_add_one__movement_rate_cv,3,tsenyu0515workout,db_rdl,2,6.0,10.069696372156967,movement_rate_cv
rpe_only_143_sets,M4_add_one__movement_rate_cv,3,tsenyu0515workout,db_shoulder_press,0,5.0,8.369044098721787,movement_rate_cv
rpe_only_143_sets,M4_add_one__movement_rate_cv,3,tsenyu0515workout,db_shoulder_press,1,8.0,9.612102686412324,movement_rate_cv
rpe_only_143_sets,M4_add_one__movement_rate_cv,3,tsenyu0515workout,db_shoulder_press,2,9.0,11.066129816247825,movement_rate_cv
rpe_only_143_sets,M4_add_one__movement_rate_cv,3,tsenyu0515workout,db_squat,1,4.0,6.2586188634479765,movement_rate_cv
rpe_only_143_sets,M4_add_one__movement_rate_cv,3,tsenyu0515workout,db_squat,2,6.0,7.459235814607591,movement_rate_cv
rpe_only_143_sets,M4_add_one__movement_rate_cv,3,tsenyu0515workout,db_squat,3,5.0,8.857642610459862,movement_rate_cv
rpe_only_143_sets,M4_add_one__movement_rate_cv,3,tsenyu0515workout,db_triceps_curl,0,4.0,6.597683427002158,movement_rate_cv
rpe_only_143_sets,M4_add_one__movement_rate_cv,3,tsenyu0515workout,db_triceps_curl,1,6.0,7.833191403889338,movement_rate_cv
rpe_only_143_sets,M4_add_one__movement_rate_cv,3,tsenyu0515workout,db_triceps_curl,2,7.0,9.042785433205324,movement_rate_cv
rpe_only_143_sets,M4_add_one__movement_rate_cv,3,tsenyu0515workout,db_weighted_crunch,0,3.0,5.480856600380285,movement_rate_cv
rpe_only_143_sets,M4_add_one__movement_rate_cv,3,tsenyu0515workout,db_weighted_crunch,1,5.0,6.666404190028401,movement_rate_cv
rpe_only_143_sets,M4_add_one__movement_rate_cv,3,tsenyu0515workout,db_weighted_crunch,2,7.0,7.8671233773554246,movement_rate_cv
rpe_only_143_sets,M4_add_one__movement_rate_cv,3,tsenyu0515workout,one_arm_db_row,0,5.0,7.290513910980807,movement_rate_cv
rpe_only_143_sets,M4_add_one__movement_rate_cv,3,tsenyu0515workout,one_arm_db_row,1,8.0,8.541214302879848,movement_rate_cv
rpe_only_143_sets,M4_add_one__movement_rate_cv,3,tsenyu0515workout,one_arm_db_row,2,9.0,9.850854231285544,movement_rate_cv
rpe_only_143_sets,M4_add_one__movement_rate_cv,4,yanz0510workout,db_bench_press,2,5.0,5.842819094443248,movement_rate_cv
rpe_only_143_sets,M4_add_one__movement_rate_cv,4,yanz0510workout,db_bench_press,3,7.0,6.965164205048582,movement_rate_cv
rpe_only_143_sets,M4_add_one__movement_rate_cv,4,yanz0510workout,db_bench_press,4,8.0,7.525522447359312,movement_rate_cv
rpe_only_143_sets,M4_add_one__movement_rate_cv,4,yanz0510workout,db_biceps_curl,0,7.0,7.588059353578831,movement_rate_cv
rpe_only_143_sets,M4_add_one__movement_rate_cv,4,yanz0510workout,db_biceps_curl,1,9.0,8.522915656405425,movement_rate_cv
rpe_only_143_sets,M4_add_one__movement_rate_cv,4,yanz0510workout,db_biceps_curl,2,10.0,8.671360226554906,movement_rate_cv
rpe_only_143_sets,M4_add_one__movement_rate_cv,4,yanz0510workout,db_rdl,0,5.0,6.100085217634401,movement_rate_cv
rpe_only_143_sets,M4_add_one__movement_rate_cv,4,yanz0510workout,db_rdl,1,8.0,7.089379053265843,movement_rate_cv
rpe_only_143_sets,M4_add_one__movement_rate_cv,4,yanz0510workout,db_rdl,2,9.0,8.05578678021234,movement_rate_cv
rpe_only_143_sets,M4_add_one__movement_rate_cv,4,yanz0510workout,db_shoulder_press,1,8.0,7.592516852177198,movement_rate_cv
rpe_only_143_sets,M4_add_one__movement_rate_cv,4,yanz0510workout,db_shoulder_press,2,10.0,8.209397066126535,movement_rate_cv
rpe_only_143_sets,M4_add_one__movement_rate_cv,4,yanz0510workout,db_shoulder_press,3,10.0,8.652800013137536,movement_rate_cv
rpe_only_143_sets,M4_add_one__movement_rate_cv,4,yanz0510workout,db_squat,0,7.0,5.164546410159787,movement_rate_cv
rpe_only_143_sets,M4_add_one__movement_rate_cv,4,yanz0510workout,db_squat,1,8.0,5.966880872151405,movement_rate_cv
rpe_only_143_sets,M4_add_one__movement_rate_cv,4,yanz0510workout,db_squat,2,9.0,6.304931768818029,movement_rate_cv
rpe_only_143_sets,M4_add_one__movement_rate_cv,4,yanz0510workout,db_triceps_curl,0,7.0,6.011511698335127,movement_rate_cv
rpe_only_143_sets,M4_add_one__movement_rate_cv,4,yanz0510workout,db_triceps_curl,2,8.0,6.7950645698261605,movement_rate_cv
rpe_only_143_sets,M4_add_one__movement_rate_cv,4,yanz0510workout,db_triceps_curl,4,9.0,7.780180533118512,movement_rate_cv
rpe_only_143_sets,M4_add_one__movement_rate_cv,4,yanz0510workout,db_weighted_crunch,0,6.0,5.410028464363244,movement_rate_cv
rpe_only_143_sets,M4_add_one__movement_rate_cv,4,yanz0510workout,db_weighted_crunch,2,7.0,6.387069938996673,movement_rate_cv
rpe_only_143_sets,M4_add_one__movement_rate_cv,4,yanz0510workout,db_weighted_crunch,3,8.0,7.22509470007331,movement_rate_cv
rpe_only_143_sets,M4_add_one__movement_rate_cv,4,yanz0510workout,one_arm_db_row,0,6.0,6.940960596658419,movement_rate_cv
rpe_only_143_sets,M4_add_one__movement_rate_cv,4,yanz0510workout,one_arm_db_row,1,7.0,7.713232661941177,movement_rate_cv
rpe_only_143_sets,M4_add_one__movement_rate_cv,4,yanz0510workout,one_arm_db_row,2,9.0,8.47949713454366,movement_rate_cv
rpe_only_143_sets,M4_add_one__movement_rate_cv,5,yoru0511workout,db_bench_press,0,3.0,5.835605093603466,movement_rate_cv
rpe_only_143_sets,M4_add_one__movement_rate_cv,5,yoru0511workout,db_bench_press,4,5.0,8.343107358541882,movement_rate_cv
rpe_only_143_sets,M4_add_one__movement_rate_cv,5,yoru0511workout,db_bench_press,5,7.0,9.292019983544845,movement_rate_cv
rpe_only_143_sets,M4_add_one__movement_rate_cv,5,yoru0511workout,db_biceps_curl,0,6.0,7.5303268318476855,movement_rate_cv
rpe_only_143_sets,M4_add_one__movement_rate_cv,5,yoru0511workout,db_biceps_curl,1,8.0,8.38236213947689,movement_rate_cv
rpe_only_143_sets,M4_add_one__movement_rate_cv,5,yoru0511workout,db_biceps_curl,2,9.0,9.16337804326781,movement_rate_cv
rpe_only_143_sets,M4_add_one__movement_rate_cv,5,yoru0511workout,db_rdl,0,6.0,6.064612842716182,movement_rate_cv
rpe_only_143_sets,M4_add_one__movement_rate_cv,5,yoru0511workout,db_rdl,1,6.0,7.0521457999598,movement_rate_cv
rpe_only_143_sets,M4_add_one__movement_rate_cv,5,yoru0511workout,db_rdl,2,7.0,7.913206319717353,movement_rate_cv
rpe_only_143_sets,M4_add_one__movement_rate_cv,5,yoru0511workout,db_shoulder_press,0,7.0,7.280785161117262,movement_rate_cv
rpe_only_143_sets,M4_add_one__movement_rate_cv,5,yoru0511workout,db_shoulder_press,1,8.0,8.222271011025073,movement_rate_cv
rpe_only_143_sets,M4_add_one__movement_rate_cv,5,yoru0511workout,db_shoulder_press,2,9.0,9.051823843478061,movement_rate_cv
rpe_only_143_sets,M4_add_one__movement_rate_cv,5,yoru0511workout,db_squat,0,4.0,5.452351193954957,movement_rate_cv
rpe_only_143_sets,M4_add_one__movement_rate_cv,5,yoru0511workout,db_squat,1,5.0,6.31961295098255,movement_rate_cv
rpe_only_143_sets,M4_add_one__movement_rate_cv,5,yoru0511workout,db_squat,2,6.0,7.178572188356599,movement_rate_cv
rpe_only_143_sets,M4_add_one__movement_rate_cv,5,yoru0511workout,db_triceps_curl,0,5.0,6.007686310189334,movement_rate_cv
rpe_only_143_sets,M4_add_one__movement_rate_cv,5,yoru0511workout,db_triceps_curl,1,5.0,6.734016043522458,movement_rate_cv
rpe_only_143_sets,M4_add_one__movement_rate_cv,5,yoru0511workout,db_triceps_curl,2,6.0,7.585461471105296,movement_rate_cv
rpe_only_143_sets,M4_add_one__movement_rate_cv,5,yoru0511workout,db_weighted_crunch,0,6.0,5.090350306932325,movement_rate_cv
rpe_only_143_sets,M4_add_one__movement_rate_cv,5,yoru0511workout,db_weighted_crunch,1,7.0,5.922892709930895,movement_rate_cv
rpe_only_143_sets,M4_add_one__movement_rate_cv,5,yoru0511workout,db_weighted_crunch,2,7.0,6.759601541958781,movement_rate_cv
rpe_only_143_sets,M4_add_one__movement_rate_cv,5,yoru0511workout,one_arm_db_row,0,5.0,6.703006622492132,movement_rate_cv
rpe_only_143_sets,M4_add_one__movement_rate_cv,5,yoru0511workout,one_arm_db_row,2,7.0,8.08725864622266,movement_rate_cv
rpe_only_143_sets,M4_add_one__movement_rate_cv,5,yoru0511workout,one_arm_db_row,3,8.0,9.006705970160288,movement_rate_cv
rpe_only_143_sets,M4_add_one__movement_rate_cv,6,yushuan0513workout,db_bench_press,0,9.0,4.993665604552992,movement_rate_cv
rpe_only_143_sets,M4_add_one__movement_rate_cv,6,yushuan0513workout,db_bench_press,1,10.0,6.030519085260805,movement_rate_cv
rpe_only_143_sets,M4_add_one__movement_rate_cv,6,yushuan0513workout,db_bench_press,3,10.0,6.893638450444806,movement_rate_cv
rpe_only_143_sets,M4_add_one__movement_rate_cv,6,yushuan0513workout,db_biceps_curl,0,7.0,7.720435496278553,movement_rate_cv
rpe_only_143_sets,M4_add_one__movement_rate_cv,6,yushuan0513workout,db_biceps_curl,1,9.0,8.496956683372188,movement_rate_cv
rpe_only_143_sets,M4_add_one__movement_rate_cv,6,yushuan0513workout,db_biceps_curl,2,10.0,9.3770472528348,movement_rate_cv
rpe_only_143_sets,M4_add_one__movement_rate_cv,6,yushuan0513workout,db_rdl,0,6.0,6.151292038251163,movement_rate_cv
rpe_only_143_sets,M4_add_one__movement_rate_cv,6,yushuan0513workout,db_rdl,1,8.0,7.23975093968299,movement_rate_cv
rpe_only_143_sets,M4_add_one__movement_rate_cv,6,yushuan0513workout,db_rdl,2,8.0,8.341226781378374,movement_rate_cv
rpe_only_143_sets,M4_add_one__movement_rate_cv,6,yushuan0513workout,db_shoulder_press,0,8.0,7.576728605301049,movement_rate_cv
rpe_only_143_sets,M4_add_one__movement_rate_cv,6,yushuan0513workout,db_shoulder_press,1,9.0,8.734041269269891,movement_rate_cv
rpe_only_143_sets,M4_add_one__movement_rate_cv,6,yushuan0513workout,db_shoulder_press,2,10.0,9.816347074482008,movement_rate_cv
rpe_only_143_sets,M4_add_one__movement_rate_cv,6,yushuan0513workout,db_squat,0,6.0,5.376604063581495,movement_rate_cv
rpe_only_143_sets,M4_add_one__movement_rate_cv,6,yushuan0513workout,db_squat,1,7.0,6.306954768789651,movement_rate_cv
rpe_only_143_sets,M4_add_one__movement_rate_cv,6,yushuan0513workout,db_squat,2,8.0,7.3061395615838665,movement_rate_cv
rpe_only_143_sets,M4_add_one__movement_rate_cv,6,yushuan0513workout,db_triceps_curl,0,6.0,5.766525271829623,movement_rate_cv
rpe_only_143_sets,M4_add_one__movement_rate_cv,6,yushuan0513workout,db_triceps_curl,1,7.0,6.675988480619441,movement_rate_cv
rpe_only_143_sets,M4_add_one__movement_rate_cv,6,yushuan0513workout,db_triceps_curl,2,9.0,7.5705592781000615,movement_rate_cv
rpe_only_143_sets,M4_add_one__movement_rate_cv,6,yushuan0513workout,db_weighted_crunch,0,5.0,5.518275056091031,movement_rate_cv
rpe_only_143_sets,M4_add_one__movement_rate_cv,6,yushuan0513workout,db_weighted_crunch,1,6.0,6.4869558054368275,movement_rate_cv
rpe_only_143_sets,M4_add_one__movement_rate_cv,6,yushuan0513workout,db_weighted_crunch,2,7.0,7.533303654593275,movement_rate_cv
rpe_only_143_sets,M4_add_one__movement_rate_cv,6,yushuan0513workout,one_arm_db_row,0,9.0,6.665335457746004,movement_rate_cv
rpe_only_143_sets,M4_add_one__movement_rate_cv,6,yushuan0513workout,one_arm_db_row,1,8.0,7.683406494989865,movement_rate_cv
rpe_only_143_sets,M4_add_one__movement_rate_cv,6,yushuan0513workout,one_arm_db_row,2,9.0,8.762863848434275,movement_rate_cv
rpe_only_143_sets,M4_add_one__gyro_diff_gain_last2_vs_first2,1,haoyu0512workout,db_bench_press,0,8.0,5.364384529998996,gyro_diff_gain_last2_vs_first2
rpe_only_143_sets,M4_add_one__gyro_diff_gain_last2_vs_first2,1,haoyu0512workout,db_bench_press,1,9.0,6.570271868950627,gyro_diff_gain_last2_vs_first2
rpe_only_143_sets,M4_add_one__gyro_diff_gain_last2_vs_first2,1,haoyu0512workout,db_bench_press,2,9.0,7.810604336835588,gyro_diff_gain_last2_vs_first2
rpe_only_143_sets,M4_add_one__gyro_diff_gain_last2_vs_first2,1,haoyu0512workout,db_biceps_curl,0,9.0,7.5255913611078835,gyro_diff_gain_last2_vs_first2
rpe_only_143_sets,M4_add_one__gyro_diff_gain_last2_vs_first2,1,haoyu0512workout,db_biceps_curl,1,9.0,8.604545004609674,gyro_diff_gain_last2_vs_first2
rpe_only_143_sets,M4_add_one__gyro_diff_gain_last2_vs_first2,1,haoyu0512workout,db_biceps_curl,3,9.0,10.147969642653386,gyro_diff_gain_last2_vs_first2
rpe_only_143_sets,M4_add_one__gyro_diff_gain_last2_vs_first2,1,haoyu0512workout,db_rdl,0,9.0,5.770659409372422,gyro_diff_gain_last2_vs_first2
rpe_only_143_sets,M4_add_one__gyro_diff_gain_last2_vs_first2,1,haoyu0512workout,db_rdl,1,9.0,6.902679672531805,gyro_diff_gain_last2_vs_first2
rpe_only_143_sets,M4_add_one__gyro_diff_gain_last2_vs_first2,1,haoyu0512workout,db_rdl,2,9.0,8.264442399739565,gyro_diff_gain_last2_vs_first2
rpe_only_143_sets,M4_add_one__gyro_diff_gain_last2_vs_first2,1,haoyu0512workout,db_shoulder_press,0,7.0,7.472025109133406,gyro_diff_gain_last2_vs_first2
rpe_only_143_sets,M4_add_one__gyro_diff_gain_last2_vs_first2,1,haoyu0512workout,db_shoulder_press,1,9.0,8.543711909496547,gyro_diff_gain_last2_vs_first2
rpe_only_143_sets,M4_add_one__gyro_diff_gain_last2_vs_first2,1,haoyu0512workout,db_shoulder_press,2,9.0,9.75901524739795,gyro_diff_gain_last2_vs_first2
rpe_only_143_sets,M4_add_one__gyro_diff_gain_last2_vs_first2,1,haoyu0512workout,db_squat,0,6.0,5.1336265370201595,gyro_diff_gain_last2_vs_first2
rpe_only_143_sets,M4_add_one__gyro_diff_gain_last2_vs_first2,1,haoyu0512workout,db_squat,1,9.0,6.1726056461171925,gyro_diff_gain_last2_vs_first2
rpe_only_143_sets,M4_add_one__gyro_diff_gain_last2_vs_first2,1,haoyu0512workout,db_squat,2,8.0,7.093972155621138,gyro_diff_gain_last2_vs_first2
rpe_only_143_sets,M4_add_one__gyro_diff_gain_last2_vs_first2,1,haoyu0512workout,db_triceps_curl,0,7.0,5.571850980182884,gyro_diff_gain_last2_vs_first2
rpe_only_143_sets,M4_add_one__gyro_diff_gain_last2_vs_first2,1,haoyu0512workout,db_triceps_curl,1,9.0,6.739941211579995,gyro_diff_gain_last2_vs_first2
rpe_only_143_sets,M4_add_one__gyro_diff_gain_last2_vs_first2,1,haoyu0512workout,db_triceps_curl,2,9.0,7.845720340088308,gyro_diff_gain_last2_vs_first2
rpe_only_143_sets,M4_add_one__gyro_diff_gain_last2_vs_first2,1,haoyu0512workout,db_weighted_crunch,0,6.0,5.015176040329701,gyro_diff_gain_last2_vs_first2
rpe_only_143_sets,M4_add_one__gyro_diff_gain_last2_vs_first2,1,haoyu0512workout,db_weighted_crunch,1,7.0,6.053948332513694,gyro_diff_gain_last2_vs_first2
rpe_only_143_sets,M4_add_one__gyro_diff_gain_last2_vs_first2,1,haoyu0512workout,db_weighted_crunch,2,9.0,7.098829620391516,gyro_diff_gain_last2_vs_first2
rpe_only_143_sets,M4_add_one__gyro_diff_gain_last2_vs_first2,1,haoyu0512workout,one_arm_db_row,0,9.0,6.520614406621176,gyro_diff_gain_last2_vs_first2
rpe_only_143_sets,M4_add_one__gyro_diff_gain_last2_vs_first2,1,haoyu0512workout,one_arm_db_row,1,9.0,7.6066143814618,gyro_diff_gain_last2_vs_first2
rpe_only_143_sets,M4_add_one__gyro_diff_gain_last2_vs_first2,1,haoyu0512workout,one_arm_db_row,2,9.0,8.709202107435088,gyro_diff_gain_last2_vs_first2
rpe_only_143_sets,M4_add_one__gyro_diff_gain_last2_vs_first2,2,hsianshun0514workout,db_bench_press,0,4.0,6.027603400115961,gyro_diff_gain_last2_vs_first2
rpe_only_143_sets,M4_add_one__gyro_diff_gain_last2_vs_first2,2,hsianshun0514workout,db_bench_press,1,6.0,7.0957350427965755,gyro_diff_gain_last2_vs_first2
rpe_only_143_sets,M4_add_one__gyro_diff_gain_last2_vs_first2,2,hsianshun0514workout,db_bench_press,2,7.0,8.261645261507963,gyro_diff_gain_last2_vs_first2
rpe_only_143_sets,M4_add_one__gyro_diff_gain_last2_vs_first2,2,hsianshun0514workout,db_biceps_curl,0,9.0,7.53006303453429,gyro_diff_gain_last2_vs_first2
rpe_only_143_sets,M4_add_one__gyro_diff_gain_last2_vs_first2,2,hsianshun0514workout,db_biceps_curl,1,10.0,8.299191617819941,gyro_diff_gain_last2_vs_first2
rpe_only_143_sets,M4_add_one__gyro_diff_gain_last2_vs_first2,2,hsianshun0514workout,db_biceps_curl,2,10.0,8.973408795142669,gyro_diff_gain_last2_vs_first2
rpe_only_143_sets,M4_add_one__gyro_diff_gain_last2_vs_first2,2,hsianshun0514workout,db_rdl,0,4.0,6.216427268797706,gyro_diff_gain_last2_vs_first2
rpe_only_143_sets,M4_add_one__gyro_diff_gain_last2_vs_first2,2,hsianshun0514workout,db_rdl,1,6.0,7.041034025046493,gyro_diff_gain_last2_vs_first2
rpe_only_143_sets,M4_add_one__gyro_diff_gain_last2_vs_first2,2,hsianshun0514workout,db_rdl,2,8.0,7.841536283763279,gyro_diff_gain_last2_vs_first2
rpe_only_143_sets,M4_add_one__gyro_diff_gain_last2_vs_first2,2,hsianshun0514workout,db_shoulder_press,1,9.0,7.4881635764341015,gyro_diff_gain_last2_vs_first2
rpe_only_143_sets,M4_add_one__gyro_diff_gain_last2_vs_first2,2,hsianshun0514workout,db_shoulder_press,2,10.0,8.599358940412362,gyro_diff_gain_last2_vs_first2
rpe_only_143_sets,M4_add_one__gyro_diff_gain_last2_vs_first2,2,hsianshun0514workout,db_shoulder_press,3,10.0,9.313883686089687,gyro_diff_gain_last2_vs_first2
rpe_only_143_sets,M4_add_one__gyro_diff_gain_last2_vs_first2,2,hsianshun0514workout,db_squat,0,4.0,5.514578959813066,gyro_diff_gain_last2_vs_first2
rpe_only_143_sets,M4_add_one__gyro_diff_gain_last2_vs_first2,2,hsianshun0514workout,db_squat,1,6.0,6.258966710923346,gyro_diff_gain_last2_vs_first2
rpe_only_143_sets,M4_add_one__gyro_diff_gain_last2_vs_first2,2,hsianshun0514workout,db_squat,2,7.0,6.991824965163689,gyro_diff_gain_last2_vs_first2
rpe_only_143_sets,M4_add_one__gyro_diff_gain_last2_vs_first2,2,hsianshun0514workout,db_triceps_curl,0,4.0,6.199754149792922,gyro_diff_gain_last2_vs_first2
rpe_only_143_sets,M4_add_one__gyro_diff_gain_last2_vs_first2,2,hsianshun0514workout,db_triceps_curl,1,7.0,6.68517632946888,gyro_diff_gain_last2_vs_first2
rpe_only_143_sets,M4_add_one__gyro_diff_gain_last2_vs_first2,2,hsianshun0514workout,db_triceps_curl,2,8.0,7.603616032393847,gyro_diff_gain_last2_vs_first2
rpe_only_143_sets,M4_add_one__gyro_diff_gain_last2_vs_first2,2,hsianshun0514workout,db_weighted_crunch,0,5.0,5.579198001558333,gyro_diff_gain_last2_vs_first2
rpe_only_143_sets,M4_add_one__gyro_diff_gain_last2_vs_first2,2,hsianshun0514workout,db_weighted_crunch,2,7.0,6.7740324336483715,gyro_diff_gain_last2_vs_first2
rpe_only_143_sets,M4_add_one__gyro_diff_gain_last2_vs_first2,2,hsianshun0514workout,db_weighted_crunch,3,7.0,7.759101123349217,gyro_diff_gain_last2_vs_first2
rpe_only_143_sets,M4_add_one__gyro_diff_gain_last2_vs_first2,2,hsianshun0514workout,one_arm_db_row,1,7.0,6.862533038728568,gyro_diff_gain_last2_vs_first2
rpe_only_143_sets,M4_add_one__gyro_diff_gain_last2_vs_first2,2,hsianshun0514workout,one_arm_db_row,2,8.0,7.8096322776063385,gyro_diff_gain_last2_vs_first2
rpe_only_143_sets,M4_add_one__gyro_diff_gain_last2_vs_first2,3,tsenyu0515workout,db_bench_press,0,3.0,5.72851237744278,gyro_diff_gain_last2_vs_first2
rpe_only_143_sets,M4_add_one__gyro_diff_gain_last2_vs_first2,3,tsenyu0515workout,db_bench_press,1,6.0,7.195103351403176,gyro_diff_gain_last2_vs_first2
rpe_only_143_sets,M4_add_one__gyro_diff_gain_last2_vs_first2,3,tsenyu0515workout,db_bench_press,2,8.0,8.779586772438355,gyro_diff_gain_last2_vs_first2
rpe_only_143_sets,M4_add_one__gyro_diff_gain_last2_vs_first2,3,tsenyu0515workout,db_biceps_curl,0,6.0,8.578514517588284,gyro_diff_gain_last2_vs_first2
rpe_only_143_sets,M4_add_one__gyro_diff_gain_last2_vs_first2,3,tsenyu0515workout,db_biceps_curl,1,9.0,10.214673719025203,gyro_diff_gain_last2_vs_first2
rpe_only_143_sets,M4_add_one__gyro_diff_gain_last2_vs_first2,3,tsenyu0515workout,db_biceps_curl,2,9.0,11.741996705601837,gyro_diff_gain_last2_vs_first2
rpe_only_143_sets,M4_add_one__gyro_diff_gain_last2_vs_first2,3,tsenyu0515workout,db_rdl,0,6.0,6.756555148600444,gyro_diff_gain_last2_vs_first2
rpe_only_143_sets,M4_add_one__gyro_diff_gain_last2_vs_first2,3,tsenyu0515workout,db_rdl,1,10.0,8.908060805095454,gyro_diff_gain_last2_vs_first2
rpe_only_143_sets,M4_add_one__gyro_diff_gain_last2_vs_first2,3,tsenyu0515workout,db_rdl,2,6.0,10.312710372467974,gyro_diff_gain_last2_vs_first2
rpe_only_143_sets,M4_add_one__gyro_diff_gain_last2_vs_first2,3,tsenyu0515workout,db_shoulder_press,0,5.0,8.17455467654093,gyro_diff_gain_last2_vs_first2
rpe_only_143_sets,M4_add_one__gyro_diff_gain_last2_vs_first2,3,tsenyu0515workout,db_shoulder_press,1,8.0,9.702439290253153,gyro_diff_gain_last2_vs_first2
rpe_only_143_sets,M4_add_one__gyro_diff_gain_last2_vs_first2,3,tsenyu0515workout,db_shoulder_press,2,9.0,11.144277058064135,gyro_diff_gain_last2_vs_first2
rpe_only_143_sets,M4_add_one__gyro_diff_gain_last2_vs_first2,3,tsenyu0515workout,db_squat,1,4.0,6.11595258483233,gyro_diff_gain_last2_vs_first2
rpe_only_143_sets,M4_add_one__gyro_diff_gain_last2_vs_first2,3,tsenyu0515workout,db_squat,2,6.0,7.514356999708841,gyro_diff_gain_last2_vs_first2
rpe_only_143_sets,M4_add_one__gyro_diff_gain_last2_vs_first2,3,tsenyu0515workout,db_squat,3,5.0,8.668618482650304,gyro_diff_gain_last2_vs_first2
rpe_only_143_sets,M4_add_one__gyro_diff_gain_last2_vs_first2,3,tsenyu0515workout,db_triceps_curl,0,4.0,6.311043661234383,gyro_diff_gain_last2_vs_first2
rpe_only_143_sets,M4_add_one__gyro_diff_gain_last2_vs_first2,3,tsenyu0515workout,db_triceps_curl,1,6.0,7.560732319451169,gyro_diff_gain_last2_vs_first2
rpe_only_143_sets,M4_add_one__gyro_diff_gain_last2_vs_first2,3,tsenyu0515workout,db_triceps_curl,2,7.0,8.869902318819909,gyro_diff_gain_last2_vs_first2
rpe_only_143_sets,M4_add_one__gyro_diff_gain_last2_vs_first2,3,tsenyu0515workout,db_weighted_crunch,0,3.0,5.511852149424736,gyro_diff_gain_last2_vs_first2
rpe_only_143_sets,M4_add_one__gyro_diff_gain_last2_vs_first2,3,tsenyu0515workout,db_weighted_crunch,1,5.0,6.559019964264484,gyro_diff_gain_last2_vs_first2
rpe_only_143_sets,M4_add_one__gyro_diff_gain_last2_vs_first2,3,tsenyu0515workout,db_weighted_crunch,2,7.0,7.648937651237053,gyro_diff_gain_last2_vs_first2
rpe_only_143_sets,M4_add_one__gyro_diff_gain_last2_vs_first2,3,tsenyu0515workout,one_arm_db_row,0,5.0,7.198891040702147,gyro_diff_gain_last2_vs_first2
rpe_only_143_sets,M4_add_one__gyro_diff_gain_last2_vs_first2,3,tsenyu0515workout,one_arm_db_row,1,8.0,8.702382767503002,gyro_diff_gain_last2_vs_first2
rpe_only_143_sets,M4_add_one__gyro_diff_gain_last2_vs_first2,3,tsenyu0515workout,one_arm_db_row,2,9.0,10.125199590795154,gyro_diff_gain_last2_vs_first2
rpe_only_143_sets,M4_add_one__gyro_diff_gain_last2_vs_first2,4,yanz0510workout,db_bench_press,2,5.0,5.868150099623406,gyro_diff_gain_last2_vs_first2
rpe_only_143_sets,M4_add_one__gyro_diff_gain_last2_vs_first2,4,yanz0510workout,db_bench_press,3,7.0,6.851958541775044,gyro_diff_gain_last2_vs_first2
rpe_only_143_sets,M4_add_one__gyro_diff_gain_last2_vs_first2,4,yanz0510workout,db_bench_press,4,8.0,7.646965752190608,gyro_diff_gain_last2_vs_first2
rpe_only_143_sets,M4_add_one__gyro_diff_gain_last2_vs_first2,4,yanz0510workout,db_biceps_curl,0,7.0,7.502316907508892,gyro_diff_gain_last2_vs_first2
rpe_only_143_sets,M4_add_one__gyro_diff_gain_last2_vs_first2,4,yanz0510workout,db_biceps_curl,1,9.0,8.397095300918995,gyro_diff_gain_last2_vs_first2
rpe_only_143_sets,M4_add_one__gyro_diff_gain_last2_vs_first2,4,yanz0510workout,db_biceps_curl,2,10.0,8.913034300362698,gyro_diff_gain_last2_vs_first2
rpe_only_143_sets,M4_add_one__gyro_diff_gain_last2_vs_first2,4,yanz0510workout,db_rdl,0,5.0,5.977349821372185,gyro_diff_gain_last2_vs_first2
rpe_only_143_sets,M4_add_one__gyro_diff_gain_last2_vs_first2,4,yanz0510workout,db_rdl,1,8.0,7.025503351555831,gyro_diff_gain_last2_vs_first2
rpe_only_143_sets,M4_add_one__gyro_diff_gain_last2_vs_first2,4,yanz0510workout,db_rdl,2,9.0,8.054931239179773,gyro_diff_gain_last2_vs_first2
rpe_only_143_sets,M4_add_one__gyro_diff_gain_last2_vs_first2,4,yanz0510workout,db_shoulder_press,1,8.0,7.459683662031882,gyro_diff_gain_last2_vs_first2
rpe_only_143_sets,M4_add_one__gyro_diff_gain_last2_vs_first2,4,yanz0510workout,db_shoulder_press,2,10.0,8.056083019439987,gyro_diff_gain_last2_vs_first2
rpe_only_143_sets,M4_add_one__gyro_diff_gain_last2_vs_first2,4,yanz0510workout,db_shoulder_press,3,10.0,8.562350258435167,gyro_diff_gain_last2_vs_first2
rpe_only_143_sets,M4_add_one__gyro_diff_gain_last2_vs_first2,4,yanz0510workout,db_squat,0,7.0,5.1065295464858504,gyro_diff_gain_last2_vs_first2
rpe_only_143_sets,M4_add_one__gyro_diff_gain_last2_vs_first2,4,yanz0510workout,db_squat,1,8.0,5.843451365764781,gyro_diff_gain_last2_vs_first2
rpe_only_143_sets,M4_add_one__gyro_diff_gain_last2_vs_first2,4,yanz0510workout,db_squat,2,9.0,6.490307911556535,gyro_diff_gain_last2_vs_first2
rpe_only_143_sets,M4_add_one__gyro_diff_gain_last2_vs_first2,4,yanz0510workout,db_triceps_curl,0,7.0,5.648171686503842,gyro_diff_gain_last2_vs_first2
rpe_only_143_sets,M4_add_one__gyro_diff_gain_last2_vs_first2,4,yanz0510workout,db_triceps_curl,2,8.0,6.621154393072288,gyro_diff_gain_last2_vs_first2
rpe_only_143_sets,M4_add_one__gyro_diff_gain_last2_vs_first2,4,yanz0510workout,db_triceps_curl,4,9.0,7.521621505944362,gyro_diff_gain_last2_vs_first2
rpe_only_143_sets,M4_add_one__gyro_diff_gain_last2_vs_first2,4,yanz0510workout,db_weighted_crunch,0,6.0,5.339305243946287,gyro_diff_gain_last2_vs_first2
rpe_only_143_sets,M4_add_one__gyro_diff_gain_last2_vs_first2,4,yanz0510workout,db_weighted_crunch,2,7.0,6.387504440061041,gyro_diff_gain_last2_vs_first2
rpe_only_143_sets,M4_add_one__gyro_diff_gain_last2_vs_first2,4,yanz0510workout,db_weighted_crunch,3,8.0,7.192646829427017,gyro_diff_gain_last2_vs_first2
rpe_only_143_sets,M4_add_one__gyro_diff_gain_last2_vs_first2,4,yanz0510workout,one_arm_db_row,0,6.0,6.812512691689946,gyro_diff_gain_last2_vs_first2
rpe_only_143_sets,M4_add_one__gyro_diff_gain_last2_vs_first2,4,yanz0510workout,one_arm_db_row,1,7.0,7.624509691943631,gyro_diff_gain_last2_vs_first2
rpe_only_143_sets,M4_add_one__gyro_diff_gain_last2_vs_first2,4,yanz0510workout,one_arm_db_row,2,9.0,8.34648337728642,gyro_diff_gain_last2_vs_first2
rpe_only_143_sets,M4_add_one__gyro_diff_gain_last2_vs_first2,5,yoru0511workout,db_bench_press,0,3.0,5.81357393686805,gyro_diff_gain_last2_vs_first2
rpe_only_143_sets,M4_add_one__gyro_diff_gain_last2_vs_first2,5,yoru0511workout,db_bench_press,4,5.0,8.353622250382156,gyro_diff_gain_last2_vs_first2
rpe_only_143_sets,M4_add_one__gyro_diff_gain_last2_vs_first2,5,yoru0511workout,db_bench_press,5,7.0,9.370252462918318,gyro_diff_gain_last2_vs_first2
rpe_only_143_sets,M4_add_one__gyro_diff_gain_last2_vs_first2,5,yoru0511workout,db_biceps_curl,0,6.0,7.710669250712172,gyro_diff_gain_last2_vs_first2
rpe_only_143_sets,M4_add_one__gyro_diff_gain_last2_vs_first2,5,yoru0511workout,db_biceps_curl,1,8.0,8.548834727294992,gyro_diff_gain_last2_vs_first2
rpe_only_143_sets,M4_add_one__gyro_diff_gain_last2_vs_first2,5,yoru0511workout,db_biceps_curl,2,9.0,9.32724062614508,gyro_diff_gain_last2_vs_first2
rpe_only_143_sets,M4_add_one__gyro_diff_gain_last2_vs_first2,5,yoru0511workout,db_rdl,0,6.0,6.172386604664492,gyro_diff_gain_last2_vs_first2
rpe_only_143_sets,M4_add_one__gyro_diff_gain_last2_vs_first2,5,yoru0511workout,db_rdl,1,6.0,7.194187268221421,gyro_diff_gain_last2_vs_first2
rpe_only_143_sets,M4_add_one__gyro_diff_gain_last2_vs_first2,5,yoru0511workout,db_rdl,2,7.0,8.128234556042793,gyro_diff_gain_last2_vs_first2
rpe_only_143_sets,M4_add_one__gyro_diff_gain_last2_vs_first2,5,yoru0511workout,db_shoulder_press,0,7.0,7.385546756806846,gyro_diff_gain_last2_vs_first2
rpe_only_143_sets,M4_add_one__gyro_diff_gain_last2_vs_first2,5,yoru0511workout,db_shoulder_press,1,8.0,8.176561945243053,gyro_diff_gain_last2_vs_first2
rpe_only_143_sets,M4_add_one__gyro_diff_gain_last2_vs_first2,5,yoru0511workout,db_shoulder_press,2,9.0,8.99092160361398,gyro_diff_gain_last2_vs_first2
rpe_only_143_sets,M4_add_one__gyro_diff_gain_last2_vs_first2,5,yoru0511workout,db_squat,0,4.0,5.685384315965261,gyro_diff_gain_last2_vs_first2
rpe_only_143_sets,M4_add_one__gyro_diff_gain_last2_vs_first2,5,yoru0511workout,db_squat,1,5.0,6.529997846093286,gyro_diff_gain_last2_vs_first2
rpe_only_143_sets,M4_add_one__gyro_diff_gain_last2_vs_first2,5,yoru0511workout,db_squat,2,6.0,7.456914179664861,gyro_diff_gain_last2_vs_first2
rpe_only_143_sets,M4_add_one__gyro_diff_gain_last2_vs_first2,5,yoru0511workout,db_triceps_curl,0,5.0,6.056025438318025,gyro_diff_gain_last2_vs_first2
rpe_only_143_sets,M4_add_one__gyro_diff_gain_last2_vs_first2,5,yoru0511workout,db_triceps_curl,1,5.0,7.050983778876109,gyro_diff_gain_last2_vs_first2
rpe_only_143_sets,M4_add_one__gyro_diff_gain_last2_vs_first2,5,yoru0511workout,db_triceps_curl,2,6.0,7.7158205554581905,gyro_diff_gain_last2_vs_first2
rpe_only_143_sets,M4_add_one__gyro_diff_gain_last2_vs_first2,5,yoru0511workout,db_weighted_crunch,0,6.0,5.0722513422126445,gyro_diff_gain_last2_vs_first2
rpe_only_143_sets,M4_add_one__gyro_diff_gain_last2_vs_first2,5,yoru0511workout,db_weighted_crunch,1,7.0,5.970725454471383,gyro_diff_gain_last2_vs_first2
rpe_only_143_sets,M4_add_one__gyro_diff_gain_last2_vs_first2,5,yoru0511workout,db_weighted_crunch,2,7.0,6.832252322358795,gyro_diff_gain_last2_vs_first2
rpe_only_143_sets,M4_add_one__gyro_diff_gain_last2_vs_first2,5,yoru0511workout,one_arm_db_row,0,5.0,6.868309212399904,gyro_diff_gain_last2_vs_first2
rpe_only_143_sets,M4_add_one__gyro_diff_gain_last2_vs_first2,5,yoru0511workout,one_arm_db_row,2,7.0,8.149595577137791,gyro_diff_gain_last2_vs_first2
rpe_only_143_sets,M4_add_one__gyro_diff_gain_last2_vs_first2,5,yoru0511workout,one_arm_db_row,3,8.0,9.109420219870955,gyro_diff_gain_last2_vs_first2
rpe_only_143_sets,M4_add_one__gyro_diff_gain_last2_vs_first2,6,yushuan0513workout,db_bench_press,0,9.0,4.83405742340417,gyro_diff_gain_last2_vs_first2
rpe_only_143_sets,M4_add_one__gyro_diff_gain_last2_vs_first2,6,yushuan0513workout,db_bench_press,1,10.0,5.923379326524032,gyro_diff_gain_last2_vs_first2
rpe_only_143_sets,M4_add_one__gyro_diff_gain_last2_vs_first2,6,yushuan0513workout,db_bench_press,3,10.0,7.187536103839425,gyro_diff_gain_last2_vs_first2
rpe_only_143_sets,M4_add_one__gyro_diff_gain_last2_vs_first2,6,yushuan0513workout,db_biceps_curl,0,7.0,7.480861179667785,gyro_diff_gain_last2_vs_first2
rpe_only_143_sets,M4_add_one__gyro_diff_gain_last2_vs_first2,6,yushuan0513workout,db_biceps_curl,1,9.0,8.367320556355253,gyro_diff_gain_last2_vs_first2
rpe_only_143_sets,M4_add_one__gyro_diff_gain_last2_vs_first2,6,yushuan0513workout,db_biceps_curl,2,10.0,9.28832652439441,gyro_diff_gain_last2_vs_first2
rpe_only_143_sets,M4_add_one__gyro_diff_gain_last2_vs_first2,6,yushuan0513workout,db_rdl,0,6.0,6.070238604401979,gyro_diff_gain_last2_vs_first2
rpe_only_143_sets,M4_add_one__gyro_diff_gain_last2_vs_first2,6,yushuan0513workout,db_rdl,1,8.0,7.274108865186995,gyro_diff_gain_last2_vs_first2
rpe_only_143_sets,M4_add_one__gyro_diff_gain_last2_vs_first2,6,yushuan0513workout,db_rdl,2,8.0,8.424031653381892,gyro_diff_gain_last2_vs_first2
rpe_only_143_sets,M4_add_one__gyro_diff_gain_last2_vs_first2,6,yushuan0513workout,db_shoulder_press,0,8.0,7.481997770199795,gyro_diff_gain_last2_vs_first2
rpe_only_143_sets,M4_add_one__gyro_diff_gain_last2_vs_first2,6,yushuan0513workout,db_shoulder_press,1,9.0,8.808070203064302,gyro_diff_gain_last2_vs_first2
rpe_only_143_sets,M4_add_one__gyro_diff_gain_last2_vs_first2,6,yushuan0513workout,db_shoulder_press,2,10.0,9.948112569974464,gyro_diff_gain_last2_vs_first2
rpe_only_143_sets,M4_add_one__gyro_diff_gain_last2_vs_first2,6,yushuan0513workout,db_squat,0,6.0,5.236927646382782,gyro_diff_gain_last2_vs_first2
rpe_only_143_sets,M4_add_one__gyro_diff_gain_last2_vs_first2,6,yushuan0513workout,db_squat,1,7.0,6.2584015874146575,gyro_diff_gain_last2_vs_first2
rpe_only_143_sets,M4_add_one__gyro_diff_gain_last2_vs_first2,6,yushuan0513workout,db_squat,2,8.0,7.295911451389788,gyro_diff_gain_last2_vs_first2
rpe_only_143_sets,M4_add_one__gyro_diff_gain_last2_vs_first2,6,yushuan0513workout,db_triceps_curl,0,6.0,5.645009685108878,gyro_diff_gain_last2_vs_first2
rpe_only_143_sets,M4_add_one__gyro_diff_gain_last2_vs_first2,6,yushuan0513workout,db_triceps_curl,1,7.0,6.546199560706451,gyro_diff_gain_last2_vs_first2
rpe_only_143_sets,M4_add_one__gyro_diff_gain_last2_vs_first2,6,yushuan0513workout,db_triceps_curl,2,9.0,7.460301065838369,gyro_diff_gain_last2_vs_first2
rpe_only_143_sets,M4_add_one__gyro_diff_gain_last2_vs_first2,6,yushuan0513workout,db_weighted_crunch,0,5.0,5.354947955107058,gyro_diff_gain_last2_vs_first2
rpe_only_143_sets,M4_add_one__gyro_diff_gain_last2_vs_first2,6,yushuan0513workout,db_weighted_crunch,1,6.0,6.560198188119451,gyro_diff_gain_last2_vs_first2
rpe_only_143_sets,M4_add_one__gyro_diff_gain_last2_vs_first2,6,yushuan0513workout,db_weighted_crunch,2,7.0,7.614056251507665,gyro_diff_gain_last2_vs_first2
rpe_only_143_sets,M4_add_one__gyro_diff_gain_last2_vs_first2,6,yushuan0513workout,one_arm_db_row,0,9.0,6.607372529120229,gyro_diff_gain_last2_vs_first2
rpe_only_143_sets,M4_add_one__gyro_diff_gain_last2_vs_first2,6,yushuan0513workout,one_arm_db_row,1,8.0,7.682683426093413,gyro_diff_gain_last2_vs_first2
rpe_only_143_sets,M4_add_one__gyro_diff_gain_last2_vs_first2,6,yushuan0513workout,one_arm_db_row,2,9.0,8.634416045457263,gyro_diff_gain_last2_vs_first2
rpe_only_143_sets,M4_add_one__gyro_mag_diff_rms_slope,1,haoyu0512workout,db_bench_press,0,8.0,5.468521228040964,gyro_mag_diff_rms_slope
rpe_only_143_sets,M4_add_one__gyro_mag_diff_rms_slope,1,haoyu0512workout,db_bench_press,1,9.0,6.58663755544865,gyro_mag_diff_rms_slope
rpe_only_143_sets,M4_add_one__gyro_mag_diff_rms_slope,1,haoyu0512workout,db_bench_press,2,9.0,7.7488675481575005,gyro_mag_diff_rms_slope
rpe_only_143_sets,M4_add_one__gyro_mag_diff_rms_slope,1,haoyu0512workout,db_biceps_curl,0,9.0,7.616018837821458,gyro_mag_diff_rms_slope
rpe_only_143_sets,M4_add_one__gyro_mag_diff_rms_slope,1,haoyu0512workout,db_biceps_curl,1,9.0,8.686714612019472,gyro_mag_diff_rms_slope
rpe_only_143_sets,M4_add_one__gyro_mag_diff_rms_slope,1,haoyu0512workout,db_biceps_curl,3,9.0,10.297941412464748,gyro_mag_diff_rms_slope
rpe_only_143_sets,M4_add_one__gyro_mag_diff_rms_slope,1,haoyu0512workout,db_rdl,0,9.0,5.771522820245192,gyro_mag_diff_rms_slope
rpe_only_143_sets,M4_add_one__gyro_mag_diff_rms_slope,1,haoyu0512workout,db_rdl,1,9.0,6.922732262955214,gyro_mag_diff_rms_slope
rpe_only_143_sets,M4_add_one__gyro_mag_diff_rms_slope,1,haoyu0512workout,db_rdl,2,9.0,8.115970498222184,gyro_mag_diff_rms_slope
rpe_only_143_sets,M4_add_one__gyro_mag_diff_rms_slope,1,haoyu0512workout,db_shoulder_press,0,7.0,7.513322306528422,gyro_mag_diff_rms_slope
rpe_only_143_sets,M4_add_one__gyro_mag_diff_rms_slope,1,haoyu0512workout,db_shoulder_press,1,9.0,8.558116355343241,gyro_mag_diff_rms_slope
rpe_only_143_sets,M4_add_one__gyro_mag_diff_rms_slope,1,haoyu0512workout,db_shoulder_press,2,9.0,9.70096465557561,gyro_mag_diff_rms_slope
rpe_only_143_sets,M4_add_one__gyro_mag_diff_rms_slope,1,haoyu0512workout,db_squat,0,6.0,5.165819166541304,gyro_mag_diff_rms_slope
rpe_only_143_sets,M4_add_one__gyro_mag_diff_rms_slope,1,haoyu0512workout,db_squat,1,9.0,6.118996107245625,gyro_mag_diff_rms_slope
rpe_only_143_sets,M4_add_one__gyro_mag_diff_rms_slope,1,haoyu0512workout,db_squat,2,8.0,7.0722449794272,gyro_mag_diff_rms_slope
rpe_only_143_sets,M4_add_one__gyro_mag_diff_rms_slope,1,haoyu0512workout,db_triceps_curl,0,7.0,5.633283360021608,gyro_mag_diff_rms_slope
rpe_only_143_sets,M4_add_one__gyro_mag_diff_rms_slope,1,haoyu0512workout,db_triceps_curl,1,9.0,6.722808364157658,gyro_mag_diff_rms_slope
rpe_only_143_sets,M4_add_one__gyro_mag_diff_rms_slope,1,haoyu0512workout,db_triceps_curl,2,9.0,7.765850266895897,gyro_mag_diff_rms_slope
rpe_only_143_sets,M4_add_one__gyro_mag_diff_rms_slope,1,haoyu0512workout,db_weighted_crunch,0,6.0,5.098948945295183,gyro_mag_diff_rms_slope
rpe_only_143_sets,M4_add_one__gyro_mag_diff_rms_slope,1,haoyu0512workout,db_weighted_crunch,1,7.0,6.153621074333596,gyro_mag_diff_rms_slope
rpe_only_143_sets,M4_add_one__gyro_mag_diff_rms_slope,1,haoyu0512workout,db_weighted_crunch,2,9.0,7.152442502679034,gyro_mag_diff_rms_slope
rpe_only_143_sets,M4_add_one__gyro_mag_diff_rms_slope,1,haoyu0512workout,one_arm_db_row,0,9.0,6.589635277086932,gyro_mag_diff_rms_slope
rpe_only_143_sets,M4_add_one__gyro_mag_diff_rms_slope,1,haoyu0512workout,one_arm_db_row,1,9.0,7.621116719974413,gyro_mag_diff_rms_slope
rpe_only_143_sets,M4_add_one__gyro_mag_diff_rms_slope,1,haoyu0512workout,one_arm_db_row,2,9.0,8.640197912107837,gyro_mag_diff_rms_slope
rpe_only_143_sets,M4_add_one__gyro_mag_diff_rms_slope,2,hsianshun0514workout,db_bench_press,0,4.0,6.013810728426934,gyro_mag_diff_rms_slope
rpe_only_143_sets,M4_add_one__gyro_mag_diff_rms_slope,2,hsianshun0514workout,db_bench_press,1,6.0,7.124452982901085,gyro_mag_diff_rms_slope
rpe_only_143_sets,M4_add_one__gyro_mag_diff_rms_slope,2,hsianshun0514workout,db_bench_press,2,7.0,8.261490434771522,gyro_mag_diff_rms_slope
rpe_only_143_sets,M4_add_one__gyro_mag_diff_rms_slope,2,hsianshun0514workout,db_biceps_curl,0,9.0,7.509491060518961,gyro_mag_diff_rms_slope
rpe_only_143_sets,M4_add_one__gyro_mag_diff_rms_slope,2,hsianshun0514workout,db_biceps_curl,1,10.0,8.17667490258936,gyro_mag_diff_rms_slope
rpe_only_143_sets,M4_add_one__gyro_mag_diff_rms_slope,2,hsianshun0514workout,db_biceps_curl,2,10.0,8.956287836698106,gyro_mag_diff_rms_slope
rpe_only_143_sets,M4_add_one__gyro_mag_diff_rms_slope,2,hsianshun0514workout,db_rdl,0,4.0,6.142739205939808,gyro_mag_diff_rms_slope
rpe_only_143_sets,M4_add_one__gyro_mag_diff_rms_slope,2,hsianshun0514workout,db_rdl,1,6.0,7.00386637990878,gyro_mag_diff_rms_slope
rpe_only_143_sets,M4_add_one__gyro_mag_diff_rms_slope,2,hsianshun0514workout,db_rdl,2,8.0,7.84652799548295,gyro_mag_diff_rms_slope
rpe_only_143_sets,M4_add_one__gyro_mag_diff_rms_slope,2,hsianshun0514workout,db_shoulder_press,1,9.0,7.532972868560239,gyro_mag_diff_rms_slope
rpe_only_143_sets,M4_add_one__gyro_mag_diff_rms_slope,2,hsianshun0514workout,db_shoulder_press,2,10.0,8.479875224381443,gyro_mag_diff_rms_slope
rpe_only_143_sets,M4_add_one__gyro_mag_diff_rms_slope,2,hsianshun0514workout,db_shoulder_press,3,10.0,9.303587747392612,gyro_mag_diff_rms_slope
rpe_only_143_sets,M4_add_one__gyro_mag_diff_rms_slope,2,hsianshun0514workout,db_squat,0,4.0,5.487005474385505,gyro_mag_diff_rms_slope
rpe_only_143_sets,M4_add_one__gyro_mag_diff_rms_slope,2,hsianshun0514workout,db_squat,1,6.0,6.215812986517182,gyro_mag_diff_rms_slope
rpe_only_143_sets,M4_add_one__gyro_mag_diff_rms_slope,2,hsianshun0514workout,db_squat,2,7.0,6.930073903132899,gyro_mag_diff_rms_slope
rpe_only_143_sets,M4_add_one__gyro_mag_diff_rms_slope,2,hsianshun0514workout,db_triceps_curl,0,4.0,5.9234432417772025,gyro_mag_diff_rms_slope
rpe_only_143_sets,M4_add_one__gyro_mag_diff_rms_slope,2,hsianshun0514workout,db_triceps_curl,1,7.0,6.7061951827530715,gyro_mag_diff_rms_slope
rpe_only_143_sets,M4_add_one__gyro_mag_diff_rms_slope,2,hsianshun0514workout,db_triceps_curl,2,8.0,7.491960232580336,gyro_mag_diff_rms_slope
rpe_only_143_sets,M4_add_one__gyro_mag_diff_rms_slope,2,hsianshun0514workout,db_weighted_crunch,0,5.0,5.551065411114965,gyro_mag_diff_rms_slope
rpe_only_143_sets,M4_add_one__gyro_mag_diff_rms_slope,2,hsianshun0514workout,db_weighted_crunch,2,7.0,6.728696221427449,gyro_mag_diff_rms_slope
rpe_only_143_sets,M4_add_one__gyro_mag_diff_rms_slope,2,hsianshun0514workout,db_weighted_crunch,3,7.0,7.709115500728781,gyro_mag_diff_rms_slope
rpe_only_143_sets,M4_add_one__gyro_mag_diff_rms_slope,2,hsianshun0514workout,one_arm_db_row,1,7.0,6.875029704811814,gyro_mag_diff_rms_slope
rpe_only_143_sets,M4_add_one__gyro_mag_diff_rms_slope,2,hsianshun0514workout,one_arm_db_row,2,8.0,7.6649787596063605,gyro_mag_diff_rms_slope
rpe_only_143_sets,M4_add_one__gyro_mag_diff_rms_slope,3,tsenyu0515workout,db_bench_press,0,3.0,5.694522648702675,gyro_mag_diff_rms_slope
rpe_only_143_sets,M4_add_one__gyro_mag_diff_rms_slope,3,tsenyu0515workout,db_bench_press,1,6.0,7.213868836718092,gyro_mag_diff_rms_slope
rpe_only_143_sets,M4_add_one__gyro_mag_diff_rms_slope,3,tsenyu0515workout,db_bench_press,2,8.0,8.782908124718496,gyro_mag_diff_rms_slope
rpe_only_143_sets,M4_add_one__gyro_mag_diff_rms_slope,3,tsenyu0515workout,db_biceps_curl,0,6.0,8.590432736599329,gyro_mag_diff_rms_slope
rpe_only_143_sets,M4_add_one__gyro_mag_diff_rms_slope,3,tsenyu0515workout,db_biceps_curl,1,9.0,10.081749659761186,gyro_mag_diff_rms_slope
rpe_only_143_sets,M4_add_one__gyro_mag_diff_rms_slope,3,tsenyu0515workout,db_biceps_curl,2,9.0,11.73011444453986,gyro_mag_diff_rms_slope
rpe_only_143_sets,M4_add_one__gyro_mag_diff_rms_slope,3,tsenyu0515workout,db_rdl,0,6.0,6.762590708580203,gyro_mag_diff_rms_slope
rpe_only_143_sets,M4_add_one__gyro_mag_diff_rms_slope,3,tsenyu0515workout,db_rdl,1,10.0,8.917353563992798,gyro_mag_diff_rms_slope
rpe_only_143_sets,M4_add_one__gyro_mag_diff_rms_slope,3,tsenyu0515workout,db_rdl,2,6.0,10.27783693757229,gyro_mag_diff_rms_slope
rpe_only_143_sets,M4_add_one__gyro_mag_diff_rms_slope,3,tsenyu0515workout,db_shoulder_press,0,5.0,8.150132887909797,gyro_mag_diff_rms_slope
rpe_only_143_sets,M4_add_one__gyro_mag_diff_rms_slope,3,tsenyu0515workout,db_shoulder_press,1,8.0,9.683027856950872,gyro_mag_diff_rms_slope
rpe_only_143_sets,M4_add_one__gyro_mag_diff_rms_slope,3,tsenyu0515workout,db_shoulder_press,2,9.0,11.173549884207297,gyro_mag_diff_rms_slope
rpe_only_143_sets,M4_add_one__gyro_mag_diff_rms_slope,3,tsenyu0515workout,db_squat,1,4.0,6.137571153249981,gyro_mag_diff_rms_slope
rpe_only_143_sets,M4_add_one__gyro_mag_diff_rms_slope,3,tsenyu0515workout,db_squat,2,6.0,7.500364850808773,gyro_mag_diff_rms_slope
rpe_only_143_sets,M4_add_one__gyro_mag_diff_rms_slope,3,tsenyu0515workout,db_squat,3,5.0,8.654022842965887,gyro_mag_diff_rms_slope
rpe_only_143_sets,M4_add_one__gyro_mag_diff_rms_slope,3,tsenyu0515workout,db_triceps_curl,0,4.0,6.335914291028931,gyro_mag_diff_rms_slope
rpe_only_143_sets,M4_add_one__gyro_mag_diff_rms_slope,3,tsenyu0515workout,db_triceps_curl,1,6.0,7.578336839024961,gyro_mag_diff_rms_slope
rpe_only_143_sets,M4_add_one__gyro_mag_diff_rms_slope,3,tsenyu0515workout,db_triceps_curl,2,7.0,8.866649573992126,gyro_mag_diff_rms_slope
rpe_only_143_sets,M4_add_one__gyro_mag_diff_rms_slope,3,tsenyu0515workout,db_weighted_crunch,0,3.0,5.5160205764542845,gyro_mag_diff_rms_slope
rpe_only_143_sets,M4_add_one__gyro_mag_diff_rms_slope,3,tsenyu0515workout,db_weighted_crunch,1,5.0,6.588930163011078,gyro_mag_diff_rms_slope
rpe_only_143_sets,M4_add_one__gyro_mag_diff_rms_slope,3,tsenyu0515workout,db_weighted_crunch,2,7.0,7.657212297847126,gyro_mag_diff_rms_slope
rpe_only_143_sets,M4_add_one__gyro_mag_diff_rms_slope,3,tsenyu0515workout,one_arm_db_row,0,5.0,7.254745051776927,gyro_mag_diff_rms_slope
rpe_only_143_sets,M4_add_one__gyro_mag_diff_rms_slope,3,tsenyu0515workout,one_arm_db_row,1,8.0,8.713998313801348,gyro_mag_diff_rms_slope
rpe_only_143_sets,M4_add_one__gyro_mag_diff_rms_slope,3,tsenyu0515workout,one_arm_db_row,2,9.0,10.15582660247342,gyro_mag_diff_rms_slope
rpe_only_143_sets,M4_add_one__gyro_mag_diff_rms_slope,4,yanz0510workout,db_bench_press,2,5.0,5.886035608838991,gyro_mag_diff_rms_slope
rpe_only_143_sets,M4_add_one__gyro_mag_diff_rms_slope,4,yanz0510workout,db_bench_press,3,7.0,6.85818505796796,gyro_mag_diff_rms_slope
rpe_only_143_sets,M4_add_one__gyro_mag_diff_rms_slope,4,yanz0510workout,db_bench_press,4,8.0,7.6641924931881675,gyro_mag_diff_rms_slope
rpe_only_143_sets,M4_add_one__gyro_mag_diff_rms_slope,4,yanz0510workout,db_biceps_curl,0,7.0,7.5155316153328044,gyro_mag_diff_rms_slope
rpe_only_143_sets,M4_add_one__gyro_mag_diff_rms_slope,4,yanz0510workout,db_biceps_curl,1,9.0,8.291775293690828,gyro_mag_diff_rms_slope
rpe_only_143_sets,M4_add_one__gyro_mag_diff_rms_slope,4,yanz0510workout,db_biceps_curl,2,10.0,8.890127672511532,gyro_mag_diff_rms_slope
rpe_only_143_sets,M4_add_one__gyro_mag_diff_rms_slope,4,yanz0510workout,db_rdl,0,5.0,5.988420126166515,gyro_mag_diff_rms_slope
rpe_only_143_sets,M4_add_one__gyro_mag_diff_rms_slope,4,yanz0510workout,db_rdl,1,8.0,7.041932302888196,gyro_mag_diff_rms_slope
rpe_only_143_sets,M4_add_one__gyro_mag_diff_rms_slope,4,yanz0510workout,db_rdl,2,9.0,8.054620245794883,gyro_mag_diff_rms_slope
rpe_only_143_sets,M4_add_one__gyro_mag_diff_rms_slope,4,yanz0510workout,db_shoulder_press,1,8.0,7.472187979295122,gyro_mag_diff_rms_slope
rpe_only_143_sets,M4_add_one__gyro_mag_diff_rms_slope,4,yanz0510workout,db_shoulder_press,2,10.0,8.076926804496566,gyro_mag_diff_rms_slope
rpe_only_143_sets,M4_add_one__gyro_mag_diff_rms_slope,4,yanz0510workout,db_shoulder_press,3,10.0,8.570168971819498,gyro_mag_diff_rms_slope
rpe_only_143_sets,M4_add_one__gyro_mag_diff_rms_slope,4,yanz0510workout,db_squat,0,7.0,5.100249473627932,gyro_mag_diff_rms_slope
rpe_only_143_sets,M4_add_one__gyro_mag_diff_rms_slope,4,yanz0510workout,db_squat,1,8.0,5.824811511616139,gyro_mag_diff_rms_slope
rpe_only_143_sets,M4_add_one__gyro_mag_diff_rms_slope,4,yanz0510workout,db_squat,2,9.0,6.520469673373056,gyro_mag_diff_rms_slope
rpe_only_143_sets,M4_add_one__gyro_mag_diff_rms_slope,4,yanz0510workout,db_triceps_curl,0,7.0,5.680460022116301,gyro_mag_diff_rms_slope
rpe_only_143_sets,M4_add_one__gyro_mag_diff_rms_slope,4,yanz0510workout,db_triceps_curl,2,8.0,6.5974561525792295,gyro_mag_diff_rms_slope
rpe_only_143_sets,M4_add_one__gyro_mag_diff_rms_slope,4,yanz0510workout,db_triceps_curl,4,9.0,7.519482134159856,gyro_mag_diff_rms_slope
rpe_only_143_sets,M4_add_one__gyro_mag_diff_rms_slope,4,yanz0510workout,db_weighted_crunch,0,6.0,5.338189582942804,gyro_mag_diff_rms_slope
rpe_only_143_sets,M4_add_one__gyro_mag_diff_rms_slope,4,yanz0510workout,db_weighted_crunch,2,7.0,6.4043459941034575,gyro_mag_diff_rms_slope
rpe_only_143_sets,M4_add_one__gyro_mag_diff_rms_slope,4,yanz0510workout,db_weighted_crunch,3,8.0,7.22284478068667,gyro_mag_diff_rms_slope
rpe_only_143_sets,M4_add_one__gyro_mag_diff_rms_slope,4,yanz0510workout,one_arm_db_row,0,6.0,6.8160631002891074,gyro_mag_diff_rms_slope
rpe_only_143_sets,M4_add_one__gyro_mag_diff_rms_slope,4,yanz0510workout,one_arm_db_row,1,7.0,7.604571717727163,gyro_mag_diff_rms_slope
rpe_only_143_sets,M4_add_one__gyro_mag_diff_rms_slope,4,yanz0510workout,one_arm_db_row,2,9.0,8.349261635916033,gyro_mag_diff_rms_slope
rpe_only_143_sets,M4_add_one__gyro_mag_diff_rms_slope,5,yoru0511workout,db_bench_press,0,3.0,5.836370456524509,gyro_mag_diff_rms_slope
rpe_only_143_sets,M4_add_one__gyro_mag_diff_rms_slope,5,yoru0511workout,db_bench_press,4,5.0,8.411751435726845,gyro_mag_diff_rms_slope
rpe_only_143_sets,M4_add_one__gyro_mag_diff_rms_slope,5,yoru0511workout,db_bench_press,5,7.0,9.552792099225863,gyro_mag_diff_rms_slope
rpe_only_143_sets,M4_add_one__gyro_mag_diff_rms_slope,5,yoru0511workout,db_biceps_curl,0,6.0,7.665655709817891,gyro_mag_diff_rms_slope
rpe_only_143_sets,M4_add_one__gyro_mag_diff_rms_slope,5,yoru0511workout,db_biceps_curl,1,8.0,8.536638496179632,gyro_mag_diff_rms_slope
rpe_only_143_sets,M4_add_one__gyro_mag_diff_rms_slope,5,yoru0511workout,db_biceps_curl,2,9.0,9.372795801157196,gyro_mag_diff_rms_slope
rpe_only_143_sets,M4_add_one__gyro_mag_diff_rms_slope,5,yoru0511workout,db_rdl,0,6.0,6.314503498675437,gyro_mag_diff_rms_slope
rpe_only_143_sets,M4_add_one__gyro_mag_diff_rms_slope,5,yoru0511workout,db_rdl,1,6.0,7.42859116183046,gyro_mag_diff_rms_slope
rpe_only_143_sets,M4_add_one__gyro_mag_diff_rms_slope,5,yoru0511workout,db_rdl,2,7.0,8.485563952330411,gyro_mag_diff_rms_slope
rpe_only_143_sets,M4_add_one__gyro_mag_diff_rms_slope,5,yoru0511workout,db_shoulder_press,0,7.0,7.358895731037983,gyro_mag_diff_rms_slope
rpe_only_143_sets,M4_add_one__gyro_mag_diff_rms_slope,5,yoru0511workout,db_shoulder_press,1,8.0,8.006671846098616,gyro_mag_diff_rms_slope
rpe_only_143_sets,M4_add_one__gyro_mag_diff_rms_slope,5,yoru0511workout,db_shoulder_press,2,9.0,8.612782491028117,gyro_mag_diff_rms_slope
rpe_only_143_sets,M4_add_one__gyro_mag_diff_rms_slope,5,yoru0511workout,db_squat,0,4.0,5.854497457275595,gyro_mag_diff_rms_slope
rpe_only_143_sets,M4_add_one__gyro_mag_diff_rms_slope,5,yoru0511workout,db_squat,1,5.0,6.694019983456852,gyro_mag_diff_rms_slope
rpe_only_143_sets,M4_add_one__gyro_mag_diff_rms_slope,5,yoru0511workout,db_squat,2,6.0,7.52086563861086,gyro_mag_diff_rms_slope
rpe_only_143_sets,M4_add_one__gyro_mag_diff_rms_slope,5,yoru0511workout,db_triceps_curl,0,5.0,6.084095354896191,gyro_mag_diff_rms_slope
rpe_only_143_sets,M4_add_one__gyro_mag_diff_rms_slope,5,yoru0511workout,db_triceps_curl,1,5.0,7.092706079282479,gyro_mag_diff_rms_slope
rpe_only_143_sets,M4_add_one__gyro_mag_diff_rms_slope,5,yoru0511workout,db_triceps_curl,2,6.0,7.846758138826324,gyro_mag_diff_rms_slope
rpe_only_143_sets,M4_add_one__gyro_mag_diff_rms_slope,5,yoru0511workout,db_weighted_crunch,0,6.0,4.862858313541163,gyro_mag_diff_rms_slope
rpe_only_143_sets,M4_add_one__gyro_mag_diff_rms_slope,5,yoru0511workout,db_weighted_crunch,1,7.0,5.9237906596572,gyro_mag_diff_rms_slope
rpe_only_143_sets,M4_add_one__gyro_mag_diff_rms_slope,5,yoru0511workout,db_weighted_crunch,2,7.0,6.694307764442615,gyro_mag_diff_rms_slope
rpe_only_143_sets,M4_add_one__gyro_mag_diff_rms_slope,5,yoru0511workout,one_arm_db_row,0,5.0,6.99082014421727,gyro_mag_diff_rms_slope
rpe_only_143_sets,M4_add_one__gyro_mag_diff_rms_slope,5,yoru0511workout,one_arm_db_row,2,7.0,8.050991386873534,gyro_mag_diff_rms_slope
rpe_only_143_sets,M4_add_one__gyro_mag_diff_rms_slope,5,yoru0511workout,one_arm_db_row,3,8.0,9.078752524856633,gyro_mag_diff_rms_slope
rpe_only_143_sets,M4_add_one__gyro_mag_diff_rms_slope,6,yushuan0513workout,db_bench_press,0,9.0,4.707989245392499,gyro_mag_diff_rms_slope
rpe_only_143_sets,M4_add_one__gyro_mag_diff_rms_slope,6,yushuan0513workout,db_bench_press,1,10.0,5.840056102249252,gyro_mag_diff_rms_slope
rpe_only_143_sets,M4_add_one__gyro_mag_diff_rms_slope,6,yushuan0513workout,db_bench_press,3,10.0,6.98152607793032,gyro_mag_diff_rms_slope
rpe_only_143_sets,M4_add_one__gyro_mag_diff_rms_slope,6,yushuan0513workout,db_biceps_curl,0,7.0,7.453996497484481,gyro_mag_diff_rms_slope
rpe_only_143_sets,M4_add_one__gyro_mag_diff_rms_slope,6,yushuan0513workout,db_biceps_curl,1,9.0,8.364881396353592,gyro_mag_diff_rms_slope
rpe_only_143_sets,M4_add_one__gyro_mag_diff_rms_slope,6,yushuan0513workout,db_biceps_curl,2,10.0,9.292187147554316,gyro_mag_diff_rms_slope
rpe_only_143_sets,M4_add_one__gyro_mag_diff_rms_slope,6,yushuan0513workout,db_rdl,0,6.0,6.094039589472847,gyro_mag_diff_rms_slope
rpe_only_143_sets,M4_add_one__gyro_mag_diff_rms_slope,6,yushuan0513workout,db_rdl,1,8.0,7.624871601898097,gyro_mag_diff_rms_slope
rpe_only_143_sets,M4_add_one__gyro_mag_diff_rms_slope,6,yushuan0513workout,db_rdl,2,8.0,8.51479944302813,gyro_mag_diff_rms_slope
rpe_only_143_sets,M4_add_one__gyro_mag_diff_rms_slope,6,yushuan0513workout,db_shoulder_press,0,8.0,7.417515511203376,gyro_mag_diff_rms_slope
rpe_only_143_sets,M4_add_one__gyro_mag_diff_rms_slope,6,yushuan0513workout,db_shoulder_press,1,9.0,8.824748130523307,gyro_mag_diff_rms_slope
rpe_only_143_sets,M4_add_one__gyro_mag_diff_rms_slope,6,yushuan0513workout,db_shoulder_press,2,10.0,9.951733254857853,gyro_mag_diff_rms_slope
rpe_only_143_sets,M4_add_one__gyro_mag_diff_rms_slope,6,yushuan0513workout,db_squat,0,6.0,5.199150885497961,gyro_mag_diff_rms_slope
rpe_only_143_sets,M4_add_one__gyro_mag_diff_rms_slope,6,yushuan0513workout,db_squat,1,7.0,6.169636462868516,gyro_mag_diff_rms_slope
rpe_only_143_sets,M4_add_one__gyro_mag_diff_rms_slope,6,yushuan0513workout,db_squat,2,8.0,7.2267138693813875,gyro_mag_diff_rms_slope
rpe_only_143_sets,M4_add_one__gyro_mag_diff_rms_slope,6,yushuan0513workout,db_triceps_curl,0,6.0,5.641501435434987,gyro_mag_diff_rms_slope
rpe_only_143_sets,M4_add_one__gyro_mag_diff_rms_slope,6,yushuan0513workout,db_triceps_curl,1,7.0,6.548648703129801,gyro_mag_diff_rms_slope
rpe_only_143_sets,M4_add_one__gyro_mag_diff_rms_slope,6,yushuan0513workout,db_triceps_curl,2,9.0,7.480095566037159,gyro_mag_diff_rms_slope
rpe_only_143_sets,M4_add_one__gyro_mag_diff_rms_slope,6,yushuan0513workout,db_weighted_crunch,0,5.0,5.172246022523619,gyro_mag_diff_rms_slope
rpe_only_143_sets,M4_add_one__gyro_mag_diff_rms_slope,6,yushuan0513workout,db_weighted_crunch,1,6.0,6.630892987492281,gyro_mag_diff_rms_slope
rpe_only_143_sets,M4_add_one__gyro_mag_diff_rms_slope,6,yushuan0513workout,db_weighted_crunch,2,7.0,7.554398983890978,gyro_mag_diff_rms_slope
rpe_only_143_sets,M4_add_one__gyro_mag_diff_rms_slope,6,yushuan0513workout,one_arm_db_row,0,9.0,6.661924764833889,gyro_mag_diff_rms_slope
rpe_only_143_sets,M4_add_one__gyro_mag_diff_rms_slope,6,yushuan0513workout,one_arm_db_row,1,8.0,7.739739266315483,gyro_mag_diff_rms_slope
rpe_only_143_sets,M4_add_one__gyro_mag_diff_rms_slope,6,yushuan0513workout,one_arm_db_row,2,9.0,8.711486280729154,gyro_mag_diff_rms_slope
rpe_only_143_sets,M4_add_one__sim_to_first_slope,1,haoyu0512workout,db_bench_press,0,8.0,5.498844244790396,sim_to_first_slope
rpe_only_143_sets,M4_add_one__sim_to_first_slope,1,haoyu0512workout,db_bench_press,1,9.0,6.470017519215692,sim_to_first_slope
rpe_only_143_sets,M4_add_one__sim_to_first_slope,1,haoyu0512workout,db_bench_press,2,9.0,7.8623737222188215,sim_to_first_slope
rpe_only_143_sets,M4_add_one__sim_to_first_slope,1,haoyu0512workout,db_biceps_curl,0,9.0,7.579009431074649,sim_to_first_slope
rpe_only_143_sets,M4_add_one__sim_to_first_slope,1,haoyu0512workout,db_biceps_curl,1,9.0,8.599262992794761,sim_to_first_slope
rpe_only_143_sets,M4_add_one__sim_to_first_slope,1,haoyu0512workout,db_biceps_curl,3,9.0,10.192211102283206,sim_to_first_slope
rpe_only_143_sets,M4_add_one__sim_to_first_slope,1,haoyu0512workout,db_rdl,0,9.0,5.752941182652534,sim_to_first_slope
rpe_only_143_sets,M4_add_one__sim_to_first_slope,1,haoyu0512workout,db_rdl,1,9.0,7.311137529299744,sim_to_first_slope
rpe_only_143_sets,M4_add_one__sim_to_first_slope,1,haoyu0512workout,db_rdl,2,9.0,8.054012327181226,sim_to_first_slope
rpe_only_143_sets,M4_add_one__sim_to_first_slope,1,haoyu0512workout,db_shoulder_press,0,7.0,7.353052807019451,sim_to_first_slope
rpe_only_143_sets,M4_add_one__sim_to_first_slope,1,haoyu0512workout,db_shoulder_press,1,9.0,8.39314232633814,sim_to_first_slope
rpe_only_143_sets,M4_add_one__sim_to_first_slope,1,haoyu0512workout,db_shoulder_press,2,9.0,9.863750923948494,sim_to_first_slope
rpe_only_143_sets,M4_add_one__sim_to_first_slope,1,haoyu0512workout,db_squat,0,6.0,5.200250799607277,sim_to_first_slope
rpe_only_143_sets,M4_add_one__sim_to_first_slope,1,haoyu0512workout,db_squat,1,9.0,6.110488803302674,sim_to_first_slope
rpe_only_143_sets,M4_add_one__sim_to_first_slope,1,haoyu0512workout,db_squat,2,8.0,7.369089605001551,sim_to_first_slope
rpe_only_143_sets,M4_add_one__sim_to_first_slope,1,haoyu0512workout,db_triceps_curl,0,7.0,5.804572199841052,sim_to_first_slope
rpe_only_143_sets,M4_add_one__sim_to_first_slope,1,haoyu0512workout,db_triceps_curl,1,9.0,6.704806004795385,sim_to_first_slope
rpe_only_143_sets,M4_add_one__sim_to_first_slope,1,haoyu0512workout,db_triceps_curl,2,9.0,7.957824049638692,sim_to_first_slope
rpe_only_143_sets,M4_add_one__sim_to_first_slope,1,haoyu0512workout,db_weighted_crunch,0,6.0,5.310557925885383,sim_to_first_slope
rpe_only_143_sets,M4_add_one__sim_to_first_slope,1,haoyu0512workout,db_weighted_crunch,1,7.0,6.1886062538986115,sim_to_first_slope
rpe_only_143_sets,M4_add_one__sim_to_first_slope,1,haoyu0512workout,db_weighted_crunch,2,9.0,7.154798381540089,sim_to_first_slope
rpe_only_143_sets,M4_add_one__sim_to_first_slope,1,haoyu0512workout,one_arm_db_row,0,9.0,6.814294960995408,sim_to_first_slope
rpe_only_143_sets,M4_add_one__sim_to_first_slope,1,haoyu0512workout,one_arm_db_row,1,9.0,7.384334599723825,sim_to_first_slope
rpe_only_143_sets,M4_add_one__sim_to_first_slope,1,haoyu0512workout,one_arm_db_row,2,9.0,9.012629745890067,sim_to_first_slope
rpe_only_143_sets,M4_add_one__sim_to_first_slope,2,hsianshun0514workout,db_bench_press,0,4.0,5.823281229525511,sim_to_first_slope
rpe_only_143_sets,M4_add_one__sim_to_first_slope,2,hsianshun0514workout,db_bench_press,1,6.0,6.885562173750914,sim_to_first_slope
rpe_only_143_sets,M4_add_one__sim_to_first_slope,2,hsianshun0514workout,db_bench_press,2,7.0,8.565511413863879,sim_to_first_slope
rpe_only_143_sets,M4_add_one__sim_to_first_slope,2,hsianshun0514workout,db_biceps_curl,0,9.0,7.977206549130757,sim_to_first_slope
rpe_only_143_sets,M4_add_one__sim_to_first_slope,2,hsianshun0514workout,db_biceps_curl,1,10.0,8.229619157780016,sim_to_first_slope
rpe_only_143_sets,M4_add_one__sim_to_first_slope,2,hsianshun0514workout,db_biceps_curl,2,10.0,8.614059237747837,sim_to_first_slope
rpe_only_143_sets,M4_add_one__sim_to_first_slope,2,hsianshun0514workout,db_rdl,0,4.0,6.339505021158878,sim_to_first_slope
rpe_only_143_sets,M4_add_one__sim_to_first_slope,2,hsianshun0514workout,db_rdl,1,6.0,7.487606789589383,sim_to_first_slope
rpe_only_143_sets,M4_add_one__sim_to_first_slope,2,hsianshun0514workout,db_rdl,2,8.0,7.883308965821772,sim_to_first_slope
rpe_only_143_sets,M4_add_one__sim_to_first_slope,2,hsianshun0514workout,db_shoulder_press,1,9.0,7.550945484734763,sim_to_first_slope
rpe_only_143_sets,M4_add_one__sim_to_first_slope,2,hsianshun0514workout,db_shoulder_press,2,10.0,8.092714368791535,sim_to_first_slope
rpe_only_143_sets,M4_add_one__sim_to_first_slope,2,hsianshun0514workout,db_shoulder_press,3,10.0,8.649005752893396,sim_to_first_slope
rpe_only_143_sets,M4_add_one__sim_to_first_slope,2,hsianshun0514workout,db_squat,0,4.0,5.593253082934082,sim_to_first_slope
rpe_only_143_sets,M4_add_one__sim_to_first_slope,2,hsianshun0514workout,db_squat,1,6.0,6.344752627387445,sim_to_first_slope
rpe_only_143_sets,M4_add_one__sim_to_first_slope,2,hsianshun0514workout,db_squat,2,7.0,6.898864215878758,sim_to_first_slope
rpe_only_143_sets,M4_add_one__sim_to_first_slope,2,hsianshun0514workout,db_triceps_curl,0,4.0,6.127529429790522,sim_to_first_slope
rpe_only_143_sets,M4_add_one__sim_to_first_slope,2,hsianshun0514workout,db_triceps_curl,1,7.0,7.001825314161535,sim_to_first_slope
rpe_only_143_sets,M4_add_one__sim_to_first_slope,2,hsianshun0514workout,db_triceps_curl,2,8.0,7.8449415467547805,sim_to_first_slope
rpe_only_143_sets,M4_add_one__sim_to_first_slope,2,hsianshun0514workout,db_weighted_crunch,0,5.0,5.4867587430045885,sim_to_first_slope
rpe_only_143_sets,M4_add_one__sim_to_first_slope,2,hsianshun0514workout,db_weighted_crunch,2,7.0,6.7519375709758735,sim_to_first_slope
rpe_only_143_sets,M4_add_one__sim_to_first_slope,2,hsianshun0514workout,db_weighted_crunch,3,7.0,7.460388366162771,sim_to_first_slope
rpe_only_143_sets,M4_add_one__sim_to_first_slope,2,hsianshun0514workout,one_arm_db_row,1,7.0,6.503519075835843,sim_to_first_slope
rpe_only_143_sets,M4_add_one__sim_to_first_slope,2,hsianshun0514workout,one_arm_db_row,2,8.0,7.01801989266119,sim_to_first_slope
rpe_only_143_sets,M4_add_one__sim_to_first_slope,3,tsenyu0515workout,db_bench_press,0,3.0,5.623950433216592,sim_to_first_slope
rpe_only_143_sets,M4_add_one__sim_to_first_slope,3,tsenyu0515workout,db_bench_press,1,6.0,7.306858792590258,sim_to_first_slope
rpe_only_143_sets,M4_add_one__sim_to_first_slope,3,tsenyu0515workout,db_bench_press,2,8.0,8.652400050217032,sim_to_first_slope
rpe_only_143_sets,M4_add_one__sim_to_first_slope,3,tsenyu0515workout,db_biceps_curl,0,6.0,8.790419331423424,sim_to_first_slope
rpe_only_143_sets,M4_add_one__sim_to_first_slope,3,tsenyu0515workout,db_biceps_curl,1,9.0,10.035681270345476,sim_to_first_slope
rpe_only_143_sets,M4_add_one__sim_to_first_slope,3,tsenyu0515workout,db_biceps_curl,2,9.0,11.563789320183753,sim_to_first_slope
rpe_only_143_sets,M4_add_one__sim_to_first_slope,3,tsenyu0515workout,db_rdl,0,6.0,6.923630020060093,sim_to_first_slope
rpe_only_143_sets,M4_add_one__sim_to_first_slope,3,tsenyu0515workout,db_rdl,1,10.0,8.859077260037092,sim_to_first_slope
rpe_only_143_sets,M4_add_one__sim_to_first_slope,3,tsenyu0515workout,db_rdl,2,6.0,10.11913423103729,sim_to_first_slope
rpe_only_143_sets,M4_add_one__sim_to_first_slope,3,tsenyu0515workout,db_shoulder_press,0,5.0,8.242543090962757,sim_to_first_slope
rpe_only_143_sets,M4_add_one__sim_to_first_slope,3,tsenyu0515workout,db_shoulder_press,1,8.0,9.545898938234467,sim_to_first_slope
rpe_only_143_sets,M4_add_one__sim_to_first_slope,3,tsenyu0515workout,db_shoulder_press,2,9.0,11.037415120232396,sim_to_first_slope
rpe_only_143_sets,M4_add_one__sim_to_first_slope,3,tsenyu0515workout,db_squat,1,4.0,6.103969014010804,sim_to_first_slope
rpe_only_143_sets,M4_add_one__sim_to_first_slope,3,tsenyu0515workout,db_squat,2,6.0,7.478236782042939,sim_to_first_slope
rpe_only_143_sets,M4_add_one__sim_to_first_slope,3,tsenyu0515workout,db_squat,3,5.0,8.444090017508245,sim_to_first_slope
rpe_only_143_sets,M4_add_one__sim_to_first_slope,3,tsenyu0515workout,db_triceps_curl,0,4.0,6.556606706850443,sim_to_first_slope
rpe_only_143_sets,M4_add_one__sim_to_first_slope,3,tsenyu0515workout,db_triceps_curl,1,6.0,7.613664700316473,sim_to_first_slope
rpe_only_143_sets,M4_add_one__sim_to_first_slope,3,tsenyu0515workout,db_triceps_curl,2,7.0,8.660528792682355,sim_to_first_slope
rpe_only_143_sets,M4_add_one__sim_to_first_slope,3,tsenyu0515workout,db_weighted_crunch,0,3.0,5.564893098597791,sim_to_first_slope
rpe_only_143_sets,M4_add_one__sim_to_first_slope,3,tsenyu0515workout,db_weighted_crunch,1,5.0,6.421537896801198,sim_to_first_slope
rpe_only_143_sets,M4_add_one__sim_to_first_slope,3,tsenyu0515workout,db_weighted_crunch,2,7.0,7.678168801957971,sim_to_first_slope
rpe_only_143_sets,M4_add_one__sim_to_first_slope,3,tsenyu0515workout,one_arm_db_row,0,5.0,7.244939846506157,sim_to_first_slope
rpe_only_143_sets,M4_add_one__sim_to_first_slope,3,tsenyu0515workout,one_arm_db_row,1,8.0,8.573152424723578,sim_to_first_slope
rpe_only_143_sets,M4_add_one__sim_to_first_slope,3,tsenyu0515workout,one_arm_db_row,2,9.0,9.999911001338987,sim_to_first_slope
rpe_only_143_sets,M4_add_one__sim_to_first_slope,4,yanz0510workout,db_bench_press,2,5.0,5.7956164804819785,sim_to_first_slope
rpe_only_143_sets,M4_add_one__sim_to_first_slope,4,yanz0510workout,db_bench_press,3,7.0,6.77283214120935,sim_to_first_slope
rpe_only_143_sets,M4_add_one__sim_to_first_slope,4,yanz0510workout,db_bench_press,4,8.0,7.74470558065814,sim_to_first_slope
rpe_only_143_sets,M4_add_one__sim_to_first_slope,4,yanz0510workout,db_biceps_curl,0,7.0,7.531500820510082,sim_to_first_slope
rpe_only_143_sets,M4_add_one__sim_to_first_slope,4,yanz0510workout,db_biceps_curl,1,9.0,8.237021183321202,sim_to_first_slope
rpe_only_143_sets,M4_add_one__sim_to_first_slope,4,yanz0510workout,db_biceps_curl,2,10.0,8.82591477360096,sim_to_first_slope
rpe_only_143_sets,M4_add_one__sim_to_first_slope,4,yanz0510workout,db_rdl,0,5.0,5.611367223206087,sim_to_first_slope
rpe_only_143_sets,M4_add_one__sim_to_first_slope,4,yanz0510workout,db_rdl,1,8.0,6.770839582862281,sim_to_first_slope
rpe_only_143_sets,M4_add_one__sim_to_first_slope,4,yanz0510workout,db_rdl,2,9.0,8.292449858826428,sim_to_first_slope
rpe_only_143_sets,M4_add_one__sim_to_first_slope,4,yanz0510workout,db_shoulder_press,1,8.0,7.230377578685513,sim_to_first_slope
rpe_only_143_sets,M4_add_one__sim_to_first_slope,4,yanz0510workout,db_shoulder_press,2,10.0,8.412528848680953,sim_to_first_slope
rpe_only_143_sets,M4_add_one__sim_to_first_slope,4,yanz0510workout,db_shoulder_press,3,10.0,8.585343836759435,sim_to_first_slope
rpe_only_143_sets,M4_add_one__sim_to_first_slope,4,yanz0510workout,db_squat,0,7.0,5.084685566388486,sim_to_first_slope
rpe_only_143_sets,M4_add_one__sim_to_first_slope,4,yanz0510workout,db_squat,1,8.0,5.79500703900546,sim_to_first_slope
rpe_only_143_sets,M4_add_one__sim_to_first_slope,4,yanz0510workout,db_squat,2,9.0,6.764042959014392,sim_to_first_slope
rpe_only_143_sets,M4_add_one__sim_to_first_slope,4,yanz0510workout,db_triceps_curl,0,7.0,5.278237804395153,sim_to_first_slope
rpe_only_143_sets,M4_add_one__sim_to_first_slope,4,yanz0510workout,db_triceps_curl,2,8.0,6.785099089217753,sim_to_first_slope
rpe_only_143_sets,M4_add_one__sim_to_first_slope,4,yanz0510workout,db_triceps_curl,4,9.0,7.480243210168157,sim_to_first_slope
rpe_only_143_sets,M4_add_one__sim_to_first_slope,4,yanz0510workout,db_weighted_crunch,0,6.0,5.505815380699056,sim_to_first_slope
rpe_only_143_sets,M4_add_one__sim_to_first_slope,4,yanz0510workout,db_weighted_crunch,2,7.0,6.3493541631356125,sim_to_first_slope
rpe_only_143_sets,M4_add_one__sim_to_first_slope,4,yanz0510workout,db_weighted_crunch,3,8.0,7.25590222751919,sim_to_first_slope
rpe_only_143_sets,M4_add_one__sim_to_first_slope,4,yanz0510workout,one_arm_db_row,0,6.0,6.855392185660044,sim_to_first_slope
rpe_only_143_sets,M4_add_one__sim_to_first_slope,4,yanz0510workout,one_arm_db_row,1,7.0,7.769902968292642,sim_to_first_slope
rpe_only_143_sets,M4_add_one__sim_to_first_slope,4,yanz0510workout,one_arm_db_row,2,9.0,8.343934776273876,sim_to_first_slope
rpe_only_143_sets,M4_add_one__sim_to_first_slope,5,yoru0511workout,db_bench_press,0,3.0,5.865585596212639,sim_to_first_slope
rpe_only_143_sets,M4_add_one__sim_to_first_slope,5,yoru0511workout,db_bench_press,4,5.0,8.499504577746091,sim_to_first_slope
rpe_only_143_sets,M4_add_one__sim_to_first_slope,5,yoru0511workout,db_bench_press,5,7.0,9.47465650394825,sim_to_first_slope
rpe_only_143_sets,M4_add_one__sim_to_first_slope,5,yoru0511workout,db_biceps_curl,0,6.0,7.548795471878596,sim_to_first_slope
rpe_only_143_sets,M4_add_one__sim_to_first_slope,5,yoru0511workout,db_biceps_curl,1,8.0,8.389426061834426,sim_to_first_slope
rpe_only_143_sets,M4_add_one__sim_to_first_slope,5,yoru0511workout,db_biceps_curl,2,9.0,9.516988255801852,sim_to_first_slope
rpe_only_143_sets,M4_add_one__sim_to_first_slope,5,yoru0511workout,db_rdl,0,6.0,6.0472987354581385,sim_to_first_slope
rpe_only_143_sets,M4_add_one__sim_to_first_slope,5,yoru0511workout,db_rdl,1,6.0,6.976236124136017,sim_to_first_slope
rpe_only_143_sets,M4_add_one__sim_to_first_slope,5,yoru0511workout,db_rdl,2,7.0,8.08813066719611,sim_to_first_slope
rpe_only_143_sets,M4_add_one__sim_to_first_slope,5,yoru0511workout,db_shoulder_press,0,7.0,7.504638933530351,sim_to_first_slope
rpe_only_143_sets,M4_add_one__sim_to_first_slope,5,yoru0511workout,db_shoulder_press,1,8.0,8.37933720469467,sim_to_first_slope
rpe_only_143_sets,M4_add_one__sim_to_first_slope,5,yoru0511workout,db_shoulder_press,2,9.0,9.341119003413853,sim_to_first_slope
rpe_only_143_sets,M4_add_one__sim_to_first_slope,5,yoru0511workout,db_squat,0,4.0,5.5002908252380065,sim_to_first_slope
rpe_only_143_sets,M4_add_one__sim_to_first_slope,5,yoru0511workout,db_squat,1,5.0,6.212627824304613,sim_to_first_slope
rpe_only_143_sets,M4_add_one__sim_to_first_slope,5,yoru0511workout,db_squat,2,6.0,7.419062653103992,sim_to_first_slope
rpe_only_143_sets,M4_add_one__sim_to_first_slope,5,yoru0511workout,db_triceps_curl,0,5.0,5.953738943798765,sim_to_first_slope
rpe_only_143_sets,M4_add_one__sim_to_first_slope,5,yoru0511workout,db_triceps_curl,1,5.0,6.607744096713626,sim_to_first_slope
rpe_only_143_sets,M4_add_one__sim_to_first_slope,5,yoru0511workout,db_triceps_curl,2,6.0,7.606598918627228,sim_to_first_slope
rpe_only_143_sets,M4_add_one__sim_to_first_slope,5,yoru0511workout,db_weighted_crunch,0,6.0,5.180483686279301,sim_to_first_slope
rpe_only_143_sets,M4_add_one__sim_to_first_slope,5,yoru0511workout,db_weighted_crunch,1,7.0,6.114073459451971,sim_to_first_slope
rpe_only_143_sets,M4_add_one__sim_to_first_slope,5,yoru0511workout,db_weighted_crunch,2,7.0,6.851189226767543,sim_to_first_slope
rpe_only_143_sets,M4_add_one__sim_to_first_slope,5,yoru0511workout,one_arm_db_row,0,5.0,6.634919120623937,sim_to_first_slope
rpe_only_143_sets,M4_add_one__sim_to_first_slope,5,yoru0511workout,one_arm_db_row,2,7.0,8.31795845563199,sim_to_first_slope
rpe_only_143_sets,M4_add_one__sim_to_first_slope,5,yoru0511workout,one_arm_db_row,3,8.0,9.086526836881742,sim_to_first_slope
rpe_only_143_sets,M4_add_one__sim_to_first_slope,6,yushuan0513workout,db_bench_press,0,9.0,4.839616400263471,sim_to_first_slope
rpe_only_143_sets,M4_add_one__sim_to_first_slope,6,yushuan0513workout,db_bench_press,1,10.0,5.882503633703363,sim_to_first_slope
rpe_only_143_sets,M4_add_one__sim_to_first_slope,6,yushuan0513workout,db_bench_press,3,10.0,7.323640109797527,sim_to_first_slope
rpe_only_143_sets,M4_add_one__sim_to_first_slope,6,yushuan0513workout,db_biceps_curl,0,7.0,7.401227480888745,sim_to_first_slope
rpe_only_143_sets,M4_add_one__sim_to_first_slope,6,yushuan0513workout,db_biceps_curl,1,9.0,8.343578722370664,sim_to_first_slope
rpe_only_143_sets,M4_add_one__sim_to_first_slope,6,yushuan0513workout,db_biceps_curl,2,10.0,9.432203254742706,sim_to_first_slope
rpe_only_143_sets,M4_add_one__sim_to_first_slope,6,yushuan0513workout,db_rdl,0,6.0,5.985609373590763,sim_to_first_slope
rpe_only_143_sets,M4_add_one__sim_to_first_slope,6,yushuan0513workout,db_rdl,1,8.0,7.256329912521597,sim_to_first_slope
rpe_only_143_sets,M4_add_one__sim_to_first_slope,6,yushuan0513workout,db_rdl,2,8.0,8.302635966476055,sim_to_first_slope
rpe_only_143_sets,M4_add_one__sim_to_first_slope,6,yushuan0513workout,db_shoulder_press,0,8.0,7.4109625171873,sim_to_first_slope
rpe_only_143_sets,M4_add_one__sim_to_first_slope,6,yushuan0513workout,db_shoulder_press,1,9.0,9.084055575227424,sim_to_first_slope
rpe_only_143_sets,M4_add_one__sim_to_first_slope,6,yushuan0513workout,db_shoulder_press,2,10.0,9.900844591463612,sim_to_first_slope
rpe_only_143_sets,M4_add_one__sim_to_first_slope,6,yushuan0513workout,db_squat,0,6.0,5.313099324508478,sim_to_first_slope
rpe_only_143_sets,M4_add_one__sim_to_first_slope,6,yushuan0513workout,db_squat,1,7.0,6.199094336452763,sim_to_first_slope
rpe_only_143_sets,M4_add_one__sim_to_first_slope,6,yushuan0513workout,db_squat,2,8.0,7.158383457518076,sim_to_first_slope
rpe_only_143_sets,M4_add_one__sim_to_first_slope,6,yushuan0513workout,db_triceps_curl,0,6.0,5.567399849235388,sim_to_first_slope
rpe_only_143_sets,M4_add_one__sim_to_first_slope,6,yushuan0513workout,db_triceps_curl,1,7.0,6.479801387701075,sim_to_first_slope
rpe_only_143_sets,M4_add_one__sim_to_first_slope,6,yushuan0513workout,db_triceps_curl,2,9.0,7.31664992690124,sim_to_first_slope
rpe_only_143_sets,M4_add_one__sim_to_first_slope,6,yushuan0513workout,db_weighted_crunch,0,5.0,5.291393329151083,sim_to_first_slope
rpe_only_143_sets,M4_add_one__sim_to_first_slope,6,yushuan0513workout,db_weighted_crunch,1,6.0,6.3861111675757956,sim_to_first_slope
rpe_only_143_sets,M4_add_one__sim_to_first_slope,6,yushuan0513workout,db_weighted_crunch,2,7.0,7.624979734229488,sim_to_first_slope
rpe_only_143_sets,M4_add_one__sim_to_first_slope,6,yushuan0513workout,one_arm_db_row,0,9.0,6.809759770758123,sim_to_first_slope
rpe_only_143_sets,M4_add_one__sim_to_first_slope,6,yushuan0513workout,one_arm_db_row,1,8.0,7.9120174013946345,sim_to_first_slope
rpe_only_143_sets,M4_add_one__sim_to_first_slope,6,yushuan0513workout,one_arm_db_row,2,9.0,8.787203049265063,sim_to_first_slope
rpe_only_143_sets,M4_add_one__pca_diff_rms_mean,1,haoyu0512workout,db_bench_press,0,8.0,5.54612325587587,pca_diff_rms_mean
rpe_only_143_sets,M4_add_one__pca_diff_rms_mean,1,haoyu0512workout,db_bench_press,1,9.0,6.56566105907522,pca_diff_rms_mean
rpe_only_143_sets,M4_add_one__pca_diff_rms_mean,1,haoyu0512workout,db_bench_press,2,9.0,7.752134612252366,pca_diff_rms_mean
rpe_only_143_sets,M4_add_one__pca_diff_rms_mean,1,haoyu0512workout,db_biceps_curl,0,9.0,7.622528575253447,pca_diff_rms_mean
rpe_only_143_sets,M4_add_one__pca_diff_rms_mean,1,haoyu0512workout,db_biceps_curl,1,9.0,8.745608929764511,pca_diff_rms_mean
rpe_only_143_sets,M4_add_one__pca_diff_rms_mean,1,haoyu0512workout,db_biceps_curl,3,9.0,10.260181810909948,pca_diff_rms_mean
rpe_only_143_sets,M4_add_one__pca_diff_rms_mean,1,haoyu0512workout,db_rdl,0,9.0,5.83313825618772,pca_diff_rms_mean
rpe_only_143_sets,M4_add_one__pca_diff_rms_mean,1,haoyu0512workout,db_rdl,1,9.0,7.001254095375095,pca_diff_rms_mean
rpe_only_143_sets,M4_add_one__pca_diff_rms_mean,1,haoyu0512workout,db_rdl,2,9.0,8.217056325888494,pca_diff_rms_mean
rpe_only_143_sets,M4_add_one__pca_diff_rms_mean,1,haoyu0512workout,db_shoulder_press,0,7.0,7.650303641688122,pca_diff_rms_mean
rpe_only_143_sets,M4_add_one__pca_diff_rms_mean,1,haoyu0512workout,db_shoulder_press,1,9.0,8.677412543343959,pca_diff_rms_mean
rpe_only_143_sets,M4_add_one__pca_diff_rms_mean,1,haoyu0512workout,db_shoulder_press,2,9.0,9.806664647030548,pca_diff_rms_mean
rpe_only_143_sets,M4_add_one__pca_diff_rms_mean,1,haoyu0512workout,db_squat,0,6.0,5.087158212270674,pca_diff_rms_mean
rpe_only_143_sets,M4_add_one__pca_diff_rms_mean,1,haoyu0512workout,db_squat,1,9.0,6.162897958277723,pca_diff_rms_mean
rpe_only_143_sets,M4_add_one__pca_diff_rms_mean,1,haoyu0512workout,db_squat,2,8.0,7.095382728228516,pca_diff_rms_mean
rpe_only_143_sets,M4_add_one__pca_diff_rms_mean,1,haoyu0512workout,db_triceps_curl,0,7.0,5.699703854047995,pca_diff_rms_mean
rpe_only_143_sets,M4_add_one__pca_diff_rms_mean,1,haoyu0512workout,db_triceps_curl,1,9.0,6.7450395389391105,pca_diff_rms_mean
rpe_only_143_sets,M4_add_one__pca_diff_rms_mean,1,haoyu0512workout,db_triceps_curl,2,9.0,7.80704059753523,pca_diff_rms_mean
rpe_only_143_sets,M4_add_one__pca_diff_rms_mean,1,haoyu0512workout,db_weighted_crunch,0,6.0,5.315748824489346,pca_diff_rms_mean
rpe_only_143_sets,M4_add_one__pca_diff_rms_mean,1,haoyu0512workout,db_weighted_crunch,1,7.0,6.325806339397996,pca_diff_rms_mean
rpe_only_143_sets,M4_add_one__pca_diff_rms_mean,1,haoyu0512workout,db_weighted_crunch,2,9.0,7.299876875835113,pca_diff_rms_mean
rpe_only_143_sets,M4_add_one__pca_diff_rms_mean,1,haoyu0512workout,one_arm_db_row,0,9.0,6.70993624276973,pca_diff_rms_mean
rpe_only_143_sets,M4_add_one__pca_diff_rms_mean,1,haoyu0512workout,one_arm_db_row,1,9.0,7.7237626995175415,pca_diff_rms_mean
rpe_only_143_sets,M4_add_one__pca_diff_rms_mean,1,haoyu0512workout,one_arm_db_row,2,9.0,8.757523202804563,pca_diff_rms_mean
rpe_only_143_sets,M4_add_one__pca_diff_rms_mean,2,hsianshun0514workout,db_bench_press,0,4.0,5.808315757127566,pca_diff_rms_mean
rpe_only_143_sets,M4_add_one__pca_diff_rms_mean,2,hsianshun0514workout,db_bench_press,1,6.0,7.01865920386957,pca_diff_rms_mean
rpe_only_143_sets,M4_add_one__pca_diff_rms_mean,2,hsianshun0514workout,db_bench_press,2,7.0,8.179978522177334,pca_diff_rms_mean
rpe_only_143_sets,M4_add_one__pca_diff_rms_mean,2,hsianshun0514workout,db_biceps_curl,0,9.0,7.4108738509818215,pca_diff_rms_mean
rpe_only_143_sets,M4_add_one__pca_diff_rms_mean,2,hsianshun0514workout,db_biceps_curl,1,10.0,8.167715872529692,pca_diff_rms_mean
rpe_only_143_sets,M4_add_one__pca_diff_rms_mean,2,hsianshun0514workout,db_biceps_curl,2,10.0,8.934958916541774,pca_diff_rms_mean
rpe_only_143_sets,M4_add_one__pca_diff_rms_mean,2,hsianshun0514workout,db_rdl,0,4.0,5.891775802777769,pca_diff_rms_mean
rpe_only_143_sets,M4_add_one__pca_diff_rms_mean,2,hsianshun0514workout,db_rdl,1,6.0,6.536540669274534,pca_diff_rms_mean
rpe_only_143_sets,M4_add_one__pca_diff_rms_mean,2,hsianshun0514workout,db_rdl,2,8.0,7.659847877752876,pca_diff_rms_mean
rpe_only_143_sets,M4_add_one__pca_diff_rms_mean,2,hsianshun0514workout,db_shoulder_press,1,9.0,7.5281503079558565,pca_diff_rms_mean
rpe_only_143_sets,M4_add_one__pca_diff_rms_mean,2,hsianshun0514workout,db_shoulder_press,2,10.0,8.413267147233595,pca_diff_rms_mean
rpe_only_143_sets,M4_add_one__pca_diff_rms_mean,2,hsianshun0514workout,db_shoulder_press,3,10.0,9.322543717932954,pca_diff_rms_mean
rpe_only_143_sets,M4_add_one__pca_diff_rms_mean,2,hsianshun0514workout,db_squat,0,4.0,5.485205761364639,pca_diff_rms_mean
rpe_only_143_sets,M4_add_one__pca_diff_rms_mean,2,hsianshun0514workout,db_squat,1,6.0,6.298487110926282,pca_diff_rms_mean
rpe_only_143_sets,M4_add_one__pca_diff_rms_mean,2,hsianshun0514workout,db_squat,2,7.0,6.922254042546782,pca_diff_rms_mean
rpe_only_143_sets,M4_add_one__pca_diff_rms_mean,2,hsianshun0514workout,db_triceps_curl,0,4.0,5.871664259887238,pca_diff_rms_mean
rpe_only_143_sets,M4_add_one__pca_diff_rms_mean,2,hsianshun0514workout,db_triceps_curl,1,7.0,6.838282395974069,pca_diff_rms_mean
rpe_only_143_sets,M4_add_one__pca_diff_rms_mean,2,hsianshun0514workout,db_triceps_curl,2,8.0,7.609903246109506,pca_diff_rms_mean
rpe_only_143_sets,M4_add_one__pca_diff_rms_mean,2,hsianshun0514workout,db_weighted_crunch,0,5.0,5.408529719774821,pca_diff_rms_mean
rpe_only_143_sets,M4_add_one__pca_diff_rms_mean,2,hsianshun0514workout,db_weighted_crunch,2,7.0,6.578715800642948,pca_diff_rms_mean
rpe_only_143_sets,M4_add_one__pca_diff_rms_mean,2,hsianshun0514workout,db_weighted_crunch,3,7.0,7.775048209082627,pca_diff_rms_mean
rpe_only_143_sets,M4_add_one__pca_diff_rms_mean,2,hsianshun0514workout,one_arm_db_row,1,7.0,6.3890877556692205,pca_diff_rms_mean
rpe_only_143_sets,M4_add_one__pca_diff_rms_mean,2,hsianshun0514workout,one_arm_db_row,2,8.0,7.4285050148874765,pca_diff_rms_mean
rpe_only_143_sets,M4_add_one__pca_diff_rms_mean,3,tsenyu0515workout,db_bench_press,0,3.0,5.703728080896884,pca_diff_rms_mean
rpe_only_143_sets,M4_add_one__pca_diff_rms_mean,3,tsenyu0515workout,db_bench_press,1,6.0,7.0911778152744604,pca_diff_rms_mean
rpe_only_143_sets,M4_add_one__pca_diff_rms_mean,3,tsenyu0515workout,db_bench_press,2,8.0,8.625043463872771,pca_diff_rms_mean
rpe_only_143_sets,M4_add_one__pca_diff_rms_mean,3,tsenyu0515workout,db_biceps_curl,0,6.0,8.685355135778229,pca_diff_rms_mean
rpe_only_143_sets,M4_add_one__pca_diff_rms_mean,3,tsenyu0515workout,db_biceps_curl,1,9.0,10.048172670565302,pca_diff_rms_mean
rpe_only_143_sets,M4_add_one__pca_diff_rms_mean,3,tsenyu0515workout,db_biceps_curl,2,9.0,11.618248605302682,pca_diff_rms_mean
rpe_only_143_sets,M4_add_one__pca_diff_rms_mean,3,tsenyu0515workout,db_rdl,0,6.0,6.837770192064408,pca_diff_rms_mean
rpe_only_143_sets,M4_add_one__pca_diff_rms_mean,3,tsenyu0515workout,db_rdl,1,10.0,8.860627191144832,pca_diff_rms_mean
rpe_only_143_sets,M4_add_one__pca_diff_rms_mean,3,tsenyu0515workout,db_rdl,2,6.0,10.105346305183707,pca_diff_rms_mean
rpe_only_143_sets,M4_add_one__pca_diff_rms_mean,3,tsenyu0515workout,db_shoulder_press,0,5.0,8.022885047351032,pca_diff_rms_mean
rpe_only_143_sets,M4_add_one__pca_diff_rms_mean,3,tsenyu0515workout,db_shoulder_press,1,8.0,9.49405847717955,pca_diff_rms_mean
rpe_only_143_sets,M4_add_one__pca_diff_rms_mean,3,tsenyu0515workout,db_shoulder_press,2,9.0,10.811653833226051,pca_diff_rms_mean
rpe_only_143_sets,M4_add_one__pca_diff_rms_mean,3,tsenyu0515workout,db_squat,1,4.0,6.189120294021605,pca_diff_rms_mean
rpe_only_143_sets,M4_add_one__pca_diff_rms_mean,3,tsenyu0515workout,db_squat,2,6.0,7.4343533131949755,pca_diff_rms_mean
rpe_only_143_sets,M4_add_one__pca_diff_rms_mean,3,tsenyu0515workout,db_squat,3,5.0,8.47141263345127,pca_diff_rms_mean
rpe_only_143_sets,M4_add_one__pca_diff_rms_mean,3,tsenyu0515workout,db_triceps_curl,0,4.0,6.452689218578977,pca_diff_rms_mean
rpe_only_143_sets,M4_add_one__pca_diff_rms_mean,3,tsenyu0515workout,db_triceps_curl,1,6.0,7.621869062612111,pca_diff_rms_mean
rpe_only_143_sets,M4_add_one__pca_diff_rms_mean,3,tsenyu0515workout,db_triceps_curl,2,7.0,8.870748387274308,pca_diff_rms_mean
rpe_only_143_sets,M4_add_one__pca_diff_rms_mean,3,tsenyu0515workout,db_weighted_crunch,0,3.0,5.5743871753996,pca_diff_rms_mean
rpe_only_143_sets,M4_add_one__pca_diff_rms_mean,3,tsenyu0515workout,db_weighted_crunch,1,5.0,6.932088786663487,pca_diff_rms_mean
rpe_only_143_sets,M4_add_one__pca_diff_rms_mean,3,tsenyu0515workout,db_weighted_crunch,2,7.0,7.961299328124135,pca_diff_rms_mean
rpe_only_143_sets,M4_add_one__pca_diff_rms_mean,3,tsenyu0515workout,one_arm_db_row,0,5.0,7.281217627995443,pca_diff_rms_mean
rpe_only_143_sets,M4_add_one__pca_diff_rms_mean,3,tsenyu0515workout,one_arm_db_row,1,8.0,8.64509815101383,pca_diff_rms_mean
rpe_only_143_sets,M4_add_one__pca_diff_rms_mean,3,tsenyu0515workout,one_arm_db_row,2,9.0,10.086826661867338,pca_diff_rms_mean
rpe_only_143_sets,M4_add_one__pca_diff_rms_mean,4,yanz0510workout,db_bench_press,2,5.0,6.031714509982056,pca_diff_rms_mean
rpe_only_143_sets,M4_add_one__pca_diff_rms_mean,4,yanz0510workout,db_bench_press,3,7.0,7.0751356543757655,pca_diff_rms_mean
rpe_only_143_sets,M4_add_one__pca_diff_rms_mean,4,yanz0510workout,db_bench_press,4,8.0,7.882774618844799,pca_diff_rms_mean
rpe_only_143_sets,M4_add_one__pca_diff_rms_mean,4,yanz0510workout,db_biceps_curl,0,7.0,7.538360131534829,pca_diff_rms_mean
rpe_only_143_sets,M4_add_one__pca_diff_rms_mean,4,yanz0510workout,db_biceps_curl,1,9.0,8.278863452019573,pca_diff_rms_mean
rpe_only_143_sets,M4_add_one__pca_diff_rms_mean,4,yanz0510workout,db_biceps_curl,2,10.0,8.922512885329569,pca_diff_rms_mean
rpe_only_143_sets,M4_add_one__pca_diff_rms_mean,4,yanz0510workout,db_rdl,0,5.0,6.055848934878511,pca_diff_rms_mean
rpe_only_143_sets,M4_add_one__pca_diff_rms_mean,4,yanz0510workout,db_rdl,1,8.0,7.249673370031227,pca_diff_rms_mean
rpe_only_143_sets,M4_add_one__pca_diff_rms_mean,4,yanz0510workout,db_rdl,2,9.0,8.294735589168688,pca_diff_rms_mean
rpe_only_143_sets,M4_add_one__pca_diff_rms_mean,4,yanz0510workout,db_shoulder_press,1,8.0,7.432550090713116,pca_diff_rms_mean
rpe_only_143_sets,M4_add_one__pca_diff_rms_mean,4,yanz0510workout,db_shoulder_press,2,10.0,8.081756492026122,pca_diff_rms_mean
rpe_only_143_sets,M4_add_one__pca_diff_rms_mean,4,yanz0510workout,db_shoulder_press,3,10.0,8.621255274739584,pca_diff_rms_mean
rpe_only_143_sets,M4_add_one__pca_diff_rms_mean,4,yanz0510workout,db_squat,0,7.0,5.076803305963481,pca_diff_rms_mean
rpe_only_143_sets,M4_add_one__pca_diff_rms_mean,4,yanz0510workout,db_squat,1,8.0,5.9184976688871185,pca_diff_rms_mean
rpe_only_143_sets,M4_add_one__pca_diff_rms_mean,4,yanz0510workout,db_squat,2,9.0,6.540742567985317,pca_diff_rms_mean
rpe_only_143_sets,M4_add_one__pca_diff_rms_mean,4,yanz0510workout,db_triceps_curl,0,7.0,5.874330458603204,pca_diff_rms_mean
rpe_only_143_sets,M4_add_one__pca_diff_rms_mean,4,yanz0510workout,db_triceps_curl,2,8.0,6.781666146426026,pca_diff_rms_mean
rpe_only_143_sets,M4_add_one__pca_diff_rms_mean,4,yanz0510workout,db_triceps_curl,4,9.0,7.738089051141106,pca_diff_rms_mean
rpe_only_143_sets,M4_add_one__pca_diff_rms_mean,4,yanz0510workout,db_weighted_crunch,0,6.0,4.76467248777856,pca_diff_rms_mean
rpe_only_143_sets,M4_add_one__pca_diff_rms_mean,4,yanz0510workout,db_weighted_crunch,2,7.0,6.123271321707264,pca_diff_rms_mean
rpe_only_143_sets,M4_add_one__pca_diff_rms_mean,4,yanz0510workout,db_weighted_crunch,3,8.0,7.081582631030765,pca_diff_rms_mean
rpe_only_143_sets,M4_add_one__pca_diff_rms_mean,4,yanz0510workout,one_arm_db_row,0,6.0,6.655818725502682,pca_diff_rms_mean
rpe_only_143_sets,M4_add_one__pca_diff_rms_mean,4,yanz0510workout,one_arm_db_row,1,7.0,7.556266047225175,pca_diff_rms_mean
rpe_only_143_sets,M4_add_one__pca_diff_rms_mean,4,yanz0510workout,one_arm_db_row,2,9.0,8.350245993623119,pca_diff_rms_mean
rpe_only_143_sets,M4_add_one__pca_diff_rms_mean,5,yoru0511workout,db_bench_press,0,3.0,5.788626990180115,pca_diff_rms_mean
rpe_only_143_sets,M4_add_one__pca_diff_rms_mean,5,yoru0511workout,db_bench_press,4,5.0,8.183809915114399,pca_diff_rms_mean
rpe_only_143_sets,M4_add_one__pca_diff_rms_mean,5,yoru0511workout,db_bench_press,5,7.0,9.070730110189027,pca_diff_rms_mean
rpe_only_143_sets,M4_add_one__pca_diff_rms_mean,5,yoru0511workout,db_biceps_curl,0,6.0,7.764503254681134,pca_diff_rms_mean
rpe_only_143_sets,M4_add_one__pca_diff_rms_mean,5,yoru0511workout,db_biceps_curl,1,8.0,8.517588932235341,pca_diff_rms_mean
rpe_only_143_sets,M4_add_one__pca_diff_rms_mean,5,yoru0511workout,db_biceps_curl,2,9.0,9.36961646444293,pca_diff_rms_mean
rpe_only_143_sets,M4_add_one__pca_diff_rms_mean,5,yoru0511workout,db_rdl,0,6.0,6.247328816234875,pca_diff_rms_mean
rpe_only_143_sets,M4_add_one__pca_diff_rms_mean,5,yoru0511workout,db_rdl,1,6.0,7.3481270298219545,pca_diff_rms_mean
rpe_only_143_sets,M4_add_one__pca_diff_rms_mean,5,yoru0511workout,db_rdl,2,7.0,8.119970451037169,pca_diff_rms_mean
rpe_only_143_sets,M4_add_one__pca_diff_rms_mean,5,yoru0511workout,db_shoulder_press,0,7.0,7.24387279272407,pca_diff_rms_mean
rpe_only_143_sets,M4_add_one__pca_diff_rms_mean,5,yoru0511workout,db_shoulder_press,1,8.0,8.055024773554596,pca_diff_rms_mean
rpe_only_143_sets,M4_add_one__pca_diff_rms_mean,5,yoru0511workout,db_shoulder_press,2,9.0,8.630696762387034,pca_diff_rms_mean
rpe_only_143_sets,M4_add_one__pca_diff_rms_mean,5,yoru0511workout,db_squat,0,4.0,5.649257549525003,pca_diff_rms_mean
rpe_only_143_sets,M4_add_one__pca_diff_rms_mean,5,yoru0511workout,db_squat,1,5.0,6.673112574890839,pca_diff_rms_mean
rpe_only_143_sets,M4_add_one__pca_diff_rms_mean,5,yoru0511workout,db_squat,2,6.0,7.5250427636526895,pca_diff_rms_mean
rpe_only_143_sets,M4_add_one__pca_diff_rms_mean,5,yoru0511workout,db_triceps_curl,0,5.0,6.197175108741412,pca_diff_rms_mean
rpe_only_143_sets,M4_add_one__pca_diff_rms_mean,5,yoru0511workout,db_triceps_curl,1,5.0,6.91469256005885,pca_diff_rms_mean
rpe_only_143_sets,M4_add_one__pca_diff_rms_mean,5,yoru0511workout,db_triceps_curl,2,6.0,7.69299045386277,pca_diff_rms_mean
rpe_only_143_sets,M4_add_one__pca_diff_rms_mean,5,yoru0511workout,db_weighted_crunch,0,6.0,5.769971014729469,pca_diff_rms_mean
rpe_only_143_sets,M4_add_one__pca_diff_rms_mean,5,yoru0511workout,db_weighted_crunch,1,7.0,6.5861258534166645,pca_diff_rms_mean
rpe_only_143_sets,M4_add_one__pca_diff_rms_mean,5,yoru0511workout,db_weighted_crunch,2,7.0,7.431295885021641,pca_diff_rms_mean
rpe_only_143_sets,M4_add_one__pca_diff_rms_mean,5,yoru0511workout,one_arm_db_row,0,5.0,7.008242246186702,pca_diff_rms_mean
rpe_only_143_sets,M4_add_one__pca_diff_rms_mean,5,yoru0511workout,one_arm_db_row,2,7.0,8.359939534428227,pca_diff_rms_mean
rpe_only_143_sets,M4_add_one__pca_diff_rms_mean,5,yoru0511workout,one_arm_db_row,3,8.0,9.164773957402772,pca_diff_rms_mean
rpe_only_143_sets,M4_add_one__pca_diff_rms_mean,6,yushuan0513workout,db_bench_press,0,9.0,5.3187647892436445,pca_diff_rms_mean
rpe_only_143_sets,M4_add_one__pca_diff_rms_mean,6,yushuan0513workout,db_bench_press,1,10.0,6.1661665027780375,pca_diff_rms_mean
rpe_only_143_sets,M4_add_one__pca_diff_rms_mean,6,yushuan0513workout,db_bench_press,3,10.0,7.40314901763344,pca_diff_rms_mean
rpe_only_143_sets,M4_add_one__pca_diff_rms_mean,6,yushuan0513workout,db_biceps_curl,0,7.0,7.443249833618489,pca_diff_rms_mean
rpe_only_143_sets,M4_add_one__pca_diff_rms_mean,6,yushuan0513workout,db_biceps_curl,1,9.0,8.219344815329213,pca_diff_rms_mean
rpe_only_143_sets,M4_add_one__pca_diff_rms_mean,6,yushuan0513workout,db_biceps_curl,2,10.0,9.03602921583483,pca_diff_rms_mean
rpe_only_143_sets,M4_add_one__pca_diff_rms_mean,6,yushuan0513workout,db_rdl,0,6.0,6.417861773634475,pca_diff_rms_mean
rpe_only_143_sets,M4_add_one__pca_diff_rms_mean,6,yushuan0513workout,db_rdl,1,8.0,6.516727972500204,pca_diff_rms_mean
rpe_only_143_sets,M4_add_one__pca_diff_rms_mean,6,yushuan0513workout,db_rdl,2,8.0,8.361052753921511,pca_diff_rms_mean
rpe_only_143_sets,M4_add_one__pca_diff_rms_mean,6,yushuan0513workout,db_shoulder_press,0,8.0,8.036379930231082,pca_diff_rms_mean
rpe_only_143_sets,M4_add_one__pca_diff_rms_mean,6,yushuan0513workout,db_shoulder_press,1,9.0,9.185137037002931,pca_diff_rms_mean
rpe_only_143_sets,M4_add_one__pca_diff_rms_mean,6,yushuan0513workout,db_shoulder_press,2,10.0,10.257992286452145,pca_diff_rms_mean
rpe_only_143_sets,M4_add_one__pca_diff_rms_mean,6,yushuan0513workout,db_squat,0,6.0,4.947181250406317,pca_diff_rms_mean
rpe_only_143_sets,M4_add_one__pca_diff_rms_mean,6,yushuan0513workout,db_squat,1,7.0,6.129445212152758,pca_diff_rms_mean
rpe_only_143_sets,M4_add_one__pca_diff_rms_mean,6,yushuan0513workout,db_squat,2,8.0,7.169906911016596,pca_diff_rms_mean
rpe_only_143_sets,M4_add_one__pca_diff_rms_mean,6,yushuan0513workout,db_triceps_curl,0,6.0,4.428058436837656,pca_diff_rms_mean
rpe_only_143_sets,M4_add_one__pca_diff_rms_mean,6,yushuan0513workout,db_triceps_curl,1,7.0,6.151318441693608,pca_diff_rms_mean
rpe_only_143_sets,M4_add_one__pca_diff_rms_mean,6,yushuan0513workout,db_triceps_curl,2,9.0,6.990973014232957,pca_diff_rms_mean
rpe_only_143_sets,M4_add_one__pca_diff_rms_mean,6,yushuan0513workout,db_weighted_crunch,0,5.0,3.649408045540721,pca_diff_rms_mean
rpe_only_143_sets,M4_add_one__pca_diff_rms_mean,6,yushuan0513workout,db_weighted_crunch,1,6.0,5.736562115845231,pca_diff_rms_mean
rpe_only_143_sets,M4_add_one__pca_diff_rms_mean,6,yushuan0513workout,db_weighted_crunch,2,7.0,6.88960589236929,pca_diff_rms_mean
rpe_only_143_sets,M4_add_one__pca_diff_rms_mean,6,yushuan0513workout,one_arm_db_row,0,9.0,6.577653402172886,pca_diff_rms_mean
rpe_only_143_sets,M4_add_one__pca_diff_rms_mean,6,yushuan0513workout,one_arm_db_row,1,8.0,7.707678898783954,pca_diff_rms_mean
rpe_only_143_sets,M4_add_one__pca_diff_rms_mean,6,yushuan0513workout,one_arm_db_row,2,9.0,8.802009731147319,pca_diff_rms_mean
vo2_lag45_96_sets,M0_exercise_mean,1,haoyu0512workout,db_bench_press,0,8.0,7.111111111111111,
vo2_lag45_96_sets,M0_exercise_mean,1,haoyu0512workout,db_bench_press,1,9.0,7.111111111111111,
vo2_lag45_96_sets,M0_exercise_mean,1,haoyu0512workout,db_bench_press,2,9.0,7.111111111111111,
vo2_lag45_96_sets,M0_exercise_mean,1,haoyu0512workout,db_biceps_curl,0,9.0,8.333333333333334,
vo2_lag45_96_sets,M0_exercise_mean,1,haoyu0512workout,db_biceps_curl,1,9.0,8.333333333333334,
vo2_lag45_96_sets,M0_exercise_mean,1,haoyu0512workout,db_biceps_curl,3,9.0,8.333333333333334,
vo2_lag45_96_sets,M0_exercise_mean,1,haoyu0512workout,db_rdl,0,9.0,7.0,
vo2_lag45_96_sets,M0_exercise_mean,1,haoyu0512workout,db_rdl,1,9.0,7.0,
vo2_lag45_96_sets,M0_exercise_mean,1,haoyu0512workout,db_rdl,2,9.0,7.0,
vo2_lag45_96_sets,M0_exercise_mean,1,haoyu0512workout,db_shoulder_press,0,7.0,8.777777777777779,
vo2_lag45_96_sets,M0_exercise_mean,1,haoyu0512workout,db_shoulder_press,1,9.0,8.777777777777779,
vo2_lag45_96_sets,M0_exercise_mean,1,haoyu0512workout,db_shoulder_press,2,9.0,8.777777777777779,
vo2_lag45_96_sets,M0_exercise_mean,1,haoyu0512workout,db_squat,0,6.0,6.666666666666667,
vo2_lag45_96_sets,M0_exercise_mean,1,haoyu0512workout,db_squat,1,9.0,6.666666666666667,
vo2_lag45_96_sets,M0_exercise_mean,1,haoyu0512workout,db_squat,2,8.0,6.666666666666667,
vo2_lag45_96_sets,M0_exercise_mean,1,haoyu0512workout,db_triceps_curl,0,7.0,6.888888888888889,
vo2_lag45_96_sets,M0_exercise_mean,1,haoyu0512workout,db_triceps_curl,1,9.0,6.888888888888889,
vo2_lag45_96_sets,M0_exercise_mean,1,haoyu0512workout,db_triceps_curl,2,9.0,6.888888888888889,
vo2_lag45_96_sets,M0_exercise_mean,1,haoyu0512workout,db_weighted_crunch,0,6.0,6.555555555555555,
vo2_lag45_96_sets,M0_exercise_mean,1,haoyu0512workout,db_weighted_crunch,1,7.0,6.555555555555555,
vo2_lag45_96_sets,M0_exercise_mean,1,haoyu0512workout,db_weighted_crunch,2,9.0,6.555555555555555,
vo2_lag45_96_sets,M0_exercise_mean,1,haoyu0512workout,one_arm_db_row,0,9.0,7.555555555555555,
vo2_lag45_96_sets,M0_exercise_mean,1,haoyu0512workout,one_arm_db_row,1,9.0,7.555555555555555,
vo2_lag45_96_sets,M0_exercise_mean,1,haoyu0512workout,one_arm_db_row,2,9.0,7.555555555555555,
vo2_lag45_96_sets,M0_exercise_mean,2,yanz0510workout,db_bench_press,2,5.0,7.777777777777778,
vo2_lag45_96_sets,M0_exercise_mean,2,yanz0510workout,db_bench_press,3,7.0,7.777777777777778,
vo2_lag45_96_sets,M0_exercise_mean,2,yanz0510workout,db_bench_press,4,8.0,7.777777777777778,
vo2_lag45_96_sets,M0_exercise_mean,2,yanz0510workout,db_biceps_curl,0,7.0,8.444444444444445,
vo2_lag45_96_sets,M0_exercise_mean,2,yanz0510workout,db_biceps_curl,1,9.0,8.444444444444445,
vo2_lag45_96_sets,M0_exercise_mean,2,yanz0510workout,db_biceps_curl,2,10.0,8.444444444444445,
vo2_lag45_96_sets,M0_exercise_mean,2,yanz0510workout,db_rdl,0,5.0,7.555555555555555,
vo2_lag45_96_sets,M0_exercise_mean,2,yanz0510workout,db_rdl,1,8.0,7.555555555555555,
vo2_lag45_96_sets,M0_exercise_mean,2,yanz0510workout,db_rdl,2,9.0,7.555555555555555,
vo2_lag45_96_sets,M0_exercise_mean,2,yanz0510workout,db_shoulder_press,1,8.0,8.444444444444445,
vo2_lag45_96_sets,M0_exercise_mean,2,yanz0510workout,db_shoulder_press,2,10.0,8.444444444444445,
vo2_lag45_96_sets,M0_exercise_mean,2,yanz0510workout,db_shoulder_press,3,10.0,8.444444444444445,
vo2_lag45_96_sets,M0_exercise_mean,2,yanz0510workout,db_squat,0,7.0,6.555555555555555,
vo2_lag45_96_sets,M0_exercise_mean,2,yanz0510workout,db_squat,1,8.0,6.555555555555555,
vo2_lag45_96_sets,M0_exercise_mean,2,yanz0510workout,db_squat,2,9.0,6.555555555555555,
vo2_lag45_96_sets,M0_exercise_mean,2,yanz0510workout,db_triceps_curl,0,7.0,7.0,
vo2_lag45_96_sets,M0_exercise_mean,2,yanz0510workout,db_triceps_curl,2,8.0,7.0,
vo2_lag45_96_sets,M0_exercise_mean,2,yanz0510workout,db_triceps_curl,4,9.0,7.0,
vo2_lag45_96_sets,M0_exercise_mean,2,yanz0510workout,db_weighted_crunch,0,6.0,6.666666666666667,
vo2_lag45_96_sets,M0_exercise_mean,2,yanz0510workout,db_weighted_crunch,2,7.0,6.666666666666667,
vo2_lag45_96_sets,M0_exercise_mean,2,yanz0510workout,db_weighted_crunch,3,8.0,6.666666666666667,
vo2_lag45_96_sets,M0_exercise_mean,2,yanz0510workout,one_arm_db_row,0,6.0,8.11111111111111,
vo2_lag45_96_sets,M0_exercise_mean,2,yanz0510workout,one_arm_db_row,1,7.0,8.11111111111111,
vo2_lag45_96_sets,M0_exercise_mean,2,yanz0510workout,one_arm_db_row,2,9.0,8.11111111111111,
vo2_lag45_96_sets,M0_exercise_mean,3,yoru0511workout,db_bench_press,0,3.0,8.333333333333334,
vo2_lag45_96_sets,M0_exercise_mean,3,yoru0511workout,db_bench_press,4,5.0,8.333333333333334,
vo2_lag45_96_sets,M0_exercise_mean,3,yoru0511workout,db_bench_press,5,7.0,8.333333333333334,
vo2_lag45_96_sets,M0_exercise_mean,3,yoru0511workout,db_biceps_curl,0,6.0,8.777777777777779,
vo2_lag45_96_sets,M0_exercise_mean,3,yoru0511workout,db_biceps_curl,1,8.0,8.777777777777779,
vo2_lag45_96_sets,M0_exercise_mean,3,yoru0511workout,db_biceps_curl,2,9.0,8.777777777777779,
vo2_lag45_96_sets,M0_exercise_mean,3,yoru0511workout,db_rdl,0,6.0,7.888888888888889,
vo2_lag45_96_sets,M0_exercise_mean,3,yoru0511workout,db_rdl,1,6.0,7.888888888888889,
vo2_lag45_96_sets,M0_exercise_mean,3,yoru0511workout,db_rdl,2,7.0,7.888888888888889,
vo2_lag45_96_sets,M0_exercise_mean,3,yoru0511workout,db_shoulder_press,0,7.0,8.88888888888889,
vo2_lag45_96_sets,M0_exercise_mean,3,yoru0511workout,db_shoulder_press,1,8.0,8.88888888888889,
vo2_lag45_96_sets,M0_exercise_mean,3,yoru0511workout,db_shoulder_press,2,9.0,8.88888888888889,
vo2_lag45_96_sets,M0_exercise_mean,3,yoru0511workout,db_squat,0,4.0,7.555555555555555,
vo2_lag45_96_sets,M0_exercise_mean,3,yoru0511workout,db_squat,1,5.0,7.555555555555555,
vo2_lag45_96_sets,M0_exercise_mean,3,yoru0511workout,db_squat,2,6.0,7.555555555555555,
vo2_lag45_96_sets,M0_exercise_mean,3,yoru0511workout,db_triceps_curl,0,5.0,7.888888888888889,
vo2_lag45_96_sets,M0_exercise_mean,3,yoru0511workout,db_triceps_curl,1,5.0,7.888888888888889,
vo2_lag45_96_sets,M0_exercise_mean,3,yoru0511workout,db_triceps_curl,2,6.0,7.888888888888889,
vo2_lag45_96_sets,M0_exercise_mean,3,yoru0511workout,db_weighted_crunch,0,6.0,6.777777777777778,
vo2_lag45_96_sets,M0_exercise_mean,3,yoru0511workout,db_weighted_crunch,1,7.0,6.777777777777778,
vo2_lag45_96_sets,M0_exercise_mean,3,yoru0511workout,db_weighted_crunch,2,7.0,6.777777777777778,
vo2_lag45_96_sets,M0_exercise_mean,3,yoru0511workout,one_arm_db_row,0,5.0,8.333333333333334,
vo2_lag45_96_sets,M0_exercise_mean,3,yoru0511workout,one_arm_db_row,2,7.0,8.333333333333334,
vo2_lag45_96_sets,M0_exercise_mean,3,yoru0511workout,one_arm_db_row,3,8.0,8.333333333333334,
vo2_lag45_96_sets,M0_exercise_mean,4,yushuan0513workout,db_bench_press,0,9.0,6.777777777777778,
vo2_lag45_96_sets,M0_exercise_mean,4,yushuan0513workout,db_bench_press,1,10.0,6.777777777777778,
vo2_lag45_96_sets,M0_exercise_mean,4,yushuan0513workout,db_bench_press,3,10.0,6.777777777777778,
vo2_lag45_96_sets,M0_exercise_mean,4,yushuan0513workout,db_biceps_curl,0,7.0,8.444444444444445,
vo2_lag45_96_sets,M0_exercise_mean,4,yushuan0513workout,db_biceps_curl,1,9.0,8.444444444444445,
vo2_lag45_96_sets,M0_exercise_mean,4,yushuan0513workout,db_biceps_curl,2,10.0,8.444444444444445,
vo2_lag45_96_sets,M0_exercise_mean,4,yushuan0513workout,db_rdl,0,6.0,7.555555555555555,
vo2_lag45_96_sets,M0_exercise_mean,4,yushuan0513workout,db_rdl,1,8.0,7.555555555555555,
vo2_lag45_96_sets,M0_exercise_mean,4,yushuan0513workout,db_rdl,2,8.0,7.555555555555555,
vo2_lag45_96_sets,M0_exercise_mean,4,yushuan0513workout,db_shoulder_press,0,8.0,8.555555555555555,
vo2_lag45_96_sets,M0_exercise_mean,4,yushuan0513workout,db_shoulder_press,1,9.0,8.555555555555555,
vo2_lag45_96_sets,M0_exercise_mean,4,yushuan0513workout,db_shoulder_press,2,10.0,8.555555555555555,
vo2_lag45_96_sets,M0_exercise_mean,4,yushuan0513workout,db_squat,0,6.0,6.888888888888889,
vo2_lag45_96_sets,M0_exercise_mean,4,yushuan0513workout,db_squat,1,7.0,6.888888888888889,
vo2_lag45_96_sets,M0_exercise_mean,4,yushuan0513workout,db_squat,2,8.0,6.888888888888889,
vo2_lag45_96_sets,M0_exercise_mean,4,yushuan0513workout,db_triceps_curl,0,6.0,7.222222222222222,
vo2_lag45_96_sets,M0_exercise_mean,4,yushuan0513workout,db_triceps_curl,1,7.0,7.222222222222222,
vo2_lag45_96_sets,M0_exercise_mean,4,yushuan0513workout,db_triceps_curl,2,9.0,7.222222222222222,
vo2_lag45_96_sets,M0_exercise_mean,4,yushuan0513workout,db_weighted_crunch,0,5.0,7.0,
vo2_lag45_96_sets,M0_exercise_mean,4,yushuan0513workout,db_weighted_crunch,1,6.0,7.0,
vo2_lag45_96_sets,M0_exercise_mean,4,yushuan0513workout,db_weighted_crunch,2,7.0,7.0,
vo2_lag45_96_sets,M0_exercise_mean,4,yushuan0513workout,one_arm_db_row,0,9.0,7.666666666666667,
vo2_lag45_96_sets,M0_exercise_mean,4,yushuan0513workout,one_arm_db_row,1,8.0,7.666666666666667,
vo2_lag45_96_sets,M0_exercise_mean,4,yushuan0513workout,one_arm_db_row,2,9.0,7.666666666666667,
vo2_lag45_96_sets,M1_exercise_plus_set_index,1,haoyu0512workout,db_bench_press,0,8.0,5.56658110489084,
vo2_lag45_96_sets,M1_exercise_plus_set_index,1,haoyu0512workout,db_bench_press,1,9.0,6.2031800361155645,
vo2_lag45_96_sets,M1_exercise_plus_set_index,1,haoyu0512workout,db_bench_press,2,9.0,6.839778967340289,
vo2_lag45_96_sets,M1_exercise_plus_set_index,1,haoyu0512workout,db_biceps_curl,0,9.0,7.682619373808457,
vo2_lag45_96_sets,M1_exercise_plus_set_index,1,haoyu0512workout,db_biceps_curl,1,9.0,8.31921830503318,
vo2_lag45_96_sets,M1_exercise_plus_set_index,1,haoyu0512workout,db_biceps_curl,3,9.0,9.592416167482629,
vo2_lag45_96_sets,M1_exercise_plus_set_index,1,haoyu0512workout,db_rdl,0,9.0,6.365295188559743,
vo2_lag45_96_sets,M1_exercise_plus_set_index,1,haoyu0512workout,db_rdl,1,9.0,7.001894119784467,
vo2_lag45_96_sets,M1_exercise_plus_set_index,1,haoyu0512workout,db_rdl,2,9.0,7.638493051009191,
vo2_lag45_96_sets,M1_exercise_plus_set_index,1,haoyu0512workout,db_shoulder_press,0,7.0,7.912075643456575,
vo2_lag45_96_sets,M1_exercise_plus_set_index,1,haoyu0512workout,db_shoulder_press,1,9.0,8.5486745746813,
vo2_lag45_96_sets,M1_exercise_plus_set_index,1,haoyu0512workout,db_shoulder_press,2,9.0,9.185273505906023,
vo2_lag45_96_sets,M1_exercise_plus_set_index,1,haoyu0512workout,db_squat,0,6.0,6.035964142247565,
vo2_lag45_96_sets,M1_exercise_plus_set_index,1,haoyu0512workout,db_squat,1,9.0,6.672563073472289,
vo2_lag45_96_sets,M1_exercise_plus_set_index,1,haoyu0512workout,db_squat,2,8.0,7.309162004697013,
vo2_lag45_96_sets,M1_exercise_plus_set_index,1,haoyu0512workout,db_triceps_curl,0,7.0,6.045866381020898,
vo2_lag45_96_sets,M1_exercise_plus_set_index,1,haoyu0512workout,db_triceps_curl,1,9.0,6.682465312245622,
vo2_lag45_96_sets,M1_exercise_plus_set_index,1,haoyu0512workout,db_triceps_curl,2,9.0,7.319064243470346,
vo2_lag45_96_sets,M1_exercise_plus_set_index,1,haoyu0512workout,db_weighted_crunch,0,6.0,5.7864192654092035,
vo2_lag45_96_sets,M1_exercise_plus_set_index,1,haoyu0512workout,db_weighted_crunch,1,7.0,6.423018196633928,
vo2_lag45_96_sets,M1_exercise_plus_set_index,1,haoyu0512workout,db_weighted_crunch,2,9.0,7.059617127858652,
vo2_lag45_96_sets,M1_exercise_plus_set_index,1,haoyu0512workout,one_arm_db_row,0,9.0,6.774412404345738,
vo2_lag45_96_sets,M1_exercise_plus_set_index,1,haoyu0512workout,one_arm_db_row,1,9.0,7.411011335570462,
vo2_lag45_96_sets,M1_exercise_plus_set_index,1,haoyu0512workout,one_arm_db_row,2,9.0,8.047610266795187,
vo2_lag45_96_sets,M1_exercise_plus_set_index,2,yanz0510workout,db_bench_press,2,5.0,7.873369887243919,
vo2_lag45_96_sets,M1_exercise_plus_set_index,2,yanz0510workout,db_bench_press,3,7.0,8.300061533560056,
vo2_lag45_96_sets,M1_exercise_plus_set_index,2,yanz0510workout,db_bench_press,4,8.0,8.726753179876194,
vo2_lag45_96_sets,M1_exercise_plus_set_index,2,yanz0510workout,db_biceps_curl,0,7.0,7.959694299903919,
vo2_lag45_96_sets,M1_exercise_plus_set_index,2,yanz0510workout,db_biceps_curl,1,9.0,8.386385946220058,
vo2_lag45_96_sets,M1_exercise_plus_set_index,2,yanz0510workout,db_biceps_curl,2,10.0,8.813077592536196,
vo2_lag45_96_sets,M1_exercise_plus_set_index,2,yanz0510workout,db_rdl,0,5.0,7.1283191118494305,
vo2_lag45_96_sets,M1_exercise_plus_set_index,2,yanz0510workout,db_rdl,1,8.0,7.555010758165568,
vo2_lag45_96_sets,M1_exercise_plus_set_index,2,yanz0510workout,db_rdl,2,9.0,7.981702404481705,
vo2_lag45_96_sets,M1_exercise_plus_set_index,2,yanz0510workout,db_shoulder_press,1,8.0,8.43322688166471,
vo2_lag45_96_sets,M1_exercise_plus_set_index,2,yanz0510workout,db_shoulder_press,2,10.0,8.859918527980849,
vo2_lag45_96_sets,M1_exercise_plus_set_index,2,yanz0510workout,db_shoulder_press,3,10.0,9.286610174296985,
vo2_lag45_96_sets,M1_exercise_plus_set_index,2,yanz0510workout,db_squat,0,7.0,6.140325972912895,
vo2_lag45_96_sets,M1_exercise_plus_set_index,2,yanz0510workout,db_squat,1,8.0,6.567017619229032,
vo2_lag45_96_sets,M1_exercise_plus_set_index,2,yanz0510workout,db_squat,2,9.0,6.993709265545171,
vo2_lag45_96_sets,M1_exercise_plus_set_index,2,yanz0510workout,db_triceps_curl,0,7.0,6.579434034662466,
vo2_lag45_96_sets,M1_exercise_plus_set_index,2,yanz0510workout,db_triceps_curl,2,8.0,7.4328173272947415,
vo2_lag45_96_sets,M1_exercise_plus_set_index,2,yanz0510workout,db_triceps_curl,4,9.0,8.286200619927017,
vo2_lag45_96_sets,M1_exercise_plus_set_index,2,yanz0510workout,db_weighted_crunch,0,6.0,6.250102988350288,
vo2_lag45_96_sets,M1_exercise_plus_set_index,2,yanz0510workout,db_weighted_crunch,2,7.0,7.103486280982564,
vo2_lag45_96_sets,M1_exercise_plus_set_index,2,yanz0510workout,db_weighted_crunch,3,8.0,7.530177927298701,
vo2_lag45_96_sets,M1_exercise_plus_set_index,2,yanz0510workout,one_arm_db_row,0,6.0,7.583522318147088,
vo2_lag45_96_sets,M1_exercise_plus_set_index,2,yanz0510workout,one_arm_db_row,1,7.0,8.010213964463226,
vo2_lag45_96_sets,M1_exercise_plus_set_index,2,yanz0510workout,one_arm_db_row,2,9.0,8.436905610779363,
vo2_lag45_96_sets,M1_exercise_plus_set_index,3,yoru0511workout,db_bench_press,0,3.0,7.315896455764177,
vo2_lag45_96_sets,M1_exercise_plus_set_index,3,yoru0511workout,db_bench_press,4,5.0,9.6062187614159,
vo2_lag45_96_sets,M1_exercise_plus_set_index,3,yoru0511workout,db_bench_press,5,7.0,10.17879933782883,
vo2_lag45_96_sets,M1_exercise_plus_set_index,3,yoru0511workout,db_biceps_curl,0,6.0,8.13214163816995,
vo2_lag45_96_sets,M1_exercise_plus_set_index,3,yoru0511workout,db_biceps_curl,1,8.0,8.70472221458288,
vo2_lag45_96_sets,M1_exercise_plus_set_index,3,yoru0511workout,db_biceps_curl,2,9.0,9.27730279099581,
vo2_lag45_96_sets,M1_exercise_plus_set_index,3,yoru0511workout,db_rdl,0,6.0,7.316781701446841,
vo2_lag45_96_sets,M1_exercise_plus_set_index,3,yoru0511workout,db_rdl,1,6.0,7.889362277859771,
vo2_lag45_96_sets,M1_exercise_plus_set_index,3,yoru0511workout,db_rdl,2,7.0,8.461942854272701,
vo2_lag45_96_sets,M1_exercise_plus_set_index,3,yoru0511workout,db_shoulder_press,0,7.0,8.116206280055275,
vo2_lag45_96_sets,M1_exercise_plus_set_index,3,yoru0511workout,db_shoulder_press,1,8.0,8.688786856468205,
vo2_lag45_96_sets,M1_exercise_plus_set_index,3,yoru0511workout,db_shoulder_press,2,9.0,9.261367432881135,
vo2_lag45_96_sets,M1_exercise_plus_set_index,3,yoru0511workout,db_squat,0,4.0,6.987450655134662,
vo2_lag45_96_sets,M1_exercise_plus_set_index,3,yoru0511workout,db_squat,1,5.0,7.560031231547592,
vo2_lag45_96_sets,M1_exercise_plus_set_index,3,yoru0511workout,db_squat,2,6.0,8.132611807960522,
vo2_lag45_96_sets,M1_exercise_plus_set_index,3,yoru0511workout,db_triceps_curl,0,5.0,7.1282131411187395,
vo2_lag45_96_sets,M1_exercise_plus_set_index,3,yoru0511workout,db_triceps_curl,1,5.0,7.7007937175316705,
vo2_lag45_96_sets,M1_exercise_plus_set_index,3,yoru0511workout,db_triceps_curl,2,6.0,8.2733742939446,
vo2_lag45_96_sets,M1_exercise_plus_set_index,3,yoru0511workout,db_weighted_crunch,0,6.0,6.093299173520845,
vo2_lag45_96_sets,M1_exercise_plus_set_index,3,yoru0511workout,db_weighted_crunch,1,7.0,6.665879749933776,
vo2_lag45_96_sets,M1_exercise_plus_set_index,3,yoru0511workout,db_weighted_crunch,2,7.0,7.238460326346706,
vo2_lag45_96_sets,M1_exercise_plus_set_index,3,yoru0511workout,one_arm_db_row,0,5.0,7.755889763196412,
vo2_lag45_96_sets,M1_exercise_plus_set_index,3,yoru0511workout,one_arm_db_row,2,7.0,8.901050916022273,
vo2_lag45_96_sets,M1_exercise_plus_set_index,3,yoru0511workout,one_arm_db_row,3,8.0,9.473631492435203,
vo2_lag45_96_sets,M1_exercise_plus_set_index,4,yushuan0513workout,db_bench_press,0,9.0,5.477806511810121,
vo2_lag45_96_sets,M1_exercise_plus_set_index,4,yushuan0513workout,db_bench_press,1,10.0,6.041666742535424,
vo2_lag45_96_sets,M1_exercise_plus_set_index,4,yushuan0513workout,db_bench_press,3,10.0,7.1693872039860285,
vo2_lag45_96_sets,M1_exercise_plus_set_index,4,yushuan0513workout,db_biceps_curl,0,7.0,7.80534956915251,
vo2_lag45_96_sets,M1_exercise_plus_set_index,4,yushuan0513workout,db_biceps_curl,1,9.0,8.369209799877812,
vo2_lag45_96_sets,M1_exercise_plus_set_index,4,yushuan0513workout,db_biceps_curl,2,10.0,8.933070030603115,
vo2_lag45_96_sets,M1_exercise_plus_set_index,4,yushuan0513workout,db_rdl,0,6.0,6.989032338906231,
vo2_lag45_96_sets,M1_exercise_plus_set_index,4,yushuan0513workout,db_rdl,1,8.0,7.552892569631533,
vo2_lag45_96_sets,M1_exercise_plus_set_index,4,yushuan0513workout,db_rdl,2,8.0,8.116752800356835,
vo2_lag45_96_sets,M1_exercise_plus_set_index,4,yushuan0513workout,db_shoulder_press,0,8.0,7.791328798084176,
vo2_lag45_96_sets,M1_exercise_plus_set_index,4,yushuan0513workout,db_shoulder_press,1,9.0,8.355189028809479,
vo2_lag45_96_sets,M1_exercise_plus_set_index,4,yushuan0513workout,db_shoulder_press,2,10.0,8.91904925953478,
vo2_lag45_96_sets,M1_exercise_plus_set_index,4,yushuan0513workout,db_squat,0,6.0,6.330370246281874,
vo2_lag45_96_sets,M1_exercise_plus_set_index,4,yushuan0513workout,db_squat,1,7.0,6.894230477007176,
vo2_lag45_96_sets,M1_exercise_plus_set_index,4,yushuan0513workout,db_squat,2,8.0,7.458090707732479,
vo2_lag45_96_sets,M1_exercise_plus_set_index,4,yushuan0513workout,db_triceps_curl,0,6.0,6.474004612835462,
vo2_lag45_96_sets,M1_exercise_plus_set_index,4,yushuan0513workout,db_triceps_curl,1,7.0,7.037864843560764,
vo2_lag45_96_sets,M1_exercise_plus_set_index,4,yushuan0513workout,db_triceps_curl,2,9.0,7.601725074286067,
vo2_lag45_96_sets,M1_exercise_plus_set_index,4,yushuan0513workout,db_weighted_crunch,0,5.0,6.31634947521354,
vo2_lag45_96_sets,M1_exercise_plus_set_index,4,yushuan0513workout,db_weighted_crunch,1,6.0,6.880209705938842,
vo2_lag45_96_sets,M1_exercise_plus_set_index,4,yushuan0513workout,db_weighted_crunch,2,7.0,7.444069936664145,
vo2_lag45_96_sets,M1_exercise_plus_set_index,4,yushuan0513workout,one_arm_db_row,0,9.0,6.975011567837897,
vo2_lag45_96_sets,M1_exercise_plus_set_index,4,yushuan0513workout,one_arm_db_row,1,8.0,7.538871798563199,
vo2_lag45_96_sets,M1_exercise_plus_set_index,4,yushuan0513workout,one_arm_db_row,2,9.0,8.102732029288502,
vo2_lag45_96_sets,M2_exercise_plus_cumulative_tut,1,haoyu0512workout,db_bench_press,0,8.0,6.8490420080022085,
vo2_lag45_96_sets,M2_exercise_plus_cumulative_tut,1,haoyu0512workout,db_bench_press,1,9.0,8.538699103091975,
vo2_lag45_96_sets,M2_exercise_plus_cumulative_tut,1,haoyu0512workout,db_bench_press,2,9.0,10.143125574753396,
vo2_lag45_96_sets,M2_exercise_plus_cumulative_tut,1,haoyu0512workout,db_biceps_curl,0,9.0,7.7119235380736955,
vo2_lag45_96_sets,M2_exercise_plus_cumulative_tut,1,haoyu0512workout,db_biceps_curl,1,9.0,9.054355875041644,
vo2_lag45_96_sets,M2_exercise_plus_cumulative_tut,1,haoyu0512workout,db_biceps_curl,3,9.0,10.400189434071285,
vo2_lag45_96_sets,M2_exercise_plus_cumulative_tut,1,haoyu0512workout,db_rdl,0,9.0,5.818402079638854,
vo2_lag45_96_sets,M2_exercise_plus_cumulative_tut,1,haoyu0512workout,db_rdl,1,9.0,7.3455507853397135,
vo2_lag45_96_sets,M2_exercise_plus_cumulative_tut,1,haoyu0512workout,db_rdl,2,9.0,9.04711215764541,
vo2_lag45_96_sets,M2_exercise_plus_cumulative_tut,1,haoyu0512workout,db_shoulder_press,0,7.0,7.900907479058572,
vo2_lag45_96_sets,M2_exercise_plus_cumulative_tut,1,haoyu0512workout,db_shoulder_press,1,9.0,9.24188929485315,
vo2_lag45_96_sets,M2_exercise_plus_cumulative_tut,1,haoyu0512workout,db_shoulder_press,2,9.0,10.756533507680132,
vo2_lag45_96_sets,M2_exercise_plus_cumulative_tut,1,haoyu0512workout,db_squat,0,6.0,5.8437240694582915,
vo2_lag45_96_sets,M2_exercise_plus_cumulative_tut,1,haoyu0512workout,db_squat,1,9.0,7.018046004229835,
vo2_lag45_96_sets,M2_exercise_plus_cumulative_tut,1,haoyu0512workout,db_squat,2,8.0,8.054518409559758,
vo2_lag45_96_sets,M2_exercise_plus_cumulative_tut,1,haoyu0512workout,db_triceps_curl,0,7.0,6.276691002967677,
vo2_lag45_96_sets,M2_exercise_plus_cumulative_tut,1,haoyu0512workout,db_triceps_curl,1,9.0,7.691749434547103,
vo2_lag45_96_sets,M2_exercise_plus_cumulative_tut,1,haoyu0512workout,db_triceps_curl,2,9.0,9.005371419933637,
vo2_lag45_96_sets,M2_exercise_plus_cumulative_tut,1,haoyu0512workout,db_weighted_crunch,0,6.0,5.444815990361182,
vo2_lag45_96_sets,M2_exercise_plus_cumulative_tut,1,haoyu0512workout,db_weighted_crunch,1,7.0,6.732878792313511,
vo2_lag45_96_sets,M2_exercise_plus_cumulative_tut,1,haoyu0512workout,db_weighted_crunch,2,9.0,7.953617404632887,
vo2_lag45_96_sets,M2_exercise_plus_cumulative_tut,1,haoyu0512workout,one_arm_db_row,0,9.0,6.839333070498753,
vo2_lag45_96_sets,M2_exercise_plus_cumulative_tut,1,haoyu0512workout,one_arm_db_row,1,9.0,8.213426783423358,
vo2_lag45_96_sets,M2_exercise_plus_cumulative_tut,1,haoyu0512workout,one_arm_db_row,2,9.0,9.487484553356946,
vo2_lag45_96_sets,M2_exercise_plus_cumulative_tut,2,yanz0510workout,db_bench_press,2,5.0,6.370947699158266,
vo2_lag45_96_sets,M2_exercise_plus_cumulative_tut,2,yanz0510workout,db_bench_press,3,7.0,7.412116384618971,
vo2_lag45_96_sets,M2_exercise_plus_cumulative_tut,2,yanz0510workout,db_bench_press,4,8.0,8.290845575216197,
vo2_lag45_96_sets,M2_exercise_plus_cumulative_tut,2,yanz0510workout,db_biceps_curl,0,7.0,7.526017505306474,
vo2_lag45_96_sets,M2_exercise_plus_cumulative_tut,2,yanz0510workout,db_biceps_curl,1,9.0,8.315646060033211,
vo2_lag45_96_sets,M2_exercise_plus_cumulative_tut,2,yanz0510workout,db_biceps_curl,2,10.0,8.920711906078694,
vo2_lag45_96_sets,M2_exercise_plus_cumulative_tut,2,yanz0510workout,db_rdl,0,5.0,6.346878058429631,
vo2_lag45_96_sets,M2_exercise_plus_cumulative_tut,2,yanz0510workout,db_rdl,1,8.0,7.498824887805715,
vo2_lag45_96_sets,M2_exercise_plus_cumulative_tut,2,yanz0510workout,db_rdl,2,9.0,8.616492891376236,
vo2_lag45_96_sets,M2_exercise_plus_cumulative_tut,2,yanz0510workout,db_shoulder_press,1,8.0,7.300445559530709,
vo2_lag45_96_sets,M2_exercise_plus_cumulative_tut,2,yanz0510workout,db_shoulder_press,2,10.0,7.9369539219179375,
vo2_lag45_96_sets,M2_exercise_plus_cumulative_tut,2,yanz0510workout,db_shoulder_press,3,10.0,8.384320961775177,
vo2_lag45_96_sets,M2_exercise_plus_cumulative_tut,2,yanz0510workout,db_squat,0,7.0,5.602746451653528,
vo2_lag45_96_sets,M2_exercise_plus_cumulative_tut,2,yanz0510workout,db_squat,1,8.0,6.34286114688334,
vo2_lag45_96_sets,M2_exercise_plus_cumulative_tut,2,yanz0510workout,db_squat,2,9.0,7.053883410755711,
vo2_lag45_96_sets,M2_exercise_plus_cumulative_tut,2,yanz0510workout,db_triceps_curl,0,7.0,6.0625635684303365,
vo2_lag45_96_sets,M2_exercise_plus_cumulative_tut,2,yanz0510workout,db_triceps_curl,2,8.0,6.8309198021784425,
vo2_lag45_96_sets,M2_exercise_plus_cumulative_tut,2,yanz0510workout,db_triceps_curl,4,9.0,7.5994786294596794,
vo2_lag45_96_sets,M2_exercise_plus_cumulative_tut,2,yanz0510workout,db_weighted_crunch,0,6.0,5.7501285871500984,
vo2_lag45_96_sets,M2_exercise_plus_cumulative_tut,2,yanz0510workout,db_weighted_crunch,2,7.0,6.7068562880023,
vo2_lag45_96_sets,M2_exercise_plus_cumulative_tut,2,yanz0510workout,db_weighted_crunch,3,8.0,7.571120300334058,
vo2_lag45_96_sets,M2_exercise_plus_cumulative_tut,2,yanz0510workout,one_arm_db_row,0,6.0,7.045895240367545,
vo2_lag45_96_sets,M2_exercise_plus_cumulative_tut,2,yanz0510workout,one_arm_db_row,1,7.0,7.852541651877186,
vo2_lag45_96_sets,M2_exercise_plus_cumulative_tut,2,yanz0510workout,one_arm_db_row,2,9.0,8.631189637108285,
vo2_lag45_96_sets,M2_exercise_plus_cumulative_tut,3,yoru0511workout,db_bench_press,0,3.0,7.050184466685095,
vo2_lag45_96_sets,M2_exercise_plus_cumulative_tut,3,yoru0511workout,db_bench_press,4,5.0,7.846172929123591,
vo2_lag45_96_sets,M2_exercise_plus_cumulative_tut,3,yoru0511workout,db_bench_press,5,7.0,8.629616071491526,
vo2_lag45_96_sets,M2_exercise_plus_cumulative_tut,3,yoru0511workout,db_biceps_curl,0,6.0,7.817254467257992,
vo2_lag45_96_sets,M2_exercise_plus_cumulative_tut,3,yoru0511workout,db_biceps_curl,1,8.0,8.44078797886425,
vo2_lag45_96_sets,M2_exercise_plus_cumulative_tut,3,yoru0511workout,db_biceps_curl,2,9.0,9.103167054545747,
vo2_lag45_96_sets,M2_exercise_plus_cumulative_tut,3,yoru0511workout,db_rdl,0,6.0,6.673499088644548,
vo2_lag45_96_sets,M2_exercise_plus_cumulative_tut,3,yoru0511workout,db_rdl,1,6.0,7.536361364682318,
vo2_lag45_96_sets,M2_exercise_plus_cumulative_tut,3,yoru0511workout,db_rdl,2,7.0,8.338294166107417,
vo2_lag45_96_sets,M2_exercise_plus_cumulative_tut,3,yoru0511workout,db_shoulder_press,0,7.0,7.736275893611946,
vo2_lag45_96_sets,M2_exercise_plus_cumulative_tut,3,yoru0511workout,db_shoulder_press,1,8.0,8.374912173457421,
vo2_lag45_96_sets,M2_exercise_plus_cumulative_tut,3,yoru0511workout,db_shoulder_press,2,9.0,8.992916067401724,
vo2_lag45_96_sets,M2_exercise_plus_cumulative_tut,3,yoru0511workout,db_squat,0,4.0,6.68812102179662,
vo2_lag45_96_sets,M2_exercise_plus_cumulative_tut,3,yoru0511workout,db_squat,1,5.0,7.40095785864346,
vo2_lag45_96_sets,M2_exercise_plus_cumulative_tut,3,yoru0511workout,db_squat,2,6.0,8.115937422334309,
vo2_lag45_96_sets,M2_exercise_plus_cumulative_tut,3,yoru0511workout,db_triceps_curl,0,5.0,7.0223107874582915,
vo2_lag45_96_sets,M2_exercise_plus_cumulative_tut,3,yoru0511workout,db_triceps_curl,1,5.0,7.6378954736754885,
vo2_lag45_96_sets,M2_exercise_plus_cumulative_tut,3,yoru0511workout,db_triceps_curl,2,6.0,8.22669607434259,
vo2_lag45_96_sets,M2_exercise_plus_cumulative_tut,3,yoru0511workout,db_weighted_crunch,0,6.0,5.78983982201778,
vo2_lag45_96_sets,M2_exercise_plus_cumulative_tut,3,yoru0511workout,db_weighted_crunch,1,7.0,6.48315019649584,
vo2_lag45_96_sets,M2_exercise_plus_cumulative_tut,3,yoru0511workout,db_weighted_crunch,2,7.0,7.123894643074935,
vo2_lag45_96_sets,M2_exercise_plus_cumulative_tut,3,yoru0511workout,one_arm_db_row,0,5.0,7.271482517667239,
vo2_lag45_96_sets,M2_exercise_plus_cumulative_tut,3,yoru0511workout,one_arm_db_row,2,7.0,7.901893491240554,
vo2_lag45_96_sets,M2_exercise_plus_cumulative_tut,3,yoru0511workout,one_arm_db_row,3,8.0,8.544504183780559,
vo2_lag45_96_sets,M2_exercise_plus_cumulative_tut,4,yushuan0513workout,db_bench_press,0,9.0,5.451752070903511,
vo2_lag45_96_sets,M2_exercise_plus_cumulative_tut,4,yushuan0513workout,db_bench_press,1,10.0,6.741439012221295,
vo2_lag45_96_sets,M2_exercise_plus_cumulative_tut,4,yushuan0513workout,db_bench_press,3,10.0,7.721159491567398,
vo2_lag45_96_sets,M2_exercise_plus_cumulative_tut,4,yushuan0513workout,db_biceps_curl,0,7.0,7.422329503577239,
vo2_lag45_96_sets,M2_exercise_plus_cumulative_tut,4,yushuan0513workout,db_biceps_curl,1,9.0,8.350860696585553,
vo2_lag45_96_sets,M2_exercise_plus_cumulative_tut,4,yushuan0513workout,db_biceps_curl,2,10.0,9.3202489605326,
vo2_lag45_96_sets,M2_exercise_plus_cumulative_tut,4,yushuan0513workout,db_rdl,0,6.0,6.393356042590396,
vo2_lag45_96_sets,M2_exercise_plus_cumulative_tut,4,yushuan0513workout,db_rdl,1,8.0,7.788629733054696,
vo2_lag45_96_sets,M2_exercise_plus_cumulative_tut,4,yushuan0513workout,db_rdl,2,8.0,9.186073660543455,
vo2_lag45_96_sets,M2_exercise_plus_cumulative_tut,4,yushuan0513workout,db_shoulder_press,0,8.0,7.875031773683572,
vo2_lag45_96_sets,M2_exercise_plus_cumulative_tut,4,yushuan0513workout,db_shoulder_press,1,9.0,9.442792128526634,
vo2_lag45_96_sets,M2_exercise_plus_cumulative_tut,4,yushuan0513workout,db_shoulder_press,2,10.0,10.832734584561283,
vo2_lag45_96_sets,M2_exercise_plus_cumulative_tut,4,yushuan0513workout,db_squat,0,6.0,5.955605408359654,
vo2_lag45_96_sets,M2_exercise_plus_cumulative_tut,4,yushuan0513workout,db_squat,1,7.0,7.092526534781805,
vo2_lag45_96_sets,M2_exercise_plus_cumulative_tut,4,yushuan0513workout,db_squat,2,8.0,8.244120350651931,
vo2_lag45_96_sets,M2_exercise_plus_cumulative_tut,4,yushuan0513workout,db_triceps_curl,0,6.0,6.141841337965609,
vo2_lag45_96_sets,M2_exercise_plus_cumulative_tut,4,yushuan0513workout,db_triceps_curl,1,7.0,7.0404138242232355,
vo2_lag45_96_sets,M2_exercise_plus_cumulative_tut,4,yushuan0513workout,db_triceps_curl,2,9.0,7.989609448029661,
vo2_lag45_96_sets,M2_exercise_plus_cumulative_tut,4,yushuan0513workout,db_weighted_crunch,0,5.0,6.029830864812764,
vo2_lag45_96_sets,M2_exercise_plus_cumulative_tut,4,yushuan0513workout,db_weighted_crunch,1,6.0,7.32621723346692,
vo2_lag45_96_sets,M2_exercise_plus_cumulative_tut,4,yushuan0513workout,db_weighted_crunch,2,7.0,8.594437699868855,
vo2_lag45_96_sets,M2_exercise_plus_cumulative_tut,4,yushuan0513workout,one_arm_db_row,0,9.0,6.798357865557284,
vo2_lag45_96_sets,M2_exercise_plus_cumulative_tut,4,yushuan0513workout,one_arm_db_row,1,8.0,8.006802455655091,
vo2_lag45_96_sets,M2_exercise_plus_cumulative_tut,4,yushuan0513workout,one_arm_db_row,2,9.0,9.05285670144445,
vo2_lag45_96_sets,M3_progression_control,1,haoyu0512workout,db_bench_press,0,8.0,7.006184400841103,
vo2_lag45_96_sets,M3_progression_control,1,haoyu0512workout,db_bench_press,1,9.0,8.73188172525964,
vo2_lag45_96_sets,M3_progression_control,1,haoyu0512workout,db_bench_press,2,9.0,10.36691936000433,
vo2_lag45_96_sets,M3_progression_control,1,haoyu0512workout,db_biceps_curl,0,9.0,7.7449472555868155,
vo2_lag45_96_sets,M3_progression_control,1,haoyu0512workout,db_biceps_curl,1,9.0,9.101302111862234,
vo2_lag45_96_sets,M3_progression_control,1,haoyu0512workout,db_biceps_curl,3,9.0,10.389686382946714,
vo2_lag45_96_sets,M3_progression_control,1,haoyu0512workout,db_rdl,0,9.0,5.814722872302,
vo2_lag45_96_sets,M3_progression_control,1,haoyu0512workout,db_rdl,1,9.0,7.367560260247333,
vo2_lag45_96_sets,M3_progression_control,1,haoyu0512workout,db_rdl,2,9.0,9.105920146955999,
vo2_lag45_96_sets,M3_progression_control,1,haoyu0512workout,db_shoulder_press,0,7.0,7.941574957827549,
vo2_lag45_96_sets,M3_progression_control,1,haoyu0512workout,db_shoulder_press,1,9.0,9.296386896849128,
vo2_lag45_96_sets,M3_progression_control,1,haoyu0512workout,db_shoulder_press,2,9.0,10.835923273985506,
vo2_lag45_96_sets,M3_progression_control,1,haoyu0512workout,db_squat,0,6.0,5.862635742604048,
vo2_lag45_96_sets,M3_progression_control,1,haoyu0512workout,db_squat,1,9.0,7.040171809563847,
vo2_lag45_96_sets,M3_progression_control,1,haoyu0512workout,db_squat,2,8.0,8.071077533365704,
vo2_lag45_96_sets,M3_progression_control,1,haoyu0512workout,db_triceps_curl,0,7.0,6.3327730688316874,
vo2_lag45_96_sets,M3_progression_control,1,haoyu0512workout,db_triceps_curl,1,9.0,7.766380195885529,
vo2_lag45_96_sets,M3_progression_control,1,haoyu0512workout,db_triceps_curl,2,9.0,9.09208952325711,
vo2_lag45_96_sets,M3_progression_control,1,haoyu0512workout,db_weighted_crunch,0,6.0,5.461027971971388,
vo2_lag45_96_sets,M3_progression_control,1,haoyu0512workout,db_weighted_crunch,1,7.0,6.759550033249462,
vo2_lag45_96_sets,M3_progression_control,1,haoyu0512workout,db_weighted_crunch,2,9.0,7.98645945233211,
vo2_lag45_96_sets,M3_progression_control,1,haoyu0512workout,one_arm_db_row,0,9.0,6.88144003349461,
vo2_lag45_96_sets,M3_progression_control,1,haoyu0512workout,one_arm_db_row,1,9.0,8.271473049138308,
vo2_lag45_96_sets,M3_progression_control,1,haoyu0512workout,one_arm_db_row,2,9.0,9.55509797831035,
vo2_lag45_96_sets,M3_progression_control,2,yanz0510workout,db_bench_press,2,5.0,5.725704532016488,
vo2_lag45_96_sets,M3_progression_control,2,yanz0510workout,db_bench_press,3,7.0,6.719745566980343,
vo2_lag45_96_sets,M3_progression_control,2,yanz0510workout,db_bench_press,4,8.0,7.488650807011788,
vo2_lag45_96_sets,M3_progression_control,2,yanz0510workout,db_biceps_curl,0,7.0,7.6746113169985275,
vo2_lag45_96_sets,M3_progression_control,2,yanz0510workout,db_biceps_curl,1,9.0,8.320026007502317,
vo2_lag45_96_sets,M3_progression_control,2,yanz0510workout,db_biceps_curl,2,10.0,8.70964285666983,
vo2_lag45_96_sets,M3_progression_control,2,yanz0510workout,db_rdl,0,5.0,6.330037190100827,
vo2_lag45_96_sets,M3_progression_control,2,yanz0510workout,db_rdl,1,8.0,7.477613087460594,
vo2_lag45_96_sets,M3_progression_control,2,yanz0510workout,db_rdl,2,9.0,8.577679660172615,
vo2_lag45_96_sets,M3_progression_control,2,yanz0510workout,db_shoulder_press,1,8.0,6.863703339357534,
vo2_lag45_96_sets,M3_progression_control,2,yanz0510workout,db_shoulder_press,2,10.0,7.296898481582555,
vo2_lag45_96_sets,M3_progression_control,2,yanz0510workout,db_shoulder_press,3,10.0,7.467949974332771,
vo2_lag45_96_sets,M3_progression_control,2,yanz0510workout,db_squat,0,7.0,5.680028110659899,
vo2_lag45_96_sets,M3_progression_control,2,yanz0510workout,db_squat,1,8.0,6.2568182211169425,
vo2_lag45_96_sets,M3_progression_control,2,yanz0510workout,db_squat,2,9.0,6.793287178976961,
vo2_lag45_96_sets,M3_progression_control,2,yanz0510workout,db_triceps_curl,0,7.0,6.147838241261472,
vo2_lag45_96_sets,M3_progression_control,2,yanz0510workout,db_triceps_curl,2,8.0,6.314785690619677,
vo2_lag45_96_sets,M3_progression_control,2,yanz0510workout,db_triceps_curl,4,9.0,6.482013927948612,
vo2_lag45_96_sets,M3_progression_control,2,yanz0510workout,db_weighted_crunch,0,6.0,5.841924585131359,
vo2_lag45_96_sets,M3_progression_control,2,yanz0510workout,db_weighted_crunch,2,7.0,6.269948689675589,
vo2_lag45_96_sets,M3_progression_control,2,yanz0510workout,db_weighted_crunch,3,8.0,7.018805668596814,
vo2_lag45_96_sets,M3_progression_control,2,yanz0510workout,one_arm_db_row,0,6.0,7.185576782191126,
vo2_lag45_96_sets,M3_progression_control,2,yanz0510workout,one_arm_db_row,1,7.0,7.854577662236349,
vo2_lag45_96_sets,M3_progression_control,2,yanz0510workout,one_arm_db_row,2,9.0,8.484773644726499,
vo2_lag45_96_sets,M3_progression_control,3,yoru0511workout,db_bench_press,0,3.0,7.0037915029222,
vo2_lag45_96_sets,M3_progression_control,3,yoru0511workout,db_bench_press,4,5.0,8.092228247915987,
vo2_lag45_96_sets,M3_progression_control,3,yoru0511workout,db_bench_press,5,7.0,8.896414480842205,
vo2_lag45_96_sets,M3_progression_control,3,yoru0511workout,db_biceps_curl,0,6.0,7.801375420255819,
vo2_lag45_96_sets,M3_progression_control,3,yoru0511workout,db_biceps_curl,1,8.0,8.459980641120183,
vo2_lag45_96_sets,M3_progression_control,3,yoru0511workout,db_biceps_curl,2,9.0,9.153950689639078,
vo2_lag45_96_sets,M3_progression_control,3,yoru0511workout,db_rdl,0,6.0,6.6913970099166775,
vo2_lag45_96_sets,M3_progression_control,3,yoru0511workout,db_rdl,1,6.0,7.567886066641933,
vo2_lag45_96_sets,M3_progression_control,3,yoru0511workout,db_rdl,2,7.0,8.388905202410834,
vo2_lag45_96_sets,M3_progression_control,3,yoru0511workout,db_shoulder_press,0,7.0,7.71752247641565,
vo2_lag45_96_sets,M3_progression_control,3,yoru0511workout,db_shoulder_press,1,8.0,8.389877189882354,
vo2_lag45_96_sets,M3_progression_control,3,yoru0511workout,db_shoulder_press,2,9.0,9.04344827157881,
vo2_lag45_96_sets,M3_progression_control,3,yoru0511workout,db_squat,0,4.0,6.67519921651485,
vo2_lag45_96_sets,M3_progression_control,3,yoru0511workout,db_squat,1,5.0,7.415105784940879,
vo2_lag45_96_sets,M3_progression_control,3,yoru0511workout,db_squat,2,6.0,8.156963082294473,
vo2_lag45_96_sets,M3_progression_control,3,yoru0511workout,db_triceps_curl,0,5.0,6.979003231927079,
vo2_lag45_96_sets,M3_progression_control,3,yoru0511workout,db_triceps_curl,1,5.0,7.630371877737577,
vo2_lag45_96_sets,M3_progression_control,3,yoru0511workout,db_triceps_curl,2,6.0,8.257356411953536,
vo2_lag45_96_sets,M3_progression_control,3,yoru0511workout,db_weighted_crunch,0,6.0,5.768585524518354,
vo2_lag45_96_sets,M3_progression_control,3,yoru0511workout,db_weighted_crunch,1,7.0,6.490715289007719,
vo2_lag45_96_sets,M3_progression_control,3,yoru0511workout,db_weighted_crunch,2,7.0,7.164989268032186,
vo2_lag45_96_sets,M3_progression_control,3,yoru0511workout,one_arm_db_row,0,5.0,7.275144494877668,
vo2_lag45_96_sets,M3_progression_control,3,yoru0511workout,one_arm_db_row,2,7.0,8.030954029275573,
vo2_lag45_96_sets,M3_progression_control,3,yoru0511workout,one_arm_db_row,3,8.0,8.706927030269208,
vo2_lag45_96_sets,M3_progression_control,4,yushuan0513workout,db_bench_press,0,9.0,5.500250016866955,
vo2_lag45_96_sets,M3_progression_control,4,yushuan0513workout,db_bench_press,1,10.0,6.789170637348375,
vo2_lag45_96_sets,M3_progression_control,4,yushuan0513workout,db_bench_press,3,10.0,7.722302540730152,
vo2_lag45_96_sets,M3_progression_control,4,yushuan0513workout,db_biceps_curl,0,7.0,7.4351610590222545,
vo2_lag45_96_sets,M3_progression_control,4,yushuan0513workout,db_biceps_curl,1,9.0,8.352753596592596,
vo2_lag45_96_sets,M3_progression_control,4,yushuan0513workout,db_biceps_curl,2,10.0,9.31235398782734,
vo2_lag45_96_sets,M3_progression_control,4,yushuan0513workout,db_rdl,0,6.0,6.397869539335159,
vo2_lag45_96_sets,M3_progression_control,4,yushuan0513workout,db_rdl,1,8.0,7.795350871711419,
vo2_lag45_96_sets,M3_progression_control,4,yushuan0513workout,db_rdl,2,8.0,9.195063568139135,
vo2_lag45_96_sets,M3_progression_control,4,yushuan0513workout,db_shoulder_press,0,8.0,7.905665819415752,
vo2_lag45_96_sets,M3_progression_control,4,yushuan0513workout,db_shoulder_press,1,9.0,9.480492085968747,
vo2_lag45_96_sets,M3_progression_control,4,yushuan0513workout,db_shoulder_press,2,10.0,10.872492024044686,
vo2_lag45_96_sets,M3_progression_control,4,yushuan0513workout,db_squat,0,6.0,5.966341110572912,
vo2_lag45_96_sets,M3_progression_control,4,yushuan0513workout,db_squat,1,7.0,7.0981931049973666,
vo2_lag45_96_sets,M3_progression_control,4,yushuan0513workout,db_squat,2,8.0,8.245131060726242,
vo2_lag45_96_sets,M3_progression_control,4,yushuan0513workout,db_triceps_curl,0,6.0,6.160762069790723,
vo2_lag45_96_sets,M3_progression_control,4,yushuan0513workout,db_triceps_curl,1,7.0,7.047552081868114,
vo2_lag45_96_sets,M3_progression_control,4,yushuan0513workout,db_triceps_curl,2,9.0,7.986391085841467,
vo2_lag45_96_sets,M3_progression_control,4,yushuan0513workout,db_weighted_crunch,0,5.0,6.047708856539827,
vo2_lag45_96_sets,M3_progression_control,4,yushuan0513workout,db_weighted_crunch,1,6.0,7.343517600832269,
vo2_lag45_96_sets,M3_progression_control,4,yushuan0513workout,db_weighted_crunch,2,7.0,8.610367120369922,
vo2_lag45_96_sets,M3_progression_control,4,yushuan0513workout,one_arm_db_row,0,9.0,6.819330318916495,
vo2_lag45_96_sets,M3_progression_control,4,yushuan0513workout,one_arm_db_row,1,8.0,8.024720311210734,
vo2_lag45_96_sets,M3_progression_control,4,yushuan0513workout,one_arm_db_row,2,9.0,9.063146062958932,
vo2_lag45_96_sets,M4_add_one__kg,1,haoyu0512workout,db_bench_press,0,8.0,6.497112926913894,kg
vo2_lag45_96_sets,M4_add_one__kg,1,haoyu0512workout,db_bench_press,1,9.0,8.045126148399637,kg
vo2_lag45_96_sets,M4_add_one__kg,1,haoyu0512workout,db_bench_press,2,9.0,9.52002534913497,kg
vo2_lag45_96_sets,M4_add_one__kg,1,haoyu0512workout,db_biceps_curl,0,9.0,7.627267575902087,kg
vo2_lag45_96_sets,M4_add_one__kg,1,haoyu0512workout,db_biceps_curl,1,9.0,8.877418395950412,kg
vo2_lag45_96_sets,M4_add_one__kg,1,haoyu0512workout,db_biceps_curl,3,9.0,10.229048997602643,kg
vo2_lag45_96_sets,M4_add_one__kg,1,haoyu0512workout,db_rdl,0,9.0,5.765077379662092,kg
vo2_lag45_96_sets,M4_add_one__kg,1,haoyu0512workout,db_rdl,1,9.0,7.173684818625484,kg
vo2_lag45_96_sets,M4_add_one__kg,1,haoyu0512workout,db_rdl,2,9.0,8.731909974934348,kg
vo2_lag45_96_sets,M4_add_one__kg,1,haoyu0512workout,db_shoulder_press,0,7.0,7.997821721846083,kg
vo2_lag45_96_sets,M4_add_one__kg,1,haoyu0512workout,db_shoulder_press,1,9.0,9.246728230508397,kg
vo2_lag45_96_sets,M4_add_one__kg,1,haoyu0512workout,db_shoulder_press,2,9.0,10.644608847178596,kg
vo2_lag45_96_sets,M4_add_one__kg,1,haoyu0512workout,db_squat,0,6.0,5.78459885918036,kg
vo2_lag45_96_sets,M4_add_one__kg,1,haoyu0512workout,db_squat,1,9.0,6.890538280318981,kg
vo2_lag45_96_sets,M4_add_one__kg,1,haoyu0512workout,db_squat,2,8.0,7.878225212497427,kg
vo2_lag45_96_sets,M4_add_one__kg,1,haoyu0512workout,db_triceps_curl,0,7.0,6.160731457134449,kg
vo2_lag45_96_sets,M4_add_one__kg,1,haoyu0512workout,db_triceps_curl,1,9.0,7.473183661061646,kg
vo2_lag45_96_sets,M4_add_one__kg,1,haoyu0512workout,db_triceps_curl,2,9.0,8.698619882546451,kg
vo2_lag45_96_sets,M4_add_one__kg,1,haoyu0512workout,db_weighted_crunch,0,6.0,5.333502725544567,kg
vo2_lag45_96_sets,M4_add_one__kg,1,haoyu0512workout,db_weighted_crunch,1,7.0,6.537013322262083,kg
vo2_lag45_96_sets,M4_add_one__kg,1,haoyu0512workout,db_weighted_crunch,2,9.0,7.682770707753041,kg
vo2_lag45_96_sets,M4_add_one__kg,1,haoyu0512workout,one_arm_db_row,0,9.0,6.637770924511724,kg
vo2_lag45_96_sets,M4_add_one__kg,1,haoyu0512workout,one_arm_db_row,1,9.0,7.915082058606417,kg
vo2_lag45_96_sets,M4_add_one__kg,1,haoyu0512workout,one_arm_db_row,2,9.0,9.106578614355556,kg
vo2_lag45_96_sets,M4_add_one__kg,2,yanz0510workout,db_bench_press,2,5.0,5.695109208309537,kg
vo2_lag45_96_sets,M4_add_one__kg,2,yanz0510workout,db_bench_press,3,7.0,6.676477727617987,kg
vo2_lag45_96_sets,M4_add_one__kg,2,yanz0510workout,db_bench_press,4,8.0,7.442296616278083,kg
vo2_lag45_96_sets,M4_add_one__kg,2,yanz0510workout,db_biceps_curl,0,7.0,7.613686878939233,kg
vo2_lag45_96_sets,M4_add_one__kg,2,yanz0510workout,db_biceps_curl,1,9.0,8.261273381020198,kg
vo2_lag45_96_sets,M4_add_one__kg,2,yanz0510workout,db_biceps_curl,2,10.0,8.663953779932479,kg
vo2_lag45_96_sets,M4_add_one__kg,2,yanz0510workout,db_rdl,0,5.0,6.100872927094965,kg
vo2_lag45_96_sets,M4_add_one__kg,2,yanz0510workout,db_rdl,1,8.0,7.229238874737813,kg
vo2_lag45_96_sets,M4_add_one__kg,2,yanz0510workout,db_rdl,2,9.0,8.312118419904106,kg
vo2_lag45_96_sets,M4_add_one__kg,2,yanz0510workout,db_shoulder_press,1,8.0,6.719472428350177,kg
vo2_lag45_96_sets,M4_add_one__kg,2,yanz0510workout,db_shoulder_press,2,10.0,7.163875579415893,kg
vo2_lag45_96_sets,M4_add_one__kg,2,yanz0510workout,db_shoulder_press,3,10.0,7.357297020362747,kg
vo2_lag45_96_sets,M4_add_one__kg,2,yanz0510workout,db_squat,0,7.0,5.473483728600163,kg
vo2_lag45_96_sets,M4_add_one__kg,2,yanz0510workout,db_squat,1,8.0,6.055367649326104,kg
vo2_lag45_96_sets,M4_add_one__kg,2,yanz0510workout,db_squat,2,9.0,6.598647271023482,kg
vo2_lag45_96_sets,M4_add_one__kg,2,yanz0510workout,db_triceps_curl,0,7.0,6.094413022681266,kg
vo2_lag45_96_sets,M4_add_one__kg,2,yanz0510workout,db_triceps_curl,2,8.0,6.31355839946342,kg
vo2_lag45_96_sets,M4_add_one__kg,2,yanz0510workout,db_triceps_curl,4,9.0,6.5329726084115105,kg
vo2_lag45_96_sets,M4_add_one__kg,2,yanz0510workout,db_weighted_crunch,0,6.0,5.7231184340678025,kg
vo2_lag45_96_sets,M4_add_one__kg,2,yanz0510workout,db_weighted_crunch,2,7.0,6.192223958738258,kg
vo2_lag45_96_sets,M4_add_one__kg,2,yanz0510workout,db_weighted_crunch,3,8.0,6.9388482307504455,kg
vo2_lag45_96_sets,M4_add_one__kg,2,yanz0510workout,one_arm_db_row,0,6.0,6.9870925055530035,kg
vo2_lag45_96_sets,M4_add_one__kg,2,yanz0510workout,one_arm_db_row,1,7.0,7.657260909572684,kg
vo2_lag45_96_sets,M4_add_one__kg,2,yanz0510workout,one_arm_db_row,2,9.0,8.290276708259858,kg
vo2_lag45_96_sets,M4_add_one__kg,3,yoru0511workout,db_bench_press,0,3.0,7.067076426838359,kg
vo2_lag45_96_sets,M4_add_one__kg,3,yoru0511workout,db_bench_press,4,5.0,8.070907543552194,kg
vo2_lag45_96_sets,M4_add_one__kg,3,yoru0511workout,db_bench_press,5,7.0,8.87381685983744,kg
vo2_lag45_96_sets,M4_add_one__kg,3,yoru0511workout,db_biceps_curl,0,6.0,7.827786849389829,kg
vo2_lag45_96_sets,M4_add_one__kg,3,yoru0511workout,db_biceps_curl,1,8.0,8.479677316275684,kg
vo2_lag45_96_sets,M4_add_one__kg,3,yoru0511workout,db_biceps_curl,2,9.0,9.168253581027308,kg
vo2_lag45_96_sets,M4_add_one__kg,3,yoru0511workout,db_rdl,0,6.0,6.725028284143402,kg
vo2_lag45_96_sets,M4_add_one__kg,3,yoru0511workout,db_rdl,1,6.0,7.60294112667023,kg
vo2_lag45_96_sets,M4_add_one__kg,3,yoru0511workout,db_rdl,2,7.0,8.423312099412938,kg
vo2_lag45_96_sets,M4_add_one__kg,3,yoru0511workout,db_shoulder_press,0,7.0,7.81296693948114,kg
vo2_lag45_96_sets,M4_add_one__kg,3,yoru0511workout,db_shoulder_press,1,8.0,8.479120479024772,kg
vo2_lag45_96_sets,M4_add_one__kg,3,yoru0511workout,db_shoulder_press,2,9.0,9.125788768278488,kg
vo2_lag45_96_sets,M4_add_one__kg,3,yoru0511workout,db_squat,0,4.0,6.772258931468214,kg
vo2_lag45_96_sets,M4_add_one__kg,3,yoru0511workout,db_squat,1,5.0,7.5084875671130975,kg
vo2_lag45_96_sets,M4_add_one__kg,3,yoru0511workout,db_squat,2,6.0,8.246739796590434,kg
vo2_lag45_96_sets,M4_add_one__kg,3,yoru0511workout,db_triceps_curl,0,5.0,7.014376004293615,kg
vo2_lag45_96_sets,M4_add_one__kg,3,yoru0511workout,db_triceps_curl,1,5.0,7.658759590833271,kg
vo2_lag45_96_sets,M4_add_one__kg,3,yoru0511workout,db_triceps_curl,2,6.0,8.277848254467258,kg
vo2_lag45_96_sets,M4_add_one__kg,3,yoru0511workout,db_weighted_crunch,0,6.0,5.8259501475413895,kg
vo2_lag45_96_sets,M4_add_one__kg,3,yoru0511workout,db_weighted_crunch,1,7.0,6.543737968422786,kg
vo2_lag45_96_sets,M4_add_one__kg,3,yoru0511workout,db_weighted_crunch,2,7.0,7.21188246318867,kg
vo2_lag45_96_sets,M4_add_one__kg,3,yoru0511workout,one_arm_db_row,0,5.0,7.336894409996056,kg
vo2_lag45_96_sets,M4_add_one__kg,3,yoru0511workout,one_arm_db_row,2,7.0,8.058304621953774,kg
vo2_lag45_96_sets,M4_add_one__kg,3,yoru0511workout,one_arm_db_row,3,8.0,8.728211601670505,kg
vo2_lag45_96_sets,M4_add_one__kg,4,yushuan0513workout,db_bench_press,0,9.0,5.0491463813191215,kg
vo2_lag45_96_sets,M4_add_one__kg,4,yushuan0513workout,db_bench_press,1,10.0,6.349084471685875,kg
vo2_lag45_96_sets,M4_add_one__kg,4,yushuan0513workout,db_bench_press,3,10.0,7.273524625549326,kg
vo2_lag45_96_sets,M4_add_one__kg,4,yushuan0513workout,db_biceps_curl,0,7.0,7.198923339135724,kg
vo2_lag45_96_sets,M4_add_one__kg,4,yushuan0513workout,db_biceps_curl,1,9.0,8.120596143544526,kg
vo2_lag45_96_sets,M4_add_one__kg,4,yushuan0513workout,db_biceps_curl,2,10.0,9.085061598200173,kg
vo2_lag45_96_sets,M4_add_one__kg,4,yushuan0513workout,db_rdl,0,6.0,5.84384610736179,kg
vo2_lag45_96_sets,M4_add_one__kg,4,yushuan0513workout,db_rdl,1,8.0,7.254373055987706,kg
vo2_lag45_96_sets,M4_add_one__kg,4,yushuan0513workout,db_rdl,2,8.0,8.667173055319575,kg
vo2_lag45_96_sets,M4_add_one__kg,4,yushuan0513workout,db_shoulder_press,0,8.0,7.498392847382254,kg
vo2_lag45_96_sets,M4_add_one__kg,4,yushuan0513workout,db_shoulder_press,1,9.0,9.089577912985606,kg
vo2_lag45_96_sets,M4_add_one__kg,4,yushuan0513workout,db_shoulder_press,2,10.0,10.494521063138203,kg
vo2_lag45_96_sets,M4_add_one__kg,4,yushuan0513workout,db_squat,0,6.0,5.371400445319424,kg
vo2_lag45_96_sets,M4_add_one__kg,4,yushuan0513workout,db_squat,1,7.0,6.5113355316454395,kg
vo2_lag45_96_sets,M4_add_one__kg,4,yushuan0513workout,db_squat,2,8.0,7.666638417309525,kg
vo2_lag45_96_sets,M4_add_one__kg,4,yushuan0513workout,db_triceps_curl,0,6.0,5.926143300984492,kg
vo2_lag45_96_sets,M4_add_one__kg,4,yushuan0513workout,db_triceps_curl,1,7.0,6.816438122821996,kg
vo2_lag45_96_sets,M4_add_one__kg,4,yushuan0513workout,db_triceps_curl,2,9.0,7.759754323083127,kg
vo2_lag45_96_sets,M4_add_one__kg,4,yushuan0513workout,db_weighted_crunch,0,5.0,5.588391753889962,kg
vo2_lag45_96_sets,M4_add_one__kg,4,yushuan0513workout,db_weighted_crunch,1,6.0,6.895346652957698,kg
vo2_lag45_96_sets,M4_add_one__kg,4,yushuan0513workout,db_weighted_crunch,2,7.0,8.172801306993835,kg
vo2_lag45_96_sets,M4_add_one__kg,4,yushuan0513workout,one_arm_db_row,0,9.0,6.212685938279542,kg
vo2_lag45_96_sets,M4_add_one__kg,4,yushuan0513workout,one_arm_db_row,1,8.0,7.427532869610424,kg
vo2_lag45_96_sets,M4_add_one__kg,4,yushuan0513workout,one_arm_db_row,2,9.0,8.472296311161127,kg
vo2_lag45_96_sets,M4_add_one__n_reps,1,haoyu0512workout,db_bench_press,0,8.0,6.777932558164544,n_reps
vo2_lag45_96_sets,M4_add_one__n_reps,1,haoyu0512workout,db_bench_press,1,9.0,8.674799614499355,n_reps
vo2_lag45_96_sets,M4_add_one__n_reps,1,haoyu0512workout,db_bench_press,2,9.0,10.262816146592115,n_reps
vo2_lag45_96_sets,M4_add_one__n_reps,1,haoyu0512workout,db_biceps_curl,0,9.0,7.63979913791928,n_reps
vo2_lag45_96_sets,M4_add_one__n_reps,1,haoyu0512workout,db_biceps_curl,1,9.0,8.951065348452317,n_reps
vo2_lag45_96_sets,M4_add_one__n_reps,1,haoyu0512workout,db_biceps_curl,3,9.0,10.159148961103858,n_reps
vo2_lag45_96_sets,M4_add_one__n_reps,1,haoyu0512workout,db_rdl,0,9.0,5.85795286408375,n_reps
vo2_lag45_96_sets,M4_add_one__n_reps,1,haoyu0512workout,db_rdl,1,9.0,7.364339146690109,n_reps
vo2_lag45_96_sets,M4_add_one__n_reps,1,haoyu0512workout,db_rdl,2,9.0,9.054961468104937,n_reps
vo2_lag45_96_sets,M4_add_one__n_reps,1,haoyu0512workout,db_shoulder_press,0,7.0,7.681710436246741,n_reps
vo2_lag45_96_sets,M4_add_one__n_reps,1,haoyu0512workout,db_shoulder_press,1,9.0,8.99144442850463,n_reps
vo2_lag45_96_sets,M4_add_one__n_reps,1,haoyu0512workout,db_shoulder_press,2,9.0,10.484621932876944,n_reps
vo2_lag45_96_sets,M4_add_one__n_reps,1,haoyu0512workout,db_squat,0,6.0,5.9032498296024105,n_reps
vo2_lag45_96_sets,M4_add_one__n_reps,1,haoyu0512workout,db_squat,1,9.0,7.03693722555694,n_reps
vo2_lag45_96_sets,M4_add_one__n_reps,1,haoyu0512workout,db_squat,2,8.0,8.025011050259351,n_reps
vo2_lag45_96_sets,M4_add_one__n_reps,1,haoyu0512workout,db_triceps_curl,0,7.0,6.38340117886336,n_reps
vo2_lag45_96_sets,M4_add_one__n_reps,1,haoyu0512workout,db_triceps_curl,1,9.0,7.771383973379734,n_reps
vo2_lag45_96_sets,M4_add_one__n_reps,1,haoyu0512workout,db_triceps_curl,2,9.0,9.052217158861533,n_reps
vo2_lag45_96_sets,M4_add_one__n_reps,1,haoyu0512workout,db_weighted_crunch,0,6.0,5.511500107954519,n_reps
vo2_lag45_96_sets,M4_add_one__n_reps,1,haoyu0512workout,db_weighted_crunch,1,7.0,6.765334550725927,n_reps
vo2_lag45_96_sets,M4_add_one__n_reps,1,haoyu0512workout,db_weighted_crunch,2,9.0,7.9480529314852335,n_reps
vo2_lag45_96_sets,M4_add_one__n_reps,1,haoyu0512workout,one_arm_db_row,0,9.0,6.9289136672403195,n_reps
vo2_lag45_96_sets,M4_add_one__n_reps,1,haoyu0512workout,one_arm_db_row,1,9.0,8.273624504261962,n_reps
vo2_lag45_96_sets,M4_add_one__n_reps,1,haoyu0512workout,one_arm_db_row,2,9.0,9.512665115411238,n_reps
vo2_lag45_96_sets,M4_add_one__n_reps,2,yanz0510workout,db_bench_press,2,5.0,5.711585373413364,n_reps
vo2_lag45_96_sets,M4_add_one__n_reps,2,yanz0510workout,db_bench_press,3,7.0,6.700399036628365,n_reps
vo2_lag45_96_sets,M4_add_one__n_reps,2,yanz0510workout,db_bench_press,4,8.0,7.464476868569626,n_reps
vo2_lag45_96_sets,M4_add_one__n_reps,2,yanz0510workout,db_biceps_curl,0,7.0,7.66284290773933,n_reps
vo2_lag45_96_sets,M4_add_one__n_reps,2,yanz0510workout,db_biceps_curl,1,9.0,8.303649576554886,n_reps
vo2_lag45_96_sets,M4_add_one__n_reps,2,yanz0510workout,db_biceps_curl,2,10.0,8.84294828253165,n_reps
vo2_lag45_96_sets,M4_add_one__n_reps,2,yanz0510workout,db_rdl,0,5.0,6.335604898408231,n_reps
vo2_lag45_96_sets,M4_add_one__n_reps,2,yanz0510workout,db_rdl,1,8.0,7.477680662571701,n_reps
vo2_lag45_96_sets,M4_add_one__n_reps,2,yanz0510workout,db_rdl,2,9.0,8.572331504495812,n_reps
vo2_lag45_96_sets,M4_add_one__n_reps,2,yanz0510workout,db_shoulder_press,1,8.0,6.84953414608818,n_reps
vo2_lag45_96_sets,M4_add_one__n_reps,2,yanz0510workout,db_shoulder_press,2,10.0,7.5348906879398605,n_reps
vo2_lag45_96_sets,M4_add_one__n_reps,2,yanz0510workout,db_shoulder_press,3,10.0,7.702176886122018,n_reps
vo2_lag45_96_sets,M4_add_one__n_reps,2,yanz0510workout,db_squat,0,7.0,5.684995375394799,n_reps
vo2_lag45_96_sets,M4_add_one__n_reps,2,yanz0510workout,db_squat,1,8.0,6.257299378753504,n_reps
vo2_lag45_96_sets,M4_add_one__n_reps,2,yanz0510workout,db_squat,2,9.0,6.789353861819231,n_reps
vo2_lag45_96_sets,M4_add_one__n_reps,2,yanz0510workout,db_triceps_curl,0,7.0,6.1527545155065075,n_reps
vo2_lag45_96_sets,M4_add_one__n_reps,2,yanz0510workout,db_triceps_curl,2,8.0,6.312482547255509,n_reps
vo2_lag45_96_sets,M4_add_one__n_reps,2,yanz0510workout,db_triceps_curl,4,9.0,6.472490868143041,n_reps
vo2_lag45_96_sets,M4_add_one__n_reps,2,yanz0510workout,db_weighted_crunch,0,6.0,5.846799257351019,n_reps
vo2_lag45_96_sets,M4_add_one__n_reps,2,yanz0510workout,db_weighted_crunch,2,7.0,6.267140130105663,n_reps
vo2_lag45_96_sets,M4_add_one__n_reps,2,yanz0510workout,db_weighted_crunch,3,8.0,7.011205317555847,n_reps
vo2_lag45_96_sets,M4_add_one__n_reps,2,yanz0510workout,one_arm_db_row,0,6.0,7.191359672650614,n_reps
vo2_lag45_96_sets,M4_add_one__n_reps,2,yanz0510workout,one_arm_db_row,1,7.0,7.855710629102729,n_reps
vo2_lag45_96_sets,M4_add_one__n_reps,2,yanz0510workout,one_arm_db_row,2,9.0,8.481325626609932,n_reps
vo2_lag45_96_sets,M4_add_one__n_reps,3,yoru0511workout,db_bench_press,0,3.0,7.034644868367469,n_reps
vo2_lag45_96_sets,M4_add_one__n_reps,3,yoru0511workout,db_bench_press,4,5.0,7.595171342009717,n_reps
vo2_lag45_96_sets,M4_add_one__n_reps,3,yoru0511workout,db_bench_press,5,7.0,8.328695892322477,n_reps
vo2_lag45_96_sets,M4_add_one__n_reps,3,yoru0511workout,db_biceps_curl,0,6.0,8.718741846409301,n_reps
vo2_lag45_96_sets,M4_add_one__n_reps,3,yoru0511workout,db_biceps_curl,1,8.0,8.337123426668436,n_reps
vo2_lag45_96_sets,M4_add_one__n_reps,3,yoru0511workout,db_biceps_curl,2,9.0,8.94773061902168,n_reps
vo2_lag45_96_sets,M4_add_one__n_reps,3,yoru0511workout,db_rdl,0,6.0,6.715933554909347,n_reps
vo2_lag45_96_sets,M4_add_one__n_reps,3,yoru0511workout,db_rdl,1,6.0,7.530093014896949,n_reps
vo2_lag45_96_sets,M4_add_one__n_reps,3,yoru0511workout,db_rdl,2,7.0,8.282390270464733,n_reps
vo2_lag45_96_sets,M4_add_one__n_reps,3,yoru0511workout,db_shoulder_press,0,7.0,7.347004267639494,n_reps
vo2_lag45_96_sets,M4_add_one__n_reps,3,yoru0511workout,db_shoulder_press,1,8.0,7.933505201095167,n_reps
vo2_lag45_96_sets,M4_add_one__n_reps,3,yoru0511workout,db_shoulder_press,2,9.0,8.499057900836357,n_reps
vo2_lag45_96_sets,M4_add_one__n_reps,3,yoru0511workout,db_squat,0,4.0,6.73582084113139,n_reps
vo2_lag45_96_sets,M4_add_one__n_reps,3,yoru0511workout,db_squat,1,5.0,7.397658219788058,n_reps
vo2_lag45_96_sets,M4_add_one__n_reps,3,yoru0511workout,db_squat,2,6.0,8.061671126904187,n_reps
vo2_lag45_96_sets,M4_add_one__n_reps,3,yoru0511workout,db_triceps_curl,0,5.0,7.090474468579193,n_reps
vo2_lag45_96_sets,M4_add_one__n_reps,3,yoru0511workout,db_triceps_curl,1,5.0,7.653570926511315,n_reps
vo2_lag45_96_sets,M4_add_one__n_reps,3,yoru0511workout,db_triceps_curl,2,6.0,8.18947327870018,n_reps
vo2_lag45_96_sets,M4_add_one__n_reps,3,yoru0511workout,db_weighted_crunch,0,6.0,5.849144961523185,n_reps
vo2_lag45_96_sets,M4_add_one__n_reps,3,yoru0511workout,db_weighted_crunch,1,7.0,6.491156959863803,n_reps
vo2_lag45_96_sets,M4_add_one__n_reps,3,yoru0511workout,db_weighted_crunch,2,7.0,7.079798332610235,n_reps
vo2_lag45_96_sets,M4_add_one__n_reps,3,yoru0511workout,one_arm_db_row,0,5.0,7.3163491038808655,n_reps
vo2_lag45_96_sets,M4_add_one__n_reps,3,yoru0511workout,one_arm_db_row,2,7.0,7.8325870002160505,n_reps
vo2_lag45_96_sets,M4_add_one__n_reps,3,yoru0511workout,one_arm_db_row,3,8.0,8.423123188072337,n_reps
vo2_lag45_96_sets,M4_add_one__n_reps,4,yushuan0513workout,db_bench_press,0,9.0,5.6073175908711645,n_reps
vo2_lag45_96_sets,M4_add_one__n_reps,4,yushuan0513workout,db_bench_press,1,10.0,6.897852955508907,n_reps
vo2_lag45_96_sets,M4_add_one__n_reps,4,yushuan0513workout,db_bench_press,3,10.0,8.688436906755417,n_reps
vo2_lag45_96_sets,M4_add_one__n_reps,4,yushuan0513workout,db_biceps_curl,0,7.0,7.3004778974001585,n_reps
vo2_lag45_96_sets,M4_add_one__n_reps,4,yushuan0513workout,db_biceps_curl,1,9.0,8.201027582486482,n_reps
vo2_lag45_96_sets,M4_add_one__n_reps,4,yushuan0513workout,db_biceps_curl,2,10.0,9.145695830406448,n_reps
vo2_lag45_96_sets,M4_add_one__n_reps,4,yushuan0513workout,db_rdl,0,6.0,6.402530223329754,n_reps
vo2_lag45_96_sets,M4_add_one__n_reps,4,yushuan0513workout,db_rdl,1,8.0,7.807080996306632,n_reps
vo2_lag45_96_sets,M4_add_one__n_reps,4,yushuan0513workout,db_rdl,2,8.0,9.213975249526404,n_reps
vo2_lag45_96_sets,M4_add_one__n_reps,4,yushuan0513workout,db_shoulder_press,0,8.0,7.700126086149279,n_reps
vo2_lag45_96_sets,M4_add_one__n_reps,4,yushuan0513workout,db_shoulder_press,1,9.0,9.290932593213679,n_reps
vo2_lag45_96_sets,M4_add_one__n_reps,4,yushuan0513workout,db_shoulder_press,2,10.0,11.392373012435447,n_reps
vo2_lag45_96_sets,M4_add_one__n_reps,4,yushuan0513workout,db_squat,0,6.0,5.982414258312666,n_reps
vo2_lag45_96_sets,M4_add_one__n_reps,4,yushuan0513workout,db_squat,1,7.0,7.1079889919396315,n_reps
vo2_lag45_96_sets,M4_add_one__n_reps,4,yushuan0513workout,db_squat,2,8.0,8.249407689817478,n_reps
vo2_lag45_96_sets,M4_add_one__n_reps,4,yushuan0513workout,db_triceps_curl,0,6.0,6.190853120947598,n_reps
vo2_lag45_96_sets,M4_add_one__n_reps,4,yushuan0513workout,db_triceps_curl,1,7.0,7.059052589637429,n_reps
vo2_lag45_96_sets,M4_add_one__n_reps,4,yushuan0513workout,db_triceps_curl,2,9.0,7.981916282253931,n_reps
vo2_lag45_96_sets,M4_add_one__n_reps,4,yushuan0513workout,db_weighted_crunch,0,5.0,6.076218923674032,n_reps
vo2_lag45_96_sets,M4_add_one__n_reps,4,yushuan0513workout,db_weighted_crunch,1,6.0,7.373988509931148,n_reps
vo2_lag45_96_sets,M4_add_one__n_reps,4,yushuan0513workout,db_weighted_crunch,2,7.0,8.641343798253294,n_reps
vo2_lag45_96_sets,M4_add_one__n_reps,4,yushuan0513workout,one_arm_db_row,0,9.0,6.853516095630927,n_reps
vo2_lag45_96_sets,M4_add_one__n_reps,4,yushuan0513workout,one_arm_db_row,1,8.0,8.056323786828102,n_reps
vo2_lag45_96_sets,M4_add_one__n_reps,4,yushuan0513workout,one_arm_db_row,2,9.0,9.083778021589486,n_reps
vo2_lag45_96_sets,M4_add_one__total_tut_sec,1,haoyu0512workout,db_bench_press,0,8.0,6.980794920465743,total_tut_sec
vo2_lag45_96_sets,M4_add_one__total_tut_sec,1,haoyu0512workout,db_bench_press,1,9.0,8.73257968603307,total_tut_sec
vo2_lag45_96_sets,M4_add_one__total_tut_sec,1,haoyu0512workout,db_bench_press,2,9.0,10.366889373426963,total_tut_sec
vo2_lag45_96_sets,M4_add_one__total_tut_sec,1,haoyu0512workout,db_biceps_curl,0,9.0,7.735945398715902,total_tut_sec
vo2_lag45_96_sets,M4_add_one__total_tut_sec,1,haoyu0512workout,db_biceps_curl,1,9.0,9.09207288799549,total_tut_sec
vo2_lag45_96_sets,M4_add_one__total_tut_sec,1,haoyu0512workout,db_biceps_curl,3,9.0,10.377051254324554,total_tut_sec
vo2_lag45_96_sets,M4_add_one__total_tut_sec,1,haoyu0512workout,db_rdl,0,9.0,5.806799535189396,total_tut_sec
vo2_lag45_96_sets,M4_add_one__total_tut_sec,1,haoyu0512workout,db_rdl,1,9.0,7.365454551633805,total_tut_sec
vo2_lag45_96_sets,M4_add_one__total_tut_sec,1,haoyu0512workout,db_rdl,2,9.0,9.098670784223716,total_tut_sec
vo2_lag45_96_sets,M4_add_one__total_tut_sec,1,haoyu0512workout,db_shoulder_press,0,7.0,7.933041644076112,total_tut_sec
vo2_lag45_96_sets,M4_add_one__total_tut_sec,1,haoyu0512workout,db_shoulder_press,1,9.0,9.293148066029774,total_tut_sec
vo2_lag45_96_sets,M4_add_one__total_tut_sec,1,haoyu0512workout,db_shoulder_press,2,9.0,10.826939949795456,total_tut_sec
vo2_lag45_96_sets,M4_add_one__total_tut_sec,1,haoyu0512workout,db_squat,0,6.0,5.856060781254311,total_tut_sec
vo2_lag45_96_sets,M4_add_one__total_tut_sec,1,haoyu0512workout,db_squat,1,9.0,7.038833087638177,total_tut_sec
vo2_lag45_96_sets,M4_add_one__total_tut_sec,1,haoyu0512workout,db_squat,2,8.0,8.072753253802937,total_tut_sec
vo2_lag45_96_sets,M4_add_one__total_tut_sec,1,haoyu0512workout,db_triceps_curl,0,7.0,6.322551463425815,total_tut_sec
vo2_lag45_96_sets,M4_add_one__total_tut_sec,1,haoyu0512workout,db_triceps_curl,1,9.0,7.758224716163663,total_tut_sec
vo2_lag45_96_sets,M4_add_one__total_tut_sec,1,haoyu0512workout,db_triceps_curl,2,9.0,9.087425363842113,total_tut_sec
vo2_lag45_96_sets,M4_add_one__total_tut_sec,1,haoyu0512workout,db_weighted_crunch,0,6.0,5.459307106317831,total_tut_sec
vo2_lag45_96_sets,M4_add_one__total_tut_sec,1,haoyu0512workout,db_weighted_crunch,1,7.0,6.757416238541435,total_tut_sec
vo2_lag45_96_sets,M4_add_one__total_tut_sec,1,haoyu0512workout,db_weighted_crunch,2,9.0,7.98678685128087,total_tut_sec
vo2_lag45_96_sets,M4_add_one__total_tut_sec,1,haoyu0512workout,one_arm_db_row,0,9.0,6.870361642223513,total_tut_sec
vo2_lag45_96_sets,M4_add_one__total_tut_sec,1,haoyu0512workout,one_arm_db_row,1,9.0,8.266817093020192,total_tut_sec
vo2_lag45_96_sets,M4_add_one__total_tut_sec,1,haoyu0512workout,one_arm_db_row,2,9.0,9.55285960929716,total_tut_sec
vo2_lag45_96_sets,M4_add_one__total_tut_sec,2,yanz0510workout,db_bench_press,2,5.0,5.897981510130931,total_tut_sec
vo2_lag45_96_sets,M4_add_one__total_tut_sec,2,yanz0510workout,db_bench_press,3,7.0,6.948695016708731,total_tut_sec
vo2_lag45_96_sets,M4_add_one__total_tut_sec,2,yanz0510workout,db_bench_press,4,8.0,7.432402382635451,total_tut_sec
vo2_lag45_96_sets,M4_add_one__total_tut_sec,2,yanz0510workout,db_biceps_curl,0,7.0,7.533263930048398,total_tut_sec
vo2_lag45_96_sets,M4_add_one__total_tut_sec,2,yanz0510workout,db_biceps_curl,1,9.0,8.189999618122144,total_tut_sec
vo2_lag45_96_sets,M4_add_one__total_tut_sec,2,yanz0510workout,db_biceps_curl,2,10.0,8.34420203780755,total_tut_sec
vo2_lag45_96_sets,M4_add_one__total_tut_sec,2,yanz0510workout,db_rdl,0,5.0,6.379137801642879,total_tut_sec
vo2_lag45_96_sets,M4_add_one__total_tut_sec,2,yanz0510workout,db_rdl,1,8.0,7.438528540178349,total_tut_sec
vo2_lag45_96_sets,M4_add_one__total_tut_sec,2,yanz0510workout,db_rdl,2,9.0,8.447996474321693,total_tut_sec
vo2_lag45_96_sets,M4_add_one__total_tut_sec,2,yanz0510workout,db_shoulder_press,1,8.0,7.0265736438419895,total_tut_sec
vo2_lag45_96_sets,M4_add_one__total_tut_sec,2,yanz0510workout,db_shoulder_press,2,10.0,6.925037049447222,total_tut_sec
vo2_lag45_96_sets,M4_add_one__total_tut_sec,2,yanz0510workout,db_shoulder_press,3,10.0,7.008445907768888,total_tut_sec
vo2_lag45_96_sets,M4_add_one__total_tut_sec,2,yanz0510workout,db_squat,0,7.0,5.621135378027846,total_tut_sec
vo2_lag45_96_sets,M4_add_one__total_tut_sec,2,yanz0510workout,db_squat,1,8.0,6.0109383927742694,total_tut_sec
vo2_lag45_96_sets,M4_add_one__total_tut_sec,2,yanz0510workout,db_squat,2,9.0,6.607411599949396,total_tut_sec
vo2_lag45_96_sets,M4_add_one__total_tut_sec,2,yanz0510workout,db_triceps_curl,0,7.0,6.126163264045058,total_tut_sec
vo2_lag45_96_sets,M4_add_one__total_tut_sec,2,yanz0510workout,db_triceps_curl,2,8.0,6.369679037783177,total_tut_sec
vo2_lag45_96_sets,M4_add_one__total_tut_sec,2,yanz0510workout,db_triceps_curl,4,9.0,6.869584549488244,total_tut_sec
vo2_lag45_96_sets,M4_add_one__total_tut_sec,2,yanz0510workout,db_weighted_crunch,0,6.0,5.939717130581666,total_tut_sec
vo2_lag45_96_sets,M4_add_one__total_tut_sec,2,yanz0510workout,db_weighted_crunch,2,7.0,6.456895211551837,total_tut_sec
vo2_lag45_96_sets,M4_add_one__total_tut_sec,2,yanz0510workout,db_weighted_crunch,3,8.0,7.095771842712505,total_tut_sec
vo2_lag45_96_sets,M4_add_one__total_tut_sec,2,yanz0510workout,one_arm_db_row,0,6.0,7.0801054075509935,total_tut_sec
vo2_lag45_96_sets,M4_add_one__total_tut_sec,2,yanz0510workout,one_arm_db_row,1,7.0,7.600972554879643,total_tut_sec
vo2_lag45_96_sets,M4_add_one__total_tut_sec,2,yanz0510workout,one_arm_db_row,2,9.0,8.265259002593522,total_tut_sec
vo2_lag45_96_sets,M4_add_one__total_tut_sec,3,yoru0511workout,db_bench_press,0,3.0,7.2689407583345655,total_tut_sec
vo2_lag45_96_sets,M4_add_one__total_tut_sec,3,yoru0511workout,db_bench_press,4,5.0,7.873425870469531,total_tut_sec
vo2_lag45_96_sets,M4_add_one__total_tut_sec,3,yoru0511workout,db_bench_press,5,7.0,8.655530236740429,total_tut_sec
vo2_lag45_96_sets,M4_add_one__total_tut_sec,3,yoru0511workout,db_biceps_curl,0,6.0,8.035165463550882,total_tut_sec
vo2_lag45_96_sets,M4_add_one__total_tut_sec,3,yoru0511workout,db_biceps_curl,1,8.0,8.526228941567783,total_tut_sec
vo2_lag45_96_sets,M4_add_one__total_tut_sec,3,yoru0511workout,db_biceps_curl,2,9.0,9.145044862101896,total_tut_sec
vo2_lag45_96_sets,M4_add_one__total_tut_sec,3,yoru0511workout,db_rdl,0,6.0,6.830323563899498,total_tut_sec
vo2_lag45_96_sets,M4_add_one__total_tut_sec,3,yoru0511workout,db_rdl,1,6.0,7.6962539577472695,total_tut_sec
vo2_lag45_96_sets,M4_add_one__total_tut_sec,3,yoru0511workout,db_rdl,2,7.0,8.54873482911138,total_tut_sec
vo2_lag45_96_sets,M4_add_one__total_tut_sec,3,yoru0511workout,db_shoulder_press,0,7.0,7.977670499681803,total_tut_sec
vo2_lag45_96_sets,M4_add_one__total_tut_sec,3,yoru0511workout,db_shoulder_press,1,8.0,8.590427012791247,total_tut_sec
vo2_lag45_96_sets,M4_add_one__total_tut_sec,3,yoru0511workout,db_shoulder_press,2,9.0,9.207316523651858,total_tut_sec
vo2_lag45_96_sets,M4_add_one__total_tut_sec,3,yoru0511workout,db_squat,0,4.0,6.780179674620818,total_tut_sec
vo2_lag45_96_sets,M4_add_one__total_tut_sec,3,yoru0511workout,db_squat,1,5.0,7.43306042868439,total_tut_sec
vo2_lag45_96_sets,M4_add_one__total_tut_sec,3,yoru0511workout,db_squat,2,6.0,8.134649339716496,total_tut_sec
vo2_lag45_96_sets,M4_add_one__total_tut_sec,3,yoru0511workout,db_triceps_curl,0,5.0,7.114711545636868,total_tut_sec
vo2_lag45_96_sets,M4_add_one__total_tut_sec,3,yoru0511workout,db_triceps_curl,1,5.0,7.816950550294895,total_tut_sec
vo2_lag45_96_sets,M4_add_one__total_tut_sec,3,yoru0511workout,db_triceps_curl,2,6.0,8.387086295299964,total_tut_sec
vo2_lag45_96_sets,M4_add_one__total_tut_sec,3,yoru0511workout,db_weighted_crunch,0,6.0,5.931306002742578,total_tut_sec
vo2_lag45_96_sets,M4_add_one__total_tut_sec,3,yoru0511workout,db_weighted_crunch,1,7.0,6.648600813017716,total_tut_sec
vo2_lag45_96_sets,M4_add_one__total_tut_sec,3,yoru0511workout,db_weighted_crunch,2,7.0,7.315594912028578,total_tut_sec
vo2_lag45_96_sets,M4_add_one__total_tut_sec,3,yoru0511workout,one_arm_db_row,0,5.0,7.4466802595206785,total_tut_sec
vo2_lag45_96_sets,M4_add_one__total_tut_sec,3,yoru0511workout,one_arm_db_row,2,7.0,8.018802907778433,total_tut_sec
vo2_lag45_96_sets,M4_add_one__total_tut_sec,3,yoru0511workout,one_arm_db_row,3,8.0,8.619824361069671,total_tut_sec
vo2_lag45_96_sets,M4_add_one__total_tut_sec,4,yushuan0513workout,db_bench_press,0,9.0,5.366077670994157,total_tut_sec
vo2_lag45_96_sets,M4_add_one__total_tut_sec,4,yushuan0513workout,db_bench_press,1,10.0,6.365935464816124,total_tut_sec
vo2_lag45_96_sets,M4_add_one__total_tut_sec,4,yushuan0513workout,db_bench_press,3,10.0,7.081926907561087,total_tut_sec
vo2_lag45_96_sets,M4_add_one__total_tut_sec,4,yushuan0513workout,db_biceps_curl,0,7.0,7.342827622325548,total_tut_sec
vo2_lag45_96_sets,M4_add_one__total_tut_sec,4,yushuan0513workout,db_biceps_curl,1,9.0,8.255532283166527,total_tut_sec
vo2_lag45_96_sets,M4_add_one__total_tut_sec,4,yushuan0513workout,db_biceps_curl,2,10.0,9.330206234046713,total_tut_sec
vo2_lag45_96_sets,M4_add_one__total_tut_sec,4,yushuan0513workout,db_rdl,0,6.0,6.759664524973134,total_tut_sec
vo2_lag45_96_sets,M4_add_one__total_tut_sec,4,yushuan0513workout,db_rdl,1,8.0,7.768250406773346,total_tut_sec
vo2_lag45_96_sets,M4_add_one__total_tut_sec,4,yushuan0513workout,db_rdl,2,8.0,9.163780037701546,total_tut_sec
vo2_lag45_96_sets,M4_add_one__total_tut_sec,4,yushuan0513workout,db_shoulder_press,0,8.0,8.43572249707179,total_tut_sec
vo2_lag45_96_sets,M4_add_one__total_tut_sec,4,yushuan0513workout,db_shoulder_press,1,9.0,10.058308969754531,total_tut_sec
vo2_lag45_96_sets,M4_add_one__total_tut_sec,4,yushuan0513workout,db_shoulder_press,2,10.0,11.026399119784928,total_tut_sec
vo2_lag45_96_sets,M4_add_one__total_tut_sec,4,yushuan0513workout,db_squat,0,6.0,6.096129384581644,total_tut_sec
vo2_lag45_96_sets,M4_add_one__total_tut_sec,4,yushuan0513workout,db_squat,1,7.0,7.290179253397893,total_tut_sec
vo2_lag45_96_sets,M4_add_one__total_tut_sec,4,yushuan0513workout,db_squat,2,8.0,8.437257337818702,total_tut_sec
vo2_lag45_96_sets,M4_add_one__total_tut_sec,4,yushuan0513workout,db_triceps_curl,0,6.0,6.074345278098238,total_tut_sec
vo2_lag45_96_sets,M4_add_one__total_tut_sec,4,yushuan0513workout,db_triceps_curl,1,7.0,6.752931646602163,total_tut_sec
vo2_lag45_96_sets,M4_add_one__total_tut_sec,4,yushuan0513workout,db_triceps_curl,2,9.0,7.871517315648322,total_tut_sec
vo2_lag45_96_sets,M4_add_one__total_tut_sec,4,yushuan0513workout,db_weighted_crunch,0,5.0,6.217699329086856,total_tut_sec
vo2_lag45_96_sets,M4_add_one__total_tut_sec,4,yushuan0513workout,db_weighted_crunch,1,6.0,7.559374521784418,total_tut_sec
vo2_lag45_96_sets,M4_add_one__total_tut_sec,4,yushuan0513workout,db_weighted_crunch,2,7.0,8.716175723803275,total_tut_sec
vo2_lag45_96_sets,M4_add_one__total_tut_sec,4,yushuan0513workout,one_arm_db_row,0,9.0,7.120131970350051,total_tut_sec
vo2_lag45_96_sets,M4_add_one__total_tut_sec,4,yushuan0513workout,one_arm_db_row,1,8.0,8.089407284597398,total_tut_sec
vo2_lag45_96_sets,M4_add_one__total_tut_sec,4,yushuan0513workout,one_arm_db_row,2,9.0,8.889110507240478,total_tut_sec
vo2_lag45_96_sets,M4_add_one__rep_duration_cv,1,haoyu0512workout,db_bench_press,0,8.0,3.433683885478946,rep_duration_cv
vo2_lag45_96_sets,M4_add_one__rep_duration_cv,1,haoyu0512workout,db_bench_press,1,9.0,8.901987491047468,rep_duration_cv
vo2_lag45_96_sets,M4_add_one__rep_duration_cv,1,haoyu0512workout,db_bench_press,2,9.0,10.331883052156748,rep_duration_cv
vo2_lag45_96_sets,M4_add_one__rep_duration_cv,1,haoyu0512workout,db_biceps_curl,0,9.0,7.273315497409058,rep_duration_cv
vo2_lag45_96_sets,M4_add_one__rep_duration_cv,1,haoyu0512workout,db_biceps_curl,1,9.0,9.516359783550154,rep_duration_cv
vo2_lag45_96_sets,M4_add_one__rep_duration_cv,1,haoyu0512workout,db_biceps_curl,3,9.0,11.001388580965191,rep_duration_cv
vo2_lag45_96_sets,M4_add_one__rep_duration_cv,1,haoyu0512workout,db_rdl,0,9.0,6.204308876224754,rep_duration_cv
vo2_lag45_96_sets,M4_add_one__rep_duration_cv,1,haoyu0512workout,db_rdl,1,9.0,7.632154234636625,rep_duration_cv
vo2_lag45_96_sets,M4_add_one__rep_duration_cv,1,haoyu0512workout,db_rdl,2,9.0,8.906988718043442,rep_duration_cv
vo2_lag45_96_sets,M4_add_one__rep_duration_cv,1,haoyu0512workout,db_shoulder_press,0,7.0,7.862271457125321,rep_duration_cv
vo2_lag45_96_sets,M4_add_one__rep_duration_cv,1,haoyu0512workout,db_shoulder_press,1,9.0,9.249830496212075,rep_duration_cv
vo2_lag45_96_sets,M4_add_one__rep_duration_cv,1,haoyu0512workout,db_shoulder_press,2,9.0,10.830830870722103,rep_duration_cv
vo2_lag45_96_sets,M4_add_one__rep_duration_cv,1,haoyu0512workout,db_squat,0,6.0,6.2534800729794275,rep_duration_cv
vo2_lag45_96_sets,M4_add_one__rep_duration_cv,1,haoyu0512workout,db_squat,1,9.0,7.692661535997543,rep_duration_cv
vo2_lag45_96_sets,M4_add_one__rep_duration_cv,1,haoyu0512workout,db_squat,2,8.0,8.578000400948538,rep_duration_cv
vo2_lag45_96_sets,M4_add_one__rep_duration_cv,1,haoyu0512workout,db_triceps_curl,0,7.0,6.473535282486026,rep_duration_cv
vo2_lag45_96_sets,M4_add_one__rep_duration_cv,1,haoyu0512workout,db_triceps_curl,1,9.0,8.101765720438959,rep_duration_cv
vo2_lag45_96_sets,M4_add_one__rep_duration_cv,1,haoyu0512workout,db_triceps_curl,2,9.0,9.258939267675668,rep_duration_cv
vo2_lag45_96_sets,M4_add_one__rep_duration_cv,1,haoyu0512workout,db_weighted_crunch,0,6.0,5.569523875147965,rep_duration_cv
vo2_lag45_96_sets,M4_add_one__rep_duration_cv,1,haoyu0512workout,db_weighted_crunch,1,7.0,6.998598148112983,rep_duration_cv
vo2_lag45_96_sets,M4_add_one__rep_duration_cv,1,haoyu0512workout,db_weighted_crunch,2,9.0,7.914742595582831,rep_duration_cv
vo2_lag45_96_sets,M4_add_one__rep_duration_cv,1,haoyu0512workout,one_arm_db_row,0,9.0,6.841237859299515,rep_duration_cv
vo2_lag45_96_sets,M4_add_one__rep_duration_cv,1,haoyu0512workout,one_arm_db_row,1,9.0,8.308816395525099,rep_duration_cv
vo2_lag45_96_sets,M4_add_one__rep_duration_cv,1,haoyu0512workout,one_arm_db_row,2,9.0,9.547904552493678,rep_duration_cv
vo2_lag45_96_sets,M4_add_one__rep_duration_cv,2,yanz0510workout,db_bench_press,2,5.0,6.238679023099289,rep_duration_cv
vo2_lag45_96_sets,M4_add_one__rep_duration_cv,2,yanz0510workout,db_bench_press,3,7.0,7.249768729292689,rep_duration_cv
vo2_lag45_96_sets,M4_add_one__rep_duration_cv,2,yanz0510workout,db_bench_press,4,8.0,7.7164265553768185,rep_duration_cv
vo2_lag45_96_sets,M4_add_one__rep_duration_cv,2,yanz0510workout,db_biceps_curl,0,7.0,7.6925778231571185,rep_duration_cv
vo2_lag45_96_sets,M4_add_one__rep_duration_cv,2,yanz0510workout,db_biceps_curl,1,9.0,8.476436454299522,rep_duration_cv
vo2_lag45_96_sets,M4_add_one__rep_duration_cv,2,yanz0510workout,db_biceps_curl,2,10.0,8.69201704042685,rep_duration_cv
vo2_lag45_96_sets,M4_add_one__rep_duration_cv,2,yanz0510workout,db_rdl,0,5.0,6.584959723530122,rep_duration_cv
vo2_lag45_96_sets,M4_add_one__rep_duration_cv,2,yanz0510workout,db_rdl,1,8.0,7.648518473283948,rep_duration_cv
vo2_lag45_96_sets,M4_add_one__rep_duration_cv,2,yanz0510workout,db_rdl,2,9.0,8.70930294390827,rep_duration_cv
vo2_lag45_96_sets,M4_add_one__rep_duration_cv,2,yanz0510workout,db_shoulder_press,1,8.0,7.183528147067845,rep_duration_cv
vo2_lag45_96_sets,M4_add_one__rep_duration_cv,2,yanz0510workout,db_shoulder_press,2,10.0,7.654351998277745,rep_duration_cv
vo2_lag45_96_sets,M4_add_one__rep_duration_cv,2,yanz0510workout,db_shoulder_press,3,10.0,7.844564145177899,rep_duration_cv
vo2_lag45_96_sets,M4_add_one__rep_duration_cv,2,yanz0510workout,db_squat,0,7.0,5.445994399761814,rep_duration_cv
vo2_lag45_96_sets,M4_add_one__rep_duration_cv,2,yanz0510workout,db_squat,1,8.0,6.372182472845352,rep_duration_cv
vo2_lag45_96_sets,M4_add_one__rep_duration_cv,2,yanz0510workout,db_squat,2,9.0,6.785141155327562,rep_duration_cv
vo2_lag45_96_sets,M4_add_one__rep_duration_cv,2,yanz0510workout,db_triceps_curl,0,7.0,6.382113360226358,rep_duration_cv
vo2_lag45_96_sets,M4_add_one__rep_duration_cv,2,yanz0510workout,db_triceps_curl,2,8.0,6.528607933397533,rep_duration_cv
vo2_lag45_96_sets,M4_add_one__rep_duration_cv,2,yanz0510workout,db_triceps_curl,4,9.0,6.81242909363207,rep_duration_cv
vo2_lag45_96_sets,M4_add_one__rep_duration_cv,2,yanz0510workout,db_weighted_crunch,0,6.0,5.924395125099405,rep_duration_cv
vo2_lag45_96_sets,M4_add_one__rep_duration_cv,2,yanz0510workout,db_weighted_crunch,2,7.0,6.426375998900973,rep_duration_cv
vo2_lag45_96_sets,M4_add_one__rep_duration_cv,2,yanz0510workout,db_weighted_crunch,3,8.0,7.16147850789987,rep_duration_cv
vo2_lag45_96_sets,M4_add_one__rep_duration_cv,2,yanz0510workout,one_arm_db_row,0,6.0,7.407157420359773,rep_duration_cv
vo2_lag45_96_sets,M4_add_one__rep_duration_cv,2,yanz0510workout,one_arm_db_row,1,7.0,8.012474137332182,rep_duration_cv
vo2_lag45_96_sets,M4_add_one__rep_duration_cv,2,yanz0510workout,one_arm_db_row,2,9.0,8.610691623551217,rep_duration_cv
vo2_lag45_96_sets,M4_add_one__rep_duration_cv,3,yoru0511workout,db_bench_press,0,3.0,6.917719182051627,rep_duration_cv
vo2_lag45_96_sets,M4_add_one__rep_duration_cv,3,yoru0511workout,db_bench_press,4,5.0,8.26808637057977,rep_duration_cv
vo2_lag45_96_sets,M4_add_one__rep_duration_cv,3,yoru0511workout,db_bench_press,5,7.0,9.025381326670718,rep_duration_cv
vo2_lag45_96_sets,M4_add_one__rep_duration_cv,3,yoru0511workout,db_biceps_curl,0,6.0,7.929723644911959,rep_duration_cv
vo2_lag45_96_sets,M4_add_one__rep_duration_cv,3,yoru0511workout,db_biceps_curl,1,8.0,8.61355743546279,rep_duration_cv
vo2_lag45_96_sets,M4_add_one__rep_duration_cv,3,yoru0511workout,db_biceps_curl,2,9.0,9.375383135054847,rep_duration_cv
vo2_lag45_96_sets,M4_add_one__rep_duration_cv,3,yoru0511workout,db_rdl,0,6.0,6.90710529837599,rep_duration_cv
vo2_lag45_96_sets,M4_add_one__rep_duration_cv,3,yoru0511workout,db_rdl,1,6.0,7.763343589840175,rep_duration_cv
vo2_lag45_96_sets,M4_add_one__rep_duration_cv,3,yoru0511workout,db_rdl,2,7.0,8.587367991902138,rep_duration_cv
vo2_lag45_96_sets,M4_add_one__rep_duration_cv,3,yoru0511workout,db_shoulder_press,0,7.0,7.903431556244586,rep_duration_cv
vo2_lag45_96_sets,M4_add_one__rep_duration_cv,3,yoru0511workout,db_shoulder_press,1,8.0,8.551202489389835,rep_duration_cv
vo2_lag45_96_sets,M4_add_one__rep_duration_cv,3,yoru0511workout,db_shoulder_press,2,9.0,9.21627977534835,rep_duration_cv
vo2_lag45_96_sets,M4_add_one__rep_duration_cv,3,yoru0511workout,db_squat,0,4.0,6.834164206551819,rep_duration_cv
vo2_lag45_96_sets,M4_add_one__rep_duration_cv,3,yoru0511workout,db_squat,1,5.0,7.616602462855964,rep_duration_cv
vo2_lag45_96_sets,M4_add_one__rep_duration_cv,3,yoru0511workout,db_squat,2,6.0,8.382102853456008,rep_duration_cv
vo2_lag45_96_sets,M4_add_one__rep_duration_cv,3,yoru0511workout,db_triceps_curl,0,5.0,7.115843348212682,rep_duration_cv
vo2_lag45_96_sets,M4_add_one__rep_duration_cv,3,yoru0511workout,db_triceps_curl,1,5.0,7.85154391650615,rep_duration_cv
vo2_lag45_96_sets,M4_add_one__rep_duration_cv,3,yoru0511workout,db_triceps_curl,2,6.0,8.506858828647141,rep_duration_cv
vo2_lag45_96_sets,M4_add_one__rep_duration_cv,3,yoru0511workout,db_weighted_crunch,0,6.0,5.846394928584274,rep_duration_cv
vo2_lag45_96_sets,M4_add_one__rep_duration_cv,3,yoru0511workout,db_weighted_crunch,1,7.0,6.603447676743166,rep_duration_cv
vo2_lag45_96_sets,M4_add_one__rep_duration_cv,3,yoru0511workout,db_weighted_crunch,2,7.0,7.327192587948931,rep_duration_cv
vo2_lag45_96_sets,M4_add_one__rep_duration_cv,3,yoru0511workout,one_arm_db_row,0,5.0,7.517403664243143,rep_duration_cv
vo2_lag45_96_sets,M4_add_one__rep_duration_cv,3,yoru0511workout,one_arm_db_row,2,7.0,8.290329845788696,rep_duration_cv
vo2_lag45_96_sets,M4_add_one__rep_duration_cv,3,yoru0511workout,one_arm_db_row,3,8.0,8.94056751483279,rep_duration_cv
vo2_lag45_96_sets,M4_add_one__rep_duration_cv,4,yushuan0513workout,db_bench_press,0,9.0,5.846934594922982,rep_duration_cv
vo2_lag45_96_sets,M4_add_one__rep_duration_cv,4,yushuan0513workout,db_bench_press,1,10.0,7.073108106126206,rep_duration_cv
vo2_lag45_96_sets,M4_add_one__rep_duration_cv,4,yushuan0513workout,db_bench_press,3,10.0,7.455782538359612,rep_duration_cv
vo2_lag45_96_sets,M4_add_one__rep_duration_cv,4,yushuan0513workout,db_biceps_curl,0,7.0,7.701929839703554,rep_duration_cv
vo2_lag45_96_sets,M4_add_one__rep_duration_cv,4,yushuan0513workout,db_biceps_curl,1,9.0,8.504466481463636,rep_duration_cv
vo2_lag45_96_sets,M4_add_one__rep_duration_cv,4,yushuan0513workout,db_biceps_curl,2,10.0,9.394036067499723,rep_duration_cv
vo2_lag45_96_sets,M4_add_one__rep_duration_cv,4,yushuan0513workout,db_rdl,0,6.0,6.584648762710741,rep_duration_cv
vo2_lag45_96_sets,M4_add_one__rep_duration_cv,4,yushuan0513workout,db_rdl,1,8.0,7.818464467648678,rep_duration_cv
vo2_lag45_96_sets,M4_add_one__rep_duration_cv,4,yushuan0513workout,db_rdl,2,8.0,9.253093743631249,rep_duration_cv
vo2_lag45_96_sets,M4_add_one__rep_duration_cv,4,yushuan0513workout,db_shoulder_press,0,8.0,8.13782211915297,rep_duration_cv
vo2_lag45_96_sets,M4_add_one__rep_duration_cv,4,yushuan0513workout,db_shoulder_press,1,9.0,9.566612851841493,rep_duration_cv
vo2_lag45_96_sets,M4_add_one__rep_duration_cv,4,yushuan0513workout,db_shoulder_press,2,10.0,10.727341398833468,rep_duration_cv
vo2_lag45_96_sets,M4_add_one__rep_duration_cv,4,yushuan0513workout,db_squat,0,6.0,6.228082197561326,rep_duration_cv
vo2_lag45_96_sets,M4_add_one__rep_duration_cv,4,yushuan0513workout,db_squat,1,7.0,7.193439093593721,rep_duration_cv
vo2_lag45_96_sets,M4_add_one__rep_duration_cv,4,yushuan0513workout,db_squat,2,8.0,8.42993952794083,rep_duration_cv
vo2_lag45_96_sets,M4_add_one__rep_duration_cv,4,yushuan0513workout,db_triceps_curl,0,6.0,6.369801002525444,rep_duration_cv
vo2_lag45_96_sets,M4_add_one__rep_duration_cv,4,yushuan0513workout,db_triceps_curl,1,7.0,7.0567886015441,rep_duration_cv
vo2_lag45_96_sets,M4_add_one__rep_duration_cv,4,yushuan0513workout,db_triceps_curl,2,9.0,8.028612288777413,rep_duration_cv
vo2_lag45_96_sets,M4_add_one__rep_duration_cv,4,yushuan0513workout,db_weighted_crunch,0,5.0,6.244329311452372,rep_duration_cv
vo2_lag45_96_sets,M4_add_one__rep_duration_cv,4,yushuan0513workout,db_weighted_crunch,1,6.0,7.384985175739674,rep_duration_cv
vo2_lag45_96_sets,M4_add_one__rep_duration_cv,4,yushuan0513workout,db_weighted_crunch,2,7.0,8.587921618385579,rep_duration_cv
vo2_lag45_96_sets,M4_add_one__rep_duration_cv,4,yushuan0513workout,one_arm_db_row,0,9.0,7.02995736587089,rep_duration_cv
vo2_lag45_96_sets,M4_add_one__rep_duration_cv,4,yushuan0513workout,one_arm_db_row,1,8.0,8.237893271131384,rep_duration_cv
vo2_lag45_96_sets,M4_add_one__rep_duration_cv,4,yushuan0513workout,one_arm_db_row,2,9.0,9.220621014226191,rep_duration_cv
vo2_lag45_96_sets,M4_add_one__movement_rate_cv,1,haoyu0512workout,db_bench_press,0,8.0,6.340733012367021,movement_rate_cv
vo2_lag45_96_sets,M4_add_one__movement_rate_cv,1,haoyu0512workout,db_bench_press,1,9.0,8.92755859270613,movement_rate_cv
vo2_lag45_96_sets,M4_add_one__movement_rate_cv,1,haoyu0512workout,db_bench_press,2,9.0,10.387545560525199,movement_rate_cv
vo2_lag45_96_sets,M4_add_one__movement_rate_cv,1,haoyu0512workout,db_biceps_curl,0,9.0,7.930166960835033,movement_rate_cv
vo2_lag45_96_sets,M4_add_one__movement_rate_cv,1,haoyu0512workout,db_biceps_curl,1,9.0,9.690203639377806,movement_rate_cv
vo2_lag45_96_sets,M4_add_one__movement_rate_cv,1,haoyu0512workout,db_biceps_curl,3,9.0,11.138753327958103,movement_rate_cv
vo2_lag45_96_sets,M4_add_one__movement_rate_cv,1,haoyu0512workout,db_rdl,0,9.0,6.251621780646472,movement_rate_cv
vo2_lag45_96_sets,M4_add_one__movement_rate_cv,1,haoyu0512workout,db_rdl,1,9.0,7.903260635228435,movement_rate_cv
vo2_lag45_96_sets,M4_add_one__movement_rate_cv,1,haoyu0512workout,db_rdl,2,9.0,9.552806516659118,movement_rate_cv
vo2_lag45_96_sets,M4_add_one__movement_rate_cv,1,haoyu0512workout,db_shoulder_press,0,7.0,7.763496593738729,movement_rate_cv
vo2_lag45_96_sets,M4_add_one__movement_rate_cv,1,haoyu0512workout,db_shoulder_press,1,9.0,9.377484430747721,movement_rate_cv
vo2_lag45_96_sets,M4_add_one__movement_rate_cv,1,haoyu0512workout,db_shoulder_press,2,9.0,10.857322608410092,movement_rate_cv
vo2_lag45_96_sets,M4_add_one__movement_rate_cv,1,haoyu0512workout,db_squat,0,6.0,6.186887173036654,movement_rate_cv
vo2_lag45_96_sets,M4_add_one__movement_rate_cv,1,haoyu0512workout,db_squat,1,9.0,7.4554138847142415,movement_rate_cv
vo2_lag45_96_sets,M4_add_one__movement_rate_cv,1,haoyu0512workout,db_squat,2,8.0,8.662375922457601,movement_rate_cv
vo2_lag45_96_sets,M4_add_one__movement_rate_cv,1,haoyu0512workout,db_triceps_curl,0,7.0,6.484210258322006,movement_rate_cv
vo2_lag45_96_sets,M4_add_one__movement_rate_cv,1,haoyu0512workout,db_triceps_curl,1,9.0,7.9569126404850214,movement_rate_cv
vo2_lag45_96_sets,M4_add_one__movement_rate_cv,1,haoyu0512workout,db_triceps_curl,2,9.0,9.282237432780288,movement_rate_cv
vo2_lag45_96_sets,M4_add_one__movement_rate_cv,1,haoyu0512workout,db_weighted_crunch,0,6.0,5.874384201470114,movement_rate_cv
vo2_lag45_96_sets,M4_add_one__movement_rate_cv,1,haoyu0512workout,db_weighted_crunch,1,7.0,7.112715115134256,movement_rate_cv
vo2_lag45_96_sets,M4_add_one__movement_rate_cv,1,haoyu0512workout,db_weighted_crunch,2,9.0,8.376382239330248,movement_rate_cv
vo2_lag45_96_sets,M4_add_one__movement_rate_cv,1,haoyu0512workout,one_arm_db_row,0,9.0,7.083707385945588,movement_rate_cv
vo2_lag45_96_sets,M4_add_one__movement_rate_cv,1,haoyu0512workout,one_arm_db_row,1,9.0,8.580063705760548,movement_rate_cv
vo2_lag45_96_sets,M4_add_one__movement_rate_cv,1,haoyu0512workout,one_arm_db_row,2,9.0,9.676629095873835,movement_rate_cv
vo2_lag45_96_sets,M4_add_one__movement_rate_cv,2,yanz0510workout,db_bench_press,2,5.0,5.820971567741224,movement_rate_cv
vo2_lag45_96_sets,M4_add_one__movement_rate_cv,2,yanz0510workout,db_bench_press,3,7.0,7.288169453315592,movement_rate_cv
vo2_lag45_96_sets,M4_add_one__movement_rate_cv,2,yanz0510workout,db_bench_press,4,8.0,7.298356207750608,movement_rate_cv
vo2_lag45_96_sets,M4_add_one__movement_rate_cv,2,yanz0510workout,db_biceps_curl,0,7.0,7.722402525001192,movement_rate_cv
vo2_lag45_96_sets,M4_add_one__movement_rate_cv,2,yanz0510workout,db_biceps_curl,1,9.0,8.905354933191356,movement_rate_cv
vo2_lag45_96_sets,M4_add_one__movement_rate_cv,2,yanz0510workout,db_biceps_curl,2,10.0,7.945975292004517,movement_rate_cv
vo2_lag45_96_sets,M4_add_one__movement_rate_cv,2,yanz0510workout,db_rdl,0,5.0,6.717667235094013,movement_rate_cv
vo2_lag45_96_sets,M4_add_one__movement_rate_cv,2,yanz0510workout,db_rdl,1,8.0,7.69018297344685,movement_rate_cv
vo2_lag45_96_sets,M4_add_one__movement_rate_cv,2,yanz0510workout,db_rdl,2,9.0,8.631202172837437,movement_rate_cv
vo2_lag45_96_sets,M4_add_one__movement_rate_cv,2,yanz0510workout,db_shoulder_press,1,8.0,7.3250634581724965,movement_rate_cv
vo2_lag45_96_sets,M4_add_one__movement_rate_cv,2,yanz0510workout,db_shoulder_press,2,10.0,7.836866855922593,movement_rate_cv
vo2_lag45_96_sets,M4_add_one__movement_rate_cv,2,yanz0510workout,db_shoulder_press,3,10.0,7.918857640959077,movement_rate_cv
vo2_lag45_96_sets,M4_add_one__movement_rate_cv,2,yanz0510workout,db_squat,0,7.0,5.942572790449502,movement_rate_cv
vo2_lag45_96_sets,M4_add_one__movement_rate_cv,2,yanz0510workout,db_squat,1,8.0,6.822884641920593,movement_rate_cv
vo2_lag45_96_sets,M4_add_one__movement_rate_cv,2,yanz0510workout,db_squat,2,9.0,6.254800126395741,movement_rate_cv
vo2_lag45_96_sets,M4_add_one__movement_rate_cv,2,yanz0510workout,db_triceps_curl,0,7.0,6.924141027645656,movement_rate_cv
vo2_lag45_96_sets,M4_add_one__movement_rate_cv,2,yanz0510workout,db_triceps_curl,2,8.0,6.851034584663751,movement_rate_cv
vo2_lag45_96_sets,M4_add_one__movement_rate_cv,2,yanz0510workout,db_triceps_curl,4,9.0,7.3324242898942105,movement_rate_cv
vo2_lag45_96_sets,M4_add_one__movement_rate_cv,2,yanz0510workout,db_weighted_crunch,0,6.0,6.061776704034324,movement_rate_cv
vo2_lag45_96_sets,M4_add_one__movement_rate_cv,2,yanz0510workout,db_weighted_crunch,2,7.0,6.369154074011012,movement_rate_cv
vo2_lag45_96_sets,M4_add_one__movement_rate_cv,2,yanz0510workout,db_weighted_crunch,3,8.0,7.202564644063487,movement_rate_cv
vo2_lag45_96_sets,M4_add_one__movement_rate_cv,2,yanz0510workout,one_arm_db_row,0,6.0,7.572001106439842,movement_rate_cv
vo2_lag45_96_sets,M4_add_one__movement_rate_cv,2,yanz0510workout,one_arm_db_row,1,7.0,8.277242528297428,movement_rate_cv
vo2_lag45_96_sets,M4_add_one__movement_rate_cv,2,yanz0510workout,one_arm_db_row,2,9.0,8.950930554614986,movement_rate_cv
vo2_lag45_96_sets,M4_add_one__movement_rate_cv,3,yoru0511workout,db_bench_press,0,3.0,7.008829433190578,movement_rate_cv
vo2_lag45_96_sets,M4_add_one__movement_rate_cv,3,yoru0511workout,db_bench_press,4,5.0,8.108773957873456,movement_rate_cv
vo2_lag45_96_sets,M4_add_one__movement_rate_cv,3,yoru0511workout,db_bench_press,5,7.0,8.93951320747107,movement_rate_cv
vo2_lag45_96_sets,M4_add_one__movement_rate_cv,3,yoru0511workout,db_biceps_curl,0,6.0,7.7075734475256965,movement_rate_cv
vo2_lag45_96_sets,M4_add_one__movement_rate_cv,3,yoru0511workout,db_biceps_curl,1,8.0,8.375381876823933,movement_rate_cv
vo2_lag45_96_sets,M4_add_one__movement_rate_cv,3,yoru0511workout,db_biceps_curl,2,9.0,9.031036033113796,movement_rate_cv
vo2_lag45_96_sets,M4_add_one__movement_rate_cv,3,yoru0511workout,db_rdl,0,6.0,6.5935980136310235,movement_rate_cv
vo2_lag45_96_sets,M4_add_one__movement_rate_cv,3,yoru0511workout,db_rdl,1,6.0,7.49679820692026,movement_rate_cv
vo2_lag45_96_sets,M4_add_one__movement_rate_cv,3,yoru0511workout,db_rdl,2,7.0,8.291048262800013,movement_rate_cv
vo2_lag45_96_sets,M4_add_one__movement_rate_cv,3,yoru0511workout,db_shoulder_press,0,7.0,7.656448623831136,movement_rate_cv
vo2_lag45_96_sets,M4_add_one__movement_rate_cv,3,yoru0511workout,db_shoulder_press,1,8.0,8.390589023489055,movement_rate_cv
vo2_lag45_96_sets,M4_add_one__movement_rate_cv,3,yoru0511workout,db_shoulder_press,2,9.0,9.048403650068648,movement_rate_cv
vo2_lag45_96_sets,M4_add_one__movement_rate_cv,3,yoru0511workout,db_squat,0,4.0,6.592944866004956,movement_rate_cv
vo2_lag45_96_sets,M4_add_one__movement_rate_cv,3,yoru0511workout,db_squat,1,5.0,7.329285759368162,movement_rate_cv
vo2_lag45_96_sets,M4_add_one__movement_rate_cv,3,yoru0511workout,db_squat,2,6.0,8.064473585698673,movement_rate_cv
vo2_lag45_96_sets,M4_add_one__movement_rate_cv,3,yoru0511workout,db_triceps_curl,0,5.0,6.905218001442634,movement_rate_cv
vo2_lag45_96_sets,M4_add_one__movement_rate_cv,3,yoru0511workout,db_triceps_curl,1,5.0,7.506284963392504,movement_rate_cv
vo2_lag45_96_sets,M4_add_one__movement_rate_cv,3,yoru0511workout,db_triceps_curl,2,6.0,8.15749052497529,movement_rate_cv
vo2_lag45_96_sets,M4_add_one__movement_rate_cv,3,yoru0511workout,db_weighted_crunch,0,6.0,5.715514736624109,movement_rate_cv
vo2_lag45_96_sets,M4_add_one__movement_rate_cv,3,yoru0511workout,db_weighted_crunch,1,7.0,6.423668032601913,movement_rate_cv
vo2_lag45_96_sets,M4_add_one__movement_rate_cv,3,yoru0511workout,db_weighted_crunch,2,7.0,7.101262266298882,movement_rate_cv
vo2_lag45_96_sets,M4_add_one__movement_rate_cv,3,yoru0511workout,one_arm_db_row,0,5.0,7.148902346638819,movement_rate_cv
vo2_lag45_96_sets,M4_add_one__movement_rate_cv,3,yoru0511workout,one_arm_db_row,2,7.0,7.922217539944868,movement_rate_cv
vo2_lag45_96_sets,M4_add_one__movement_rate_cv,3,yoru0511workout,one_arm_db_row,3,8.0,8.645375432023766,movement_rate_cv
vo2_lag45_96_sets,M4_add_one__movement_rate_cv,4,yushuan0513workout,db_bench_press,0,9.0,5.934762725207555,movement_rate_cv
vo2_lag45_96_sets,M4_add_one__movement_rate_cv,4,yushuan0513workout,db_bench_press,1,10.0,7.0579379791893535,movement_rate_cv
vo2_lag45_96_sets,M4_add_one__movement_rate_cv,4,yushuan0513workout,db_bench_press,3,10.0,6.785094308985315,movement_rate_cv
vo2_lag45_96_sets,M4_add_one__movement_rate_cv,4,yushuan0513workout,db_biceps_curl,0,7.0,8.207528325635588,movement_rate_cv
vo2_lag45_96_sets,M4_add_one__movement_rate_cv,4,yushuan0513workout,db_biceps_curl,1,9.0,8.7655570762926,movement_rate_cv
vo2_lag45_96_sets,M4_add_one__movement_rate_cv,4,yushuan0513workout,db_biceps_curl,2,10.0,9.591443118871393,movement_rate_cv
vo2_lag45_96_sets,M4_add_one__movement_rate_cv,4,yushuan0513workout,db_rdl,0,6.0,6.68880824794034,movement_rate_cv
vo2_lag45_96_sets,M4_add_one__movement_rate_cv,4,yushuan0513workout,db_rdl,1,8.0,7.9036709154889735,movement_rate_cv
vo2_lag45_96_sets,M4_add_one__movement_rate_cv,4,yushuan0513workout,db_rdl,2,8.0,9.087245173423954,movement_rate_cv
vo2_lag45_96_sets,M4_add_one__movement_rate_cv,4,yushuan0513workout,db_shoulder_press,0,8.0,8.01855009449531,movement_rate_cv
vo2_lag45_96_sets,M4_add_one__movement_rate_cv,4,yushuan0513workout,db_shoulder_press,1,9.0,9.225515779856059,movement_rate_cv
vo2_lag45_96_sets,M4_add_one__movement_rate_cv,4,yushuan0513workout,db_shoulder_press,2,10.0,10.43196676801547,movement_rate_cv
vo2_lag45_96_sets,M4_add_one__movement_rate_cv,4,yushuan0513workout,db_squat,0,6.0,6.459881387197352,movement_rate_cv
vo2_lag45_96_sets,M4_add_one__movement_rate_cv,4,yushuan0513workout,db_squat,1,7.0,7.313161814625989,movement_rate_cv
vo2_lag45_96_sets,M4_add_one__movement_rate_cv,4,yushuan0513workout,db_squat,2,8.0,8.38070771516603,movement_rate_cv
vo2_lag45_96_sets,M4_add_one__movement_rate_cv,4,yushuan0513workout,db_triceps_curl,0,6.0,6.251054493944419,movement_rate_cv
vo2_lag45_96_sets,M4_add_one__movement_rate_cv,4,yushuan0513workout,db_triceps_curl,1,7.0,7.28661362512071,movement_rate_cv
vo2_lag45_96_sets,M4_add_one__movement_rate_cv,4,yushuan0513workout,db_triceps_curl,2,9.0,8.162758725282146,movement_rate_cv
vo2_lag45_96_sets,M4_add_one__movement_rate_cv,4,yushuan0513workout,db_weighted_crunch,0,5.0,6.4059321029399,movement_rate_cv
vo2_lag45_96_sets,M4_add_one__movement_rate_cv,4,yushuan0513workout,db_weighted_crunch,1,6.0,7.249362500256115,movement_rate_cv
vo2_lag45_96_sets,M4_add_one__movement_rate_cv,4,yushuan0513workout,db_weighted_crunch,2,7.0,8.387417044649727,movement_rate_cv
vo2_lag45_96_sets,M4_add_one__movement_rate_cv,4,yushuan0513workout,one_arm_db_row,0,9.0,7.010857940395254,movement_rate_cv
vo2_lag45_96_sets,M4_add_one__movement_rate_cv,4,yushuan0513workout,one_arm_db_row,1,8.0,8.133241637917807,movement_rate_cv
vo2_lag45_96_sets,M4_add_one__movement_rate_cv,4,yushuan0513workout,one_arm_db_row,2,9.0,9.583039943712173,movement_rate_cv
vo2_lag45_96_sets,M4_add_one__gyro_diff_gain_last2_vs_first2,1,haoyu0512workout,db_bench_press,0,8.0,6.639084507698972,gyro_diff_gain_last2_vs_first2
vo2_lag45_96_sets,M4_add_one__gyro_diff_gain_last2_vs_first2,1,haoyu0512workout,db_bench_press,1,9.0,8.655312992743013,gyro_diff_gain_last2_vs_first2
vo2_lag45_96_sets,M4_add_one__gyro_diff_gain_last2_vs_first2,1,haoyu0512workout,db_bench_press,2,9.0,10.598370335781725,gyro_diff_gain_last2_vs_first2
vo2_lag45_96_sets,M4_add_one__gyro_diff_gain_last2_vs_first2,1,haoyu0512workout,db_biceps_curl,0,9.0,7.412875162204127,gyro_diff_gain_last2_vs_first2
vo2_lag45_96_sets,M4_add_one__gyro_diff_gain_last2_vs_first2,1,haoyu0512workout,db_biceps_curl,1,9.0,8.816978033002405,gyro_diff_gain_last2_vs_first2
vo2_lag45_96_sets,M4_add_one__gyro_diff_gain_last2_vs_first2,1,haoyu0512workout,db_biceps_curl,3,9.0,9.875135890369922,gyro_diff_gain_last2_vs_first2
vo2_lag45_96_sets,M4_add_one__gyro_diff_gain_last2_vs_first2,1,haoyu0512workout,db_rdl,0,9.0,5.845046881429015,gyro_diff_gain_last2_vs_first2
vo2_lag45_96_sets,M4_add_one__gyro_diff_gain_last2_vs_first2,1,haoyu0512workout,db_rdl,1,9.0,7.400097841157404,gyro_diff_gain_last2_vs_first2
vo2_lag45_96_sets,M4_add_one__gyro_diff_gain_last2_vs_first2,1,haoyu0512workout,db_rdl,2,9.0,9.80401981705144,gyro_diff_gain_last2_vs_first2
vo2_lag45_96_sets,M4_add_one__gyro_diff_gain_last2_vs_first2,1,haoyu0512workout,db_shoulder_press,0,7.0,7.810429190319623,gyro_diff_gain_last2_vs_first2
vo2_lag45_96_sets,M4_add_one__gyro_diff_gain_last2_vs_first2,1,haoyu0512workout,db_shoulder_press,1,9.0,9.248951812628412,gyro_diff_gain_last2_vs_first2
vo2_lag45_96_sets,M4_add_one__gyro_diff_gain_last2_vs_first2,1,haoyu0512workout,db_shoulder_press,2,9.0,11.0961980633894,gyro_diff_gain_last2_vs_first2
vo2_lag45_96_sets,M4_add_one__gyro_diff_gain_last2_vs_first2,1,haoyu0512workout,db_squat,0,6.0,5.83477109917378,gyro_diff_gain_last2_vs_first2
vo2_lag45_96_sets,M4_add_one__gyro_diff_gain_last2_vs_first2,1,haoyu0512workout,db_squat,1,9.0,7.283001641879813,gyro_diff_gain_last2_vs_first2
vo2_lag45_96_sets,M4_add_one__gyro_diff_gain_last2_vs_first2,1,haoyu0512workout,db_squat,2,8.0,8.249100837434877,gyro_diff_gain_last2_vs_first2
vo2_lag45_96_sets,M4_add_one__gyro_diff_gain_last2_vs_first2,1,haoyu0512workout,db_triceps_curl,0,7.0,6.122415220025998,gyro_diff_gain_last2_vs_first2
vo2_lag45_96_sets,M4_add_one__gyro_diff_gain_last2_vs_first2,1,haoyu0512workout,db_triceps_curl,1,9.0,7.933569735380253,gyro_diff_gain_last2_vs_first2
vo2_lag45_96_sets,M4_add_one__gyro_diff_gain_last2_vs_first2,1,haoyu0512workout,db_triceps_curl,2,9.0,9.55253485126408,gyro_diff_gain_last2_vs_first2
vo2_lag45_96_sets,M4_add_one__gyro_diff_gain_last2_vs_first2,1,haoyu0512workout,db_weighted_crunch,0,6.0,5.135434810907697,gyro_diff_gain_last2_vs_first2
vo2_lag45_96_sets,M4_add_one__gyro_diff_gain_last2_vs_first2,1,haoyu0512workout,db_weighted_crunch,1,7.0,6.389840160038594,gyro_diff_gain_last2_vs_first2
vo2_lag45_96_sets,M4_add_one__gyro_diff_gain_last2_vs_first2,1,haoyu0512workout,db_weighted_crunch,2,9.0,7.783600236152255,gyro_diff_gain_last2_vs_first2
vo2_lag45_96_sets,M4_add_one__gyro_diff_gain_last2_vs_first2,1,haoyu0512workout,one_arm_db_row,0,9.0,6.651649607894154,gyro_diff_gain_last2_vs_first2
vo2_lag45_96_sets,M4_add_one__gyro_diff_gain_last2_vs_first2,1,haoyu0512workout,one_arm_db_row,1,9.0,8.142315867438965,gyro_diff_gain_last2_vs_first2
vo2_lag45_96_sets,M4_add_one__gyro_diff_gain_last2_vs_first2,1,haoyu0512workout,one_arm_db_row,2,9.0,9.773511697077335,gyro_diff_gain_last2_vs_first2
vo2_lag45_96_sets,M4_add_one__gyro_diff_gain_last2_vs_first2,2,yanz0510workout,db_bench_press,2,5.0,5.598791699501277,gyro_diff_gain_last2_vs_first2
vo2_lag45_96_sets,M4_add_one__gyro_diff_gain_last2_vs_first2,2,yanz0510workout,db_bench_press,3,7.0,6.672185249278565,gyro_diff_gain_last2_vs_first2
vo2_lag45_96_sets,M4_add_one__gyro_diff_gain_last2_vs_first2,2,yanz0510workout,db_bench_press,4,8.0,7.322534188452781,gyro_diff_gain_last2_vs_first2
vo2_lag45_96_sets,M4_add_one__gyro_diff_gain_last2_vs_first2,2,yanz0510workout,db_biceps_curl,0,7.0,7.725742423799105,gyro_diff_gain_last2_vs_first2
vo2_lag45_96_sets,M4_add_one__gyro_diff_gain_last2_vs_first2,2,yanz0510workout,db_biceps_curl,1,9.0,9.148816553877552,gyro_diff_gain_last2_vs_first2
vo2_lag45_96_sets,M4_add_one__gyro_diff_gain_last2_vs_first2,2,yanz0510workout,db_biceps_curl,2,10.0,8.997585016627976,gyro_diff_gain_last2_vs_first2
vo2_lag45_96_sets,M4_add_one__gyro_diff_gain_last2_vs_first2,2,yanz0510workout,db_rdl,0,5.0,6.318395193087399,gyro_diff_gain_last2_vs_first2
vo2_lag45_96_sets,M4_add_one__gyro_diff_gain_last2_vs_first2,2,yanz0510workout,db_rdl,1,8.0,7.480739860399405,gyro_diff_gain_last2_vs_first2
vo2_lag45_96_sets,M4_add_one__gyro_diff_gain_last2_vs_first2,2,yanz0510workout,db_rdl,2,9.0,8.647872292174224,gyro_diff_gain_last2_vs_first2
vo2_lag45_96_sets,M4_add_one__gyro_diff_gain_last2_vs_first2,2,yanz0510workout,db_shoulder_press,1,8.0,6.750476142408294,gyro_diff_gain_last2_vs_first2
vo2_lag45_96_sets,M4_add_one__gyro_diff_gain_last2_vs_first2,2,yanz0510workout,db_shoulder_press,2,10.0,7.146553969337354,gyro_diff_gain_last2_vs_first2
vo2_lag45_96_sets,M4_add_one__gyro_diff_gain_last2_vs_first2,2,yanz0510workout,db_shoulder_press,3,10.0,7.407502398608156,gyro_diff_gain_last2_vs_first2
vo2_lag45_96_sets,M4_add_one__gyro_diff_gain_last2_vs_first2,2,yanz0510workout,db_squat,0,7.0,5.735919525521816,gyro_diff_gain_last2_vs_first2
vo2_lag45_96_sets,M4_add_one__gyro_diff_gain_last2_vs_first2,2,yanz0510workout,db_squat,1,8.0,6.4579045082040185,gyro_diff_gain_last2_vs_first2
vo2_lag45_96_sets,M4_add_one__gyro_diff_gain_last2_vs_first2,2,yanz0510workout,db_squat,2,9.0,6.5924874314760435,gyro_diff_gain_last2_vs_first2
vo2_lag45_96_sets,M4_add_one__gyro_diff_gain_last2_vs_first2,2,yanz0510workout,db_triceps_curl,0,7.0,5.983475367566408,gyro_diff_gain_last2_vs_first2
vo2_lag45_96_sets,M4_add_one__gyro_diff_gain_last2_vs_first2,2,yanz0510workout,db_triceps_curl,2,8.0,6.568013868717884,gyro_diff_gain_last2_vs_first2
vo2_lag45_96_sets,M4_add_one__gyro_diff_gain_last2_vs_first2,2,yanz0510workout,db_triceps_curl,4,9.0,6.566918191922122,gyro_diff_gain_last2_vs_first2
vo2_lag45_96_sets,M4_add_one__gyro_diff_gain_last2_vs_first2,2,yanz0510workout,db_weighted_crunch,0,6.0,5.675805544304535,gyro_diff_gain_last2_vs_first2
vo2_lag45_96_sets,M4_add_one__gyro_diff_gain_last2_vs_first2,2,yanz0510workout,db_weighted_crunch,2,7.0,6.06274772430167,gyro_diff_gain_last2_vs_first2
vo2_lag45_96_sets,M4_add_one__gyro_diff_gain_last2_vs_first2,2,yanz0510workout,db_weighted_crunch,3,8.0,6.733799893172038,gyro_diff_gain_last2_vs_first2
vo2_lag45_96_sets,M4_add_one__gyro_diff_gain_last2_vs_first2,2,yanz0510workout,one_arm_db_row,0,6.0,7.133846824122522,gyro_diff_gain_last2_vs_first2
vo2_lag45_96_sets,M4_add_one__gyro_diff_gain_last2_vs_first2,2,yanz0510workout,one_arm_db_row,1,7.0,8.068597759055386,gyro_diff_gain_last2_vs_first2
vo2_lag45_96_sets,M4_add_one__gyro_diff_gain_last2_vs_first2,2,yanz0510workout,one_arm_db_row,2,9.0,8.44661927435475,gyro_diff_gain_last2_vs_first2
vo2_lag45_96_sets,M4_add_one__gyro_diff_gain_last2_vs_first2,3,yoru0511workout,db_bench_press,0,3.0,7.015615510709551,gyro_diff_gain_last2_vs_first2
vo2_lag45_96_sets,M4_add_one__gyro_diff_gain_last2_vs_first2,3,yoru0511workout,db_bench_press,4,5.0,8.120983882037317,gyro_diff_gain_last2_vs_first2
vo2_lag45_96_sets,M4_add_one__gyro_diff_gain_last2_vs_first2,3,yoru0511workout,db_bench_press,5,7.0,8.853146110221411,gyro_diff_gain_last2_vs_first2
vo2_lag45_96_sets,M4_add_one__gyro_diff_gain_last2_vs_first2,3,yoru0511workout,db_biceps_curl,0,6.0,7.783653818572005,gyro_diff_gain_last2_vs_first2
vo2_lag45_96_sets,M4_add_one__gyro_diff_gain_last2_vs_first2,3,yoru0511workout,db_biceps_curl,1,8.0,8.449439997500411,gyro_diff_gain_last2_vs_first2
vo2_lag45_96_sets,M4_add_one__gyro_diff_gain_last2_vs_first2,3,yoru0511workout,db_biceps_curl,2,9.0,9.199384904777471,gyro_diff_gain_last2_vs_first2
vo2_lag45_96_sets,M4_add_one__gyro_diff_gain_last2_vs_first2,3,yoru0511workout,db_rdl,0,6.0,6.737420642915397,gyro_diff_gain_last2_vs_first2
vo2_lag45_96_sets,M4_add_one__gyro_diff_gain_last2_vs_first2,3,yoru0511workout,db_rdl,1,6.0,7.563978471604532,gyro_diff_gain_last2_vs_first2
vo2_lag45_96_sets,M4_add_one__gyro_diff_gain_last2_vs_first2,3,yoru0511workout,db_rdl,2,7.0,8.373132360708123,gyro_diff_gain_last2_vs_first2
vo2_lag45_96_sets,M4_add_one__gyro_diff_gain_last2_vs_first2,3,yoru0511workout,db_shoulder_press,0,7.0,7.713915824055227,gyro_diff_gain_last2_vs_first2
vo2_lag45_96_sets,M4_add_one__gyro_diff_gain_last2_vs_first2,3,yoru0511workout,db_shoulder_press,1,8.0,8.424704710507507,gyro_diff_gain_last2_vs_first2
vo2_lag45_96_sets,M4_add_one__gyro_diff_gain_last2_vs_first2,3,yoru0511workout,db_shoulder_press,2,9.0,9.092327230725898,gyro_diff_gain_last2_vs_first2
vo2_lag45_96_sets,M4_add_one__gyro_diff_gain_last2_vs_first2,3,yoru0511workout,db_squat,0,4.0,6.610300021397941,gyro_diff_gain_last2_vs_first2
vo2_lag45_96_sets,M4_add_one__gyro_diff_gain_last2_vs_first2,3,yoru0511workout,db_squat,1,5.0,7.37777148091134,gyro_diff_gain_last2_vs_first2
vo2_lag45_96_sets,M4_add_one__gyro_diff_gain_last2_vs_first2,3,yoru0511workout,db_squat,2,6.0,8.088109997892513,gyro_diff_gain_last2_vs_first2
vo2_lag45_96_sets,M4_add_one__gyro_diff_gain_last2_vs_first2,3,yoru0511workout,db_triceps_curl,0,5.0,6.9954853867002,gyro_diff_gain_last2_vs_first2
vo2_lag45_96_sets,M4_add_one__gyro_diff_gain_last2_vs_first2,3,yoru0511workout,db_triceps_curl,1,5.0,7.529788726532323,gyro_diff_gain_last2_vs_first2
vo2_lag45_96_sets,M4_add_one__gyro_diff_gain_last2_vs_first2,3,yoru0511workout,db_triceps_curl,2,6.0,8.265909823067547,gyro_diff_gain_last2_vs_first2
vo2_lag45_96_sets,M4_add_one__gyro_diff_gain_last2_vs_first2,3,yoru0511workout,db_weighted_crunch,0,6.0,5.8534779338863885,gyro_diff_gain_last2_vs_first2
vo2_lag45_96_sets,M4_add_one__gyro_diff_gain_last2_vs_first2,3,yoru0511workout,db_weighted_crunch,1,7.0,6.55449134185994,gyro_diff_gain_last2_vs_first2
vo2_lag45_96_sets,M4_add_one__gyro_diff_gain_last2_vs_first2,3,yoru0511workout,db_weighted_crunch,2,7.0,7.215941530210253,gyro_diff_gain_last2_vs_first2
vo2_lag45_96_sets,M4_add_one__gyro_diff_gain_last2_vs_first2,3,yoru0511workout,one_arm_db_row,0,5.0,7.300273805512376,gyro_diff_gain_last2_vs_first2
vo2_lag45_96_sets,M4_add_one__gyro_diff_gain_last2_vs_first2,3,yoru0511workout,one_arm_db_row,2,7.0,8.1304213007962,gyro_diff_gain_last2_vs_first2
vo2_lag45_96_sets,M4_add_one__gyro_diff_gain_last2_vs_first2,3,yoru0511workout,one_arm_db_row,3,8.0,8.730122515207182,gyro_diff_gain_last2_vs_first2
vo2_lag45_96_sets,M4_add_one__gyro_diff_gain_last2_vs_first2,4,yushuan0513workout,db_bench_press,0,9.0,5.605532560566483,gyro_diff_gain_last2_vs_first2
vo2_lag45_96_sets,M4_add_one__gyro_diff_gain_last2_vs_first2,4,yushuan0513workout,db_bench_press,1,10.0,6.887849615380346,gyro_diff_gain_last2_vs_first2
vo2_lag45_96_sets,M4_add_one__gyro_diff_gain_last2_vs_first2,4,yushuan0513workout,db_bench_press,3,10.0,7.849508052283789,gyro_diff_gain_last2_vs_first2
vo2_lag45_96_sets,M4_add_one__gyro_diff_gain_last2_vs_first2,4,yushuan0513workout,db_biceps_curl,0,7.0,7.344487389371463,gyro_diff_gain_last2_vs_first2
vo2_lag45_96_sets,M4_add_one__gyro_diff_gain_last2_vs_first2,4,yushuan0513workout,db_biceps_curl,1,9.0,8.29511702190309,gyro_diff_gain_last2_vs_first2
vo2_lag45_96_sets,M4_add_one__gyro_diff_gain_last2_vs_first2,4,yushuan0513workout,db_biceps_curl,2,10.0,9.276337009976087,gyro_diff_gain_last2_vs_first2
vo2_lag45_96_sets,M4_add_one__gyro_diff_gain_last2_vs_first2,4,yushuan0513workout,db_rdl,0,6.0,6.400693333632969,gyro_diff_gain_last2_vs_first2
vo2_lag45_96_sets,M4_add_one__gyro_diff_gain_last2_vs_first2,4,yushuan0513workout,db_rdl,1,8.0,7.592561489070077,gyro_diff_gain_last2_vs_first2
vo2_lag45_96_sets,M4_add_one__gyro_diff_gain_last2_vs_first2,4,yushuan0513workout,db_rdl,2,8.0,9.050593239191569,gyro_diff_gain_last2_vs_first2
vo2_lag45_96_sets,M4_add_one__gyro_diff_gain_last2_vs_first2,4,yushuan0513workout,db_shoulder_press,0,8.0,8.024967085242753,gyro_diff_gain_last2_vs_first2
vo2_lag45_96_sets,M4_add_one__gyro_diff_gain_last2_vs_first2,4,yushuan0513workout,db_shoulder_press,1,9.0,9.410168965460448,gyro_diff_gain_last2_vs_first2
vo2_lag45_96_sets,M4_add_one__gyro_diff_gain_last2_vs_first2,4,yushuan0513workout,db_shoulder_press,2,10.0,10.791530030327094,gyro_diff_gain_last2_vs_first2
vo2_lag45_96_sets,M4_add_one__gyro_diff_gain_last2_vs_first2,4,yushuan0513workout,db_squat,0,6.0,6.034912394473412,gyro_diff_gain_last2_vs_first2
vo2_lag45_96_sets,M4_add_one__gyro_diff_gain_last2_vs_first2,4,yushuan0513workout,db_squat,1,7.0,7.165248053401579,gyro_diff_gain_last2_vs_first2
vo2_lag45_96_sets,M4_add_one__gyro_diff_gain_last2_vs_first2,4,yushuan0513workout,db_squat,2,8.0,8.272586170263619,gyro_diff_gain_last2_vs_first2
vo2_lag45_96_sets,M4_add_one__gyro_diff_gain_last2_vs_first2,4,yushuan0513workout,db_triceps_curl,0,6.0,6.20631014623931,gyro_diff_gain_last2_vs_first2
vo2_lag45_96_sets,M4_add_one__gyro_diff_gain_last2_vs_first2,4,yushuan0513workout,db_triceps_curl,1,7.0,6.9770896855367655,gyro_diff_gain_last2_vs_first2
vo2_lag45_96_sets,M4_add_one__gyro_diff_gain_last2_vs_first2,4,yushuan0513workout,db_triceps_curl,2,9.0,7.935148956009868,gyro_diff_gain_last2_vs_first2
vo2_lag45_96_sets,M4_add_one__gyro_diff_gain_last2_vs_first2,4,yushuan0513workout,db_weighted_crunch,0,5.0,6.309357912618441,gyro_diff_gain_last2_vs_first2
vo2_lag45_96_sets,M4_add_one__gyro_diff_gain_last2_vs_first2,4,yushuan0513workout,db_weighted_crunch,1,6.0,7.295210096421437,gyro_diff_gain_last2_vs_first2
vo2_lag45_96_sets,M4_add_one__gyro_diff_gain_last2_vs_first2,4,yushuan0513workout,db_weighted_crunch,2,7.0,8.669513991690852,gyro_diff_gain_last2_vs_first2
vo2_lag45_96_sets,M4_add_one__gyro_diff_gain_last2_vs_first2,4,yushuan0513workout,one_arm_db_row,0,9.0,6.805058089662779,gyro_diff_gain_last2_vs_first2
vo2_lag45_96_sets,M4_add_one__gyro_diff_gain_last2_vs_first2,4,yushuan0513workout,one_arm_db_row,1,8.0,7.905180413064343,gyro_diff_gain_last2_vs_first2
vo2_lag45_96_sets,M4_add_one__gyro_diff_gain_last2_vs_first2,4,yushuan0513workout,one_arm_db_row,2,9.0,8.936764660600865,gyro_diff_gain_last2_vs_first2
vo2_lag45_96_sets,M4_add_one__gyro_mag_diff_rms_slope,1,haoyu0512workout,db_bench_press,0,8.0,6.611350941840036,gyro_mag_diff_rms_slope
vo2_lag45_96_sets,M4_add_one__gyro_mag_diff_rms_slope,1,haoyu0512workout,db_bench_press,1,9.0,8.59840386081917,gyro_mag_diff_rms_slope
vo2_lag45_96_sets,M4_add_one__gyro_mag_diff_rms_slope,1,haoyu0512workout,db_bench_press,2,9.0,10.386711240336055,gyro_mag_diff_rms_slope
vo2_lag45_96_sets,M4_add_one__gyro_mag_diff_rms_slope,1,haoyu0512workout,db_biceps_curl,0,9.0,7.6805831146671135,gyro_mag_diff_rms_slope
vo2_lag45_96_sets,M4_add_one__gyro_mag_diff_rms_slope,1,haoyu0512workout,db_biceps_curl,1,9.0,9.052204465695247,gyro_mag_diff_rms_slope
vo2_lag45_96_sets,M4_add_one__gyro_mag_diff_rms_slope,1,haoyu0512workout,db_biceps_curl,3,9.0,10.244484913228016,gyro_mag_diff_rms_slope
vo2_lag45_96_sets,M4_add_one__gyro_mag_diff_rms_slope,1,haoyu0512workout,db_rdl,0,9.0,5.96304656067833,gyro_mag_diff_rms_slope
vo2_lag45_96_sets,M4_add_one__gyro_mag_diff_rms_slope,1,haoyu0512workout,db_rdl,1,9.0,7.387472459891083,gyro_mag_diff_rms_slope
vo2_lag45_96_sets,M4_add_one__gyro_mag_diff_rms_slope,1,haoyu0512workout,db_rdl,2,9.0,9.431250968777002,gyro_mag_diff_rms_slope
vo2_lag45_96_sets,M4_add_one__gyro_mag_diff_rms_slope,1,haoyu0512workout,db_shoulder_press,0,7.0,7.79133257209221,gyro_mag_diff_rms_slope
vo2_lag45_96_sets,M4_add_one__gyro_mag_diff_rms_slope,1,haoyu0512workout,db_shoulder_press,1,9.0,9.252105825390627,gyro_mag_diff_rms_slope
vo2_lag45_96_sets,M4_add_one__gyro_mag_diff_rms_slope,1,haoyu0512workout,db_shoulder_press,2,9.0,10.902457783273576,gyro_mag_diff_rms_slope
vo2_lag45_96_sets,M4_add_one__gyro_mag_diff_rms_slope,1,haoyu0512workout,db_squat,0,6.0,5.759602893288014,gyro_mag_diff_rms_slope
vo2_lag45_96_sets,M4_add_one__gyro_mag_diff_rms_slope,1,haoyu0512workout,db_squat,1,9.0,7.217423721734843,gyro_mag_diff_rms_slope
vo2_lag45_96_sets,M4_add_one__gyro_mag_diff_rms_slope,1,haoyu0512workout,db_squat,2,8.0,8.13367390557824,gyro_mag_diff_rms_slope
vo2_lag45_96_sets,M4_add_one__gyro_mag_diff_rms_slope,1,haoyu0512workout,db_triceps_curl,0,7.0,6.320927059320781,gyro_mag_diff_rms_slope
vo2_lag45_96_sets,M4_add_one__gyro_mag_diff_rms_slope,1,haoyu0512workout,db_triceps_curl,1,9.0,7.812857315013284,gyro_mag_diff_rms_slope
vo2_lag45_96_sets,M4_add_one__gyro_mag_diff_rms_slope,1,haoyu0512workout,db_triceps_curl,2,9.0,9.20495217507214,gyro_mag_diff_rms_slope
vo2_lag45_96_sets,M4_add_one__gyro_mag_diff_rms_slope,1,haoyu0512workout,db_weighted_crunch,0,6.0,5.334392765545033,gyro_mag_diff_rms_slope
vo2_lag45_96_sets,M4_add_one__gyro_mag_diff_rms_slope,1,haoyu0512workout,db_weighted_crunch,1,7.0,6.602216906382166,gyro_mag_diff_rms_slope
vo2_lag45_96_sets,M4_add_one__gyro_mag_diff_rms_slope,1,haoyu0512workout,db_weighted_crunch,2,9.0,7.9589485519948875,gyro_mag_diff_rms_slope
vo2_lag45_96_sets,M4_add_one__gyro_mag_diff_rms_slope,1,haoyu0512workout,one_arm_db_row,0,9.0,6.617084329963189,gyro_mag_diff_rms_slope
vo2_lag45_96_sets,M4_add_one__gyro_mag_diff_rms_slope,1,haoyu0512workout,one_arm_db_row,1,9.0,8.298480466477109,gyro_mag_diff_rms_slope
vo2_lag45_96_sets,M4_add_one__gyro_mag_diff_rms_slope,1,haoyu0512workout,one_arm_db_row,2,9.0,9.72646607069727,gyro_mag_diff_rms_slope
vo2_lag45_96_sets,M4_add_one__gyro_mag_diff_rms_slope,2,yanz0510workout,db_bench_press,2,5.0,5.645574081820674,gyro_mag_diff_rms_slope
vo2_lag45_96_sets,M4_add_one__gyro_mag_diff_rms_slope,2,yanz0510workout,db_bench_press,3,7.0,6.6554089550012785,gyro_mag_diff_rms_slope
vo2_lag45_96_sets,M4_add_one__gyro_mag_diff_rms_slope,2,yanz0510workout,db_bench_press,4,8.0,7.079166508311225,gyro_mag_diff_rms_slope
vo2_lag45_96_sets,M4_add_one__gyro_mag_diff_rms_slope,2,yanz0510workout,db_biceps_curl,0,7.0,7.754148074488013,gyro_mag_diff_rms_slope
vo2_lag45_96_sets,M4_add_one__gyro_mag_diff_rms_slope,2,yanz0510workout,db_biceps_curl,1,9.0,8.63233539710868,gyro_mag_diff_rms_slope
vo2_lag45_96_sets,M4_add_one__gyro_mag_diff_rms_slope,2,yanz0510workout,db_biceps_curl,2,10.0,8.799316028662682,gyro_mag_diff_rms_slope
vo2_lag45_96_sets,M4_add_one__gyro_mag_diff_rms_slope,2,yanz0510workout,db_rdl,0,5.0,6.605668981727411,gyro_mag_diff_rms_slope
vo2_lag45_96_sets,M4_add_one__gyro_mag_diff_rms_slope,2,yanz0510workout,db_rdl,1,8.0,8.02377258226185,gyro_mag_diff_rms_slope
vo2_lag45_96_sets,M4_add_one__gyro_mag_diff_rms_slope,2,yanz0510workout,db_rdl,2,9.0,8.868479213139716,gyro_mag_diff_rms_slope
vo2_lag45_96_sets,M4_add_one__gyro_mag_diff_rms_slope,2,yanz0510workout,db_shoulder_press,1,8.0,6.517643066533672,gyro_mag_diff_rms_slope
vo2_lag45_96_sets,M4_add_one__gyro_mag_diff_rms_slope,2,yanz0510workout,db_shoulder_press,2,10.0,7.002850985678033,gyro_mag_diff_rms_slope
vo2_lag45_96_sets,M4_add_one__gyro_mag_diff_rms_slope,2,yanz0510workout,db_shoulder_press,3,10.0,7.191740437423621,gyro_mag_diff_rms_slope
vo2_lag45_96_sets,M4_add_one__gyro_mag_diff_rms_slope,2,yanz0510workout,db_squat,0,7.0,5.6293375335966775,gyro_mag_diff_rms_slope
vo2_lag45_96_sets,M4_add_one__gyro_mag_diff_rms_slope,2,yanz0510workout,db_squat,1,8.0,6.5967655888607135,gyro_mag_diff_rms_slope
vo2_lag45_96_sets,M4_add_one__gyro_mag_diff_rms_slope,2,yanz0510workout,db_squat,2,9.0,6.483675526985501,gyro_mag_diff_rms_slope
vo2_lag45_96_sets,M4_add_one__gyro_mag_diff_rms_slope,2,yanz0510workout,db_triceps_curl,0,7.0,6.021593736302248,gyro_mag_diff_rms_slope
vo2_lag45_96_sets,M4_add_one__gyro_mag_diff_rms_slope,2,yanz0510workout,db_triceps_curl,2,8.0,6.547352333662415,gyro_mag_diff_rms_slope
vo2_lag45_96_sets,M4_add_one__gyro_mag_diff_rms_slope,2,yanz0510workout,db_triceps_curl,4,9.0,6.422825044260533,gyro_mag_diff_rms_slope
vo2_lag45_96_sets,M4_add_one__gyro_mag_diff_rms_slope,2,yanz0510workout,db_weighted_crunch,0,6.0,4.856988863495904,gyro_mag_diff_rms_slope
vo2_lag45_96_sets,M4_add_one__gyro_mag_diff_rms_slope,2,yanz0510workout,db_weighted_crunch,2,7.0,5.645530978271616,gyro_mag_diff_rms_slope
vo2_lag45_96_sets,M4_add_one__gyro_mag_diff_rms_slope,2,yanz0510workout,db_weighted_crunch,3,8.0,6.393366181184062,gyro_mag_diff_rms_slope
vo2_lag45_96_sets,M4_add_one__gyro_mag_diff_rms_slope,2,yanz0510workout,one_arm_db_row,0,6.0,7.0763873694927995,gyro_mag_diff_rms_slope
vo2_lag45_96_sets,M4_add_one__gyro_mag_diff_rms_slope,2,yanz0510workout,one_arm_db_row,1,7.0,8.457129356288675,gyro_mag_diff_rms_slope
vo2_lag45_96_sets,M4_add_one__gyro_mag_diff_rms_slope,2,yanz0510workout,one_arm_db_row,2,9.0,8.36426792238233,gyro_mag_diff_rms_slope
vo2_lag45_96_sets,M4_add_one__gyro_mag_diff_rms_slope,3,yoru0511workout,db_bench_press,0,3.0,7.0015896911080215,gyro_mag_diff_rms_slope
vo2_lag45_96_sets,M4_add_one__gyro_mag_diff_rms_slope,3,yoru0511workout,db_bench_press,4,5.0,8.077283520259048,gyro_mag_diff_rms_slope
vo2_lag45_96_sets,M4_add_one__gyro_mag_diff_rms_slope,3,yoru0511workout,db_bench_press,5,7.0,8.919775531045257,gyro_mag_diff_rms_slope
vo2_lag45_96_sets,M4_add_one__gyro_mag_diff_rms_slope,3,yoru0511workout,db_biceps_curl,0,6.0,7.796420478368929,gyro_mag_diff_rms_slope
vo2_lag45_96_sets,M4_add_one__gyro_mag_diff_rms_slope,3,yoru0511workout,db_biceps_curl,1,8.0,8.45906160603889,gyro_mag_diff_rms_slope
vo2_lag45_96_sets,M4_add_one__gyro_mag_diff_rms_slope,3,yoru0511workout,db_biceps_curl,2,9.0,9.150085875476552,gyro_mag_diff_rms_slope
vo2_lag45_96_sets,M4_add_one__gyro_mag_diff_rms_slope,3,yoru0511workout,db_rdl,0,6.0,6.689356159098207,gyro_mag_diff_rms_slope
vo2_lag45_96_sets,M4_add_one__gyro_mag_diff_rms_slope,3,yoru0511workout,db_rdl,1,6.0,7.594671690054211,gyro_mag_diff_rms_slope
vo2_lag45_96_sets,M4_add_one__gyro_mag_diff_rms_slope,3,yoru0511workout,db_rdl,2,7.0,8.440018452716217,gyro_mag_diff_rms_slope
vo2_lag45_96_sets,M4_add_one__gyro_mag_diff_rms_slope,3,yoru0511workout,db_shoulder_press,0,7.0,7.712262801489788,gyro_mag_diff_rms_slope
vo2_lag45_96_sets,M4_add_one__gyro_mag_diff_rms_slope,3,yoru0511workout,db_shoulder_press,1,8.0,8.35338017817559,gyro_mag_diff_rms_slope
vo2_lag45_96_sets,M4_add_one__gyro_mag_diff_rms_slope,3,yoru0511workout,db_shoulder_press,2,9.0,8.970736746328303,gyro_mag_diff_rms_slope
vo2_lag45_96_sets,M4_add_one__gyro_mag_diff_rms_slope,3,yoru0511workout,db_squat,0,4.0,6.713732895478625,gyro_mag_diff_rms_slope
vo2_lag45_96_sets,M4_add_one__gyro_mag_diff_rms_slope,3,yoru0511workout,db_squat,1,5.0,7.447697286598355,gyro_mag_diff_rms_slope
vo2_lag45_96_sets,M4_add_one__gyro_mag_diff_rms_slope,3,yoru0511workout,db_squat,2,6.0,8.182043177193531,gyro_mag_diff_rms_slope
vo2_lag45_96_sets,M4_add_one__gyro_mag_diff_rms_slope,3,yoru0511workout,db_triceps_curl,0,5.0,6.977357639171585,gyro_mag_diff_rms_slope
vo2_lag45_96_sets,M4_add_one__gyro_mag_diff_rms_slope,3,yoru0511workout,db_triceps_curl,1,5.0,7.658069016312304,gyro_mag_diff_rms_slope
vo2_lag45_96_sets,M4_add_one__gyro_mag_diff_rms_slope,3,yoru0511workout,db_triceps_curl,2,6.0,8.27416238181579,gyro_mag_diff_rms_slope
vo2_lag45_96_sets,M4_add_one__gyro_mag_diff_rms_slope,3,yoru0511workout,db_weighted_crunch,0,6.0,5.698444758629213,gyro_mag_diff_rms_slope
vo2_lag45_96_sets,M4_add_one__gyro_mag_diff_rms_slope,3,yoru0511workout,db_weighted_crunch,1,7.0,6.452349739858764,gyro_mag_diff_rms_slope
vo2_lag45_96_sets,M4_add_one__gyro_mag_diff_rms_slope,3,yoru0511workout,db_weighted_crunch,2,7.0,7.115515147750781,gyro_mag_diff_rms_slope
vo2_lag45_96_sets,M4_add_one__gyro_mag_diff_rms_slope,3,yoru0511workout,one_arm_db_row,0,5.0,7.284190834457012,gyro_mag_diff_rms_slope
vo2_lag45_96_sets,M4_add_one__gyro_mag_diff_rms_slope,3,yoru0511workout,one_arm_db_row,2,7.0,7.982466431776326,gyro_mag_diff_rms_slope
vo2_lag45_96_sets,M4_add_one__gyro_mag_diff_rms_slope,3,yoru0511workout,one_arm_db_row,3,8.0,8.687417803148602,gyro_mag_diff_rms_slope
vo2_lag45_96_sets,M4_add_one__gyro_mag_diff_rms_slope,4,yushuan0513workout,db_bench_press,0,9.0,5.621998724883243,gyro_mag_diff_rms_slope
vo2_lag45_96_sets,M4_add_one__gyro_mag_diff_rms_slope,4,yushuan0513workout,db_bench_press,1,10.0,6.868244138746002,gyro_mag_diff_rms_slope
vo2_lag45_96_sets,M4_add_one__gyro_mag_diff_rms_slope,4,yushuan0513workout,db_bench_press,3,10.0,7.893527372129942,gyro_mag_diff_rms_slope
vo2_lag45_96_sets,M4_add_one__gyro_mag_diff_rms_slope,4,yushuan0513workout,db_biceps_curl,0,7.0,7.444700058784215,gyro_mag_diff_rms_slope
vo2_lag45_96_sets,M4_add_one__gyro_mag_diff_rms_slope,4,yushuan0513workout,db_biceps_curl,1,9.0,8.346239184848764,gyro_mag_diff_rms_slope
vo2_lag45_96_sets,M4_add_one__gyro_mag_diff_rms_slope,4,yushuan0513workout,db_biceps_curl,2,10.0,9.298912193436262,gyro_mag_diff_rms_slope
vo2_lag45_96_sets,M4_add_one__gyro_mag_diff_rms_slope,4,yushuan0513workout,db_rdl,0,6.0,6.4188477309895084,gyro_mag_diff_rms_slope
vo2_lag45_96_sets,M4_add_one__gyro_mag_diff_rms_slope,4,yushuan0513workout,db_rdl,1,8.0,7.538904185239221,gyro_mag_diff_rms_slope
vo2_lag45_96_sets,M4_add_one__gyro_mag_diff_rms_slope,4,yushuan0513workout,db_rdl,2,8.0,9.11202393043392,gyro_mag_diff_rms_slope
vo2_lag45_96_sets,M4_add_one__gyro_mag_diff_rms_slope,4,yushuan0513workout,db_shoulder_press,0,8.0,7.958825840657094,gyro_mag_diff_rms_slope
vo2_lag45_96_sets,M4_add_one__gyro_mag_diff_rms_slope,4,yushuan0513workout,db_shoulder_press,1,9.0,9.422516851005982,gyro_mag_diff_rms_slope
vo2_lag45_96_sets,M4_add_one__gyro_mag_diff_rms_slope,4,yushuan0513workout,db_shoulder_press,2,10.0,10.807153688824116,gyro_mag_diff_rms_slope
vo2_lag45_96_sets,M4_add_one__gyro_mag_diff_rms_slope,4,yushuan0513workout,db_squat,0,6.0,6.028778605964199,gyro_mag_diff_rms_slope
vo2_lag45_96_sets,M4_add_one__gyro_mag_diff_rms_slope,4,yushuan0513workout,db_squat,1,7.0,7.184874051471486,gyro_mag_diff_rms_slope
vo2_lag45_96_sets,M4_add_one__gyro_mag_diff_rms_slope,4,yushuan0513workout,db_squat,2,8.0,8.300318694016841,gyro_mag_diff_rms_slope
vo2_lag45_96_sets,M4_add_one__gyro_mag_diff_rms_slope,4,yushuan0513workout,db_triceps_curl,0,6.0,6.189601114697316,gyro_mag_diff_rms_slope
vo2_lag45_96_sets,M4_add_one__gyro_mag_diff_rms_slope,4,yushuan0513workout,db_triceps_curl,1,7.0,7.043235562561485,gyro_mag_diff_rms_slope
vo2_lag45_96_sets,M4_add_one__gyro_mag_diff_rms_slope,4,yushuan0513workout,db_triceps_curl,2,9.0,7.967480305551063,gyro_mag_diff_rms_slope
vo2_lag45_96_sets,M4_add_one__gyro_mag_diff_rms_slope,4,yushuan0513workout,db_weighted_crunch,0,5.0,6.269910056388907,gyro_mag_diff_rms_slope
vo2_lag45_96_sets,M4_add_one__gyro_mag_diff_rms_slope,4,yushuan0513workout,db_weighted_crunch,1,6.0,7.318268845429468,gyro_mag_diff_rms_slope
vo2_lag45_96_sets,M4_add_one__gyro_mag_diff_rms_slope,4,yushuan0513workout,db_weighted_crunch,2,7.0,8.68309880041333,gyro_mag_diff_rms_slope
vo2_lag45_96_sets,M4_add_one__gyro_mag_diff_rms_slope,4,yushuan0513workout,one_arm_db_row,0,9.0,6.777550661565529,gyro_mag_diff_rms_slope
vo2_lag45_96_sets,M4_add_one__gyro_mag_diff_rms_slope,4,yushuan0513workout,one_arm_db_row,1,8.0,7.94884427457682,gyro_mag_diff_rms_slope
vo2_lag45_96_sets,M4_add_one__gyro_mag_diff_rms_slope,4,yushuan0513workout,one_arm_db_row,2,9.0,8.964213035830712,gyro_mag_diff_rms_slope
vo2_lag45_96_sets,M4_add_one__sim_to_first_slope,1,haoyu0512workout,db_bench_press,0,8.0,7.176653892605458,sim_to_first_slope
vo2_lag45_96_sets,M4_add_one__sim_to_first_slope,1,haoyu0512workout,db_bench_press,1,9.0,8.388902622782933,sim_to_first_slope
vo2_lag45_96_sets,M4_add_one__sim_to_first_slope,1,haoyu0512workout,db_bench_press,2,9.0,10.346581102621695,sim_to_first_slope
vo2_lag45_96_sets,M4_add_one__sim_to_first_slope,1,haoyu0512workout,db_biceps_curl,0,9.0,7.766544420380775,sim_to_first_slope
vo2_lag45_96_sets,M4_add_one__sim_to_first_slope,1,haoyu0512workout,db_biceps_curl,1,9.0,8.90914911916536,sim_to_first_slope
vo2_lag45_96_sets,M4_add_one__sim_to_first_slope,1,haoyu0512workout,db_biceps_curl,3,9.0,10.081233862107052,sim_to_first_slope
vo2_lag45_96_sets,M4_add_one__sim_to_first_slope,1,haoyu0512workout,db_rdl,0,9.0,5.96962288179943,sim_to_first_slope
vo2_lag45_96_sets,M4_add_one__sim_to_first_slope,1,haoyu0512workout,db_rdl,1,9.0,8.303519994180007,sim_to_first_slope
vo2_lag45_96_sets,M4_add_one__sim_to_first_slope,1,haoyu0512workout,db_rdl,2,9.0,8.873486575142222,sim_to_first_slope
vo2_lag45_96_sets,M4_add_one__sim_to_first_slope,1,haoyu0512workout,db_shoulder_press,0,7.0,7.576874938524896,sim_to_first_slope
vo2_lag45_96_sets,M4_add_one__sim_to_first_slope,1,haoyu0512workout,db_shoulder_press,1,9.0,8.78962115892887,sim_to_first_slope
vo2_lag45_96_sets,M4_add_one__sim_to_first_slope,1,haoyu0512workout,db_shoulder_press,2,9.0,10.8773437514682,sim_to_first_slope
vo2_lag45_96_sets,M4_add_one__sim_to_first_slope,1,haoyu0512workout,db_squat,0,6.0,6.043357435302099,sim_to_first_slope
vo2_lag45_96_sets,M4_add_one__sim_to_first_slope,1,haoyu0512workout,db_squat,1,9.0,6.962058847704466,sim_to_first_slope
vo2_lag45_96_sets,M4_add_one__sim_to_first_slope,1,haoyu0512workout,db_squat,2,8.0,8.591984479643468,sim_to_first_slope
vo2_lag45_96_sets,M4_add_one__sim_to_first_slope,1,haoyu0512workout,db_triceps_curl,0,7.0,6.894977810511358,sim_to_first_slope
vo2_lag45_96_sets,M4_add_one__sim_to_first_slope,1,haoyu0512workout,db_triceps_curl,1,9.0,7.803185927299736,sim_to_first_slope
vo2_lag45_96_sets,M4_add_one__sim_to_first_slope,1,haoyu0512workout,db_triceps_curl,2,9.0,9.454737821478385,sim_to_first_slope
vo2_lag45_96_sets,M4_add_one__sim_to_first_slope,1,haoyu0512workout,db_weighted_crunch,0,6.0,6.036320590361609,sim_to_first_slope
vo2_lag45_96_sets,M4_add_one__sim_to_first_slope,1,haoyu0512workout,db_weighted_crunch,1,7.0,6.870620921900117,sim_to_first_slope
vo2_lag45_96_sets,M4_add_one__sim_to_first_slope,1,haoyu0512workout,db_weighted_crunch,2,9.0,7.898845879529524,sim_to_first_slope
vo2_lag45_96_sets,M4_add_one__sim_to_first_slope,1,haoyu0512workout,one_arm_db_row,0,9.0,7.370455816926414,sim_to_first_slope
vo2_lag45_96_sets,M4_add_one__sim_to_first_slope,1,haoyu0512workout,one_arm_db_row,1,9.0,7.596854744332339,sim_to_first_slope
vo2_lag45_96_sets,M4_add_one__sim_to_first_slope,1,haoyu0512workout,one_arm_db_row,2,9.0,10.03352777107595,sim_to_first_slope
vo2_lag45_96_sets,M4_add_one__sim_to_first_slope,2,yanz0510workout,db_bench_press,2,5.0,5.55209718680983,sim_to_first_slope
vo2_lag45_96_sets,M4_add_one__sim_to_first_slope,2,yanz0510workout,db_bench_press,3,7.0,6.484821002744301,sim_to_first_slope
vo2_lag45_96_sets,M4_add_one__sim_to_first_slope,2,yanz0510workout,db_bench_press,4,8.0,7.453807996879474,sim_to_first_slope
vo2_lag45_96_sets,M4_add_one__sim_to_first_slope,2,yanz0510workout,db_biceps_curl,0,7.0,7.808169682705151,sim_to_first_slope
vo2_lag45_96_sets,M4_add_one__sim_to_first_slope,2,yanz0510workout,db_biceps_curl,1,9.0,8.280380720968177,sim_to_first_slope
vo2_lag45_96_sets,M4_add_one__sim_to_first_slope,2,yanz0510workout,db_biceps_curl,2,10.0,8.585666656425353,sim_to_first_slope
vo2_lag45_96_sets,M4_add_one__sim_to_first_slope,2,yanz0510workout,db_rdl,0,5.0,5.840271341498912,sim_to_first_slope
vo2_lag45_96_sets,M4_add_one__sim_to_first_slope,2,yanz0510workout,db_rdl,1,8.0,7.1056523765157,sim_to_first_slope
vo2_lag45_96_sets,M4_add_one__sim_to_first_slope,2,yanz0510workout,db_rdl,2,9.0,8.986630316879259,sim_to_first_slope
vo2_lag45_96_sets,M4_add_one__sim_to_first_slope,2,yanz0510workout,db_shoulder_press,1,8.0,6.362857624020046,sim_to_first_slope
vo2_lag45_96_sets,M4_add_one__sim_to_first_slope,2,yanz0510workout,db_shoulder_press,2,10.0,7.7201961207304,sim_to_first_slope
vo2_lag45_96_sets,M4_add_one__sim_to_first_slope,2,yanz0510workout,db_shoulder_press,3,10.0,7.293827805071114,sim_to_first_slope
vo2_lag45_96_sets,M4_add_one__sim_to_first_slope,2,yanz0510workout,db_squat,0,7.0,5.712624337207172,sim_to_first_slope
vo2_lag45_96_sets,M4_add_one__sim_to_first_slope,2,yanz0510workout,db_squat,1,8.0,6.2201688784161,sim_to_first_slope
vo2_lag45_96_sets,M4_add_one__sim_to_first_slope,2,yanz0510workout,db_squat,2,9.0,7.1321410915948995,sim_to_first_slope
vo2_lag45_96_sets,M4_add_one__sim_to_first_slope,2,yanz0510workout,db_triceps_curl,0,7.0,5.615850344340832,sim_to_first_slope
vo2_lag45_96_sets,M4_add_one__sim_to_first_slope,2,yanz0510workout,db_triceps_curl,2,8.0,6.699955283976224,sim_to_first_slope
vo2_lag45_96_sets,M4_add_one__sim_to_first_slope,2,yanz0510workout,db_triceps_curl,4,9.0,6.367194700317939,sim_to_first_slope
vo2_lag45_96_sets,M4_add_one__sim_to_first_slope,2,yanz0510workout,db_weighted_crunch,0,6.0,6.1180419331047835,sim_to_first_slope
vo2_lag45_96_sets,M4_add_one__sim_to_first_slope,2,yanz0510workout,db_weighted_crunch,2,7.0,6.075831505866635,sim_to_first_slope
vo2_lag45_96_sets,M4_add_one__sim_to_first_slope,2,yanz0510workout,db_weighted_crunch,3,8.0,6.908587395828978,sim_to_first_slope
vo2_lag45_96_sets,M4_add_one__sim_to_first_slope,2,yanz0510workout,one_arm_db_row,0,6.0,7.1951416098723096,sim_to_first_slope
vo2_lag45_96_sets,M4_add_one__sim_to_first_slope,2,yanz0510workout,one_arm_db_row,1,7.0,8.045739767548856,sim_to_first_slope
vo2_lag45_96_sets,M4_add_one__sim_to_first_slope,2,yanz0510workout,one_arm_db_row,2,9.0,8.290877337074976,sim_to_first_slope
vo2_lag45_96_sets,M4_add_one__sim_to_first_slope,3,yoru0511workout,db_bench_press,0,3.0,7.103885965581227,sim_to_first_slope
vo2_lag45_96_sets,M4_add_one__sim_to_first_slope,3,yoru0511workout,db_bench_press,4,5.0,8.201407261871136,sim_to_first_slope
vo2_lag45_96_sets,M4_add_one__sim_to_first_slope,3,yoru0511workout,db_bench_press,5,7.0,9.0355518638525,sim_to_first_slope
vo2_lag45_96_sets,M4_add_one__sim_to_first_slope,3,yoru0511workout,db_biceps_curl,0,6.0,7.7530969359355995,sim_to_first_slope
vo2_lag45_96_sets,M4_add_one__sim_to_first_slope,3,yoru0511workout,db_biceps_curl,1,8.0,8.363961368068036,sim_to_first_slope
vo2_lag45_96_sets,M4_add_one__sim_to_first_slope,3,yoru0511workout,db_biceps_curl,2,9.0,9.34420638139606,sim_to_first_slope
vo2_lag45_96_sets,M4_add_one__sim_to_first_slope,3,yoru0511workout,db_rdl,0,6.0,6.582417049363274,sim_to_first_slope
vo2_lag45_96_sets,M4_add_one__sim_to_first_slope,3,yoru0511workout,db_rdl,1,6.0,7.383821604615551,sim_to_first_slope
vo2_lag45_96_sets,M4_add_one__sim_to_first_slope,3,yoru0511workout,db_rdl,2,7.0,8.394947824678813,sim_to_first_slope
vo2_lag45_96_sets,M4_add_one__sim_to_first_slope,3,yoru0511workout,db_shoulder_press,0,7.0,7.903770202060083,sim_to_first_slope
vo2_lag45_96_sets,M4_add_one__sim_to_first_slope,3,yoru0511workout,db_shoulder_press,1,8.0,8.571155349999213,sim_to_first_slope
vo2_lag45_96_sets,M4_add_one__sim_to_first_slope,3,yoru0511workout,db_shoulder_press,2,9.0,9.341010366836374,sim_to_first_slope
vo2_lag45_96_sets,M4_add_one__sim_to_first_slope,3,yoru0511workout,db_squat,0,4.0,6.601320649390318,sim_to_first_slope
vo2_lag45_96_sets,M4_add_one__sim_to_first_slope,3,yoru0511workout,db_squat,1,5.0,7.089245407236724,sim_to_first_slope
vo2_lag45_96_sets,M4_add_one__sim_to_first_slope,3,yoru0511workout,db_squat,2,6.0,8.183774608644685,sim_to_first_slope
vo2_lag45_96_sets,M4_add_one__sim_to_first_slope,3,yoru0511workout,db_triceps_curl,0,5.0,6.9447140261752685,sim_to_first_slope
vo2_lag45_96_sets,M4_add_one__sim_to_first_slope,3,yoru0511workout,db_triceps_curl,1,5.0,7.3480909827639325,sim_to_first_slope
vo2_lag45_96_sets,M4_add_one__sim_to_first_slope,3,yoru0511workout,db_triceps_curl,2,6.0,8.152826276423282,sim_to_first_slope
vo2_lag45_96_sets,M4_add_one__sim_to_first_slope,3,yoru0511workout,db_weighted_crunch,0,6.0,5.812211408923471,sim_to_first_slope
vo2_lag45_96_sets,M4_add_one__sim_to_first_slope,3,yoru0511workout,db_weighted_crunch,1,7.0,6.5721378278698275,sim_to_first_slope
vo2_lag45_96_sets,M4_add_one__sim_to_first_slope,3,yoru0511workout,db_weighted_crunch,2,7.0,7.077917323169147,sim_to_first_slope
vo2_lag45_96_sets,M4_add_one__sim_to_first_slope,3,yoru0511workout,one_arm_db_row,0,5.0,6.913536177030962,sim_to_first_slope
vo2_lag45_96_sets,M4_add_one__sim_to_first_slope,3,yoru0511workout,one_arm_db_row,2,7.0,7.9790587762076814,sim_to_first_slope
vo2_lag45_96_sets,M4_add_one__sim_to_first_slope,3,yoru0511workout,one_arm_db_row,3,8.0,8.516864307418599,sim_to_first_slope
vo2_lag45_96_sets,M4_add_one__sim_to_first_slope,4,yushuan0513workout,db_bench_press,0,9.0,5.537525569737712,sim_to_first_slope
vo2_lag45_96_sets,M4_add_one__sim_to_first_slope,4,yushuan0513workout,db_bench_press,1,10.0,6.681955401579131,sim_to_first_slope
vo2_lag45_96_sets,M4_add_one__sim_to_first_slope,4,yushuan0513workout,db_bench_press,3,10.0,7.766127155895148,sim_to_first_slope
vo2_lag45_96_sets,M4_add_one__sim_to_first_slope,4,yushuan0513workout,db_biceps_curl,0,7.0,7.488314887155754,sim_to_first_slope
vo2_lag45_96_sets,M4_add_one__sim_to_first_slope,4,yushuan0513workout,db_biceps_curl,1,9.0,8.404682360399041,sim_to_first_slope
vo2_lag45_96_sets,M4_add_one__sim_to_first_slope,4,yushuan0513workout,db_biceps_curl,2,10.0,9.515841645442308,sim_to_first_slope
vo2_lag45_96_sets,M4_add_one__sim_to_first_slope,4,yushuan0513workout,db_rdl,0,6.0,6.433202711323398,sim_to_first_slope
vo2_lag45_96_sets,M4_add_one__sim_to_first_slope,4,yushuan0513workout,db_rdl,1,8.0,7.912618261080501,sim_to_first_slope
vo2_lag45_96_sets,M4_add_one__sim_to_first_slope,4,yushuan0513workout,db_rdl,2,8.0,9.059033449135983,sim_to_first_slope
vo2_lag45_96_sets,M4_add_one__sim_to_first_slope,4,yushuan0513workout,db_shoulder_press,0,8.0,7.732361957126874,sim_to_first_slope
vo2_lag45_96_sets,M4_add_one__sim_to_first_slope,4,yushuan0513workout,db_shoulder_press,1,9.0,9.750439620924183,sim_to_first_slope
vo2_lag45_96_sets,M4_add_one__sim_to_first_slope,4,yushuan0513workout,db_shoulder_press,2,10.0,10.621085198317033,sim_to_first_slope
vo2_lag45_96_sets,M4_add_one__sim_to_first_slope,4,yushuan0513workout,db_squat,0,6.0,6.0931717078561825,sim_to_first_slope
vo2_lag45_96_sets,M4_add_one__sim_to_first_slope,4,yushuan0513workout,db_squat,1,7.0,6.968346550656654,sim_to_first_slope
vo2_lag45_96_sets,M4_add_one__sim_to_first_slope,4,yushuan0513workout,db_squat,2,8.0,7.950027078896501,sim_to_first_slope
vo2_lag45_96_sets,M4_add_one__sim_to_first_slope,4,yushuan0513workout,db_triceps_curl,0,6.0,6.199742227329873,sim_to_first_slope
vo2_lag45_96_sets,M4_add_one__sim_to_first_slope,4,yushuan0513workout,db_triceps_curl,1,7.0,7.086725023269551,sim_to_first_slope
vo2_lag45_96_sets,M4_add_one__sim_to_first_slope,4,yushuan0513workout,db_triceps_curl,2,9.0,7.8500133005913995,sim_to_first_slope
vo2_lag45_96_sets,M4_add_one__sim_to_first_slope,4,yushuan0513workout,db_weighted_crunch,0,5.0,5.890286765635356,sim_to_first_slope
vo2_lag45_96_sets,M4_add_one__sim_to_first_slope,4,yushuan0513workout,db_weighted_crunch,1,6.0,7.078266154596811,sim_to_first_slope
vo2_lag45_96_sets,M4_add_one__sim_to_first_slope,4,yushuan0513workout,db_weighted_crunch,2,7.0,8.467514025827686,sim_to_first_slope
vo2_lag45_96_sets,M4_add_one__sim_to_first_slope,4,yushuan0513workout,one_arm_db_row,0,9.0,7.070284107555288,sim_to_first_slope
vo2_lag45_96_sets,M4_add_one__sim_to_first_slope,4,yushuan0513workout,one_arm_db_row,1,8.0,8.274596219081328,sim_to_first_slope
vo2_lag45_96_sets,M4_add_one__sim_to_first_slope,4,yushuan0513workout,one_arm_db_row,2,9.0,9.14241081281131,sim_to_first_slope
vo2_lag45_96_sets,M4_add_one__pca_diff_rms_mean,1,haoyu0512workout,db_bench_press,0,8.0,7.082064465311031,pca_diff_rms_mean
vo2_lag45_96_sets,M4_add_one__pca_diff_rms_mean,1,haoyu0512workout,db_bench_press,1,9.0,8.661168397287522,pca_diff_rms_mean
vo2_lag45_96_sets,M4_add_one__pca_diff_rms_mean,1,haoyu0512workout,db_bench_press,2,9.0,10.28933520554614,pca_diff_rms_mean
vo2_lag45_96_sets,M4_add_one__pca_diff_rms_mean,1,haoyu0512workout,db_biceps_curl,0,9.0,7.762753664988171,pca_diff_rms_mean
vo2_lag45_96_sets,M4_add_one__pca_diff_rms_mean,1,haoyu0512workout,db_biceps_curl,1,9.0,9.161624527257356,pca_diff_rms_mean
vo2_lag45_96_sets,M4_add_one__pca_diff_rms_mean,1,haoyu0512workout,db_biceps_curl,3,9.0,10.37158962050334,pca_diff_rms_mean
vo2_lag45_96_sets,M4_add_one__pca_diff_rms_mean,1,haoyu0512workout,db_rdl,0,9.0,5.838892570295559,pca_diff_rms_mean
vo2_lag45_96_sets,M4_add_one__pca_diff_rms_mean,1,haoyu0512workout,db_rdl,1,9.0,7.414441302181395,pca_diff_rms_mean
vo2_lag45_96_sets,M4_add_one__pca_diff_rms_mean,1,haoyu0512workout,db_rdl,2,9.0,9.123678564234469,pca_diff_rms_mean
vo2_lag45_96_sets,M4_add_one__pca_diff_rms_mean,1,haoyu0512workout,db_shoulder_press,0,7.0,8.067859959978911,pca_diff_rms_mean
vo2_lag45_96_sets,M4_add_one__pca_diff_rms_mean,1,haoyu0512workout,db_shoulder_press,1,9.0,9.383527041987723,pca_diff_rms_mean
vo2_lag45_96_sets,M4_add_one__pca_diff_rms_mean,1,haoyu0512workout,db_shoulder_press,2,9.0,10.886097451477786,pca_diff_rms_mean
vo2_lag45_96_sets,M4_add_one__pca_diff_rms_mean,1,haoyu0512workout,db_squat,0,6.0,5.799081229371241,pca_diff_rms_mean
vo2_lag45_96_sets,M4_add_one__pca_diff_rms_mean,1,haoyu0512workout,db_squat,1,9.0,7.056027768981736,pca_diff_rms_mean
vo2_lag45_96_sets,M4_add_one__pca_diff_rms_mean,1,haoyu0512workout,db_squat,2,8.0,8.077904793589518,pca_diff_rms_mean
vo2_lag45_96_sets,M4_add_one__pca_diff_rms_mean,1,haoyu0512workout,db_triceps_curl,0,7.0,6.432002986921524,pca_diff_rms_mean
vo2_lag45_96_sets,M4_add_one__pca_diff_rms_mean,1,haoyu0512workout,db_triceps_curl,1,9.0,7.805719494127734,pca_diff_rms_mean
vo2_lag45_96_sets,M4_add_one__pca_diff_rms_mean,1,haoyu0512workout,db_triceps_curl,2,9.0,9.134252194040924,pca_diff_rms_mean
vo2_lag45_96_sets,M4_add_one__pca_diff_rms_mean,1,haoyu0512workout,db_weighted_crunch,0,6.0,5.755927435558942,pca_diff_rms_mean
vo2_lag45_96_sets,M4_add_one__pca_diff_rms_mean,1,haoyu0512workout,db_weighted_crunch,1,7.0,7.007752928148435,pca_diff_rms_mean
vo2_lag45_96_sets,M4_add_one__pca_diff_rms_mean,1,haoyu0512workout,db_weighted_crunch,2,9.0,8.187469352547101,pca_diff_rms_mean
vo2_lag45_96_sets,M4_add_one__pca_diff_rms_mean,1,haoyu0512workout,one_arm_db_row,0,9.0,7.004337880218282,pca_diff_rms_mean
vo2_lag45_96_sets,M4_add_one__pca_diff_rms_mean,1,haoyu0512workout,one_arm_db_row,1,9.0,8.330650993700704,pca_diff_rms_mean
vo2_lag45_96_sets,M4_add_one__pca_diff_rms_mean,1,haoyu0512workout,one_arm_db_row,2,9.0,9.603453105516898,pca_diff_rms_mean
vo2_lag45_96_sets,M4_add_one__pca_diff_rms_mean,2,yanz0510workout,db_bench_press,2,5.0,5.791996108544801,pca_diff_rms_mean
vo2_lag45_96_sets,M4_add_one__pca_diff_rms_mean,2,yanz0510workout,db_bench_press,3,7.0,6.834196358681556,pca_diff_rms_mean
vo2_lag45_96_sets,M4_add_one__pca_diff_rms_mean,2,yanz0510workout,db_bench_press,4,8.0,7.597542677399177,pca_diff_rms_mean
vo2_lag45_96_sets,M4_add_one__pca_diff_rms_mean,2,yanz0510workout,db_biceps_curl,0,7.0,7.682983116663082,pca_diff_rms_mean
vo2_lag45_96_sets,M4_add_one__pca_diff_rms_mean,2,yanz0510workout,db_biceps_curl,1,9.0,8.310172563720434,pca_diff_rms_mean
vo2_lag45_96_sets,M4_add_one__pca_diff_rms_mean,2,yanz0510workout,db_biceps_curl,2,10.0,8.727578136705706,pca_diff_rms_mean
vo2_lag45_96_sets,M4_add_one__pca_diff_rms_mean,2,yanz0510workout,db_rdl,0,5.0,6.333343814336397,pca_diff_rms_mean
vo2_lag45_96_sets,M4_add_one__pca_diff_rms_mean,2,yanz0510workout,db_rdl,1,8.0,7.57810608292945,pca_diff_rms_mean
vo2_lag45_96_sets,M4_add_one__pca_diff_rms_mean,2,yanz0510workout,db_rdl,2,9.0,8.694295426337586,pca_diff_rms_mean
vo2_lag45_96_sets,M4_add_one__pca_diff_rms_mean,2,yanz0510workout,db_shoulder_press,1,8.0,6.795066043592683,pca_diff_rms_mean
vo2_lag45_96_sets,M4_add_one__pca_diff_rms_mean,2,yanz0510workout,db_shoulder_press,2,10.0,7.258360826201212,pca_diff_rms_mean
vo2_lag45_96_sets,M4_add_one__pca_diff_rms_mean,2,yanz0510workout,db_shoulder_press,3,10.0,7.463876022851258,pca_diff_rms_mean
vo2_lag45_96_sets,M4_add_one__pca_diff_rms_mean,2,yanz0510workout,db_squat,0,7.0,5.6630712927689615,pca_diff_rms_mean
vo2_lag45_96_sets,M4_add_one__pca_diff_rms_mean,2,yanz0510workout,db_squat,1,8.0,6.325723265034683,pca_diff_rms_mean
vo2_lag45_96_sets,M4_add_one__pca_diff_rms_mean,2,yanz0510workout,db_squat,2,9.0,6.80423795936723,pca_diff_rms_mean
vo2_lag45_96_sets,M4_add_one__pca_diff_rms_mean,2,yanz0510workout,db_triceps_curl,0,7.0,6.318325671937286,pca_diff_rms_mean
vo2_lag45_96_sets,M4_add_one__pca_diff_rms_mean,2,yanz0510workout,db_triceps_curl,2,8.0,6.493786567072792,pca_diff_rms_mean
vo2_lag45_96_sets,M4_add_one__pca_diff_rms_mean,2,yanz0510workout,db_triceps_curl,4,9.0,6.689120943042587,pca_diff_rms_mean
vo2_lag45_96_sets,M4_add_one__pca_diff_rms_mean,2,yanz0510workout,db_weighted_crunch,0,6.0,5.456294270702903,pca_diff_rms_mean
vo2_lag45_96_sets,M4_add_one__pca_diff_rms_mean,2,yanz0510workout,db_weighted_crunch,2,7.0,6.093604190881242,pca_diff_rms_mean
vo2_lag45_96_sets,M4_add_one__pca_diff_rms_mean,2,yanz0510workout,db_weighted_crunch,3,8.0,6.936314405403577,pca_diff_rms_mean
vo2_lag45_96_sets,M4_add_one__pca_diff_rms_mean,2,yanz0510workout,one_arm_db_row,0,6.0,7.022856809541215,pca_diff_rms_mean
vo2_lag45_96_sets,M4_add_one__pca_diff_rms_mean,2,yanz0510workout,one_arm_db_row,1,7.0,7.779624981874631,pca_diff_rms_mean
vo2_lag45_96_sets,M4_add_one__pca_diff_rms_mean,2,yanz0510workout,one_arm_db_row,2,9.0,8.432003706351788,pca_diff_rms_mean
vo2_lag45_96_sets,M4_add_one__pca_diff_rms_mean,3,yoru0511workout,db_bench_press,0,3.0,6.883786611032994,pca_diff_rms_mean
vo2_lag45_96_sets,M4_add_one__pca_diff_rms_mean,3,yoru0511workout,db_bench_press,4,5.0,7.828337880009498,pca_diff_rms_mean
vo2_lag45_96_sets,M4_add_one__pca_diff_rms_mean,3,yoru0511workout,db_bench_press,5,7.0,8.597225565777299,pca_diff_rms_mean
vo2_lag45_96_sets,M4_add_one__pca_diff_rms_mean,3,yoru0511workout,db_biceps_curl,0,6.0,7.9302540326967845,pca_diff_rms_mean
vo2_lag45_96_sets,M4_add_one__pca_diff_rms_mean,3,yoru0511workout,db_biceps_curl,1,8.0,8.48957124428897,pca_diff_rms_mean
vo2_lag45_96_sets,M4_add_one__pca_diff_rms_mean,3,yoru0511workout,db_biceps_curl,2,9.0,9.170607417996631,pca_diff_rms_mean
vo2_lag45_96_sets,M4_add_one__pca_diff_rms_mean,3,yoru0511workout,db_rdl,0,6.0,6.6534182867915845,pca_diff_rms_mean
vo2_lag45_96_sets,M4_add_one__pca_diff_rms_mean,3,yoru0511workout,db_rdl,1,6.0,7.669884304170855,pca_diff_rms_mean
vo2_lag45_96_sets,M4_add_one__pca_diff_rms_mean,3,yoru0511workout,db_rdl,2,7.0,8.334677783506702,pca_diff_rms_mean
vo2_lag45_96_sets,M4_add_one__pca_diff_rms_mean,3,yoru0511workout,db_shoulder_press,0,7.0,7.501522659130673,pca_diff_rms_mean
vo2_lag45_96_sets,M4_add_one__pca_diff_rms_mean,3,yoru0511workout,db_shoulder_press,1,8.0,8.133070058618754,pca_diff_rms_mean
vo2_lag45_96_sets,M4_add_one__pca_diff_rms_mean,3,yoru0511workout,db_shoulder_press,2,9.0,8.521651987785862,pca_diff_rms_mean
vo2_lag45_96_sets,M4_add_one__pca_diff_rms_mean,3,yoru0511workout,db_squat,0,4.0,6.757785800073664,pca_diff_rms_mean
vo2_lag45_96_sets,M4_add_one__pca_diff_rms_mean,3,yoru0511workout,db_squat,1,5.0,7.6307868323138575,pca_diff_rms_mean
vo2_lag45_96_sets,M4_add_one__pca_diff_rms_mean,3,yoru0511workout,db_squat,2,6.0,8.335543876597013,pca_diff_rms_mean
vo2_lag45_96_sets,M4_add_one__pca_diff_rms_mean,3,yoru0511workout,db_triceps_curl,0,5.0,7.18619002774782,pca_diff_rms_mean
vo2_lag45_96_sets,M4_add_one__pca_diff_rms_mean,3,yoru0511workout,db_triceps_curl,1,5.0,7.722495575876556,pca_diff_rms_mean
vo2_lag45_96_sets,M4_add_one__pca_diff_rms_mean,3,yoru0511workout,db_triceps_curl,2,6.0,8.301115135346967,pca_diff_rms_mean
vo2_lag45_96_sets,M4_add_one__pca_diff_rms_mean,3,yoru0511workout,db_weighted_crunch,0,6.0,6.5018041808607805,pca_diff_rms_mean
vo2_lag45_96_sets,M4_add_one__pca_diff_rms_mean,3,yoru0511workout,db_weighted_crunch,1,7.0,7.164475511536348,pca_diff_rms_mean
vo2_lag45_96_sets,M4_add_one__pca_diff_rms_mean,3,yoru0511workout,db_weighted_crunch,2,7.0,7.83481755726652,pca_diff_rms_mean
vo2_lag45_96_sets,M4_add_one__pca_diff_rms_mean,3,yoru0511workout,one_arm_db_row,0,5.0,7.325312813784776,pca_diff_rms_mean
vo2_lag45_96_sets,M4_add_one__pca_diff_rms_mean,3,yoru0511workout,one_arm_db_row,2,7.0,8.050489338119533,pca_diff_rms_mean
vo2_lag45_96_sets,M4_add_one__pca_diff_rms_mean,3,yoru0511workout,one_arm_db_row,3,8.0,8.676188146639069,pca_diff_rms_mean
vo2_lag45_96_sets,M4_add_one__pca_diff_rms_mean,4,yushuan0513workout,db_bench_press,0,9.0,5.638539383978795,pca_diff_rms_mean
vo2_lag45_96_sets,M4_add_one__pca_diff_rms_mean,4,yushuan0513workout,db_bench_press,1,10.0,6.828278464302182,pca_diff_rms_mean
vo2_lag45_96_sets,M4_add_one__pca_diff_rms_mean,4,yushuan0513workout,db_bench_press,3,10.0,7.755321293784181,pca_diff_rms_mean
vo2_lag45_96_sets,M4_add_one__pca_diff_rms_mean,4,yushuan0513workout,db_biceps_curl,0,7.0,7.42948581660719,pca_diff_rms_mean
vo2_lag45_96_sets,M4_add_one__pca_diff_rms_mean,4,yushuan0513workout,db_biceps_curl,1,9.0,8.299472066901709,pca_diff_rms_mean
vo2_lag45_96_sets,M4_add_one__pca_diff_rms_mean,4,yushuan0513workout,db_biceps_curl,2,10.0,9.215031380585849,pca_diff_rms_mean
vo2_lag45_96_sets,M4_add_one__pca_diff_rms_mean,4,yushuan0513workout,db_rdl,0,6.0,6.484675250521764,pca_diff_rms_mean
vo2_lag45_96_sets,M4_add_one__pca_diff_rms_mean,4,yushuan0513workout,db_rdl,1,8.0,7.470852104647364,pca_diff_rms_mean
vo2_lag45_96_sets,M4_add_one__pca_diff_rms_mean,4,yushuan0513workout,db_rdl,2,8.0,9.125410288420717,pca_diff_rms_mean
vo2_lag45_96_sets,M4_add_one__pca_diff_rms_mean,4,yushuan0513workout,db_shoulder_press,0,8.0,8.081891359818234,pca_diff_rms_mean
vo2_lag45_96_sets,M4_add_one__pca_diff_rms_mean,4,yushuan0513workout,db_shoulder_press,1,9.0,9.601504114618194,pca_diff_rms_mean
vo2_lag45_96_sets,M4_add_one__pca_diff_rms_mean,4,yushuan0513workout,db_shoulder_press,2,10.0,10.960666664905805,pca_diff_rms_mean
vo2_lag45_96_sets,M4_add_one__pca_diff_rms_mean,4,yushuan0513workout,db_squat,0,6.0,5.840497514792453,pca_diff_rms_mean
vo2_lag45_96_sets,M4_add_one__pca_diff_rms_mean,4,yushuan0513workout,db_squat,1,7.0,7.031261547584079,pca_diff_rms_mean
vo2_lag45_96_sets,M4_add_one__pca_diff_rms_mean,4,yushuan0513workout,db_squat,2,8.0,8.180137903792913,pca_diff_rms_mean
vo2_lag45_96_sets,M4_add_one__pca_diff_rms_mean,4,yushuan0513workout,db_triceps_curl,0,6.0,5.687398190991729,pca_diff_rms_mean
vo2_lag45_96_sets,M4_add_one__pca_diff_rms_mean,4,yushuan0513workout,db_triceps_curl,1,7.0,6.9039898997781375,pca_diff_rms_mean
vo2_lag45_96_sets,M4_add_one__pca_diff_rms_mean,4,yushuan0513workout,db_triceps_curl,2,9.0,7.811074211574552,pca_diff_rms_mean
vo2_lag45_96_sets,M4_add_one__pca_diff_rms_mean,4,yushuan0513workout,db_weighted_crunch,0,5.0,5.349078083980659,pca_diff_rms_mean
vo2_lag45_96_sets,M4_add_one__pca_diff_rms_mean,4,yushuan0513workout,db_weighted_crunch,1,6.0,7.016352958153736,pca_diff_rms_mean
vo2_lag45_96_sets,M4_add_one__pca_diff_rms_mean,4,yushuan0513workout,db_weighted_crunch,2,7.0,8.303486227081986,pca_diff_rms_mean
vo2_lag45_96_sets,M4_add_one__pca_diff_rms_mean,4,yushuan0513workout,one_arm_db_row,0,9.0,6.769012166849476,pca_diff_rms_mean
vo2_lag45_96_sets,M4_add_one__pca_diff_rms_mean,4,yushuan0513workout,one_arm_db_row,1,8.0,8.002495768751558,pca_diff_rms_mean
vo2_lag45_96_sets,M4_add_one__pca_diff_rms_mean,4,yushuan0513workout,one_arm_db_row,2,9.0,9.093519814294158,pca_diff_rms_mean
vo2_lag45_96_sets,M4_add_one__vo2_mean,1,haoyu0512workout,db_bench_press,0,8.0,6.829953060101486,vo2_mean
vo2_lag45_96_sets,M4_add_one__vo2_mean,1,haoyu0512workout,db_bench_press,1,9.0,8.432485249672913,vo2_mean
vo2_lag45_96_sets,M4_add_one__vo2_mean,1,haoyu0512workout,db_bench_press,2,9.0,9.887193985745636,vo2_mean
vo2_lag45_96_sets,M4_add_one__vo2_mean,1,haoyu0512workout,db_biceps_curl,0,9.0,7.779582547867213,vo2_mean
vo2_lag45_96_sets,M4_add_one__vo2_mean,1,haoyu0512workout,db_biceps_curl,1,9.0,9.051188552106579,vo2_mean
vo2_lag45_96_sets,M4_add_one__vo2_mean,1,haoyu0512workout,db_biceps_curl,3,9.0,10.496548711852327,vo2_mean
vo2_lag45_96_sets,M4_add_one__vo2_mean,1,haoyu0512workout,db_rdl,0,9.0,5.618962790844682,vo2_mean
vo2_lag45_96_sets,M4_add_one__vo2_mean,1,haoyu0512workout,db_rdl,1,9.0,7.1241873861082015,vo2_mean
vo2_lag45_96_sets,M4_add_one__vo2_mean,1,haoyu0512workout,db_rdl,2,9.0,8.796526194258279,vo2_mean
vo2_lag45_96_sets,M4_add_one__vo2_mean,1,haoyu0512workout,db_shoulder_press,0,7.0,8.109739403375954,vo2_mean
vo2_lag45_96_sets,M4_add_one__vo2_mean,1,haoyu0512workout,db_shoulder_press,1,9.0,9.429530877620927,vo2_mean
vo2_lag45_96_sets,M4_add_one__vo2_mean,1,haoyu0512workout,db_shoulder_press,2,9.0,10.902578847337072,vo2_mean
vo2_lag45_96_sets,M4_add_one__vo2_mean,1,haoyu0512workout,db_squat,0,6.0,5.788173423963766,vo2_mean
vo2_lag45_96_sets,M4_add_one__vo2_mean,1,haoyu0512workout,db_squat,1,9.0,6.979121956266316,vo2_mean
vo2_lag45_96_sets,M4_add_one__vo2_mean,1,haoyu0512workout,db_squat,2,8.0,7.970369812373712,vo2_mean
vo2_lag45_96_sets,M4_add_one__vo2_mean,1,haoyu0512workout,db_triceps_curl,0,7.0,6.278436655114195,vo2_mean
vo2_lag45_96_sets,M4_add_one__vo2_mean,1,haoyu0512workout,db_triceps_curl,1,9.0,7.729569077908566,vo2_mean
vo2_lag45_96_sets,M4_add_one__vo2_mean,1,haoyu0512workout,db_triceps_curl,2,9.0,9.073505427259242,vo2_mean
vo2_lag45_96_sets,M4_add_one__vo2_mean,1,haoyu0512workout,db_weighted_crunch,0,6.0,5.581257797537168,vo2_mean
vo2_lag45_96_sets,M4_add_one__vo2_mean,1,haoyu0512workout,db_weighted_crunch,1,7.0,6.86938942717744,vo2_mean
vo2_lag45_96_sets,M4_add_one__vo2_mean,1,haoyu0512workout,db_weighted_crunch,2,9.0,8.009114140524046,vo2_mean
vo2_lag45_96_sets,M4_add_one__vo2_mean,1,haoyu0512workout,one_arm_db_row,0,9.0,6.763798567447077,vo2_mean
vo2_lag45_96_sets,M4_add_one__vo2_mean,1,haoyu0512workout,one_arm_db_row,1,9.0,8.037207006547215,vo2_mean
vo2_lag45_96_sets,M4_add_one__vo2_mean,1,haoyu0512workout,one_arm_db_row,2,9.0,9.196940457400649,vo2_mean
vo2_lag45_96_sets,M4_add_one__vo2_mean,2,yanz0510workout,db_bench_press,2,5.0,5.735267312544007,vo2_mean
vo2_lag45_96_sets,M4_add_one__vo2_mean,2,yanz0510workout,db_bench_press,3,7.0,6.753009901179723,vo2_mean
vo2_lag45_96_sets,M4_add_one__vo2_mean,2,yanz0510workout,db_bench_press,4,8.0,7.45542815199376,vo2_mean
vo2_lag45_96_sets,M4_add_one__vo2_mean,2,yanz0510workout,db_biceps_curl,0,7.0,7.58712932973897,vo2_mean
vo2_lag45_96_sets,M4_add_one__vo2_mean,2,yanz0510workout,db_biceps_curl,1,9.0,8.11695849120185,vo2_mean
vo2_lag45_96_sets,M4_add_one__vo2_mean,2,yanz0510workout,db_biceps_curl,2,10.0,8.686645136586785,vo2_mean
vo2_lag45_96_sets,M4_add_one__vo2_mean,2,yanz0510workout,db_rdl,0,5.0,6.134764217038984,vo2_mean
vo2_lag45_96_sets,M4_add_one__vo2_mean,2,yanz0510workout,db_rdl,1,8.0,7.1955253900380995,vo2_mean
vo2_lag45_96_sets,M4_add_one__vo2_mean,2,yanz0510workout,db_rdl,2,9.0,8.617306996297977,vo2_mean
vo2_lag45_96_sets,M4_add_one__vo2_mean,2,yanz0510workout,db_shoulder_press,1,8.0,6.846870564738039,vo2_mean
vo2_lag45_96_sets,M4_add_one__vo2_mean,2,yanz0510workout,db_shoulder_press,2,10.0,7.04393764696867,vo2_mean
vo2_lag45_96_sets,M4_add_one__vo2_mean,2,yanz0510workout,db_shoulder_press,3,10.0,7.325899679448297,vo2_mean
vo2_lag45_96_sets,M4_add_one__vo2_mean,2,yanz0510workout,db_squat,0,7.0,5.6816625474244296,vo2_mean
vo2_lag45_96_sets,M4_add_one__vo2_mean,2,yanz0510workout,db_squat,1,8.0,6.279791366423369,vo2_mean
vo2_lag45_96_sets,M4_add_one__vo2_mean,2,yanz0510workout,db_squat,2,9.0,6.534678988868276,vo2_mean
vo2_lag45_96_sets,M4_add_one__vo2_mean,2,yanz0510workout,db_triceps_curl,0,7.0,6.129476331607634,vo2_mean
vo2_lag45_96_sets,M4_add_one__vo2_mean,2,yanz0510workout,db_triceps_curl,2,8.0,6.48053587434908,vo2_mean
vo2_lag45_96_sets,M4_add_one__vo2_mean,2,yanz0510workout,db_triceps_curl,4,9.0,6.328591013172758,vo2_mean
vo2_lag45_96_sets,M4_add_one__vo2_mean,2,yanz0510workout,db_weighted_crunch,0,6.0,5.551326033425764,vo2_mean
vo2_lag45_96_sets,M4_add_one__vo2_mean,2,yanz0510workout,db_weighted_crunch,2,7.0,6.179738956585458,vo2_mean
vo2_lag45_96_sets,M4_add_one__vo2_mean,2,yanz0510workout,db_weighted_crunch,3,8.0,6.938565005077255,vo2_mean
vo2_lag45_96_sets,M4_add_one__vo2_mean,2,yanz0510workout,one_arm_db_row,0,6.0,7.184158494483021,vo2_mean
vo2_lag45_96_sets,M4_add_one__vo2_mean,2,yanz0510workout,one_arm_db_row,1,7.0,7.737108241202449,vo2_mean
vo2_lag45_96_sets,M4_add_one__vo2_mean,2,yanz0510workout,one_arm_db_row,2,9.0,8.355546972858479,vo2_mean
vo2_lag45_96_sets,M4_add_one__vo2_mean,3,yoru0511workout,db_bench_press,0,3.0,6.95612552001678,vo2_mean
vo2_lag45_96_sets,M4_add_one__vo2_mean,3,yoru0511workout,db_bench_press,4,5.0,8.023643195755373,vo2_mean
vo2_lag45_96_sets,M4_add_one__vo2_mean,3,yoru0511workout,db_bench_press,5,7.0,8.777842061243614,vo2_mean
vo2_lag45_96_sets,M4_add_one__vo2_mean,3,yoru0511workout,db_biceps_curl,0,6.0,8.024095983878244,vo2_mean
vo2_lag45_96_sets,M4_add_one__vo2_mean,3,yoru0511workout,db_biceps_curl,1,8.0,8.46826676489771,vo2_mean
vo2_lag45_96_sets,M4_add_one__vo2_mean,3,yoru0511workout,db_biceps_curl,2,9.0,9.196946343708392,vo2_mean
vo2_lag45_96_sets,M4_add_one__vo2_mean,3,yoru0511workout,db_rdl,0,6.0,6.562971587374683,vo2_mean
vo2_lag45_96_sets,M4_add_one__vo2_mean,3,yoru0511workout,db_rdl,1,6.0,7.639748435671142,vo2_mean
vo2_lag45_96_sets,M4_add_one__vo2_mean,3,yoru0511workout,db_rdl,2,7.0,8.52443110301258,vo2_mean
vo2_lag45_96_sets,M4_add_one__vo2_mean,3,yoru0511workout,db_shoulder_press,0,7.0,7.920266608282761,vo2_mean
vo2_lag45_96_sets,M4_add_one__vo2_mean,3,yoru0511workout,db_shoulder_press,1,8.0,8.539506490195249,vo2_mean
vo2_lag45_96_sets,M4_add_one__vo2_mean,3,yoru0511workout,db_shoulder_press,2,9.0,9.399401845710344,vo2_mean
vo2_lag45_96_sets,M4_add_one__vo2_mean,3,yoru0511workout,db_squat,0,4.0,7.169591320065472,vo2_mean
vo2_lag45_96_sets,M4_add_one__vo2_mean,3,yoru0511workout,db_squat,1,5.0,7.589241445945839,vo2_mean
vo2_lag45_96_sets,M4_add_one__vo2_mean,3,yoru0511workout,db_squat,2,6.0,8.465883497825061,vo2_mean
vo2_lag45_96_sets,M4_add_one__vo2_mean,3,yoru0511workout,db_triceps_curl,0,5.0,7.091688488000865,vo2_mean
vo2_lag45_96_sets,M4_add_one__vo2_mean,3,yoru0511workout,db_triceps_curl,1,5.0,7.817754694364033,vo2_mean
vo2_lag45_96_sets,M4_add_one__vo2_mean,3,yoru0511workout,db_triceps_curl,2,6.0,8.526459952797852,vo2_mean
vo2_lag45_96_sets,M4_add_one__vo2_mean,3,yoru0511workout,db_weighted_crunch,0,6.0,5.798283646785308,vo2_mean
vo2_lag45_96_sets,M4_add_one__vo2_mean,3,yoru0511workout,db_weighted_crunch,1,7.0,6.654731417325246,vo2_mean
vo2_lag45_96_sets,M4_add_one__vo2_mean,3,yoru0511workout,db_weighted_crunch,2,7.0,7.324476974949324,vo2_mean
vo2_lag45_96_sets,M4_add_one__vo2_mean,3,yoru0511workout,one_arm_db_row,0,5.0,7.198948515393489,vo2_mean
vo2_lag45_96_sets,M4_add_one__vo2_mean,3,yoru0511workout,one_arm_db_row,2,7.0,7.799742943438099,vo2_mean
vo2_lag45_96_sets,M4_add_one__vo2_mean,3,yoru0511workout,one_arm_db_row,3,8.0,8.711087453654619,vo2_mean
vo2_lag45_96_sets,M4_add_one__vo2_mean,4,yushuan0513workout,db_bench_press,0,9.0,5.513496516050279,vo2_mean
vo2_lag45_96_sets,M4_add_one__vo2_mean,4,yushuan0513workout,db_bench_press,1,10.0,6.8164957393539956,vo2_mean
vo2_lag45_96_sets,M4_add_one__vo2_mean,4,yushuan0513workout,db_bench_press,3,10.0,7.788141768158963,vo2_mean
vo2_lag45_96_sets,M4_add_one__vo2_mean,4,yushuan0513workout,db_biceps_curl,0,7.0,7.4541283821213815,vo2_mean
vo2_lag45_96_sets,M4_add_one__vo2_mean,4,yushuan0513workout,db_biceps_curl,1,9.0,8.386758186139755,vo2_mean
vo2_lag45_96_sets,M4_add_one__vo2_mean,4,yushuan0513workout,db_biceps_curl,2,10.0,9.37623589201435,vo2_mean
vo2_lag45_96_sets,M4_add_one__vo2_mean,4,yushuan0513workout,db_rdl,0,6.0,6.494080289711098,vo2_mean
vo2_lag45_96_sets,M4_add_one__vo2_mean,4,yushuan0513workout,db_rdl,1,8.0,7.914677509283606,vo2_mean
vo2_lag45_96_sets,M4_add_one__vo2_mean,4,yushuan0513workout,db_rdl,2,8.0,9.31537142522197,vo2_mean
vo2_lag45_96_sets,M4_add_one__vo2_mean,4,yushuan0513workout,db_shoulder_press,0,8.0,7.940195226299245,vo2_mean
vo2_lag45_96_sets,M4_add_one__vo2_mean,4,yushuan0513workout,db_shoulder_press,1,9.0,9.537231510713022,vo2_mean
vo2_lag45_96_sets,M4_add_one__vo2_mean,4,yushuan0513workout,db_shoulder_press,2,10.0,10.934956658084472,vo2_mean
vo2_lag45_96_sets,M4_add_one__vo2_mean,4,yushuan0513workout,db_squat,0,6.0,6.113772808057959,vo2_mean
vo2_lag45_96_sets,M4_add_one__vo2_mean,4,yushuan0513workout,db_squat,1,7.0,7.23566163340634,vo2_mean
vo2_lag45_96_sets,M4_add_one__vo2_mean,4,yushuan0513workout,db_squat,2,8.0,8.310202723557532,vo2_mean
vo2_lag45_96_sets,M4_add_one__vo2_mean,4,yushuan0513workout,db_triceps_curl,0,6.0,6.187604029975214,vo2_mean
vo2_lag45_96_sets,M4_add_one__vo2_mean,4,yushuan0513workout,db_triceps_curl,1,7.0,7.08932453601753,vo2_mean
vo2_lag45_96_sets,M4_add_one__vo2_mean,4,yushuan0513workout,db_triceps_curl,2,9.0,8.03709629776433,vo2_mean
vo2_lag45_96_sets,M4_add_one__vo2_mean,4,yushuan0513workout,db_weighted_crunch,0,5.0,6.082497091672858,vo2_mean
vo2_lag45_96_sets,M4_add_one__vo2_mean,4,yushuan0513workout,db_weighted_crunch,1,6.0,7.397148112016769,vo2_mean
vo2_lag45_96_sets,M4_add_one__vo2_mean,4,yushuan0513workout,db_weighted_crunch,2,7.0,8.660128796676094,vo2_mean
vo2_lag45_96_sets,M4_add_one__vo2_mean,4,yushuan0513workout,one_arm_db_row,0,9.0,6.884813326026239,vo2_mean
vo2_lag45_96_sets,M4_add_one__vo2_mean,4,yushuan0513workout,one_arm_db_row,1,8.0,8.087325304633403,vo2_mean
vo2_lag45_96_sets,M4_add_one__vo2_mean,4,yushuan0513workout,one_arm_db_row,2,9.0,9.113210010723384,vo2_mean
vo2_lag45_96_sets,M4_add_one__vo2_peak,1,haoyu0512workout,db_bench_press,0,8.0,6.974206085165616,vo2_peak
vo2_lag45_96_sets,M4_add_one__vo2_peak,1,haoyu0512workout,db_bench_press,1,9.0,8.711257507339115,vo2_peak
vo2_lag45_96_sets,M4_add_one__vo2_peak,1,haoyu0512workout,db_bench_press,2,9.0,10.288337830123048,vo2_peak
vo2_lag45_96_sets,M4_add_one__vo2_peak,1,haoyu0512workout,db_biceps_curl,0,9.0,7.742738154469205,vo2_peak
vo2_lag45_96_sets,M4_add_one__vo2_peak,1,haoyu0512workout,db_biceps_curl,1,9.0,9.087475336317288,vo2_peak
vo2_lag45_96_sets,M4_add_one__vo2_peak,1,haoyu0512workout,db_biceps_curl,3,9.0,10.404846704398892,vo2_peak
vo2_lag45_96_sets,M4_add_one__vo2_peak,1,haoyu0512workout,db_rdl,0,9.0,5.817867544183139,vo2_peak
vo2_lag45_96_sets,M4_add_one__vo2_peak,1,haoyu0512workout,db_rdl,1,9.0,7.372576307298263,vo2_peak
vo2_lag45_96_sets,M4_add_one__vo2_peak,1,haoyu0512workout,db_rdl,2,9.0,9.063102817100201,vo2_peak
vo2_lag45_96_sets,M4_add_one__vo2_peak,1,haoyu0512workout,db_shoulder_press,0,7.0,7.973910419312488,vo2_peak
vo2_lag45_96_sets,M4_add_one__vo2_peak,1,haoyu0512workout,db_shoulder_press,1,9.0,9.350870882005594,vo2_peak
vo2_lag45_96_sets,M4_add_one__vo2_peak,1,haoyu0512workout,db_shoulder_press,2,9.0,10.863233541104313,vo2_peak
vo2_lag45_96_sets,M4_add_one__vo2_peak,1,haoyu0512workout,db_squat,0,6.0,5.828370339615624,vo2_peak
vo2_lag45_96_sets,M4_add_one__vo2_peak,1,haoyu0512workout,db_squat,1,9.0,7.026297981212807,vo2_peak
vo2_lag45_96_sets,M4_add_one__vo2_peak,1,haoyu0512workout,db_squat,2,8.0,8.079428240425667,vo2_peak
vo2_lag45_96_sets,M4_add_one__vo2_peak,1,haoyu0512workout,db_triceps_curl,0,7.0,6.234001006841605,vo2_peak
vo2_lag45_96_sets,M4_add_one__vo2_peak,1,haoyu0512workout,db_triceps_curl,1,9.0,7.745702728505879,vo2_peak
vo2_lag45_96_sets,M4_add_one__vo2_peak,1,haoyu0512workout,db_triceps_curl,2,9.0,9.086547429885009,vo2_peak
vo2_lag45_96_sets,M4_add_one__vo2_peak,1,haoyu0512workout,db_weighted_crunch,0,6.0,5.51434666342106,vo2_peak
vo2_lag45_96_sets,M4_add_one__vo2_peak,1,haoyu0512workout,db_weighted_crunch,1,7.0,6.809821598029717,vo2_peak
vo2_lag45_96_sets,M4_add_one__vo2_peak,1,haoyu0512workout,db_weighted_crunch,2,9.0,8.02071632566086,vo2_peak
vo2_lag45_96_sets,M4_add_one__vo2_peak,1,haoyu0512workout,one_arm_db_row,0,9.0,6.843309124827937,vo2_peak
vo2_lag45_96_sets,M4_add_one__vo2_peak,1,haoyu0512workout,one_arm_db_row,1,9.0,8.230316270600236,vo2_peak
vo2_lag45_96_sets,M4_add_one__vo2_peak,1,haoyu0512workout,one_arm_db_row,2,9.0,9.50364856132419,vo2_peak
vo2_lag45_96_sets,M4_add_one__vo2_peak,2,yanz0510workout,db_bench_press,2,5.0,5.616016911153369,vo2_peak
vo2_lag45_96_sets,M4_add_one__vo2_peak,2,yanz0510workout,db_bench_press,3,7.0,6.718048416432448,vo2_peak
vo2_lag45_96_sets,M4_add_one__vo2_peak,2,yanz0510workout,db_bench_press,4,8.0,6.771763684994705,vo2_peak
vo2_lag45_96_sets,M4_add_one__vo2_peak,2,yanz0510workout,db_biceps_curl,0,7.0,7.645846909672564,vo2_peak
vo2_lag45_96_sets,M4_add_one__vo2_peak,2,yanz0510workout,db_biceps_curl,1,9.0,7.923474894211859,vo2_peak
vo2_lag45_96_sets,M4_add_one__vo2_peak,2,yanz0510workout,db_biceps_curl,2,10.0,8.741994746006625,vo2_peak
vo2_lag45_96_sets,M4_add_one__vo2_peak,2,yanz0510workout,db_rdl,0,5.0,5.975670226447967,vo2_peak
vo2_lag45_96_sets,M4_add_one__vo2_peak,2,yanz0510workout,db_rdl,1,8.0,6.585219728160457,vo2_peak
vo2_lag45_96_sets,M4_add_one__vo2_peak,2,yanz0510workout,db_rdl,2,9.0,7.8260563854746135,vo2_peak
vo2_lag45_96_sets,M4_add_one__vo2_peak,2,yanz0510workout,db_shoulder_press,1,8.0,7.021026496719032,vo2_peak
vo2_lag45_96_sets,M4_add_one__vo2_peak,2,yanz0510workout,db_shoulder_press,2,10.0,6.944521774933145,vo2_peak
vo2_lag45_96_sets,M4_add_one__vo2_peak,2,yanz0510workout,db_shoulder_press,3,10.0,6.832832372024102,vo2_peak
vo2_lag45_96_sets,M4_add_one__vo2_peak,2,yanz0510workout,db_squat,0,7.0,5.2655685849976495,vo2_peak
vo2_lag45_96_sets,M4_add_one__vo2_peak,2,yanz0510workout,db_squat,1,8.0,6.0584626722725226,vo2_peak
vo2_lag45_96_sets,M4_add_one__vo2_peak,2,yanz0510workout,db_squat,2,9.0,6.7376351309914355,vo2_peak
vo2_lag45_96_sets,M4_add_one__vo2_peak,2,yanz0510workout,db_triceps_curl,0,7.0,6.107161394542274,vo2_peak
vo2_lag45_96_sets,M4_add_one__vo2_peak,2,yanz0510workout,db_triceps_curl,2,8.0,6.537572373901789,vo2_peak
vo2_lag45_96_sets,M4_add_one__vo2_peak,2,yanz0510workout,db_triceps_curl,4,9.0,6.117716032441686,vo2_peak
vo2_lag45_96_sets,M4_add_one__vo2_peak,2,yanz0510workout,db_weighted_crunch,0,6.0,4.955599990038564,vo2_peak
vo2_lag45_96_sets,M4_add_one__vo2_peak,2,yanz0510workout,db_weighted_crunch,2,7.0,5.9817251308006565,vo2_peak
vo2_lag45_96_sets,M4_add_one__vo2_peak,2,yanz0510workout,db_weighted_crunch,3,8.0,6.937508966085921,vo2_peak
vo2_lag45_96_sets,M4_add_one__vo2_peak,2,yanz0510workout,one_arm_db_row,0,6.0,7.065108730419287,vo2_peak
vo2_lag45_96_sets,M4_add_one__vo2_peak,2,yanz0510workout,one_arm_db_row,1,7.0,7.409081244935424,vo2_peak
vo2_lag45_96_sets,M4_add_one__vo2_peak,2,yanz0510workout,one_arm_db_row,2,9.0,8.2371874476955,vo2_peak
vo2_lag45_96_sets,M4_add_one__vo2_peak,3,yoru0511workout,db_bench_press,0,3.0,7.032997223792569,vo2_peak
vo2_lag45_96_sets,M4_add_one__vo2_peak,3,yoru0511workout,db_bench_press,4,5.0,8.003092232635272,vo2_peak
vo2_lag45_96_sets,M4_add_one__vo2_peak,3,yoru0511workout,db_bench_press,5,7.0,8.82366147205161,vo2_peak
vo2_lag45_96_sets,M4_add_one__vo2_peak,3,yoru0511workout,db_biceps_curl,0,6.0,7.837643291489771,vo2_peak
vo2_lag45_96_sets,M4_add_one__vo2_peak,3,yoru0511workout,db_biceps_curl,1,8.0,8.440346660193695,vo2_peak
vo2_lag45_96_sets,M4_add_one__vo2_peak,3,yoru0511workout,db_biceps_curl,2,9.0,9.203057439047106,vo2_peak
vo2_lag45_96_sets,M4_add_one__vo2_peak,3,yoru0511workout,db_rdl,0,6.0,6.5851434742229795,vo2_peak
vo2_lag45_96_sets,M4_add_one__vo2_peak,3,yoru0511workout,db_rdl,1,6.0,7.571552585855388,vo2_peak
vo2_lag45_96_sets,M4_add_one__vo2_peak,3,yoru0511workout,db_rdl,2,7.0,8.423891604383538,vo2_peak
vo2_lag45_96_sets,M4_add_one__vo2_peak,3,yoru0511workout,db_shoulder_press,0,7.0,7.704656280717502,vo2_peak
vo2_lag45_96_sets,M4_add_one__vo2_peak,3,yoru0511workout,db_shoulder_press,1,8.0,8.391017186084678,vo2_peak
vo2_lag45_96_sets,M4_add_one__vo2_peak,3,yoru0511workout,db_shoulder_press,2,9.0,9.094788449270434,vo2_peak
vo2_lag45_96_sets,M4_add_one__vo2_peak,3,yoru0511workout,db_squat,0,4.0,6.777428244542497,vo2_peak
vo2_lag45_96_sets,M4_add_one__vo2_peak,3,yoru0511workout,db_squat,1,5.0,7.435426918806999,vo2_peak
vo2_lag45_96_sets,M4_add_one__vo2_peak,3,yoru0511workout,db_squat,2,6.0,8.28841123861522,vo2_peak
vo2_lag45_96_sets,M4_add_one__vo2_peak,3,yoru0511workout,db_triceps_curl,0,5.0,6.9855472977288695,vo2_peak
vo2_lag45_96_sets,M4_add_one__vo2_peak,3,yoru0511workout,db_triceps_curl,1,5.0,7.689920208170899,vo2_peak
vo2_lag45_96_sets,M4_add_one__vo2_peak,3,yoru0511workout,db_triceps_curl,2,6.0,8.299890447367497,vo2_peak
vo2_lag45_96_sets,M4_add_one__vo2_peak,3,yoru0511workout,db_weighted_crunch,0,6.0,5.7629025983445334,vo2_peak
vo2_lag45_96_sets,M4_add_one__vo2_peak,3,yoru0511workout,db_weighted_crunch,1,7.0,6.464914115619223,vo2_peak
vo2_lag45_96_sets,M4_add_one__vo2_peak,3,yoru0511workout,db_weighted_crunch,2,7.0,7.220972500670144,vo2_peak
vo2_lag45_96_sets,M4_add_one__vo2_peak,3,yoru0511workout,one_arm_db_row,0,5.0,7.231541552091976,vo2_peak
vo2_lag45_96_sets,M4_add_one__vo2_peak,3,yoru0511workout,one_arm_db_row,2,7.0,7.930979228072616,vo2_peak
vo2_lag45_96_sets,M4_add_one__vo2_peak,3,yoru0511workout,one_arm_db_row,3,8.0,8.667359982913144,vo2_peak
vo2_lag45_96_sets,M4_add_one__vo2_peak,4,yushuan0513workout,db_bench_press,0,9.0,5.495202918519608,vo2_peak
vo2_lag45_96_sets,M4_add_one__vo2_peak,4,yushuan0513workout,db_bench_press,1,10.0,6.789829802080468,vo2_peak
vo2_lag45_96_sets,M4_add_one__vo2_peak,4,yushuan0513workout,db_bench_press,3,10.0,7.708753789068171,vo2_peak
vo2_lag45_96_sets,M4_add_one__vo2_peak,4,yushuan0513workout,db_biceps_curl,0,7.0,7.430610705171626,vo2_peak
vo2_lag45_96_sets,M4_add_one__vo2_peak,4,yushuan0513workout,db_biceps_curl,1,9.0,8.348701815017845,vo2_peak
vo2_lag45_96_sets,M4_add_one__vo2_peak,4,yushuan0513workout,db_biceps_curl,2,10.0,9.303069867282826,vo2_peak
vo2_lag45_96_sets,M4_add_one__vo2_peak,4,yushuan0513workout,db_rdl,0,6.0,6.389010988493393,vo2_peak
vo2_lag45_96_sets,M4_add_one__vo2_peak,4,yushuan0513workout,db_rdl,1,8.0,7.776777511253864,vo2_peak
vo2_lag45_96_sets,M4_add_one__vo2_peak,4,yushuan0513workout,db_rdl,2,8.0,9.176209960225933,vo2_peak
vo2_lag45_96_sets,M4_add_one__vo2_peak,4,yushuan0513workout,db_shoulder_press,0,8.0,7.9058426495981236,vo2_peak
vo2_lag45_96_sets,M4_add_one__vo2_peak,4,yushuan0513workout,db_shoulder_press,1,9.0,9.479416229721972,vo2_peak
vo2_lag45_96_sets,M4_add_one__vo2_peak,4,yushuan0513workout,db_shoulder_press,2,10.0,10.86832584864699,vo2_peak
vo2_lag45_96_sets,M4_add_one__vo2_peak,4,yushuan0513workout,db_squat,0,6.0,5.9512246065521435,vo2_peak
vo2_lag45_96_sets,M4_add_one__vo2_peak,4,yushuan0513workout,db_squat,1,7.0,7.081002813300268,vo2_peak
vo2_lag45_96_sets,M4_add_one__vo2_peak,4,yushuan0513workout,db_squat,2,8.0,8.2315692317893,vo2_peak
vo2_lag45_96_sets,M4_add_one__vo2_peak,4,yushuan0513workout,db_triceps_curl,0,6.0,6.152936759254086,vo2_peak
vo2_lag45_96_sets,M4_add_one__vo2_peak,4,yushuan0513workout,db_triceps_curl,1,7.0,7.039044354980091,vo2_peak
vo2_lag45_96_sets,M4_add_one__vo2_peak,4,yushuan0513workout,db_triceps_curl,2,9.0,7.9761538891263095,vo2_peak
vo2_lag45_96_sets,M4_add_one__vo2_peak,4,yushuan0513workout,db_weighted_crunch,0,5.0,6.041103598862453,vo2_peak
vo2_lag45_96_sets,M4_add_one__vo2_peak,4,yushuan0513workout,db_weighted_crunch,1,6.0,7.336410289590469,vo2_peak
vo2_lag45_96_sets,M4_add_one__vo2_peak,4,yushuan0513workout,db_weighted_crunch,2,7.0,8.610100662837143,vo2_peak
vo2_lag45_96_sets,M4_add_one__vo2_peak,4,yushuan0513workout,one_arm_db_row,0,9.0,6.814298274450351,vo2_peak
vo2_lag45_96_sets,M4_add_one__vo2_peak,4,yushuan0513workout,one_arm_db_row,1,8.0,8.016424462929448,vo2_peak
vo2_lag45_96_sets,M4_add_one__vo2_peak,4,yushuan0513workout,one_arm_db_row,2,9.0,9.05465829006313,vo2_peak
vo2_lag45_96_sets,M4_add_one__vo2_slope,1,haoyu0512workout,db_bench_press,0,8.0,7.030295738312636,vo2_slope
vo2_lag45_96_sets,M4_add_one__vo2_slope,1,haoyu0512workout,db_bench_press,1,9.0,8.67363833886603,vo2_slope
vo2_lag45_96_sets,M4_add_one__vo2_slope,1,haoyu0512workout,db_bench_press,2,9.0,10.326633623728346,vo2_slope
vo2_lag45_96_sets,M4_add_one__vo2_slope,1,haoyu0512workout,db_biceps_curl,0,9.0,7.761675890614855,vo2_slope
vo2_lag45_96_sets,M4_add_one__vo2_slope,1,haoyu0512workout,db_biceps_curl,1,9.0,9.13075051529838,vo2_slope
vo2_lag45_96_sets,M4_add_one__vo2_slope,1,haoyu0512workout,db_biceps_curl,3,9.0,10.397774097272052,vo2_slope
vo2_lag45_96_sets,M4_add_one__vo2_slope,1,haoyu0512workout,db_rdl,0,9.0,5.926639859105318,vo2_slope
vo2_lag45_96_sets,M4_add_one__vo2_slope,1,haoyu0512workout,db_rdl,1,9.0,7.421397168834455,vo2_slope
vo2_lag45_96_sets,M4_add_one__vo2_slope,1,haoyu0512workout,db_rdl,2,9.0,9.196943983609863,vo2_slope
vo2_lag45_96_sets,M4_add_one__vo2_slope,1,haoyu0512workout,db_shoulder_press,0,7.0,8.04377380786729,vo2_slope
vo2_lag45_96_sets,M4_add_one__vo2_slope,1,haoyu0512workout,db_shoulder_press,1,9.0,9.313607753555992,vo2_slope
vo2_lag45_96_sets,M4_add_one__vo2_slope,1,haoyu0512workout,db_shoulder_press,2,9.0,10.864005574921666,vo2_slope
vo2_lag45_96_sets,M4_add_one__vo2_slope,1,haoyu0512workout,db_squat,0,6.0,5.944572792336964,vo2_slope
vo2_lag45_96_sets,M4_add_one__vo2_slope,1,haoyu0512workout,db_squat,1,9.0,7.153089403977278,vo2_slope
vo2_lag45_96_sets,M4_add_one__vo2_slope,1,haoyu0512workout,db_squat,2,8.0,7.932507145468187,vo2_slope
vo2_lag45_96_sets,M4_add_one__vo2_slope,1,haoyu0512workout,db_triceps_curl,0,7.0,6.340164540002091,vo2_slope
vo2_lag45_96_sets,M4_add_one__vo2_slope,1,haoyu0512workout,db_triceps_curl,1,9.0,7.769226198575183,vo2_slope
vo2_lag45_96_sets,M4_add_one__vo2_slope,1,haoyu0512workout,db_triceps_curl,2,9.0,9.112981897314832,vo2_slope
vo2_lag45_96_sets,M4_add_one__vo2_slope,1,haoyu0512workout,db_weighted_crunch,0,6.0,5.4916237313931475,vo2_slope
vo2_lag45_96_sets,M4_add_one__vo2_slope,1,haoyu0512workout,db_weighted_crunch,1,7.0,6.803907969316871,vo2_slope
vo2_lag45_96_sets,M4_add_one__vo2_slope,1,haoyu0512workout,db_weighted_crunch,2,9.0,8.0885877115102,vo2_slope
vo2_lag45_96_sets,M4_add_one__vo2_slope,1,haoyu0512workout,one_arm_db_row,0,9.0,6.9761040584131955,vo2_slope
vo2_lag45_96_sets,M4_add_one__vo2_slope,1,haoyu0512workout,one_arm_db_row,1,9.0,8.299991215270905,vo2_slope
vo2_lag45_96_sets,M4_add_one__vo2_slope,1,haoyu0512workout,one_arm_db_row,2,9.0,9.612974089259257,vo2_slope
vo2_lag45_96_sets,M4_add_one__vo2_slope,2,yanz0510workout,db_bench_press,2,5.0,5.782782146328547,vo2_slope
vo2_lag45_96_sets,M4_add_one__vo2_slope,2,yanz0510workout,db_bench_press,3,7.0,6.911394940418893,vo2_slope
vo2_lag45_96_sets,M4_add_one__vo2_slope,2,yanz0510workout,db_bench_press,4,8.0,8.399923253426627,vo2_slope
vo2_lag45_96_sets,M4_add_one__vo2_slope,2,yanz0510workout,db_biceps_curl,0,7.0,7.979913229631803,vo2_slope
vo2_lag45_96_sets,M4_add_one__vo2_slope,2,yanz0510workout,db_biceps_curl,1,9.0,8.470071175327597,vo2_slope
vo2_lag45_96_sets,M4_add_one__vo2_slope,2,yanz0510workout,db_biceps_curl,2,10.0,8.485889319037325,vo2_slope
vo2_lag45_96_sets,M4_add_one__vo2_slope,2,yanz0510workout,db_rdl,0,5.0,6.060939173239872,vo2_slope
vo2_lag45_96_sets,M4_add_one__vo2_slope,2,yanz0510workout,db_rdl,1,8.0,7.577014308696203,vo2_slope
vo2_lag45_96_sets,M4_add_one__vo2_slope,2,yanz0510workout,db_rdl,2,9.0,7.518686736519838,vo2_slope
vo2_lag45_96_sets,M4_add_one__vo2_slope,2,yanz0510workout,db_shoulder_press,1,8.0,7.169474638568268,vo2_slope
vo2_lag45_96_sets,M4_add_one__vo2_slope,2,yanz0510workout,db_shoulder_press,2,10.0,8.759184585692552,vo2_slope
vo2_lag45_96_sets,M4_add_one__vo2_slope,2,yanz0510workout,db_shoulder_press,3,10.0,4.11166201374432,vo2_slope
vo2_lag45_96_sets,M4_add_one__vo2_slope,2,yanz0510workout,db_squat,0,7.0,4.64308021634016,vo2_slope
vo2_lag45_96_sets,M4_add_one__vo2_slope,2,yanz0510workout,db_squat,1,8.0,6.991184088952594,vo2_slope
vo2_lag45_96_sets,M4_add_one__vo2_slope,2,yanz0510workout,db_squat,2,9.0,7.666141357436495,vo2_slope
vo2_lag45_96_sets,M4_add_one__vo2_slope,2,yanz0510workout,db_triceps_curl,0,7.0,5.987991411641591,vo2_slope
vo2_lag45_96_sets,M4_add_one__vo2_slope,2,yanz0510workout,db_triceps_curl,2,8.0,6.40591413801325,vo2_slope
vo2_lag45_96_sets,M4_add_one__vo2_slope,2,yanz0510workout,db_triceps_curl,4,9.0,6.269350441373851,vo2_slope
vo2_lag45_96_sets,M4_add_one__vo2_slope,2,yanz0510workout,db_weighted_crunch,0,6.0,5.322924305774025,vo2_slope
vo2_lag45_96_sets,M4_add_one__vo2_slope,2,yanz0510workout,db_weighted_crunch,2,7.0,5.835816018692697,vo2_slope
vo2_lag45_96_sets,M4_add_one__vo2_slope,2,yanz0510workout,db_weighted_crunch,3,8.0,7.007546710465449,vo2_slope
vo2_lag45_96_sets,M4_add_one__vo2_slope,2,yanz0510workout,one_arm_db_row,0,6.0,6.583694262526131,vo2_slope
vo2_lag45_96_sets,M4_add_one__vo2_slope,2,yanz0510workout,one_arm_db_row,1,7.0,8.307857471943018,vo2_slope
vo2_lag45_96_sets,M4_add_one__vo2_slope,2,yanz0510workout,one_arm_db_row,2,9.0,7.92077949675461,vo2_slope
vo2_lag45_96_sets,M4_add_one__vo2_slope,3,yoru0511workout,db_bench_press,0,3.0,6.950570670897658,vo2_slope
vo2_lag45_96_sets,M4_add_one__vo2_slope,3,yoru0511workout,db_bench_press,4,5.0,8.112820022363355,vo2_slope
vo2_lag45_96_sets,M4_add_one__vo2_slope,3,yoru0511workout,db_bench_press,5,7.0,8.908216405082975,vo2_slope
vo2_lag45_96_sets,M4_add_one__vo2_slope,3,yoru0511workout,db_biceps_curl,0,6.0,7.793040643156965,vo2_slope
vo2_lag45_96_sets,M4_add_one__vo2_slope,3,yoru0511workout,db_biceps_curl,1,8.0,8.46121444505722,vo2_slope
vo2_lag45_96_sets,M4_add_one__vo2_slope,3,yoru0511workout,db_biceps_curl,2,9.0,9.12128069446412,vo2_slope
vo2_lag45_96_sets,M4_add_one__vo2_slope,3,yoru0511workout,db_rdl,0,6.0,6.680843318548892,vo2_slope
vo2_lag45_96_sets,M4_add_one__vo2_slope,3,yoru0511workout,db_rdl,1,6.0,7.491546826556527,vo2_slope
vo2_lag45_96_sets,M4_add_one__vo2_slope,3,yoru0511workout,db_rdl,2,7.0,8.394526942217936,vo2_slope
vo2_lag45_96_sets,M4_add_one__vo2_slope,3,yoru0511workout,db_shoulder_press,0,7.0,7.7526479963426995,vo2_slope
vo2_lag45_96_sets,M4_add_one__vo2_slope,3,yoru0511workout,db_shoulder_press,1,8.0,8.40484556327599,vo2_slope
vo2_lag45_96_sets,M4_add_one__vo2_slope,3,yoru0511workout,db_shoulder_press,2,9.0,9.044723624546917,vo2_slope
vo2_lag45_96_sets,M4_add_one__vo2_slope,3,yoru0511workout,db_squat,0,4.0,6.591481245593862,vo2_slope
vo2_lag45_96_sets,M4_add_one__vo2_slope,3,yoru0511workout,db_squat,1,5.0,7.425340676494428,vo2_slope
vo2_lag45_96_sets,M4_add_one__vo2_slope,3,yoru0511workout,db_squat,2,6.0,8.168456296383463,vo2_slope
vo2_lag45_96_sets,M4_add_one__vo2_slope,3,yoru0511workout,db_triceps_curl,0,5.0,6.972904216315007,vo2_slope
vo2_lag45_96_sets,M4_add_one__vo2_slope,3,yoru0511workout,db_triceps_curl,1,5.0,7.625315257293828,vo2_slope
vo2_lag45_96_sets,M4_add_one__vo2_slope,3,yoru0511workout,db_triceps_curl,2,6.0,8.229100753059232,vo2_slope
vo2_lag45_96_sets,M4_add_one__vo2_slope,3,yoru0511workout,db_weighted_crunch,0,6.0,5.767656187266674,vo2_slope
vo2_lag45_96_sets,M4_add_one__vo2_slope,3,yoru0511workout,db_weighted_crunch,1,7.0,6.511453644881794,vo2_slope
vo2_lag45_96_sets,M4_add_one__vo2_slope,3,yoru0511workout,db_weighted_crunch,2,7.0,7.114158961346982,vo2_slope
vo2_lag45_96_sets,M4_add_one__vo2_slope,3,yoru0511workout,one_arm_db_row,0,5.0,7.2525964891972325,vo2_slope
vo2_lag45_96_sets,M4_add_one__vo2_slope,3,yoru0511workout,one_arm_db_row,2,7.0,8.007386234774053,vo2_slope
vo2_lag45_96_sets,M4_add_one__vo2_slope,3,yoru0511workout,one_arm_db_row,3,8.0,8.759816930779875,vo2_slope
vo2_lag45_96_sets,M4_add_one__vo2_slope,4,yushuan0513workout,db_bench_press,0,9.0,5.5153275980507175,vo2_slope
vo2_lag45_96_sets,M4_add_one__vo2_slope,4,yushuan0513workout,db_bench_press,1,10.0,6.71346196348002,vo2_slope
vo2_lag45_96_sets,M4_add_one__vo2_slope,4,yushuan0513workout,db_bench_press,3,10.0,7.7042703105267645,vo2_slope
vo2_lag45_96_sets,M4_add_one__vo2_slope,4,yushuan0513workout,db_biceps_curl,0,7.0,7.449326258805408,vo2_slope
vo2_lag45_96_sets,M4_add_one__vo2_slope,4,yushuan0513workout,db_biceps_curl,1,9.0,8.317778554041851,vo2_slope
vo2_lag45_96_sets,M4_add_one__vo2_slope,4,yushuan0513workout,db_biceps_curl,2,10.0,9.34648747492212,vo2_slope
vo2_lag45_96_sets,M4_add_one__vo2_slope,4,yushuan0513workout,db_rdl,0,6.0,6.533525039331627,vo2_slope
vo2_lag45_96_sets,M4_add_one__vo2_slope,4,yushuan0513workout,db_rdl,1,8.0,7.882144132428394,vo2_slope
vo2_lag45_96_sets,M4_add_one__vo2_slope,4,yushuan0513workout,db_rdl,2,8.0,9.212335876460251,vo2_slope
vo2_lag45_96_sets,M4_add_one__vo2_slope,4,yushuan0513workout,db_shoulder_press,0,8.0,7.82781624344287,vo2_slope
vo2_lag45_96_sets,M4_add_one__vo2_slope,4,yushuan0513workout,db_shoulder_press,1,9.0,9.415860009302461,vo2_slope
vo2_lag45_96_sets,M4_add_one__vo2_slope,4,yushuan0513workout,db_shoulder_press,2,10.0,10.838570813794263,vo2_slope
vo2_lag45_96_sets,M4_add_one__vo2_slope,4,yushuan0513workout,db_squat,0,6.0,5.994379254177509,vo2_slope
vo2_lag45_96_sets,M4_add_one__vo2_slope,4,yushuan0513workout,db_squat,1,7.0,7.066389900428724,vo2_slope
vo2_lag45_96_sets,M4_add_one__vo2_slope,4,yushuan0513workout,db_squat,2,8.0,8.244719470840765,vo2_slope
vo2_lag45_96_sets,M4_add_one__vo2_slope,4,yushuan0513workout,db_triceps_curl,0,6.0,6.2281694218937105,vo2_slope
vo2_lag45_96_sets,M4_add_one__vo2_slope,4,yushuan0513workout,db_triceps_curl,1,7.0,7.078925950816034,vo2_slope
vo2_lag45_96_sets,M4_add_one__vo2_slope,4,yushuan0513workout,db_triceps_curl,2,9.0,8.07627921169245,vo2_slope
vo2_lag45_96_sets,M4_add_one__vo2_slope,4,yushuan0513workout,db_weighted_crunch,0,5.0,6.1167992705267995,vo2_slope
vo2_lag45_96_sets,M4_add_one__vo2_slope,4,yushuan0513workout,db_weighted_crunch,1,6.0,7.356735121140892,vo2_slope
vo2_lag45_96_sets,M4_add_one__vo2_slope,4,yushuan0513workout,db_weighted_crunch,2,7.0,8.562736994619984,vo2_slope
vo2_lag45_96_sets,M4_add_one__vo2_slope,4,yushuan0513workout,one_arm_db_row,0,9.0,6.704281430249612,vo2_slope
vo2_lag45_96_sets,M4_add_one__vo2_slope,4,yushuan0513workout,one_arm_db_row,1,8.0,7.957199919084967,vo2_slope
vo2_lag45_96_sets,M4_add_one__vo2_slope,4,yushuan0513workout,one_arm_db_row,2,9.0,9.055122818945968,vo2_slope
