file,subject,pred_start,pred_end,matched_exercise,matched_iou,source
datasets/workout/haoyu0512workout/haoyu0512workout_whole_session_20260512_165723.csv,haoyu0512workout,401,507,db_bench_press,0.3442,short_time_energy
datasets/workout/haoyu0512workout/haoyu0512workout_whole_session_20260512_165723.csv,haoyu0512workout,507,873,db_bench_press,0.3521,short_time_energy
datasets/workout/haoyu0512workout/haoyu0512workout_whole_session_20260512_165723.csv,haoyu0512workout,873,1038,db_bench_press,0.3882,short_time_energy
datasets/workout/haoyu0512workout/haoyu0512workout_whole_session_20260512_165723.csv,haoyu0512workout,1180,1393,db_bench_press,0.4542,short_time_energy
datasets/workout/haoyu0512workout/haoyu0512workout_whole_session_20260512_165723.csv,haoyu0512workout,1393,1567,db_bench_press,0.3537,short_time_energy
datasets/workout/haoyu0512workout/haoyu0512workout_whole_session_20260512_165723.csv,haoyu0512workout,1567,1760,db_bench_press,0.5092,short_time_energy
datasets/workout/haoyu0512workout/haoyu0512workout_whole_session_20260512_165723.csv,haoyu0512workout,1760,1901,db_bench_press,0.372,short_time_energy
datasets/workout/haoyu0512workout/haoyu0512workout_whole_session_20260512_165723.csv,haoyu0512workout,2042,2274,db_bench_press,0.4744,short_time_energy
datasets/workout/haoyu0512workout/haoyu0512workout_whole_session_20260512_165723.csv,haoyu0512workout,2274,2418,db_bench_press,0.2945,short_time_energy
datasets/workout/haoyu0512workout/haoyu0512workout_whole_session_20260512_165723.csv,haoyu0512workout,2418,2594,db_bench_press,0.4609,short_time_energy
datasets/workout/haoyu0512workout/haoyu0512workout_whole_session_20260512_165723.csv,haoyu0512workout,2594,2736,db_bench_press,0.4092,short_time_energy
datasets/workout/haoyu0512workout/haoyu0512workout_whole_session_20260512_165723.csv,haoyu0512workout,2790,3127,db_bench_press,0.7021,short_time_energy
datasets/workout/haoyu0512workout/haoyu0512workout_whole_session_20260512_165723.csv,haoyu0512workout,3127,3259,db_bench_press,0.2671,short_time_energy
datasets/workout/haoyu0512workout/haoyu0512workout_whole_session_20260512_165723.csv,haoyu0512workout,3259,3478,db_bench_press,0.4406,short_time_energy
datasets/workout/haoyu0512workout/haoyu0512workout_whole_session_20260512_165723.csv,haoyu0512workout,3478,3719,db_bench_press,0.4849,short_time_energy
datasets/workout/haoyu0512workout/haoyu0512workout_whole_session_20260512_165723.csv,haoyu0512workout,3719,3901,db_bench_press,0.3756,short_time_energy
datasets/workout/haoyu0512workout/haoyu0512workout_whole_session_20260512_165723.csv,haoyu0512workout,3901,4138,db_bench_press,0.5506,short_time_energy
datasets/workout/haoyu0512workout/haoyu0512workout_whole_session_20260512_165723.csv,haoyu0512workout,4138,4422,db_bench_press,0.5868,short_time_energy
datasets/workout/haoyu0512workout/haoyu0512workout_whole_session_20260512_165723.csv,haoyu0512workout,4422,4571,db_bench_press,0.3079,short_time_energy
datasets/workout/haoyu0512workout/haoyu0512workout_whole_session_20260512_165723.csv,haoyu0512workout,4669,4845,db_bench_press,0.3636,short_time_energy
datasets/workout/haoyu0512workout/haoyu0512workout_whole_session_20260512_165723.csv,haoyu0512workout,4925,5153,db_bench_press,0.2806,short_time_energy
datasets/workout/haoyu0512workout/haoyu0512workout_whole_session_20260512_165723.csv,haoyu0512workout,17693,18324,db_bench_press,0.3376,short_time_energy
datasets/workout/haoyu0512workout/haoyu0512workout_whole_session_20260512_165723.csv,haoyu0512workout,19999,20268,db_bench_press,0.5699,short_time_energy
datasets/workout/haoyu0512workout/haoyu0512workout_whole_session_20260512_165723.csv,haoyu0512workout,20383,20648,db_bench_press,0.5354,short_time_energy
datasets/workout/haoyu0512workout/haoyu0512workout_whole_session_20260512_165723.csv,haoyu0512workout,20648,20803,db_bench_press,0.3569,short_time_energy
datasets/workout/haoyu0512workout/haoyu0512workout_whole_session_20260512_165723.csv,haoyu0512workout,20803,21047,db_bench_press,0.5094,short_time_energy
datasets/workout/haoyu0512workout/haoyu0512workout_whole_session_20260512_165723.csv,haoyu0512workout,21047,21248,db_bench_press,0.4196,short_time_energy
datasets/workout/haoyu0512workout/haoyu0512workout_whole_session_20260512_165723.csv,haoyu0512workout,21248,21533,db_bench_press,0.6501,short_time_energy
datasets/workout/haoyu0512workout/haoyu0512workout_whole_session_20260512_165723.csv,haoyu0512workout,21533,21688,db_bench_press,0.3209,short_time_energy
datasets/workout/haoyu0512workout/haoyu0512workout_whole_session_20260512_165723.csv,haoyu0512workout,21688,21951,db_bench_press,0.6526,short_time_energy
datasets/workout/haoyu0512workout/haoyu0512workout_whole_session_20260512_165723.csv,haoyu0512workout,21951,22089,db_bench_press,0.2943,short_time_energy
datasets/workout/haoyu0512workout/haoyu0512workout_whole_session_20260512_165723.csv,haoyu0512workout,22089,22223,db_bench_press,0.3018,short_time_energy
datasets/workout/haoyu0512workout/haoyu0512workout_whole_session_20260512_165723.csv,haoyu0512workout,22223,22440,db_bench_press,0.4887,short_time_energy
datasets/workout/haoyu0512workout/haoyu0512workout_whole_session_20260512_165723.csv,haoyu0512workout,22540,22821,db_bench_press,0.6386,short_time_energy
datasets/workout/haoyu0512workout/haoyu0512workout_whole_session_20260512_165723.csv,haoyu0512workout,22821,23218,db_bench_press,0.4736,short_time_energy
datasets/workout/haoyu0512workout/haoyu0512workout_whole_session_20260512_165723.csv,haoyu0512workout,23218,23376,db_bench_press,0.3636,short_time_energy
datasets/workout/haoyu0512workout/haoyu0512workout_whole_session_20260512_165723.csv,haoyu0512workout,23376,23710,db_bench_press,0.6562,short_time_energy
datasets/workout/haoyu0512workout/haoyu0512workout_whole_session_20260512_165723.csv,haoyu0512workout,23710,23867,db_bench_press,0.3084,short_time_energy
datasets/workout/haoyu0512workout/haoyu0512workout_whole_session_20260512_165723.csv,haoyu0512workout,23867,24079,db_bench_press,0.5698,short_time_energy
datasets/workout/haoyu0512workout/haoyu0512workout_whole_session_20260512_165723.csv,haoyu0512workout,24079,24436,db_bench_press,0.3811,short_time_energy
datasets/workout/haoyu0512workout/haoyu0512workout_whole_session_20260512_165723.csv,haoyu0512workout,24436,24553,db_bench_press,0.2702,short_time_energy
datasets/workout/haoyu0512workout/haoyu0512workout_whole_session_20260512_165723.csv,haoyu0512workout,24670,24928,db_bench_press,0.567,short_time_energy
datasets/workout/haoyu0512workout/haoyu0512workout_whole_session_20260512_165723.csv,haoyu0512workout,24928,25050,db_bench_press,0.2681,short_time_energy
datasets/workout/haoyu0512workout/haoyu0512workout_whole_session_20260512_165723.csv,haoyu0512workout,33195,33620,db_bench_press,0.63,short_time_energy
datasets/workout/haoyu0512workout/haoyu0512workout_whole_session_20260512_165723.csv,haoyu0512workout,33710,33829,db_bench_press,0.3333,short_time_energy
datasets/workout/haoyu0512workout/haoyu0512workout_whole_session_20260512_165723.csv,haoyu0512workout,34119,34273,db_bench_press,0.354,short_time_energy
datasets/workout/haoyu0512workout/haoyu0512workout_whole_session_20260512_165723.csv,haoyu0512workout,34537,34709,db_bench_press,0.4468,short_time_energy
datasets/workout/haoyu0512workout/haoyu0512workout_whole_session_20260512_165723.csv,haoyu0512workout,35085,35235,db_bench_press,0.3513,short_time_energy
datasets/workout/haoyu0512workout/haoyu0512workout_whole_session_20260512_165723.csv,haoyu0512workout,35340,35539,db_bench_press,0.4575,short_time_energy
datasets/workout/haoyu0512workout/haoyu0512workout_whole_session_20260512_165723.csv,haoyu0512workout,35923,36101,db_bench_press,0.3844,short_time_energy
datasets/workout/haoyu0512workout/haoyu0512workout_whole_session_20260512_165723.csv,haoyu0512workout,36273,36402,db_bench_press,0.2854,short_time_energy
datasets/workout/haoyu0512workout/haoyu0512workout_whole_session_20260512_165723.csv,haoyu0512workout,36402,36561,db_bench_press,0.3518,short_time_energy
datasets/workout/haoyu0512workout/haoyu0512workout_whole_session_20260512_165723.csv,haoyu0512workout,36727,36983,db_bench_press,0.4812,short_time_energy
datasets/workout/haoyu0512workout/haoyu0512workout_whole_session_20260512_165723.csv,haoyu0512workout,37317,37466,db_bench_press,0.2754,short_time_energy
datasets/workout/haoyu0512workout/haoyu0512workout_whole_session_20260512_165723.csv,haoyu0512workout,37740,38007,db_bench_press,0.4828,short_time_energy
datasets/workout/haoyu0512workout/haoyu0512workout_whole_session_20260512_165723.csv,haoyu0512workout,38007,38150,db_bench_press,0.2586,short_time_energy
datasets/workout/haoyu0512workout/haoyu0512workout_whole_session_20260512_165723.csv,haoyu0512workout,38273,38472,db_bench_press,0.4702,short_time_energy
datasets/workout/haoyu0512workout/haoyu0512workout_whole_session_20260512_165723.csv,haoyu0512workout,38531,38642,db_bench_press,0.2662,short_time_energy
datasets/workout/haoyu0512workout/haoyu0512workout_whole_session_20260512_165723.csv,haoyu0512workout,73161,74478,one_arm_db_row,0.3576,short_time_energy
datasets/workout/haoyu0512workout/haoyu0512workout_whole_session_20260512_165723.csv,haoyu0512workout,74478,75422,one_arm_db_row,0.4142,short_time_energy
datasets/workout/haoyu0512workout/haoyu0512workout_whole_session_20260512_165723.csv,haoyu0512workout,75422,75934,one_arm_db_row,0.7096,short_time_energy
datasets/workout/haoyu0512workout/haoyu0512workout_whole_session_20260512_165723.csv,haoyu0512workout,75934,76299,one_arm_db_row,0.9753,short_time_energy
datasets/workout/haoyu0512workout/haoyu0512workout_whole_session_20260512_165723.csv,haoyu0512workout,76299,77408,one_arm_db_row,0.3649,short_time_energy
datasets/workout/haoyu0512workout/haoyu0512workout_whole_session_20260512_165723.csv,haoyu0512workout,77408,78138,one_arm_db_row,0.4204,short_time_energy
datasets/workout/haoyu0512workout/haoyu0512workout_whole_session_20260512_165723.csv,haoyu0512workout,88810,88959,one_arm_db_row,0.3371,short_time_energy
datasets/workout/haoyu0512workout/haoyu0512workout_whole_session_20260512_165723.csv,haoyu0512workout,89186,89399,one_arm_db_row,0.6416,short_time_energy
datasets/workout/haoyu0512workout/haoyu0512workout_whole_session_20260512_165723.csv,haoyu0512workout,89606,89704,one_arm_db_row,0.3151,short_time_energy
datasets/workout/haoyu0512workout/haoyu0512workout_whole_session_20260512_165723.csv,haoyu0512workout,89704,89878,one_arm_db_row,0.3528,short_time_energy
datasets/workout/haoyu0512workout/haoyu0512workout_whole_session_20260512_165723.csv,haoyu0512workout,89950,90093,one_arm_db_row,0.3743,short_time_energy
datasets/workout/haoyu0512workout/haoyu0512workout_whole_session_20260512_165723.csv,haoyu0512workout,90093,90216,one_arm_db_row,0.2737,short_time_energy
datasets/workout/haoyu0512workout/haoyu0512workout_whole_session_20260512_165723.csv,haoyu0512workout,90216,90374,one_arm_db_row,0.4553,short_time_energy
datasets/workout/haoyu0512workout/haoyu0512workout_whole_session_20260512_165723.csv,haoyu0512workout,90531,90642,one_arm_db_row,0.3788,short_time_energy
datasets/workout/haoyu0512workout/haoyu0512workout_whole_session_20260512_165723.csv,haoyu0512workout,90642,90815,one_arm_db_row,0.3201,short_time_energy
datasets/workout/haoyu0512workout/haoyu0512workout_whole_session_20260512_165723.csv,haoyu0512workout,90991,91254,one_arm_db_row,0.3206,short_time_energy
datasets/workout/haoyu0512workout/haoyu0512workout_whole_session_20260512_165723.csv,haoyu0512workout,91254,91463,one_arm_db_row,0.6239,short_time_energy
datasets/workout/haoyu0512workout/haoyu0512workout_whole_session_20260512_165723.csv,haoyu0512workout,91574,91803,one_arm_db_row,0.6836,short_time_energy
datasets/workout/haoyu0512workout/haoyu0512workout_whole_session_20260512_165723.csv,haoyu0512workout,91803,92153,one_arm_db_row,0.8877,short_time_energy
datasets/workout/haoyu0512workout/haoyu0512workout_whole_session_20260512_165723.csv,haoyu0512workout,92153,92541,one_arm_db_row,0.9169,short_time_energy
datasets/workout/haoyu0512workout/haoyu0512workout_whole_session_20260512_165723.csv,haoyu0512workout,92541,92751,one_arm_db_row,0.6505,short_time_energy
datasets/workout/haoyu0512workout/haoyu0512workout_whole_session_20260512_165723.csv,haoyu0512workout,92751,92850,one_arm_db_row,0.33,short_time_energy
datasets/workout/haoyu0512workout/haoyu0512workout_whole_session_20260512_165723.csv,haoyu0512workout,123036,123502,db_rdl,0.7341,short_time_energy
datasets/workout/haoyu0512workout/haoyu0512workout_whole_session_20260512_165723.csv,haoyu0512workout,123653,123938,db_rdl,0.5758,short_time_energy
datasets/workout/haoyu0512workout/haoyu0512workout_whole_session_20260512_165723.csv,haoyu0512workout,124051,124393,db_rdl,0.7065,short_time_energy
datasets/workout/haoyu0512workout/haoyu0512workout_whole_session_20260512_165723.csv,haoyu0512workout,124530,124786,db_rdl,0.64,short_time_energy
datasets/workout/haoyu0512workout/haoyu0512workout_whole_session_20260512_165723.csv,haoyu0512workout,124981,125255,db_rdl,0.5404,short_time_energy
datasets/workout/haoyu0512workout/haoyu0512workout_whole_session_20260512_165723.csv,haoyu0512workout,125479,125809,db_rdl,0.6627,short_time_energy
datasets/workout/haoyu0512workout/haoyu0512workout_whole_session_20260512_165723.csv,haoyu0512workout,125809,126451,db_rdl,0.676,short_time_energy
datasets/workout/haoyu0512workout/haoyu0512workout_whole_session_20260512_165723.csv,haoyu0512workout,126451,126821,db_rdl,0.7336,short_time_energy
datasets/workout/haoyu0512workout/haoyu0512workout_whole_session_20260512_165723.csv,haoyu0512workout,126821,127113,db_rdl,0.646,short_time_energy
datasets/workout/haoyu0512workout/haoyu0512workout_whole_session_20260512_165723.csv,haoyu0512workout,127113,127268,db_rdl,0.3224,short_time_energy
datasets/workout/haoyu0512workout/haoyu0512workout_whole_session_20260512_165723.csv,haoyu0512workout,127268,127524,db_rdl,0.5378,short_time_energy
datasets/workout/haoyu0512workout/haoyu0512workout_whole_session_20260512_165723.csv,haoyu0512workout,127524,127858,db_rdl,0.3568,short_time_energy
datasets/workout/haoyu0512workout/haoyu0512workout_whole_session_20260512_165723.csv,haoyu0512workout,127858,128296,db_rdl,0.7281,short_time_energy
datasets/workout/haoyu0512workout/haoyu0512workout_whole_session_20260512_165723.csv,haoyu0512workout,128296,128733,db_rdl,0.7799,short_time_energy
datasets/workout/haoyu0512workout/haoyu0512workout_whole_session_20260512_165723.csv,haoyu0512workout,137831,138185,db_rdl,0.5955,short_time_energy
datasets/workout/haoyu0512workout/haoyu0512workout_whole_session_20260512_165723.csv,haoyu0512workout,138329,138803,db_rdl,0.6736,short_time_energy
datasets/workout/haoyu0512workout/haoyu0512workout_whole_session_20260512_165723.csv,haoyu0512workout,138803,139026,db_rdl,0.515,short_time_energy
datasets/workout/haoyu0512workout/haoyu0512workout_whole_session_20260512_165723.csv,haoyu0512workout,139143,139411,db_rdl,0.7016,short_time_energy
datasets/workout/haoyu0512workout/haoyu0512workout_whole_session_20260512_165723.csv,haoyu0512workout,139583,139944,db_rdl,0.7708,short_time_energy
datasets/workout/haoyu0512workout/haoyu0512workout_whole_session_20260512_165723.csv,haoyu0512workout,139944,140245,db_rdl,0.7488,short_time_energy
datasets/workout/haoyu0512workout/haoyu0512workout_whole_session_20260512_165723.csv,haoyu0512workout,140245,140461,db_rdl,0.2618,short_time_energy
datasets/workout/haoyu0512workout/haoyu0512workout_whole_session_20260512_165723.csv,haoyu0512workout,140461,140655,db_rdl,0.4565,short_time_energy
datasets/workout/haoyu0512workout/haoyu0512workout_whole_session_20260512_165723.csv,haoyu0512workout,140895,141302,db_rdl,0.6357,short_time_energy
datasets/workout/haoyu0512workout/haoyu0512workout_whole_session_20260512_165723.csv,haoyu0512workout,141302,141510,db_rdl,0.5926,short_time_energy
datasets/workout/haoyu0512workout/haoyu0512workout_whole_session_20260512_165723.csv,haoyu0512workout,141629,142181,db_rdl,0.6177,short_time_energy
datasets/workout/haoyu0512workout/haoyu0512workout_whole_session_20260512_165723.csv,haoyu0512workout,142181,142568,db_rdl,0.5078,short_time_energy
datasets/workout/haoyu0512workout/haoyu0512workout_whole_session_20260512_165723.csv,haoyu0512workout,142568,143059,db_rdl,0.5915,short_time_energy
datasets/workout/haoyu0512workout/haoyu0512workout_whole_session_20260512_165723.csv,haoyu0512workout,156900,157448,db_rdl,0.6391,short_time_energy
datasets/workout/haoyu0512workout/haoyu0512workout_whole_session_20260512_165723.csv,haoyu0512workout,157759,157925,db_rdl,0.2917,short_time_energy
datasets/workout/haoyu0512workout/haoyu0512workout_whole_session_20260512_165723.csv,haoyu0512workout,158152,158523,db_rdl,0.6982,short_time_energy
datasets/workout/haoyu0512workout/haoyu0512workout_whole_session_20260512_165723.csv,haoyu0512workout,158609,158953,db_rdl,0.7908,short_time_energy
datasets/workout/haoyu0512workout/haoyu0512workout_whole_session_20260512_165723.csv,haoyu0512workout,159599,159832,db_rdl,0.4905,short_time_energy
datasets/workout/haoyu0512workout/haoyu0512workout_whole_session_20260512_165723.csv,haoyu0512workout,160068,160399,db_rdl,0.7372,short_time_energy
datasets/workout/haoyu0512workout/haoyu0512workout_whole_session_20260512_165723.csv,haoyu0512workout,160558,160711,db_rdl,0.2713,short_time_energy
datasets/workout/haoyu0512workout/haoyu0512workout_whole_session_20260512_165723.csv,haoyu0512workout,161010,161371,db_rdl,0.6209,short_time_energy
datasets/workout/haoyu0512workout/haoyu0512workout_whole_session_20260512_165723.csv,haoyu0512workout,161525,161691,db_rdl,0.3596,short_time_energy
datasets/workout/haoyu0512workout/haoyu0512workout_whole_session_20260512_165723.csv,haoyu0512workout,161691,161822,db_rdl,0.2885,short_time_energy
datasets/workout/haoyu0512workout/haoyu0512workout_whole_session_20260512_165723.csv,haoyu0512workout,161822,161977,db_rdl,0.3414,short_time_energy
datasets/workout/haoyu0512workout/haoyu0512workout_whole_session_20260512_165723.csv,haoyu0512workout,161977,162143,db_rdl,0.3673,short_time_energy
datasets/workout/haoyu0512workout/haoyu0512workout_whole_session_20260512_165723.csv,haoyu0512workout,162143,162291,db_rdl,0.3387,short_time_energy
datasets/workout/haoyu0512workout/haoyu0512workout_whole_session_20260512_165723.csv,haoyu0512workout,162291,162415,db_rdl,0.2838,short_time_energy
datasets/workout/haoyu0512workout/haoyu0512workout_whole_session_20260512_165723.csv,haoyu0512workout,162415,162548,db_rdl,0.3542,short_time_energy
datasets/workout/haoyu0512workout/haoyu0512workout_whole_session_20260512_165723.csv,haoyu0512workout,183554,184642,db_weighted_crunch,0.3695,short_time_energy
datasets/workout/haoyu0512workout/haoyu0512workout_whole_session_20260512_165723.csv,haoyu0512workout,184642,184999,db_weighted_crunch,0.7404,short_time_energy
datasets/workout/haoyu0512workout/haoyu0512workout_whole_session_20260512_165723.csv,haoyu0512workout,195922,196378,db_weighted_crunch,0.7583,short_time_energy
datasets/workout/haoyu0512workout/haoyu0512workout_whole_session_20260512_165723.csv,haoyu0512workout,196378,196508,db_weighted_crunch,0.3732,short_time_energy
datasets/workout/haoyu0512workout/haoyu0512workout_whole_session_20260512_165723.csv,haoyu0512workout,196508,196767,db_weighted_crunch,0.4219,short_time_energy
datasets/workout/haoyu0512workout/haoyu0512workout_whole_session_20260512_165723.csv,haoyu0512workout,196767,197125,db_weighted_crunch,0.6371,short_time_energy
datasets/workout/haoyu0512workout/haoyu0512workout_whole_session_20260512_165723.csv,haoyu0512workout,197125,197451,db_weighted_crunch,0.7789,short_time_energy
datasets/workout/haoyu0512workout/haoyu0512workout_whole_session_20260512_165723.csv,haoyu0512workout,197451,197858,db_weighted_crunch,0.7302,short_time_energy
datasets/workout/haoyu0512workout/haoyu0512workout_whole_session_20260512_165723.csv,haoyu0512workout,197895,198203,db_weighted_crunch,0.6461,short_time_energy
datasets/workout/haoyu0512workout/haoyu0512workout_whole_session_20260512_165723.csv,haoyu0512workout,198203,198522,db_weighted_crunch,0.811,short_time_energy
datasets/workout/haoyu0512workout/haoyu0512workout_whole_session_20260512_165723.csv,haoyu0512workout,198522,198633,db_weighted_crunch,0.3294,short_time_energy
datasets/workout/haoyu0512workout/haoyu0512workout_whole_session_20260512_165723.csv,haoyu0512workout,198633,198886,db_weighted_crunch,0.4604,short_time_energy
datasets/workout/haoyu0512workout/haoyu0512workout_whole_session_20260512_165723.csv,haoyu0512workout,198886,199008,db_weighted_crunch,0.3169,short_time_energy
datasets/workout/haoyu0512workout/haoyu0512workout_whole_session_20260512_165723.csv,haoyu0512workout,199008,199251,db_weighted_crunch,0.4537,short_time_energy
datasets/workout/haoyu0512workout/haoyu0512workout_whole_session_20260512_165723.csv,haoyu0512workout,199251,199606,db_weighted_crunch,0.7562,short_time_energy
datasets/workout/haoyu0512workout/haoyu0512workout_whole_session_20260512_165723.csv,haoyu0512workout,199682,199967,db_weighted_crunch,0.6189,short_time_energy
datasets/workout/haoyu0512workout/haoyu0512workout_whole_session_20260512_165723.csv,haoyu0512workout,200030,200186,db_weighted_crunch,0.4073,short_time_energy
datasets/workout/haoyu0512workout/haoyu0512workout_whole_session_20260512_165723.csv,haoyu0512workout,200186,200400,db_weighted_crunch,0.2894,short_time_energy
datasets/workout/haoyu0512workout/haoyu0512workout_whole_session_20260512_165723.csv,haoyu0512workout,211974,212059,db_weighted_crunch,0.3269,short_time_energy
datasets/workout/haoyu0512workout/haoyu0512workout_whole_session_20260512_165723.csv,haoyu0512workout,212310,212419,db_weighted_crunch,0.3406,short_time_energy
datasets/workout/haoyu0512workout/haoyu0512workout_whole_session_20260512_165723.csv,haoyu0512workout,213255,213355,db_weighted_crunch,0.3279,short_time_energy
datasets/workout/haoyu0512workout/haoyu0512workout_whole_session_20260512_165723.csv,haoyu0512workout,213355,213449,db_weighted_crunch,0.3082,short_time_energy
datasets/workout/haoyu0512workout/haoyu0512workout_whole_session_20260512_165723.csv,haoyu0512workout,213664,213755,db_weighted_crunch,0.2725,short_time_energy
datasets/workout/haoyu0512workout/haoyu0512workout_whole_session_20260512_165723.csv,haoyu0512workout,214184,214277,db_weighted_crunch,0.287,short_time_energy
datasets/workout/haoyu0512workout/haoyu0512workout_whole_session_20260512_165723.csv,haoyu0512workout,214343,214473,db_weighted_crunch,0.4012,short_time_energy
datasets/workout/haoyu0512workout/haoyu0512workout_whole_session_20260512_165723.csv,haoyu0512workout,245915,246431,db_shoulder_press,0.6514,short_time_energy
datasets/workout/haoyu0512workout/haoyu0512workout_whole_session_20260512_165723.csv,haoyu0512workout,246571,246874,db_shoulder_press,0.7089,short_time_energy
datasets/workout/haoyu0512workout/haoyu0512workout_whole_session_20260512_165723.csv,haoyu0512workout,246874,247005,db_shoulder_press,0.2841,short_time_energy
datasets/workout/haoyu0512workout/haoyu0512workout_whole_session_20260512_165723.csv,haoyu0512workout,247005,247284,db_shoulder_press,0.6256,short_time_energy
datasets/workout/haoyu0512workout/haoyu0512workout_whole_session_20260512_165723.csv,haoyu0512workout,247284,247442,db_shoulder_press,0.3543,short_time_energy
datasets/workout/haoyu0512workout/haoyu0512workout_whole_session_20260512_165723.csv,haoyu0512workout,247442,247673,db_shoulder_press,0.6461,short_time_energy
datasets/workout/haoyu0512workout/haoyu0512workout_whole_session_20260512_165723.csv,haoyu0512workout,247673,247829,db_shoulder_press,0.3238,short_time_energy
datasets/workout/haoyu0512workout/haoyu0512workout_whole_session_20260512_165723.csv,haoyu0512workout,247829,248149,db_shoulder_press,0.6667,short_time_energy
datasets/workout/haoyu0512workout/haoyu0512workout_whole_session_20260512_165723.csv,haoyu0512workout,248149,248301,db_shoulder_press,0.2565,short_time_energy
datasets/workout/haoyu0512workout/haoyu0512workout_whole_session_20260512_165723.csv,haoyu0512workout,248301,248504,db_shoulder_press,0.5577,short_time_energy
datasets/workout/haoyu0512workout/haoyu0512workout_whole_session_20260512_165723.csv,haoyu0512workout,248504,248649,db_shoulder_press,0.372,short_time_energy
datasets/workout/haoyu0512workout/haoyu0512workout_whole_session_20260512_165723.csv,haoyu0512workout,248649,248783,db_shoulder_press,0.3213,short_time_energy
datasets/workout/haoyu0512workout/haoyu0512workout_whole_session_20260512_165723.csv,haoyu0512workout,248920,249047,db_shoulder_press,0.3046,short_time_energy
datasets/workout/haoyu0512workout/haoyu0512workout_whole_session_20260512_165723.csv,haoyu0512workout,249133,249308,db_shoulder_press,0.4704,short_time_energy
datasets/workout/haoyu0512workout/haoyu0512workout_whole_session_20260512_165723.csv,haoyu0512workout,249308,249489,db_shoulder_press,0.286,short_time_energy
datasets/workout/haoyu0512workout/haoyu0512workout_whole_session_20260512_165723.csv,haoyu0512workout,249489,249618,db_shoulder_press,0.4121,short_time_energy
datasets/workout/haoyu0512workout/haoyu0512workout_whole_session_20260512_165723.csv,haoyu0512workout,249618,249745,db_shoulder_press,0.4013,short_time_energy
datasets/workout/haoyu0512workout/haoyu0512workout_whole_session_20260512_165723.csv,haoyu0512workout,249745,250074,db_shoulder_press,0.7137,short_time_energy
datasets/workout/haoyu0512workout/haoyu0512workout_whole_session_20260512_165723.csv,haoyu0512workout,250074,250200,db_shoulder_press,0.2733,short_time_energy
datasets/workout/haoyu0512workout/haoyu0512workout_whole_session_20260512_165723.csv,haoyu0512workout,250200,250436,db_shoulder_press,0.6381,short_time_energy
datasets/workout/haoyu0512workout/haoyu0512workout_whole_session_20260512_165723.csv,haoyu0512workout,250436,250555,db_shoulder_press,0.3333,short_time_energy
datasets/workout/haoyu0512workout/haoyu0512workout_whole_session_20260512_165723.csv,haoyu0512workout,250555,250718,db_shoulder_press,0.392,short_time_energy
datasets/workout/haoyu0512workout/haoyu0512workout_whole_session_20260512_165723.csv,haoyu0512workout,250718,250841,db_shoulder_press,0.3146,short_time_energy
datasets/workout/haoyu0512workout/haoyu0512workout_whole_session_20260512_165723.csv,haoyu0512workout,250841,250979,db_shoulder_press,0.2686,short_time_energy
datasets/workout/haoyu0512workout/haoyu0512workout_whole_session_20260512_165723.csv,haoyu0512workout,264396,264507,db_shoulder_press,0.4111,short_time_energy
datasets/workout/haoyu0512workout/haoyu0512workout_whole_session_20260512_165723.csv,haoyu0512workout,264507,264613,db_shoulder_press,0.3926,short_time_energy
datasets/workout/haoyu0512workout/haoyu0512workout_whole_session_20260512_165723.csv,haoyu0512workout,264726,264833,db_shoulder_press,0.3508,short_time_energy
datasets/workout/haoyu0512workout/haoyu0512workout_whole_session_20260512_165723.csv,haoyu0512workout,264833,264963,db_shoulder_press,0.3344,short_time_energy
datasets/workout/haoyu0512workout/haoyu0512workout_whole_session_20260512_165723.csv,haoyu0512workout,264963,265089,db_shoulder_press,0.2986,short_time_energy
datasets/workout/haoyu0512workout/haoyu0512workout_whole_session_20260512_165723.csv,haoyu0512workout,265089,265207,db_shoulder_press,0.2796,short_time_energy
datasets/workout/haoyu0512workout/haoyu0512workout_whole_session_20260512_165723.csv,haoyu0512workout,265207,265378,db_shoulder_press,0.3601,short_time_energy
datasets/workout/haoyu0512workout/haoyu0512workout_whole_session_20260512_165723.csv,haoyu0512workout,265378,265560,db_shoulder_press,0.5515,short_time_energy
datasets/workout/haoyu0512workout/haoyu0512workout_whole_session_20260512_165723.csv,haoyu0512workout,265560,265781,db_shoulder_press,0.3213,short_time_energy
datasets/workout/haoyu0512workout/haoyu0512workout_whole_session_20260512_165723.csv,haoyu0512workout,265781,265907,db_shoulder_press,0.43,short_time_energy
datasets/workout/haoyu0512workout/haoyu0512workout_whole_session_20260512_165723.csv,haoyu0512workout,265907,266010,db_shoulder_press,0.2532,short_time_energy
datasets/workout/haoyu0512workout/haoyu0512workout_whole_session_20260512_165723.csv,haoyu0512workout,266010,266160,db_shoulder_press,0.3311,short_time_energy
datasets/workout/haoyu0512workout/haoyu0512workout_whole_session_20260512_165723.csv,haoyu0512workout,266293,266467,db_shoulder_press,0.3063,short_time_energy
datasets/workout/haoyu0512workout/haoyu0512workout_whole_session_20260512_165723.csv,haoyu0512workout,266467,266578,db_shoulder_press,0.2976,short_time_energy
datasets/workout/haoyu0512workout/haoyu0512workout_whole_session_20260512_165723.csv,haoyu0512workout,266578,266687,db_shoulder_press,0.2922,short_time_energy
datasets/workout/haoyu0512workout/haoyu0512workout_whole_session_20260512_165723.csv,haoyu0512workout,266687,266892,db_shoulder_press,0.2788,short_time_energy
datasets/workout/haoyu0512workout/haoyu0512workout_whole_session_20260512_165723.csv,haoyu0512workout,266892,267081,db_shoulder_press,0.4426,short_time_energy
datasets/workout/haoyu0512workout/haoyu0512workout_whole_session_20260512_165723.csv,haoyu0512workout,267081,267273,db_shoulder_press,0.3457,short_time_energy
datasets/workout/haoyu0512workout/haoyu0512workout_whole_session_20260512_165723.csv,haoyu0512workout,267323,267436,db_shoulder_press,0.2958,short_time_energy
datasets/workout/haoyu0512workout/haoyu0512workout_whole_session_20260512_165723.csv,haoyu0512workout,267627,267870,db_shoulder_press,0.6231,short_time_energy
datasets/workout/haoyu0512workout/haoyu0512workout_whole_session_20260512_165723.csv,haoyu0512workout,267870,268051,db_shoulder_press,0.331,short_time_energy
datasets/workout/haoyu0512workout/haoyu0512workout_whole_session_20260512_165723.csv,haoyu0512workout,268051,268260,db_shoulder_press,0.5603,short_time_energy
datasets/workout/haoyu0512workout/haoyu0512workout_whole_session_20260512_165723.csv,haoyu0512workout,268393,268661,db_shoulder_press,0.7571,short_time_energy
datasets/workout/haoyu0512workout/haoyu0512workout_whole_session_20260512_165723.csv,haoyu0512workout,279644,279956,db_shoulder_press,0.3522,short_time_energy
datasets/workout/haoyu0512workout/haoyu0512workout_whole_session_20260512_165723.csv,haoyu0512workout,279956,280211,db_shoulder_press,0.5573,short_time_energy
datasets/workout/haoyu0512workout/haoyu0512workout_whole_session_20260512_165723.csv,haoyu0512workout,280211,280608,db_shoulder_press,0.9048,short_time_energy
datasets/workout/haoyu0512workout/haoyu0512workout_whole_session_20260512_165723.csv,haoyu0512workout,280608,280926,db_shoulder_press,0.7327,short_time_energy
datasets/workout/haoyu0512workout/haoyu0512workout_whole_session_20260512_165723.csv,haoyu0512workout,281054,281295,db_shoulder_press,0.6359,short_time_energy
datasets/workout/haoyu0512workout/haoyu0512workout_whole_session_20260512_165723.csv,haoyu0512workout,281415,281723,db_shoulder_press,0.7213,short_time_energy
datasets/workout/haoyu0512workout/haoyu0512workout_whole_session_20260512_165723.csv,haoyu0512workout,281889,282188,db_shoulder_press,0.6242,short_time_energy
datasets/workout/haoyu0512workout/haoyu0512workout_whole_session_20260512_165723.csv,haoyu0512workout,282287,282465,db_shoulder_press,0.5088,short_time_energy
datasets/workout/haoyu0512workout/haoyu0512workout_whole_session_20260512_165723.csv,haoyu0512workout,282465,282659,db_shoulder_press,0.4457,short_time_energy
datasets/workout/haoyu0512workout/haoyu0512workout_whole_session_20260512_165723.csv,haoyu0512workout,282659,283306,db_shoulder_press,0.6588,short_time_energy
datasets/workout/haoyu0512workout/haoyu0512workout_whole_session_20260512_165723.csv,haoyu0512workout,283306,283581,db_shoulder_press,0.4946,short_time_energy
datasets/workout/haoyu0512workout/haoyu0512workout_whole_session_20260512_165723.csv,haoyu0512workout,283754,284181,db_shoulder_press,0.7077,short_time_energy
datasets/workout/haoyu0512workout/haoyu0512workout_whole_session_20260512_165723.csv,haoyu0512workout,284181,284380,db_shoulder_press,0.4866,short_time_energy
datasets/workout/haoyu0512workout/haoyu0512workout_whole_session_20260512_165723.csv,haoyu0512workout,284455,284785,db_shoulder_press,0.5248,short_time_energy
datasets/workout/haoyu0512workout/haoyu0512workout_whole_session_20260512_165723.csv,haoyu0512workout,297637,297966,db_biceps_curl,0.3122,short_time_energy
datasets/workout/haoyu0512workout/haoyu0512workout_whole_session_20260512_165723.csv,haoyu0512workout,298333,298463,db_biceps_curl,0.4319,short_time_energy
datasets/workout/haoyu0512workout/haoyu0512workout_whole_session_20260512_165723.csv,haoyu0512workout,298849,298959,db_biceps_curl,0.2689,short_time_energy
datasets/workout/haoyu0512workout/haoyu0512workout_whole_session_20260512_165723.csv,haoyu0512workout,299022,299188,db_biceps_curl,0.5204,short_time_energy
datasets/workout/haoyu0512workout/haoyu0512workout_whole_session_20260512_165723.csv,haoyu0512workout,299188,299280,db_biceps_curl,0.2884,short_time_energy
datasets/workout/haoyu0512workout/haoyu0512workout_whole_session_20260512_165723.csv,haoyu0512workout,299337,299474,db_biceps_curl,0.491,short_time_energy
datasets/workout/haoyu0512workout/haoyu0512workout_whole_session_20260512_165723.csv,haoyu0512workout,299474,299608,db_biceps_curl,0.328,short_time_energy
datasets/workout/haoyu0512workout/haoyu0512workout_whole_session_20260512_165723.csv,haoyu0512workout,299741,299855,db_biceps_curl,0.2836,short_time_energy
datasets/workout/haoyu0512workout/haoyu0512workout_whole_session_20260512_165723.csv,haoyu0512workout,300005,300155,db_biceps_curl,0.4902,short_time_energy
datasets/workout/haoyu0512workout/haoyu0512workout_whole_session_20260512_165723.csv,haoyu0512workout,300155,300269,db_biceps_curl,0.3725,short_time_energy
datasets/workout/haoyu0512workout/haoyu0512workout_whole_session_20260512_165723.csv,haoyu0512workout,300336,300448,db_biceps_curl,0.3394,short_time_energy
datasets/workout/haoyu0512workout/haoyu0512workout_whole_session_20260512_165723.csv,haoyu0512workout,300448,300533,db_biceps_curl,0.2576,short_time_energy
datasets/workout/haoyu0512workout/haoyu0512workout_whole_session_20260512_165723.csv,haoyu0512workout,300822,300959,db_biceps_curl,0.287,short_time_energy
datasets/workout/haoyu0512workout/haoyu0512workout_whole_session_20260512_165723.csv,haoyu0512workout,301093,301223,db_biceps_curl,0.3714,short_time_energy
datasets/workout/haoyu0512workout/haoyu0512workout_whole_session_20260512_165723.csv,haoyu0512workout,313132,313350,db_biceps_curl,0.2562,short_time_energy
datasets/workout/haoyu0512workout/haoyu0512workout_whole_session_20260512_165723.csv,haoyu0512workout,313446,313591,db_biceps_curl,0.3766,short_time_energy
datasets/workout/haoyu0512workout/haoyu0512workout_whole_session_20260512_165723.csv,haoyu0512workout,313666,313789,db_biceps_curl,0.3868,short_time_energy
datasets/workout/haoyu0512workout/haoyu0512workout_whole_session_20260512_165723.csv,haoyu0512workout,313789,314005,db_biceps_curl,0.3588,short_time_energy
datasets/workout/haoyu0512workout/haoyu0512workout_whole_session_20260512_165723.csv,haoyu0512workout,314005,314196,db_biceps_curl,0.5701,short_time_energy
datasets/workout/haoyu0512workout/haoyu0512workout_whole_session_20260512_165723.csv,haoyu0512workout,314348,314497,db_biceps_curl,0.4093,short_time_energy
datasets/workout/haoyu0512workout/haoyu0512workout_whole_session_20260512_165723.csv,haoyu0512workout,314497,314673,db_biceps_curl,0.3235,short_time_energy
datasets/workout/haoyu0512workout/haoyu0512workout_whole_session_20260512_165723.csv,haoyu0512workout,314673,314855,db_biceps_curl,0.5056,short_time_energy
datasets/workout/haoyu0512workout/haoyu0512workout_whole_session_20260512_165723.csv,haoyu0512workout,314855,315058,db_biceps_curl,0.3124,short_time_energy
datasets/workout/haoyu0512workout/haoyu0512workout_whole_session_20260512_165723.csv,haoyu0512workout,315058,315287,db_biceps_curl,0.5902,short_time_energy
datasets/workout/haoyu0512workout/haoyu0512workout_whole_session_20260512_165723.csv,haoyu0512workout,315497,315667,db_biceps_curl,0.4735,short_time_energy
datasets/workout/haoyu0512workout/haoyu0512workout_whole_session_20260512_165723.csv,haoyu0512workout,315857,316061,db_biceps_curl,0.5326,short_time_energy
datasets/workout/haoyu0512workout/haoyu0512workout_whole_session_20260512_165723.csv,haoyu0512workout,316164,316351,db_biceps_curl,0.4687,short_time_energy
datasets/workout/haoyu0512workout/haoyu0512workout_whole_session_20260512_165723.csv,haoyu0512workout,316564,316820,db_biceps_curl,0.6863,short_time_energy
datasets/workout/haoyu0512workout/haoyu0512workout_whole_session_20260512_165723.csv,haoyu0512workout,317023,317206,db_biceps_curl,0.4575,short_time_energy
datasets/workout/haoyu0512workout/haoyu0512workout_whole_session_20260512_165723.csv,haoyu0512workout,317345,317652,db_biceps_curl,0.7258,short_time_energy
datasets/workout/haoyu0512workout/haoyu0512workout_whole_session_20260512_165723.csv,haoyu0512workout,336145,336785,db_biceps_curl,0.475,short_time_energy
datasets/workout/haoyu0512workout/haoyu0512workout_whole_session_20260512_165723.csv,haoyu0512workout,339598,339707,db_biceps_curl,0.3011,short_time_energy
datasets/workout/haoyu0512workout/haoyu0512workout_whole_session_20260512_165723.csv,haoyu0512workout,340419,340531,db_biceps_curl,0.3146,short_time_energy
datasets/workout/haoyu0512workout/haoyu0512workout_whole_session_20260512_165723.csv,haoyu0512workout,340683,340780,db_biceps_curl,0.2748,short_time_energy
datasets/workout/haoyu0512workout/haoyu0512workout_whole_session_20260512_165723.csv,haoyu0512workout,341004,341175,db_biceps_curl,0.4453,short_time_energy
datasets/workout/haoyu0512workout/haoyu0512workout_whole_session_20260512_165723.csv,haoyu0512workout,341175,341437,db_biceps_curl,0.3265,short_time_energy
datasets/workout/haoyu0512workout/haoyu0512workout_whole_session_20260512_165723.csv,haoyu0512workout,341472,341580,db_biceps_curl,0.2975,short_time_energy
datasets/workout/haoyu0512workout/haoyu0512workout_whole_session_20260512_165723.csv,haoyu0512workout,341764,341938,db_biceps_curl,0.4652,short_time_energy
datasets/workout/haoyu0512workout/haoyu0512workout_whole_session_20260512_165723.csv,haoyu0512workout,341938,342039,db_biceps_curl,0.2701,short_time_energy
datasets/workout/haoyu0512workout/haoyu0512workout_whole_session_20260512_165723.csv,haoyu0512workout,342194,342320,db_biceps_curl,0.3462,short_time_energy
datasets/workout/haoyu0512workout/haoyu0512workout_whole_session_20260512_165723.csv,haoyu0512workout,342320,342492,db_biceps_curl,0.2732,short_time_energy
datasets/workout/haoyu0512workout/haoyu0512workout_whole_session_20260512_165723.csv,haoyu0512workout,342529,342644,db_biceps_curl,0.3018,short_time_energy
datasets/workout/haoyu0512workout/haoyu0512workout_whole_session_20260512_165723.csv,haoyu0512workout,342976,343092,db_biceps_curl,0.2836,short_time_energy
datasets/workout/haoyu0512workout/haoyu0512workout_whole_session_20260512_165723.csv,haoyu0512workout,343092,343276,db_biceps_curl,0.2891,short_time_energy
datasets/workout/haoyu0512workout/haoyu0512workout_whole_session_20260512_165723.csv,haoyu0512workout,343471,343593,db_biceps_curl,0.3042,short_time_energy
datasets/workout/haoyu0512workout/haoyu0512workout_whole_session_20260512_165723.csv,haoyu0512workout,343733,344004,db_biceps_curl,0.7169,short_time_energy
datasets/workout/haoyu0512workout/haoyu0512workout_whole_session_20260512_165723.csv,haoyu0512workout,374512,374786,db_triceps_curl,0.4877,short_time_energy
datasets/workout/haoyu0512workout/haoyu0512workout_whole_session_20260512_165723.csv,haoyu0512workout,374786,375052,db_triceps_curl,0.3772,short_time_energy
datasets/workout/haoyu0512workout/haoyu0512workout_whole_session_20260512_165723.csv,haoyu0512workout,375052,375456,db_triceps_curl,0.342,short_time_energy
datasets/workout/haoyu0512workout/haoyu0512workout_whole_session_20260512_165723.csv,haoyu0512workout,375456,376703,db_triceps_curl,0.3545,short_time_energy
datasets/workout/haoyu0512workout/haoyu0512workout_whole_session_20260512_165723.csv,haoyu0512workout,376703,377530,db_triceps_curl,0.5466,short_time_energy
datasets/workout/haoyu0512workout/haoyu0512workout_whole_session_20260512_165723.csv,haoyu0512workout,377530,377940,db_triceps_curl,0.4991,short_time_energy
datasets/workout/haoyu0512workout/haoyu0512workout_whole_session_20260512_165723.csv,haoyu0512workout,377940,378984,db_triceps_curl,0.409,short_time_energy
datasets/workout/haoyu0512workout/haoyu0512workout_whole_session_20260512_165723.csv,haoyu0512workout,378984,379261,db_triceps_curl,0.3663,short_time_energy
datasets/workout/haoyu0512workout/haoyu0512workout_whole_session_20260512_165723.csv,haoyu0512workout,379261,379547,db_triceps_curl,0.4304,short_time_energy
datasets/workout/haoyu0512workout/haoyu0512workout_whole_session_20260512_165723.csv,haoyu0512workout,386481,387023,db_triceps_curl,0.5904,short_time_energy
datasets/workout/haoyu0512workout/haoyu0512workout_whole_session_20260512_165723.csv,haoyu0512workout,387023,387482,db_triceps_curl,0.5099,short_time_energy
datasets/workout/haoyu0512workout/haoyu0512workout_whole_session_20260512_165723.csv,haoyu0512workout,387482,387653,db_triceps_curl,0.394,short_time_energy
datasets/workout/haoyu0512workout/haoyu0512workout_whole_session_20260512_165723.csv,haoyu0512workout,387653,387965,db_triceps_curl,0.4299,short_time_energy
datasets/workout/haoyu0512workout/haoyu0512workout_whole_session_20260512_165723.csv,haoyu0512workout,387965,388323,db_triceps_curl,0.3591,short_time_energy
datasets/workout/haoyu0512workout/haoyu0512workout_whole_session_20260512_165723.csv,haoyu0512workout,388323,388695,db_triceps_curl,0.4894,short_time_energy
datasets/workout/haoyu0512workout/haoyu0512workout_whole_session_20260512_165723.csv,haoyu0512workout,388695,389086,db_triceps_curl,0.5217,short_time_energy
datasets/workout/haoyu0512workout/haoyu0512workout_whole_session_20260512_165723.csv,haoyu0512workout,389086,389293,db_triceps_curl,0.4964,short_time_energy
datasets/workout/haoyu0512workout/haoyu0512workout_whole_session_20260512_165723.csv,haoyu0512workout,389467,389797,db_triceps_curl,0.7765,short_time_energy
datasets/workout/haoyu0512workout/haoyu0512workout_whole_session_20260512_165723.csv,haoyu0512workout,389797,390087,db_triceps_curl,0.7851,short_time_energy
datasets/workout/haoyu0512workout/haoyu0512workout_whole_session_20260512_165723.csv,haoyu0512workout,390272,390650,db_triceps_curl,0.5429,short_time_energy
datasets/workout/haoyu0512workout/haoyu0512workout_whole_session_20260512_165723.csv,haoyu0512workout,390650,390840,db_triceps_curl,0.4822,short_time_energy
datasets/workout/haoyu0512workout/haoyu0512workout_whole_session_20260512_165723.csv,haoyu0512workout,390840,391059,db_triceps_curl,0.2804,short_time_energy
datasets/workout/haoyu0512workout/haoyu0512workout_whole_session_20260512_165723.csv,haoyu0512workout,391059,391393,db_triceps_curl,0.5076,short_time_energy
datasets/workout/haoyu0512workout/haoyu0512workout_whole_session_20260512_165723.csv,haoyu0512workout,400440,400596,db_triceps_curl,0.2591,short_time_energy
datasets/workout/haoyu0512workout/haoyu0512workout_whole_session_20260512_165723.csv,haoyu0512workout,400639,400709,db_triceps_curl,0.2724,short_time_energy
datasets/workout/haoyu0512workout/haoyu0512workout_whole_session_20260512_165723.csv,haoyu0512workout,400941,401039,db_triceps_curl,0.2865,short_time_energy
datasets/workout/haoyu0512workout/haoyu0512workout_whole_session_20260512_165723.csv,haoyu0512workout,401254,401425,db_triceps_curl,0.4233,short_time_energy
datasets/workout/haoyu0512workout/haoyu0512workout_whole_session_20260512_165723.csv,haoyu0512workout,401533,401639,db_triceps_curl,0.2978,short_time_energy
datasets/workout/haoyu0512workout/haoyu0512workout_whole_session_20260512_165723.csv,haoyu0512workout,401895,401987,db_triceps_curl,0.257,short_time_energy
datasets/workout/haoyu0512workout/haoyu0512workout_whole_session_20260512_165723.csv,haoyu0512workout,402063,402161,db_triceps_curl,0.2737,short_time_energy
datasets/workout/haoyu0512workout/haoyu0512workout_whole_session_20260512_165723.csv,haoyu0512workout,402378,402526,db_triceps_curl,0.3885,short_time_energy
datasets/workout/haoyu0512workout/haoyu0512workout_whole_session_20260512_165723.csv,haoyu0512workout,402608,402741,db_triceps_curl,0.3385,short_time_energy
datasets/workout/haoyu0512workout/haoyu0512workout_whole_session_20260512_165723.csv,haoyu0512workout,403039,403170,db_triceps_curl,0.3864,short_time_energy
datasets/workout/haoyu0512workout/haoyu0512workout_whole_session_20260512_165723.csv,haoyu0512workout,403452,403551,db_triceps_curl,0.2698,short_time_energy
datasets/workout/haoyu0512workout/haoyu0512workout_whole_session_20260512_165723.csv,haoyu0512workout,403551,403646,db_triceps_curl,0.2589,short_time_energy
datasets/workout/haoyu0512workout/haoyu0512workout_whole_session_20260512_165723.csv,haoyu0512workout,404310,404402,db_triceps_curl,0.2599,short_time_energy
datasets/workout/haoyu0512workout/haoyu0512workout_whole_session_20260512_165723.csv,haoyu0512workout,404537,404657,db_triceps_curl,0.3315,short_time_energy
datasets/workout/haoyu0512workout/haoyu0512workout_whole_session_20260512_165723.csv,haoyu0512workout,404707,404826,db_triceps_curl,0.3287,short_time_energy
datasets/workout/haoyu0512workout/haoyu0512workout_whole_session_20260512_165723.csv,haoyu0512workout,422380,422614,db_squat,0.465,short_time_energy
datasets/workout/haoyu0512workout/haoyu0512workout_whole_session_20260512_165723.csv,haoyu0512workout,422614,422752,db_squat,0.4046,short_time_energy
datasets/workout/haoyu0512workout/haoyu0512workout_whole_session_20260512_165723.csv,haoyu0512workout,422752,422963,db_squat,0.6011,short_time_energy
datasets/workout/haoyu0512workout/haoyu0512workout_whole_session_20260512_165723.csv,haoyu0512workout,422963,423106,db_squat,0.3388,short_time_energy
datasets/workout/haoyu0512workout/haoyu0512workout_whole_session_20260512_165723.csv,haoyu0512workout,423106,423354,db_squat,0.7188,short_time_energy
datasets/workout/haoyu0512workout/haoyu0512workout_whole_session_20260512_165723.csv,haoyu0512workout,423461,423710,db_squat,0.7074,short_time_energy
datasets/workout/haoyu0512workout/haoyu0512workout_whole_session_20260512_165723.csv,haoyu0512workout,423801,424051,db_squat,0.6329,short_time_energy
datasets/workout/haoyu0512workout/haoyu0512workout_whole_session_20260512_165723.csv,haoyu0512workout,424051,424189,db_squat,0.3193,short_time_energy
datasets/workout/haoyu0512workout/haoyu0512workout_whole_session_20260512_165723.csv,haoyu0512workout,424189,424481,db_squat,0.7122,short_time_energy
datasets/workout/haoyu0512workout/haoyu0512workout_whole_session_20260512_165723.csv,haoyu0512workout,424653,424848,db_squat,0.5,short_time_energy
datasets/workout/haoyu0512workout/haoyu0512workout_whole_session_20260512_165723.csv,haoyu0512workout,424848,425021,db_squat,0.3063,short_time_energy
datasets/workout/haoyu0512workout/haoyu0512workout_whole_session_20260512_165723.csv,haoyu0512workout,425021,425232,db_squat,0.5396,short_time_energy
datasets/workout/haoyu0512workout/haoyu0512workout_whole_session_20260512_165723.csv,haoyu0512workout,425232,425370,db_squat,0.3529,short_time_energy
datasets/workout/haoyu0512workout/haoyu0512workout_whole_session_20260512_165723.csv,haoyu0512workout,425370,425604,db_squat,0.6545,short_time_energy
datasets/workout/haoyu0512workout/haoyu0512workout_whole_session_20260512_165723.csv,haoyu0512workout,425604,425719,db_squat,0.3239,short_time_energy
datasets/workout/haoyu0512workout/haoyu0512workout_whole_session_20260512_165723.csv,haoyu0512workout,425719,426002,db_squat,0.6587,short_time_energy
datasets/workout/haoyu0512workout/haoyu0512workout_whole_session_20260512_165723.csv,haoyu0512workout,426002,426107,db_squat,0.2549,short_time_energy
datasets/workout/haoyu0512workout/haoyu0512workout_whole_session_20260512_165723.csv,haoyu0512workout,426107,426447,db_squat,0.6897,short_time_energy
datasets/workout/haoyu0512workout/haoyu0512workout_whole_session_20260512_165723.csv,haoyu0512workout,426538,426770,db_squat,0.6091,short_time_energy
datasets/workout/haoyu0512workout/haoyu0512workout_whole_session_20260512_165723.csv,haoyu0512workout,426770,426951,db_squat,0.3056,short_time_energy
datasets/workout/haoyu0512workout/haoyu0512workout_whole_session_20260512_165723.csv,haoyu0512workout,438083,438316,db_squat,0.3731,short_time_energy
datasets/workout/haoyu0512workout/haoyu0512workout_whole_session_20260512_165723.csv,haoyu0512workout,438395,438478,db_squat,0.2602,short_time_energy
datasets/workout/haoyu0512workout/haoyu0512workout_whole_session_20260512_165723.csv,haoyu0512workout,438478,438649,db_squat,0.5559,short_time_energy
datasets/workout/haoyu0512workout/haoyu0512workout_whole_session_20260512_165723.csv,haoyu0512workout,438649,438789,db_squat,0.4079,short_time_energy
datasets/workout/haoyu0512workout/haoyu0512workout_whole_session_20260512_165723.csv,haoyu0512workout,438789,438932,db_squat,0.4554,short_time_energy
datasets/workout/haoyu0512workout/haoyu0512workout_whole_session_20260512_165723.csv,haoyu0512workout,438932,439099,db_squat,0.4755,short_time_energy
datasets/workout/haoyu0512workout/haoyu0512workout_whole_session_20260512_165723.csv,haoyu0512workout,439099,439280,db_squat,0.5604,short_time_energy
datasets/workout/haoyu0512workout/haoyu0512workout_whole_session_20260512_165723.csv,haoyu0512workout,439280,439411,db_squat,0.4012,short_time_energy
datasets/workout/haoyu0512workout/haoyu0512workout_whole_session_20260512_165723.csv,haoyu0512workout,439411,439584,db_squat,0.571,short_time_energy
datasets/workout/haoyu0512workout/haoyu0512workout_whole_session_20260512_165723.csv,haoyu0512workout,439584,439730,db_squat,0.4031,short_time_energy
datasets/workout/haoyu0512workout/haoyu0512workout_whole_session_20260512_165723.csv,haoyu0512workout,439730,439880,db_squat,0.4348,short_time_energy
datasets/workout/haoyu0512workout/haoyu0512workout_whole_session_20260512_165723.csv,haoyu0512workout,439880,440071,db_squat,0.4972,short_time_energy
datasets/workout/haoyu0512workout/haoyu0512workout_whole_session_20260512_165723.csv,haoyu0512workout,440071,440291,db_squat,0.6687,short_time_energy
datasets/workout/haoyu0512workout/haoyu0512workout_whole_session_20260512_165723.csv,haoyu0512workout,440291,440389,db_squat,0.29,short_time_energy
datasets/workout/haoyu0512workout/haoyu0512workout_whole_session_20260512_165723.csv,haoyu0512workout,440389,440642,db_squat,0.7667,short_time_energy
datasets/workout/haoyu0512workout/haoyu0512workout_whole_session_20260512_165723.csv,haoyu0512workout,440728,440894,db_squat,0.5076,short_time_energy
datasets/workout/haoyu0512workout/haoyu0512workout_whole_session_20260512_165723.csv,haoyu0512workout,440955,441042,db_squat,0.2661,short_time_energy
datasets/workout/haoyu0512workout/haoyu0512workout_whole_session_20260512_165723.csv,haoyu0512workout,441042,441182,db_squat,0.4726,short_time_energy
datasets/workout/haoyu0512workout/haoyu0512workout_whole_session_20260512_165723.csv,haoyu0512workout,441182,441334,db_squat,0.5241,short_time_energy
datasets/workout/haoyu0512workout/haoyu0512workout_whole_session_20260512_165723.csv,haoyu0512workout,441334,441505,db_squat,0.5229,short_time_energy
datasets/workout/haoyu0512workout/haoyu0512workout_whole_session_20260512_165723.csv,haoyu0512workout,441505,441664,db_squat,0.4727,short_time_energy
datasets/workout/haoyu0512workout/haoyu0512workout_whole_session_20260512_165723.csv,haoyu0512workout,441664,441839,db_squat,0.5609,short_time_energy
datasets/workout/haoyu0512workout/haoyu0512workout_whole_session_20260512_165723.csv,haoyu0512workout,441839,442076,db_squat,0.3229,short_time_energy
datasets/workout/haoyu0512workout/haoyu0512workout_whole_session_20260512_165723.csv,haoyu0512workout,452799,453046,db_squat,0.6026,short_time_energy
datasets/workout/haoyu0512workout/haoyu0512workout_whole_session_20260512_165723.csv,haoyu0512workout,453115,453346,db_squat,0.7884,short_time_energy
datasets/workout/haoyu0512workout/haoyu0512workout_whole_session_20260512_165723.csv,haoyu0512workout,453402,453628,db_squat,0.8339,short_time_energy
datasets/workout/haoyu0512workout/haoyu0512workout_whole_session_20260512_165723.csv,haoyu0512workout,453727,453933,db_squat,0.6438,short_time_energy
datasets/workout/haoyu0512workout/haoyu0512workout_whole_session_20260512_165723.csv,haoyu0512workout,454013,454109,db_squat,0.3179,short_time_energy
datasets/workout/haoyu0512workout/haoyu0512workout_whole_session_20260512_165723.csv,haoyu0512workout,454109,454237,db_squat,0.4238,short_time_energy
datasets/workout/haoyu0512workout/haoyu0512workout_whole_session_20260512_165723.csv,haoyu0512workout,454316,454399,db_squat,0.2912,short_time_energy
datasets/workout/haoyu0512workout/haoyu0512workout_whole_session_20260512_165723.csv,haoyu0512workout,454399,454529,db_squat,0.4561,short_time_energy
datasets/workout/haoyu0512workout/haoyu0512workout_whole_session_20260512_165723.csv,haoyu0512workout,454595,454799,db_squat,0.7669,short_time_energy
datasets/workout/haoyu0512workout/haoyu0512workout_whole_session_20260512_165723.csv,haoyu0512workout,454872,455079,db_squat,0.6854,short_time_energy
datasets/workout/haoyu0512workout/haoyu0512workout_whole_session_20260512_165723.csv,haoyu0512workout,455163,455247,db_squat,0.2887,short_time_energy
datasets/workout/haoyu0512workout/haoyu0512workout_whole_session_20260512_165723.csv,haoyu0512workout,455247,455363,db_squat,0.3986,short_time_energy
datasets/workout/haoyu0512workout/haoyu0512workout_whole_session_20260512_165723.csv,haoyu0512workout,455427,455633,db_squat,0.7323,short_time_energy
datasets/workout/haoyu0512workout/haoyu0512workout_whole_session_20260512_165723.csv,haoyu0512workout,455714,455789,db_squat,0.2708,short_time_energy
datasets/workout/haoyu0512workout/haoyu0512workout_whole_session_20260512_165723.csv,haoyu0512workout,455789,455911,db_squat,0.4404,short_time_energy
datasets/workout/haoyu0512workout/haoyu0512workout_whole_session_20260512_165723.csv,haoyu0512workout,455911,456072,db_squat,0.2973,short_time_energy
datasets/workout/haoyu0512workout/haoyu0512workout_whole_session_20260512_165723.csv,haoyu0512workout,456072,456198,db_squat,0.4649,short_time_energy
datasets/workout/hsianshun0514workout/hsianshun0514workout_whole_session_20260514_145843.csv,hsianshun0514workout,0,271,db_bench_press,0.3248,short_time_energy
datasets/workout/hsianshun0514workout/hsianshun0514workout_whole_session_20260514_145843.csv,hsianshun0514workout,271,378,db_bench_press,0.2688,short_time_energy
datasets/workout/hsianshun0514workout/hsianshun0514workout_whole_session_20260514_145843.csv,hsianshun0514workout,522,722,db_bench_press,0.4405,short_time_energy
datasets/workout/hsianshun0514workout/hsianshun0514workout_whole_session_20260514_145843.csv,hsianshun0514workout,878,1089,db_bench_press,0.251,short_time_energy
datasets/workout/hsianshun0514workout/hsianshun0514workout_whole_session_20260514_145843.csv,hsianshun0514workout,1089,1260,db_bench_press,0.3913,short_time_energy
datasets/workout/hsianshun0514workout/hsianshun0514workout_whole_session_20260514_145843.csv,hsianshun0514workout,1336,1601,db_bench_press,0.402,short_time_energy
datasets/workout/hsianshun0514workout/hsianshun0514workout_whole_session_20260514_145843.csv,hsianshun0514workout,1852,2058,db_bench_press,0.4858,short_time_energy
datasets/workout/hsianshun0514workout/hsianshun0514workout_whole_session_20260514_145843.csv,hsianshun0514workout,2058,2168,db_bench_press,0.2594,short_time_energy
datasets/workout/hsianshun0514workout/hsianshun0514workout_whole_session_20260514_145843.csv,hsianshun0514workout,2250,2484,db_bench_press,0.4735,short_time_energy
datasets/workout/hsianshun0514workout/hsianshun0514workout_whole_session_20260514_145843.csv,hsianshun0514workout,2484,2598,db_bench_press,0.2639,short_time_energy
datasets/workout/hsianshun0514workout/hsianshun0514workout_whole_session_20260514_145843.csv,hsianshun0514workout,2718,2895,db_bench_press,0.3848,short_time_energy
datasets/workout/hsianshun0514workout/hsianshun0514workout_whole_session_20260514_145843.csv,hsianshun0514workout,3165,3409,db_bench_press,0.5062,short_time_energy
datasets/workout/hsianshun0514workout/hsianshun0514workout_whole_session_20260514_145843.csv,hsianshun0514workout,3619,3865,db_bench_press,0.3961,short_time_energy
datasets/workout/hsianshun0514workout/hsianshun0514workout_whole_session_20260514_145843.csv,hsianshun0514workout,4101,4368,db_bench_press,0.3178,short_time_energy
datasets/workout/hsianshun0514workout/hsianshun0514workout_whole_session_20260514_145843.csv,hsianshun0514workout,4368,4533,db_bench_press,0.3143,short_time_energy
datasets/workout/hsianshun0514workout/hsianshun0514workout_whole_session_20260514_145843.csv,hsianshun0514workout,4533,4671,db_bench_press,0.2629,short_time_energy
datasets/workout/hsianshun0514workout/hsianshun0514workout_whole_session_20260514_145843.csv,hsianshun0514workout,4671,4872,db_bench_press,0.3288,short_time_energy
datasets/workout/hsianshun0514workout/hsianshun0514workout_whole_session_20260514_145843.csv,hsianshun0514workout,5109,5353,db_bench_press,0.3725,short_time_energy
datasets/workout/hsianshun0514workout/hsianshun0514workout_whole_session_20260514_145843.csv,hsianshun0514workout,5353,5473,db_bench_press,0.3297,short_time_energy
datasets/workout/hsianshun0514workout/hsianshun0514workout_whole_session_20260514_145843.csv,hsianshun0514workout,13270,13489,db_bench_press,0.2652,short_time_energy
datasets/workout/hsianshun0514workout/hsianshun0514workout_whole_session_20260514_145843.csv,hsianshun0514workout,13489,13632,db_bench_press,0.3939,short_time_energy
datasets/workout/hsianshun0514workout/hsianshun0514workout_whole_session_20260514_145843.csv,hsianshun0514workout,13764,14037,db_bench_press,0.432,short_time_energy
datasets/workout/hsianshun0514workout/hsianshun0514workout_whole_session_20260514_145843.csv,hsianshun0514workout,14276,14604,db_bench_press,0.4314,short_time_energy
datasets/workout/hsianshun0514workout/hsianshun0514workout_whole_session_20260514_145843.csv,hsianshun0514workout,14948,15087,db_bench_press,0.3302,short_time_energy
datasets/workout/hsianshun0514workout/hsianshun0514workout_whole_session_20260514_145843.csv,hsianshun0514workout,15173,15450,db_bench_press,0.3575,short_time_energy
datasets/workout/hsianshun0514workout/hsianshun0514workout_whole_session_20260514_145843.csv,hsianshun0514workout,15632,15886,db_bench_press,0.3659,short_time_energy
datasets/workout/hsianshun0514workout/hsianshun0514workout_whole_session_20260514_145843.csv,hsianshun0514workout,16062,16267,db_bench_press,0.29,short_time_energy
datasets/workout/hsianshun0514workout/hsianshun0514workout_whole_session_20260514_145843.csv,hsianshun0514workout,16267,16427,db_bench_press,0.3333,short_time_energy
datasets/workout/hsianshun0514workout/hsianshun0514workout_whole_session_20260514_145843.csv,hsianshun0514workout,16427,16792,db_bench_press,0.3174,short_time_energy
datasets/workout/hsianshun0514workout/hsianshun0514workout_whole_session_20260514_145843.csv,hsianshun0514workout,16792,16915,db_bench_press,0.2668,short_time_energy
datasets/workout/hsianshun0514workout/hsianshun0514workout_whole_session_20260514_145843.csv,hsianshun0514workout,17020,17189,db_bench_press,0.2716,short_time_energy
datasets/workout/hsianshun0514workout/hsianshun0514workout_whole_session_20260514_145843.csv,hsianshun0514workout,17437,17673,db_bench_press,0.2801,short_time_energy
datasets/workout/hsianshun0514workout/hsianshun0514workout_whole_session_20260514_145843.csv,hsianshun0514workout,17673,17807,db_bench_press,0.2809,short_time_energy
datasets/workout/hsianshun0514workout/hsianshun0514workout_whole_session_20260514_145843.csv,hsianshun0514workout,17903,18203,db_bench_press,0.3828,short_time_energy
datasets/workout/hsianshun0514workout/hsianshun0514workout_whole_session_20260514_145843.csv,hsianshun0514workout,18392,18728,db_bench_press,0.5974,short_time_energy
datasets/workout/hsianshun0514workout/hsianshun0514workout_whole_session_20260514_145843.csv,hsianshun0514workout,25408,25619,db_bench_press,0.2863,short_time_energy
datasets/workout/hsianshun0514workout/hsianshun0514workout_whole_session_20260514_145843.csv,hsianshun0514workout,26007,26126,db_bench_press,0.268,short_time_energy
datasets/workout/hsianshun0514workout/hsianshun0514workout_whole_session_20260514_145843.csv,hsianshun0514workout,26185,26329,db_bench_press,0.2591,short_time_energy
datasets/workout/hsianshun0514workout/hsianshun0514workout_whole_session_20260514_145843.csv,hsianshun0514workout,26568,26726,db_bench_press,0.3,short_time_energy
datasets/workout/hsianshun0514workout/hsianshun0514workout_whole_session_20260514_145843.csv,hsianshun0514workout,26985,27141,db_bench_press,0.3468,short_time_energy
datasets/workout/hsianshun0514workout/hsianshun0514workout_whole_session_20260514_145843.csv,hsianshun0514workout,27422,27595,db_bench_press,0.3597,short_time_energy
datasets/workout/hsianshun0514workout/hsianshun0514workout_whole_session_20260514_145843.csv,hsianshun0514workout,27846,28006,db_bench_press,0.4103,short_time_energy
datasets/workout/hsianshun0514workout/hsianshun0514workout_whole_session_20260514_145843.csv,hsianshun0514workout,28006,28137,db_bench_press,0.2903,short_time_energy
datasets/workout/hsianshun0514workout/hsianshun0514workout_whole_session_20260514_145843.csv,hsianshun0514workout,28310,28469,db_bench_press,0.2838,short_time_energy
datasets/workout/hsianshun0514workout/hsianshun0514workout_whole_session_20260514_145843.csv,hsianshun0514workout,28573,28690,db_bench_press,0.2505,short_time_energy
datasets/workout/hsianshun0514workout/hsianshun0514workout_whole_session_20260514_145843.csv,hsianshun0514workout,28757,28982,db_bench_press,0.2768,short_time_energy
datasets/workout/hsianshun0514workout/hsianshun0514workout_whole_session_20260514_145843.csv,hsianshun0514workout,29241,29479,db_bench_press,0.2587,short_time_energy
datasets/workout/hsianshun0514workout/hsianshun0514workout_whole_session_20260514_145843.csv,hsianshun0514workout,30214,30416,db_bench_press,0.3373,short_time_energy
datasets/workout/hsianshun0514workout/hsianshun0514workout_whole_session_20260514_145843.csv,hsianshun0514workout,30493,30587,db_bench_press,0.2655,short_time_energy
datasets/workout/hsianshun0514workout/hsianshun0514workout_whole_session_20260514_145843.csv,hsianshun0514workout,43120,43581,one_arm_db_row,0.6963,short_time_energy
datasets/workout/hsianshun0514workout/hsianshun0514workout_whole_session_20260514_145843.csv,hsianshun0514workout,43581,43845,one_arm_db_row,0.693,short_time_energy
datasets/workout/hsianshun0514workout/hsianshun0514workout_whole_session_20260514_145843.csv,hsianshun0514workout,43845,44101,one_arm_db_row,0.8101,short_time_energy
datasets/workout/hsianshun0514workout/hsianshun0514workout_whole_session_20260514_145843.csv,hsianshun0514workout,44101,44495,one_arm_db_row,0.7817,short_time_energy
datasets/workout/hsianshun0514workout/hsianshun0514workout_whole_session_20260514_145843.csv,hsianshun0514workout,44495,45047,one_arm_db_row,0.5236,short_time_energy
datasets/workout/hsianshun0514workout/hsianshun0514workout_whole_session_20260514_145843.csv,hsianshun0514workout,45047,45669,one_arm_db_row,0.5209,short_time_energy
datasets/workout/hsianshun0514workout/hsianshun0514workout_whole_session_20260514_145843.csv,hsianshun0514workout,45669,46326,one_arm_db_row,0.5099,short_time_energy
datasets/workout/hsianshun0514workout/hsianshun0514workout_whole_session_20260514_145843.csv,hsianshun0514workout,46326,46685,one_arm_db_row,0.8571,short_time_energy
datasets/workout/hsianshun0514workout/hsianshun0514workout_whole_session_20260514_145843.csv,hsianshun0514workout,46685,47036,one_arm_db_row,0.7806,short_time_energy
datasets/workout/hsianshun0514workout/hsianshun0514workout_whole_session_20260514_145843.csv,hsianshun0514workout,55244,55461,one_arm_db_row,0.6644,short_time_energy
datasets/workout/hsianshun0514workout/hsianshun0514workout_whole_session_20260514_145843.csv,hsianshun0514workout,55461,55654,one_arm_db_row,0.7798,short_time_energy
datasets/workout/hsianshun0514workout/hsianshun0514workout_whole_session_20260514_145843.csv,hsianshun0514workout,55654,55900,one_arm_db_row,0.9033,short_time_energy
datasets/workout/hsianshun0514workout/hsianshun0514workout_whole_session_20260514_145843.csv,hsianshun0514workout,55900,55984,one_arm_db_row,0.3111,short_time_energy
datasets/workout/hsianshun0514workout/hsianshun0514workout_whole_session_20260514_145843.csv,hsianshun0514workout,55984,56156,one_arm_db_row,0.637,short_time_energy
datasets/workout/hsianshun0514workout/hsianshun0514workout_whole_session_20260514_145843.csv,hsianshun0514workout,56223,56404,one_arm_db_row,0.7328,short_time_energy
datasets/workout/hsianshun0514workout/hsianshun0514workout_whole_session_20260514_145843.csv,hsianshun0514workout,56404,56665,one_arm_db_row,0.9161,short_time_energy
datasets/workout/hsianshun0514workout/hsianshun0514workout_whole_session_20260514_145843.csv,hsianshun0514workout,56665,56954,one_arm_db_row,0.9516,short_time_energy
datasets/workout/hsianshun0514workout/hsianshun0514workout_whole_session_20260514_145843.csv,hsianshun0514workout,56954,57227,one_arm_db_row,0.9512,short_time_energy
datasets/workout/hsianshun0514workout/hsianshun0514workout_whole_session_20260514_145843.csv,hsianshun0514workout,57227,57435,one_arm_db_row,0.6352,short_time_energy
datasets/workout/hsianshun0514workout/hsianshun0514workout_whole_session_20260514_145843.csv,hsianshun0514workout,57502,57845,one_arm_db_row,0.8571,short_time_energy
datasets/workout/hsianshun0514workout/hsianshun0514workout_whole_session_20260514_145843.csv,hsianshun0514workout,57845,58148,one_arm_db_row,0.8844,short_time_energy
datasets/workout/hsianshun0514workout/hsianshun0514workout_whole_session_20260514_145843.csv,hsianshun0514workout,58148,58321,one_arm_db_row,0.6578,short_time_energy
datasets/workout/hsianshun0514workout/hsianshun0514workout_whole_session_20260514_145843.csv,hsianshun0514workout,64632,64993,one_arm_db_row,0.6316,short_time_energy
datasets/workout/hsianshun0514workout/hsianshun0514workout_whole_session_20260514_145843.csv,hsianshun0514workout,64993,65238,one_arm_db_row,0.8808,short_time_energy
datasets/workout/hsianshun0514workout/hsianshun0514workout_whole_session_20260514_145843.csv,hsianshun0514workout,65238,65474,one_arm_db_row,0.9365,short_time_energy
datasets/workout/hsianshun0514workout/hsianshun0514workout_whole_session_20260514_145843.csv,hsianshun0514workout,65474,65708,one_arm_db_row,0.9915,short_time_energy
datasets/workout/hsianshun0514workout/hsianshun0514workout_whole_session_20260514_145843.csv,hsianshun0514workout,65708,65921,one_arm_db_row,0.8353,short_time_energy
datasets/workout/hsianshun0514workout/hsianshun0514workout_whole_session_20260514_145843.csv,hsianshun0514workout,65921,66156,one_arm_db_row,0.704,short_time_energy
datasets/workout/hsianshun0514workout/hsianshun0514workout_whole_session_20260514_145843.csv,hsianshun0514workout,66156,66486,one_arm_db_row,0.703,short_time_energy
datasets/workout/hsianshun0514workout/hsianshun0514workout_whole_session_20260514_145843.csv,hsianshun0514workout,66486,66669,one_arm_db_row,0.7029,short_time_energy
datasets/workout/hsianshun0514workout/hsianshun0514workout_whole_session_20260514_145843.csv,hsianshun0514workout,66669,66996,one_arm_db_row,0.7515,short_time_energy
datasets/workout/hsianshun0514workout/hsianshun0514workout_whole_session_20260514_145843.csv,hsianshun0514workout,66996,67182,one_arm_db_row,0.7031,short_time_energy
datasets/workout/hsianshun0514workout/hsianshun0514workout_whole_session_20260514_145843.csv,hsianshun0514workout,67182,67438,one_arm_db_row,0.9504,short_time_energy
datasets/workout/hsianshun0514workout/hsianshun0514workout_whole_session_20260514_145843.csv,hsianshun0514workout,67438,67800,one_arm_db_row,0.6098,short_time_energy
datasets/workout/hsianshun0514workout/hsianshun0514workout_whole_session_20260514_145843.csv,hsianshun0514workout,74711,75014,one_arm_db_row,0.5684,short_time_energy
datasets/workout/hsianshun0514workout/hsianshun0514workout_whole_session_20260514_145843.csv,hsianshun0514workout,75014,75266,one_arm_db_row,0.8794,short_time_energy
datasets/workout/hsianshun0514workout/hsianshun0514workout_whole_session_20260514_145843.csv,hsianshun0514workout,75266,75554,one_arm_db_row,0.7951,short_time_energy
datasets/workout/hsianshun0514workout/hsianshun0514workout_whole_session_20260514_145843.csv,hsianshun0514workout,75554,75736,one_arm_db_row,0.7203,short_time_energy
datasets/workout/hsianshun0514workout/hsianshun0514workout_whole_session_20260514_145843.csv,hsianshun0514workout,75736,75968,one_arm_db_row,0.8852,short_time_energy
datasets/workout/hsianshun0514workout/hsianshun0514workout_whole_session_20260514_145843.csv,hsianshun0514workout,75968,76204,one_arm_db_row,0.9365,short_time_energy
datasets/workout/hsianshun0514workout/hsianshun0514workout_whole_session_20260514_145843.csv,hsianshun0514workout,76204,76420,one_arm_db_row,0.9769,short_time_energy
datasets/workout/hsianshun0514workout/hsianshun0514workout_whole_session_20260514_145843.csv,hsianshun0514workout,76420,76655,one_arm_db_row,0.95,short_time_energy
datasets/workout/hsianshun0514workout/hsianshun0514workout_whole_session_20260514_145843.csv,hsianshun0514workout,76655,76870,one_arm_db_row,0.9034,short_time_energy
datasets/workout/hsianshun0514workout/hsianshun0514workout_whole_session_20260514_145843.csv,hsianshun0514workout,76870,77094,one_arm_db_row,0.8703,short_time_energy
datasets/workout/hsianshun0514workout/hsianshun0514workout_whole_session_20260514_145843.csv,hsianshun0514workout,77094,77274,one_arm_db_row,0.6653,short_time_energy
datasets/workout/hsianshun0514workout/hsianshun0514workout_whole_session_20260514_145843.csv,hsianshun0514workout,77274,77334,one_arm_db_row,0.2575,short_time_energy
datasets/workout/hsianshun0514workout/hsianshun0514workout_whole_session_20260514_145843.csv,hsianshun0514workout,77334,77617,one_arm_db_row,0.9717,short_time_energy
datasets/workout/hsianshun0514workout/hsianshun0514workout_whole_session_20260514_145843.csv,hsianshun0514workout,112169,112392,db_rdl,0.5807,short_time_energy
datasets/workout/hsianshun0514workout/hsianshun0514workout_whole_session_20260514_145843.csv,hsianshun0514workout,112458,112588,db_rdl,0.2733,short_time_energy
datasets/workout/hsianshun0514workout/hsianshun0514workout_whole_session_20260514_145843.csv,hsianshun0514workout,112588,112699,db_rdl,0.3604,short_time_energy
datasets/workout/hsianshun0514workout/hsianshun0514workout_whole_session_20260514_145843.csv,hsianshun0514workout,112699,112845,db_rdl,0.2934,short_time_energy
datasets/workout/hsianshun0514workout/hsianshun0514workout_whole_session_20260514_145843.csv,hsianshun0514workout,113046,113143,db_rdl,0.2559,short_time_energy
datasets/workout/hsianshun0514workout/hsianshun0514workout_whole_session_20260514_145843.csv,hsianshun0514workout,113358,113435,db_rdl,0.274,short_time_energy
datasets/workout/hsianshun0514workout/hsianshun0514workout_whole_session_20260514_145843.csv,hsianshun0514workout,113435,113713,db_rdl,0.5878,short_time_energy
datasets/workout/hsianshun0514workout/hsianshun0514workout_whole_session_20260514_145843.csv,hsianshun0514workout,113781,114023,db_rdl,0.4055,short_time_energy
datasets/workout/hsianshun0514workout/hsianshun0514workout_whole_session_20260514_145843.csv,hsianshun0514workout,114023,114115,db_rdl,0.2911,short_time_energy
datasets/workout/hsianshun0514workout/hsianshun0514workout_whole_session_20260514_145843.csv,hsianshun0514workout,114369,114491,db_rdl,0.3408,short_time_energy
datasets/workout/hsianshun0514workout/hsianshun0514workout_whole_session_20260514_145843.csv,hsianshun0514workout,114620,114741,db_rdl,0.3667,short_time_energy
datasets/workout/hsianshun0514workout/hsianshun0514workout_whole_session_20260514_145843.csv,hsianshun0514workout,114741,114825,db_rdl,0.2545,short_time_energy
datasets/workout/hsianshun0514workout/hsianshun0514workout_whole_session_20260514_145843.csv,hsianshun0514workout,114825,114971,db_rdl,0.2877,short_time_energy
datasets/workout/hsianshun0514workout/hsianshun0514workout_whole_session_20260514_145843.csv,hsianshun0514workout,115163,115333,db_rdl,0.325,short_time_energy
datasets/workout/hsianshun0514workout/hsianshun0514workout_whole_session_20260514_145843.csv,hsianshun0514workout,115333,115448,db_rdl,0.2785,short_time_energy
datasets/workout/hsianshun0514workout/hsianshun0514workout_whole_session_20260514_145843.csv,hsianshun0514workout,115809,115934,db_rdl,0.3511,short_time_energy
datasets/workout/hsianshun0514workout/hsianshun0514workout_whole_session_20260514_145843.csv,hsianshun0514workout,115934,116184,db_rdl,0.7705,short_time_energy
datasets/workout/hsianshun0514workout/hsianshun0514workout_whole_session_20260514_145843.csv,hsianshun0514workout,122766,123006,db_rdl,0.4598,short_time_energy
datasets/workout/hsianshun0514workout/hsianshun0514workout_whole_session_20260514_145843.csv,hsianshun0514workout,123006,123109,db_rdl,0.2886,short_time_energy
datasets/workout/hsianshun0514workout/hsianshun0514workout_whole_session_20260514_145843.csv,hsianshun0514workout,123109,123294,db_rdl,0.5968,short_time_energy
datasets/workout/hsianshun0514workout/hsianshun0514workout_whole_session_20260514_145843.csv,hsianshun0514workout,123363,123537,db_rdl,0.4532,short_time_energy
datasets/workout/hsianshun0514workout/hsianshun0514workout_whole_session_20260514_145843.csv,hsianshun0514workout,123600,123701,db_rdl,0.2994,short_time_energy
datasets/workout/hsianshun0514workout/hsianshun0514workout_whole_session_20260514_145843.csv,hsianshun0514workout,123701,123911,db_rdl,0.6462,short_time_energy
datasets/workout/hsianshun0514workout/hsianshun0514workout_whole_session_20260514_145843.csv,hsianshun0514workout,123911,124022,db_rdl,0.3293,short_time_energy
datasets/workout/hsianshun0514workout/hsianshun0514workout_whole_session_20260514_145843.csv,hsianshun0514workout,124022,124227,db_rdl,0.6426,short_time_energy
datasets/workout/hsianshun0514workout/hsianshun0514workout_whole_session_20260514_145843.csv,hsianshun0514workout,124227,124344,db_rdl,0.3415,short_time_energy
datasets/workout/hsianshun0514workout/hsianshun0514workout_whole_session_20260514_145843.csv,hsianshun0514workout,124344,124475,db_rdl,0.3982,short_time_energy
datasets/workout/hsianshun0514workout/hsianshun0514workout_whole_session_20260514_145843.csv,hsianshun0514workout,124542,124626,db_rdl,0.2553,short_time_energy
datasets/workout/hsianshun0514workout/hsianshun0514workout_whole_session_20260514_145843.csv,hsianshun0514workout,124626,124757,db_rdl,0.25,short_time_energy
datasets/workout/hsianshun0514workout/hsianshun0514workout_whole_session_20260514_145843.csv,hsianshun0514workout,124869,124979,db_rdl,0.3448,short_time_energy
datasets/workout/hsianshun0514workout/hsianshun0514workout_whole_session_20260514_145843.csv,hsianshun0514workout,124979,125099,db_rdl,0.3353,short_time_energy
datasets/workout/hsianshun0514workout/hsianshun0514workout_whole_session_20260514_145843.csv,hsianshun0514workout,125196,125361,db_rdl,0.32,short_time_energy
datasets/workout/hsianshun0514workout/hsianshun0514workout_whole_session_20260514_145843.csv,hsianshun0514workout,125434,125552,db_rdl,0.3242,short_time_energy
datasets/workout/hsianshun0514workout/hsianshun0514workout_whole_session_20260514_145843.csv,hsianshun0514workout,125552,125701,db_rdl,0.3325,short_time_energy
datasets/workout/hsianshun0514workout/hsianshun0514workout_whole_session_20260514_145843.csv,hsianshun0514workout,125701,125819,db_rdl,0.3587,short_time_energy
datasets/workout/hsianshun0514workout/hsianshun0514workout_whole_session_20260514_145843.csv,hsianshun0514workout,125887,126010,db_rdl,0.3697,short_time_energy
datasets/workout/hsianshun0514workout/hsianshun0514workout_whole_session_20260514_145843.csv,hsianshun0514workout,126010,126107,db_rdl,0.2966,short_time_energy
datasets/workout/hsianshun0514workout/hsianshun0514workout_whole_session_20260514_145843.csv,hsianshun0514workout,126213,126318,db_rdl,0.3211,short_time_energy
datasets/workout/hsianshun0514workout/hsianshun0514workout_whole_session_20260514_145843.csv,hsianshun0514workout,126318,126514,db_rdl,0.5633,short_time_energy
datasets/workout/hsianshun0514workout/hsianshun0514workout_whole_session_20260514_145843.csv,hsianshun0514workout,134198,134533,db_rdl,0.5691,short_time_energy
datasets/workout/hsianshun0514workout/hsianshun0514workout_whole_session_20260514_145843.csv,hsianshun0514workout,134616,134711,db_rdl,0.2832,short_time_energy
datasets/workout/hsianshun0514workout/hsianshun0514workout_whole_session_20260514_145843.csv,hsianshun0514workout,134711,134809,db_rdl,0.3726,short_time_energy
datasets/workout/hsianshun0514workout/hsianshun0514workout_whole_session_20260514_145843.csv,hsianshun0514workout,134809,134944,db_rdl,0.2756,short_time_energy
datasets/workout/hsianshun0514workout/hsianshun0514workout_whole_session_20260514_145843.csv,hsianshun0514workout,135014,135116,db_rdl,0.2906,short_time_energy
datasets/workout/hsianshun0514workout/hsianshun0514workout_whole_session_20260514_145843.csv,hsianshun0514workout,135116,135241,db_rdl,0.3561,short_time_energy
datasets/workout/hsianshun0514workout/hsianshun0514workout_whole_session_20260514_145843.csv,hsianshun0514workout,135241,135340,db_rdl,0.2994,short_time_energy
datasets/workout/hsianshun0514workout/hsianshun0514workout_whole_session_20260514_145843.csv,hsianshun0514workout,135438,135526,db_rdl,0.2848,short_time_energy
datasets/workout/hsianshun0514workout/hsianshun0514workout_whole_session_20260514_145843.csv,hsianshun0514workout,135626,135734,db_rdl,0.3553,short_time_energy
datasets/workout/hsianshun0514workout/hsianshun0514workout_whole_session_20260514_145843.csv,hsianshun0514workout,135734,135875,db_rdl,0.3906,short_time_energy
datasets/workout/hsianshun0514workout/hsianshun0514workout_whole_session_20260514_145843.csv,hsianshun0514workout,135875,136052,db_rdl,0.5347,short_time_energy
datasets/workout/hsianshun0514workout/hsianshun0514workout_whole_session_20260514_145843.csv,hsianshun0514workout,136052,136165,db_rdl,0.3414,short_time_energy
datasets/workout/hsianshun0514workout/hsianshun0514workout_whole_session_20260514_145843.csv,hsianshun0514workout,136370,136506,db_rdl,0.4209,short_time_energy
datasets/workout/hsianshun0514workout/hsianshun0514workout_whole_session_20260514_145843.csv,hsianshun0514workout,136506,136581,db_rdl,0.2551,short_time_energy
datasets/workout/hsianshun0514workout/hsianshun0514workout_whole_session_20260514_145843.csv,hsianshun0514workout,136682,136813,db_rdl,0.371,short_time_energy
datasets/workout/hsianshun0514workout/hsianshun0514workout_whole_session_20260514_145843.csv,hsianshun0514workout,136813,136888,db_rdl,0.2727,short_time_energy
datasets/workout/hsianshun0514workout/hsianshun0514workout_whole_session_20260514_145843.csv,hsianshun0514workout,136888,136982,db_rdl,0.3418,short_time_energy
datasets/workout/hsianshun0514workout/hsianshun0514workout_whole_session_20260514_145843.csv,hsianshun0514workout,136982,137110,db_rdl,0.2875,short_time_energy
datasets/workout/hsianshun0514workout/hsianshun0514workout_whole_session_20260514_145843.csv,hsianshun0514workout,137190,137286,db_rdl,0.2963,short_time_energy
datasets/workout/hsianshun0514workout/hsianshun0514workout_whole_session_20260514_145843.csv,hsianshun0514workout,137286,137429,db_rdl,0.3081,short_time_energy
datasets/workout/hsianshun0514workout/hsianshun0514workout_whole_session_20260514_145843.csv,hsianshun0514workout,137682,137843,db_rdl,0.3497,short_time_energy
datasets/workout/hsianshun0514workout/hsianshun0514workout_whole_session_20260514_145843.csv,hsianshun0514workout,137949,138028,db_rdl,0.2582,short_time_energy
datasets/workout/hsianshun0514workout/hsianshun0514workout_whole_session_20260514_145843.csv,hsianshun0514workout,164525,164753,db_weighted_crunch,0.2615,short_time_energy
datasets/workout/hsianshun0514workout/hsianshun0514workout_whole_session_20260514_145843.csv,hsianshun0514workout,164807,164909,db_weighted_crunch,0.3864,short_time_energy
datasets/workout/hsianshun0514workout/hsianshun0514workout_whole_session_20260514_145843.csv,hsianshun0514workout,164909,165140,db_weighted_crunch,0.7653,short_time_energy
datasets/workout/hsianshun0514workout/hsianshun0514workout_whole_session_20260514_145843.csv,hsianshun0514workout,165140,165658,db_weighted_crunch,0.722,short_time_energy
datasets/workout/hsianshun0514workout/hsianshun0514workout_whole_session_20260514_145843.csv,hsianshun0514workout,165658,166022,db_weighted_crunch,0.636,short_time_energy
datasets/workout/hsianshun0514workout/hsianshun0514workout_whole_session_20260514_145843.csv,hsianshun0514workout,166022,166398,db_weighted_crunch,0.7243,short_time_energy
datasets/workout/hsianshun0514workout/hsianshun0514workout_whole_session_20260514_145843.csv,hsianshun0514workout,166398,166958,db_weighted_crunch,0.605,short_time_energy
datasets/workout/hsianshun0514workout/hsianshun0514workout_whole_session_20260514_145843.csv,hsianshun0514workout,166958,167256,db_weighted_crunch,0.3963,short_time_energy
datasets/workout/hsianshun0514workout/hsianshun0514workout_whole_session_20260514_145843.csv,hsianshun0514workout,167256,167399,db_weighted_crunch,0.3381,short_time_energy
datasets/workout/hsianshun0514workout/hsianshun0514workout_whole_session_20260514_145843.csv,hsianshun0514workout,167399,167944,db_weighted_crunch,0.6514,short_time_energy
datasets/workout/hsianshun0514workout/hsianshun0514workout_whole_session_20260514_145843.csv,hsianshun0514workout,167944,168363,db_weighted_crunch,0.8773,short_time_energy
datasets/workout/hsianshun0514workout/hsianshun0514workout_whole_session_20260514_145843.csv,hsianshun0514workout,168363,168481,db_weighted_crunch,0.3138,short_time_energy
datasets/workout/hsianshun0514workout/hsianshun0514workout_whole_session_20260514_145843.csv,hsianshun0514workout,168481,168761,db_weighted_crunch,0.4977,short_time_energy
datasets/workout/hsianshun0514workout/hsianshun0514workout_whole_session_20260514_145843.csv,hsianshun0514workout,168761,169231,db_weighted_crunch,0.4549,short_time_energy
datasets/workout/hsianshun0514workout/hsianshun0514workout_whole_session_20260514_145843.csv,hsianshun0514workout,176111,176533,db_weighted_crunch,0.4415,short_time_energy
datasets/workout/hsianshun0514workout/hsianshun0514workout_whole_session_20260514_145843.csv,hsianshun0514workout,177535,177964,db_weighted_crunch,0.5338,short_time_energy
datasets/workout/hsianshun0514workout/hsianshun0514workout_whole_session_20260514_145843.csv,hsianshun0514workout,178383,178692,db_weighted_crunch,0.5329,short_time_energy
datasets/workout/hsianshun0514workout/hsianshun0514workout_whole_session_20260514_145843.csv,hsianshun0514workout,178792,178977,db_weighted_crunch,0.5331,short_time_energy
datasets/workout/hsianshun0514workout/hsianshun0514workout_whole_session_20260514_145843.csv,hsianshun0514workout,178977,179103,db_weighted_crunch,0.4296,short_time_energy
datasets/workout/hsianshun0514workout/hsianshun0514workout_whole_session_20260514_145843.csv,hsianshun0514workout,179161,179318,db_weighted_crunch,0.2967,short_time_energy
datasets/workout/hsianshun0514workout/hsianshun0514workout_whole_session_20260514_145843.csv,hsianshun0514workout,179318,179443,db_weighted_crunch,0.3571,short_time_energy
datasets/workout/hsianshun0514workout/hsianshun0514workout_whole_session_20260514_145843.csv,hsianshun0514workout,179486,179698,db_weighted_crunch,0.286,short_time_energy
datasets/workout/hsianshun0514workout/hsianshun0514workout_whole_session_20260514_145843.csv,hsianshun0514workout,179772,179866,db_weighted_crunch,0.2527,short_time_energy
datasets/workout/hsianshun0514workout/hsianshun0514workout_whole_session_20260514_145843.csv,hsianshun0514workout,179866,180061,db_weighted_crunch,0.26,short_time_energy
datasets/workout/hsianshun0514workout/hsianshun0514workout_whole_session_20260514_145843.csv,hsianshun0514workout,180134,180234,db_weighted_crunch,0.2882,short_time_energy
datasets/workout/hsianshun0514workout/hsianshun0514workout_whole_session_20260514_145843.csv,hsianshun0514workout,180491,180591,db_weighted_crunch,0.277,short_time_energy
datasets/workout/hsianshun0514workout/hsianshun0514workout_whole_session_20260514_145843.csv,hsianshun0514workout,180885,181202,db_weighted_crunch,0.4305,short_time_energy
datasets/workout/hsianshun0514workout/hsianshun0514workout_whole_session_20260514_145843.csv,hsianshun0514workout,181202,181326,db_weighted_crunch,0.2897,short_time_energy
datasets/workout/hsianshun0514workout/hsianshun0514workout_whole_session_20260514_145843.csv,hsianshun0514workout,181370,181587,db_weighted_crunch,0.3382,short_time_energy
datasets/workout/hsianshun0514workout/hsianshun0514workout_whole_session_20260514_145843.csv,hsianshun0514workout,181587,182017,db_weighted_crunch,0.6818,short_time_energy
datasets/workout/hsianshun0514workout/hsianshun0514workout_whole_session_20260514_145843.csv,hsianshun0514workout,182064,182200,db_weighted_crunch,0.3309,short_time_energy
datasets/workout/hsianshun0514workout/hsianshun0514workout_whole_session_20260514_145843.csv,hsianshun0514workout,182200,182353,db_weighted_crunch,0.2936,short_time_energy
datasets/workout/hsianshun0514workout/hsianshun0514workout_whole_session_20260514_145843.csv,hsianshun0514workout,191700,191927,db_weighted_crunch,0.3775,short_time_energy
datasets/workout/hsianshun0514workout/hsianshun0514workout_whole_session_20260514_145843.csv,hsianshun0514workout,192619,192701,db_weighted_crunch,0.2761,short_time_energy
datasets/workout/hsianshun0514workout/hsianshun0514workout_whole_session_20260514_145843.csv,hsianshun0514workout,193208,193353,db_weighted_crunch,0.3356,short_time_energy
datasets/workout/hsianshun0514workout/hsianshun0514workout_whole_session_20260514_145843.csv,hsianshun0514workout,193420,193568,db_weighted_crunch,0.2581,short_time_energy
datasets/workout/hsianshun0514workout/hsianshun0514workout_whole_session_20260514_145843.csv,hsianshun0514workout,193765,193970,db_weighted_crunch,0.3434,short_time_energy
datasets/workout/hsianshun0514workout/hsianshun0514workout_whole_session_20260514_145843.csv,hsianshun0514workout,194039,194146,db_weighted_crunch,0.2554,short_time_energy
datasets/workout/hsianshun0514workout/hsianshun0514workout_whole_session_20260514_145843.csv,hsianshun0514workout,194360,194455,db_weighted_crunch,0.252,short_time_energy
datasets/workout/hsianshun0514workout/hsianshun0514workout_whole_session_20260514_145843.csv,hsianshun0514workout,194455,194599,db_weighted_crunch,0.382,short_time_energy
datasets/workout/hsianshun0514workout/hsianshun0514workout_whole_session_20260514_145843.csv,hsianshun0514workout,194599,194708,db_weighted_crunch,0.2891,short_time_energy
datasets/workout/hsianshun0514workout/hsianshun0514workout_whole_session_20260514_145843.csv,hsianshun0514workout,194708,194926,db_weighted_crunch,0.5622,short_time_energy
datasets/workout/hsianshun0514workout/hsianshun0514workout_whole_session_20260514_145843.csv,hsianshun0514workout,194926,195051,db_weighted_crunch,0.3247,short_time_energy
datasets/workout/hsianshun0514workout/hsianshun0514workout_whole_session_20260514_145843.csv,hsianshun0514workout,195348,195528,db_weighted_crunch,0.3664,short_time_energy
datasets/workout/hsianshun0514workout/hsianshun0514workout_whole_session_20260514_145843.csv,hsianshun0514workout,195702,195895,db_weighted_crunch,0.4175,short_time_energy
datasets/workout/hsianshun0514workout/hsianshun0514workout_whole_session_20260514_145843.csv,hsianshun0514workout,195895,196060,db_weighted_crunch,0.5156,short_time_energy
datasets/workout/hsianshun0514workout/hsianshun0514workout_whole_session_20260514_145843.csv,hsianshun0514workout,217128,217186,db_shoulder_press,0.2736,short_time_energy
datasets/workout/hsianshun0514workout/hsianshun0514workout_whole_session_20260514_145843.csv,hsianshun0514workout,217186,217302,db_shoulder_press,0.4138,short_time_energy
datasets/workout/hsianshun0514workout/hsianshun0514workout_whole_session_20260514_145843.csv,hsianshun0514workout,217302,217449,db_shoulder_press,0.4401,short_time_energy
datasets/workout/hsianshun0514workout/hsianshun0514workout_whole_session_20260514_145843.csv,hsianshun0514workout,217449,217542,db_shoulder_press,0.2784,short_time_energy
datasets/workout/hsianshun0514workout/hsianshun0514workout_whole_session_20260514_145843.csv,hsianshun0514workout,217667,217793,db_shoulder_press,0.351,short_time_energy
datasets/workout/hsianshun0514workout/hsianshun0514workout_whole_session_20260514_145843.csv,hsianshun0514workout,217793,217897,db_shoulder_press,0.2897,short_time_energy
datasets/workout/hsianshun0514workout/hsianshun0514workout_whole_session_20260514_145843.csv,hsianshun0514workout,217986,218122,db_shoulder_press,0.4134,short_time_energy
datasets/workout/hsianshun0514workout/hsianshun0514workout_whole_session_20260514_145843.csv,hsianshun0514workout,218122,218229,db_shoulder_press,0.3252,short_time_energy
datasets/workout/hsianshun0514workout/hsianshun0514workout_whole_session_20260514_145843.csv,hsianshun0514workout,218368,218559,db_shoulder_press,0.508,short_time_energy
datasets/workout/hsianshun0514workout/hsianshun0514workout_whole_session_20260514_145843.csv,hsianshun0514workout,218741,218860,db_shoulder_press,0.3216,short_time_energy
datasets/workout/hsianshun0514workout/hsianshun0514workout_whole_session_20260514_145843.csv,hsianshun0514workout,219046,219195,db_shoulder_press,0.4119,short_time_energy
datasets/workout/hsianshun0514workout/hsianshun0514workout_whole_session_20260514_145843.csv,hsianshun0514workout,219195,219287,db_shoulder_press,0.2644,short_time_energy
datasets/workout/hsianshun0514workout/hsianshun0514workout_whole_session_20260514_145843.csv,hsianshun0514workout,219422,219574,db_shoulder_press,0.3907,short_time_energy
datasets/workout/hsianshun0514workout/hsianshun0514workout_whole_session_20260514_145843.csv,hsianshun0514workout,219574,219690,db_shoulder_press,0.2982,short_time_energy
datasets/workout/hsianshun0514workout/hsianshun0514workout_whole_session_20260514_145843.csv,hsianshun0514workout,219798,219958,db_shoulder_press,0.5,short_time_energy
datasets/workout/hsianshun0514workout/hsianshun0514workout_whole_session_20260514_145843.csv,hsianshun0514workout,220127,220271,db_shoulder_press,0.3326,short_time_energy
datasets/workout/hsianshun0514workout/hsianshun0514workout_whole_session_20260514_145843.csv,hsianshun0514workout,220271,220412,db_shoulder_press,0.3256,short_time_energy
datasets/workout/hsianshun0514workout/hsianshun0514workout_whole_session_20260514_145843.csv,hsianshun0514workout,220542,220690,db_shoulder_press,0.3766,short_time_energy
datasets/workout/hsianshun0514workout/hsianshun0514workout_whole_session_20260514_145843.csv,hsianshun0514workout,220690,220809,db_shoulder_press,0.3028,short_time_energy
datasets/workout/hsianshun0514workout/hsianshun0514workout_whole_session_20260514_145843.csv,hsianshun0514workout,220970,221071,db_shoulder_press,0.2658,short_time_energy
datasets/workout/hsianshun0514workout/hsianshun0514workout_whole_session_20260514_145843.csv,hsianshun0514workout,221071,221304,db_shoulder_press,0.6132,short_time_energy
datasets/workout/hsianshun0514workout/hsianshun0514workout_whole_session_20260514_145843.csv,hsianshun0514workout,235230,235337,db_shoulder_press,0.4297,short_time_energy
datasets/workout/hsianshun0514workout/hsianshun0514workout_whole_session_20260514_145843.csv,hsianshun0514workout,235337,235420,db_shoulder_press,0.3175,short_time_energy
datasets/workout/hsianshun0514workout/hsianshun0514workout_whole_session_20260514_145843.csv,hsianshun0514workout,235420,235546,db_shoulder_press,0.4228,short_time_energy
datasets/workout/hsianshun0514workout/hsianshun0514workout_whole_session_20260514_145843.csv,hsianshun0514workout,235546,235632,db_shoulder_press,0.2886,short_time_energy
datasets/workout/hsianshun0514workout/hsianshun0514workout_whole_session_20260514_145843.csv,hsianshun0514workout,235632,235740,db_shoulder_press,0.257,short_time_energy
datasets/workout/hsianshun0514workout/hsianshun0514workout_whole_session_20260514_145843.csv,hsianshun0514workout,235740,235818,db_shoulder_press,0.2549,short_time_energy
datasets/workout/hsianshun0514workout/hsianshun0514workout_whole_session_20260514_145843.csv,hsianshun0514workout,235818,235926,db_shoulder_press,0.3529,short_time_energy
datasets/workout/hsianshun0514workout/hsianshun0514workout_whole_session_20260514_145843.csv,hsianshun0514workout,235926,236060,db_shoulder_press,0.2754,short_time_energy
datasets/workout/hsianshun0514workout/hsianshun0514workout_whole_session_20260514_145843.csv,hsianshun0514workout,236449,236542,db_shoulder_press,0.3345,short_time_energy
datasets/workout/hsianshun0514workout/hsianshun0514workout_whole_session_20260514_145843.csv,hsianshun0514workout,236662,236768,db_shoulder_press,0.3262,short_time_energy
datasets/workout/hsianshun0514workout/hsianshun0514workout_whole_session_20260514_145843.csv,hsianshun0514workout,236768,236857,db_shoulder_press,0.2738,short_time_energy
datasets/workout/hsianshun0514workout/hsianshun0514workout_whole_session_20260514_145843.csv,hsianshun0514workout,237010,237100,db_shoulder_press,0.2778,short_time_energy
datasets/workout/hsianshun0514workout/hsianshun0514workout_whole_session_20260514_145843.csv,hsianshun0514workout,237100,237220,db_shoulder_press,0.3704,short_time_energy
datasets/workout/hsianshun0514workout/hsianshun0514workout_whole_session_20260514_145843.csv,hsianshun0514workout,237334,237419,db_shoulder_press,0.2591,short_time_energy
datasets/workout/hsianshun0514workout/hsianshun0514workout_whole_session_20260514_145843.csv,hsianshun0514workout,237419,237527,db_shoulder_press,0.3293,short_time_energy
datasets/workout/hsianshun0514workout/hsianshun0514workout_whole_session_20260514_145843.csv,hsianshun0514workout,237527,237645,db_shoulder_press,0.2599,short_time_energy
datasets/workout/hsianshun0514workout/hsianshun0514workout_whole_session_20260514_145843.csv,hsianshun0514workout,237645,237739,db_shoulder_press,0.2575,short_time_energy
datasets/workout/hsianshun0514workout/hsianshun0514workout_whole_session_20260514_145843.csv,hsianshun0514workout,237739,237893,db_shoulder_press,0.4219,short_time_energy
datasets/workout/hsianshun0514workout/hsianshun0514workout_whole_session_20260514_145843.csv,hsianshun0514workout,238126,238217,db_shoulder_press,0.2945,short_time_energy
datasets/workout/hsianshun0514workout/hsianshun0514workout_whole_session_20260514_145843.csv,hsianshun0514workout,238494,238636,db_shoulder_press,0.306,short_time_energy
datasets/workout/hsianshun0514workout/hsianshun0514workout_whole_session_20260514_145843.csv,hsianshun0514workout,238825,238885,db_shoulder_press,0.2804,short_time_energy
datasets/workout/hsianshun0514workout/hsianshun0514workout_whole_session_20260514_145843.csv,hsianshun0514workout,238885,238942,db_shoulder_press,0.2664,short_time_energy
datasets/workout/hsianshun0514workout/hsianshun0514workout_whole_session_20260514_145843.csv,hsianshun0514workout,267376,267497,db_shoulder_press,0.5284,short_time_energy
datasets/workout/hsianshun0514workout/hsianshun0514workout_whole_session_20260514_145843.csv,hsianshun0514workout,267497,267596,db_shoulder_press,0.2913,short_time_energy
datasets/workout/hsianshun0514workout/hsianshun0514workout_whole_session_20260514_145843.csv,hsianshun0514workout,267596,267714,db_shoulder_press,0.417,short_time_energy
datasets/workout/hsianshun0514workout/hsianshun0514workout_whole_session_20260514_145843.csv,hsianshun0514workout,267714,267792,db_shoulder_press,0.2756,short_time_energy
datasets/workout/hsianshun0514workout/hsianshun0514workout_whole_session_20260514_145843.csv,hsianshun0514workout,267884,267984,db_shoulder_press,0.3135,short_time_energy
datasets/workout/hsianshun0514workout/hsianshun0514workout_whole_session_20260514_145843.csv,hsianshun0514workout,267984,268115,db_shoulder_press,0.4107,short_time_energy
datasets/workout/hsianshun0514workout/hsianshun0514workout_whole_session_20260514_145843.csv,hsianshun0514workout,268212,268321,db_shoulder_press,0.3062,short_time_energy
datasets/workout/hsianshun0514workout/hsianshun0514workout_whole_session_20260514_145843.csv,hsianshun0514workout,268321,268428,db_shoulder_press,0.3006,short_time_energy
datasets/workout/hsianshun0514workout/hsianshun0514workout_whole_session_20260514_145843.csv,hsianshun0514workout,268557,268638,db_shoulder_press,0.2673,short_time_energy
datasets/workout/hsianshun0514workout/hsianshun0514workout_whole_session_20260514_145843.csv,hsianshun0514workout,268703,268862,db_shoulder_press,0.3874,short_time_energy
datasets/workout/hsianshun0514workout/hsianshun0514workout_whole_session_20260514_145843.csv,hsianshun0514workout,268862,268947,db_shoulder_press,0.2648,short_time_energy
datasets/workout/hsianshun0514workout/hsianshun0514workout_whole_session_20260514_145843.csv,hsianshun0514workout,269018,269189,db_shoulder_press,0.3782,short_time_energy
datasets/workout/hsianshun0514workout/hsianshun0514workout_whole_session_20260514_145843.csv,hsianshun0514workout,269273,269421,db_shoulder_press,0.4055,short_time_energy
datasets/workout/hsianshun0514workout/hsianshun0514workout_whole_session_20260514_145843.csv,hsianshun0514workout,269421,269514,db_shoulder_press,0.2548,short_time_energy
datasets/workout/hsianshun0514workout/hsianshun0514workout_whole_session_20260514_145843.csv,hsianshun0514workout,269732,269942,db_shoulder_press,0.4599,short_time_energy
datasets/workout/hsianshun0514workout/hsianshun0514workout_whole_session_20260514_145843.csv,hsianshun0514workout,270033,270236,db_shoulder_press,0.5075,short_time_energy
datasets/workout/hsianshun0514workout/hsianshun0514workout_whole_session_20260514_145843.csv,hsianshun0514workout,270529,270812,db_shoulder_press,0.4031,short_time_energy
datasets/workout/hsianshun0514workout/hsianshun0514workout_whole_session_20260514_145843.csv,hsianshun0514workout,286483,286655,db_biceps_curl,0.2646,short_time_energy
datasets/workout/hsianshun0514workout/hsianshun0514workout_whole_session_20260514_145843.csv,hsianshun0514workout,286655,286721,db_biceps_curl,0.2762,short_time_energy
datasets/workout/hsianshun0514workout/hsianshun0514workout_whole_session_20260514_145843.csv,hsianshun0514workout,286820,286905,db_biceps_curl,0.2993,short_time_energy
datasets/workout/hsianshun0514workout/hsianshun0514workout_whole_session_20260514_145843.csv,hsianshun0514workout,286905,286990,db_biceps_curl,0.2993,short_time_energy
datasets/workout/hsianshun0514workout/hsianshun0514workout_whole_session_20260514_145843.csv,hsianshun0514workout,286990,287085,db_biceps_curl,0.3345,short_time_energy
datasets/workout/hsianshun0514workout/hsianshun0514workout_whole_session_20260514_145843.csv,hsianshun0514workout,287085,287207,db_biceps_curl,0.3594,short_time_energy
datasets/workout/hsianshun0514workout/hsianshun0514workout_whole_session_20260514_145843.csv,hsianshun0514workout,287207,287291,db_biceps_curl,0.2684,short_time_energy
datasets/workout/hsianshun0514workout/hsianshun0514workout_whole_session_20260514_145843.csv,hsianshun0514workout,287291,287401,db_biceps_curl,0.3514,short_time_energy
datasets/workout/hsianshun0514workout/hsianshun0514workout_whole_session_20260514_145843.csv,hsianshun0514workout,287401,287500,db_biceps_curl,0.3393,short_time_energy
datasets/workout/hsianshun0514workout/hsianshun0514workout_whole_session_20260514_145843.csv,hsianshun0514workout,287500,287586,db_biceps_curl,0.3116,short_time_energy
datasets/workout/hsianshun0514workout/hsianshun0514workout_whole_session_20260514_145843.csv,hsianshun0514workout,287586,287681,db_biceps_curl,0.3442,short_time_energy
datasets/workout/hsianshun0514workout/hsianshun0514workout_whole_session_20260514_145843.csv,hsianshun0514workout,287681,287922,db_biceps_curl,0.6827,short_time_energy
datasets/workout/hsianshun0514workout/hsianshun0514workout_whole_session_20260514_145843.csv,hsianshun0514workout,287922,288070,db_biceps_curl,0.2879,short_time_energy
datasets/workout/hsianshun0514workout/hsianshun0514workout_whole_session_20260514_145843.csv,hsianshun0514workout,288070,288174,db_biceps_curl,0.2803,short_time_energy
datasets/workout/hsianshun0514workout/hsianshun0514workout_whole_session_20260514_145843.csv,hsianshun0514workout,288262,288448,db_biceps_curl,0.3454,short_time_energy
datasets/workout/hsianshun0514workout/hsianshun0514workout_whole_session_20260514_145843.csv,hsianshun0514workout,288448,288571,db_biceps_curl,0.313,short_time_energy
datasets/workout/hsianshun0514workout/hsianshun0514workout_whole_session_20260514_145843.csv,hsianshun0514workout,288571,288688,db_biceps_curl,0.2977,short_time_energy
datasets/workout/hsianshun0514workout/hsianshun0514workout_whole_session_20260514_145843.csv,hsianshun0514workout,288688,288795,db_biceps_curl,0.2723,short_time_energy
datasets/workout/hsianshun0514workout/hsianshun0514workout_whole_session_20260514_145843.csv,hsianshun0514workout,288795,288949,db_biceps_curl,0.3832,short_time_energy
datasets/workout/hsianshun0514workout/hsianshun0514workout_whole_session_20260514_145843.csv,hsianshun0514workout,288949,289070,db_biceps_curl,0.3095,short_time_energy
datasets/workout/hsianshun0514workout/hsianshun0514workout_whole_session_20260514_145843.csv,hsianshun0514workout,289070,289212,db_biceps_curl,0.2874,short_time_energy
datasets/workout/hsianshun0514workout/hsianshun0514workout_whole_session_20260514_145843.csv,hsianshun0514workout,289212,289387,db_biceps_curl,0.2846,short_time_energy
datasets/workout/hsianshun0514workout/hsianshun0514workout_whole_session_20260514_145843.csv,hsianshun0514workout,289537,289792,db_biceps_curl,0.4146,short_time_energy
datasets/workout/hsianshun0514workout/hsianshun0514workout_whole_session_20260514_145843.csv,hsianshun0514workout,289792,290036,db_biceps_curl,0.4188,short_time_energy
datasets/workout/hsianshun0514workout/hsianshun0514workout_whole_session_20260514_145843.csv,hsianshun0514workout,290130,290366,db_biceps_curl,0.3843,short_time_energy
datasets/workout/hsianshun0514workout/hsianshun0514workout_whole_session_20260514_145843.csv,hsianshun0514workout,290366,290599,db_biceps_curl,0.5394,short_time_energy
datasets/workout/hsianshun0514workout/hsianshun0514workout_whole_session_20260514_145843.csv,hsianshun0514workout,290599,290707,db_biceps_curl,0.25,short_time_energy
datasets/workout/hsianshun0514workout/hsianshun0514workout_whole_session_20260514_145843.csv,hsianshun0514workout,321034,321174,db_biceps_curl,0.4217,short_time_energy
datasets/workout/hsianshun0514workout/hsianshun0514workout_whole_session_20260514_145843.csv,hsianshun0514workout,321174,321260,db_biceps_curl,0.259,short_time_energy
datasets/workout/hsianshun0514workout/hsianshun0514workout_whole_session_20260514_145843.csv,hsianshun0514workout,321342,321439,db_biceps_curl,0.3452,short_time_energy
datasets/workout/hsianshun0514workout/hsianshun0514workout_whole_session_20260514_145843.csv,hsianshun0514workout,321439,321514,db_biceps_curl,0.2669,short_time_energy
datasets/workout/hsianshun0514workout/hsianshun0514workout_whole_session_20260514_145843.csv,hsianshun0514workout,321619,321721,db_biceps_curl,0.3185,short_time_energy
datasets/workout/hsianshun0514workout/hsianshun0514workout_whole_session_20260514_145843.csv,hsianshun0514workout,321721,321824,db_biceps_curl,0.3301,short_time_energy
datasets/workout/hsianshun0514workout/hsianshun0514workout_whole_session_20260514_145843.csv,hsianshun0514workout,321922,322060,db_biceps_curl,0.3791,short_time_energy
datasets/workout/hsianshun0514workout/hsianshun0514workout_whole_session_20260514_145843.csv,hsianshun0514workout,322060,322150,db_biceps_curl,0.2778,short_time_energy
datasets/workout/hsianshun0514workout/hsianshun0514workout_whole_session_20260514_145843.csv,hsianshun0514workout,322150,322271,db_biceps_curl,0.3166,short_time_energy
datasets/workout/hsianshun0514workout/hsianshun0514workout_whole_session_20260514_145843.csv,hsianshun0514workout,322271,322420,db_biceps_curl,0.4197,short_time_energy
datasets/workout/hsianshun0514workout/hsianshun0514workout_whole_session_20260514_145843.csv,hsianshun0514workout,322828,322996,db_biceps_curl,0.3408,short_time_energy
datasets/workout/hsianshun0514workout/hsianshun0514workout_whole_session_20260514_145843.csv,hsianshun0514workout,323127,323387,db_biceps_curl,0.6019,short_time_energy
datasets/workout/hsianshun0514workout/hsianshun0514workout_whole_session_20260514_145843.csv,hsianshun0514workout,367735,368127,db_biceps_curl,0.7934,short_time_energy
datasets/workout/hsianshun0514workout/hsianshun0514workout_whole_session_20260514_145843.csv,hsianshun0514workout,368178,368350,db_biceps_curl,0.7227,short_time_energy
datasets/workout/hsianshun0514workout/hsianshun0514workout_whole_session_20260514_145843.csv,hsianshun0514workout,368417,368586,db_biceps_curl,0.7012,short_time_energy
datasets/workout/hsianshun0514workout/hsianshun0514workout_whole_session_20260514_145843.csv,hsianshun0514workout,368586,368777,db_biceps_curl,0.6792,short_time_energy
datasets/workout/hsianshun0514workout/hsianshun0514workout_whole_session_20260514_145843.csv,hsianshun0514workout,368777,368844,db_biceps_curl,0.2638,short_time_energy
datasets/workout/hsianshun0514workout/hsianshun0514workout_whole_session_20260514_145843.csv,hsianshun0514workout,368844,369115,db_biceps_curl,0.9299,short_time_energy
datasets/workout/hsianshun0514workout/hsianshun0514workout_whole_session_20260514_145843.csv,hsianshun0514workout,369115,369388,db_biceps_curl,0.9263,short_time_energy
datasets/workout/hsianshun0514workout/hsianshun0514workout_whole_session_20260514_145843.csv,hsianshun0514workout,369388,369580,db_biceps_curl,0.6644,short_time_energy
datasets/workout/hsianshun0514workout/hsianshun0514workout_whole_session_20260514_145843.csv,hsianshun0514workout,369580,369669,db_biceps_curl,0.3034,short_time_energy
datasets/workout/hsianshun0514workout/hsianshun0514workout_whole_session_20260514_145843.csv,hsianshun0514workout,369669,369774,db_biceps_curl,0.3559,short_time_energy
datasets/workout/hsianshun0514workout/hsianshun0514workout_whole_session_20260514_145843.csv,hsianshun0514workout,369774,369963,db_biceps_curl,0.6407,short_time_energy
datasets/workout/hsianshun0514workout/hsianshun0514workout_whole_session_20260514_145843.csv,hsianshun0514workout,369963,370160,db_biceps_curl,0.5777,short_time_energy
datasets/workout/hsianshun0514workout/hsianshun0514workout_whole_session_20260514_145843.csv,hsianshun0514workout,370353,370622,db_biceps_curl,0.6725,short_time_energy
datasets/workout/hsianshun0514workout/hsianshun0514workout_whole_session_20260514_145843.csv,hsianshun0514workout,370810,371170,db_biceps_curl,0.706,short_time_energy
datasets/workout/hsianshun0514workout/hsianshun0514workout_whole_session_20260514_145843.csv,hsianshun0514workout,407613,407776,db_triceps_curl,0.3472,short_time_energy
datasets/workout/hsianshun0514workout/hsianshun0514workout_whole_session_20260514_145843.csv,hsianshun0514workout,407776,407835,db_triceps_curl,0.2622,short_time_energy
datasets/workout/hsianshun0514workout/hsianshun0514workout_whole_session_20260514_145843.csv,hsianshun0514workout,407835,407897,db_triceps_curl,0.2756,short_time_energy
datasets/workout/hsianshun0514workout/hsianshun0514workout_whole_session_20260514_145843.csv,hsianshun0514workout,407936,408057,db_triceps_curl,0.4449,short_time_energy
datasets/workout/hsianshun0514workout/hsianshun0514workout_whole_session_20260514_145843.csv,hsianshun0514workout,408057,408166,db_triceps_curl,0.4007,short_time_energy
datasets/workout/hsianshun0514workout/hsianshun0514workout_whole_session_20260514_145843.csv,hsianshun0514workout,408200,408366,db_triceps_curl,0.5724,short_time_energy
datasets/workout/hsianshun0514workout/hsianshun0514workout_whole_session_20260514_145843.csv,hsianshun0514workout,408508,408658,db_triceps_curl,0.4673,short_time_energy
datasets/workout/hsianshun0514workout/hsianshun0514workout_whole_session_20260514_145843.csv,hsianshun0514workout,408803,408953,db_triceps_curl,0.5085,short_time_energy
datasets/workout/hsianshun0514workout/hsianshun0514workout_whole_session_20260514_145843.csv,hsianshun0514workout,409090,409165,db_triceps_curl,0.2632,short_time_energy
datasets/workout/hsianshun0514workout/hsianshun0514workout_whole_session_20260514_145843.csv,hsianshun0514workout,409165,409267,db_triceps_curl,0.3579,short_time_energy
datasets/workout/hsianshun0514workout/hsianshun0514workout_whole_session_20260514_145843.csv,hsianshun0514workout,409407,409516,db_triceps_curl,0.3105,short_time_energy
datasets/workout/hsianshun0514workout/hsianshun0514workout_whole_session_20260514_145843.csv,hsianshun0514workout,409589,409686,db_triceps_curl,0.2764,short_time_energy
datasets/workout/hsianshun0514workout/hsianshun0514workout_whole_session_20260514_145843.csv,hsianshun0514workout,409739,409894,db_triceps_curl,0.5219,short_time_energy
datasets/workout/hsianshun0514workout/hsianshun0514workout_whole_session_20260514_145843.csv,hsianshun0514workout,409894,410014,db_triceps_curl,0.3946,short_time_energy
datasets/workout/hsianshun0514workout/hsianshun0514workout_whole_session_20260514_145843.csv,hsianshun0514workout,410070,410239,db_triceps_curl,0.4842,short_time_energy
datasets/workout/hsianshun0514workout/hsianshun0514workout_whole_session_20260514_145843.csv,hsianshun0514workout,410239,410395,db_triceps_curl,0.3185,short_time_energy
datasets/workout/hsianshun0514workout/hsianshun0514workout_whole_session_20260514_145843.csv,hsianshun0514workout,410395,410559,db_triceps_curl,0.4925,short_time_energy
datasets/workout/hsianshun0514workout/hsianshun0514workout_whole_session_20260514_145843.csv,hsianshun0514workout,410559,410684,db_triceps_curl,0.3754,short_time_energy
datasets/workout/hsianshun0514workout/hsianshun0514workout_whole_session_20260514_145843.csv,hsianshun0514workout,410684,410798,db_triceps_curl,0.3246,short_time_energy
datasets/workout/hsianshun0514workout/hsianshun0514workout_whole_session_20260514_145843.csv,hsianshun0514workout,430921,431089,db_triceps_curl,0.2853,short_time_energy
datasets/workout/hsianshun0514workout/hsianshun0514workout_whole_session_20260514_145843.csv,hsianshun0514workout,431089,431229,db_triceps_curl,0.4217,short_time_energy
datasets/workout/hsianshun0514workout/hsianshun0514workout_whole_session_20260514_145843.csv,hsianshun0514workout,431336,431515,db_triceps_curl,0.5474,short_time_energy
datasets/workout/hsianshun0514workout/hsianshun0514workout_whole_session_20260514_145843.csv,hsianshun0514workout,431515,431850,db_triceps_curl,0.4919,short_time_energy
datasets/workout/hsianshun0514workout/hsianshun0514workout_whole_session_20260514_145843.csv,hsianshun0514workout,431850,431944,db_triceps_curl,0.3023,short_time_energy
datasets/workout/hsianshun0514workout/hsianshun0514workout_whole_session_20260514_145843.csv,hsianshun0514workout,431944,432076,db_triceps_curl,0.4655,short_time_energy
datasets/workout/hsianshun0514workout/hsianshun0514workout_whole_session_20260514_145843.csv,hsianshun0514workout,432076,432370,db_triceps_curl,0.3487,short_time_energy
datasets/workout/hsianshun0514workout/hsianshun0514workout_whole_session_20260514_145843.csv,hsianshun0514workout,432370,432717,db_triceps_curl,0.4906,short_time_energy
datasets/workout/hsianshun0514workout/hsianshun0514workout_whole_session_20260514_145843.csv,hsianshun0514workout,432717,433027,db_triceps_curl,0.6148,short_time_energy
datasets/workout/hsianshun0514workout/hsianshun0514workout_whole_session_20260514_145843.csv,hsianshun0514workout,433027,433249,db_triceps_curl,0.4135,short_time_energy
datasets/workout/hsianshun0514workout/hsianshun0514workout_whole_session_20260514_145843.csv,hsianshun0514workout,433249,433528,db_triceps_curl,0.3426,short_time_energy
datasets/workout/hsianshun0514workout/hsianshun0514workout_whole_session_20260514_145843.csv,hsianshun0514workout,433528,434127,db_triceps_curl,0.4691,short_time_energy
datasets/workout/hsianshun0514workout/hsianshun0514workout_whole_session_20260514_145843.csv,hsianshun0514workout,434127,434501,db_triceps_curl,0.4827,short_time_energy
datasets/workout/hsianshun0514workout/hsianshun0514workout_whole_session_20260514_145843.csv,hsianshun0514workout,448547,448702,db_triceps_curl,0.3505,short_time_energy
datasets/workout/hsianshun0514workout/hsianshun0514workout_whole_session_20260514_145843.csv,hsianshun0514workout,448702,448793,db_triceps_curl,0.3824,short_time_energy
datasets/workout/hsianshun0514workout/hsianshun0514workout_whole_session_20260514_145843.csv,hsianshun0514workout,448850,448946,db_triceps_curl,0.3825,short_time_energy
datasets/workout/hsianshun0514workout/hsianshun0514workout_whole_session_20260514_145843.csv,hsianshun0514workout,448946,449053,db_triceps_curl,0.4263,short_time_energy
datasets/workout/hsianshun0514workout/hsianshun0514workout_whole_session_20260514_145843.csv,hsianshun0514workout,449209,449289,db_triceps_curl,0.3137,short_time_energy
datasets/workout/hsianshun0514workout/hsianshun0514workout_whole_session_20260514_145843.csv,hsianshun0514workout,449442,449558,db_triceps_curl,0.4444,short_time_energy
datasets/workout/hsianshun0514workout/hsianshun0514workout_whole_session_20260514_145843.csv,hsianshun0514workout,449649,449731,db_triceps_curl,0.3191,short_time_energy
datasets/workout/hsianshun0514workout/hsianshun0514workout_whole_session_20260514_145843.csv,hsianshun0514workout,449977,450054,db_triceps_curl,0.2674,short_time_energy
datasets/workout/hsianshun0514workout/hsianshun0514workout_whole_session_20260514_145843.csv,hsianshun0514workout,450146,450276,db_triceps_curl,0.4719,short_time_energy
datasets/workout/hsianshun0514workout/hsianshun0514workout_whole_session_20260514_145843.csv,hsianshun0514workout,450276,450348,db_triceps_curl,0.2738,short_time_energy
datasets/workout/hsianshun0514workout/hsianshun0514workout_whole_session_20260514_145843.csv,hsianshun0514workout,450406,450544,db_triceps_curl,0.4695,short_time_energy
datasets/workout/hsianshun0514workout/hsianshun0514workout_whole_session_20260514_145843.csv,hsianshun0514workout,450728,450802,db_triceps_curl,0.25,short_time_energy
datasets/workout/hsianshun0514workout/hsianshun0514workout_whole_session_20260514_145843.csv,hsianshun0514workout,451032,451116,db_triceps_curl,0.3256,short_time_energy
datasets/workout/hsianshun0514workout/hsianshun0514workout_whole_session_20260514_145843.csv,hsianshun0514workout,451219,451350,db_triceps_curl,0.4022,short_time_energy
datasets/workout/hsianshun0514workout/hsianshun0514workout_whole_session_20260514_145843.csv,hsianshun0514workout,451350,451422,db_triceps_curl,0.2812,short_time_energy
datasets/workout/hsianshun0514workout/hsianshun0514workout_whole_session_20260514_145843.csv,hsianshun0514workout,451477,451629,db_triceps_curl,0.3873,short_time_energy
datasets/workout/hsianshun0514workout/hsianshun0514workout_whole_session_20260514_145843.csv,hsianshun0514workout,451629,451732,db_triceps_curl,0.314,short_time_energy
datasets/workout/hsianshun0514workout/hsianshun0514workout_whole_session_20260514_145843.csv,hsianshun0514workout,451732,451823,db_triceps_curl,0.2774,short_time_energy
datasets/workout/hsianshun0514workout/hsianshun0514workout_whole_session_20260514_145843.csv,hsianshun0514workout,473619,473695,db_squat,0.3333,short_time_energy
datasets/workout/hsianshun0514workout/hsianshun0514workout_whole_session_20260514_145843.csv,hsianshun0514workout,473734,473852,db_squat,0.4521,short_time_energy
datasets/workout/hsianshun0514workout/hsianshun0514workout_whole_session_20260514_145843.csv,hsianshun0514workout,473911,473983,db_squat,0.2759,short_time_energy
datasets/workout/hsianshun0514workout/hsianshun0514workout_whole_session_20260514_145843.csv,hsianshun0514workout,473983,474138,db_squat,0.517,short_time_energy
datasets/workout/hsianshun0514workout/hsianshun0514workout_whole_session_20260514_145843.csv,hsianshun0514workout,474196,474273,db_squat,0.2646,short_time_energy
datasets/workout/hsianshun0514workout/hsianshun0514workout_whole_session_20260514_145843.csv,hsianshun0514workout,474273,474407,db_squat,0.4797,short_time_energy
datasets/workout/hsianshun0514workout/hsianshun0514workout_whole_session_20260514_145843.csv,hsianshun0514workout,474459,474560,db_squat,0.3004,short_time_energy
datasets/workout/hsianshun0514workout/hsianshun0514workout_whole_session_20260514_145843.csv,hsianshun0514workout,474560,474645,db_squat,0.3282,short_time_energy
datasets/workout/hsianshun0514workout/hsianshun0514workout_whole_session_20260514_145843.csv,hsianshun0514workout,474701,474803,db_squat,0.3938,short_time_energy
datasets/workout/hsianshun0514workout/hsianshun0514workout_whole_session_20260514_145843.csv,hsianshun0514workout,474803,474917,db_squat,0.427,short_time_energy
datasets/workout/hsianshun0514workout/hsianshun0514workout_whole_session_20260514_145843.csv,hsianshun0514workout,474978,475088,db_squat,0.3228,short_time_energy
datasets/workout/hsianshun0514workout/hsianshun0514workout_whole_session_20260514_145843.csv,hsianshun0514workout,475088,475185,db_squat,0.3527,short_time_energy
datasets/workout/hsianshun0514workout/hsianshun0514workout_whole_session_20260514_145843.csv,hsianshun0514workout,475241,475341,db_squat,0.3636,short_time_energy
datasets/workout/hsianshun0514workout/hsianshun0514workout_whole_session_20260514_145843.csv,hsianshun0514workout,475341,475434,db_squat,0.3436,short_time_energy
datasets/workout/hsianshun0514workout/hsianshun0514workout_whole_session_20260514_145843.csv,hsianshun0514workout,475497,475605,db_squat,0.3962,short_time_energy
datasets/workout/hsianshun0514workout/hsianshun0514workout_whole_session_20260514_145843.csv,hsianshun0514workout,475605,475718,db_squat,0.4079,short_time_energy
datasets/workout/hsianshun0514workout/hsianshun0514workout_whole_session_20260514_145843.csv,hsianshun0514workout,475777,475864,db_squat,0.3141,short_time_energy
datasets/workout/hsianshun0514workout/hsianshun0514workout_whole_session_20260514_145843.csv,hsianshun0514workout,475864,475981,db_squat,0.3824,short_time_energy
datasets/workout/hsianshun0514workout/hsianshun0514workout_whole_session_20260514_145843.csv,hsianshun0514workout,476039,476168,db_squat,0.3333,short_time_energy
datasets/workout/hsianshun0514workout/hsianshun0514workout_whole_session_20260514_145843.csv,hsianshun0514workout,476168,476239,db_squat,0.2582,short_time_energy
datasets/workout/hsianshun0514workout/hsianshun0514workout_whole_session_20260514_145843.csv,hsianshun0514workout,476297,476374,db_squat,0.28,short_time_energy
datasets/workout/hsianshun0514workout/hsianshun0514workout_whole_session_20260514_145843.csv,hsianshun0514workout,476374,476480,db_squat,0.304,short_time_energy
datasets/workout/hsianshun0514workout/hsianshun0514workout_whole_session_20260514_145843.csv,hsianshun0514workout,476480,476542,db_squat,0.3263,short_time_energy
datasets/workout/hsianshun0514workout/hsianshun0514workout_whole_session_20260514_145843.csv,hsianshun0514workout,486349,486426,db_squat,0.276,short_time_energy
datasets/workout/hsianshun0514workout/hsianshun0514workout_whole_session_20260514_145843.csv,hsianshun0514workout,486547,486690,db_squat,0.6965,short_time_energy
datasets/workout/hsianshun0514workout/hsianshun0514workout_whole_session_20260514_145843.csv,hsianshun0514workout,486784,486865,db_squat,0.3214,short_time_energy
datasets/workout/hsianshun0514workout/hsianshun0514workout_whole_session_20260514_145843.csv,hsianshun0514workout,486922,486991,db_squat,0.2738,short_time_energy
datasets/workout/hsianshun0514workout/hsianshun0514workout_whole_session_20260514_145843.csv,hsianshun0514workout,486991,487087,db_squat,0.3625,short_time_energy
datasets/workout/hsianshun0514workout/hsianshun0514workout_whole_session_20260514_145843.csv,hsianshun0514workout,487142,487208,db_squat,0.2857,short_time_energy
datasets/workout/hsianshun0514workout/hsianshun0514workout_whole_session_20260514_145843.csv,hsianshun0514workout,487208,487325,db_squat,0.3672,short_time_energy
datasets/workout/hsianshun0514workout/hsianshun0514workout_whole_session_20260514_145843.csv,hsianshun0514workout,487325,487387,db_squat,0.2661,short_time_energy
datasets/workout/hsianshun0514workout/hsianshun0514workout_whole_session_20260514_145843.csv,hsianshun0514workout,487387,487510,db_squat,0.276,short_time_energy
datasets/workout/hsianshun0514workout/hsianshun0514workout_whole_session_20260514_145843.csv,hsianshun0514workout,487510,487591,db_squat,0.2872,short_time_energy
datasets/workout/hsianshun0514workout/hsianshun0514workout_whole_session_20260514_145843.csv,hsianshun0514workout,487651,487746,db_squat,0.3369,short_time_energy
datasets/workout/hsianshun0514workout/hsianshun0514workout_whole_session_20260514_145843.csv,hsianshun0514workout,487746,487868,db_squat,0.4535,short_time_energy
datasets/workout/hsianshun0514workout/hsianshun0514workout_whole_session_20260514_145843.csv,hsianshun0514workout,487930,488011,db_squat,0.3011,short_time_energy
datasets/workout/hsianshun0514workout/hsianshun0514workout_whole_session_20260514_145843.csv,hsianshun0514workout,488011,488120,db_squat,0.4008,short_time_energy
datasets/workout/hsianshun0514workout/hsianshun0514workout_whole_session_20260514_145843.csv,hsianshun0514workout,488120,488186,db_squat,0.2558,short_time_energy
datasets/workout/hsianshun0514workout/hsianshun0514workout_whole_session_20260514_145843.csv,hsianshun0514workout,488186,488313,db_squat,0.2919,short_time_energy
datasets/workout/hsianshun0514workout/hsianshun0514workout_whole_session_20260514_145843.csv,hsianshun0514workout,488313,488395,db_squat,0.295,short_time_energy
datasets/workout/hsianshun0514workout/hsianshun0514workout_whole_session_20260514_145843.csv,hsianshun0514workout,488458,488532,db_squat,0.2662,short_time_energy
datasets/workout/hsianshun0514workout/hsianshun0514workout_whole_session_20260514_145843.csv,hsianshun0514workout,488532,488646,db_squat,0.3846,short_time_energy
datasets/workout/hsianshun0514workout/hsianshun0514workout_whole_session_20260514_145843.csv,hsianshun0514workout,488701,488811,db_squat,0.3,short_time_energy
datasets/workout/hsianshun0514workout/hsianshun0514workout_whole_session_20260514_145843.csv,hsianshun0514workout,488811,488914,db_squat,0.3732,short_time_energy
datasets/workout/hsianshun0514workout/hsianshun0514workout_whole_session_20260514_145843.csv,hsianshun0514workout,488975,489065,db_squat,0.2797,short_time_energy
datasets/workout/hsianshun0514workout/hsianshun0514workout_whole_session_20260514_145843.csv,hsianshun0514workout,489065,489201,db_squat,0.5056,short_time_energy
datasets/workout/hsianshun0514workout/hsianshun0514workout_whole_session_20260514_145843.csv,hsianshun0514workout,502088,502470,db_squat,0.3605,short_time_energy
datasets/workout/hsianshun0514workout/hsianshun0514workout_whole_session_20260514_145843.csv,hsianshun0514workout,502606,502674,db_squat,0.335,short_time_energy
datasets/workout/hsianshun0514workout/hsianshun0514workout_whole_session_20260514_145843.csv,hsianshun0514workout,502674,502751,db_squat,0.3793,short_time_energy
datasets/workout/hsianshun0514workout/hsianshun0514workout_whole_session_20260514_145843.csv,hsianshun0514workout,502751,502808,db_squat,0.2745,short_time_energy
datasets/workout/hsianshun0514workout/hsianshun0514workout_whole_session_20260514_145843.csv,hsianshun0514workout,502808,502883,db_squat,0.3606,short_time_energy
datasets/workout/hsianshun0514workout/hsianshun0514workout_whole_session_20260514_145843.csv,hsianshun0514workout,502883,502962,db_squat,0.3798,short_time_energy
datasets/workout/hsianshun0514workout/hsianshun0514workout_whole_session_20260514_145843.csv,hsianshun0514workout,503035,503096,db_squat,0.2976,short_time_energy
datasets/workout/hsianshun0514workout/hsianshun0514workout_whole_session_20260514_145843.csv,hsianshun0514workout,503096,503167,db_squat,0.3463,short_time_energy
datasets/workout/hsianshun0514workout/hsianshun0514workout_whole_session_20260514_145843.csv,hsianshun0514workout,503317,503386,db_squat,0.2899,short_time_energy
datasets/workout/hsianshun0514workout/hsianshun0514workout_whole_session_20260514_145843.csv,hsianshun0514workout,503386,503456,db_squat,0.2941,short_time_energy
datasets/workout/hsianshun0514workout/hsianshun0514workout_whole_session_20260514_145843.csv,hsianshun0514workout,503456,503531,db_squat,0.3333,short_time_energy
datasets/workout/hsianshun0514workout/hsianshun0514workout_whole_session_20260514_145843.csv,hsianshun0514workout,503531,503605,db_squat,0.341,short_time_energy
datasets/workout/hsianshun0514workout/hsianshun0514workout_whole_session_20260514_145843.csv,hsianshun0514workout,503605,503675,db_squat,0.3226,short_time_energy
datasets/workout/hsianshun0514workout/hsianshun0514workout_whole_session_20260514_145843.csv,hsianshun0514workout,503675,503753,db_squat,0.3594,short_time_energy
datasets/workout/hsianshun0514workout/hsianshun0514workout_whole_session_20260514_145843.csv,hsianshun0514workout,503753,503828,db_squat,0.3456,short_time_energy
datasets/workout/hsianshun0514workout/hsianshun0514workout_whole_session_20260514_145843.csv,hsianshun0514workout,503828,503889,db_squat,0.2811,short_time_energy
datasets/workout/hsianshun0514workout/hsianshun0514workout_whole_session_20260514_145843.csv,hsianshun0514workout,503889,503980,db_squat,0.3607,short_time_energy
datasets/workout/hsianshun0514workout/hsianshun0514workout_whole_session_20260514_145843.csv,hsianshun0514workout,503980,504057,db_squat,0.3195,short_time_energy
datasets/workout/hsianshun0514workout/hsianshun0514workout_whole_session_20260514_145843.csv,hsianshun0514workout,504057,504131,db_squat,0.3071,short_time_energy
datasets/workout/hsianshun0514workout/hsianshun0514workout_whole_session_20260514_145843.csv,hsianshun0514workout,504131,504204,db_squat,0.3227,short_time_energy
datasets/workout/hsianshun0514workout/hsianshun0514workout_whole_session_20260514_145843.csv,hsianshun0514workout,504204,504290,db_squat,0.3945,short_time_energy
datasets/workout/hsianshun0514workout/hsianshun0514workout_whole_session_20260514_145843.csv,hsianshun0514workout,504290,504361,db_squat,0.2675,short_time_energy
datasets/workout/hsianshun0514workout/hsianshun0514workout_whole_session_20260514_145843.csv,hsianshun0514workout,504361,504439,db_squat,0.3319,short_time_energy
datasets/workout/hsianshun0514workout/hsianshun0514workout_whole_session_20260514_145843.csv,hsianshun0514workout,504439,504524,db_squat,0.3617,short_time_energy
datasets/workout/hsianshun0514workout/hsianshun0514workout_whole_session_20260514_145843.csv,hsianshun0514workout,504524,504589,db_squat,0.2605,short_time_energy
datasets/workout/hsianshun0514workout/hsianshun0514workout_whole_session_20260514_145843.csv,hsianshun0514workout,504589,504693,db_squat,0.391,short_time_energy
datasets/workout/hsianshun0514workout/hsianshun0514workout_whole_session_20260514_145843.csv,hsianshun0514workout,504693,504779,db_squat,0.3233,short_time_energy
datasets/workout/hsianshun0514workout/hsianshun0514workout_whole_session_20260514_145843.csv,hsianshun0514workout,504779,504874,db_squat,0.2535,short_time_energy
datasets/workout/hsianshun0514workout/hsianshun0514workout_whole_session_20260514_145843.csv,hsianshun0514workout,504933,505007,db_squat,0.2902,short_time_energy
datasets/workout/hsianshun0514workout/hsianshun0514workout_whole_session_20260514_145843.csv,hsianshun0514workout,505007,505107,db_squat,0.3922,short_time_energy
datasets/workout/kevin0509workout/kevin0509workout_whole_session_20260509_173017.csv,kevin0509workout,675,757,db_bench_press,0.2571,short_time_energy
datasets/workout/kevin0509workout/kevin0509workout_whole_session_20260509_173017.csv,kevin0509workout,800,929,db_bench_press,0.4044,short_time_energy
datasets/workout/kevin0509workout/kevin0509workout_whole_session_20260509_173017.csv,kevin0509workout,929,1023,db_bench_press,0.2806,short_time_energy
datasets/workout/kevin0509workout/kevin0509workout_whole_session_20260509_173017.csv,kevin0509workout,1023,1118,db_bench_press,0.3135,short_time_energy
datasets/workout/kevin0509workout/kevin0509workout_whole_session_20260509_173017.csv,kevin0509workout,1167,1351,db_bench_press,0.2947,short_time_energy
datasets/workout/kevin0509workout/kevin0509workout_whole_session_20260509_173017.csv,kevin0509workout,1351,1454,db_bench_press,0.3344,short_time_energy
datasets/workout/kevin0509workout/kevin0509workout_whole_session_20260509_173017.csv,kevin0509workout,1578,1675,db_bench_press,0.318,short_time_energy
datasets/workout/kevin0509workout/kevin0509workout_whole_session_20260509_173017.csv,kevin0509workout,1970,2058,db_bench_press,0.2683,short_time_energy
datasets/workout/kevin0509workout/kevin0509workout_whole_session_20260509_173017.csv,kevin0509workout,2214,2344,db_bench_press,0.3846,short_time_energy
datasets/workout/kevin0509workout/kevin0509workout_whole_session_20260509_173017.csv,kevin0509workout,2344,2511,db_bench_press,0.4941,short_time_energy
datasets/workout/kevin0509workout/kevin0509workout_whole_session_20260509_173017.csv,kevin0509workout,2628,2733,db_bench_press,0.3107,short_time_energy
datasets/workout/kevin0509workout/kevin0509workout_whole_session_20260509_173017.csv,kevin0509workout,2733,2852,db_bench_press,0.3521,short_time_energy
datasets/workout/kevin0509workout/kevin0509workout_whole_session_20260509_173017.csv,kevin0509workout,2975,3182,db_bench_press,0.5687,short_time_energy
datasets/workout/kevin0509workout/kevin0509workout_whole_session_20260509_173017.csv,kevin0509workout,3244,3345,db_bench_press,0.2767,short_time_energy
datasets/workout/kevin0509workout/kevin0509workout_whole_session_20260509_173017.csv,kevin0509workout,3731,3879,db_bench_press,0.4302,short_time_energy
datasets/workout/kevin0509workout/kevin0509workout_whole_session_20260509_173017.csv,kevin0509workout,3934,4070,db_bench_press,0.3686,short_time_energy
datasets/workout/kevin0509workout/kevin0509workout_whole_session_20260509_173017.csv,kevin0509workout,4327,4418,db_bench_press,0.2889,short_time_energy
datasets/workout/kevin0509workout/kevin0509workout_whole_session_20260509_173017.csv,kevin0509workout,11805,11882,db_bench_press,0.3092,short_time_energy
datasets/workout/kevin0509workout/kevin0509workout_whole_session_20260509_173017.csv,kevin0509workout,11950,12009,db_bench_press,0.2599,short_time_energy
datasets/workout/kevin0509workout/kevin0509workout_whole_session_20260509_173017.csv,kevin0509workout,12042,12118,db_bench_press,0.3348,short_time_energy
datasets/workout/kevin0509workout/kevin0509workout_whole_session_20260509_173017.csv,kevin0509workout,12118,12239,db_bench_press,0.3899,short_time_energy
datasets/workout/kevin0509workout/kevin0509workout_whole_session_20260509_173017.csv,kevin0509workout,12399,12532,db_bench_press,0.457,short_time_energy
datasets/workout/kevin0509workout/kevin0509workout_whole_session_20260509_173017.csv,kevin0509workout,12597,12672,db_bench_press,0.2577,short_time_energy
datasets/workout/kevin0509workout/kevin0509workout_whole_session_20260509_173017.csv,kevin0509workout,12672,12767,db_bench_press,0.2883,short_time_energy
datasets/workout/kevin0509workout/kevin0509workout_whole_session_20260509_173017.csv,kevin0509workout,12885,12958,db_bench_press,0.25,short_time_energy
datasets/workout/kevin0509workout/kevin0509workout_whole_session_20260509_173017.csv,kevin0509workout,12958,13048,db_bench_press,0.3114,short_time_energy
datasets/workout/kevin0509workout/kevin0509workout_whole_session_20260509_173017.csv,kevin0509workout,13048,13124,db_bench_press,0.263,short_time_energy
datasets/workout/kevin0509workout/kevin0509workout_whole_session_20260509_173017.csv,kevin0509workout,13363,13492,db_bench_press,0.3728,short_time_energy
datasets/workout/kevin0509workout/kevin0509workout_whole_session_20260509_173017.csv,kevin0509workout,13664,13760,db_bench_press,0.3168,short_time_energy
datasets/workout/kevin0509workout/kevin0509workout_whole_session_20260509_173017.csv,kevin0509workout,13794,13871,db_bench_press,0.2541,short_time_energy
datasets/workout/kevin0509workout/kevin0509workout_whole_session_20260509_173017.csv,kevin0509workout,14079,14150,db_bench_press,0.2669,short_time_energy
datasets/workout/kevin0509workout/kevin0509workout_whole_session_20260509_173017.csv,kevin0509workout,14150,14256,db_bench_press,0.3333,short_time_energy
datasets/workout/kevin0509workout/kevin0509workout_whole_session_20260509_173017.csv,kevin0509workout,14256,14336,db_bench_press,0.2759,short_time_energy
datasets/workout/kevin0509workout/kevin0509workout_whole_session_20260509_173017.csv,kevin0509workout,14627,14698,db_bench_press,0.2784,short_time_energy
datasets/workout/kevin0509workout/kevin0509workout_whole_session_20260509_173017.csv,kevin0509workout,14698,14781,db_bench_press,0.2821,short_time_energy
datasets/workout/kevin0509workout/kevin0509workout_whole_session_20260509_173017.csv,kevin0509workout,14781,14853,db_bench_press,0.2609,short_time_energy
datasets/workout/kevin0509workout/kevin0509workout_whole_session_20260509_173017.csv,kevin0509workout,14853,15016,db_bench_press,0.3981,short_time_energy
datasets/workout/kevin0509workout/kevin0509workout_whole_session_20260509_173017.csv,kevin0509workout,21041,21109,db_bench_press,0.2845,short_time_energy
datasets/workout/kevin0509workout/kevin0509workout_whole_session_20260509_173017.csv,kevin0509workout,21487,21560,db_bench_press,0.3395,short_time_energy
datasets/workout/kevin0509workout/kevin0509workout_whole_session_20260509_173017.csv,kevin0509workout,21677,21841,db_bench_press,0.5636,short_time_energy
datasets/workout/kevin0509workout/kevin0509workout_whole_session_20260509_173017.csv,kevin0509workout,22113,22253,db_bench_press,0.3041,short_time_energy
datasets/workout/kevin0509workout/kevin0509workout_whole_session_20260509_173017.csv,kevin0509workout,22605,22700,db_bench_press,0.3242,short_time_energy
datasets/workout/kevin0509workout/kevin0509workout_whole_session_20260509_173017.csv,kevin0509workout,22906,23005,db_bench_press,0.3379,short_time_energy
datasets/workout/kevin0509workout/kevin0509workout_whole_session_20260509_173017.csv,kevin0509workout,23110,23203,db_bench_press,0.3174,short_time_energy
datasets/workout/kevin0509workout/kevin0509workout_whole_session_20260509_173017.csv,kevin0509workout,23255,23349,db_bench_press,0.2565,short_time_energy
datasets/workout/kevin0509workout/kevin0509workout_whole_session_20260509_173017.csv,kevin0509workout,23376,23475,db_bench_press,0.3143,short_time_energy
datasets/workout/kevin0509workout/kevin0509workout_whole_session_20260509_173017.csv,kevin0509workout,23504,23585,db_bench_press,0.2571,short_time_energy
datasets/workout/kevin0509workout/kevin0509workout_whole_session_20260509_173017.csv,kevin0509workout,23701,23786,db_bench_press,0.2656,short_time_energy
datasets/workout/kevin0509workout/kevin0509workout_whole_session_20260509_173017.csv,kevin0509workout,23828,23925,db_bench_press,0.3031,short_time_energy
datasets/workout/kevin0509workout/kevin0509workout_whole_session_20260509_173017.csv,kevin0509workout,24009,24103,db_bench_press,0.3406,short_time_energy
datasets/workout/kevin0509workout/kevin0509workout_whole_session_20260509_173017.csv,kevin0509workout,24134,24245,db_bench_press,0.4022,short_time_energy
datasets/workout/kevin0509workout/kevin0509workout_whole_session_20260509_173017.csv,kevin0509workout,43072,43177,one_arm_db_row,0.3431,short_time_energy
datasets/workout/kevin0509workout/kevin0509workout_whole_session_20260509_173017.csv,kevin0509workout,43338,43517,one_arm_db_row,0.702,short_time_energy
datasets/workout/kevin0509workout/kevin0509workout_whole_session_20260509_173017.csv,kevin0509workout,43605,43726,one_arm_db_row,0.4515,short_time_energy
datasets/workout/kevin0509workout/kevin0509workout_whole_session_20260509_173017.csv,kevin0509workout,43726,43824,one_arm_db_row,0.3657,short_time_energy
datasets/workout/kevin0509workout/kevin0509workout_whole_session_20260509_173017.csv,kevin0509workout,43883,44056,one_arm_db_row,0.6113,short_time_energy
datasets/workout/kevin0509workout/kevin0509workout_whole_session_20260509_173017.csv,kevin0509workout,44177,44311,one_arm_db_row,0.5403,short_time_energy
datasets/workout/kevin0509workout/kevin0509workout_whole_session_20260509_173017.csv,kevin0509workout,44351,44418,one_arm_db_row,0.5207,short_time_energy
datasets/workout/kevin0509workout/kevin0509workout_whole_session_20260509_173017.csv,kevin0509workout,44670,44777,one_arm_db_row,0.2635,short_time_energy
datasets/workout/kevin0509workout/kevin0509workout_whole_session_20260509_173017.csv,kevin0509workout,44937,45059,one_arm_db_row,0.6193,short_time_energy
datasets/workout/kevin0509workout/kevin0509workout_whole_session_20260509_173017.csv,kevin0509workout,46683,46851,one_arm_db_row,0.2521,short_time_energy
datasets/workout/kevin0509workout/kevin0509workout_whole_session_20260509_173017.csv,kevin0509workout,46851,46963,one_arm_db_row,0.3875,short_time_energy
datasets/workout/kevin0509workout/kevin0509workout_whole_session_20260509_173017.csv,kevin0509workout,47117,47268,one_arm_db_row,0.5875,short_time_energy
datasets/workout/kevin0509workout/kevin0509workout_whole_session_20260509_173017.csv,kevin0509workout,47314,47385,one_arm_db_row,0.2527,short_time_energy
datasets/workout/kevin0509workout/kevin0509workout_whole_session_20260509_173017.csv,kevin0509workout,47385,47491,one_arm_db_row,0.3772,short_time_energy
datasets/workout/kevin0509workout/kevin0509workout_whole_session_20260509_173017.csv,kevin0509workout,47491,47584,one_arm_db_row,0.331,short_time_energy
datasets/workout/kevin0509workout/kevin0509workout_whole_session_20260509_173017.csv,kevin0509workout,47584,47669,one_arm_db_row,0.3051,short_time_energy
datasets/workout/kevin0509workout/kevin0509workout_whole_session_20260509_173017.csv,kevin0509workout,47669,47783,one_arm_db_row,0.4222,short_time_energy
datasets/workout/kevin0509workout/kevin0509workout_whole_session_20260509_173017.csv,kevin0509workout,47949,48052,one_arm_db_row,0.3627,short_time_energy
datasets/workout/kevin0509workout/kevin0509workout_whole_session_20260509_173017.csv,kevin0509workout,48052,48199,one_arm_db_row,0.2566,short_time_energy
datasets/workout/kevin0509workout/kevin0509workout_whole_session_20260509_173017.csv,kevin0509workout,48199,48313,one_arm_db_row,0.4254,short_time_energy
datasets/workout/kevin0509workout/kevin0509workout_whole_session_20260509_173017.csv,kevin0509workout,48470,48675,one_arm_db_row,0.7303,short_time_energy
datasets/workout/kevin0509workout/kevin0509workout_whole_session_20260509_173017.csv,kevin0509workout,48675,48765,one_arm_db_row,0.2961,short_time_energy
datasets/workout/kevin0509workout/kevin0509workout_whole_session_20260509_173017.csv,kevin0509workout,48765,48891,one_arm_db_row,0.4145,short_time_energy
datasets/workout/kevin0509workout/kevin0509workout_whole_session_20260509_173017.csv,kevin0509workout,48955,49062,one_arm_db_row,0.3131,short_time_energy
datasets/workout/kevin0509workout/kevin0509workout_whole_session_20260509_173017.csv,kevin0509workout,49062,49159,one_arm_db_row,0.3428,short_time_energy
datasets/workout/kevin0509workout/kevin0509workout_whole_session_20260509_173017.csv,kevin0509workout,49159,49231,one_arm_db_row,0.2544,short_time_energy
datasets/workout/kevin0509workout/kevin0509workout_whole_session_20260509_173017.csv,kevin0509workout,49314,49424,one_arm_db_row,0.4297,short_time_energy
datasets/workout/kevin0509workout/kevin0509workout_whole_session_20260509_173017.csv,kevin0509workout,49424,49503,one_arm_db_row,0.3086,short_time_energy
datasets/workout/kevin0509workout/kevin0509workout_whole_session_20260509_173017.csv,kevin0509workout,49503,49586,one_arm_db_row,0.2989,short_time_energy
datasets/workout/kevin0509workout/kevin0509workout_whole_session_20260509_173017.csv,kevin0509workout,49586,49652,one_arm_db_row,0.2578,short_time_energy
datasets/workout/kevin0509workout/kevin0509workout_whole_session_20260509_173017.csv,kevin0509workout,49652,49766,one_arm_db_row,0.4341,short_time_energy
datasets/workout/kevin0509workout/kevin0509workout_whole_session_20260509_173017.csv,kevin0509workout,49839,49950,one_arm_db_row,0.4512,short_time_energy
datasets/workout/kevin0509workout/kevin0509workout_whole_session_20260509_173017.csv,kevin0509workout,56728,56844,one_arm_db_row,0.2525,short_time_energy
datasets/workout/kevin0509workout/kevin0509workout_whole_session_20260509_173017.csv,kevin0509workout,56942,57010,one_arm_db_row,0.2556,short_time_energy
datasets/workout/kevin0509workout/kevin0509workout_whole_session_20260509_173017.csv,kevin0509workout,57085,57223,one_arm_db_row,0.5349,short_time_energy
datasets/workout/kevin0509workout/kevin0509workout_whole_session_20260509_173017.csv,kevin0509workout,57223,57297,one_arm_db_row,0.2576,short_time_energy
datasets/workout/kevin0509workout/kevin0509workout_whole_session_20260509_173017.csv,kevin0509workout,57297,57359,one_arm_db_row,0.2707,short_time_energy
datasets/workout/kevin0509workout/kevin0509workout_whole_session_20260509_173017.csv,kevin0509workout,57359,57418,one_arm_db_row,0.2576,short_time_energy
datasets/workout/kevin0509workout/kevin0509workout_whole_session_20260509_173017.csv,kevin0509workout,57560,57705,one_arm_db_row,0.5577,short_time_energy
datasets/workout/kevin0509workout/kevin0509workout_whole_session_20260509_173017.csv,kevin0509workout,57705,57894,one_arm_db_row,0.3098,short_time_energy
datasets/workout/kevin0509workout/kevin0509workout_whole_session_20260509_173017.csv,kevin0509workout,57993,58069,one_arm_db_row,0.2594,short_time_energy
datasets/workout/kevin0509workout/kevin0509workout_whole_session_20260509_173017.csv,kevin0509workout,58069,58162,one_arm_db_row,0.319,short_time_energy
datasets/workout/kevin0509workout/kevin0509workout_whole_session_20260509_173017.csv,kevin0509workout,58162,58255,one_arm_db_row,0.3382,short_time_energy
datasets/workout/kevin0509workout/kevin0509workout_whole_session_20260509_173017.csv,kevin0509workout,58255,58347,one_arm_db_row,0.3345,short_time_energy
datasets/workout/kevin0509workout/kevin0509workout_whole_session_20260509_173017.csv,kevin0509workout,58347,58416,one_arm_db_row,0.2537,short_time_energy
datasets/workout/kevin0509workout/kevin0509workout_whole_session_20260509_173017.csv,kevin0509workout,58416,58507,one_arm_db_row,0.3408,short_time_energy
datasets/workout/kevin0509workout/kevin0509workout_whole_session_20260509_173017.csv,kevin0509workout,58507,58708,one_arm_db_row,0.3,short_time_energy
datasets/workout/kevin0509workout/kevin0509workout_whole_session_20260509_173017.csv,kevin0509workout,58708,58810,one_arm_db_row,0.3835,short_time_energy
datasets/workout/kevin0509workout/kevin0509workout_whole_session_20260509_173017.csv,kevin0509workout,58810,58890,one_arm_db_row,0.2582,short_time_energy
datasets/workout/kevin0509workout/kevin0509workout_whole_session_20260509_173017.csv,kevin0509workout,58890,59170,one_arm_db_row,0.9003,short_time_energy
datasets/workout/kevin0509workout/kevin0509workout_whole_session_20260509_173017.csv,kevin0509workout,59260,59391,one_arm_db_row,0.4712,short_time_energy
datasets/workout/kevin0509workout/kevin0509workout_whole_session_20260509_173017.csv,kevin0509workout,59391,59462,one_arm_db_row,0.2554,short_time_energy
datasets/workout/kevin0509workout/kevin0509workout_whole_session_20260509_173017.csv,kevin0509workout,59542,59674,one_arm_db_row,0.4615,short_time_energy
datasets/workout/kevin0509workout/kevin0509workout_whole_session_20260509_173017.csv,kevin0509workout,59733,59833,one_arm_db_row,0.2711,short_time_energy
datasets/workout/kevin0509workout/kevin0509workout_whole_session_20260509_173017.csv,kevin0509workout,59833,59922,one_arm_db_row,0.341,short_time_energy
datasets/workout/kevin0509workout/kevin0509workout_whole_session_20260509_173017.csv,kevin0509workout,66181,66494,one_arm_db_row,0.7923,short_time_energy
datasets/workout/kevin0509workout/kevin0509workout_whole_session_20260509_173017.csv,kevin0509workout,66494,66687,one_arm_db_row,0.6844,short_time_energy
datasets/workout/kevin0509workout/kevin0509workout_whole_session_20260509_173017.csv,kevin0509workout,66687,66956,one_arm_db_row,0.5777,short_time_energy
datasets/workout/kevin0509workout/kevin0509workout_whole_session_20260509_173017.csv,kevin0509workout,66956,67263,one_arm_db_row,0.7121,short_time_energy
datasets/workout/kevin0509workout/kevin0509workout_whole_session_20260509_173017.csv,kevin0509workout,67263,67599,one_arm_db_row,0.756,short_time_energy
datasets/workout/kevin0509workout/kevin0509workout_whole_session_20260509_173017.csv,kevin0509workout,67599,67849,one_arm_db_row,0.5858,short_time_energy
datasets/workout/kevin0509workout/kevin0509workout_whole_session_20260509_173017.csv,kevin0509workout,67849,68032,one_arm_db_row,0.7038,short_time_energy
datasets/workout/kevin0509workout/kevin0509workout_whole_session_20260509_173017.csv,kevin0509workout,68032,68303,one_arm_db_row,0.8745,short_time_energy
datasets/workout/kevin0509workout/kevin0509workout_whole_session_20260509_173017.csv,kevin0509workout,68303,68437,one_arm_db_row,0.5514,short_time_energy
datasets/workout/kevin0509workout/kevin0509workout_whole_session_20260509_173017.csv,kevin0509workout,68437,68759,one_arm_db_row,0.7422,short_time_energy
datasets/workout/kevin0509workout/kevin0509workout_whole_session_20260509_173017.csv,kevin0509workout,68818,68918,one_arm_db_row,0.4219,short_time_energy
datasets/workout/kevin0509workout/kevin0509workout_whole_session_20260509_173017.csv,kevin0509workout,68918,69230,one_arm_db_row,0.75,short_time_energy
datasets/workout/kevin0509workout/kevin0509workout_whole_session_20260509_173017.csv,kevin0509workout,86244,86478,db_rdl,0.4114,short_time_energy
datasets/workout/kevin0509workout/kevin0509workout_whole_session_20260509_173017.csv,kevin0509workout,86478,86709,db_rdl,0.5,short_time_energy
datasets/workout/kevin0509workout/kevin0509workout_whole_session_20260509_173017.csv,kevin0509workout,86709,86906,db_rdl,0.5777,short_time_energy
datasets/workout/kevin0509workout/kevin0509workout_whole_session_20260509_173017.csv,kevin0509workout,86906,87063,db_rdl,0.314,short_time_energy
datasets/workout/kevin0509workout/kevin0509workout_whole_session_20260509_173017.csv,kevin0509workout,87063,87271,db_rdl,0.619,short_time_energy
datasets/workout/kevin0509workout/kevin0509workout_whole_session_20260509_173017.csv,kevin0509workout,87271,87487,db_rdl,0.3158,short_time_energy
datasets/workout/kevin0509workout/kevin0509workout_whole_session_20260509_173017.csv,kevin0509workout,87487,87617,db_rdl,0.4207,short_time_energy
datasets/workout/kevin0509workout/kevin0509workout_whole_session_20260509_173017.csv,kevin0509workout,87744,87896,db_rdl,0.5101,short_time_energy
datasets/workout/kevin0509workout/kevin0509workout_whole_session_20260509_173017.csv,kevin0509workout,87896,88140,db_rdl,0.4257,short_time_energy
datasets/workout/kevin0509workout/kevin0509workout_whole_session_20260509_173017.csv,kevin0509workout,88199,88282,db_rdl,0.25,short_time_energy
datasets/workout/kevin0509workout/kevin0509workout_whole_session_20260509_173017.csv,kevin0509workout,88282,88444,db_rdl,0.384,short_time_energy
datasets/workout/kevin0509workout/kevin0509workout_whole_session_20260509_173017.csv,kevin0509workout,88444,88800,db_rdl,0.426,short_time_energy
datasets/workout/kevin0509workout/kevin0509workout_whole_session_20260509_173017.csv,kevin0509workout,88800,88895,db_rdl,0.2861,short_time_energy
datasets/workout/kevin0509workout/kevin0509workout_whole_session_20260509_173017.csv,kevin0509workout,88895,89125,db_rdl,0.2925,short_time_energy
datasets/workout/kevin0509workout/kevin0509workout_whole_session_20260509_173017.csv,kevin0509workout,89125,89319,db_rdl,0.5229,short_time_energy
datasets/workout/kevin0509workout/kevin0509workout_whole_session_20260509_173017.csv,kevin0509workout,89319,89482,db_rdl,0.3202,short_time_energy
datasets/workout/kevin0509workout/kevin0509workout_whole_session_20260509_173017.csv,kevin0509workout,89678,89777,db_rdl,0.2508,short_time_energy
datasets/workout/kevin0509workout/kevin0509workout_whole_session_20260509_173017.csv,kevin0509workout,89927,90098,db_rdl,0.3304,short_time_energy
datasets/workout/kevin0509workout/kevin0509workout_whole_session_20260509_173017.csv,kevin0509workout,90098,90224,db_rdl,0.4437,short_time_energy
datasets/workout/kevin0509workout/kevin0509workout_whole_session_20260509_173017.csv,kevin0509workout,96456,96825,db_rdl,0.7009,short_time_energy
datasets/workout/kevin0509workout/kevin0509workout_whole_session_20260509_173017.csv,kevin0509workout,96920,97341,db_rdl,0.6956,short_time_energy
datasets/workout/kevin0509workout/kevin0509workout_whole_session_20260509_173017.csv,kevin0509workout,97341,97602,db_rdl,0.4909,short_time_energy
datasets/workout/kevin0509workout/kevin0509workout_whole_session_20260509_173017.csv,kevin0509workout,97602,97848,db_rdl,0.6918,short_time_energy
datasets/workout/kevin0509workout/kevin0509workout_whole_session_20260509_173017.csv,kevin0509workout,97848,98199,db_rdl,0.7347,short_time_energy
datasets/workout/kevin0509workout/kevin0509workout_whole_session_20260509_173017.csv,kevin0509workout,98199,98368,db_rdl,0.5331,short_time_energy
datasets/workout/kevin0509workout/kevin0509workout_whole_session_20260509_173017.csv,kevin0509workout,98515,98915,db_rdl,0.592,short_time_energy
datasets/workout/kevin0509workout/kevin0509workout_whole_session_20260509_173017.csv,kevin0509workout,98915,99230,db_rdl,0.4782,short_time_energy
datasets/workout/kevin0509workout/kevin0509workout_whole_session_20260509_173017.csv,kevin0509workout,99230,99407,db_rdl,0.4836,short_time_energy
datasets/workout/kevin0509workout/kevin0509workout_whole_session_20260509_173017.csv,kevin0509workout,99490,99765,db_rdl,0.7333,short_time_energy
datasets/workout/kevin0509workout/kevin0509workout_whole_session_20260509_173017.csv,kevin0509workout,99907,100091,db_rdl,0.5593,short_time_energy
datasets/workout/kevin0509workout/kevin0509workout_whole_session_20260509_173017.csv,kevin0509workout,100155,100442,db_rdl,0.7014,short_time_energy
datasets/workout/kevin0509workout/kevin0509workout_whole_session_20260509_173017.csv,kevin0509workout,108327,108632,db_rdl,0.6817,short_time_energy
datasets/workout/kevin0509workout/kevin0509workout_whole_session_20260509_173017.csv,kevin0509workout,108632,108839,db_rdl,0.36,short_time_energy
datasets/workout/kevin0509workout/kevin0509workout_whole_session_20260509_173017.csv,kevin0509workout,108839,108943,db_rdl,0.3432,short_time_energy
datasets/workout/kevin0509workout/kevin0509workout_whole_session_20260509_173017.csv,kevin0509workout,109037,109215,db_rdl,0.6568,short_time_energy
datasets/workout/kevin0509workout/kevin0509workout_whole_session_20260509_173017.csv,kevin0509workout,109325,109525,db_rdl,0.6557,short_time_energy
datasets/workout/kevin0509workout/kevin0509workout_whole_session_20260509_173017.csv,kevin0509workout,109622,109843,db_rdl,0.6637,short_time_energy
datasets/workout/kevin0509workout/kevin0509workout_whole_session_20260509_173017.csv,kevin0509workout,109919,110124,db_rdl,0.7482,short_time_energy
datasets/workout/kevin0509workout/kevin0509workout_whole_session_20260509_173017.csv,kevin0509workout,110210,110432,db_rdl,0.7375,short_time_energy
datasets/workout/kevin0509workout/kevin0509workout_whole_session_20260509_173017.csv,kevin0509workout,110520,110737,db_rdl,0.6824,short_time_energy
datasets/workout/kevin0509workout/kevin0509workout_whole_session_20260509_173017.csv,kevin0509workout,110737,110963,db_rdl,0.384,short_time_energy
datasets/workout/kevin0509workout/kevin0509workout_whole_session_20260509_173017.csv,kevin0509workout,110963,111064,db_rdl,0.307,short_time_energy
datasets/workout/kevin0509workout/kevin0509workout_whole_session_20260509_173017.csv,kevin0509workout,111129,111377,db_rdl,0.6928,short_time_energy
datasets/workout/kevin0509workout/kevin0509workout_whole_session_20260509_173017.csv,kevin0509workout,111453,111685,db_rdl,0.6763,short_time_energy
datasets/workout/kevin0509workout/kevin0509workout_whole_session_20260509_173017.csv,kevin0509workout,111685,111770,db_rdl,0.2703,short_time_energy
datasets/workout/kevin0509workout/kevin0509workout_whole_session_20260509_173017.csv,kevin0509workout,111770,112007,db_rdl,0.7012,short_time_energy
datasets/workout/kevin0509workout/kevin0509workout_whole_session_20260509_173017.csv,kevin0509workout,112007,112103,db_rdl,0.284,short_time_energy
datasets/workout/kevin0509workout/kevin0509workout_whole_session_20260509_173017.csv,kevin0509workout,133241,133628,db_weighted_crunch,0.7028,short_time_energy
datasets/workout/kevin0509workout/kevin0509workout_whole_session_20260509_173017.csv,kevin0509workout,133628,133784,db_weighted_crunch,0.7324,short_time_energy
datasets/workout/kevin0509workout/kevin0509workout_whole_session_20260509_173017.csv,kevin0509workout,133784,134347,db_weighted_crunch,0.4902,short_time_energy
datasets/workout/kevin0509workout/kevin0509workout_whole_session_20260509_173017.csv,kevin0509workout,134347,134539,db_weighted_crunch,0.6531,short_time_energy
datasets/workout/kevin0509workout/kevin0509workout_whole_session_20260509_173017.csv,kevin0509workout,134539,134636,db_weighted_crunch,0.3121,short_time_energy
datasets/workout/kevin0509workout/kevin0509workout_whole_session_20260509_173017.csv,kevin0509workout,134636,134723,db_weighted_crunch,0.2788,short_time_energy
datasets/workout/kevin0509workout/kevin0509workout_whole_session_20260509_173017.csv,kevin0509workout,134795,134963,db_weighted_crunch,0.4502,short_time_energy
datasets/workout/kevin0509workout/kevin0509workout_whole_session_20260509_173017.csv,kevin0509workout,134963,135250,db_weighted_crunch,0.8366,short_time_energy
datasets/workout/kevin0509workout/kevin0509workout_whole_session_20260509_173017.csv,kevin0509workout,135325,135465,db_weighted_crunch,0.459,short_time_energy
datasets/workout/kevin0509workout/kevin0509workout_whole_session_20260509_173017.csv,kevin0509workout,135465,135722,db_weighted_crunch,0.5858,short_time_energy
datasets/workout/kevin0509workout/kevin0509workout_whole_session_20260509_173017.csv,kevin0509workout,135722,136097,db_weighted_crunch,0.7173,short_time_energy
datasets/workout/kevin0509workout/kevin0509workout_whole_session_20260509_173017.csv,kevin0509workout,136097,136180,db_weighted_crunch,0.2975,short_time_energy
datasets/workout/kevin0509workout/kevin0509workout_whole_session_20260509_173017.csv,kevin0509workout,136243,136374,db_weighted_crunch,0.3576,short_time_energy
datasets/workout/kevin0509workout/kevin0509workout_whole_session_20260509_173017.csv,kevin0509workout,136374,136464,db_weighted_crunch,0.3896,short_time_energy
datasets/workout/kevin0509workout/kevin0509workout_whole_session_20260509_173017.csv,kevin0509workout,145283,145476,db_weighted_crunch,0.3823,short_time_energy
datasets/workout/kevin0509workout/kevin0509workout_whole_session_20260509_173017.csv,kevin0509workout,145476,145569,db_weighted_crunch,0.3039,short_time_energy
datasets/workout/kevin0509workout/kevin0509workout_whole_session_20260509_173017.csv,kevin0509workout,145569,145732,db_weighted_crunch,0.2675,short_time_energy
datasets/workout/kevin0509workout/kevin0509workout_whole_session_20260509_173017.csv,kevin0509workout,145790,145898,db_weighted_crunch,0.4252,short_time_energy
datasets/workout/kevin0509workout/kevin0509workout_whole_session_20260509_173017.csv,kevin0509workout,145898,146090,db_weighted_crunch,0.8848,short_time_energy
datasets/workout/kevin0509workout/kevin0509workout_whole_session_20260509_173017.csv,kevin0509workout,146090,146214,db_weighted_crunch,0.3511,short_time_energy
datasets/workout/kevin0509workout/kevin0509workout_whole_session_20260509_173017.csv,kevin0509workout,146214,146335,db_weighted_crunch,0.4708,short_time_energy
datasets/workout/kevin0509workout/kevin0509workout_whole_session_20260509_173017.csv,kevin0509workout,146335,146504,db_weighted_crunch,0.4536,short_time_energy
datasets/workout/kevin0509workout/kevin0509workout_whole_session_20260509_173017.csv,kevin0509workout,146504,146637,db_weighted_crunch,0.4604,short_time_energy
datasets/workout/kevin0509workout/kevin0509workout_whole_session_20260509_173017.csv,kevin0509workout,146637,146889,db_weighted_crunch,0.8859,short_time_energy
datasets/workout/kevin0509workout/kevin0509workout_whole_session_20260509_173017.csv,kevin0509workout,146889,146987,db_weighted_crunch,0.3952,short_time_energy
datasets/workout/kevin0509workout/kevin0509workout_whole_session_20260509_173017.csv,kevin0509workout,146987,147147,db_weighted_crunch,0.4729,short_time_energy
datasets/workout/kevin0509workout/kevin0509workout_whole_session_20260509_173017.csv,kevin0509workout,147147,147263,db_weighted_crunch,0.428,short_time_energy
datasets/workout/kevin0509workout/kevin0509workout_whole_session_20260509_173017.csv,kevin0509workout,147263,147581,db_weighted_crunch,0.5501,short_time_energy
datasets/workout/kevin0509workout/kevin0509workout_whole_session_20260509_173017.csv,kevin0509workout,147581,147896,db_weighted_crunch,0.8286,short_time_energy
datasets/workout/kevin0509workout/kevin0509workout_whole_session_20260509_173017.csv,kevin0509workout,147896,148018,db_weighted_crunch,0.4569,short_time_energy
datasets/workout/kevin0509workout/kevin0509workout_whole_session_20260509_173017.csv,kevin0509workout,148018,148098,db_weighted_crunch,0.2996,short_time_energy
datasets/workout/kevin0509workout/kevin0509workout_whole_session_20260509_173017.csv,kevin0509workout,148098,148216,db_weighted_crunch,0.298,short_time_energy
datasets/workout/kevin0509workout/kevin0509workout_whole_session_20260509_173017.csv,kevin0509workout,148256,148355,db_weighted_crunch,0.4512,short_time_energy
datasets/workout/kevin0509workout/kevin0509workout_whole_session_20260509_173017.csv,kevin0509workout,159161,159444,db_weighted_crunch,0.5086,short_time_energy
datasets/workout/kevin0509workout/kevin0509workout_whole_session_20260509_173017.csv,kevin0509workout,159490,159596,db_weighted_crunch,0.2524,short_time_energy
datasets/workout/kevin0509workout/kevin0509workout_whole_session_20260509_173017.csv,kevin0509workout,159944,160058,db_weighted_crunch,0.5112,short_time_energy
datasets/workout/kevin0509workout/kevin0509workout_whole_session_20260509_173017.csv,kevin0509workout,160058,160178,db_weighted_crunch,0.3464,short_time_energy
datasets/workout/kevin0509workout/kevin0509workout_whole_session_20260509_173017.csv,kevin0509workout,160224,160303,db_weighted_crunch,0.3074,short_time_energy
datasets/workout/kevin0509workout/kevin0509workout_whole_session_20260509_173017.csv,kevin0509workout,160383,160477,db_weighted_crunch,0.5027,short_time_energy
datasets/workout/kevin0509workout/kevin0509workout_whole_session_20260509_173017.csv,kevin0509workout,160536,160615,db_weighted_crunch,0.3362,short_time_energy
datasets/workout/kevin0509workout/kevin0509workout_whole_session_20260509_173017.csv,kevin0509workout,160615,160729,db_weighted_crunch,0.4851,short_time_energy
datasets/workout/kevin0509workout/kevin0509workout_whole_session_20260509_173017.csv,kevin0509workout,160729,160868,db_weighted_crunch,0.4355,short_time_energy
datasets/workout/kevin0509workout/kevin0509workout_whole_session_20260509_173017.csv,kevin0509workout,160868,160947,db_weighted_crunch,0.3641,short_time_energy
datasets/workout/kevin0509workout/kevin0509workout_whole_session_20260509_173017.csv,kevin0509workout,161011,161134,db_weighted_crunch,0.615,short_time_energy
datasets/workout/kevin0509workout/kevin0509workout_whole_session_20260509_173017.csv,kevin0509workout,161307,161418,db_weighted_crunch,0.4269,short_time_energy
datasets/workout/kevin0509workout/kevin0509workout_whole_session_20260509_173017.csv,kevin0509workout,161418,161598,db_weighted_crunch,0.6765,short_time_energy
datasets/workout/kevin0509workout/kevin0509workout_whole_session_20260509_173017.csv,kevin0509workout,161801,161881,db_weighted_crunch,0.2844,short_time_energy
datasets/workout/kevin0509workout/kevin0509workout_whole_session_20260509_173017.csv,kevin0509workout,161881,161957,db_weighted_crunch,0.3551,short_time_energy
datasets/workout/kevin0509workout/kevin0509workout_whole_session_20260509_173017.csv,kevin0509workout,162009,162079,db_weighted_crunch,0.3271,short_time_energy
datasets/workout/kevin0509workout/kevin0509workout_whole_session_20260509_173017.csv,kevin0509workout,180445,180569,db_shoulder_press,0.4106,short_time_energy
datasets/workout/kevin0509workout/kevin0509workout_whole_session_20260509_173017.csv,kevin0509workout,180772,180849,db_shoulder_press,0.2873,short_time_energy
datasets/workout/kevin0509workout/kevin0509workout_whole_session_20260509_173017.csv,kevin0509workout,180936,181074,db_shoulder_press,0.416,short_time_energy
datasets/workout/kevin0509workout/kevin0509workout_whole_session_20260509_173017.csv,kevin0509workout,181074,181136,db_shoulder_press,0.3116,short_time_energy
datasets/workout/kevin0509workout/kevin0509workout_whole_session_20260509_173017.csv,kevin0509workout,188176,188265,db_shoulder_press,0.3853,short_time_energy
datasets/workout/kevin0509workout/kevin0509workout_whole_session_20260509_173017.csv,kevin0509workout,188265,188390,db_shoulder_press,0.5021,short_time_energy
datasets/workout/kevin0509workout/kevin0509workout_whole_session_20260509_173017.csv,kevin0509workout,188390,188468,db_shoulder_press,0.325,short_time_energy
datasets/workout/kevin0509workout/kevin0509workout_whole_session_20260509_173017.csv,kevin0509workout,188513,188794,db_shoulder_press,0.5152,short_time_energy
datasets/workout/kevin0509workout/kevin0509workout_whole_session_20260509_173017.csv,kevin0509workout,188871,188941,db_shoulder_press,0.2778,short_time_energy
datasets/workout/kevin0509workout/kevin0509workout_whole_session_20260509_173017.csv,kevin0509workout,188941,189105,db_shoulder_press,0.5878,short_time_energy
datasets/workout/kevin0509workout/kevin0509workout_whole_session_20260509_173017.csv,kevin0509workout,189105,189172,db_shoulder_press,0.2965,short_time_energy
datasets/workout/kevin0509workout/kevin0509workout_whole_session_20260509_173017.csv,kevin0509workout,189208,189324,db_shoulder_press,0.4934,short_time_energy
datasets/workout/kevin0509workout/kevin0509workout_whole_session_20260509_173017.csv,kevin0509workout,189364,189478,db_shoulder_press,0.4914,short_time_energy
datasets/workout/kevin0509workout/kevin0509workout_whole_session_20260509_173017.csv,kevin0509workout,189572,189703,db_shoulder_press,0.5413,short_time_energy
datasets/workout/kevin0509workout/kevin0509workout_whole_session_20260509_173017.csv,kevin0509workout,189703,189792,db_shoulder_press,0.3678,short_time_energy
datasets/workout/kevin0509workout/kevin0509workout_whole_session_20260509_173017.csv,kevin0509workout,189834,189955,db_shoulder_press,0.4672,short_time_energy
datasets/workout/kevin0509workout/kevin0509workout_whole_session_20260509_173017.csv,kevin0509workout,189955,190198,db_shoulder_press,0.4162,short_time_energy
datasets/workout/kevin0509workout/kevin0509workout_whole_session_20260509_173017.csv,kevin0509workout,190198,190313,db_shoulder_press,0.3977,short_time_energy
datasets/workout/kevin0509workout/kevin0509workout_whole_session_20260509_173017.csv,kevin0509workout,190313,190390,db_shoulder_press,0.3484,short_time_energy
datasets/workout/kevin0509workout/kevin0509workout_whole_session_20260509_173017.csv,kevin0509workout,190431,190536,db_shoulder_press,0.3872,short_time_energy
datasets/workout/kevin0509workout/kevin0509workout_whole_session_20260509_173017.csv,kevin0509workout,190536,190645,db_shoulder_press,0.5266,short_time_energy
datasets/workout/kevin0509workout/kevin0509workout_whole_session_20260509_173017.csv,kevin0509workout,190645,190767,db_shoulder_press,0.3429,short_time_energy
datasets/workout/kevin0509workout/kevin0509workout_whole_session_20260509_173017.csv,kevin0509workout,190794,190857,db_shoulder_press,0.2944,short_time_energy
datasets/workout/kevin0509workout/kevin0509workout_whole_session_20260509_173017.csv,kevin0509workout,190857,190932,db_shoulder_press,0.3505,short_time_energy
datasets/workout/kevin0509workout/kevin0509workout_whole_session_20260509_173017.csv,kevin0509workout,198155,198328,db_shoulder_press,0.4339,short_time_energy
datasets/workout/kevin0509workout/kevin0509workout_whole_session_20260509_173017.csv,kevin0509workout,198328,198508,db_shoulder_press,0.3961,short_time_energy
datasets/workout/kevin0509workout/kevin0509workout_whole_session_20260509_173017.csv,kevin0509workout,198508,198634,db_shoulder_press,0.4615,short_time_energy
datasets/workout/kevin0509workout/kevin0509workout_whole_session_20260509_173017.csv,kevin0509workout,198634,198736,db_shoulder_press,0.3112,short_time_energy
datasets/workout/kevin0509workout/kevin0509workout_whole_session_20260509_173017.csv,kevin0509workout,198736,198904,db_shoulder_press,0.6065,short_time_energy
datasets/workout/kevin0509workout/kevin0509workout_whole_session_20260509_173017.csv,kevin0509workout,198904,198993,db_shoulder_press,0.3213,short_time_energy
datasets/workout/kevin0509workout/kevin0509workout_whole_session_20260509_173017.csv,kevin0509workout,198993,199165,db_shoulder_press,0.6298,short_time_energy
datasets/workout/kevin0509workout/kevin0509workout_whole_session_20260509_173017.csv,kevin0509workout,199165,199370,db_shoulder_press,0.3453,short_time_energy
datasets/workout/kevin0509workout/kevin0509workout_whole_session_20260509_173017.csv,kevin0509workout,199370,199492,db_shoulder_press,0.5021,short_time_energy
datasets/workout/kevin0509workout/kevin0509workout_whole_session_20260509_173017.csv,kevin0509workout,199492,199629,db_shoulder_press,0.4764,short_time_energy
datasets/workout/kevin0509workout/kevin0509workout_whole_session_20260509_173017.csv,kevin0509workout,199629,199761,db_shoulder_press,0.4907,short_time_energy
datasets/workout/kevin0509workout/kevin0509workout_whole_session_20260509_173017.csv,kevin0509workout,199814,199942,db_shoulder_press,0.5203,short_time_energy
datasets/workout/kevin0509workout/kevin0509workout_whole_session_20260509_173017.csv,kevin0509workout,199942,200008,db_shoulder_press,0.2683,short_time_energy
datasets/workout/kevin0509workout/kevin0509workout_whole_session_20260509_173017.csv,kevin0509workout,200036,200187,db_shoulder_press,0.5808,short_time_energy
datasets/workout/kevin0509workout/kevin0509workout_whole_session_20260509_173017.csv,kevin0509workout,200187,200313,db_shoulder_press,0.2867,short_time_energy
datasets/workout/kevin0509workout/kevin0509workout_whole_session_20260509_173017.csv,kevin0509workout,200313,200441,db_shoulder_press,0.4539,short_time_energy
datasets/workout/kevin0509workout/kevin0509workout_whole_session_20260509_173017.csv,kevin0509workout,200441,200537,db_shoulder_press,0.3404,short_time_energy
datasets/workout/kevin0509workout/kevin0509workout_whole_session_20260509_173017.csv,kevin0509workout,200612,200733,db_shoulder_press,0.4261,short_time_energy
datasets/workout/kevin0509workout/kevin0509workout_whole_session_20260509_173017.csv,kevin0509workout,200733,200825,db_shoulder_press,0.3239,short_time_energy
datasets/workout/kevin0509workout/kevin0509workout_whole_session_20260509_173017.csv,kevin0509workout,200885,201016,db_shoulder_press,0.4517,short_time_energy
datasets/workout/kevin0509workout/kevin0509workout_whole_session_20260509_173017.csv,kevin0509workout,201016,201142,db_shoulder_press,0.3729,short_time_energy
datasets/workout/kevin0509workout/kevin0509workout_whole_session_20260509_173017.csv,kevin0509workout,201142,201271,db_shoulder_press,0.4624,short_time_energy
datasets/workout/kevin0509workout/kevin0509workout_whole_session_20260509_173017.csv,kevin0509workout,201271,201428,db_shoulder_press,0.4582,short_time_energy
datasets/workout/kevin0509workout/kevin0509workout_whole_session_20260509_173017.csv,kevin0509workout,211221,211341,db_shoulder_press,0.2852,short_time_energy
datasets/workout/kevin0509workout/kevin0509workout_whole_session_20260509_173017.csv,kevin0509workout,211341,211433,db_shoulder_press,0.4053,short_time_energy
datasets/workout/kevin0509workout/kevin0509workout_whole_session_20260509_173017.csv,kevin0509workout,211433,211492,db_shoulder_press,0.2544,short_time_energy
datasets/workout/kevin0509workout/kevin0509workout_whole_session_20260509_173017.csv,kevin0509workout,211492,211579,db_shoulder_press,0.3766,short_time_energy
datasets/workout/kevin0509workout/kevin0509workout_whole_session_20260509_173017.csv,kevin0509workout,211579,211659,db_shoulder_press,0.3463,short_time_energy
datasets/workout/kevin0509workout/kevin0509workout_whole_session_20260509_173017.csv,kevin0509workout,211659,211730,db_shoulder_press,0.2636,short_time_energy
datasets/workout/kevin0509workout/kevin0509workout_whole_session_20260509_173017.csv,kevin0509workout,211806,211878,db_shoulder_press,0.2791,short_time_energy
datasets/workout/kevin0509workout/kevin0509workout_whole_session_20260509_173017.csv,kevin0509workout,211878,211953,db_shoulder_press,0.2907,short_time_energy
datasets/workout/kevin0509workout/kevin0509workout_whole_session_20260509_173017.csv,kevin0509workout,212130,212197,db_shoulder_press,0.2607,short_time_energy
datasets/workout/kevin0509workout/kevin0509workout_whole_session_20260509_173017.csv,kevin0509workout,212310,212408,db_shoulder_press,0.3684,short_time_energy
datasets/workout/kevin0509workout/kevin0509workout_whole_session_20260509_173017.csv,kevin0509workout,212503,212579,db_shoulder_press,0.2794,short_time_energy
datasets/workout/kevin0509workout/kevin0509workout_whole_session_20260509_173017.csv,kevin0509workout,212628,212726,db_shoulder_press,0.3603,short_time_energy
datasets/workout/kevin0509workout/kevin0509workout_whole_session_20260509_173017.csv,kevin0509workout,212776,212881,db_shoulder_press,0.3523,short_time_energy
datasets/workout/kevin0509workout/kevin0509workout_whole_session_20260509_173017.csv,kevin0509workout,213427,213495,db_shoulder_press,0.2519,short_time_energy
datasets/workout/kevin0509workout/kevin0509workout_whole_session_20260509_173017.csv,kevin0509workout,213495,213587,db_shoulder_press,0.3407,short_time_energy
datasets/workout/kevin0509workout/kevin0509workout_whole_session_20260509_173017.csv,kevin0509workout,213658,213728,db_shoulder_press,0.2564,short_time_energy
datasets/workout/kevin0509workout/kevin0509workout_whole_session_20260509_173017.csv,kevin0509workout,213728,213802,db_shoulder_press,0.2711,short_time_energy
datasets/workout/kevin0509workout/kevin0509workout_whole_session_20260509_173017.csv,kevin0509workout,213902,214003,db_shoulder_press,0.3114,short_time_energy
datasets/workout/kevin0509workout/kevin0509workout_whole_session_20260509_173017.csv,kevin0509workout,214119,214200,db_shoulder_press,0.2509,short_time_energy
datasets/workout/kevin0509workout/kevin0509workout_whole_session_20260509_173017.csv,kevin0509workout,214314,214415,db_shoulder_press,0.3569,short_time_energy
datasets/workout/kevin0509workout/kevin0509workout_whole_session_20260509_173017.csv,kevin0509workout,226824,227032,db_biceps_curl,0.4225,short_time_energy
datasets/workout/kevin0509workout/kevin0509workout_whole_session_20260509_173017.csv,kevin0509workout,227032,227162,db_biceps_curl,0.3266,short_time_energy
datasets/workout/kevin0509workout/kevin0509workout_whole_session_20260509_173017.csv,kevin0509workout,227618,227766,db_biceps_curl,0.5068,short_time_energy
datasets/workout/kevin0509workout/kevin0509workout_whole_session_20260509_173017.csv,kevin0509workout,227849,227933,db_biceps_curl,0.2642,short_time_energy
datasets/workout/kevin0509workout/kevin0509workout_whole_session_20260509_173017.csv,kevin0509workout,228055,228147,db_biceps_curl,0.2893,short_time_energy
datasets/workout/kevin0509workout/kevin0509workout_whole_session_20260509_173017.csv,kevin0509workout,228147,228256,db_biceps_curl,0.2865,short_time_energy
datasets/workout/kevin0509workout/kevin0509workout_whole_session_20260509_173017.csv,kevin0509workout,228256,228415,db_biceps_curl,0.4556,short_time_energy
datasets/workout/kevin0509workout/kevin0509workout_whole_session_20260509_173017.csv,kevin0509workout,228967,229092,db_biceps_curl,0.3931,short_time_energy
datasets/workout/kevin0509workout/kevin0509workout_whole_session_20260509_173017.csv,kevin0509workout,229595,229788,db_biceps_curl,0.5147,short_time_energy
datasets/workout/kevin0509workout/kevin0509workout_whole_session_20260509_173017.csv,kevin0509workout,229936,230101,db_biceps_curl,0.55,short_time_energy
datasets/workout/kevin0509workout/kevin0509workout_whole_session_20260509_173017.csv,kevin0509workout,230241,230424,db_biceps_curl,0.5512,short_time_energy
datasets/workout/kevin0509workout/kevin0509workout_whole_session_20260509_173017.csv,kevin0509workout,230655,230778,db_biceps_curl,0.388,short_time_energy
datasets/workout/kevin0509workout/kevin0509workout_whole_session_20260509_173017.csv,kevin0509workout,240375,240541,db_biceps_curl,0.5304,short_time_energy
datasets/workout/kevin0509workout/kevin0509workout_whole_session_20260509_173017.csv,kevin0509workout,240680,240842,db_biceps_curl,0.5586,short_time_energy
datasets/workout/kevin0509workout/kevin0509workout_whole_session_20260509_173017.csv,kevin0509workout,241076,241187,db_biceps_curl,0.3294,short_time_energy
datasets/workout/kevin0509workout/kevin0509workout_whole_session_20260509_173017.csv,kevin0509workout,241320,241509,db_biceps_curl,0.54,short_time_energy
datasets/workout/kevin0509workout/kevin0509workout_whole_session_20260509_173017.csv,kevin0509workout,241509,241649,db_biceps_curl,0.25,short_time_energy
datasets/workout/kevin0509workout/kevin0509workout_whole_session_20260509_173017.csv,kevin0509workout,241649,241832,db_biceps_curl,0.6203,short_time_energy
datasets/workout/kevin0509workout/kevin0509workout_whole_session_20260509_173017.csv,kevin0509workout,241982,242067,db_biceps_curl,0.2599,short_time_energy
datasets/workout/kevin0509workout/kevin0509workout_whole_session_20260509_173017.csv,kevin0509workout,242067,242155,db_biceps_curl,0.2691,short_time_energy
datasets/workout/kevin0509workout/kevin0509workout_whole_session_20260509_173017.csv,kevin0509workout,242305,242387,db_biceps_curl,0.2531,short_time_energy
datasets/workout/kevin0509workout/kevin0509workout_whole_session_20260509_173017.csv,kevin0509workout,242387,242487,db_biceps_curl,0.3086,short_time_energy
datasets/workout/kevin0509workout/kevin0509workout_whole_session_20260509_173017.csv,kevin0509workout,242487,242705,db_biceps_curl,0.381,short_time_energy
datasets/workout/kevin0509workout/kevin0509workout_whole_session_20260509_173017.csv,kevin0509workout,242705,242832,db_biceps_curl,0.3814,short_time_energy
datasets/workout/kevin0509workout/kevin0509workout_whole_session_20260509_173017.csv,kevin0509workout,243399,243512,db_biceps_curl,0.3622,short_time_energy
datasets/workout/kevin0509workout/kevin0509workout_whole_session_20260509_173017.csv,kevin0509workout,243656,243741,db_biceps_curl,0.2607,short_time_energy
datasets/workout/kevin0509workout/kevin0509workout_whole_session_20260509_173017.csv,kevin0509workout,243741,243836,db_biceps_curl,0.2914,short_time_energy
datasets/workout/kevin0509workout/kevin0509workout_whole_session_20260509_173017.csv,kevin0509workout,244017,244125,db_biceps_curl,0.4091,short_time_energy
datasets/workout/kevin0509workout/kevin0509workout_whole_session_20260509_173017.csv,kevin0509workout,253577,253669,db_biceps_curl,0.2939,short_time_energy
datasets/workout/kevin0509workout/kevin0509workout_whole_session_20260509_173017.csv,kevin0509workout,253906,254083,db_biceps_curl,0.5101,short_time_energy
datasets/workout/kevin0509workout/kevin0509workout_whole_session_20260509_173017.csv,kevin0509workout,254187,254278,db_biceps_curl,0.25,short_time_energy
datasets/workout/kevin0509workout/kevin0509workout_whole_session_20260509_173017.csv,kevin0509workout,254278,254455,db_biceps_curl,0.4863,short_time_energy
datasets/workout/kevin0509workout/kevin0509workout_whole_session_20260509_173017.csv,kevin0509workout,254544,254675,db_biceps_curl,0.3243,short_time_energy
datasets/workout/kevin0509workout/kevin0509workout_whole_session_20260509_173017.csv,kevin0509workout,254725,254850,db_biceps_curl,0.3094,short_time_energy
datasets/workout/kevin0509workout/kevin0509workout_whole_session_20260509_173017.csv,kevin0509workout,254947,255060,db_biceps_curl,0.279,short_time_energy
datasets/workout/kevin0509workout/kevin0509workout_whole_session_20260509_173017.csv,kevin0509workout,255060,255194,db_biceps_curl,0.3309,short_time_energy
datasets/workout/kevin0509workout/kevin0509workout_whole_session_20260509_173017.csv,kevin0509workout,255507,255601,db_biceps_curl,0.2561,short_time_energy
datasets/workout/kevin0509workout/kevin0509workout_whole_session_20260509_173017.csv,kevin0509workout,255802,255928,db_biceps_curl,0.3901,short_time_energy
datasets/workout/kevin0509workout/kevin0509workout_whole_session_20260509_173017.csv,kevin0509workout,256544,256667,db_biceps_curl,0.306,short_time_energy
datasets/workout/kevin0509workout/kevin0509workout_whole_session_20260509_173017.csv,kevin0509workout,256919,257074,db_biceps_curl,0.3673,short_time_energy
datasets/workout/kevin0509workout/kevin0509workout_whole_session_20260509_173017.csv,kevin0509workout,257074,257190,db_biceps_curl,0.2749,short_time_energy
datasets/workout/kevin0509workout/kevin0509workout_whole_session_20260509_173017.csv,kevin0509workout,257361,257450,db_biceps_curl,0.261,short_time_energy
datasets/workout/kevin0509workout/kevin0509workout_whole_session_20260509_173017.csv,kevin0509workout,270435,270812,db_triceps_curl,0.7013,short_time_energy
datasets/workout/kevin0509workout/kevin0509workout_whole_session_20260509_173017.csv,kevin0509workout,270812,271236,db_triceps_curl,0.7354,short_time_energy
datasets/workout/kevin0509workout/kevin0509workout_whole_session_20260509_173017.csv,kevin0509workout,271236,271776,db_triceps_curl,0.7926,short_time_energy
datasets/workout/kevin0509workout/kevin0509workout_whole_session_20260509_173017.csv,kevin0509workout,271776,272513,db_triceps_curl,0.4777,short_time_energy
datasets/workout/kevin0509workout/kevin0509workout_whole_session_20260509_173017.csv,kevin0509workout,272513,273099,db_triceps_curl,0.8481,short_time_energy
datasets/workout/kevin0509workout/kevin0509workout_whole_session_20260509_173017.csv,kevin0509workout,273099,273417,db_triceps_curl,0.7344,short_time_energy
datasets/workout/kevin0509workout/kevin0509workout_whole_session_20260509_173017.csv,kevin0509workout,273417,273884,db_triceps_curl,0.7567,short_time_energy
datasets/workout/kevin0509workout/kevin0509workout_whole_session_20260509_173017.csv,kevin0509workout,273884,274430,db_triceps_curl,0.8132,short_time_energy
datasets/workout/kevin0509workout/kevin0509workout_whole_session_20260509_173017.csv,kevin0509workout,274430,274783,db_triceps_curl,0.8695,short_time_energy
datasets/workout/kevin0509workout/kevin0509workout_whole_session_20260509_173017.csv,kevin0509workout,274783,275161,db_triceps_curl,0.7848,short_time_energy
datasets/workout/kevin0509workout/kevin0509workout_whole_session_20260509_173017.csv,kevin0509workout,275161,275634,db_triceps_curl,0.7653,short_time_energy
datasets/workout/kevin0509workout/kevin0509workout_whole_session_20260509_173017.csv,kevin0509workout,288804,289239,db_triceps_curl,0.8736,short_time_energy
datasets/workout/kevin0509workout/kevin0509workout_whole_session_20260509_173017.csv,kevin0509workout,289239,289696,db_triceps_curl,0.8436,short_time_energy
datasets/workout/kevin0509workout/kevin0509workout_whole_session_20260509_173017.csv,kevin0509workout,289696,290076,db_triceps_curl,0.774,short_time_energy
datasets/workout/kevin0509workout/kevin0509workout_whole_session_20260509_173017.csv,kevin0509workout,290076,290176,db_triceps_curl,0.3058,short_time_energy
datasets/workout/kevin0509workout/kevin0509workout_whole_session_20260509_173017.csv,kevin0509workout,290176,290441,db_triceps_curl,0.4581,short_time_energy
datasets/workout/kevin0509workout/kevin0509workout_whole_session_20260509_173017.csv,kevin0509workout,290441,290700,db_triceps_curl,0.7,short_time_energy
datasets/workout/kevin0509workout/kevin0509workout_whole_session_20260509_173017.csv,kevin0509workout,290765,290895,db_triceps_curl,0.3641,short_time_energy
datasets/workout/kevin0509workout/kevin0509workout_whole_session_20260509_173017.csv,kevin0509workout,290895,291142,db_triceps_curl,0.4732,short_time_energy
datasets/workout/kevin0509workout/kevin0509workout_whole_session_20260509_173017.csv,kevin0509workout,291142,291379,db_triceps_curl,0.687,short_time_energy
datasets/workout/kevin0509workout/kevin0509workout_whole_session_20260509_173017.csv,kevin0509workout,291483,291663,db_triceps_curl,0.531,short_time_energy
datasets/workout/kevin0509workout/kevin0509workout_whole_session_20260509_173017.csv,kevin0509workout,291663,291837,db_triceps_curl,0.273,short_time_energy
datasets/workout/kevin0509workout/kevin0509workout_whole_session_20260509_173017.csv,kevin0509workout,291837,292051,db_triceps_curl,0.6028,short_time_energy
datasets/workout/kevin0509workout/kevin0509workout_whole_session_20260509_173017.csv,kevin0509workout,292051,292383,db_triceps_curl,0.6296,short_time_energy
datasets/workout/kevin0509workout/kevin0509workout_whole_session_20260509_173017.csv,kevin0509workout,292528,292761,db_triceps_curl,0.6914,short_time_energy
datasets/workout/kevin0509workout/kevin0509workout_whole_session_20260509_173017.csv,kevin0509workout,292854,293019,db_triceps_curl,0.4839,short_time_energy
datasets/workout/kevin0509workout/kevin0509workout_whole_session_20260509_173017.csv,kevin0509workout,293019,293198,db_triceps_curl,0.284,short_time_energy
datasets/workout/kevin0509workout/kevin0509workout_whole_session_20260509_173017.csv,kevin0509workout,302963,303117,db_triceps_curl,0.3374,short_time_energy
datasets/workout/kevin0509workout/kevin0509workout_whole_session_20260509_173017.csv,kevin0509workout,303181,303257,db_triceps_curl,0.2533,short_time_energy
datasets/workout/kevin0509workout/kevin0509workout_whole_session_20260509_173017.csv,kevin0509workout,303257,303393,db_triceps_curl,0.4533,short_time_energy
datasets/workout/kevin0509workout/kevin0509workout_whole_session_20260509_173017.csv,kevin0509workout,303393,303518,db_triceps_curl,0.3362,short_time_energy
datasets/workout/kevin0509workout/kevin0509workout_whole_session_20260509_173017.csv,kevin0509workout,303583,303692,db_triceps_curl,0.3244,short_time_energy
datasets/workout/kevin0509workout/kevin0509workout_whole_session_20260509_173017.csv,kevin0509workout,303877,303958,db_triceps_curl,0.2656,short_time_energy
datasets/workout/kevin0509workout/kevin0509workout_whole_session_20260509_173017.csv,kevin0509workout,304100,304197,db_triceps_curl,0.3191,short_time_energy
datasets/workout/kevin0509workout/kevin0509workout_whole_session_20260509_173017.csv,kevin0509workout,304197,304276,db_triceps_curl,0.2599,short_time_energy
datasets/workout/kevin0509workout/kevin0509workout_whole_session_20260509_173017.csv,kevin0509workout,304427,304515,db_triceps_curl,0.2973,short_time_energy
datasets/workout/kevin0509workout/kevin0509workout_whole_session_20260509_173017.csv,kevin0509workout,304552,304636,db_triceps_curl,0.2838,short_time_energy
datasets/workout/kevin0509workout/kevin0509workout_whole_session_20260509_173017.csv,kevin0509workout,304757,304850,db_triceps_curl,0.287,short_time_energy
datasets/workout/kevin0509workout/kevin0509workout_whole_session_20260509_173017.csv,kevin0509workout,304886,304967,db_triceps_curl,0.25,short_time_energy
datasets/workout/kevin0509workout/kevin0509workout_whole_session_20260509_173017.csv,kevin0509workout,304967,305059,db_triceps_curl,0.2796,short_time_energy
datasets/workout/kevin0509workout/kevin0509workout_whole_session_20260509_173017.csv,kevin0509workout,305177,305261,db_triceps_curl,0.2553,short_time_energy
datasets/workout/kevin0509workout/kevin0509workout_whole_session_20260509_173017.csv,kevin0509workout,305416,305587,db_triceps_curl,0.5104,short_time_energy
datasets/workout/kevin0509workout/kevin0509workout_whole_session_20260509_173017.csv,kevin0509workout,306105,306211,db_triceps_curl,0.3292,short_time_energy
datasets/workout/kevin0509workout/kevin0509workout_whole_session_20260509_173017.csv,kevin0509workout,306704,306839,db_triceps_curl,0.3375,short_time_energy
datasets/workout/kevin0509workout/kevin0509workout_whole_session_20260509_173017.csv,kevin0509workout,319844,320053,db_squat,0.4234,short_time_energy
datasets/workout/kevin0509workout/kevin0509workout_whole_session_20260509_173017.csv,kevin0509workout,320145,320257,db_squat,0.291,short_time_energy
datasets/workout/kevin0509workout/kevin0509workout_whole_session_20260509_173017.csv,kevin0509workout,320257,320436,db_squat,0.5173,short_time_energy
datasets/workout/kevin0509workout/kevin0509workout_whole_session_20260509_173017.csv,kevin0509workout,320436,320626,db_squat,0.4447,short_time_energy
datasets/workout/kevin0509workout/kevin0509workout_whole_session_20260509_173017.csv,kevin0509workout,320626,320805,db_squat,0.4723,short_time_energy
datasets/workout/kevin0509workout/kevin0509workout_whole_session_20260509_173017.csv,kevin0509workout,320985,321168,db_squat,0.4973,short_time_energy
datasets/workout/kevin0509workout/kevin0509workout_whole_session_20260509_173017.csv,kevin0509workout,321245,321358,db_squat,0.2725,short_time_energy
datasets/workout/kevin0509workout/kevin0509workout_whole_session_20260509_173017.csv,kevin0509workout,321358,321518,db_squat,0.472,short_time_energy
datasets/workout/kevin0509workout/kevin0509workout_whole_session_20260509_173017.csv,kevin0509workout,321518,321617,db_squat,0.292,short_time_energy
datasets/workout/kevin0509workout/kevin0509workout_whole_session_20260509_173017.csv,kevin0509workout,321694,321822,db_squat,0.3657,short_time_energy
datasets/workout/kevin0509workout/kevin0509workout_whole_session_20260509_173017.csv,kevin0509workout,321822,321944,db_squat,0.3486,short_time_energy
datasets/workout/kevin0509workout/kevin0509workout_whole_session_20260509_173017.csv,kevin0509workout,321944,322057,db_squat,0.2514,short_time_energy
datasets/workout/kevin0509workout/kevin0509workout_whole_session_20260509_173017.csv,kevin0509workout,322057,322193,db_squat,0.4185,short_time_energy
datasets/workout/kevin0509workout/kevin0509workout_whole_session_20260509_173017.csv,kevin0509workout,322193,322358,db_squat,0.5077,short_time_energy
datasets/workout/kevin0509workout/kevin0509workout_whole_session_20260509_173017.csv,kevin0509workout,322358,322464,db_squat,0.2525,short_time_energy
datasets/workout/kevin0509workout/kevin0509workout_whole_session_20260509_173017.csv,kevin0509workout,322464,322588,db_squat,0.31,short_time_energy
datasets/workout/kevin0509workout/kevin0509workout_whole_session_20260509_173017.csv,kevin0509workout,322725,322880,db_squat,0.3242,short_time_energy
datasets/workout/kevin0509workout/kevin0509workout_whole_session_20260509_173017.csv,kevin0509workout,322880,322983,db_squat,0.315,short_time_energy
datasets/workout/kevin0509workout/kevin0509workout_whole_session_20260509_173017.csv,kevin0509workout,322983,323112,db_squat,0.3029,short_time_energy
datasets/workout/kevin0509workout/kevin0509workout_whole_session_20260509_173017.csv,kevin0509workout,323112,323266,db_squat,0.4556,short_time_energy
datasets/workout/kevin0509workout/kevin0509workout_whole_session_20260509_173017.csv,kevin0509workout,323333,323449,db_squat,0.2611,short_time_energy
datasets/workout/kevin0509workout/kevin0509workout_whole_session_20260509_173017.csv,kevin0509workout,323449,323591,db_squat,0.389,short_time_energy
datasets/workout/kevin0509workout/kevin0509workout_whole_session_20260509_173017.csv,kevin0509workout,323591,323689,db_squat,0.2685,short_time_energy
datasets/workout/kevin0509workout/kevin0509workout_whole_session_20260509_173017.csv,kevin0509workout,323779,323962,db_squat,0.4416,short_time_energy
datasets/workout/kevin0509workout/kevin0509workout_whole_session_20260509_173017.csv,kevin0509workout,323962,324061,db_squat,0.2661,short_time_energy
datasets/workout/kevin0509workout/kevin0509workout_whole_session_20260509_173017.csv,kevin0509workout,330821,330904,db_squat,0.2767,short_time_energy
datasets/workout/kevin0509workout/kevin0509workout_whole_session_20260509_173017.csv,kevin0509workout,330935,331024,db_squat,0.2967,short_time_energy
datasets/workout/kevin0509workout/kevin0509workout_whole_session_20260509_173017.csv,kevin0509workout,331095,331276,db_squat,0.5371,short_time_energy
datasets/workout/kevin0509workout/kevin0509workout_whole_session_20260509_173017.csv,kevin0509workout,331394,331602,db_squat,0.6029,short_time_energy
datasets/workout/kevin0509workout/kevin0509workout_whole_session_20260509_173017.csv,kevin0509workout,331602,331766,db_squat,0.3466,short_time_energy
datasets/workout/kevin0509workout/kevin0509workout_whole_session_20260509_173017.csv,kevin0509workout,331766,331851,db_squat,0.2591,short_time_energy
datasets/workout/kevin0509workout/kevin0509workout_whole_session_20260509_173017.csv,kevin0509workout,331851,331965,db_squat,0.3476,short_time_energy
datasets/workout/kevin0509workout/kevin0509workout_whole_session_20260509_173017.csv,kevin0509workout,331965,332077,db_squat,0.2791,short_time_energy
datasets/workout/kevin0509workout/kevin0509workout_whole_session_20260509_173017.csv,kevin0509workout,332191,332313,db_squat,0.3496,short_time_energy
datasets/workout/kevin0509workout/kevin0509workout_whole_session_20260509_173017.csv,kevin0509workout,332313,332436,db_squat,0.2587,short_time_energy
datasets/workout/kevin0509workout/kevin0509workout_whole_session_20260509_173017.csv,kevin0509workout,332436,332557,db_squat,0.3591,short_time_energy
datasets/workout/kevin0509workout/kevin0509workout_whole_session_20260509_173017.csv,kevin0509workout,332557,332644,db_squat,0.2582,short_time_energy
datasets/workout/kevin0509workout/kevin0509workout_whole_session_20260509_173017.csv,kevin0509workout,332644,332795,db_squat,0.2675,short_time_energy
datasets/workout/kevin0509workout/kevin0509workout_whole_session_20260509_173017.csv,kevin0509workout,332795,332887,db_squat,0.2592,short_time_energy
datasets/workout/kevin0509workout/kevin0509workout_whole_session_20260509_173017.csv,kevin0509workout,333094,333195,db_squat,0.2793,short_time_energy
datasets/workout/kevin0509workout/kevin0509workout_whole_session_20260509_173017.csv,kevin0509workout,333195,333328,db_squat,0.4092,short_time_energy
datasets/workout/kevin0509workout/kevin0509workout_whole_session_20260509_173017.csv,kevin0509workout,333328,333432,db_squat,0.3,short_time_energy
datasets/workout/kevin0509workout/kevin0509workout_whole_session_20260509_173017.csv,kevin0509workout,333496,333600,db_squat,0.3302,short_time_energy
datasets/workout/kevin0509workout/kevin0509workout_whole_session_20260509_173017.csv,kevin0509workout,333636,333720,db_squat,0.2667,short_time_energy
datasets/workout/kevin0509workout/kevin0509workout_whole_session_20260509_173017.csv,kevin0509workout,333981,334071,db_squat,0.2663,short_time_energy
datasets/workout/kevin0509workout/kevin0509workout_whole_session_20260509_173017.csv,kevin0509workout,334161,334263,db_squat,0.3218,short_time_energy
datasets/workout/kevin0509workout/kevin0509workout_whole_session_20260509_173017.csv,kevin0509workout,334298,334388,db_squat,0.2839,short_time_energy
datasets/workout/kevin0509workout/kevin0509workout_whole_session_20260509_173017.csv,kevin0509workout,334574,334649,db_squat,0.2778,short_time_energy
datasets/workout/kevin0509workout/kevin0509workout_whole_session_20260509_173017.csv,kevin0509workout,344278,344579,db_squat,0.6478,short_time_energy
datasets/workout/kevin0509workout/kevin0509workout_whole_session_20260509_173017.csv,kevin0509workout,344669,344880,db_squat,0.7081,short_time_energy
datasets/workout/kevin0509workout/kevin0509workout_whole_session_20260509_173017.csv,kevin0509workout,344880,345107,db_squat,0.4098,short_time_energy
datasets/workout/kevin0509workout/kevin0509workout_whole_session_20260509_173017.csv,kevin0509workout,345107,345201,db_squat,0.2938,short_time_energy
datasets/workout/kevin0509workout/kevin0509workout_whole_session_20260509_173017.csv,kevin0509workout,345201,345390,db_squat,0.3297,short_time_energy
datasets/workout/kevin0509workout/kevin0509workout_whole_session_20260509_173017.csv,kevin0509workout,345390,345494,db_squat,0.3432,short_time_energy
datasets/workout/kevin0509workout/kevin0509workout_whole_session_20260509_173017.csv,kevin0509workout,345585,345784,db_squat,0.6525,short_time_energy
datasets/workout/kevin0509workout/kevin0509workout_whole_session_20260509_173017.csv,kevin0509workout,345784,345895,db_squat,0.284,short_time_energy
datasets/workout/kevin0509workout/kevin0509workout_whole_session_20260509_173017.csv,kevin0509workout,345895,346102,db_squat,0.7238,short_time_energy
datasets/workout/kevin0509workout/kevin0509workout_whole_session_20260509_173017.csv,kevin0509workout,346167,346277,db_squat,0.3887,short_time_energy
datasets/workout/kevin0509workout/kevin0509workout_whole_session_20260509_173017.csv,kevin0509workout,346277,346362,db_squat,0.3004,short_time_energy
datasets/workout/kevin0509workout/kevin0509workout_whole_session_20260509_173017.csv,kevin0509workout,346362,346436,db_squat,0.2615,short_time_energy
datasets/workout/kevin0509workout/kevin0509workout_whole_session_20260509_173017.csv,kevin0509workout,346436,346655,db_squat,0.6977,short_time_energy
datasets/workout/kevin0509workout/kevin0509workout_whole_session_20260509_173017.csv,kevin0509workout,346837,346956,db_squat,0.373,short_time_energy
datasets/workout/kevin0509workout/kevin0509workout_whole_session_20260509_173017.csv,kevin0509workout,347033,347346,db_squat,0.9169,short_time_energy
datasets/workout/kevin0509workout/kevin0509workout_whole_session_20260509_173017.csv,kevin0509workout,347346,347550,db_squat,0.6962,short_time_energy
datasets/workout/kevin0509workout/kevin0509workout_whole_session_20260509_173017.csv,kevin0509workout,347550,347639,db_squat,0.2905,short_time_energy
datasets/workout/kevin0509workout/kevin0509workout_whole_session_20260509_173017.csv,kevin0509workout,347639,347855,db_squat,0.7129,short_time_energy
datasets/workout/kevin0509workout/kevin0509workout_whole_session_20260509_173017.csv,kevin0509workout,347855,347939,db_squat,0.2772,short_time_energy
datasets/workout/thomas0506workout/thomas0506_whole_session_20260506_154720.csv,thomas0506,412,536,db_bench_press,0.6049,short_time_energy
datasets/workout/thomas0506workout/thomas0506_whole_session_20260506_154720.csv,thomas0506,643,747,db_bench_press,0.4622,short_time_energy
datasets/workout/thomas0506workout/thomas0506_whole_session_20260506_154720.csv,thomas0506,747,818,db_bench_press,0.2714,short_time_energy
datasets/workout/thomas0506workout/thomas0506_whole_session_20260506_154720.csv,thomas0506,818,877,db_bench_press,0.301,short_time_energy
datasets/workout/thomas0506workout/thomas0506_whole_session_20260506_154720.csv,thomas0506,877,963,db_bench_press,0.396,short_time_energy
datasets/workout/thomas0506workout/thomas0506_whole_session_20260506_154720.csv,thomas0506,963,1082,db_bench_press,0.5434,short_time_energy
datasets/workout/thomas0506workout/thomas0506_whole_session_20260506_154720.csv,thomas0506,1082,1179,db_bench_press,0.4234,short_time_energy
datasets/workout/thomas0506workout/thomas0506_whole_session_20260506_154720.csv,thomas0506,1179,1248,db_bench_press,0.3255,short_time_energy
datasets/workout/thomas0506workout/thomas0506_whole_session_20260506_154720.csv,thomas0506,1297,1401,db_bench_press,0.4044,short_time_energy
datasets/workout/thomas0506workout/thomas0506_whole_session_20260506_154720.csv,thomas0506,1401,1509,db_bench_press,0.4408,short_time_energy
datasets/workout/thomas0506workout/thomas0506_whole_session_20260506_154720.csv,thomas0506,1509,1639,db_bench_press,0.494,short_time_energy
datasets/workout/thomas0506workout/thomas0506_whole_session_20260506_154720.csv,thomas0506,1639,1714,db_bench_press,0.3099,short_time_energy
datasets/workout/thomas0506workout/thomas0506_whole_session_20260506_154720.csv,thomas0506,1768,1859,db_bench_press,0.376,short_time_energy
datasets/workout/thomas0506workout/thomas0506_whole_session_20260506_154720.csv,thomas0506,1859,1950,db_bench_press,0.3074,short_time_energy
datasets/workout/thomas0506workout/thomas0506_whole_session_20260506_154720.csv,thomas0506,1950,2095,db_bench_press,0.636,short_time_energy
datasets/workout/thomas0506workout/thomas0506_whole_session_20260506_154720.csv,thomas0506,2213,2322,db_bench_press,0.4719,short_time_energy
datasets/workout/thomas0506workout/thomas0506_whole_session_20260506_154720.csv,thomas0506,2322,2402,db_bench_press,0.2982,short_time_energy
datasets/workout/thomas0506workout/thomas0506_whole_session_20260506_154720.csv,thomas0506,2440,2547,db_bench_press,0.4954,short_time_energy
datasets/workout/thomas0506workout/thomas0506_whole_session_20260506_154720.csv,thomas0506,2547,2670,db_bench_press,0.5333,short_time_energy
datasets/workout/thomas0506workout/thomas0506_whole_session_20260506_154720.csv,thomas0506,2670,2769,db_bench_press,0.4459,short_time_energy
datasets/workout/thomas0506workout/thomas0506_whole_session_20260506_154720.csv,thomas0506,2769,2876,db_bench_press,0.3925,short_time_energy
datasets/workout/thomas0506workout/thomas0506_whole_session_20260506_154720.csv,thomas0506,2947,3024,db_bench_press,0.2939,short_time_energy
datasets/workout/thomas0506workout/thomas0506_whole_session_20260506_154720.csv,thomas0506,3066,3144,db_bench_press,0.3611,short_time_energy
datasets/workout/thomas0506workout/thomas0506_whole_session_20260506_154720.csv,thomas0506,3144,3260,db_bench_press,0.469,short_time_energy
datasets/workout/thomas0506workout/thomas0506_whole_session_20260506_154720.csv,thomas0506,9029,9094,db_bench_press,0.3171,short_time_energy
datasets/workout/thomas0506workout/thomas0506_whole_session_20260506_154720.csv,thomas0506,9094,9171,db_bench_press,0.3756,short_time_energy
datasets/workout/thomas0506workout/thomas0506_whole_session_20260506_154720.csv,thomas0506,9171,9286,db_bench_press,0.448,short_time_energy
datasets/workout/thomas0506workout/thomas0506_whole_session_20260506_154720.csv,thomas0506,9286,9398,db_bench_press,0.5024,short_time_energy
datasets/workout/thomas0506workout/thomas0506_whole_session_20260506_154720.csv,thomas0506,9398,9465,db_bench_press,0.3059,short_time_energy
datasets/workout/thomas0506workout/thomas0506_whole_session_20260506_154720.csv,thomas0506,9504,9629,db_bench_press,0.4515,short_time_energy
datasets/workout/thomas0506workout/thomas0506_whole_session_20260506_154720.csv,thomas0506,9629,9737,db_bench_press,0.4154,short_time_energy
datasets/workout/thomas0506workout/thomas0506_whole_session_20260506_154720.csv,thomas0506,9793,9867,db_bench_press,0.2846,short_time_energy
datasets/workout/thomas0506workout/thomas0506_whole_session_20260506_154720.csv,thomas0506,9867,9945,db_bench_press,0.3442,short_time_energy
datasets/workout/thomas0506workout/thomas0506_whole_session_20260506_154720.csv,thomas0506,9992,10075,db_bench_press,0.3934,short_time_energy
datasets/workout/thomas0506workout/thomas0506_whole_session_20260506_154720.csv,thomas0506,10075,10146,db_bench_press,0.3092,short_time_energy
datasets/workout/thomas0506workout/thomas0506_whole_session_20260506_154720.csv,thomas0506,10146,10215,db_bench_press,0.345,short_time_energy
datasets/workout/thomas0506workout/thomas0506_whole_session_20260506_154720.csv,thomas0506,10215,10298,db_bench_press,0.3102,short_time_energy
datasets/workout/thomas0506workout/thomas0506_whole_session_20260506_154720.csv,thomas0506,10298,10442,db_bench_press,0.6606,short_time_energy
datasets/workout/thomas0506workout/thomas0506_whole_session_20260506_154720.csv,thomas0506,10612,10761,db_bench_press,0.5402,short_time_energy
datasets/workout/thomas0506workout/thomas0506_whole_session_20260506_154720.csv,thomas0506,10761,10835,db_bench_press,0.3394,short_time_energy
datasets/workout/thomas0506workout/thomas0506_whole_session_20260506_154720.csv,thomas0506,10835,10891,db_bench_press,0.2569,short_time_energy
datasets/workout/thomas0506workout/thomas0506_whole_session_20260506_154720.csv,thomas0506,10891,10980,db_bench_press,0.3524,short_time_energy
datasets/workout/thomas0506workout/thomas0506_whole_session_20260506_154720.csv,thomas0506,10980,11057,db_bench_press,0.3438,short_time_energy
datasets/workout/thomas0506workout/thomas0506_whole_session_20260506_154720.csv,thomas0506,11057,11119,db_bench_press,0.2768,short_time_energy
datasets/workout/thomas0506workout/thomas0506_whole_session_20260506_154720.csv,thomas0506,11119,11189,db_bench_press,0.3125,short_time_energy
datasets/workout/thomas0506workout/thomas0506_whole_session_20260506_154720.csv,thomas0506,11248,11302,db_bench_press,0.2559,short_time_energy
datasets/workout/thomas0506workout/thomas0506_whole_session_20260506_154720.csv,thomas0506,11302,11408,db_bench_press,0.4883,short_time_energy
datasets/workout/thomas0506workout/thomas0506_whole_session_20260506_154720.csv,thomas0506,11408,11471,db_bench_press,0.2917,short_time_energy
datasets/workout/thomas0506workout/thomas0506_whole_session_20260506_154720.csv,thomas0506,11471,11538,db_bench_press,0.3102,short_time_energy
datasets/workout/thomas0506workout/thomas0506_whole_session_20260506_154720.csv,thomas0506,11538,11614,db_bench_press,0.3519,short_time_energy
datasets/workout/thomas0506workout/thomas0506_whole_session_20260506_154720.csv,thomas0506,11614,11688,db_bench_press,0.3113,short_time_energy
datasets/workout/thomas0506workout/thomas0506_whole_session_20260506_154720.csv,thomas0506,11688,11756,db_bench_press,0.3333,short_time_energy
datasets/workout/thomas0506workout/thomas0506_whole_session_20260506_154720.csv,thomas0506,11756,11834,db_bench_press,0.3302,short_time_energy
datasets/workout/thomas0506workout/thomas0506_whole_session_20260506_154720.csv,thomas0506,17779,17911,db_bench_press,0.2715,short_time_energy
datasets/workout/thomas0506workout/thomas0506_whole_session_20260506_154720.csv,thomas0506,17949,18063,db_bench_press,0.479,short_time_energy
datasets/workout/thomas0506workout/thomas0506_whole_session_20260506_154720.csv,thomas0506,18063,18158,db_bench_press,0.4112,short_time_energy
datasets/workout/thomas0506workout/thomas0506_whole_session_20260506_154720.csv,thomas0506,18158,18272,db_bench_press,0.5507,short_time_energy
datasets/workout/thomas0506workout/thomas0506_whole_session_20260506_154720.csv,thomas0506,18272,18341,db_bench_press,0.3062,short_time_energy
datasets/workout/thomas0506workout/thomas0506_whole_session_20260506_154720.csv,thomas0506,18381,18489,db_bench_press,0.4717,short_time_energy
datasets/workout/thomas0506workout/thomas0506_whole_session_20260506_154720.csv,thomas0506,18489,18559,db_bench_press,0.3256,short_time_energy
datasets/workout/thomas0506workout/thomas0506_whole_session_20260506_154720.csv,thomas0506,18634,18699,db_bench_press,0.2844,short_time_energy
datasets/workout/thomas0506workout/thomas0506_whole_session_20260506_154720.csv,thomas0506,18699,18783,db_bench_press,0.3717,short_time_energy
datasets/workout/thomas0506workout/thomas0506_whole_session_20260506_154720.csv,thomas0506,18862,18921,db_bench_press,0.2611,short_time_energy
datasets/workout/thomas0506workout/thomas0506_whole_session_20260506_154720.csv,thomas0506,18921,19005,db_bench_press,0.3578,short_time_energy
datasets/workout/thomas0506workout/thomas0506_whole_session_20260506_154720.csv,thomas0506,19056,19161,db_bench_press,0.4059,short_time_energy
datasets/workout/thomas0506workout/thomas0506_whole_session_20260506_154720.csv,thomas0506,19161,19236,db_bench_press,0.3099,short_time_energy
datasets/workout/thomas0506workout/thomas0506_whole_session_20260506_154720.csv,thomas0506,19320,19383,db_bench_press,0.2603,short_time_energy
datasets/workout/thomas0506workout/thomas0506_whole_session_20260506_154720.csv,thomas0506,19383,19461,db_bench_press,0.2809,short_time_energy
datasets/workout/thomas0506workout/thomas0506_whole_session_20260506_154720.csv,thomas0506,19510,19613,db_bench_press,0.4619,short_time_energy
datasets/workout/thomas0506workout/thomas0506_whole_session_20260506_154720.csv,thomas0506,19613,19691,db_bench_press,0.2874,short_time_energy
datasets/workout/thomas0506workout/thomas0506_whole_session_20260506_154720.csv,thomas0506,19795,19871,db_bench_press,0.2846,short_time_energy
datasets/workout/thomas0506workout/thomas0506_whole_session_20260506_154720.csv,thomas0506,19871,19991,db_bench_press,0.5263,short_time_energy
datasets/workout/thomas0506workout/thomas0506_whole_session_20260506_154720.csv,thomas0506,19991,20090,db_bench_press,0.4342,short_time_energy
datasets/workout/thomas0506workout/thomas0506_whole_session_20260506_154720.csv,thomas0506,20090,20192,db_bench_press,0.4008,short_time_energy
datasets/workout/thomas0506workout/thomas0506_whole_session_20260506_154720.csv,thomas0506,20192,20256,db_bench_press,0.27,short_time_energy
datasets/workout/thomas0506workout/thomas0506_whole_session_20260506_154720.csv,thomas0506,20256,20324,db_bench_press,0.2869,short_time_energy
datasets/workout/thomas0506workout/thomas0506_whole_session_20260506_154720.csv,thomas0506,20324,20430,db_bench_press,0.4153,short_time_energy
datasets/workout/thomas0506workout/thomas0506_whole_session_20260506_154720.csv,thomas0506,20466,20567,db_bench_press,0.4,short_time_energy
datasets/workout/thomas0506workout/thomas0506_whole_session_20260506_154720.csv,thomas0506,20567,20633,db_bench_press,0.2857,short_time_energy
datasets/workout/thomas0506workout/thomas0506_whole_session_20260506_154720.csv,thomas0506,20633,20693,db_bench_press,0.2597,short_time_energy
datasets/workout/thomas0506workout/thomas0506_whole_session_20260506_154720.csv,thomas0506,34072,34142,one_arm_db_row,0.3382,short_time_energy
datasets/workout/thomas0506workout/thomas0506_whole_session_20260506_154720.csv,thomas0506,34142,34226,one_arm_db_row,0.4058,short_time_energy
datasets/workout/thomas0506workout/thomas0506_whole_session_20260506_154720.csv,thomas0506,34226,34290,one_arm_db_row,0.2534,short_time_energy
datasets/workout/thomas0506workout/thomas0506_whole_session_20260506_154720.csv,thomas0506,34290,34367,one_arm_db_row,0.3615,short_time_energy
datasets/workout/thomas0506workout/thomas0506_whole_session_20260506_154720.csv,thomas0506,34367,34448,one_arm_db_row,0.3738,short_time_energy
datasets/workout/thomas0506workout/thomas0506_whole_session_20260506_154720.csv,thomas0506,34448,34517,one_arm_db_row,0.3108,short_time_energy
datasets/workout/thomas0506workout/thomas0506_whole_session_20260506_154720.csv,thomas0506,34517,34603,one_arm_db_row,0.3874,short_time_energy
datasets/workout/thomas0506workout/thomas0506_whole_session_20260506_154720.csv,thomas0506,34603,34685,one_arm_db_row,0.2773,short_time_energy
datasets/workout/thomas0506workout/thomas0506_whole_session_20260506_154720.csv,thomas0506,34685,34756,one_arm_db_row,0.2851,short_time_energy
datasets/workout/thomas0506workout/thomas0506_whole_session_20260506_154720.csv,thomas0506,34756,34843,one_arm_db_row,0.3494,short_time_energy
datasets/workout/thomas0506workout/thomas0506_whole_session_20260506_154720.csv,thomas0506,34843,34932,one_arm_db_row,0.2852,short_time_energy
datasets/workout/thomas0506workout/thomas0506_whole_session_20260506_154720.csv,thomas0506,34981,35081,one_arm_db_row,0.4367,short_time_energy
datasets/workout/thomas0506workout/thomas0506_whole_session_20260506_154720.csv,thomas0506,35081,35147,one_arm_db_row,0.2882,short_time_energy
datasets/workout/thomas0506workout/thomas0506_whole_session_20260506_154720.csv,thomas0506,35309,35404,one_arm_db_row,0.3113,short_time_energy
datasets/workout/thomas0506workout/thomas0506_whole_session_20260506_154720.csv,thomas0506,35404,35475,one_arm_db_row,0.2898,short_time_energy
datasets/workout/thomas0506workout/thomas0506_whole_session_20260506_154720.csv,thomas0506,35475,35570,one_arm_db_row,0.3878,short_time_energy
datasets/workout/thomas0506workout/thomas0506_whole_session_20260506_154720.csv,thomas0506,35570,35637,one_arm_db_row,0.2581,short_time_energy
datasets/workout/thomas0506workout/thomas0506_whole_session_20260506_154720.csv,thomas0506,35637,35712,one_arm_db_row,0.3319,short_time_energy
datasets/workout/thomas0506workout/thomas0506_whole_session_20260506_154720.csv,thomas0506,35712,35795,one_arm_db_row,0.3673,short_time_energy
datasets/workout/thomas0506workout/thomas0506_whole_session_20260506_154720.csv,thomas0506,35795,35859,one_arm_db_row,0.2832,short_time_energy
datasets/workout/thomas0506workout/thomas0506_whole_session_20260506_154720.csv,thomas0506,35859,35937,one_arm_db_row,0.3333,short_time_energy
datasets/workout/thomas0506workout/thomas0506_whole_session_20260506_154720.csv,thomas0506,36016,36090,one_arm_db_row,0.3217,short_time_energy
datasets/workout/thomas0506workout/thomas0506_whole_session_20260506_154720.csv,thomas0506,36090,36174,one_arm_db_row,0.3544,short_time_energy
datasets/workout/thomas0506workout/thomas0506_whole_session_20260506_154720.csv,thomas0506,36174,36257,one_arm_db_row,0.3502,short_time_energy
datasets/workout/thomas0506workout/thomas0506_whole_session_20260506_154720.csv,thomas0506,36257,36318,one_arm_db_row,0.2574,short_time_energy
datasets/workout/thomas0506workout/thomas0506_whole_session_20260506_154720.csv,thomas0506,36318,36403,one_arm_db_row,0.3234,short_time_energy
datasets/workout/thomas0506workout/thomas0506_whole_session_20260506_154720.csv,thomas0506,36403,36476,one_arm_db_row,0.323,short_time_energy
datasets/workout/thomas0506workout/thomas0506_whole_session_20260506_154720.csv,thomas0506,36476,36551,one_arm_db_row,0.3319,short_time_energy
datasets/workout/thomas0506workout/thomas0506_whole_session_20260506_154720.csv,thomas0506,36551,36623,one_arm_db_row,0.3004,short_time_energy
datasets/workout/thomas0506workout/thomas0506_whole_session_20260506_154720.csv,thomas0506,36623,36706,one_arm_db_row,0.3593,short_time_energy
datasets/workout/thomas0506workout/thomas0506_whole_session_20260506_154720.csv,thomas0506,36706,36790,one_arm_db_row,0.3291,short_time_energy
datasets/workout/thomas0506workout/thomas0506_whole_session_20260506_154720.csv,thomas0506,36790,36859,one_arm_db_row,0.3108,short_time_energy
datasets/workout/thomas0506workout/thomas0506_whole_session_20260506_154720.csv,thomas0506,36859,36942,one_arm_db_row,0.3739,short_time_energy
datasets/workout/thomas0506workout/thomas0506_whole_session_20260506_154720.csv,thomas0506,36942,37005,one_arm_db_row,0.2838,short_time_energy
datasets/workout/thomas0506workout/thomas0506_whole_session_20260506_154720.csv,thomas0506,42336,42486,one_arm_db_row,0.2871,short_time_energy
datasets/workout/thomas0506workout/thomas0506_whole_session_20260506_154720.csv,thomas0506,42486,42567,one_arm_db_row,0.3375,short_time_energy
datasets/workout/thomas0506workout/thomas0506_whole_session_20260506_154720.csv,thomas0506,42567,42642,one_arm_db_row,0.2963,short_time_energy
datasets/workout/thomas0506workout/thomas0506_whole_session_20260506_154720.csv,thomas0506,42642,42876,one_arm_db_row,0.9831,short_time_energy
datasets/workout/thomas0506workout/thomas0506_whole_session_20260506_154720.csv,thomas0506,42876,42940,one_arm_db_row,0.2844,short_time_energy
datasets/workout/thomas0506workout/thomas0506_whole_session_20260506_154720.csv,thomas0506,42996,43102,one_arm_db_row,0.4581,short_time_energy
datasets/workout/thomas0506workout/thomas0506_whole_session_20260506_154720.csv,thomas0506,43102,43340,one_arm_db_row,0.9542,short_time_energy
datasets/workout/thomas0506workout/thomas0506_whole_session_20260506_154720.csv,thomas0506,43340,43503,one_arm_db_row,0.652,short_time_energy
datasets/workout/thomas0506workout/thomas0506_whole_session_20260506_154720.csv,thomas0506,43503,43569,one_arm_db_row,0.264,short_time_energy
datasets/workout/thomas0506workout/thomas0506_whole_session_20260506_154720.csv,thomas0506,43569,43641,one_arm_db_row,0.2564,short_time_energy
datasets/workout/thomas0506workout/thomas0506_whole_session_20260506_154720.csv,thomas0506,43641,43703,one_arm_db_row,0.2793,short_time_energy
datasets/workout/thomas0506workout/thomas0506_whole_session_20260506_154720.csv,thomas0506,43703,43792,one_arm_db_row,0.4009,short_time_energy
datasets/workout/thomas0506workout/thomas0506_whole_session_20260506_154720.csv,thomas0506,43792,44035,one_arm_db_row,0.8923,short_time_energy
datasets/workout/thomas0506workout/thomas0506_whole_session_20260506_154720.csv,thomas0506,44035,44119,one_arm_db_row,0.2803,short_time_energy
datasets/workout/thomas0506workout/thomas0506_whole_session_20260506_154720.csv,thomas0506,44119,44196,one_arm_db_row,0.3468,short_time_energy
datasets/workout/thomas0506workout/thomas0506_whole_session_20260506_154720.csv,thomas0506,44196,44259,one_arm_db_row,0.2838,short_time_energy
datasets/workout/thomas0506workout/thomas0506_whole_session_20260506_154720.csv,thomas0506,44259,44500,one_arm_db_row,0.9224,short_time_energy
datasets/workout/thomas0506workout/thomas0506_whole_session_20260506_154720.csv,thomas0506,44500,44738,one_arm_db_row,0.9435,short_time_energy
datasets/workout/thomas0506workout/thomas0506_whole_session_20260506_154720.csv,thomas0506,44738,44915,one_arm_db_row,0.6601,short_time_energy
datasets/workout/thomas0506workout/thomas0506_whole_session_20260506_154720.csv,thomas0506,44970,45141,one_arm_db_row,0.5906,short_time_energy
datasets/workout/thomas0506workout/thomas0506_whole_session_20260506_154720.csv,thomas0506,45141,45207,one_arm_db_row,0.2833,short_time_energy
datasets/workout/thomas0506workout/thomas0506_whole_session_20260506_154720.csv,thomas0506,45268,45372,one_arm_db_row,0.4929,short_time_energy
datasets/workout/thomas0506workout/thomas0506_whole_session_20260506_154720.csv,thomas0506,45372,45432,one_arm_db_row,0.2844,short_time_energy
datasets/workout/thomas0506workout/thomas0506_whole_session_20260506_154720.csv,thomas0506,54887,54947,one_arm_db_row,0.2857,short_time_energy
datasets/workout/thomas0506workout/thomas0506_whole_session_20260506_154720.csv,thomas0506,54981,55043,one_arm_db_row,0.2891,short_time_energy
datasets/workout/thomas0506workout/thomas0506_whole_session_20260506_154720.csv,thomas0506,55043,55127,one_arm_db_row,0.3684,short_time_energy
datasets/workout/thomas0506workout/thomas0506_whole_session_20260506_154720.csv,thomas0506,55284,55350,one_arm_db_row,0.2933,short_time_energy
datasets/workout/thomas0506workout/thomas0506_whole_session_20260506_154720.csv,thomas0506,55499,55583,one_arm_db_row,0.35,short_time_energy
datasets/workout/thomas0506workout/thomas0506_whole_session_20260506_154720.csv,thomas0506,55583,55670,one_arm_db_row,0.3625,short_time_energy
datasets/workout/thomas0506workout/thomas0506_whole_session_20260506_154720.csv,thomas0506,55670,55746,one_arm_db_row,0.259,short_time_energy
datasets/workout/thomas0506workout/thomas0506_whole_session_20260506_154720.csv,thomas0506,55746,55822,one_arm_db_row,0.3102,short_time_energy
datasets/workout/thomas0506workout/thomas0506_whole_session_20260506_154720.csv,thomas0506,55822,55918,one_arm_db_row,0.3918,short_time_energy
datasets/workout/thomas0506workout/thomas0506_whole_session_20260506_154720.csv,thomas0506,55975,56059,one_arm_db_row,0.3362,short_time_energy
datasets/workout/thomas0506workout/thomas0506_whole_session_20260506_154720.csv,thomas0506,56059,56152,one_arm_db_row,0.4043,short_time_energy
datasets/workout/thomas0506workout/thomas0506_whole_session_20260506_154720.csv,thomas0506,56213,56289,one_arm_db_row,0.3115,short_time_energy
datasets/workout/thomas0506workout/thomas0506_whole_session_20260506_154720.csv,thomas0506,56289,56361,one_arm_db_row,0.2951,short_time_energy
datasets/workout/thomas0506workout/thomas0506_whole_session_20260506_154720.csv,thomas0506,56361,56460,one_arm_db_row,0.372,short_time_energy
datasets/workout/thomas0506workout/thomas0506_whole_session_20260506_154720.csv,thomas0506,56460,56526,one_arm_db_row,0.2895,short_time_energy
datasets/workout/thomas0506workout/thomas0506_whole_session_20260506_154720.csv,thomas0506,56526,56590,one_arm_db_row,0.2807,short_time_energy
datasets/workout/thomas0506workout/thomas0506_whole_session_20260506_154720.csv,thomas0506,56675,56752,one_arm_db_row,0.2893,short_time_energy
datasets/workout/thomas0506workout/thomas0506_whole_session_20260506_154720.csv,thomas0506,56840,56908,one_arm_db_row,0.2894,short_time_energy
datasets/workout/thomas0506workout/thomas0506_whole_session_20260506_154720.csv,thomas0506,56908,56995,one_arm_db_row,0.3047,short_time_energy
datasets/workout/thomas0506workout/thomas0506_whole_session_20260506_154720.csv,thomas0506,57028,57098,one_arm_db_row,0.2834,short_time_energy
datasets/workout/thomas0506workout/thomas0506_whole_session_20260506_154720.csv,thomas0506,57147,57233,one_arm_db_row,0.276,short_time_energy
datasets/workout/thomas0506workout/thomas0506_whole_session_20260506_154720.csv,thomas0506,57456,57547,one_arm_db_row,0.4027,short_time_energy
datasets/workout/thomas0506workout/thomas0506_whole_session_20260506_154720.csv,thomas0506,57547,57623,one_arm_db_row,0.3363,short_time_energy
datasets/workout/thomas0506workout/thomas0506_whole_session_20260506_154720.csv,thomas0506,71935,72800,db_rdl,0.3121,short_time_energy
datasets/workout/thomas0506workout/thomas0506_whole_session_20260506_154720.csv,thomas0506,72800,73122,db_rdl,0.8555,short_time_energy
datasets/workout/thomas0506workout/thomas0506_whole_session_20260506_154720.csv,thomas0506,73122,73437,db_rdl,0.871,short_time_energy
datasets/workout/thomas0506workout/thomas0506_whole_session_20260506_154720.csv,thomas0506,73437,73750,db_rdl,0.9003,short_time_energy
datasets/workout/thomas0506workout/thomas0506_whole_session_20260506_154720.csv,thomas0506,73750,74105,db_rdl,0.7054,short_time_energy
datasets/workout/thomas0506workout/thomas0506_whole_session_20260506_154720.csv,thomas0506,74105,74592,db_rdl,0.5832,short_time_energy
datasets/workout/thomas0506workout/thomas0506_whole_session_20260506_154720.csv,thomas0506,74592,74950,db_rdl,0.7845,short_time_energy
datasets/workout/thomas0506workout/thomas0506_whole_session_20260506_154720.csv,thomas0506,74950,75218,db_rdl,0.5673,short_time_energy
datasets/workout/thomas0506workout/thomas0506_whole_session_20260506_154720.csv,thomas0506,75218,75672,db_rdl,0.3295,short_time_energy
datasets/workout/thomas0506workout/thomas0506_whole_session_20260506_154720.csv,thomas0506,81075,81474,db_rdl,0.6216,short_time_energy
datasets/workout/thomas0506workout/thomas0506_whole_session_20260506_154720.csv,thomas0506,81474,81717,db_rdl,0.4853,short_time_energy
datasets/workout/thomas0506workout/thomas0506_whole_session_20260506_154720.csv,thomas0506,81717,81930,db_rdl,0.6564,short_time_energy
datasets/workout/thomas0506workout/thomas0506_whole_session_20260506_154720.csv,thomas0506,81930,82182,db_rdl,0.8832,short_time_energy
datasets/workout/thomas0506workout/thomas0506_whole_session_20260506_154720.csv,thomas0506,82182,82441,db_rdl,0.9331,short_time_energy
datasets/workout/thomas0506workout/thomas0506_whole_session_20260506_154720.csv,thomas0506,82441,82696,db_rdl,0.9354,short_time_energy
datasets/workout/thomas0506workout/thomas0506_whole_session_20260506_154720.csv,thomas0506,82696,83009,db_rdl,0.7267,short_time_energy
datasets/workout/thomas0506workout/thomas0506_whole_session_20260506_154720.csv,thomas0506,83009,83197,db_rdl,0.6442,short_time_energy
datasets/workout/thomas0506workout/thomas0506_whole_session_20260506_154720.csv,thomas0506,83197,83507,db_rdl,0.7362,short_time_energy
datasets/workout/thomas0506workout/thomas0506_whole_session_20260506_154720.csv,thomas0506,83507,83678,db_rdl,0.6846,short_time_energy
datasets/workout/thomas0506workout/thomas0506_whole_session_20260506_154720.csv,thomas0506,83678,84026,db_rdl,0.678,short_time_energy
datasets/workout/thomas0506workout/thomas0506_whole_session_20260506_154720.csv,thomas0506,84026,84253,db_rdl,0.4328,short_time_energy
datasets/workout/thomas0506workout/thomas0506_whole_session_20260506_154720.csv,thomas0506,91005,91175,db_rdl,0.4185,short_time_energy
datasets/workout/thomas0506workout/thomas0506_whole_session_20260506_154720.csv,thomas0506,91175,91316,db_rdl,0.3937,short_time_energy
datasets/workout/thomas0506workout/thomas0506_whole_session_20260506_154720.csv,thomas0506,91316,91480,db_rdl,0.626,short_time_energy
datasets/workout/thomas0506workout/thomas0506_whole_session_20260506_154720.csv,thomas0506,91558,91789,db_rdl,0.8492,short_time_energy
datasets/workout/thomas0506workout/thomas0506_whole_session_20260506_154720.csv,thomas0506,91789,92100,db_rdl,0.7012,short_time_energy
datasets/workout/thomas0506workout/thomas0506_whole_session_20260506_154720.csv,thomas0506,92100,92268,db_rdl,0.6466,short_time_energy
datasets/workout/thomas0506workout/thomas0506_whole_session_20260506_154720.csv,thomas0506,92268,92419,db_rdl,0.6895,short_time_energy
datasets/workout/thomas0506workout/thomas0506_whole_session_20260506_154720.csv,thomas0506,92419,92484,db_rdl,0.2735,short_time_energy
datasets/workout/thomas0506workout/thomas0506_whole_session_20260506_154720.csv,thomas0506,92484,92719,db_rdl,0.9414,short_time_energy
datasets/workout/thomas0506workout/thomas0506_whole_session_20260506_154720.csv,thomas0506,92719,92860,db_rdl,0.6528,short_time_energy
datasets/workout/thomas0506workout/thomas0506_whole_session_20260506_154720.csv,thomas0506,92860,92930,db_rdl,0.2941,short_time_energy
datasets/workout/thomas0506workout/thomas0506_whole_session_20260506_154720.csv,thomas0506,92930,93085,db_rdl,0.671,short_time_energy
datasets/workout/thomas0506workout/thomas0506_whole_session_20260506_154720.csv,thomas0506,93085,93143,db_rdl,0.2511,short_time_energy
datasets/workout/thomas0506workout/thomas0506_whole_session_20260506_154720.csv,thomas0506,93143,93227,db_rdl,0.306,short_time_energy
datasets/workout/thomas0506workout/thomas0506_whole_session_20260506_154720.csv,thomas0506,93227,93312,db_rdl,0.3881,short_time_energy
datasets/workout/thomas0506workout/thomas0506_whole_session_20260506_154720.csv,thomas0506,93312,93406,db_rdl,0.252,short_time_energy
datasets/workout/thomas0506workout/thomas0506_whole_session_20260506_154720.csv,thomas0506,93406,93563,db_rdl,0.6085,short_time_energy
datasets/workout/thomas0506workout/thomas0506_whole_session_20260506_154720.csv,thomas0506,93563,93721,db_rdl,0.2691,short_time_energy
datasets/workout/thomas0506workout/thomas0506_whole_session_20260506_154720.csv,thomas0506,93721,93804,db_rdl,0.323,short_time_energy
datasets/workout/thomas0506workout/thomas0506_whole_session_20260506_154720.csv,thomas0506,93804,93927,db_rdl,0.2925,short_time_energy
datasets/workout/thomas0506workout/thomas0506_whole_session_20260506_154720.csv,thomas0506,105160,105385,db_weighted_crunch,0.3788,short_time_energy
datasets/workout/thomas0506workout/thomas0506_whole_session_20260506_154720.csv,thomas0506,105698,105781,db_weighted_crunch,0.3562,short_time_energy
datasets/workout/thomas0506workout/thomas0506_whole_session_20260506_154720.csv,thomas0506,105856,105937,db_weighted_crunch,0.2746,short_time_energy
datasets/workout/thomas0506workout/thomas0506_whole_session_20260506_154720.csv,thomas0506,105974,106074,db_weighted_crunch,0.339,short_time_energy
datasets/workout/thomas0506workout/thomas0506_whole_session_20260506_154720.csv,thomas0506,106138,106255,db_weighted_crunch,0.457,short_time_energy
datasets/workout/thomas0506workout/thomas0506_whole_session_20260506_154720.csv,thomas0506,106255,106327,db_weighted_crunch,0.2812,short_time_energy
datasets/workout/thomas0506workout/thomas0506_whole_session_20260506_154720.csv,thomas0506,107064,107155,db_weighted_crunch,0.3023,short_time_energy
datasets/workout/thomas0506workout/thomas0506_whole_session_20260506_154720.csv,thomas0506,107422,107560,db_weighted_crunch,0.3304,short_time_energy
datasets/workout/thomas0506workout/thomas0506_whole_session_20260506_154720.csv,thomas0506,107560,107632,db_weighted_crunch,0.2687,short_time_energy
datasets/workout/thomas0506workout/thomas0506_whole_session_20260506_154720.csv,thomas0506,107949,108027,db_weighted_crunch,0.2989,short_time_energy
datasets/workout/thomas0506workout/thomas0506_whole_session_20260506_154720.csv,thomas0506,108133,108215,db_weighted_crunch,0.2837,short_time_energy
datasets/workout/thomas0506workout/thomas0506_whole_session_20260506_154720.csv,thomas0506,108215,108290,db_weighted_crunch,0.2595,short_time_energy
datasets/workout/thomas0506workout/thomas0506_whole_session_20260506_154720.csv,thomas0506,108387,108491,db_weighted_crunch,0.3586,short_time_energy
datasets/workout/thomas0506workout/thomas0506_whole_session_20260506_154720.csv,thomas0506,114190,114685,db_weighted_crunch,0.5919,short_time_energy
datasets/workout/thomas0506workout/thomas0506_whole_session_20260506_154720.csv,thomas0506,114685,114783,db_weighted_crunch,0.3843,short_time_energy
datasets/workout/thomas0506workout/thomas0506_whole_session_20260506_154720.csv,thomas0506,114783,115204,db_weighted_crunch,0.6271,short_time_energy
datasets/workout/thomas0506workout/thomas0506_whole_session_20260506_154720.csv,thomas0506,115204,115298,db_weighted_crunch,0.3889,short_time_energy
datasets/workout/thomas0506workout/thomas0506_whole_session_20260506_154720.csv,thomas0506,115298,115564,db_weighted_crunch,0.9368,short_time_energy
datasets/workout/thomas0506workout/thomas0506_whole_session_20260506_154720.csv,thomas0506,115564,115702,db_weighted_crunch,0.561,short_time_energy
datasets/workout/thomas0506workout/thomas0506_whole_session_20260506_154720.csv,thomas0506,115702,115806,db_weighted_crunch,0.3672,short_time_energy
datasets/workout/thomas0506workout/thomas0506_whole_session_20260506_154720.csv,thomas0506,115806,115926,db_weighted_crunch,0.4598,short_time_energy
datasets/workout/thomas0506workout/thomas0506_whole_session_20260506_154720.csv,thomas0506,115926,116232,db_weighted_crunch,0.4089,short_time_energy
datasets/workout/thomas0506workout/thomas0506_whole_session_20260506_154720.csv,thomas0506,116232,116355,db_weighted_crunch,0.4094,short_time_energy
datasets/workout/thomas0506workout/thomas0506_whole_session_20260506_154720.csv,thomas0506,116355,117017,db_weighted_crunch,0.4048,short_time_energy
datasets/workout/thomas0506workout/thomas0506_whole_session_20260506_154720.csv,thomas0506,117017,117249,db_weighted_crunch,0.329,short_time_energy
datasets/workout/thomas0506workout/thomas0506_whole_session_20260506_154720.csv,thomas0506,117249,117439,db_weighted_crunch,0.5153,short_time_energy
datasets/workout/thomas0506workout/thomas0506_whole_session_20260506_154720.csv,thomas0506,117439,117992,db_weighted_crunch,0.4937,short_time_energy
datasets/workout/thomas0506workout/thomas0506_whole_session_20260506_154720.csv,thomas0506,117992,118441,db_weighted_crunch,0.5783,short_time_energy
datasets/workout/thomas0506workout/thomas0506_whole_session_20260506_154720.csv,thomas0506,118441,118527,db_weighted_crunch,0.2788,short_time_energy
datasets/workout/thomas0506workout/thomas0506_whole_session_20260506_154720.csv,thomas0506,118527,118795,db_weighted_crunch,0.8874,short_time_energy
datasets/workout/thomas0506workout/thomas0506_whole_session_20260506_154720.csv,thomas0506,125091,125328,db_weighted_crunch,0.5147,short_time_energy
datasets/workout/thomas0506workout/thomas0506_whole_session_20260506_154720.csv,thomas0506,125328,125421,db_weighted_crunch,0.3345,short_time_energy
datasets/workout/thomas0506workout/thomas0506_whole_session_20260506_154720.csv,thomas0506,125421,125708,db_weighted_crunch,0.9547,short_time_energy
datasets/workout/thomas0506workout/thomas0506_whole_session_20260506_154720.csv,thomas0506,125708,126049,db_weighted_crunch,0.686,short_time_energy
datasets/workout/thomas0506workout/thomas0506_whole_session_20260506_154720.csv,thomas0506,126049,126193,db_weighted_crunch,0.4699,short_time_energy
datasets/workout/thomas0506workout/thomas0506_whole_session_20260506_154720.csv,thomas0506,126193,126419,db_weighted_crunch,0.8659,short_time_energy
datasets/workout/thomas0506workout/thomas0506_whole_session_20260506_154720.csv,thomas0506,126419,126693,db_weighted_crunch,0.8321,short_time_energy
datasets/workout/thomas0506workout/thomas0506_whole_session_20260506_154720.csv,thomas0506,126693,126860,db_weighted_crunch,0.5719,short_time_energy
datasets/workout/thomas0506workout/thomas0506_whole_session_20260506_154720.csv,thomas0506,126860,126943,db_weighted_crunch,0.2842,short_time_energy
datasets/workout/thomas0506workout/thomas0506_whole_session_20260506_154720.csv,thomas0506,126943,127243,db_weighted_crunch,0.8633,short_time_energy
datasets/workout/thomas0506workout/thomas0506_whole_session_20260506_154720.csv,thomas0506,127243,127624,db_weighted_crunch,0.6005,short_time_energy
datasets/workout/thomas0506workout/thomas0506_whole_session_20260506_154720.csv,thomas0506,127624,127722,db_weighted_crunch,0.4188,short_time_energy
datasets/workout/thomas0506workout/thomas0506_whole_session_20260506_154720.csv,thomas0506,127722,127984,db_weighted_crunch,0.958,short_time_energy
datasets/workout/thomas0506workout/thomas0506_whole_session_20260506_154720.csv,thomas0506,127984,128224,db_weighted_crunch,0.9057,short_time_energy
datasets/workout/thomas0506workout/thomas0506_whole_session_20260506_154720.csv,thomas0506,145473,145600,db_shoulder_press,0.2607,short_time_energy
datasets/workout/thomas0506workout/thomas0506_whole_session_20260506_154720.csv,thomas0506,145600,145857,db_shoulder_press,0.4012,short_time_energy
datasets/workout/thomas0506workout/thomas0506_whole_session_20260506_154720.csv,thomas0506,145857,145947,db_shoulder_press,0.3863,short_time_energy
datasets/workout/thomas0506workout/thomas0506_whole_session_20260506_154720.csv,thomas0506,145947,146058,db_shoulder_press,0.3725,short_time_energy
datasets/workout/thomas0506workout/thomas0506_whole_session_20260506_154720.csv,thomas0506,146208,146296,db_shoulder_press,0.3964,short_time_energy
datasets/workout/thomas0506workout/thomas0506_whole_session_20260506_154720.csv,thomas0506,146341,146427,db_shoulder_press,0.3689,short_time_energy
datasets/workout/thomas0506workout/thomas0506_whole_session_20260506_154720.csv,thomas0506,146427,146517,db_shoulder_press,0.3896,short_time_energy
datasets/workout/thomas0506workout/thomas0506_whole_session_20260506_154720.csv,thomas0506,146517,146596,db_shoulder_press,0.342,short_time_energy
datasets/workout/thomas0506workout/thomas0506_whole_session_20260506_154720.csv,thomas0506,146696,146758,db_shoulder_press,0.2684,short_time_energy
datasets/workout/thomas0506workout/thomas0506_whole_session_20260506_154720.csv,thomas0506,146804,147006,db_shoulder_press,0.3306,short_time_energy
datasets/workout/thomas0506workout/thomas0506_whole_session_20260506_154720.csv,thomas0506,147006,147078,db_shoulder_press,0.2562,short_time_energy
datasets/workout/thomas0506workout/thomas0506_whole_session_20260506_154720.csv,thomas0506,147178,147253,db_shoulder_press,0.2976,short_time_energy
datasets/workout/thomas0506workout/thomas0506_whole_session_20260506_154720.csv,thomas0506,147253,147356,db_shoulder_press,0.4087,short_time_energy
datasets/workout/thomas0506workout/thomas0506_whole_session_20260506_154720.csv,thomas0506,147447,147532,db_shoulder_press,0.3195,short_time_energy
datasets/workout/thomas0506workout/thomas0506_whole_session_20260506_154720.csv,thomas0506,147532,147604,db_shoulder_press,0.2707,short_time_energy
datasets/workout/thomas0506workout/thomas0506_whole_session_20260506_154720.csv,thomas0506,147765,147849,db_shoulder_press,0.3429,short_time_energy
datasets/workout/thomas0506workout/thomas0506_whole_session_20260506_154720.csv,thomas0506,147849,147938,db_shoulder_press,0.3202,short_time_energy
datasets/workout/thomas0506workout/thomas0506_whole_session_20260506_154720.csv,thomas0506,147938,148013,db_shoulder_press,0.2896,short_time_energy
datasets/workout/thomas0506workout/thomas0506_whole_session_20260506_154720.csv,thomas0506,148013,148099,db_shoulder_press,0.332,short_time_energy
datasets/workout/thomas0506workout/thomas0506_whole_session_20260506_154720.csv,thomas0506,148099,148169,db_shoulder_press,0.2703,short_time_energy
datasets/workout/thomas0506workout/thomas0506_whole_session_20260506_154720.csv,thomas0506,148169,148261,db_shoulder_press,0.2835,short_time_energy
datasets/workout/thomas0506workout/thomas0506_whole_session_20260506_154720.csv,thomas0506,148261,148342,db_shoulder_press,0.3462,short_time_energy
datasets/workout/thomas0506workout/thomas0506_whole_session_20260506_154720.csv,thomas0506,148342,148424,db_shoulder_press,0.3447,short_time_energy
datasets/workout/thomas0506workout/thomas0506_whole_session_20260506_154720.csv,thomas0506,153816,153938,db_shoulder_press,0.2786,short_time_energy
datasets/workout/thomas0506workout/thomas0506_whole_session_20260506_154720.csv,thomas0506,153938,154076,db_shoulder_press,0.6479,short_time_energy
datasets/workout/thomas0506workout/thomas0506_whole_session_20260506_154720.csv,thomas0506,154076,154219,db_shoulder_press,0.6157,short_time_energy
datasets/workout/thomas0506workout/thomas0506_whole_session_20260506_154720.csv,thomas0506,154219,154319,db_shoulder_press,0.3568,short_time_energy
datasets/workout/thomas0506workout/thomas0506_whole_session_20260506_154720.csv,thomas0506,154319,154419,db_shoulder_press,0.4167,short_time_energy
datasets/workout/thomas0506workout/thomas0506_whole_session_20260506_154720.csv,thomas0506,154459,154562,db_shoulder_press,0.3346,short_time_energy
datasets/workout/thomas0506workout/thomas0506_whole_session_20260506_154720.csv,thomas0506,154562,154629,db_shoulder_press,0.2827,short_time_energy
datasets/workout/thomas0506workout/thomas0506_whole_session_20260506_154720.csv,thomas0506,154700,154794,db_shoulder_press,0.3293,short_time_energy
datasets/workout/thomas0506workout/thomas0506_whole_session_20260506_154720.csv,thomas0506,154794,154859,db_shoulder_press,0.2802,short_time_energy
datasets/workout/thomas0506workout/thomas0506_whole_session_20260506_154720.csv,thomas0506,154926,155018,db_shoulder_press,0.3729,short_time_energy
datasets/workout/thomas0506workout/thomas0506_whole_session_20260506_154720.csv,thomas0506,155018,155103,db_shoulder_press,0.3795,short_time_energy
datasets/workout/thomas0506workout/thomas0506_whole_session_20260506_154720.csv,thomas0506,155143,155220,db_shoulder_press,0.3438,short_time_energy
datasets/workout/thomas0506workout/thomas0506_whole_session_20260506_154720.csv,thomas0506,155248,155313,db_shoulder_press,0.2814,short_time_energy
datasets/workout/thomas0506workout/thomas0506_whole_session_20260506_154720.csv,thomas0506,155313,155387,db_shoulder_press,0.3203,short_time_energy
datasets/workout/thomas0506workout/thomas0506_whole_session_20260506_154720.csv,thomas0506,155387,155482,db_shoulder_press,0.3361,short_time_energy
datasets/workout/thomas0506workout/thomas0506_whole_session_20260506_154720.csv,thomas0506,155482,155572,db_shoulder_press,0.3629,short_time_energy
datasets/workout/thomas0506workout/thomas0506_whole_session_20260506_154720.csv,thomas0506,155572,155642,db_shoulder_press,0.2823,short_time_energy
datasets/workout/thomas0506workout/thomas0506_whole_session_20260506_154720.csv,thomas0506,155722,155801,db_shoulder_press,0.3559,short_time_energy
datasets/workout/thomas0506workout/thomas0506_whole_session_20260506_154720.csv,thomas0506,155801,155859,db_shoulder_press,0.2613,short_time_energy
datasets/workout/thomas0506workout/thomas0506_whole_session_20260506_154720.csv,thomas0506,155859,155916,db_shoulder_press,0.2568,short_time_energy
datasets/workout/thomas0506workout/thomas0506_whole_session_20260506_154720.csv,thomas0506,155951,156024,db_shoulder_press,0.3411,short_time_energy
datasets/workout/thomas0506workout/thomas0506_whole_session_20260506_154720.csv,thomas0506,156075,156175,db_shoulder_press,0.3305,short_time_energy
datasets/workout/thomas0506workout/thomas0506_whole_session_20260506_154720.csv,thomas0506,156175,156252,db_shoulder_press,0.3468,short_time_energy
datasets/workout/thomas0506workout/thomas0506_whole_session_20260506_154720.csv,thomas0506,156252,156375,db_shoulder_press,0.5541,short_time_energy
datasets/workout/thomas0506workout/thomas0506_whole_session_20260506_154720.csv,thomas0506,156375,156513,db_shoulder_press,0.6419,short_time_energy
datasets/workout/thomas0506workout/thomas0506_whole_session_20260506_154720.csv,thomas0506,156513,156601,db_shoulder_press,0.3407,short_time_energy
datasets/workout/thomas0506workout/thomas0506_whole_session_20260506_154720.csv,thomas0506,162408,162605,db_shoulder_press,0.4675,short_time_energy
datasets/workout/thomas0506workout/thomas0506_whole_session_20260506_154720.csv,thomas0506,162727,162842,db_shoulder_press,0.4915,short_time_energy
datasets/workout/thomas0506workout/thomas0506_whole_session_20260506_154720.csv,thomas0506,163192,163289,db_shoulder_press,0.4554,short_time_energy
datasets/workout/thomas0506workout/thomas0506_whole_session_20260506_154720.csv,thomas0506,163447,163505,db_shoulder_press,0.2624,short_time_energy
datasets/workout/thomas0506workout/thomas0506_whole_session_20260506_154720.csv,thomas0506,163668,163724,db_shoulder_press,0.2654,short_time_energy
datasets/workout/thomas0506workout/thomas0506_whole_session_20260506_154720.csv,thomas0506,163724,163784,db_shoulder_press,0.2844,short_time_energy
datasets/workout/thomas0506workout/thomas0506_whole_session_20260506_154720.csv,thomas0506,163842,163922,db_shoulder_press,0.4211,short_time_energy
datasets/workout/thomas0506workout/thomas0506_whole_session_20260506_154720.csv,thomas0506,163922,163979,db_shoulder_press,0.3,short_time_energy
datasets/workout/thomas0506workout/thomas0506_whole_session_20260506_154720.csv,thomas0506,164063,164146,db_shoulder_press,0.3624,short_time_energy
datasets/workout/thomas0506workout/thomas0506_whole_session_20260506_154720.csv,thomas0506,164256,164360,db_shoulder_press,0.4561,short_time_energy
datasets/workout/thomas0506workout/thomas0506_whole_session_20260506_154720.csv,thomas0506,164360,164420,db_shoulder_press,0.2632,short_time_energy
datasets/workout/thomas0506workout/thomas0506_whole_session_20260506_154720.csv,thomas0506,164478,164588,db_shoulder_press,0.5023,short_time_energy
datasets/workout/thomas0506workout/thomas0506_whole_session_20260506_154720.csv,thomas0506,164588,164646,db_shoulder_press,0.2648,short_time_energy
datasets/workout/thomas0506workout/thomas0506_whole_session_20260506_154720.csv,thomas0506,164739,164803,db_shoulder_press,0.2819,short_time_energy
datasets/workout/thomas0506workout/thomas0506_whole_session_20260506_154720.csv,thomas0506,164803,164873,db_shoulder_press,0.3084,short_time_energy
datasets/workout/thomas0506workout/thomas0506_whole_session_20260506_154720.csv,thomas0506,164942,165015,db_shoulder_press,0.316,short_time_energy
datasets/workout/thomas0506workout/thomas0506_whole_session_20260506_154720.csv,thomas0506,165015,165087,db_shoulder_press,0.3117,short_time_energy
datasets/workout/thomas0506workout/thomas0506_whole_session_20260506_154720.csv,thomas0506,170695,170857,db_biceps_curl,0.2559,short_time_energy
datasets/workout/thomas0506workout/thomas0506_whole_session_20260506_154720.csv,thomas0506,170857,170975,db_biceps_curl,0.3699,short_time_energy
datasets/workout/thomas0506workout/thomas0506_whole_session_20260506_154720.csv,thomas0506,170975,171075,db_biceps_curl,0.3135,short_time_energy
datasets/workout/thomas0506workout/thomas0506_whole_session_20260506_154720.csv,thomas0506,171150,171288,db_biceps_curl,0.4694,short_time_energy
datasets/workout/thomas0506workout/thomas0506_whole_session_20260506_154720.csv,thomas0506,171288,171372,db_biceps_curl,0.2857,short_time_energy
datasets/workout/thomas0506workout/thomas0506_whole_session_20260506_154720.csv,thomas0506,171447,171617,db_biceps_curl,0.509,short_time_energy
datasets/workout/thomas0506workout/thomas0506_whole_session_20260506_154720.csv,thomas0506,171617,171701,db_biceps_curl,0.2515,short_time_energy
datasets/workout/thomas0506workout/thomas0506_whole_session_20260506_154720.csv,thomas0506,171833,171930,db_biceps_curl,0.3079,short_time_energy
datasets/workout/thomas0506workout/thomas0506_whole_session_20260506_154720.csv,thomas0506,172078,172235,db_biceps_curl,0.5358,short_time_energy
datasets/workout/thomas0506workout/thomas0506_whole_session_20260506_154720.csv,thomas0506,172235,172331,db_biceps_curl,0.2548,short_time_energy
datasets/workout/thomas0506workout/thomas0506_whole_session_20260506_154720.csv,thomas0506,172398,172520,db_biceps_curl,0.4178,short_time_energy
datasets/workout/thomas0506workout/thomas0506_whole_session_20260506_154720.csv,thomas0506,172520,172617,db_biceps_curl,0.2838,short_time_energy
datasets/workout/thomas0506workout/thomas0506_whole_session_20260506_154720.csv,thomas0506,172617,172696,db_biceps_curl,0.2565,short_time_energy
datasets/workout/thomas0506workout/thomas0506_whole_session_20260506_154720.csv,thomas0506,172745,172842,db_biceps_curl,0.3149,short_time_energy
datasets/workout/thomas0506workout/thomas0506_whole_session_20260506_154720.csv,thomas0506,172976,173122,db_biceps_curl,0.4949,short_time_energy
datasets/workout/thomas0506workout/thomas0506_whole_session_20260506_154720.csv,thomas0506,173275,173372,db_biceps_curl,0.318,short_time_energy
datasets/workout/thomas0506workout/thomas0506_whole_session_20260506_154720.csv,thomas0506,173664,173803,db_biceps_curl,0.4777,short_time_energy
datasets/workout/thomas0506workout/thomas0506_whole_session_20260506_154720.csv,thomas0506,173941,174044,db_biceps_curl,0.315,short_time_energy
datasets/workout/thomas0506workout/thomas0506_whole_session_20260506_154720.csv,thomas0506,174044,174128,db_biceps_curl,0.2569,short_time_energy
datasets/workout/thomas0506workout/thomas0506_whole_session_20260506_154720.csv,thomas0506,174274,174386,db_biceps_curl,0.3648,short_time_energy
datasets/workout/thomas0506workout/thomas0506_whole_session_20260506_154720.csv,thomas0506,179712,179788,db_biceps_curl,0.2724,short_time_energy
datasets/workout/thomas0506workout/thomas0506_whole_session_20260506_154720.csv,thomas0506,179788,179866,db_biceps_curl,0.2796,short_time_energy
datasets/workout/thomas0506workout/thomas0506_whole_session_20260506_154720.csv,thomas0506,179980,180083,db_biceps_curl,0.3787,short_time_energy
datasets/workout/thomas0506workout/thomas0506_whole_session_20260506_154720.csv,thomas0506,180565,180659,db_biceps_curl,0.3547,short_time_energy
datasets/workout/thomas0506workout/thomas0506_whole_session_20260506_154720.csv,thomas0506,180659,180741,db_biceps_curl,0.2852,short_time_energy
datasets/workout/thomas0506workout/thomas0506_whole_session_20260506_154720.csv,thomas0506,180807,180884,db_biceps_curl,0.2721,short_time_energy
datasets/workout/thomas0506workout/thomas0506_whole_session_20260506_154720.csv,thomas0506,180948,181020,db_biceps_curl,0.25,short_time_energy
datasets/workout/thomas0506workout/thomas0506_whole_session_20260506_154720.csv,thomas0506,181077,181176,db_biceps_curl,0.3449,short_time_energy
datasets/workout/thomas0506workout/thomas0506_whole_session_20260506_154720.csv,thomas0506,181355,181491,db_biceps_curl,0.4875,short_time_energy
datasets/workout/thomas0506workout/thomas0506_whole_session_20260506_154720.csv,thomas0506,181704,181781,db_biceps_curl,0.2928,short_time_energy
datasets/workout/thomas0506workout/thomas0506_whole_session_20260506_154720.csv,thomas0506,181912,182013,db_biceps_curl,0.3447,short_time_energy
datasets/workout/thomas0506workout/thomas0506_whole_session_20260506_154720.csv,thomas0506,182181,182252,db_biceps_curl,0.262,short_time_energy
datasets/workout/thomas0506workout/thomas0506_whole_session_20260506_154720.csv,thomas0506,182252,182368,db_biceps_curl,0.428,short_time_energy
datasets/workout/thomas0506workout/thomas0506_whole_session_20260506_154720.csv,thomas0506,182781,182902,db_biceps_curl,0.4601,short_time_energy
datasets/workout/thomas0506workout/thomas0506_whole_session_20260506_154720.csv,thomas0506,188055,188177,db_biceps_curl,0.4822,short_time_energy
datasets/workout/thomas0506workout/thomas0506_whole_session_20260506_154720.csv,thomas0506,188177,188255,db_biceps_curl,0.3083,short_time_energy
datasets/workout/thomas0506workout/thomas0506_whole_session_20260506_154720.csv,thomas0506,188389,188542,db_biceps_curl,0.5426,short_time_energy
datasets/workout/thomas0506workout/thomas0506_whole_session_20260506_154720.csv,thomas0506,188542,188658,db_biceps_curl,0.3978,short_time_energy
datasets/workout/thomas0506workout/thomas0506_whole_session_20260506_154720.csv,thomas0506,188658,188812,db_biceps_curl,0.562,short_time_energy
datasets/workout/thomas0506workout/thomas0506_whole_session_20260506_154720.csv,thomas0506,188939,189294,db_biceps_curl,0.4545,short_time_energy
datasets/workout/thomas0506workout/thomas0506_whole_session_20260506_154720.csv,thomas0506,189294,189373,db_biceps_curl,0.2701,short_time_energy
datasets/workout/thomas0506workout/thomas0506_whole_session_20260506_154720.csv,thomas0506,189431,189649,db_biceps_curl,0.7616,short_time_energy
datasets/workout/thomas0506workout/thomas0506_whole_session_20260506_154720.csv,thomas0506,189649,189721,db_biceps_curl,0.2759,short_time_energy
datasets/workout/thomas0506workout/thomas0506_whole_session_20260506_154720.csv,thomas0506,189721,189914,db_biceps_curl,0.6877,short_time_energy
datasets/workout/thomas0506workout/thomas0506_whole_session_20260506_154720.csv,thomas0506,189914,190026,db_biceps_curl,0.4073,short_time_energy
datasets/workout/thomas0506workout/thomas0506_whole_session_20260506_154720.csv,thomas0506,190026,190186,db_biceps_curl,0.5536,short_time_energy
datasets/workout/thomas0506workout/thomas0506_whole_session_20260506_154720.csv,thomas0506,190186,190262,db_biceps_curl,0.2794,short_time_energy
datasets/workout/thomas0506workout/thomas0506_whole_session_20260506_154720.csv,thomas0506,190262,190389,db_biceps_curl,0.4669,short_time_energy
datasets/workout/thomas0506workout/thomas0506_whole_session_20260506_154720.csv,thomas0506,190455,190537,db_biceps_curl,0.2982,short_time_energy
datasets/workout/thomas0506workout/thomas0506_whole_session_20260506_154720.csv,thomas0506,190537,190740,db_biceps_curl,0.6655,short_time_energy
datasets/workout/thomas0506workout/thomas0506_whole_session_20260506_154720.csv,thomas0506,190740,190867,db_biceps_curl,0.4019,short_time_energy
datasets/workout/thomas0506workout/thomas0506_whole_session_20260506_154720.csv,thomas0506,190867,190962,db_biceps_curl,0.3006,short_time_energy
datasets/workout/thomas0506workout/thomas0506_whole_session_20260506_154720.csv,thomas0506,190962,191049,db_biceps_curl,0.2555,short_time_energy
datasets/workout/thomas0506workout/thomas0506_whole_session_20260506_154720.csv,thomas0506,191049,191178,db_biceps_curl,0.4831,short_time_energy
datasets/workout/thomas0506workout/thomas0506_whole_session_20260506_154720.csv,thomas0506,191178,191311,db_biceps_curl,0.4981,short_time_energy
datasets/workout/thomas0506workout/thomas0506_whole_session_20260506_154720.csv,thomas0506,199872,200066,db_triceps_curl,0.5548,short_time_energy
datasets/workout/thomas0506workout/thomas0506_whole_session_20260506_154720.csv,thomas0506,200066,200149,db_triceps_curl,0.3192,short_time_energy
datasets/workout/thomas0506workout/thomas0506_whole_session_20260506_154720.csv,thomas0506,200265,200357,db_triceps_curl,0.3183,short_time_energy
datasets/workout/thomas0506workout/thomas0506_whole_session_20260506_154720.csv,thomas0506,200357,200455,db_triceps_curl,0.3299,short_time_energy
datasets/workout/thomas0506workout/thomas0506_whole_session_20260506_154720.csv,thomas0506,200455,200588,db_triceps_curl,0.5135,short_time_energy
datasets/workout/thomas0506workout/thomas0506_whole_session_20260506_154720.csv,thomas0506,200588,200696,db_triceps_curl,0.417,short_time_energy
datasets/workout/thomas0506workout/thomas0506_whole_session_20260506_154720.csv,thomas0506,200696,200803,db_triceps_curl,0.3699,short_time_energy
datasets/workout/thomas0506workout/thomas0506_whole_session_20260506_154720.csv,thomas0506,200803,200965,db_triceps_curl,0.5494,short_time_energy
datasets/workout/thomas0506workout/thomas0506_whole_session_20260506_154720.csv,thomas0506,200965,201085,db_triceps_curl,0.3974,short_time_energy
datasets/workout/thomas0506workout/thomas0506_whole_session_20260506_154720.csv,thomas0506,201085,201273,db_triceps_curl,0.4804,short_time_energy
datasets/workout/thomas0506workout/thomas0506_whole_session_20260506_154720.csv,thomas0506,201273,201453,db_triceps_curl,0.598,short_time_energy
datasets/workout/thomas0506workout/thomas0506_whole_session_20260506_154720.csv,thomas0506,201453,201707,db_triceps_curl,0.3759,short_time_energy
datasets/workout/thomas0506workout/thomas0506_whole_session_20260506_154720.csv,thomas0506,201947,202115,db_triceps_curl,0.5266,short_time_energy
datasets/workout/thomas0506workout/thomas0506_whole_session_20260506_154720.csv,thomas0506,202115,202205,db_triceps_curl,0.2741,short_time_energy
datasets/workout/thomas0506workout/thomas0506_whole_session_20260506_154720.csv,thomas0506,202205,202390,db_triceps_curl,0.6655,short_time_energy
datasets/workout/thomas0506workout/thomas0506_whole_session_20260506_154720.csv,thomas0506,202390,202479,db_triceps_curl,0.3201,short_time_energy
datasets/workout/thomas0506workout/thomas0506_whole_session_20260506_154720.csv,thomas0506,202555,202632,db_triceps_curl,0.274,short_time_energy
datasets/workout/thomas0506workout/thomas0506_whole_session_20260506_154720.csv,thomas0506,202632,202789,db_triceps_curl,0.4221,short_time_energy
datasets/workout/thomas0506workout/thomas0506_whole_session_20260506_154720.csv,thomas0506,202789,202918,db_triceps_curl,0.3805,short_time_energy
datasets/workout/thomas0506workout/thomas0506_whole_session_20260506_154720.csv,thomas0506,202918,203049,db_triceps_curl,0.3864,short_time_energy
datasets/workout/thomas0506workout/thomas0506_whole_session_20260506_154720.csv,thomas0506,203087,203240,db_triceps_curl,0.5285,short_time_energy
datasets/workout/thomas0506workout/thomas0506_whole_session_20260506_154720.csv,thomas0506,203240,203340,db_triceps_curl,0.4016,short_time_energy
datasets/workout/thomas0506workout/thomas0506_whole_session_20260506_154720.csv,thomas0506,210841,210912,db_triceps_curl,0.2851,short_time_energy
datasets/workout/thomas0506workout/thomas0506_whole_session_20260506_154720.csv,thomas0506,210912,211002,db_triceps_curl,0.3614,short_time_energy
datasets/workout/thomas0506workout/thomas0506_whole_session_20260506_154720.csv,thomas0506,211117,211224,db_triceps_curl,0.4007,short_time_energy
datasets/workout/thomas0506workout/thomas0506_whole_session_20260506_154720.csv,thomas0506,211224,211301,db_triceps_curl,0.2884,short_time_energy
datasets/workout/thomas0506workout/thomas0506_whole_session_20260506_154720.csv,thomas0506,211301,211371,db_triceps_curl,0.2805,short_time_energy
datasets/workout/thomas0506workout/thomas0506_whole_session_20260506_154720.csv,thomas0506,211467,211545,db_triceps_curl,0.3184,short_time_energy
datasets/workout/thomas0506workout/thomas0506_whole_session_20260506_154720.csv,thomas0506,211545,211641,db_triceps_curl,0.3837,short_time_energy
datasets/workout/thomas0506workout/thomas0506_whole_session_20260506_154720.csv,thomas0506,211641,211717,db_triceps_curl,0.3128,short_time_energy
datasets/workout/thomas0506workout/thomas0506_whole_session_20260506_154720.csv,thomas0506,211717,211791,db_triceps_curl,0.2992,short_time_energy
datasets/workout/thomas0506workout/thomas0506_whole_session_20260506_154720.csv,thomas0506,211791,211878,db_triceps_curl,0.3283,short_time_energy
datasets/workout/thomas0506workout/thomas0506_whole_session_20260506_154720.csv,thomas0506,211878,211985,db_triceps_curl,0.4038,short_time_energy
datasets/workout/thomas0506workout/thomas0506_whole_session_20260506_154720.csv,thomas0506,211985,212056,db_triceps_curl,0.2632,short_time_energy
datasets/workout/thomas0506workout/thomas0506_whole_session_20260506_154720.csv,thomas0506,212056,212122,db_triceps_curl,0.307,short_time_energy
datasets/workout/thomas0506workout/thomas0506_whole_session_20260506_154720.csv,thomas0506,212122,212183,db_triceps_curl,0.2837,short_time_energy
datasets/workout/thomas0506workout/thomas0506_whole_session_20260506_154720.csv,thomas0506,212183,212255,db_triceps_curl,0.3349,short_time_energy
datasets/workout/thomas0506workout/thomas0506_whole_session_20260506_154720.csv,thomas0506,212312,212411,db_triceps_curl,0.4541,short_time_energy
datasets/workout/thomas0506workout/thomas0506_whole_session_20260506_154720.csv,thomas0506,212411,212492,db_triceps_curl,0.3468,short_time_energy
datasets/workout/thomas0506workout/thomas0506_whole_session_20260506_154720.csv,thomas0506,212542,212615,db_triceps_curl,0.3029,short_time_energy
datasets/workout/thomas0506workout/thomas0506_whole_session_20260506_154720.csv,thomas0506,212815,212952,db_triceps_curl,0.4477,short_time_energy
datasets/workout/thomas0506workout/thomas0506_whole_session_20260506_154720.csv,thomas0506,212952,213030,db_triceps_curl,0.2549,short_time_energy
datasets/workout/thomas0506workout/thomas0506_whole_session_20260506_154720.csv,thomas0506,213030,213138,db_triceps_curl,0.4221,short_time_energy
datasets/workout/thomas0506workout/thomas0506_whole_session_20260506_154720.csv,thomas0506,213138,213269,db_triceps_curl,0.5481,short_time_energy
datasets/workout/thomas0506workout/thomas0506_whole_session_20260506_154720.csv,thomas0506,213269,213344,db_triceps_curl,0.2991,short_time_energy
datasets/workout/thomas0506workout/thomas0506_whole_session_20260506_154720.csv,thomas0506,213392,213513,db_triceps_curl,0.4644,short_time_energy
datasets/workout/thomas0506workout/thomas0506_whole_session_20260506_154720.csv,thomas0506,213513,213662,db_triceps_curl,0.5731,short_time_energy
datasets/workout/thomas0506workout/thomas0506_whole_session_20260506_154720.csv,thomas0506,213662,213785,db_triceps_curl,0.3582,short_time_energy
datasets/workout/thomas0506workout/thomas0506_whole_session_20260506_154720.csv,thomas0506,219600,219690,db_triceps_curl,0.32,short_time_energy
datasets/workout/thomas0506workout/thomas0506_whole_session_20260506_154720.csv,thomas0506,219690,219759,db_triceps_curl,0.2584,short_time_energy
datasets/workout/thomas0506workout/thomas0506_whole_session_20260506_154720.csv,thomas0506,219817,219885,db_triceps_curl,0.2547,short_time_energy
datasets/workout/thomas0506workout/thomas0506_whole_session_20260506_154720.csv,thomas0506,219964,220044,db_triceps_curl,0.2817,short_time_energy
datasets/workout/thomas0506workout/thomas0506_whole_session_20260506_154720.csv,thomas0506,220241,220322,db_triceps_curl,0.2935,short_time_energy
datasets/workout/thomas0506workout/thomas0506_whole_session_20260506_154720.csv,thomas0506,220827,220910,db_triceps_curl,0.2814,short_time_energy
datasets/workout/thomas0506workout/thomas0506_whole_session_20260506_154720.csv,thomas0506,221007,221082,db_triceps_curl,0.2542,short_time_energy
datasets/workout/thomas0506workout/thomas0506_whole_session_20260506_154720.csv,thomas0506,221138,221213,db_triceps_curl,0.3191,short_time_energy
datasets/workout/thomas0506workout/thomas0506_whole_session_20260506_154720.csv,thomas0506,221254,221360,db_triceps_curl,0.2583,short_time_energy
datasets/workout/thomas0506workout/thomas0506_whole_session_20260506_154720.csv,thomas0506,221360,221442,db_triceps_curl,0.3254,short_time_energy
datasets/workout/thomas0506workout/thomas0506_whole_session_20260506_154720.csv,thomas0506,221498,221571,db_triceps_curl,0.2897,short_time_energy
datasets/workout/thomas0506workout/thomas0506_whole_session_20260506_154720.csv,thomas0506,221617,221711,db_triceps_curl,0.3701,short_time_energy
datasets/workout/thomas0506workout/thomas0506_whole_session_20260506_154720.csv,thomas0506,221853,221921,db_triceps_curl,0.2576,short_time_energy
datasets/workout/thomas0506workout/thomas0506_whole_session_20260506_154720.csv,thomas0506,222023,222090,db_triceps_curl,0.2538,short_time_energy
datasets/workout/thomas0506workout/thomas0506_whole_session_20260506_154720.csv,thomas0506,222143,222208,db_triceps_curl,0.2889,short_time_energy
datasets/workout/thomas0506workout/thomas0506_whole_session_20260506_154720.csv,thomas0506,222247,222320,db_triceps_curl,0.3186,short_time_energy
datasets/workout/thomas0506workout/thomas0506_whole_session_20260506_154720.csv,thomas0506,222382,222445,db_triceps_curl,0.253,short_time_energy
datasets/workout/thomas0506workout/thomas0506_whole_session_20260506_154720.csv,thomas0506,239124,239294,db_squat,0.4905,short_time_energy
datasets/workout/thomas0506workout/thomas0506_whole_session_20260506_154720.csv,thomas0506,239294,239541,db_squat,0.4625,short_time_energy
datasets/workout/thomas0506workout/thomas0506_whole_session_20260506_154720.csv,thomas0506,239541,239630,db_squat,0.3539,short_time_energy
datasets/workout/thomas0506workout/thomas0506_whole_session_20260506_154720.csv,thomas0506,239630,239781,db_squat,0.6292,short_time_energy
datasets/workout/thomas0506workout/thomas0506_whole_session_20260506_154720.csv,thomas0506,239781,239870,db_squat,0.3539,short_time_energy
datasets/workout/thomas0506workout/thomas0506_whole_session_20260506_154720.csv,thomas0506,239870,239994,db_squat,0.521,short_time_energy
datasets/workout/thomas0506workout/thomas0506_whole_session_20260506_154720.csv,thomas0506,239994,240113,db_squat,0.4512,short_time_energy
datasets/workout/thomas0506workout/thomas0506_whole_session_20260506_154720.csv,thomas0506,240113,240256,db_squat,0.6137,short_time_energy
datasets/workout/thomas0506workout/thomas0506_whole_session_20260506_154720.csv,thomas0506,240256,240355,db_squat,0.328,short_time_energy
datasets/workout/thomas0506workout/thomas0506_whole_session_20260506_154720.csv,thomas0506,240355,240469,db_squat,0.4935,short_time_energy
datasets/workout/thomas0506workout/thomas0506_whole_session_20260506_154720.csv,thomas0506,240469,240603,db_squat,0.3774,short_time_energy
datasets/workout/thomas0506workout/thomas0506_whole_session_20260506_154720.csv,thomas0506,240603,240725,db_squat,0.4959,short_time_energy
datasets/workout/thomas0506workout/thomas0506_whole_session_20260506_154720.csv,thomas0506,240725,240823,db_squat,0.3543,short_time_energy
datasets/workout/thomas0506workout/thomas0506_whole_session_20260506_154720.csv,thomas0506,240823,240919,db_squat,0.4444,short_time_energy
datasets/workout/thomas0506workout/thomas0506_whole_session_20260506_154720.csv,thomas0506,240919,241042,db_squat,0.4934,short_time_energy
datasets/workout/thomas0506workout/thomas0506_whole_session_20260506_154720.csv,thomas0506,241042,241178,db_squat,0.5506,short_time_energy
datasets/workout/thomas0506workout/thomas0506_whole_session_20260506_154720.csv,thomas0506,241178,241288,db_squat,0.3891,short_time_energy
datasets/workout/thomas0506workout/thomas0506_whole_session_20260506_154720.csv,thomas0506,241288,241423,db_squat,0.5794,short_time_energy
datasets/workout/thomas0506workout/thomas0506_whole_session_20260506_154720.csv,thomas0506,241423,241508,db_squat,0.3648,short_time_energy
datasets/workout/thomas0506workout/thomas0506_whole_session_20260506_154720.csv,thomas0506,241508,241608,db_squat,0.4236,short_time_energy
datasets/workout/thomas0506workout/thomas0506_whole_session_20260506_154720.csv,thomas0506,241608,241739,db_squat,0.5658,short_time_energy
datasets/workout/thomas0506workout/thomas0506_whole_session_20260506_154720.csv,thomas0506,241739,241859,db_squat,0.6091,short_time_energy
datasets/workout/thomas0506workout/thomas0506_whole_session_20260506_154720.csv,thomas0506,249939,250038,db_squat,0.4783,short_time_energy
datasets/workout/thomas0506workout/thomas0506_whole_session_20260506_154720.csv,thomas0506,250038,250094,db_squat,0.2644,short_time_energy
datasets/workout/thomas0506workout/thomas0506_whole_session_20260506_154720.csv,thomas0506,250094,250268,db_squat,0.722,short_time_energy
datasets/workout/thomas0506workout/thomas0506_whole_session_20260506_154720.csv,thomas0506,250364,250513,db_squat,0.6234,short_time_energy
datasets/workout/thomas0506workout/thomas0506_whole_session_20260506_154720.csv,thomas0506,250513,250573,db_squat,0.251,short_time_energy
datasets/workout/thomas0506workout/thomas0506_whole_session_20260506_154720.csv,thomas0506,250573,250642,db_squat,0.3026,short_time_energy
datasets/workout/thomas0506workout/thomas0506_whole_session_20260506_154720.csv,thomas0506,250642,250737,db_squat,0.4167,short_time_energy
datasets/workout/thomas0506workout/thomas0506_whole_session_20260506_154720.csv,thomas0506,250737,250813,db_squat,0.2667,short_time_energy
datasets/workout/thomas0506workout/thomas0506_whole_session_20260506_154720.csv,thomas0506,250813,250896,db_squat,0.3333,short_time_energy
datasets/workout/thomas0506workout/thomas0506_whole_session_20260506_154720.csv,thomas0506,250896,250980,db_squat,0.3373,short_time_energy
datasets/workout/thomas0506workout/thomas0506_whole_session_20260506_154720.csv,thomas0506,250980,251075,db_squat,0.2555,short_time_energy
datasets/workout/thomas0506workout/thomas0506_whole_session_20260506_154720.csv,thomas0506,251137,251223,db_squat,0.3454,short_time_energy
datasets/workout/thomas0506workout/thomas0506_whole_session_20260506_154720.csv,thomas0506,251223,251297,db_squat,0.2972,short_time_energy
datasets/workout/thomas0506workout/thomas0506_whole_session_20260506_154720.csv,thomas0506,251297,251461,db_squat,0.6639,short_time_energy
datasets/workout/thomas0506workout/thomas0506_whole_session_20260506_154720.csv,thomas0506,251461,251549,db_squat,0.32,short_time_energy
datasets/workout/thomas0506workout/thomas0506_whole_session_20260506_154720.csv,thomas0506,251549,251619,db_squat,0.2929,short_time_energy
datasets/workout/thomas0506workout/thomas0506_whole_session_20260506_154720.csv,thomas0506,251619,251789,db_squat,0.6492,short_time_energy
datasets/workout/thomas0506workout/thomas0506_whole_session_20260506_154720.csv,thomas0506,251789,251938,db_squat,0.6507,short_time_energy
datasets/workout/thomas0506workout/thomas0506_whole_session_20260506_154720.csv,thomas0506,251938,252015,db_squat,0.3021,short_time_energy
datasets/workout/thomas0506workout/thomas0506_whole_session_20260506_154720.csv,thomas0506,252015,252083,db_squat,0.2894,short_time_energy
datasets/workout/thomas0506workout/thomas0506_whole_session_20260506_154720.csv,thomas0506,252083,252178,db_squat,0.4043,short_time_energy
datasets/workout/thomas0506workout/thomas0506_whole_session_20260506_154720.csv,thomas0506,252178,252267,db_squat,0.2558,short_time_energy
datasets/workout/thomas0506workout/thomas0506_whole_session_20260506_154720.csv,thomas0506,252267,252505,db_squat,0.8815,short_time_energy
datasets/workout/thomas0506workout/thomas0506_whole_session_20260506_154720.csv,thomas0506,252746,252839,db_squat,0.2862,short_time_energy
datasets/workout/thomas0506workout/thomas0506_whole_session_20260506_154720.csv,thomas0506,260689,260824,db_squat,0.305,short_time_energy
datasets/workout/thomas0506workout/thomas0506_whole_session_20260506_154720.csv,thomas0506,260824,260968,db_squat,0.5561,short_time_energy
datasets/workout/thomas0506workout/thomas0506_whole_session_20260506_154720.csv,thomas0506,260968,261056,db_squat,0.3506,short_time_energy
datasets/workout/thomas0506workout/thomas0506_whole_session_20260506_154720.csv,thomas0506,261106,261185,db_squat,0.3147,short_time_energy
datasets/workout/thomas0506workout/thomas0506_whole_session_20260506_154720.csv,thomas0506,261185,261285,db_squat,0.3629,short_time_energy
datasets/workout/thomas0506workout/thomas0506_whole_session_20260506_154720.csv,thomas0506,261338,261429,db_squat,0.3652,short_time_energy
datasets/workout/thomas0506workout/thomas0506_whole_session_20260506_154720.csv,thomas0506,261429,261526,db_squat,0.4093,short_time_energy
datasets/workout/thomas0506workout/thomas0506_whole_session_20260506_154720.csv,thomas0506,261578,261675,db_squat,0.3202,short_time_energy
datasets/workout/thomas0506workout/thomas0506_whole_session_20260506_154720.csv,thomas0506,261675,261769,db_squat,0.3672,short_time_energy
datasets/workout/thomas0506workout/thomas0506_whole_session_20260506_154720.csv,thomas0506,261822,261891,db_squat,0.2695,short_time_energy
datasets/workout/thomas0506workout/thomas0506_whole_session_20260506_154720.csv,thomas0506,261891,261993,db_squat,0.3012,short_time_energy
datasets/workout/thomas0506workout/thomas0506_whole_session_20260506_154720.csv,thomas0506,262048,262122,db_squat,0.3149,short_time_energy
datasets/workout/thomas0506workout/thomas0506_whole_session_20260506_154720.csv,thomas0506,262122,262243,db_squat,0.3419,short_time_energy
datasets/workout/thomas0506workout/thomas0506_whole_session_20260506_154720.csv,thomas0506,262293,262364,db_squat,0.291,short_time_energy
datasets/workout/thomas0506workout/thomas0506_whole_session_20260506_154720.csv,thomas0506,262364,262475,db_squat,0.3045,short_time_energy
datasets/workout/thomas0506workout/thomas0506_whole_session_20260506_154720.csv,thomas0506,262475,262624,db_squat,0.6314,short_time_energy
datasets/workout/thomas0506workout/thomas0506_whole_session_20260506_154720.csv,thomas0506,262624,262707,db_squat,0.3291,short_time_energy
datasets/workout/thomas0506workout/thomas0506_whole_session_20260506_154720.csv,thomas0506,262759,262837,db_squat,0.3421,short_time_energy
datasets/workout/thomas0506workout/thomas0506_whole_session_20260506_154720.csv,thomas0506,262837,262931,db_squat,0.292,short_time_energy
datasets/workout/thomas0506workout/thomas0506_whole_session_20260506_154720.csv,thomas0506,262984,263053,db_squat,0.3013,short_time_energy
datasets/workout/thomas0506workout/thomas0506_whole_session_20260506_154720.csv,thomas0506,263053,263164,db_squat,0.3105,short_time_energy
datasets/workout/thomas0506workout/thomas0506_whole_session_20260506_154720.csv,thomas0506,263213,263285,db_squat,0.3364,short_time_energy
datasets/workout/thomas0506workout/thomas0506_whole_session_20260506_154720.csv,thomas0506,263285,263401,db_squat,0.4167,short_time_energy
datasets/workout/thomas0506workout/thomas0506_whole_session_20260506_154720.csv,thomas0506,263452,263535,db_squat,0.312,short_time_energy
datasets/workout/thomas0506workout/thomas0506_whole_session_20260506_154720.csv,thomas0506,270331,270533,db_squat,0.5105,short_time_energy
datasets/workout/thomas0506workout/thomas0506_whole_session_20260506_154720.csv,thomas0506,270533,270633,db_squat,0.3415,short_time_energy
datasets/workout/thomas0506workout/thomas0506_whole_session_20260506_154720.csv,thomas0506,270633,270740,db_squat,0.444,short_time_energy
datasets/workout/thomas0506workout/thomas0506_whole_session_20260506_154720.csv,thomas0506,270779,270855,db_squat,0.3154,short_time_energy
datasets/workout/thomas0506workout/thomas0506_whole_session_20260506_154720.csv,thomas0506,270855,270967,db_squat,0.3949,short_time_energy
datasets/workout/thomas0506workout/thomas0506_whole_session_20260506_154720.csv,thomas0506,271024,271108,db_squat,0.3077,short_time_energy
datasets/workout/thomas0506workout/thomas0506_whole_session_20260506_154720.csv,thomas0506,271108,271267,db_squat,0.5191,short_time_energy
datasets/workout/thomas0506workout/thomas0506_whole_session_20260506_154720.csv,thomas0506,271267,271355,db_squat,0.3682,short_time_energy
datasets/workout/thomas0506workout/thomas0506_whole_session_20260506_154720.csv,thomas0506,271355,271448,db_squat,0.3377,short_time_energy
datasets/workout/thomas0506workout/thomas0506_whole_session_20260506_154720.csv,thomas0506,271495,271572,db_squat,0.3565,short_time_energy
datasets/workout/thomas0506workout/thomas0506_whole_session_20260506_154720.csv,thomas0506,271572,271693,db_squat,0.3754,short_time_energy
datasets/workout/thomas0506workout/thomas0506_whole_session_20260506_154720.csv,thomas0506,271739,271844,db_squat,0.3875,short_time_energy
datasets/workout/thomas0506workout/thomas0506_whole_session_20260506_154720.csv,thomas0506,271844,271945,db_squat,0.3308,short_time_energy
datasets/workout/thomas0506workout/thomas0506_whole_session_20260506_154720.csv,thomas0506,271987,272097,db_squat,0.4348,short_time_energy
datasets/workout/thomas0506workout/thomas0506_whole_session_20260506_154720.csv,thomas0506,272097,272198,db_squat,0.3607,short_time_energy
datasets/workout/thomas0506workout/thomas0506_whole_session_20260506_154720.csv,thomas0506,272198,272329,db_squat,0.5671,short_time_energy
datasets/workout/thomas0506workout/thomas0506_whole_session_20260506_154720.csv,thomas0506,272329,272431,db_squat,0.3502,short_time_energy
datasets/workout/thomas0506workout/thomas0506_whole_session_20260506_154720.csv,thomas0506,272477,272579,db_squat,0.4163,short_time_energy
datasets/workout/thomas0506workout/thomas0506_whole_session_20260506_154720.csv,thomas0506,272579,272669,db_squat,0.3333,short_time_energy
datasets/workout/thomas0506workout/thomas0506_whole_session_20260506_154720.csv,thomas0506,272718,272803,db_squat,0.3512,short_time_energy
datasets/workout/thomas0506workout/thomas0506_whole_session_20260506_154720.csv,thomas0506,272803,272905,db_squat,0.3117,short_time_energy
datasets/workout/thomas0506workout/thomas0506_whole_session_20260506_154720.csv,thomas0506,272943,273019,db_squat,0.3423,short_time_energy
datasets/workout/thomas0506workout/thomas0506_whole_session_20260506_154720.csv,thomas0506,273019,273103,db_squat,0.2624,short_time_energy
datasets/workout/thomas0506workout/thomas0506_whole_session_20260506_154720.csv,thomas0506,273103,273151,db_squat,0.2807,short_time_energy
datasets/workout/thomas0506workout/thomas0506_whole_session_20260506_154720.csv,thomas0506,273151,273294,db_squat,0.2869,short_time_energy
datasets/workout/thomas0506workout/thomas0506_whole_session_20260506_154720.csv,thomas0506,278711,278814,db_squat,0.4459,short_time_energy
datasets/workout/thomas0506workout/thomas0506_whole_session_20260506_154720.csv,thomas0506,278814,278885,db_squat,0.3074,short_time_energy
datasets/workout/thomas0506workout/thomas0506_whole_session_20260506_154720.csv,thomas0506,278885,279047,db_squat,0.6157,short_time_energy
datasets/workout/thomas0506workout/thomas0506_whole_session_20260506_154720.csv,thomas0506,279047,279110,db_squat,0.2751,short_time_energy
datasets/workout/thomas0506workout/thomas0506_whole_session_20260506_154720.csv,thomas0506,279110,279206,db_squat,0.3238,short_time_energy
datasets/workout/thomas0506workout/thomas0506_whole_session_20260506_154720.csv,thomas0506,279206,279287,db_squat,0.3568,short_time_energy
datasets/workout/thomas0506workout/thomas0506_whole_session_20260506_154720.csv,thomas0506,279287,279363,db_squat,0.2839,short_time_energy
datasets/workout/thomas0506workout/thomas0506_whole_session_20260506_154720.csv,thomas0506,279363,279422,db_squat,0.2599,short_time_energy
datasets/workout/thomas0506workout/thomas0506_whole_session_20260506_154720.csv,thomas0506,279422,279507,db_squat,0.3744,short_time_energy
datasets/workout/thomas0506workout/thomas0506_whole_session_20260506_154720.csv,thomas0506,279560,279749,db_squat,0.672,short_time_energy
datasets/workout/thomas0506workout/thomas0506_whole_session_20260506_154720.csv,thomas0506,279894,279982,db_squat,0.3492,short_time_energy
datasets/workout/thomas0506workout/thomas0506_whole_session_20260506_154720.csv,thomas0506,279982,280070,db_squat,0.3077,short_time_energy
datasets/workout/thomas0506workout/thomas0506_whole_session_20260506_154720.csv,thomas0506,280123,280207,db_squat,0.3818,short_time_energy
datasets/workout/thomas0506workout/thomas0506_whole_session_20260506_154720.csv,thomas0506,280207,280270,db_squat,0.2864,short_time_energy
datasets/workout/thomas0506workout/thomas0506_whole_session_20260506_154720.csv,thomas0506,280270,280343,db_squat,0.2574,short_time_energy
datasets/workout/thomas0506workout/thomas0506_whole_session_20260506_154720.csv,thomas0506,280424,280483,db_squat,0.2622,short_time_energy
datasets/workout/thomas0506workout/thomas0506_whole_session_20260506_154720.csv,thomas0506,280483,280624,db_squat,0.5571,short_time_energy
datasets/workout/thomas0506workout/thomas0506_whole_session_20260506_154720.csv,thomas0506,280624,280694,db_squat,0.369,short_time_energy
datasets/workout/thomas0506workout/thomas0506_whole_session_20260506_154720.csv,thomas0506,280694,280769,db_squat,0.3219,short_time_energy
datasets/workout/thomas0506workout/thomas0506_whole_session_20260506_154720.csv,thomas0506,280769,280847,db_squat,0.3348,short_time_energy
datasets/workout/thomas0506workout/thomas0506_whole_session_20260506_154720.csv,thomas0506,280900,281002,db_squat,0.2912,short_time_energy
datasets/workout/thomas0506workout/thomas0506_whole_session_20260506_154720.csv,thomas0506,281002,281067,db_squat,0.2766,short_time_energy
datasets/workout/thomas0506workout/thomas0506_whole_session_20260506_154720.csv,thomas0506,281067,281126,db_squat,0.2511,short_time_energy
datasets/workout/thomas0506workout/thomas0506_whole_session_20260506_154720.csv,thomas0506,281202,281285,db_squat,0.4586,short_time_energy
datasets/workout/thomas0506workout/thomas0506_whole_session_20260506_154720.csv,thomas0506,281285,281342,db_squat,0.3149,short_time_energy
datasets/workout/yanz0510workout/yanz0510workout_whole_session_20260510_222208.csv,yanz0510workout,934,1045,db_bench_press,0.3236,short_time_energy
datasets/workout/yanz0510workout/yanz0510workout_whole_session_20260510_222208.csv,yanz0510workout,1045,1151,db_bench_press,0.3259,short_time_energy
datasets/workout/yanz0510workout/yanz0510workout_whole_session_20260510_222208.csv,yanz0510workout,1255,1373,db_bench_press,0.3179,short_time_energy
datasets/workout/yanz0510workout/yanz0510workout_whole_session_20260510_222208.csv,yanz0510workout,1373,1464,db_bench_press,0.2791,short_time_energy
datasets/workout/yanz0510workout/yanz0510workout_whole_session_20260510_222208.csv,yanz0510workout,1571,1682,db_bench_press,0.3405,short_time_energy
datasets/workout/yanz0510workout/yanz0510workout_whole_session_20260510_222208.csv,yanz0510workout,1682,1797,db_bench_press,0.3553,short_time_energy
datasets/workout/yanz0510workout/yanz0510workout_whole_session_20260510_222208.csv,yanz0510workout,2151,2256,db_bench_press,0.2893,short_time_energy
datasets/workout/yanz0510workout/yanz0510workout_whole_session_20260510_222208.csv,yanz0510workout,2256,2403,db_bench_press,0.2655,short_time_energy
datasets/workout/yanz0510workout/yanz0510workout_whole_session_20260510_222208.csv,yanz0510workout,2465,2609,db_bench_press,0.4377,short_time_energy
datasets/workout/yanz0510workout/yanz0510workout_whole_session_20260510_222208.csv,yanz0510workout,2609,2692,db_bench_press,0.2523,short_time_energy
datasets/workout/yanz0510workout/yanz0510workout_whole_session_20260510_222208.csv,yanz0510workout,2735,2843,db_bench_press,0.2967,short_time_energy
datasets/workout/yanz0510workout/yanz0510workout_whole_session_20260510_222208.csv,yanz0510workout,2843,2956,db_bench_press,0.3104,short_time_energy
datasets/workout/yanz0510workout/yanz0510workout_whole_session_20260510_222208.csv,yanz0510workout,2956,3089,db_bench_press,0.2519,short_time_energy
datasets/workout/yanz0510workout/yanz0510workout_whole_session_20260510_222208.csv,yanz0510workout,3165,3300,db_bench_press,0.3947,short_time_energy
datasets/workout/yanz0510workout/yanz0510workout_whole_session_20260510_222208.csv,yanz0510workout,3300,3443,db_bench_press,0.2532,short_time_energy
datasets/workout/yanz0510workout/yanz0510workout_whole_session_20260510_222208.csv,yanz0510workout,3443,3531,db_bench_press,0.2566,short_time_energy
datasets/workout/yanz0510workout/yanz0510workout_whole_session_20260510_222208.csv,yanz0510workout,3531,3645,db_bench_press,0.3324,short_time_energy
datasets/workout/yanz0510workout/yanz0510workout_whole_session_20260510_222208.csv,yanz0510workout,3645,3762,db_bench_press,0.2637,short_time_energy
datasets/workout/yanz0510workout/yanz0510workout_whole_session_20260510_222208.csv,yanz0510workout,3762,3840,db_bench_press,0.2662,short_time_energy
datasets/workout/yanz0510workout/yanz0510workout_whole_session_20260510_222208.csv,yanz0510workout,3840,3971,db_bench_press,0.4471,short_time_energy
datasets/workout/yanz0510workout/yanz0510workout_whole_session_20260510_222208.csv,yanz0510workout,4062,4195,db_bench_press,0.3325,short_time_energy
datasets/workout/yanz0510workout/yanz0510workout_whole_session_20260510_222208.csv,yanz0510workout,4195,4301,db_bench_press,0.265,short_time_energy
datasets/workout/yanz0510workout/yanz0510workout_whole_session_20260510_222208.csv,yanz0510workout,4301,4414,db_bench_press,0.2825,short_time_energy
datasets/workout/yanz0510workout/yanz0510workout_whole_session_20260510_222208.csv,yanz0510workout,12451,12675,db_bench_press,0.2527,short_time_energy
datasets/workout/yanz0510workout/yanz0510workout_whole_session_20260510_222208.csv,yanz0510workout,12675,12754,db_bench_press,0.3198,short_time_energy
datasets/workout/yanz0510workout/yanz0510workout_whole_session_20260510_222208.csv,yanz0510workout,12896,13040,db_bench_press,0.4,short_time_energy
datasets/workout/yanz0510workout/yanz0510workout_whole_session_20260510_222208.csv,yanz0510workout,13040,13247,db_bench_press,0.35,short_time_energy
datasets/workout/yanz0510workout/yanz0510workout_whole_session_20260510_222208.csv,yanz0510workout,13247,13404,db_bench_press,0.3896,short_time_energy
datasets/workout/yanz0510workout/yanz0510workout_whole_session_20260510_222208.csv,yanz0510workout,13629,13870,db_bench_press,0.483,short_time_energy
datasets/workout/yanz0510workout/yanz0510workout_whole_session_20260510_222208.csv,yanz0510workout,14420,14601,db_bench_press,0.3071,short_time_energy
datasets/workout/yanz0510workout/yanz0510workout_whole_session_20260510_222208.csv,yanz0510workout,14601,14728,db_bench_press,0.3451,short_time_energy
datasets/workout/yanz0510workout/yanz0510workout_whole_session_20260510_222208.csv,yanz0510workout,14728,14828,db_bench_press,0.2717,short_time_energy
datasets/workout/yanz0510workout/yanz0510workout_whole_session_20260510_222208.csv,yanz0510workout,14892,15045,db_bench_press,0.4146,short_time_energy
datasets/workout/yanz0510workout/yanz0510workout_whole_session_20260510_222208.csv,yanz0510workout,15878,16045,db_bench_press,0.4955,short_time_energy
datasets/workout/yanz0510workout/yanz0510workout_whole_session_20260510_222208.csv,yanz0510workout,16256,16395,db_bench_press,0.3819,short_time_energy
datasets/workout/yanz0510workout/yanz0510workout_whole_session_20260510_222208.csv,yanz0510workout,16395,16564,db_bench_press,0.4251,short_time_energy
datasets/workout/yanz0510workout/yanz0510workout_whole_session_20260510_222208.csv,yanz0510workout,16620,16826,db_bench_press,0.5869,short_time_energy
datasets/workout/yanz0510workout/yanz0510workout_whole_session_20260510_222208.csv,yanz0510workout,16960,17111,db_bench_press,0.4137,short_time_energy
datasets/workout/yanz0510workout/yanz0510workout_whole_session_20260510_222208.csv,yanz0510workout,17111,17205,db_bench_press,0.2575,short_time_energy
datasets/workout/yanz0510workout/yanz0510workout_whole_session_20260510_222208.csv,yanz0510workout,34077,34246,db_bench_press,0.3055,short_time_energy
datasets/workout/yanz0510workout/yanz0510workout_whole_session_20260510_222208.csv,yanz0510workout,34246,34366,db_bench_press,0.3315,short_time_energy
datasets/workout/yanz0510workout/yanz0510workout_whole_session_20260510_222208.csv,yanz0510workout,34437,34554,db_bench_press,0.2911,short_time_energy
datasets/workout/yanz0510workout/yanz0510workout_whole_session_20260510_222208.csv,yanz0510workout,34554,34698,db_bench_press,0.4586,short_time_energy
datasets/workout/yanz0510workout/yanz0510workout_whole_session_20260510_222208.csv,yanz0510workout,34761,34888,db_bench_press,0.2857,short_time_energy
datasets/workout/yanz0510workout/yanz0510workout_whole_session_20260510_222208.csv,yanz0510workout,34888,35012,db_bench_press,0.3987,short_time_energy
datasets/workout/yanz0510workout/yanz0510workout_whole_session_20260510_222208.csv,yanz0510workout,35081,35185,db_bench_press,0.273,short_time_energy
datasets/workout/yanz0510workout/yanz0510workout_whole_session_20260510_222208.csv,yanz0510workout,35229,35347,db_bench_press,0.3598,short_time_energy
datasets/workout/yanz0510workout/yanz0510workout_whole_session_20260510_222208.csv,yanz0510workout,35591,35697,db_bench_press,0.2944,short_time_energy
datasets/workout/yanz0510workout/yanz0510workout_whole_session_20260510_222208.csv,yanz0510workout,35697,35796,db_bench_press,0.275,short_time_energy
datasets/workout/yanz0510workout/yanz0510workout_whole_session_20260510_222208.csv,yanz0510workout,36600,36777,db_bench_press,0.5347,short_time_energy
datasets/workout/yanz0510workout/yanz0510workout_whole_session_20260510_222208.csv,yanz0510workout,37005,37209,db_bench_press,0.5191,short_time_energy
datasets/workout/yanz0510workout/yanz0510workout_whole_session_20260510_222208.csv,yanz0510workout,37364,37449,db_bench_press,0.2833,short_time_energy
datasets/workout/yanz0510workout/yanz0510workout_whole_session_20260510_222208.csv,yanz0510workout,37449,37562,db_bench_press,0.3767,short_time_energy
datasets/workout/yanz0510workout/yanz0510workout_whole_session_20260510_222208.csv,yanz0510workout,37703,37830,db_bench_press,0.3009,short_time_energy
datasets/workout/yanz0510workout/yanz0510workout_whole_session_20260510_222208.csv,yanz0510workout,37830,38006,db_bench_press,0.4171,short_time_energy
datasets/workout/yanz0510workout/yanz0510workout_whole_session_20260510_222208.csv,yanz0510workout,45225,45304,db_bench_press,0.266,short_time_energy
datasets/workout/yanz0510workout/yanz0510workout_whole_session_20260510_222208.csv,yanz0510workout,45419,45641,db_bench_press,0.6133,short_time_energy
datasets/workout/yanz0510workout/yanz0510workout_whole_session_20260510_222208.csv,yanz0510workout,45769,45916,db_bench_press,0.3808,short_time_energy
datasets/workout/yanz0510workout/yanz0510workout_whole_session_20260510_222208.csv,yanz0510workout,45916,46014,db_bench_press,0.2539,short_time_energy
datasets/workout/yanz0510workout/yanz0510workout_whole_session_20260510_222208.csv,yanz0510workout,46014,46118,db_bench_press,0.2629,short_time_energy
datasets/workout/yanz0510workout/yanz0510workout_whole_session_20260510_222208.csv,yanz0510workout,46118,46278,db_bench_press,0.4734,short_time_energy
datasets/workout/yanz0510workout/yanz0510workout_whole_session_20260510_222208.csv,yanz0510workout,46351,46507,db_bench_press,0.2634,short_time_energy
datasets/workout/yanz0510workout/yanz0510workout_whole_session_20260510_222208.csv,yanz0510workout,46507,46647,db_bench_press,0.4321,short_time_energy
datasets/workout/yanz0510workout/yanz0510workout_whole_session_20260510_222208.csv,yanz0510workout,46859,47009,db_bench_press,0.3916,short_time_energy
datasets/workout/yanz0510workout/yanz0510workout_whole_session_20260510_222208.csv,yanz0510workout,47188,47351,db_bench_press,0.4503,short_time_energy
datasets/workout/yanz0510workout/yanz0510workout_whole_session_20260510_222208.csv,yanz0510workout,47351,47445,db_bench_press,0.2597,short_time_energy
datasets/workout/yanz0510workout/yanz0510workout_whole_session_20260510_222208.csv,yanz0510workout,47576,47691,db_bench_press,0.3212,short_time_energy
datasets/workout/yanz0510workout/yanz0510workout_whole_session_20260510_222208.csv,yanz0510workout,47691,47789,db_bench_press,0.2737,short_time_energy
datasets/workout/yanz0510workout/yanz0510workout_whole_session_20260510_222208.csv,yanz0510workout,47948,48061,db_bench_press,0.3148,short_time_energy
datasets/workout/yanz0510workout/yanz0510workout_whole_session_20260510_222208.csv,yanz0510workout,48061,48158,db_bench_press,0.2702,short_time_energy
datasets/workout/yanz0510workout/yanz0510workout_whole_session_20260510_222208.csv,yanz0510workout,48274,48424,db_bench_press,0.4335,short_time_energy
datasets/workout/yanz0510workout/yanz0510workout_whole_session_20260510_222208.csv,yanz0510workout,55535,55733,db_bench_press,0.2955,short_time_energy
datasets/workout/yanz0510workout/yanz0510workout_whole_session_20260510_222208.csv,yanz0510workout,55733,55856,db_bench_press,0.514,short_time_energy
datasets/workout/yanz0510workout/yanz0510workout_whole_session_20260510_222208.csv,yanz0510workout,55881,55991,db_bench_press,0.3716,short_time_energy
datasets/workout/yanz0510workout/yanz0510workout_whole_session_20260510_222208.csv,yanz0510workout,56204,56338,db_bench_press,0.3785,short_time_energy
datasets/workout/yanz0510workout/yanz0510workout_whole_session_20260510_222208.csv,yanz0510workout,56338,56456,db_bench_press,0.3333,short_time_energy
datasets/workout/yanz0510workout/yanz0510workout_whole_session_20260510_222208.csv,yanz0510workout,56676,56768,db_bench_press,0.3087,short_time_energy
datasets/workout/yanz0510workout/yanz0510workout_whole_session_20260510_222208.csv,yanz0510workout,56831,56936,db_bench_press,0.3182,short_time_energy
datasets/workout/yanz0510workout/yanz0510workout_whole_session_20260510_222208.csv,yanz0510workout,56936,57026,db_bench_press,0.2727,short_time_energy
datasets/workout/yanz0510workout/yanz0510workout_whole_session_20260510_222208.csv,yanz0510workout,57172,57363,db_bench_press,0.5753,short_time_energy
datasets/workout/yanz0510workout/yanz0510workout_whole_session_20260510_222208.csv,yanz0510workout,57537,57693,db_bench_press,0.4727,short_time_energy
datasets/workout/yanz0510workout/yanz0510workout_whole_session_20260510_222208.csv,yanz0510workout,57693,57786,db_bench_press,0.2703,short_time_energy
datasets/workout/yanz0510workout/yanz0510workout_whole_session_20260510_222208.csv,yanz0510workout,57824,57985,db_bench_press,0.5177,short_time_energy
datasets/workout/yanz0510workout/yanz0510workout_whole_session_20260510_222208.csv,yanz0510workout,57985,58138,db_bench_press,0.307,short_time_energy
datasets/workout/yanz0510workout/yanz0510workout_whole_session_20260510_222208.csv,yanz0510workout,58138,58267,db_bench_press,0.5202,short_time_energy
datasets/workout/yanz0510workout/yanz0510workout_whole_session_20260510_222208.csv,yanz0510workout,58325,58483,db_bench_press,0.7306,short_time_energy
datasets/workout/yanz0510workout/yanz0510workout_whole_session_20260510_222208.csv,yanz0510workout,58582,58805,db_bench_press,0.7038,short_time_energy
datasets/workout/yanz0510workout/yanz0510workout_whole_session_20260510_222208.csv,yanz0510workout,58849,58984,db_bench_press,0.4066,short_time_energy
datasets/workout/yanz0510workout/yanz0510workout_whole_session_20260510_222208.csv,yanz0510workout,58984,59144,db_bench_press,0.3667,short_time_energy
datasets/workout/yanz0510workout/yanz0510workout_whole_session_20260510_222208.csv,yanz0510workout,78615,78827,one_arm_db_row,0.436,short_time_energy
datasets/workout/yanz0510workout/yanz0510workout_whole_session_20260510_222208.csv,yanz0510workout,79058,79173,one_arm_db_row,0.3314,short_time_energy
datasets/workout/yanz0510workout/yanz0510workout_whole_session_20260510_222208.csv,yanz0510workout,79391,79485,one_arm_db_row,0.3023,short_time_energy
datasets/workout/yanz0510workout/yanz0510workout_whole_session_20260510_222208.csv,yanz0510workout,79794,79881,one_arm_db_row,0.2669,short_time_energy
datasets/workout/yanz0510workout/yanz0510workout_whole_session_20260510_222208.csv,yanz0510workout,80000,80095,one_arm_db_row,0.348,short_time_energy
datasets/workout/yanz0510workout/yanz0510workout_whole_session_20260510_222208.csv,yanz0510workout,80095,80192,one_arm_db_row,0.3553,short_time_energy
datasets/workout/yanz0510workout/yanz0510workout_whole_session_20260510_222208.csv,yanz0510workout,80305,80394,one_arm_db_row,0.2738,short_time_energy
datasets/workout/yanz0510workout/yanz0510workout_whole_session_20260510_222208.csv,yanz0510workout,80455,80623,one_arm_db_row,0.2839,short_time_energy
datasets/workout/yanz0510workout/yanz0510workout_whole_session_20260510_222208.csv,yanz0510workout,80623,80735,one_arm_db_row,0.3601,short_time_energy
datasets/workout/yanz0510workout/yanz0510workout_whole_session_20260510_222208.csv,yanz0510workout,80735,80814,one_arm_db_row,0.254,short_time_energy
datasets/workout/yanz0510workout/yanz0510workout_whole_session_20260510_222208.csv,yanz0510workout,80953,81036,one_arm_db_row,0.2594,short_time_energy
datasets/workout/yanz0510workout/yanz0510workout_whole_session_20260510_222208.csv,yanz0510workout,81036,81118,one_arm_db_row,0.2562,short_time_energy
datasets/workout/yanz0510workout/yanz0510workout_whole_session_20260510_222208.csv,yanz0510workout,81269,81357,one_arm_db_row,0.2953,short_time_energy
datasets/workout/yanz0510workout/yanz0510workout_whole_session_20260510_222208.csv,yanz0510workout,81568,81661,one_arm_db_row,0.3444,short_time_energy
datasets/workout/yanz0510workout/yanz0510workout_whole_session_20260510_222208.csv,yanz0510workout,81661,81732,one_arm_db_row,0.263,short_time_energy
datasets/workout/yanz0510workout/yanz0510workout_whole_session_20260510_222208.csv,yanz0510workout,81732,81858,one_arm_db_row,0.2896,short_time_energy
datasets/workout/yanz0510workout/yanz0510workout_whole_session_20260510_222208.csv,yanz0510workout,81858,81949,one_arm_db_row,0.3064,short_time_energy
datasets/workout/yanz0510workout/yanz0510workout_whole_session_20260510_222208.csv,yanz0510workout,81949,82043,one_arm_db_row,0.3165,short_time_energy
datasets/workout/yanz0510workout/yanz0510workout_whole_session_20260510_222208.csv,yanz0510workout,82043,82160,one_arm_db_row,0.2688,short_time_energy
datasets/workout/yanz0510workout/yanz0510workout_whole_session_20260510_222208.csv,yanz0510workout,82160,82250,one_arm_db_row,0.2535,short_time_energy
datasets/workout/yanz0510workout/yanz0510workout_whole_session_20260510_222208.csv,yanz0510workout,82250,82359,one_arm_db_row,0.307,short_time_energy
datasets/workout/yanz0510workout/yanz0510workout_whole_session_20260510_222208.csv,yanz0510workout,88471,88667,one_arm_db_row,0.2978,short_time_energy
datasets/workout/yanz0510workout/yanz0510workout_whole_session_20260510_222208.csv,yanz0510workout,88667,88747,one_arm_db_row,0.3008,short_time_energy
datasets/workout/yanz0510workout/yanz0510workout_whole_session_20260510_222208.csv,yanz0510workout,88747,88870,one_arm_db_row,0.2589,short_time_energy
datasets/workout/yanz0510workout/yanz0510workout_whole_session_20260510_222208.csv,yanz0510workout,88870,88948,one_arm_db_row,0.2583,short_time_energy
datasets/workout/yanz0510workout/yanz0510workout_whole_session_20260510_222208.csv,yanz0510workout,88948,89036,one_arm_db_row,0.2914,short_time_energy
datasets/workout/yanz0510workout/yanz0510workout_whole_session_20260510_222208.csv,yanz0510workout,89036,89144,one_arm_db_row,0.2934,short_time_energy
datasets/workout/yanz0510workout/yanz0510workout_whole_session_20260510_222208.csv,yanz0510workout,89144,89215,one_arm_db_row,0.3047,short_time_energy
datasets/workout/yanz0510workout/yanz0510workout_whole_session_20260510_222208.csv,yanz0510workout,89215,89382,one_arm_db_row,0.581,short_time_energy
datasets/workout/yanz0510workout/yanz0510workout_whole_session_20260510_222208.csv,yanz0510workout,89382,89466,one_arm_db_row,0.3158,short_time_energy
datasets/workout/yanz0510workout/yanz0510workout_whole_session_20260510_222208.csv,yanz0510workout,89466,89562,one_arm_db_row,0.3609,short_time_energy
datasets/workout/yanz0510workout/yanz0510workout_whole_session_20260510_222208.csv,yanz0510workout,89562,89755,one_arm_db_row,0.3649,short_time_energy
datasets/workout/yanz0510workout/yanz0510workout_whole_session_20260510_222208.csv,yanz0510workout,89755,89839,one_arm_db_row,0.2979,short_time_energy
datasets/workout/yanz0510workout/yanz0510workout_whole_session_20260510_222208.csv,yanz0510workout,90000,90229,one_arm_db_row,0.4451,short_time_energy
datasets/workout/yanz0510workout/yanz0510workout_whole_session_20260510_222208.csv,yanz0510workout,90295,90492,one_arm_db_row,0.4743,short_time_energy
datasets/workout/yanz0510workout/yanz0510workout_whole_session_20260510_222208.csv,yanz0510workout,90492,90662,one_arm_db_row,0.6589,short_time_energy
datasets/workout/yanz0510workout/yanz0510workout_whole_session_20260510_222208.csv,yanz0510workout,90767,90860,one_arm_db_row,0.347,short_time_energy
datasets/workout/yanz0510workout/yanz0510workout_whole_session_20260510_222208.csv,yanz0510workout,90860,91045,one_arm_db_row,0.3896,short_time_energy
datasets/workout/yanz0510workout/yanz0510workout_whole_session_20260510_222208.csv,yanz0510workout,91104,91187,one_arm_db_row,0.323,short_time_energy
datasets/workout/yanz0510workout/yanz0510workout_whole_session_20260510_222208.csv,yanz0510workout,91291,91377,one_arm_db_row,0.3333,short_time_energy
datasets/workout/yanz0510workout/yanz0510workout_whole_session_20260510_222208.csv,yanz0510workout,91377,91454,one_arm_db_row,0.2984,short_time_energy
datasets/workout/yanz0510workout/yanz0510workout_whole_session_20260510_222208.csv,yanz0510workout,91566,91663,one_arm_db_row,0.3333,short_time_energy
datasets/workout/yanz0510workout/yanz0510workout_whole_session_20260510_222208.csv,yanz0510workout,91663,91743,one_arm_db_row,0.2749,short_time_energy
datasets/workout/yanz0510workout/yanz0510workout_whole_session_20260510_222208.csv,yanz0510workout,98602,98916,one_arm_db_row,0.7643,short_time_energy
datasets/workout/yanz0510workout/yanz0510workout_whole_session_20260510_222208.csv,yanz0510workout,98916,99208,one_arm_db_row,0.7245,short_time_energy
datasets/workout/yanz0510workout/yanz0510workout_whole_session_20260510_222208.csv,yanz0510workout,99208,99449,one_arm_db_row,0.6689,short_time_energy
datasets/workout/yanz0510workout/yanz0510workout_whole_session_20260510_222208.csv,yanz0510workout,99449,99684,one_arm_db_row,0.7246,short_time_energy
datasets/workout/yanz0510workout/yanz0510workout_whole_session_20260510_222208.csv,yanz0510workout,99684,99993,one_arm_db_row,0.7093,short_time_energy
datasets/workout/yanz0510workout/yanz0510workout_whole_session_20260510_222208.csv,yanz0510workout,99993,100139,one_arm_db_row,0.5551,short_time_energy
datasets/workout/yanz0510workout/yanz0510workout_whole_session_20260510_222208.csv,yanz0510workout,100215,100330,one_arm_db_row,0.3698,short_time_energy
datasets/workout/yanz0510workout/yanz0510workout_whole_session_20260510_222208.csv,yanz0510workout,100330,100541,one_arm_db_row,0.4914,short_time_energy
datasets/workout/yanz0510workout/yanz0510workout_whole_session_20260510_222208.csv,yanz0510workout,100541,100606,one_arm_db_row,0.2982,short_time_energy
datasets/workout/yanz0510workout/yanz0510workout_whole_session_20260510_222208.csv,yanz0510workout,100606,100747,one_arm_db_row,0.4653,short_time_energy
datasets/workout/yanz0510workout/yanz0510workout_whole_session_20260510_222208.csv,yanz0510workout,100747,101075,one_arm_db_row,0.6535,short_time_energy
datasets/workout/yanz0510workout/yanz0510workout_whole_session_20260510_222208.csv,yanz0510workout,101075,101370,one_arm_db_row,0.5115,short_time_energy
datasets/workout/yanz0510workout/yanz0510workout_whole_session_20260510_222208.csv,yanz0510workout,101370,101635,one_arm_db_row,0.5333,short_time_energy
datasets/workout/yanz0510workout/yanz0510workout_whole_session_20260510_222208.csv,yanz0510workout,101635,101782,one_arm_db_row,0.525,short_time_energy
datasets/workout/yanz0510workout/yanz0510workout_whole_session_20260510_222208.csv,yanz0510workout,131358,131556,db_rdl,0.4438,short_time_energy
datasets/workout/yanz0510workout/yanz0510workout_whole_session_20260510_222208.csv,yanz0510workout,131556,131696,db_rdl,0.462,short_time_energy
datasets/workout/yanz0510workout/yanz0510workout_whole_session_20260510_222208.csv,yanz0510workout,131741,131860,db_rdl,0.3005,short_time_energy
datasets/workout/yanz0510workout/yanz0510workout_whole_session_20260510_222208.csv,yanz0510workout,131860,132027,db_rdl,0.4217,short_time_energy
datasets/workout/yanz0510workout/yanz0510workout_whole_session_20260510_222208.csv,yanz0510workout,132074,132299,db_rdl,0.4681,short_time_energy
datasets/workout/yanz0510workout/yanz0510workout_whole_session_20260510_222208.csv,yanz0510workout,132299,132484,db_rdl,0.4672,short_time_energy
datasets/workout/yanz0510workout/yanz0510workout_whole_session_20260510_222208.csv,yanz0510workout,132690,132898,db_rdl,0.4612,short_time_energy
datasets/workout/yanz0510workout/yanz0510workout_whole_session_20260510_222208.csv,yanz0510workout,132898,133129,db_rdl,0.3987,short_time_energy
datasets/workout/yanz0510workout/yanz0510workout_whole_session_20260510_222208.csv,yanz0510workout,133129,133288,db_rdl,0.3936,short_time_energy
datasets/workout/yanz0510workout/yanz0510workout_whole_session_20260510_222208.csv,yanz0510workout,133432,133546,db_rdl,0.2633,short_time_energy
datasets/workout/yanz0510workout/yanz0510workout_whole_session_20260510_222208.csv,yanz0510workout,133546,133722,db_rdl,0.4065,short_time_energy
datasets/workout/yanz0510workout/yanz0510workout_whole_session_20260510_222208.csv,yanz0510workout,133722,133962,db_rdl,0.3711,short_time_energy
datasets/workout/yanz0510workout/yanz0510workout_whole_session_20260510_222208.csv,yanz0510workout,133962,134114,db_rdl,0.3671,short_time_energy
datasets/workout/yanz0510workout/yanz0510workout_whole_session_20260510_222208.csv,yanz0510workout,134268,134480,db_rdl,0.5381,short_time_energy
datasets/workout/yanz0510workout/yanz0510workout_whole_session_20260510_222208.csv,yanz0510workout,134553,134821,db_rdl,0.4978,short_time_energy
datasets/workout/yanz0510workout/yanz0510workout_whole_session_20260510_222208.csv,yanz0510workout,135092,135385,db_rdl,0.6736,short_time_energy
datasets/workout/yanz0510workout/yanz0510workout_whole_session_20260510_222208.csv,yanz0510workout,135455,135671,db_rdl,0.54,short_time_energy
datasets/workout/yanz0510workout/yanz0510workout_whole_session_20260510_222208.csv,yanz0510workout,135671,135795,db_rdl,0.31,short_time_energy
datasets/workout/yanz0510workout/yanz0510workout_whole_session_20260510_222208.csv,yanz0510workout,136029,136145,db_rdl,0.2967,short_time_energy
datasets/workout/yanz0510workout/yanz0510workout_whole_session_20260510_222208.csv,yanz0510workout,136329,136509,db_rdl,0.3766,short_time_energy
datasets/workout/yanz0510workout/yanz0510workout_whole_session_20260510_222208.csv,yanz0510workout,136797,137110,db_rdl,0.5266,short_time_energy
datasets/workout/yanz0510workout/yanz0510workout_whole_session_20260510_222208.csv,yanz0510workout,144893,145028,db_rdl,0.4103,short_time_energy
datasets/workout/yanz0510workout/yanz0510workout_whole_session_20260510_222208.csv,yanz0510workout,145028,145146,db_rdl,0.3587,short_time_energy
datasets/workout/yanz0510workout/yanz0510workout_whole_session_20260510_222208.csv,yanz0510workout,145361,145525,db_rdl,0.4881,short_time_energy
datasets/workout/yanz0510workout/yanz0510workout_whole_session_20260510_222208.csv,yanz0510workout,145636,145737,db_rdl,0.2617,short_time_energy
datasets/workout/yanz0510workout/yanz0510workout_whole_session_20260510_222208.csv,yanz0510workout,145737,145882,db_rdl,0.3756,short_time_energy
datasets/workout/yanz0510workout/yanz0510workout_whole_session_20260510_222208.csv,yanz0510workout,146007,146119,db_rdl,0.3019,short_time_energy
datasets/workout/yanz0510workout/yanz0510workout_whole_session_20260510_222208.csv,yanz0510workout,146170,146272,db_rdl,0.2749,short_time_energy
datasets/workout/yanz0510workout/yanz0510workout_whole_session_20260510_222208.csv,yanz0510workout,146771,146956,db_rdl,0.4436,short_time_energy
datasets/workout/yanz0510workout/yanz0510workout_whole_session_20260510_222208.csv,yanz0510workout,147191,147470,db_rdl,0.6739,short_time_energy
datasets/workout/yanz0510workout/yanz0510workout_whole_session_20260510_222208.csv,yanz0510workout,147581,147750,db_rdl,0.3921,short_time_energy
datasets/workout/yanz0510workout/yanz0510workout_whole_session_20260510_222208.csv,yanz0510workout,147750,147921,db_rdl,0.3968,short_time_energy
datasets/workout/yanz0510workout/yanz0510workout_whole_session_20260510_222208.csv,yanz0510workout,148203,148386,db_rdl,0.3961,short_time_energy
datasets/workout/yanz0510workout/yanz0510workout_whole_session_20260510_222208.csv,yanz0510workout,148491,148749,db_rdl,0.6548,short_time_energy
datasets/workout/yanz0510workout/yanz0510workout_whole_session_20260510_222208.csv,yanz0510workout,148889,149035,db_rdl,0.3596,short_time_energy
datasets/workout/yanz0510workout/yanz0510workout_whole_session_20260510_222208.csv,yanz0510workout,149298,149421,db_rdl,0.3007,short_time_energy
datasets/workout/yanz0510workout/yanz0510workout_whole_session_20260510_222208.csv,yanz0510workout,149591,149637,db_rdl,0.3103,short_time_energy
datasets/workout/yanz0510workout/yanz0510workout_whole_session_20260510_222208.csv,yanz0510workout,149637,149726,db_rdl,0.3534,short_time_energy
datasets/workout/yanz0510workout/yanz0510workout_whole_session_20260510_222208.csv,yanz0510workout,156485,156598,db_rdl,0.3831,short_time_energy
datasets/workout/yanz0510workout/yanz0510workout_whole_session_20260510_222208.csv,yanz0510workout,157011,157105,db_rdl,0.25,short_time_energy
datasets/workout/yanz0510workout/yanz0510workout_whole_session_20260510_222208.csv,yanz0510workout,157231,157327,db_rdl,0.2616,short_time_energy
datasets/workout/yanz0510workout/yanz0510workout_whole_session_20260510_222208.csv,yanz0510workout,157327,157425,db_rdl,0.267,short_time_energy
datasets/workout/yanz0510workout/yanz0510workout_whole_session_20260510_222208.csv,yanz0510workout,157681,157798,db_rdl,0.2947,short_time_energy
datasets/workout/yanz0510workout/yanz0510workout_whole_session_20260510_222208.csv,yanz0510workout,157960,158106,db_rdl,0.3914,short_time_energy
datasets/workout/yanz0510workout/yanz0510workout_whole_session_20260510_222208.csv,yanz0510workout,158353,158455,db_rdl,0.2772,short_time_energy
datasets/workout/yanz0510workout/yanz0510workout_whole_session_20260510_222208.csv,yanz0510workout,158526,158625,db_rdl,0.269,short_time_energy
datasets/workout/yanz0510workout/yanz0510workout_whole_session_20260510_222208.csv,yanz0510workout,158752,158881,db_rdl,0.3162,short_time_energy
datasets/workout/yanz0510workout/yanz0510workout_whole_session_20260510_222208.csv,yanz0510workout,159130,159272,db_rdl,0.3827,short_time_energy
datasets/workout/yanz0510workout/yanz0510workout_whole_session_20260510_222208.csv,yanz0510workout,159531,159685,db_rdl,0.3949,short_time_energy
datasets/workout/yanz0510workout/yanz0510workout_whole_session_20260510_222208.csv,yanz0510workout,160346,160468,db_rdl,0.3177,short_time_energy
datasets/workout/yanz0510workout/yanz0510workout_whole_session_20260510_222208.csv,yanz0510workout,171350,171524,db_weighted_crunch,0.5225,short_time_energy
datasets/workout/yanz0510workout/yanz0510workout_whole_session_20260510_222208.csv,yanz0510workout,172131,172276,db_weighted_crunch,0.4489,short_time_energy
datasets/workout/yanz0510workout/yanz0510workout_whole_session_20260510_222208.csv,yanz0510workout,172509,172595,db_weighted_crunch,0.2679,short_time_energy
datasets/workout/yanz0510workout/yanz0510workout_whole_session_20260510_222208.csv,yanz0510workout,172595,172720,db_weighted_crunch,0.3156,short_time_energy
datasets/workout/yanz0510workout/yanz0510workout_whole_session_20260510_222208.csv,yanz0510workout,172720,172830,db_weighted_crunch,0.2957,short_time_energy
datasets/workout/yanz0510workout/yanz0510workout_whole_session_20260510_222208.csv,yanz0510workout,172830,172967,db_weighted_crunch,0.3683,short_time_energy
datasets/workout/yanz0510workout/yanz0510workout_whole_session_20260510_222208.csv,yanz0510workout,173086,173176,db_weighted_crunch,0.2804,short_time_energy
datasets/workout/yanz0510workout/yanz0510workout_whole_session_20260510_222208.csv,yanz0510workout,173217,173319,db_weighted_crunch,0.3178,short_time_energy
datasets/workout/yanz0510workout/yanz0510workout_whole_session_20260510_222208.csv,yanz0510workout,173416,173541,db_weighted_crunch,0.3602,short_time_energy
datasets/workout/yanz0510workout/yanz0510workout_whole_session_20260510_222208.csv,yanz0510workout,173845,174094,db_weighted_crunch,0.6761,short_time_energy
datasets/workout/yanz0510workout/yanz0510workout_whole_session_20260510_222208.csv,yanz0510workout,174094,174195,db_weighted_crunch,0.2886,short_time_energy
datasets/workout/yanz0510workout/yanz0510workout_whole_session_20260510_222208.csv,yanz0510workout,174195,174288,db_weighted_crunch,0.2657,short_time_energy
datasets/workout/yanz0510workout/yanz0510workout_whole_session_20260510_222208.csv,yanz0510workout,174288,174420,db_weighted_crunch,0.3771,short_time_energy
datasets/workout/yanz0510workout/yanz0510workout_whole_session_20260510_222208.csv,yanz0510workout,174448,174595,db_weighted_crunch,0.4236,short_time_energy
datasets/workout/yanz0510workout/yanz0510workout_whole_session_20260510_222208.csv,yanz0510workout,174812,174898,db_weighted_crunch,0.2704,short_time_energy
datasets/workout/yanz0510workout/yanz0510workout_whole_session_20260510_222208.csv,yanz0510workout,174898,175005,db_weighted_crunch,0.3365,short_time_energy
datasets/workout/yanz0510workout/yanz0510workout_whole_session_20260510_222208.csv,yanz0510workout,175137,175267,db_weighted_crunch,0.3291,short_time_energy
datasets/workout/yanz0510workout/yanz0510workout_whole_session_20260510_222208.csv,yanz0510workout,175267,175473,db_weighted_crunch,0.5215,short_time_energy
datasets/workout/yanz0510workout/yanz0510workout_whole_session_20260510_222208.csv,yanz0510workout,180517,180747,db_weighted_crunch,0.2834,short_time_energy
datasets/workout/yanz0510workout/yanz0510workout_whole_session_20260510_222208.csv,yanz0510workout,180774,180859,db_weighted_crunch,0.3527,short_time_energy
datasets/workout/yanz0510workout/yanz0510workout_whole_session_20260510_222208.csv,yanz0510workout,180859,181016,db_weighted_crunch,0.4138,short_time_energy
datasets/workout/yanz0510workout/yanz0510workout_whole_session_20260510_222208.csv,yanz0510workout,181016,181096,db_weighted_crunch,0.2721,short_time_energy
datasets/workout/yanz0510workout/yanz0510workout_whole_session_20260510_222208.csv,yanz0510workout,181199,181341,db_weighted_crunch,0.4152,short_time_energy
datasets/workout/yanz0510workout/yanz0510workout_whole_session_20260510_222208.csv,yanz0510workout,181517,181621,db_weighted_crunch,0.3755,short_time_energy
datasets/workout/yanz0510workout/yanz0510workout_whole_session_20260510_222208.csv,yanz0510workout,181621,181725,db_weighted_crunch,0.391,short_time_energy
datasets/workout/yanz0510workout/yanz0510workout_whole_session_20260510_222208.csv,yanz0510workout,186505,186678,db_weighted_crunch,0.6092,short_time_energy
datasets/workout/yanz0510workout/yanz0510workout_whole_session_20260510_222208.csv,yanz0510workout,186678,186864,db_weighted_crunch,0.4551,short_time_energy
datasets/workout/yanz0510workout/yanz0510workout_whole_session_20260510_222208.csv,yanz0510workout,186864,186983,db_weighted_crunch,0.444,short_time_energy
datasets/workout/yanz0510workout/yanz0510workout_whole_session_20260510_222208.csv,yanz0510workout,186983,187109,db_weighted_crunch,0.3802,short_time_energy
datasets/workout/yanz0510workout/yanz0510workout_whole_session_20260510_222208.csv,yanz0510workout,187199,187293,db_weighted_crunch,0.3072,short_time_energy
datasets/workout/yanz0510workout/yanz0510workout_whole_session_20260510_222208.csv,yanz0510workout,187293,187439,db_weighted_crunch,0.4181,short_time_energy
datasets/workout/yanz0510workout/yanz0510workout_whole_session_20260510_222208.csv,yanz0510workout,187439,187529,db_weighted_crunch,0.2655,short_time_energy
datasets/workout/yanz0510workout/yanz0510workout_whole_session_20260510_222208.csv,yanz0510workout,187698,187942,db_weighted_crunch,0.6319,short_time_energy
datasets/workout/yanz0510workout/yanz0510workout_whole_session_20260510_222208.csv,yanz0510workout,187942,188138,db_weighted_crunch,0.5078,short_time_energy
datasets/workout/yanz0510workout/yanz0510workout_whole_session_20260510_222208.csv,yanz0510workout,188138,188240,db_weighted_crunch,0.2642,short_time_energy
datasets/workout/yanz0510workout/yanz0510workout_whole_session_20260510_222208.csv,yanz0510workout,188240,188412,db_weighted_crunch,0.3851,short_time_energy
datasets/workout/yanz0510workout/yanz0510workout_whole_session_20260510_222208.csv,yanz0510workout,188412,188562,db_weighted_crunch,0.4839,short_time_energy
datasets/workout/yanz0510workout/yanz0510workout_whole_session_20260510_222208.csv,yanz0510workout,188641,189054,db_weighted_crunch,0.6481,short_time_energy
datasets/workout/yanz0510workout/yanz0510workout_whole_session_20260510_222208.csv,yanz0510workout,189054,189229,db_weighted_crunch,0.5521,short_time_energy
datasets/workout/yanz0510workout/yanz0510workout_whole_session_20260510_222208.csv,yanz0510workout,189229,189384,db_weighted_crunch,0.3713,short_time_energy
datasets/workout/yanz0510workout/yanz0510workout_whole_session_20260510_222208.csv,yanz0510workout,189384,189503,db_weighted_crunch,0.3927,short_time_energy
datasets/workout/yanz0510workout/yanz0510workout_whole_session_20260510_222208.csv,yanz0510workout,189598,189802,db_weighted_crunch,0.5499,short_time_energy
datasets/workout/yanz0510workout/yanz0510workout_whole_session_20260510_222208.csv,yanz0510workout,189802,189924,db_weighted_crunch,0.3288,short_time_energy
datasets/workout/yanz0510workout/yanz0510workout_whole_session_20260510_222208.csv,yanz0510workout,198846,198930,db_weighted_crunch,0.375,short_time_energy
datasets/workout/yanz0510workout/yanz0510workout_whole_session_20260510_222208.csv,yanz0510workout,199025,199096,db_weighted_crunch,0.306,short_time_energy
datasets/workout/yanz0510workout/yanz0510workout_whole_session_20260510_222208.csv,yanz0510workout,199096,199190,db_weighted_crunch,0.4052,short_time_energy
datasets/workout/yanz0510workout/yanz0510workout_whole_session_20260510_222208.csv,yanz0510workout,199190,199298,db_weighted_crunch,0.37,short_time_energy
datasets/workout/yanz0510workout/yanz0510workout_whole_session_20260510_222208.csv,yanz0510workout,199298,199365,db_weighted_crunch,0.2519,short_time_energy
datasets/workout/yanz0510workout/yanz0510workout_whole_session_20260510_222208.csv,yanz0510workout,199365,199461,db_weighted_crunch,0.3609,short_time_energy
datasets/workout/yanz0510workout/yanz0510workout_whole_session_20260510_222208.csv,yanz0510workout,199461,199574,db_weighted_crunch,0.3776,short_time_energy
datasets/workout/yanz0510workout/yanz0510workout_whole_session_20260510_222208.csv,yanz0510workout,199574,199666,db_weighted_crunch,0.3151,short_time_energy
datasets/workout/yanz0510workout/yanz0510workout_whole_session_20260510_222208.csv,yanz0510workout,199666,199887,db_weighted_crunch,0.352,short_time_energy
datasets/workout/yanz0510workout/yanz0510workout_whole_session_20260510_222208.csv,yanz0510workout,199925,200030,db_weighted_crunch,0.3671,short_time_energy
datasets/workout/yanz0510workout/yanz0510workout_whole_session_20260510_222208.csv,yanz0510workout,200030,200191,db_weighted_crunch,0.4559,short_time_energy
datasets/workout/yanz0510workout/yanz0510workout_whole_session_20260510_222208.csv,yanz0510workout,200231,200343,db_weighted_crunch,0.3522,short_time_energy
datasets/workout/yanz0510workout/yanz0510workout_whole_session_20260510_222208.csv,yanz0510workout,200343,200501,db_weighted_crunch,0.4214,short_time_energy
datasets/workout/yanz0510workout/yanz0510workout_whole_session_20260510_222208.csv,yanz0510workout,200567,200652,db_weighted_crunch,0.2648,short_time_energy
datasets/workout/yanz0510workout/yanz0510workout_whole_session_20260510_222208.csv,yanz0510workout,200682,200759,db_weighted_crunch,0.2711,short_time_energy
datasets/workout/yanz0510workout/yanz0510workout_whole_session_20260510_222208.csv,yanz0510workout,200759,200852,db_weighted_crunch,0.3275,short_time_energy
datasets/workout/yanz0510workout/yanz0510workout_whole_session_20260510_222208.csv,yanz0510workout,201375,201481,db_weighted_crunch,0.3354,short_time_energy
datasets/workout/yanz0510workout/yanz0510workout_whole_session_20260510_222208.csv,yanz0510workout,201599,201763,db_weighted_crunch,0.4475,short_time_energy
datasets/workout/yanz0510workout/yanz0510workout_whole_session_20260510_222208.csv,yanz0510workout,201900,202035,db_weighted_crunch,0.3353,short_time_energy
datasets/workout/yanz0510workout/yanz0510workout_whole_session_20260510_222208.csv,yanz0510workout,202035,202113,db_weighted_crunch,0.2508,short_time_energy
datasets/workout/yanz0510workout/yanz0510workout_whole_session_20260510_222208.csv,yanz0510workout,212212,212305,db_shoulder_press,0.332,short_time_energy
datasets/workout/yanz0510workout/yanz0510workout_whole_session_20260510_222208.csv,yanz0510workout,212305,212399,db_shoulder_press,0.3917,short_time_energy
datasets/workout/yanz0510workout/yanz0510workout_whole_session_20260510_222208.csv,yanz0510workout,212531,212621,db_shoulder_press,0.3093,short_time_energy
datasets/workout/yanz0510workout/yanz0510workout_whole_session_20260510_222208.csv,yanz0510workout,212621,212702,db_shoulder_press,0.2784,short_time_energy
datasets/workout/yanz0510workout/yanz0510workout_whole_session_20260510_222208.csv,yanz0510workout,213337,213465,db_shoulder_press,0.4063,short_time_energy
datasets/workout/yanz0510workout/yanz0510workout_whole_session_20260510_222208.csv,yanz0510workout,213465,213592,db_shoulder_press,0.3812,short_time_energy
datasets/workout/yanz0510workout/yanz0510workout_whole_session_20260510_222208.csv,yanz0510workout,213659,213776,db_shoulder_press,0.3874,short_time_energy
datasets/workout/yanz0510workout/yanz0510workout_whole_session_20260510_222208.csv,yanz0510workout,213776,213897,db_shoulder_press,0.3645,short_time_energy
datasets/workout/yanz0510workout/yanz0510workout_whole_session_20260510_222208.csv,yanz0510workout,214008,214111,db_shoulder_press,0.3021,short_time_energy
datasets/workout/yanz0510workout/yanz0510workout_whole_session_20260510_222208.csv,yanz0510workout,234670,234827,db_shoulder_press,0.4423,short_time_energy
datasets/workout/yanz0510workout/yanz0510workout_whole_session_20260510_222208.csv,yanz0510workout,235024,235136,db_shoulder_press,0.4444,short_time_energy
datasets/workout/yanz0510workout/yanz0510workout_whole_session_20260510_222208.csv,yanz0510workout,235136,235222,db_shoulder_press,0.2901,short_time_energy
datasets/workout/yanz0510workout/yanz0510workout_whole_session_20260510_222208.csv,yanz0510workout,235445,235545,db_shoulder_press,0.2551,short_time_energy
datasets/workout/yanz0510workout/yanz0510workout_whole_session_20260510_222208.csv,yanz0510workout,235791,235890,db_shoulder_press,0.2903,short_time_energy
datasets/workout/yanz0510workout/yanz0510workout_whole_session_20260510_222208.csv,yanz0510workout,236005,236136,db_shoulder_press,0.3619,short_time_energy
datasets/workout/yanz0510workout/yanz0510workout_whole_session_20260510_222208.csv,yanz0510workout,236342,236462,db_shoulder_press,0.3361,short_time_energy
datasets/workout/yanz0510workout/yanz0510workout_whole_session_20260510_222208.csv,yanz0510workout,236462,236580,db_shoulder_press,0.3305,short_time_energy
datasets/workout/yanz0510workout/yanz0510workout_whole_session_20260510_222208.csv,yanz0510workout,236726,236813,db_shoulder_press,0.2652,short_time_energy
datasets/workout/yanz0510workout/yanz0510workout_whole_session_20260510_222208.csv,yanz0510workout,236905,237007,db_shoulder_press,0.2536,short_time_energy
datasets/workout/yanz0510workout/yanz0510workout_whole_session_20260510_222208.csv,yanz0510workout,237007,237151,db_shoulder_press,0.4364,short_time_energy
datasets/workout/yanz0510workout/yanz0510workout_whole_session_20260510_222208.csv,yanz0510workout,237353,237521,db_shoulder_press,0.525,short_time_energy
datasets/workout/yanz0510workout/yanz0510workout_whole_session_20260510_222208.csv,yanz0510workout,237687,237839,db_shoulder_press,0.4393,short_time_energy
datasets/workout/yanz0510workout/yanz0510workout_whole_session_20260510_222208.csv,yanz0510workout,237839,237944,db_shoulder_press,0.3035,short_time_energy
datasets/workout/yanz0510workout/yanz0510workout_whole_session_20260510_222208.csv,yanz0510workout,238047,238166,db_shoulder_press,0.3639,short_time_energy
datasets/workout/yanz0510workout/yanz0510workout_whole_session_20260510_222208.csv,yanz0510workout,238166,238249,db_shoulder_press,0.2538,short_time_energy
datasets/workout/yanz0510workout/yanz0510workout_whole_session_20260510_222208.csv,yanz0510workout,238373,238459,db_shoulder_press,0.2696,short_time_energy
datasets/workout/yanz0510workout/yanz0510workout_whole_session_20260510_222208.csv,yanz0510workout,238459,238589,db_shoulder_press,0.4075,short_time_energy
datasets/workout/yanz0510workout/yanz0510workout_whole_session_20260510_222208.csv,yanz0510workout,245557,245690,db_shoulder_press,0.3935,short_time_energy
datasets/workout/yanz0510workout/yanz0510workout_whole_session_20260510_222208.csv,yanz0510workout,245945,246034,db_shoulder_press,0.2816,short_time_energy
datasets/workout/yanz0510workout/yanz0510workout_whole_session_20260510_222208.csv,yanz0510workout,246081,246199,db_shoulder_press,0.2765,short_time_energy
datasets/workout/yanz0510workout/yanz0510workout_whole_session_20260510_222208.csv,yanz0510workout,246545,246691,db_shoulder_press,0.4411,short_time_energy
datasets/workout/yanz0510workout/yanz0510workout_whole_session_20260510_222208.csv,yanz0510workout,246905,246997,db_shoulder_press,0.3036,short_time_energy
datasets/workout/yanz0510workout/yanz0510workout_whole_session_20260510_222208.csv,yanz0510workout,246997,247075,db_shoulder_press,0.2574,short_time_energy
datasets/workout/yanz0510workout/yanz0510workout_whole_session_20260510_222208.csv,yanz0510workout,247303,247425,db_shoulder_press,0.372,short_time_energy
datasets/workout/yanz0510workout/yanz0510workout_whole_session_20260510_222208.csv,yanz0510workout,254167,254259,db_shoulder_press,0.3566,short_time_energy
datasets/workout/yanz0510workout/yanz0510workout_whole_session_20260510_222208.csv,yanz0510workout,254442,254547,db_shoulder_press,0.3933,short_time_energy
datasets/workout/yanz0510workout/yanz0510workout_whole_session_20260510_222208.csv,yanz0510workout,254593,254743,db_shoulder_press,0.2752,short_time_energy
datasets/workout/yanz0510workout/yanz0510workout_whole_session_20260510_222208.csv,yanz0510workout,254970,255052,db_shoulder_press,0.3361,short_time_energy
datasets/workout/yanz0510workout/yanz0510workout_whole_session_20260510_222208.csv,yanz0510workout,255052,255123,db_shoulder_press,0.291,short_time_energy
datasets/workout/yanz0510workout/yanz0510workout_whole_session_20260510_222208.csv,yanz0510workout,255224,255299,db_shoulder_press,0.3151,short_time_energy
datasets/workout/yanz0510workout/yanz0510workout_whole_session_20260510_222208.csv,yanz0510workout,255336,255402,db_shoulder_press,0.2773,short_time_energy
datasets/workout/yanz0510workout/yanz0510workout_whole_session_20260510_222208.csv,yanz0510workout,255468,255540,db_shoulder_press,0.2687,short_time_energy
datasets/workout/yanz0510workout/yanz0510workout_whole_session_20260510_222208.csv,yanz0510workout,255617,255688,db_shoulder_press,0.2602,short_time_energy
datasets/workout/yanz0510workout/yanz0510workout_whole_session_20260510_222208.csv,yanz0510workout,255771,255877,db_shoulder_press,0.5,short_time_energy
datasets/workout/yanz0510workout/yanz0510workout_whole_session_20260510_222208.csv,yanz0510workout,269697,269774,db_biceps_curl,0.4491,short_time_energy
datasets/workout/yanz0510workout/yanz0510workout_whole_session_20260510_222208.csv,yanz0510workout,269774,269926,db_biceps_curl,0.3965,short_time_energy
datasets/workout/yanz0510workout/yanz0510workout_whole_session_20260510_222208.csv,yanz0510workout,270191,270260,db_biceps_curl,0.2749,short_time_energy
datasets/workout/yanz0510workout/yanz0510workout_whole_session_20260510_222208.csv,yanz0510workout,270260,270464,db_biceps_curl,0.4869,short_time_energy
datasets/workout/yanz0510workout/yanz0510workout_whole_session_20260510_222208.csv,yanz0510workout,270590,270675,db_biceps_curl,0.308,short_time_energy
datasets/workout/yanz0510workout/yanz0510workout_whole_session_20260510_222208.csv,yanz0510workout,270675,270803,db_biceps_curl,0.3782,short_time_energy
datasets/workout/yanz0510workout/yanz0510workout_whole_session_20260510_222208.csv,yanz0510workout,270867,271000,db_biceps_curl,0.381,short_time_energy
datasets/workout/yanz0510workout/yanz0510workout_whole_session_20260510_222208.csv,yanz0510workout,271123,271279,db_biceps_curl,0.5068,short_time_energy
datasets/workout/yanz0510workout/yanz0510workout_whole_session_20260510_222208.csv,yanz0510workout,271343,271413,db_biceps_curl,0.2713,short_time_energy
datasets/workout/yanz0510workout/yanz0510workout_whole_session_20260510_222208.csv,yanz0510workout,271413,271544,db_biceps_curl,0.4249,short_time_energy
datasets/workout/yanz0510workout/yanz0510workout_whole_session_20260510_222208.csv,yanz0510workout,271782,271906,db_biceps_curl,0.2706,short_time_energy
datasets/workout/yanz0510workout/yanz0510workout_whole_session_20260510_222208.csv,yanz0510workout,271906,271990,db_biceps_curl,0.3206,short_time_energy
datasets/workout/yanz0510workout/yanz0510workout_whole_session_20260510_222208.csv,yanz0510workout,272051,272159,db_biceps_curl,0.3455,short_time_energy
datasets/workout/yanz0510workout/yanz0510workout_whole_session_20260510_222208.csv,yanz0510workout,272264,272339,db_biceps_curl,0.2551,short_time_energy
datasets/workout/yanz0510workout/yanz0510workout_whole_session_20260510_222208.csv,yanz0510workout,272339,272484,db_biceps_curl,0.2988,short_time_energy
datasets/workout/yanz0510workout/yanz0510workout_whole_session_20260510_222208.csv,yanz0510workout,272484,272569,db_biceps_curl,0.3069,short_time_energy
datasets/workout/yanz0510workout/yanz0510workout_whole_session_20260510_222208.csv,yanz0510workout,272569,272639,db_biceps_curl,0.2527,short_time_energy
datasets/workout/yanz0510workout/yanz0510workout_whole_session_20260510_222208.csv,yanz0510workout,279714,279977,db_biceps_curl,0.3402,short_time_energy
datasets/workout/yanz0510workout/yanz0510workout_whole_session_20260510_222208.csv,yanz0510workout,280164,280240,db_biceps_curl,0.3276,short_time_energy
datasets/workout/yanz0510workout/yanz0510workout_whole_session_20260510_222208.csv,yanz0510workout,280296,280368,db_biceps_curl,0.3103,short_time_energy
datasets/workout/yanz0510workout/yanz0510workout_whole_session_20260510_222208.csv,yanz0510workout,280424,280494,db_biceps_curl,0.2593,short_time_energy
datasets/workout/yanz0510workout/yanz0510workout_whole_session_20260510_222208.csv,yanz0510workout,280551,280633,db_biceps_curl,0.3037,short_time_energy
datasets/workout/yanz0510workout/yanz0510workout_whole_session_20260510_222208.csv,yanz0510workout,280633,280754,db_biceps_curl,0.3484,short_time_energy
datasets/workout/yanz0510workout/yanz0510workout_whole_session_20260510_222208.csv,yanz0510workout,280971,281034,db_biceps_curl,0.253,short_time_energy
datasets/workout/yanz0510workout/yanz0510workout_whole_session_20260510_222208.csv,yanz0510workout,281082,281165,db_biceps_curl,0.3333,short_time_energy
datasets/workout/yanz0510workout/yanz0510workout_whole_session_20260510_222208.csv,yanz0510workout,281362,281433,db_biceps_curl,0.2518,short_time_energy
datasets/workout/yanz0510workout/yanz0510workout_whole_session_20260510_222208.csv,yanz0510workout,281619,281687,db_biceps_curl,0.2547,short_time_energy
datasets/workout/yanz0510workout/yanz0510workout_whole_session_20260510_222208.csv,yanz0510workout,281748,281815,db_biceps_curl,0.2769,short_time_energy
datasets/workout/yanz0510workout/yanz0510workout_whole_session_20260510_222208.csv,yanz0510workout,281815,281876,db_biceps_curl,0.2521,short_time_energy
datasets/workout/yanz0510workout/yanz0510workout_whole_session_20260510_222208.csv,yanz0510workout,281876,281939,db_biceps_curl,0.2603,short_time_energy
datasets/workout/yanz0510workout/yanz0510workout_whole_session_20260510_222208.csv,yanz0510workout,281996,282122,db_biceps_curl,0.4903,short_time_energy
datasets/workout/yanz0510workout/yanz0510workout_whole_session_20260510_222208.csv,yanz0510workout,282383,282465,db_biceps_curl,0.3015,short_time_energy
datasets/workout/yanz0510workout/yanz0510workout_whole_session_20260510_222208.csv,yanz0510workout,282664,282742,db_biceps_curl,0.2889,short_time_energy
datasets/workout/yanz0510workout/yanz0510workout_whole_session_20260510_222208.csv,yanz0510workout,282829,282905,db_biceps_curl,0.2517,short_time_energy
datasets/workout/yanz0510workout/yanz0510workout_whole_session_20260510_222208.csv,yanz0510workout,289894,289954,db_biceps_curl,0.2609,short_time_energy
datasets/workout/yanz0510workout/yanz0510workout_whole_session_20260510_222208.csv,yanz0510workout,289954,290044,db_biceps_curl,0.3913,short_time_energy
datasets/workout/yanz0510workout/yanz0510workout_whole_session_20260510_222208.csv,yanz0510workout,290044,290153,db_biceps_curl,0.3297,short_time_energy
datasets/workout/yanz0510workout/yanz0510workout_whole_session_20260510_222208.csv,yanz0510workout,290201,290291,db_biceps_curl,0.3488,short_time_energy
datasets/workout/yanz0510workout/yanz0510workout_whole_session_20260510_222208.csv,yanz0510workout,290291,290400,db_biceps_curl,0.2807,short_time_energy
datasets/workout/yanz0510workout/yanz0510workout_whole_session_20260510_222208.csv,yanz0510workout,290400,290472,db_biceps_curl,0.2812,short_time_energy
datasets/workout/yanz0510workout/yanz0510workout_whole_session_20260510_222208.csv,yanz0510workout,290472,290562,db_biceps_curl,0.3516,short_time_energy
datasets/workout/yanz0510workout/yanz0510workout_whole_session_20260510_222208.csv,yanz0510workout,290612,290685,db_biceps_curl,0.2589,short_time_energy
datasets/workout/yanz0510workout/yanz0510workout_whole_session_20260510_222208.csv,yanz0510workout,291249,291320,db_biceps_curl,0.2545,short_time_energy
datasets/workout/yanz0510workout/yanz0510workout_whole_session_20260510_222208.csv,yanz0510workout,291320,291409,db_biceps_curl,0.319,short_time_energy
datasets/workout/yanz0510workout/yanz0510workout_whole_session_20260510_222208.csv,yanz0510workout,291470,291544,db_biceps_curl,0.2711,short_time_energy
datasets/workout/yanz0510workout/yanz0510workout_whole_session_20260510_222208.csv,yanz0510workout,291611,291694,db_biceps_curl,0.304,short_time_energy
datasets/workout/yanz0510workout/yanz0510workout_whole_session_20260510_222208.csv,yanz0510workout,301467,301611,db_triceps_curl,0.3587,short_time_energy
datasets/workout/yanz0510workout/yanz0510workout_whole_session_20260510_222208.csv,yanz0510workout,301871,302015,db_triceps_curl,0.4235,short_time_energy
datasets/workout/yanz0510workout/yanz0510workout_whole_session_20260510_222208.csv,yanz0510workout,302111,302211,db_triceps_curl,0.2641,short_time_energy
datasets/workout/yanz0510workout/yanz0510workout_whole_session_20260510_222208.csv,yanz0510workout,302211,302311,db_triceps_curl,0.3067,short_time_energy
datasets/workout/yanz0510workout/yanz0510workout_whole_session_20260510_222208.csv,yanz0510workout,302339,302439,db_triceps_curl,0.3067,short_time_energy
datasets/workout/yanz0510workout/yanz0510workout_whole_session_20260510_222208.csv,yanz0510workout,302529,302643,db_triceps_curl,0.3295,short_time_energy
datasets/workout/yanz0510workout/yanz0510workout_whole_session_20260510_222208.csv,yanz0510workout,302643,302761,db_triceps_curl,0.341,short_time_energy
datasets/workout/yanz0510workout/yanz0510workout_whole_session_20260510_222208.csv,yanz0510workout,303177,303289,db_triceps_curl,0.3784,short_time_energy
datasets/workout/yanz0510workout/yanz0510workout_whole_session_20260510_222208.csv,yanz0510workout,303289,303380,db_triceps_curl,0.3074,short_time_energy
datasets/workout/yanz0510workout/yanz0510workout_whole_session_20260510_222208.csv,yanz0510workout,303615,303693,db_triceps_curl,0.2583,short_time_energy
datasets/workout/yanz0510workout/yanz0510workout_whole_session_20260510_222208.csv,yanz0510workout,303782,303871,db_triceps_curl,0.2871,short_time_energy
datasets/workout/yanz0510workout/yanz0510workout_whole_session_20260510_222208.csv,yanz0510workout,304061,304128,db_triceps_curl,0.2577,short_time_energy
datasets/workout/yanz0510workout/yanz0510workout_whole_session_20260510_222208.csv,yanz0510workout,304194,304259,db_triceps_curl,0.25,short_time_energy
datasets/workout/yanz0510workout/yanz0510workout_whole_session_20260510_222208.csv,yanz0510workout,304346,304438,db_triceps_curl,0.3251,short_time_energy
datasets/workout/yanz0510workout/yanz0510workout_whole_session_20260510_222208.csv,yanz0510workout,304487,304563,db_triceps_curl,0.2596,short_time_energy
datasets/workout/yanz0510workout/yanz0510workout_whole_session_20260510_222208.csv,yanz0510workout,304606,304698,db_triceps_curl,0.3459,short_time_energy
datasets/workout/yanz0510workout/yanz0510workout_whole_session_20260510_222208.csv,yanz0510workout,304698,304813,db_triceps_curl,0.4323,short_time_energy
datasets/workout/yanz0510workout/yanz0510workout_whole_session_20260510_222208.csv,yanz0510workout,304897,305008,db_triceps_curl,0.348,short_time_energy
datasets/workout/yanz0510workout/yanz0510workout_whole_session_20260510_222208.csv,yanz0510workout,305008,305093,db_triceps_curl,0.2665,short_time_energy
datasets/workout/yanz0510workout/yanz0510workout_whole_session_20260510_222208.csv,yanz0510workout,311977,312272,db_triceps_curl,0.7213,short_time_energy
datasets/workout/yanz0510workout/yanz0510workout_whole_session_20260510_222208.csv,yanz0510workout,312272,312535,db_triceps_curl,0.6063,short_time_energy
datasets/workout/yanz0510workout/yanz0510workout_whole_session_20260510_222208.csv,yanz0510workout,312535,312790,db_triceps_curl,0.2984,short_time_energy
datasets/workout/yanz0510workout/yanz0510workout_whole_session_20260510_222208.csv,yanz0510workout,312790,313044,db_triceps_curl,0.6676,short_time_energy
datasets/workout/yanz0510workout/yanz0510workout_whole_session_20260510_222208.csv,yanz0510workout,313044,313197,db_triceps_curl,0.5977,short_time_energy
datasets/workout/yanz0510workout/yanz0510workout_whole_session_20260510_222208.csv,yanz0510workout,313197,313293,db_triceps_curl,0.3333,short_time_energy
datasets/workout/yanz0510workout/yanz0510workout_whole_session_20260510_222208.csv,yanz0510workout,313293,313561,db_triceps_curl,0.9348,short_time_energy
datasets/workout/yanz0510workout/yanz0510workout_whole_session_20260510_222208.csv,yanz0510workout,313561,313644,db_triceps_curl,0.3268,short_time_energy
datasets/workout/yanz0510workout/yanz0510workout_whole_session_20260510_222208.csv,yanz0510workout,313644,313721,db_triceps_curl,0.3031,short_time_energy
datasets/workout/yanz0510workout/yanz0510workout_whole_session_20260510_222208.csv,yanz0510workout,313823,313972,db_triceps_curl,0.536,short_time_energy
datasets/workout/yanz0510workout/yanz0510workout_whole_session_20260510_222208.csv,yanz0510workout,313972,314076,db_triceps_curl,0.3741,short_time_energy
datasets/workout/yanz0510workout/yanz0510workout_whole_session_20260510_222208.csv,yanz0510workout,314076,314397,db_triceps_curl,0.8255,short_time_energy
datasets/workout/yanz0510workout/yanz0510workout_whole_session_20260510_222208.csv,yanz0510workout,314397,314617,db_triceps_curl,0.7621,short_time_energy
datasets/workout/yanz0510workout/yanz0510workout_whole_session_20260510_222208.csv,yanz0510workout,314617,314683,db_triceps_curl,0.2598,short_time_energy
datasets/workout/yanz0510workout/yanz0510workout_whole_session_20260510_222208.csv,yanz0510workout,314683,314933,db_triceps_curl,0.5227,short_time_energy
datasets/workout/yanz0510workout/yanz0510workout_whole_session_20260510_222208.csv,yanz0510workout,314933,315030,db_triceps_curl,0.3865,short_time_energy
datasets/workout/yanz0510workout/yanz0510workout_whole_session_20260510_222208.csv,yanz0510workout,315030,315117,db_triceps_curl,0.295,short_time_energy
datasets/workout/yanz0510workout/yanz0510workout_whole_session_20260510_222208.csv,yanz0510workout,315117,315418,db_triceps_curl,0.8875,short_time_energy
datasets/workout/yanz0510workout/yanz0510workout_whole_session_20260510_222208.csv,yanz0510workout,323483,323667,db_triceps_curl,0.3444,short_time_energy
datasets/workout/yanz0510workout/yanz0510workout_whole_session_20260510_222208.csv,yanz0510workout,323667,323815,db_triceps_curl,0.3568,short_time_energy
datasets/workout/yanz0510workout/yanz0510workout_whole_session_20260510_222208.csv,yanz0510workout,323815,323929,db_triceps_curl,0.4161,short_time_energy
datasets/workout/yanz0510workout/yanz0510workout_whole_session_20260510_222208.csv,yanz0510workout,323929,324080,db_triceps_curl,0.2997,short_time_energy
datasets/workout/yanz0510workout/yanz0510workout_whole_session_20260510_222208.csv,yanz0510workout,324080,324187,db_triceps_curl,0.3978,short_time_energy
datasets/workout/yanz0510workout/yanz0510workout_whole_session_20260510_222208.csv,yanz0510workout,324187,324343,db_triceps_curl,0.3449,short_time_energy
datasets/workout/yanz0510workout/yanz0510workout_whole_session_20260510_222208.csv,yanz0510workout,324343,324450,db_triceps_curl,0.4315,short_time_energy
datasets/workout/yanz0510workout/yanz0510workout_whole_session_20260510_222208.csv,yanz0510workout,324450,324627,db_triceps_curl,0.284,short_time_energy
datasets/workout/yanz0510workout/yanz0510workout_whole_session_20260510_222208.csv,yanz0510workout,324627,324715,db_triceps_curl,0.3099,short_time_energy
datasets/workout/yanz0510workout/yanz0510workout_whole_session_20260510_222208.csv,yanz0510workout,324715,324799,db_triceps_curl,0.2958,short_time_energy
datasets/workout/yanz0510workout/yanz0510workout_whole_session_20260510_222208.csv,yanz0510workout,324878,325011,db_triceps_curl,0.4716,short_time_energy
datasets/workout/yanz0510workout/yanz0510workout_whole_session_20260510_222208.csv,yanz0510workout,325011,325169,db_triceps_curl,0.2903,short_time_energy
datasets/workout/yanz0510workout/yanz0510workout_whole_session_20260510_222208.csv,yanz0510workout,325169,325245,db_triceps_curl,0.2912,short_time_energy
datasets/workout/yanz0510workout/yanz0510workout_whole_session_20260510_222208.csv,yanz0510workout,325406,325528,db_triceps_curl,0.49,short_time_energy
datasets/workout/yanz0510workout/yanz0510workout_whole_session_20260510_222208.csv,yanz0510workout,325528,325621,db_triceps_curl,0.368,short_time_energy
datasets/workout/yanz0510workout/yanz0510workout_whole_session_20260510_222208.csv,yanz0510workout,325671,325759,db_triceps_curl,0.3563,short_time_energy
datasets/workout/yanz0510workout/yanz0510workout_whole_session_20260510_222208.csv,yanz0510workout,325929,326069,db_triceps_curl,0.5054,short_time_energy
datasets/workout/yanz0510workout/yanz0510workout_whole_session_20260510_222208.csv,yanz0510workout,326279,326432,db_triceps_curl,0.3576,short_time_energy
datasets/workout/yanz0510workout/yanz0510workout_whole_session_20260510_222208.csv,yanz0510workout,326432,326524,db_triceps_curl,0.3608,short_time_energy
datasets/workout/yanz0510workout/yanz0510workout_whole_session_20260510_222208.csv,yanz0510workout,326524,326674,db_triceps_curl,0.387,short_time_energy
datasets/workout/yanz0510workout/yanz0510workout_whole_session_20260510_222208.csv,yanz0510workout,333827,334026,db_triceps_curl,0.6101,short_time_energy
datasets/workout/yanz0510workout/yanz0510workout_whole_session_20260510_222208.csv,yanz0510workout,334026,334168,db_triceps_curl,0.2508,short_time_energy
datasets/workout/yanz0510workout/yanz0510workout_whole_session_20260510_222208.csv,yanz0510workout,335000,336126,db_triceps_curl,0.3042,short_time_energy
datasets/workout/yanz0510workout/yanz0510workout_whole_session_20260510_222208.csv,yanz0510workout,336913,337046,db_triceps_curl,0.5833,short_time_energy
datasets/workout/yanz0510workout/yanz0510workout_whole_session_20260510_222208.csv,yanz0510workout,337046,337179,db_triceps_curl,0.2847,short_time_energy
datasets/workout/yanz0510workout/yanz0510workout_whole_session_20260510_222208.csv,yanz0510workout,337179,337373,db_triceps_curl,0.7578,short_time_energy
datasets/workout/yanz0510workout/yanz0510workout_whole_session_20260510_222208.csv,yanz0510workout,337450,337553,db_triceps_curl,0.3705,short_time_energy
datasets/workout/yanz0510workout/yanz0510workout_whole_session_20260510_222208.csv,yanz0510workout,337553,337650,db_triceps_curl,0.3489,short_time_energy
datasets/workout/yanz0510workout/yanz0510workout_whole_session_20260510_222208.csv,yanz0510workout,337722,337803,db_triceps_curl,0.27,short_time_energy
datasets/workout/yanz0510workout/yanz0510workout_whole_session_20260510_222208.csv,yanz0510workout,338037,338111,db_triceps_curl,0.2552,short_time_energy
datasets/workout/yanz0510workout/yanz0510workout_whole_session_20260510_222208.csv,yanz0510workout,338296,338435,db_triceps_curl,0.5409,short_time_energy
datasets/workout/yanz0510workout/yanz0510workout_whole_session_20260510_222208.csv,yanz0510workout,338582,338682,db_triceps_curl,0.3731,short_time_energy
datasets/workout/yanz0510workout/yanz0510workout_whole_session_20260510_222208.csv,yanz0510workout,338779,338861,db_triceps_curl,0.3048,short_time_energy
datasets/workout/yanz0510workout/yanz0510workout_whole_session_20260510_222208.csv,yanz0510workout,338861,338951,db_triceps_curl,0.3346,short_time_energy
datasets/workout/yanz0510workout/yanz0510workout_whole_session_20260510_222208.csv,yanz0510workout,339089,339217,db_triceps_curl,0.4981,short_time_energy
datasets/workout/yanz0510workout/yanz0510workout_whole_session_20260510_222208.csv,yanz0510workout,339217,339302,db_triceps_curl,0.3256,short_time_energy
datasets/workout/yanz0510workout/yanz0510workout_whole_session_20260510_222208.csv,yanz0510workout,339350,339470,db_triceps_curl,0.5,short_time_energy
datasets/workout/yanz0510workout/yanz0510workout_whole_session_20260510_222208.csv,yanz0510workout,339545,339641,db_triceps_curl,0.3721,short_time_energy
datasets/workout/yanz0510workout/yanz0510workout_whole_session_20260510_222208.csv,yanz0510workout,339908,339986,db_triceps_curl,0.2786,short_time_energy
datasets/workout/yanz0510workout/yanz0510workout_whole_session_20260510_222208.csv,yanz0510workout,350548,351410,db_squat,0.3609,short_time_energy
datasets/workout/yanz0510workout/yanz0510workout_whole_session_20260510_222208.csv,yanz0510workout,351647,351751,db_squat,0.3611,short_time_energy
datasets/workout/yanz0510workout/yanz0510workout_whole_session_20260510_222208.csv,yanz0510workout,351751,351847,db_squat,0.3333,short_time_energy
datasets/workout/yanz0510workout/yanz0510workout_whole_session_20260510_222208.csv,yanz0510workout,351927,352036,db_squat,0.3609,short_time_energy
datasets/workout/yanz0510workout/yanz0510workout_whole_session_20260510_222208.csv,yanz0510workout,352036,352132,db_squat,0.3179,short_time_energy
datasets/workout/yanz0510workout/yanz0510workout_whole_session_20260510_222208.csv,yanz0510workout,352224,352322,db_squat,0.3551,short_time_energy
datasets/workout/yanz0510workout/yanz0510workout_whole_session_20260510_222208.csv,yanz0510workout,352322,352416,db_squat,0.3406,short_time_energy
datasets/workout/yanz0510workout/yanz0510workout_whole_session_20260510_222208.csv,yanz0510workout,352512,352597,db_squat,0.2982,short_time_energy
datasets/workout/yanz0510workout/yanz0510workout_whole_session_20260510_222208.csv,yanz0510workout,352597,352686,db_squat,0.3123,short_time_energy
datasets/workout/yanz0510workout/yanz0510workout_whole_session_20260510_222208.csv,yanz0510workout,352776,352872,db_squat,0.3504,short_time_energy
datasets/workout/yanz0510workout/yanz0510workout_whole_session_20260510_222208.csv,yanz0510workout,352872,352964,db_squat,0.3358,short_time_energy
datasets/workout/yanz0510workout/yanz0510workout_whole_session_20260510_222208.csv,yanz0510workout,353036,353141,db_squat,0.3947,short_time_energy
datasets/workout/yanz0510workout/yanz0510workout_whole_session_20260510_222208.csv,yanz0510workout,353141,353222,db_squat,0.3045,short_time_energy
datasets/workout/yanz0510workout/yanz0510workout_whole_session_20260510_222208.csv,yanz0510workout,353334,353406,db_squat,0.2517,short_time_energy
datasets/workout/yanz0510workout/yanz0510workout_whole_session_20260510_222208.csv,yanz0510workout,353406,353504,db_squat,0.3427,short_time_energy
datasets/workout/yanz0510workout/yanz0510workout_whole_session_20260510_222208.csv,yanz0510workout,353688,353789,db_squat,0.3459,short_time_energy
datasets/workout/yanz0510workout/yanz0510workout_whole_session_20260510_222208.csv,yanz0510workout,353890,353962,db_squat,0.2846,short_time_energy
datasets/workout/yanz0510workout/yanz0510workout_whole_session_20260510_222208.csv,yanz0510workout,353962,354056,db_squat,0.3715,short_time_energy
datasets/workout/yanz0510workout/yanz0510workout_whole_session_20260510_222208.csv,yanz0510workout,354141,354227,db_squat,0.351,short_time_energy
datasets/workout/yanz0510workout/yanz0510workout_whole_session_20260510_222208.csv,yanz0510workout,354227,354322,db_squat,0.3878,short_time_energy
datasets/workout/yanz0510workout/yanz0510workout_whole_session_20260510_222208.csv,yanz0510workout,354414,354498,db_squat,0.2828,short_time_energy
datasets/workout/yanz0510workout/yanz0510workout_whole_session_20260510_222208.csv,yanz0510workout,354498,354595,db_squat,0.3266,short_time_energy
datasets/workout/yanz0510workout/yanz0510workout_whole_session_20260510_222208.csv,yanz0510workout,360516,360601,db_squat,0.34,short_time_energy
datasets/workout/yanz0510workout/yanz0510workout_whole_session_20260510_222208.csv,yanz0510workout,360601,360677,db_squat,0.304,short_time_energy
datasets/workout/yanz0510workout/yanz0510workout_whole_session_20260510_222208.csv,yanz0510workout,360774,360849,db_squat,0.2953,short_time_energy
datasets/workout/yanz0510workout/yanz0510workout_whole_session_20260510_222208.csv,yanz0510workout,360849,360935,db_squat,0.3386,short_time_energy
datasets/workout/yanz0510workout/yanz0510workout_whole_session_20260510_222208.csv,yanz0510workout,361008,361088,db_squat,0.2667,short_time_energy
datasets/workout/yanz0510workout/yanz0510workout_whole_session_20260510_222208.csv,yanz0510workout,361158,361235,db_squat,0.2567,short_time_energy
datasets/workout/yanz0510workout/yanz0510workout_whole_session_20260510_222208.csv,yanz0510workout,361316,361385,db_squat,0.2624,short_time_energy
datasets/workout/yanz0510workout/yanz0510workout_whole_session_20260510_222208.csv,yanz0510workout,361385,361469,db_squat,0.3194,short_time_energy
datasets/workout/yanz0510workout/yanz0510workout_whole_session_20260510_222208.csv,yanz0510workout,361469,361549,db_squat,0.3042,short_time_energy
datasets/workout/yanz0510workout/yanz0510workout_whole_session_20260510_222208.csv,yanz0510workout,361549,361622,db_squat,0.2826,short_time_energy
datasets/workout/yanz0510workout/yanz0510workout_whole_session_20260510_222208.csv,yanz0510workout,361622,361696,db_squat,0.3333,short_time_energy
datasets/workout/yanz0510workout/yanz0510workout_whole_session_20260510_222208.csv,yanz0510workout,361696,361779,db_squat,0.3739,short_time_energy
datasets/workout/yanz0510workout/yanz0510workout_whole_session_20260510_222208.csv,yanz0510workout,361779,361850,db_squat,0.2784,short_time_energy
datasets/workout/yanz0510workout/yanz0510workout_whole_session_20260510_222208.csv,yanz0510workout,361850,361929,db_squat,0.3098,short_time_energy
datasets/workout/yanz0510workout/yanz0510workout_whole_session_20260510_222208.csv,yanz0510workout,361929,362013,db_squat,0.3294,short_time_energy
datasets/workout/yanz0510workout/yanz0510workout_whole_session_20260510_222208.csv,yanz0510workout,362084,362166,db_squat,0.3644,short_time_energy
datasets/workout/yanz0510workout/yanz0510workout_whole_session_20260510_222208.csv,yanz0510workout,362166,362237,db_squat,0.3156,short_time_energy
datasets/workout/yanz0510workout/yanz0510workout_whole_session_20260510_222208.csv,yanz0510workout,362306,362381,db_squat,0.3659,short_time_energy
datasets/workout/yanz0510workout/yanz0510workout_whole_session_20260510_222208.csv,yanz0510workout,362381,362468,db_squat,0.3971,short_time_energy
datasets/workout/yanz0510workout/yanz0510workout_whole_session_20260510_222208.csv,yanz0510workout,362468,362532,db_squat,0.2819,short_time_energy
datasets/workout/yanz0510workout/yanz0510workout_whole_session_20260510_222208.csv,yanz0510workout,362532,362621,db_squat,0.3921,short_time_energy
datasets/workout/yanz0510workout/yanz0510workout_whole_session_20260510_222208.csv,yanz0510workout,362621,362694,db_squat,0.3043,short_time_energy
datasets/workout/yanz0510workout/yanz0510workout_whole_session_20260510_222208.csv,yanz0510workout,362694,362760,db_squat,0.2578,short_time_energy
datasets/workout/yanz0510workout/yanz0510workout_whole_session_20260510_222208.csv,yanz0510workout,362760,362855,db_squat,0.3711,short_time_energy
datasets/workout/yanz0510workout/yanz0510workout_whole_session_20260510_222208.csv,yanz0510workout,362855,362938,db_squat,0.3242,short_time_energy
datasets/workout/yanz0510workout/yanz0510workout_whole_session_20260510_222208.csv,yanz0510workout,363003,363084,db_squat,0.3616,short_time_energy
datasets/workout/yanz0510workout/yanz0510workout_whole_session_20260510_222208.csv,yanz0510workout,363084,363167,db_squat,0.3705,short_time_energy
datasets/workout/yanz0510workout/yanz0510workout_whole_session_20260510_222208.csv,yanz0510workout,363167,363236,db_squat,0.2539,short_time_energy
datasets/workout/yanz0510workout/yanz0510workout_whole_session_20260510_222208.csv,yanz0510workout,363236,363313,db_squat,0.3056,short_time_energy
datasets/workout/yanz0510workout/yanz0510workout_whole_session_20260510_222208.csv,yanz0510workout,363313,363397,db_squat,0.3333,short_time_energy
datasets/workout/yanz0510workout/yanz0510workout_whole_session_20260510_222208.csv,yanz0510workout,370594,370674,db_squat,0.5128,short_time_energy
datasets/workout/yanz0510workout/yanz0510workout_whole_session_20260510_222208.csv,yanz0510workout,370674,370748,db_squat,0.3372,short_time_energy
datasets/workout/yanz0510workout/yanz0510workout_whole_session_20260510_222208.csv,yanz0510workout,370748,370828,db_squat,0.3404,short_time_energy
datasets/workout/yanz0510workout/yanz0510workout_whole_session_20260510_222208.csv,yanz0510workout,370873,370950,db_squat,0.3277,short_time_energy
datasets/workout/yanz0510workout/yanz0510workout_whole_session_20260510_222208.csv,yanz0510workout,370950,371035,db_squat,0.2667,short_time_energy
datasets/workout/yanz0510workout/yanz0510workout_whole_session_20260510_222208.csv,yanz0510workout,371035,371116,db_squat,0.3403,short_time_energy
datasets/workout/yanz0510workout/yanz0510workout_whole_session_20260510_222208.csv,yanz0510workout,371116,371193,db_squat,0.3235,short_time_energy
datasets/workout/yanz0510workout/yanz0510workout_whole_session_20260510_222208.csv,yanz0510workout,371264,371360,db_squat,0.3609,short_time_energy
datasets/workout/yanz0510workout/yanz0510workout_whole_session_20260510_222208.csv,yanz0510workout,371360,371442,db_squat,0.3083,short_time_energy
datasets/workout/yanz0510workout/yanz0510workout_whole_session_20260510_222208.csv,yanz0510workout,371536,371615,db_squat,0.3173,short_time_energy
datasets/workout/yanz0510workout/yanz0510workout_whole_session_20260510_222208.csv,yanz0510workout,371615,371698,db_squat,0.3333,short_time_energy
datasets/workout/yanz0510workout/yanz0510workout_whole_session_20260510_222208.csv,yanz0510workout,371771,371879,db_squat,0.432,short_time_energy
datasets/workout/yanz0510workout/yanz0510workout_whole_session_20260510_222208.csv,yanz0510workout,371879,371959,db_squat,0.32,short_time_energy
datasets/workout/yanz0510workout/yanz0510workout_whole_session_20260510_222208.csv,yanz0510workout,371959,372056,db_squat,0.3105,short_time_energy
datasets/workout/yanz0510workout/yanz0510workout_whole_session_20260510_222208.csv,yanz0510workout,372056,372129,db_squat,0.2744,short_time_energy
datasets/workout/yanz0510workout/yanz0510workout_whole_session_20260510_222208.csv,yanz0510workout,372129,372217,db_squat,0.3308,short_time_energy
datasets/workout/yanz0510workout/yanz0510workout_whole_session_20260510_222208.csv,yanz0510workout,372303,372390,db_squat,0.3096,short_time_energy
datasets/workout/yanz0510workout/yanz0510workout_whole_session_20260510_222208.csv,yanz0510workout,372390,372473,db_squat,0.2954,short_time_energy
datasets/workout/yanz0510workout/yanz0510workout_whole_session_20260510_222208.csv,yanz0510workout,372542,372643,db_squat,0.4833,short_time_energy
datasets/workout/yanz0510workout/yanz0510workout_whole_session_20260510_222208.csv,yanz0510workout,372643,372720,db_squat,0.3684,short_time_energy
datasets/workout/yanz0510workout/yanz0510workout_whole_session_20260510_222208.csv,yanz0510workout,372720,372832,db_squat,0.3926,short_time_energy
datasets/workout/yanz0510workout/yanz0510workout_whole_session_20260510_222208.csv,yanz0510workout,372832,372911,db_squat,0.2992,short_time_energy
datasets/workout/yanz0510workout/yanz0510workout_whole_session_20260510_222208.csv,yanz0510workout,372911,372984,db_squat,0.2765,short_time_energy
datasets/workout/yanz0510workout/yanz0510workout_whole_session_20260510_222208.csv,yanz0510workout,372984,373079,db_squat,0.3853,short_time_energy
datasets/workout/yanz0510workout/yanz0510workout_whole_session_20260510_222208.csv,yanz0510workout,373079,373143,db_squat,0.2844,short_time_energy
datasets/workout/yanz0510workout/yanz0510workout_whole_session_20260510_222208.csv,yanz0510workout,373143,373218,db_squat,0.3158,short_time_energy
datasets/workout/yanz0510workout/yanz0510workout_whole_session_20260510_222208.csv,yanz0510workout,373284,373371,db_squat,0.3063,short_time_energy
datasets/workout/yanz0510workout/yanz0510workout_whole_session_20260510_222208.csv,yanz0510workout,373371,373451,db_squat,0.2817,short_time_energy
datasets/workout/yoru0511workout/yoru0511workout_whole_session_20260511_180608.csv,yoru0511workout,249,390,db_bench_press,0.3972,short_time_energy
datasets/workout/yoru0511workout/yoru0511workout_whole_session_20260511_180608.csv,yoru0511workout,615,715,db_bench_press,0.2976,short_time_energy
datasets/workout/yoru0511workout/yoru0511workout_whole_session_20260511_180608.csv,yoru0511workout,840,934,db_bench_press,0.2701,short_time_energy
datasets/workout/yoru0511workout/yoru0511workout_whole_session_20260511_180608.csv,yoru0511workout,1171,1273,db_bench_press,0.2914,short_time_energy
datasets/workout/yoru0511workout/yoru0511workout_whole_session_20260511_180608.csv,yoru0511workout,1523,1614,db_bench_press,0.2741,short_time_energy
datasets/workout/yoru0511workout/yoru0511workout_whole_session_20260511_180608.csv,yoru0511workout,1896,2101,db_bench_press,0.6193,short_time_energy
datasets/workout/yoru0511workout/yoru0511workout_whole_session_20260511_180608.csv,yoru0511workout,2252,2402,db_bench_press,0.4438,short_time_energy
datasets/workout/yoru0511workout/yoru0511workout_whole_session_20260511_180608.csv,yoru0511workout,2488,2578,db_bench_press,0.2941,short_time_energy
datasets/workout/yoru0511workout/yoru0511workout_whole_session_20260511_180608.csv,yoru0511workout,2578,2699,db_bench_press,0.3954,short_time_energy
datasets/workout/yoru0511workout/yoru0511workout_whole_session_20260511_180608.csv,yoru0511workout,2907,3080,db_bench_press,0.5242,short_time_energy
datasets/workout/yoru0511workout/yoru0511workout_whole_session_20260511_180608.csv,yoru0511workout,3143,3234,db_bench_press,0.2535,short_time_energy
datasets/workout/yoru0511workout/yoru0511workout_whole_session_20260511_180608.csv,yoru0511workout,3234,3405,db_bench_press,0.4763,short_time_energy
datasets/workout/yoru0511workout/yoru0511workout_whole_session_20260511_180608.csv,yoru0511workout,3476,3570,db_bench_press,0.3023,short_time_energy
datasets/workout/yoru0511workout/yoru0511workout_whole_session_20260511_180608.csv,yoru0511workout,3570,3680,db_bench_press,0.3537,short_time_energy
datasets/workout/yoru0511workout/yoru0511workout_whole_session_20260511_180608.csv,yoru0511workout,3748,3834,db_bench_press,0.4645,short_time_energy
datasets/workout/yoru0511workout/yoru0511workout_whole_session_20260511_180608.csv,yoru0511workout,3834,3939,db_bench_press,0.3898,short_time_energy
datasets/workout/yoru0511workout/yoru0511workout_whole_session_20260511_180608.csv,yoru0511workout,9248,9455,db_bench_press,0.5314,short_time_energy
datasets/workout/yoru0511workout/yoru0511workout_whole_session_20260511_180608.csv,yoru0511workout,9524,9763,db_bench_press,0.7445,short_time_energy
datasets/workout/yoru0511workout/yoru0511workout_whole_session_20260511_180608.csv,yoru0511workout,9837,10069,db_bench_press,0.725,short_time_energy
datasets/workout/yoru0511workout/yoru0511workout_whole_session_20260511_180608.csv,yoru0511workout,10169,10276,db_bench_press,0.3075,short_time_energy
datasets/workout/yoru0511workout/yoru0511workout_whole_session_20260511_180608.csv,yoru0511workout,10276,10403,db_bench_press,0.3649,short_time_energy
datasets/workout/yoru0511workout/yoru0511workout_whole_session_20260511_180608.csv,yoru0511workout,10518,10615,db_bench_press,0.2828,short_time_energy
datasets/workout/yoru0511workout/yoru0511workout_whole_session_20260511_180608.csv,yoru0511workout,10615,10764,db_bench_press,0.4344,short_time_energy
datasets/workout/yoru0511workout/yoru0511workout_whole_session_20260511_180608.csv,yoru0511workout,10830,10933,db_bench_press,0.314,short_time_energy
datasets/workout/yoru0511workout/yoru0511workout_whole_session_20260511_180608.csv,yoru0511workout,10933,11080,db_bench_press,0.4482,short_time_energy
datasets/workout/yoru0511workout/yoru0511workout_whole_session_20260511_180608.csv,yoru0511workout,11191,11290,db_bench_press,0.2929,short_time_energy
datasets/workout/yoru0511workout/yoru0511workout_whole_session_20260511_180608.csv,yoru0511workout,11290,11400,db_bench_press,0.3254,short_time_energy
datasets/workout/yoru0511workout/yoru0511workout_whole_session_20260511_180608.csv,yoru0511workout,11506,11766,db_bench_press,0.7143,short_time_energy
datasets/workout/yoru0511workout/yoru0511workout_whole_session_20260511_180608.csv,yoru0511workout,11988,12078,db_bench_press,0.2695,short_time_energy
datasets/workout/yoru0511workout/yoru0511workout_whole_session_20260511_180608.csv,yoru0511workout,12223,12313,db_bench_press,0.2601,short_time_energy
datasets/workout/yoru0511workout/yoru0511workout_whole_session_20260511_180608.csv,yoru0511workout,12313,12448,db_bench_press,0.3902,short_time_energy
datasets/workout/yoru0511workout/yoru0511workout_whole_session_20260511_180608.csv,yoru0511workout,12557,12642,db_bench_press,0.253,short_time_energy
datasets/workout/yoru0511workout/yoru0511workout_whole_session_20260511_180608.csv,yoru0511workout,12642,12806,db_bench_press,0.4881,short_time_energy
datasets/workout/yoru0511workout/yoru0511workout_whole_session_20260511_180608.csv,yoru0511workout,12806,13156,db_bench_press,0.8223,short_time_energy
datasets/workout/yoru0511workout/yoru0511workout_whole_session_20260511_180608.csv,yoru0511workout,13156,13262,db_bench_press,0.3543,short_time_energy
datasets/workout/yoru0511workout/yoru0511workout_whole_session_20260511_180608.csv,yoru0511workout,13262,13441,db_bench_press,0.2863,short_time_energy
datasets/workout/yoru0511workout/yoru0511workout_whole_session_20260511_180608.csv,yoru0511workout,29961,30266,db_bench_press,0.419,short_time_energy
datasets/workout/yoru0511workout/yoru0511workout_whole_session_20260511_180608.csv,yoru0511workout,30403,30494,db_bench_press,0.2974,short_time_energy
datasets/workout/yoru0511workout/yoru0511workout_whole_session_20260511_180608.csv,yoru0511workout,30494,30952,db_bench_press,0.7074,short_time_energy
datasets/workout/yoru0511workout/yoru0511workout_whole_session_20260511_180608.csv,yoru0511workout,52187,52482,db_bench_press,0.4746,short_time_energy
datasets/workout/yoru0511workout/yoru0511workout_whole_session_20260511_180608.csv,yoru0511workout,52482,52787,db_bench_press,0.7098,short_time_energy
datasets/workout/yoru0511workout/yoru0511workout_whole_session_20260511_180608.csv,yoru0511workout,52834,53075,db_bench_press,0.6847,short_time_energy
datasets/workout/yoru0511workout/yoru0511workout_whole_session_20260511_180608.csv,yoru0511workout,53075,53377,db_bench_press,0.7935,short_time_energy
datasets/workout/yoru0511workout/yoru0511workout_whole_session_20260511_180608.csv,yoru0511workout,53489,53736,db_bench_press,0.718,short_time_energy
datasets/workout/yoru0511workout/yoru0511workout_whole_session_20260511_180608.csv,yoru0511workout,53736,54093,db_bench_press,0.8072,short_time_energy
datasets/workout/yoru0511workout/yoru0511workout_whole_session_20260511_180608.csv,yoru0511workout,54093,54495,db_bench_press,0.8507,short_time_energy
datasets/workout/yoru0511workout/yoru0511workout_whole_session_20260511_180608.csv,yoru0511workout,54495,54805,db_bench_press,0.8073,short_time_energy
datasets/workout/yoru0511workout/yoru0511workout_whole_session_20260511_180608.csv,yoru0511workout,54805,55213,db_bench_press,0.7029,short_time_energy
datasets/workout/yoru0511workout/yoru0511workout_whole_session_20260511_180608.csv,yoru0511workout,55213,55563,db_bench_press,0.6846,short_time_energy
datasets/workout/yoru0511workout/yoru0511workout_whole_session_20260511_180608.csv,yoru0511workout,55563,56270,db_bench_press,0.4837,short_time_energy
datasets/workout/yoru0511workout/yoru0511workout_whole_session_20260511_180608.csv,yoru0511workout,62019,62348,db_bench_press,0.5562,short_time_energy
datasets/workout/yoru0511workout/yoru0511workout_whole_session_20260511_180608.csv,yoru0511workout,62404,62683,db_bench_press,0.5354,short_time_energy
datasets/workout/yoru0511workout/yoru0511workout_whole_session_20260511_180608.csv,yoru0511workout,62683,62842,db_bench_press,0.4789,short_time_energy
datasets/workout/yoru0511workout/yoru0511workout_whole_session_20260511_180608.csv,yoru0511workout,62842,63017,db_bench_press,0.2643,short_time_energy
datasets/workout/yoru0511workout/yoru0511workout_whole_session_20260511_180608.csv,yoru0511workout,63017,63284,db_bench_press,0.7717,short_time_energy
datasets/workout/yoru0511workout/yoru0511workout_whole_session_20260511_180608.csv,yoru0511workout,63334,63625,db_bench_press,0.852,short_time_energy
datasets/workout/yoru0511workout/yoru0511workout_whole_session_20260511_180608.csv,yoru0511workout,63687,63858,db_bench_press,0.4831,short_time_energy
datasets/workout/yoru0511workout/yoru0511workout_whole_session_20260511_180608.csv,yoru0511workout,63858,64020,db_bench_press,0.2772,short_time_energy
datasets/workout/yoru0511workout/yoru0511workout_whole_session_20260511_180608.csv,yoru0511workout,64020,64207,db_bench_press,0.5268,short_time_energy
datasets/workout/yoru0511workout/yoru0511workout_whole_session_20260511_180608.csv,yoru0511workout,64207,64396,db_bench_press,0.277,short_time_energy
datasets/workout/yoru0511workout/yoru0511workout_whole_session_20260511_180608.csv,yoru0511workout,64396,64512,db_bench_press,0.3277,short_time_energy
datasets/workout/yoru0511workout/yoru0511workout_whole_session_20260511_180608.csv,yoru0511workout,64512,64748,db_bench_press,0.3948,short_time_energy
datasets/workout/yoru0511workout/yoru0511workout_whole_session_20260511_180608.csv,yoru0511workout,64748,64943,db_bench_press,0.5242,short_time_energy
datasets/workout/yoru0511workout/yoru0511workout_whole_session_20260511_180608.csv,yoru0511workout,64943,65094,db_bench_press,0.2602,short_time_energy
datasets/workout/yoru0511workout/yoru0511workout_whole_session_20260511_180608.csv,yoru0511workout,65094,65186,db_bench_press,0.2771,short_time_energy
datasets/workout/yoru0511workout/yoru0511workout_whole_session_20260511_180608.csv,yoru0511workout,65186,65546,db_bench_press,0.398,short_time_energy
datasets/workout/yoru0511workout/yoru0511workout_whole_session_20260511_180608.csv,yoru0511workout,65546,65788,db_bench_press,0.4494,short_time_energy
datasets/workout/yoru0511workout/yoru0511workout_whole_session_20260511_180608.csv,yoru0511workout,65788,65870,db_bench_press,0.5775,short_time_energy
datasets/workout/yoru0511workout/yoru0511workout_whole_session_20260511_180608.csv,yoru0511workout,122007,122214,one_arm_db_row,0.5112,short_time_energy
datasets/workout/yoru0511workout/yoru0511workout_whole_session_20260511_180608.csv,yoru0511workout,122214,122283,one_arm_db_row,0.2594,short_time_energy
datasets/workout/yoru0511workout/yoru0511workout_whole_session_20260511_180608.csv,yoru0511workout,122283,122492,one_arm_db_row,0.5292,short_time_energy
datasets/workout/yoru0511workout/yoru0511workout_whole_session_20260511_180608.csv,yoru0511workout,122492,122589,one_arm_db_row,0.3368,short_time_energy
datasets/workout/yoru0511workout/yoru0511workout_whole_session_20260511_180608.csv,yoru0511workout,122589,122794,one_arm_db_row,0.4895,short_time_energy
datasets/workout/yoru0511workout/yoru0511workout_whole_session_20260511_180608.csv,yoru0511workout,122794,122938,one_arm_db_row,0.3989,short_time_energy
datasets/workout/yoru0511workout/yoru0511workout_whole_session_20260511_180608.csv,yoru0511workout,122938,123134,one_arm_db_row,0.5428,short_time_energy
datasets/workout/yoru0511workout/yoru0511workout_whole_session_20260511_180608.csv,yoru0511workout,123134,123215,one_arm_db_row,0.2967,short_time_energy
datasets/workout/yoru0511workout/yoru0511workout_whole_session_20260511_180608.csv,yoru0511workout,123215,123432,one_arm_db_row,0.574,short_time_energy
datasets/workout/yoru0511workout/yoru0511workout_whole_session_20260511_180608.csv,yoru0511workout,123432,123526,one_arm_db_row,0.3092,short_time_energy
datasets/workout/yoru0511workout/yoru0511workout_whole_session_20260511_180608.csv,yoru0511workout,123588,123809,one_arm_db_row,0.7647,short_time_energy
datasets/workout/yoru0511workout/yoru0511workout_whole_session_20260511_180608.csv,yoru0511workout,123809,124011,one_arm_db_row,0.5587,short_time_energy
datasets/workout/yoru0511workout/yoru0511workout_whole_session_20260511_180608.csv,yoru0511workout,124011,124097,one_arm_db_row,0.2976,short_time_energy
datasets/workout/yoru0511workout/yoru0511workout_whole_session_20260511_180608.csv,yoru0511workout,124097,124278,one_arm_db_row,0.5238,short_time_energy
datasets/workout/yoru0511workout/yoru0511workout_whole_session_20260511_180608.csv,yoru0511workout,124278,124363,one_arm_db_row,0.3184,short_time_energy
datasets/workout/yoru0511workout/yoru0511workout_whole_session_20260511_180608.csv,yoru0511workout,124363,124564,one_arm_db_row,0.5389,short_time_energy
datasets/workout/yoru0511workout/yoru0511workout_whole_session_20260511_180608.csv,yoru0511workout,124564,124651,one_arm_db_row,0.2969,short_time_energy
datasets/workout/yoru0511workout/yoru0511workout_whole_session_20260511_180608.csv,yoru0511workout,124651,124854,one_arm_db_row,0.5263,short_time_energy
datasets/workout/yoru0511workout/yoru0511workout_whole_session_20260511_180608.csv,yoru0511workout,124854,124930,one_arm_db_row,0.2621,short_time_energy
datasets/workout/yoru0511workout/yoru0511workout_whole_session_20260511_180608.csv,yoru0511workout,125005,125211,one_arm_db_row,0.5063,short_time_energy
datasets/workout/yoru0511workout/yoru0511workout_whole_session_20260511_180608.csv,yoru0511workout,131961,132061,one_arm_db_row,0.512,short_time_energy
datasets/workout/yoru0511workout/yoru0511workout_whole_session_20260511_180608.csv,yoru0511workout,132061,132189,one_arm_db_row,0.3787,short_time_energy
datasets/workout/yoru0511workout/yoru0511workout_whole_session_20260511_180608.csv,yoru0511workout,132189,132316,one_arm_db_row,0.5142,short_time_energy
datasets/workout/yoru0511workout/yoru0511workout_whole_session_20260511_180608.csv,yoru0511workout,132316,132447,one_arm_db_row,0.3891,short_time_energy
datasets/workout/yoru0511workout/yoru0511workout_whole_session_20260511_180608.csv,yoru0511workout,132447,132588,one_arm_db_row,0.5109,short_time_energy
datasets/workout/yoru0511workout/yoru0511workout_whole_session_20260511_180608.csv,yoru0511workout,132588,132768,one_arm_db_row,0.5445,short_time_energy
datasets/workout/yoru0511workout/yoru0511workout_whole_session_20260511_180608.csv,yoru0511workout,132768,132937,one_arm_db_row,0.3415,short_time_energy
datasets/workout/yoru0511workout/yoru0511workout_whole_session_20260511_180608.csv,yoru0511workout,132937,133136,one_arm_db_row,0.7082,short_time_energy
datasets/workout/yoru0511workout/yoru0511workout_whole_session_20260511_180608.csv,yoru0511workout,133226,133613,one_arm_db_row,0.4757,short_time_energy
datasets/workout/yoru0511workout/yoru0511workout_whole_session_20260511_180608.csv,yoru0511workout,133613,133707,one_arm_db_row,0.3264,short_time_energy
datasets/workout/yoru0511workout/yoru0511workout_whole_session_20260511_180608.csv,yoru0511workout,133707,133882,one_arm_db_row,0.5312,short_time_energy
datasets/workout/yoru0511workout/yoru0511workout_whole_session_20260511_180608.csv,yoru0511workout,133882,134142,one_arm_db_row,0.3703,short_time_energy
datasets/workout/yoru0511workout/yoru0511workout_whole_session_20260511_180608.csv,yoru0511workout,134142,134329,one_arm_db_row,0.4102,short_time_energy
datasets/workout/yoru0511workout/yoru0511workout_whole_session_20260511_180608.csv,yoru0511workout,134329,134543,one_arm_db_row,0.7279,short_time_energy
datasets/workout/yoru0511workout/yoru0511workout_whole_session_20260511_180608.csv,yoru0511workout,134605,135011,one_arm_db_row,0.5959,short_time_energy
datasets/workout/yoru0511workout/yoru0511workout_whole_session_20260511_180608.csv,yoru0511workout,140886,141033,one_arm_db_row,0.4326,short_time_energy
datasets/workout/yoru0511workout/yoru0511workout_whole_session_20260511_180608.csv,yoru0511workout,141125,141285,one_arm_db_row,0.6504,short_time_energy
datasets/workout/yoru0511workout/yoru0511workout_whole_session_20260511_180608.csv,yoru0511workout,141285,141457,one_arm_db_row,0.4868,short_time_energy
datasets/workout/yoru0511workout/yoru0511workout_whole_session_20260511_180608.csv,yoru0511workout,141457,141563,one_arm_db_row,0.3827,short_time_energy
datasets/workout/yoru0511workout/yoru0511workout_whole_session_20260511_180608.csv,yoru0511workout,141563,141750,one_arm_db_row,0.5362,short_time_energy
datasets/workout/yoru0511workout/yoru0511workout_whole_session_20260511_180608.csv,yoru0511workout,141750,141843,one_arm_db_row,0.3321,short_time_energy
datasets/workout/yoru0511workout/yoru0511workout_whole_session_20260511_180608.csv,yoru0511workout,141843,142011,one_arm_db_row,0.518,short_time_energy
datasets/workout/yoru0511workout/yoru0511workout_whole_session_20260511_180608.csv,yoru0511workout,142011,142102,one_arm_db_row,0.3583,short_time_energy
datasets/workout/yoru0511workout/yoru0511workout_whole_session_20260511_180608.csv,yoru0511workout,142102,142189,one_arm_db_row,0.2586,short_time_energy
datasets/workout/yoru0511workout/yoru0511workout_whole_session_20260511_180608.csv,yoru0511workout,142189,142264,one_arm_db_row,0.3074,short_time_energy
datasets/workout/yoru0511workout/yoru0511workout_whole_session_20260511_180608.csv,yoru0511workout,142264,142344,one_arm_db_row,0.3279,short_time_energy
datasets/workout/yoru0511workout/yoru0511workout_whole_session_20260511_180608.csv,yoru0511workout,142344,142536,one_arm_db_row,0.5588,short_time_energy
datasets/workout/yoru0511workout/yoru0511workout_whole_session_20260511_180608.csv,yoru0511workout,142536,142613,one_arm_db_row,0.2702,short_time_energy
datasets/workout/yoru0511workout/yoru0511workout_whole_session_20260511_180608.csv,yoru0511workout,142613,142815,one_arm_db_row,0.5,short_time_energy
datasets/workout/yoru0511workout/yoru0511workout_whole_session_20260511_180608.csv,yoru0511workout,142815,142906,one_arm_db_row,0.3106,short_time_energy
datasets/workout/yoru0511workout/yoru0511workout_whole_session_20260511_180608.csv,yoru0511workout,142906,143082,one_arm_db_row,0.4125,short_time_energy
datasets/workout/yoru0511workout/yoru0511workout_whole_session_20260511_180608.csv,yoru0511workout,143082,143213,one_arm_db_row,0.4367,short_time_energy
datasets/workout/yoru0511workout/yoru0511workout_whole_session_20260511_180608.csv,yoru0511workout,143213,143448,one_arm_db_row,0.5908,short_time_energy
datasets/workout/yoru0511workout/yoru0511workout_whole_session_20260511_180608.csv,yoru0511workout,143525,143715,one_arm_db_row,0.4532,short_time_energy
datasets/workout/yoru0511workout/yoru0511workout_whole_session_20260511_180608.csv,yoru0511workout,143715,143836,one_arm_db_row,0.3941,short_time_energy
datasets/workout/yoru0511workout/yoru0511workout_whole_session_20260511_180608.csv,yoru0511workout,143836,144071,one_arm_db_row,0.8681,short_time_energy
datasets/workout/yoru0511workout/yoru0511workout_whole_session_20260511_180608.csv,yoru0511workout,200058,200391,db_rdl,0.4324,short_time_energy
datasets/workout/yoru0511workout/yoru0511workout_whole_session_20260511_180608.csv,yoru0511workout,200391,200547,db_rdl,0.4041,short_time_energy
datasets/workout/yoru0511workout/yoru0511workout_whole_session_20260511_180608.csv,yoru0511workout,200722,200828,db_rdl,0.2657,short_time_energy
datasets/workout/yoru0511workout/yoru0511workout_whole_session_20260511_180608.csv,yoru0511workout,200828,201117,db_rdl,0.4186,short_time_energy
datasets/workout/yoru0511workout/yoru0511workout_whole_session_20260511_180608.csv,yoru0511workout,201117,201225,db_rdl,0.2919,short_time_energy
datasets/workout/yoru0511workout/yoru0511workout_whole_session_20260511_180608.csv,yoru0511workout,201225,201610,db_rdl,0.3725,short_time_energy
datasets/workout/yoru0511workout/yoru0511workout_whole_session_20260511_180608.csv,yoru0511workout,201610,201999,db_rdl,0.3996,short_time_energy
datasets/workout/yoru0511workout/yoru0511workout_whole_session_20260511_180608.csv,yoru0511workout,201999,202176,db_rdl,0.3692,short_time_energy
datasets/workout/yoru0511workout/yoru0511workout_whole_session_20260511_180608.csv,yoru0511workout,202256,202382,db_rdl,0.319,short_time_energy
datasets/workout/yoru0511workout/yoru0511workout_whole_session_20260511_180608.csv,yoru0511workout,202382,202811,db_rdl,0.432,short_time_energy
datasets/workout/yoru0511workout/yoru0511workout_whole_session_20260511_180608.csv,yoru0511workout,202811,203258,db_rdl,0.391,short_time_energy
datasets/workout/yoru0511workout/yoru0511workout_whole_session_20260511_180608.csv,yoru0511workout,203258,203491,db_rdl,0.3711,short_time_energy
datasets/workout/yoru0511workout/yoru0511workout_whole_session_20260511_180608.csv,yoru0511workout,203571,203881,db_rdl,0.5022,short_time_energy
datasets/workout/yoru0511workout/yoru0511workout_whole_session_20260511_180608.csv,yoru0511workout,203881,203996,db_rdl,0.3194,short_time_energy
datasets/workout/yoru0511workout/yoru0511workout_whole_session_20260511_180608.csv,yoru0511workout,203996,204165,db_rdl,0.4297,short_time_energy
datasets/workout/yoru0511workout/yoru0511workout_whole_session_20260511_180608.csv,yoru0511workout,204165,204405,db_rdl,0.636,short_time_energy
datasets/workout/yoru0511workout/yoru0511workout_whole_session_20260511_180608.csv,yoru0511workout,211545,211987,db_rdl,0.4842,short_time_energy
datasets/workout/yoru0511workout/yoru0511workout_whole_session_20260511_180608.csv,yoru0511workout,211987,212366,db_rdl,0.3575,short_time_energy
datasets/workout/yoru0511workout/yoru0511workout_whole_session_20260511_180608.csv,yoru0511workout,212366,212676,db_rdl,0.3642,short_time_energy
datasets/workout/yoru0511workout/yoru0511workout_whole_session_20260511_180608.csv,yoru0511workout,212676,213393,db_rdl,0.4937,short_time_energy
datasets/workout/yoru0511workout/yoru0511workout_whole_session_20260511_180608.csv,yoru0511workout,213393,214215,db_rdl,0.5219,short_time_energy
datasets/workout/yoru0511workout/yoru0511workout_whole_session_20260511_180608.csv,yoru0511workout,214215,214568,db_rdl,0.355,short_time_energy
datasets/workout/yoru0511workout/yoru0511workout_whole_session_20260511_180608.csv,yoru0511workout,214568,214956,db_rdl,0.3195,short_time_energy
datasets/workout/yoru0511workout/yoru0511workout_whole_session_20260511_180608.csv,yoru0511workout,214956,215436,db_rdl,0.3748,short_time_energy
datasets/workout/yoru0511workout/yoru0511workout_whole_session_20260511_180608.csv,yoru0511workout,215436,215671,db_rdl,0.3617,short_time_energy
datasets/workout/yoru0511workout/yoru0511workout_whole_session_20260511_180608.csv,yoru0511workout,215671,215813,db_rdl,0.3744,short_time_energy
datasets/workout/yoru0511workout/yoru0511workout_whole_session_20260511_180608.csv,yoru0511workout,226262,226345,db_rdl,0.6014,short_time_energy
datasets/workout/yoru0511workout/yoru0511workout_whole_session_20260511_180608.csv,yoru0511workout,226433,226530,db_rdl,0.2732,short_time_energy
datasets/workout/yoru0511workout/yoru0511workout_whole_session_20260511_180608.csv,yoru0511workout,226530,226647,db_rdl,0.3296,short_time_energy
datasets/workout/yoru0511workout/yoru0511workout_whole_session_20260511_180608.csv,yoru0511workout,226772,226899,db_rdl,0.386,short_time_energy
datasets/workout/yoru0511workout/yoru0511workout_whole_session_20260511_180608.csv,yoru0511workout,226899,226986,db_rdl,0.2644,short_time_energy
datasets/workout/yoru0511workout/yoru0511workout_whole_session_20260511_180608.csv,yoru0511workout,227214,227345,db_rdl,0.3531,short_time_energy
datasets/workout/yoru0511workout/yoru0511workout_whole_session_20260511_180608.csv,yoru0511workout,227605,227696,db_rdl,0.2615,short_time_energy
datasets/workout/yoru0511workout/yoru0511workout_whole_session_20260511_180608.csv,yoru0511workout,227850,227960,db_rdl,0.3207,short_time_energy
datasets/workout/yoru0511workout/yoru0511workout_whole_session_20260511_180608.csv,yoru0511workout,227960,228072,db_rdl,0.3265,short_time_energy
datasets/workout/yoru0511workout/yoru0511workout_whole_session_20260511_180608.csv,yoru0511workout,228271,228422,db_rdl,0.4092,short_time_energy
datasets/workout/yoru0511workout/yoru0511workout_whole_session_20260511_180608.csv,yoru0511workout,228639,228750,db_rdl,0.3136,short_time_energy
datasets/workout/yoru0511workout/yoru0511workout_whole_session_20260511_180608.csv,yoru0511workout,228883,229001,db_rdl,0.3554,short_time_energy
datasets/workout/yoru0511workout/yoru0511workout_whole_session_20260511_180608.csv,yoru0511workout,229001,229088,db_rdl,0.262,short_time_energy
datasets/workout/yoru0511workout/yoru0511workout_whole_session_20260511_180608.csv,yoru0511workout,229235,229353,db_rdl,0.3315,short_time_energy
datasets/workout/yoru0511workout/yoru0511workout_whole_session_20260511_180608.csv,yoru0511workout,229353,229467,db_rdl,0.3202,short_time_energy
datasets/workout/yoru0511workout/yoru0511workout_whole_session_20260511_180608.csv,yoru0511workout,229676,229791,db_rdl,0.3382,short_time_energy
datasets/workout/yoru0511workout/yoru0511workout_whole_session_20260511_180608.csv,yoru0511workout,229850,229904,db_rdl,0.3068,short_time_energy
datasets/workout/yoru0511workout/yoru0511workout_whole_session_20260511_180608.csv,yoru0511workout,229904,229948,db_rdl,0.25,short_time_energy
datasets/workout/yoru0511workout/yoru0511workout_whole_session_20260511_180608.csv,yoru0511workout,229948,230000,db_rdl,0.2955,short_time_energy
datasets/workout/yoru0511workout/yoru0511workout_whole_session_20260511_180608.csv,yoru0511workout,247704,247875,db_weighted_crunch,0.443,short_time_energy
datasets/workout/yoru0511workout/yoru0511workout_whole_session_20260511_180608.csv,yoru0511workout,247875,247963,db_weighted_crunch,0.342,short_time_energy
datasets/workout/yoru0511workout/yoru0511workout_whole_session_20260511_180608.csv,yoru0511workout,247963,248074,db_weighted_crunch,0.3788,short_time_energy
datasets/workout/yoru0511workout/yoru0511workout_whole_session_20260511_180608.csv,yoru0511workout,248074,248171,db_weighted_crunch,0.3311,short_time_energy
datasets/workout/yoru0511workout/yoru0511workout_whole_session_20260511_180608.csv,yoru0511workout,248222,248440,db_weighted_crunch,0.5787,short_time_energy
datasets/workout/yoru0511workout/yoru0511workout_whole_session_20260511_180608.csv,yoru0511workout,248648,248778,db_weighted_crunch,0.3846,short_time_energy
datasets/workout/yoru0511workout/yoru0511workout_whole_session_20260511_180608.csv,yoru0511workout,248938,249018,db_weighted_crunch,0.2516,short_time_energy
datasets/workout/yoru0511workout/yoru0511workout_whole_session_20260511_180608.csv,yoru0511workout,249085,249167,db_weighted_crunch,0.2579,short_time_energy
datasets/workout/yoru0511workout/yoru0511workout_whole_session_20260511_180608.csv,yoru0511workout,249252,249387,db_weighted_crunch,0.4515,short_time_energy
datasets/workout/yoru0511workout/yoru0511workout_whole_session_20260511_180608.csv,yoru0511workout,249387,249469,db_weighted_crunch,0.2742,short_time_energy
datasets/workout/yoru0511workout/yoru0511workout_whole_session_20260511_180608.csv,yoru0511workout,249677,249877,db_weighted_crunch,0.5174,short_time_energy
datasets/workout/yoru0511workout/yoru0511workout_whole_session_20260511_180608.csv,yoru0511workout,249877,250043,db_weighted_crunch,0.522,short_time_energy
datasets/workout/yoru0511workout/yoru0511workout_whole_session_20260511_180608.csv,yoru0511workout,250043,250186,db_weighted_crunch,0.3927,short_time_energy
datasets/workout/yoru0511workout/yoru0511workout_whole_session_20260511_180608.csv,yoru0511workout,250230,250375,db_weighted_crunch,0.4589,short_time_energy
datasets/workout/yoru0511workout/yoru0511workout_whole_session_20260511_180608.csv,yoru0511workout,250566,250648,db_weighted_crunch,0.262,short_time_energy
datasets/workout/yoru0511workout/yoru0511workout_whole_session_20260511_180608.csv,yoru0511workout,250883,250998,db_weighted_crunch,0.3324,short_time_energy
datasets/workout/yoru0511workout/yoru0511workout_whole_session_20260511_180608.csv,yoru0511workout,251177,251218,db_weighted_crunch,0.2595,short_time_energy
datasets/workout/yoru0511workout/yoru0511workout_whole_session_20260511_180608.csv,yoru0511workout,251218,251311,db_weighted_crunch,0.5399,short_time_energy
datasets/workout/yoru0511workout/yoru0511workout_whole_session_20260511_180608.csv,yoru0511workout,256965,257022,db_weighted_crunch,0.4453,short_time_energy
datasets/workout/yoru0511workout/yoru0511workout_whole_session_20260511_180608.csv,yoru0511workout,257022,257114,db_weighted_crunch,0.4103,short_time_energy
datasets/workout/yoru0511workout/yoru0511workout_whole_session_20260511_180608.csv,yoru0511workout,257235,257323,db_weighted_crunch,0.3154,short_time_energy
datasets/workout/yoru0511workout/yoru0511workout_whole_session_20260511_180608.csv,yoru0511workout,257541,257699,db_weighted_crunch,0.4132,short_time_energy
datasets/workout/yoru0511workout/yoru0511workout_whole_session_20260511_180608.csv,yoru0511workout,257772,257885,db_weighted_crunch,0.3477,short_time_energy
datasets/workout/yoru0511workout/yoru0511workout_whole_session_20260511_180608.csv,yoru0511workout,257885,257977,db_weighted_crunch,0.2831,short_time_energy
datasets/workout/yoru0511workout/yoru0511workout_whole_session_20260511_180608.csv,yoru0511workout,258170,258257,db_weighted_crunch,0.2693,short_time_energy
datasets/workout/yoru0511workout/yoru0511workout_whole_session_20260511_180608.csv,yoru0511workout,258257,258481,db_weighted_crunch,0.4208,short_time_energy
datasets/workout/yoru0511workout/yoru0511workout_whole_session_20260511_180608.csv,yoru0511workout,258481,258580,db_weighted_crunch,0.3345,short_time_energy
datasets/workout/yoru0511workout/yoru0511workout_whole_session_20260511_180608.csv,yoru0511workout,258636,258759,db_weighted_crunch,0.4198,short_time_energy
datasets/workout/yoru0511workout/yoru0511workout_whole_session_20260511_180608.csv,yoru0511workout,258759,258854,db_weighted_crunch,0.3242,short_time_energy
datasets/workout/yoru0511workout/yoru0511workout_whole_session_20260511_180608.csv,yoru0511workout,258986,259096,db_weighted_crunch,0.3438,short_time_energy
datasets/workout/yoru0511workout/yoru0511workout_whole_session_20260511_180608.csv,yoru0511workout,259096,259176,db_weighted_crunch,0.25,short_time_energy
datasets/workout/yoru0511workout/yoru0511workout_whole_session_20260511_180608.csv,yoru0511workout,259288,259389,db_weighted_crunch,0.3594,short_time_energy
datasets/workout/yoru0511workout/yoru0511workout_whole_session_20260511_180608.csv,yoru0511workout,259389,259464,db_weighted_crunch,0.2669,short_time_energy
datasets/workout/yoru0511workout/yoru0511workout_whole_session_20260511_180608.csv,yoru0511workout,259582,259673,db_weighted_crunch,0.3064,short_time_energy
datasets/workout/yoru0511workout/yoru0511workout_whole_session_20260511_180608.csv,yoru0511workout,259673,259831,db_weighted_crunch,0.449,short_time_energy
datasets/workout/yoru0511workout/yoru0511workout_whole_session_20260511_180608.csv,yoru0511workout,259872,259974,db_weighted_crunch,0.3643,short_time_energy
datasets/workout/yoru0511workout/yoru0511workout_whole_session_20260511_180608.csv,yoru0511workout,259974,260045,db_weighted_crunch,0.2536,short_time_energy
datasets/workout/yoru0511workout/yoru0511workout_whole_session_20260511_180608.csv,yoru0511workout,260129,260180,db_weighted_crunch,0.3018,short_time_energy
datasets/workout/yoru0511workout/yoru0511workout_whole_session_20260511_180608.csv,yoru0511workout,260180,260303,db_weighted_crunch,0.3971,short_time_energy
datasets/workout/yoru0511workout/yoru0511workout_whole_session_20260511_180608.csv,yoru0511workout,266836,266953,db_weighted_crunch,0.3333,short_time_energy
datasets/workout/yoru0511workout/yoru0511workout_whole_session_20260511_180608.csv,yoru0511workout,266953,267039,db_weighted_crunch,0.3776,short_time_energy
datasets/workout/yoru0511workout/yoru0511workout_whole_session_20260511_180608.csv,yoru0511workout,267127,267221,db_weighted_crunch,0.3821,short_time_energy
datasets/workout/yoru0511workout/yoru0511workout_whole_session_20260511_180608.csv,yoru0511workout,267300,267428,db_weighted_crunch,0.4142,short_time_energy
datasets/workout/yoru0511workout/yoru0511workout_whole_session_20260511_180608.csv,yoru0511workout,267589,267706,db_weighted_crunch,0.4301,short_time_energy
datasets/workout/yoru0511workout/yoru0511workout_whole_session_20260511_180608.csv,yoru0511workout,267706,267783,db_weighted_crunch,0.2831,short_time_energy
datasets/workout/yoru0511workout/yoru0511workout_whole_session_20260511_180608.csv,yoru0511workout,267976,268045,db_weighted_crunch,0.2644,short_time_energy
datasets/workout/yoru0511workout/yoru0511workout_whole_session_20260511_180608.csv,yoru0511workout,268133,268207,db_weighted_crunch,0.2792,short_time_energy
datasets/workout/yoru0511workout/yoru0511workout_whole_session_20260511_180608.csv,yoru0511workout,268407,268543,db_weighted_crunch,0.4626,short_time_energy
datasets/workout/yoru0511workout/yoru0511workout_whole_session_20260511_180608.csv,yoru0511workout,268701,268774,db_weighted_crunch,0.2517,short_time_energy
datasets/workout/yoru0511workout/yoru0511workout_whole_session_20260511_180608.csv,yoru0511workout,268828,268920,db_weighted_crunch,0.3172,short_time_energy
datasets/workout/yoru0511workout/yoru0511workout_whole_session_20260511_180608.csv,yoru0511workout,269011,269087,db_weighted_crunch,0.2724,short_time_energy
datasets/workout/yoru0511workout/yoru0511workout_whole_session_20260511_180608.csv,yoru0511workout,269272,269376,db_weighted_crunch,0.3649,short_time_energy
datasets/workout/yoru0511workout/yoru0511workout_whole_session_20260511_180608.csv,yoru0511workout,269830,269943,db_weighted_crunch,0.8129,short_time_energy
datasets/workout/yoru0511workout/yoru0511workout_whole_session_20260511_180608.csv,yoru0511workout,284739,284888,db_shoulder_press,0.5786,short_time_energy
datasets/workout/yoru0511workout/yoru0511workout_whole_session_20260511_180608.csv,yoru0511workout,284951,285170,db_shoulder_press,0.7711,short_time_energy
datasets/workout/yoru0511workout/yoru0511workout_whole_session_20260511_180608.csv,yoru0511workout,285234,285312,db_shoulder_press,0.2857,short_time_energy
datasets/workout/yoru0511workout/yoru0511workout_whole_session_20260511_180608.csv,yoru0511workout,285312,285416,db_shoulder_press,0.381,short_time_energy
datasets/workout/yoru0511workout/yoru0511workout_whole_session_20260511_180608.csv,yoru0511workout,285516,285598,db_shoulder_press,0.2799,short_time_energy
datasets/workout/yoru0511workout/yoru0511workout_whole_session_20260511_180608.csv,yoru0511workout,285598,285739,db_shoulder_press,0.4812,short_time_energy
datasets/workout/yoru0511workout/yoru0511workout_whole_session_20260511_180608.csv,yoru0511workout,285809,286025,db_shoulder_press,0.7617,short_time_energy
datasets/workout/yoru0511workout/yoru0511workout_whole_session_20260511_180608.csv,yoru0511workout,286164,286317,db_shoulder_press,0.4613,short_time_energy
datasets/workout/yoru0511workout/yoru0511workout_whole_session_20260511_180608.csv,yoru0511workout,286447,286578,db_shoulder_press,0.4596,short_time_energy
datasets/workout/yoru0511workout/yoru0511workout_whole_session_20260511_180608.csv,yoru0511workout,286650,286859,db_shoulder_press,0.7232,short_time_energy
datasets/workout/yoru0511workout/yoru0511workout_whole_session_20260511_180608.csv,yoru0511workout,286939,287125,db_shoulder_press,0.6643,short_time_energy
datasets/workout/yoru0511workout/yoru0511workout_whole_session_20260511_180608.csv,yoru0511workout,287216,287290,db_shoulder_press,0.2731,short_time_energy
datasets/workout/yoru0511workout/yoru0511workout_whole_session_20260511_180608.csv,yoru0511workout,287290,287388,db_shoulder_press,0.3616,short_time_energy
datasets/workout/yoru0511workout/yoru0511workout_whole_session_20260511_180608.csv,yoru0511workout,287388,287582,db_shoulder_press,0.4262,short_time_energy
datasets/workout/yoru0511workout/yoru0511workout_whole_session_20260511_180608.csv,yoru0511workout,287582,287733,db_shoulder_press,0.4604,short_time_energy
datasets/workout/yoru0511workout/yoru0511workout_whole_session_20260511_180608.csv,yoru0511workout,287733,287818,db_shoulder_press,0.4848,short_time_energy
datasets/workout/yoru0511workout/yoru0511workout_whole_session_20260511_180608.csv,yoru0511workout,293203,293358,db_shoulder_press,0.4973,short_time_energy
datasets/workout/yoru0511workout/yoru0511workout_whole_session_20260511_180608.csv,yoru0511workout,293442,293536,db_shoulder_press,0.3715,short_time_energy
datasets/workout/yoru0511workout/yoru0511workout_whole_session_20260511_180608.csv,yoru0511workout,293536,293617,db_shoulder_press,0.3202,short_time_energy
datasets/workout/yoru0511workout/yoru0511workout_whole_session_20260511_180608.csv,yoru0511workout,293697,293759,db_shoulder_press,0.2583,short_time_energy
datasets/workout/yoru0511workout/yoru0511workout_whole_session_20260511_180608.csv,yoru0511workout,293759,293855,db_shoulder_press,0.4,short_time_energy
datasets/workout/yoru0511workout/yoru0511workout_whole_session_20260511_180608.csv,yoru0511workout,294019,294138,db_shoulder_press,0.419,short_time_energy
datasets/workout/yoru0511workout/yoru0511workout_whole_session_20260511_180608.csv,yoru0511workout,294233,294305,db_shoulder_press,0.2535,short_time_energy
datasets/workout/yoru0511workout/yoru0511workout_whole_session_20260511_180608.csv,yoru0511workout,294305,294456,db_shoulder_press,0.4948,short_time_energy
datasets/workout/yoru0511workout/yoru0511workout_whole_session_20260511_180608.csv,yoru0511workout,294516,294610,db_shoulder_press,0.3333,short_time_energy
datasets/workout/yoru0511workout/yoru0511workout_whole_session_20260511_180608.csv,yoru0511workout,294610,294739,db_shoulder_press,0.4172,short_time_energy
datasets/workout/yoru0511workout/yoru0511workout_whole_session_20260511_180608.csv,yoru0511workout,294864,295050,db_shoulder_press,0.5298,short_time_energy
datasets/workout/yoru0511workout/yoru0511workout_whole_session_20260511_180608.csv,yoru0511workout,295118,295194,db_shoulder_press,0.2676,short_time_energy
datasets/workout/yoru0511workout/yoru0511workout_whole_session_20260511_180608.csv,yoru0511workout,295194,295295,db_shoulder_press,0.3556,short_time_energy
datasets/workout/yoru0511workout/yoru0511workout_whole_session_20260511_180608.csv,yoru0511workout,295295,295397,db_shoulder_press,0.2749,short_time_energy
datasets/workout/yoru0511workout/yoru0511workout_whole_session_20260511_180608.csv,yoru0511workout,295397,295488,db_shoulder_press,0.3383,short_time_energy
datasets/workout/yoru0511workout/yoru0511workout_whole_session_20260511_180608.csv,yoru0511workout,295488,295592,db_shoulder_press,0.3564,short_time_energy
datasets/workout/yoru0511workout/yoru0511workout_whole_session_20260511_180608.csv,yoru0511workout,295697,295784,db_shoulder_press,0.2661,short_time_energy
datasets/workout/yoru0511workout/yoru0511workout_whole_session_20260511_180608.csv,yoru0511workout,295784,295900,db_shoulder_press,0.3547,short_time_energy
datasets/workout/yoru0511workout/yoru0511workout_whole_session_20260511_180608.csv,yoru0511workout,296041,296178,db_shoulder_press,0.4644,short_time_energy
datasets/workout/yoru0511workout/yoru0511workout_whole_session_20260511_180608.csv,yoru0511workout,296178,296267,db_shoulder_press,0.3471,short_time_energy
datasets/workout/yoru0511workout/yoru0511workout_whole_session_20260511_180608.csv,yoru0511workout,296267,296353,db_shoulder_press,0.5586,short_time_energy
datasets/workout/yoru0511workout/yoru0511workout_whole_session_20260511_180608.csv,yoru0511workout,302641,302844,db_shoulder_press,0.5517,short_time_energy
datasets/workout/yoru0511workout/yoru0511workout_whole_session_20260511_180608.csv,yoru0511workout,302887,302987,db_shoulder_press,0.3745,short_time_energy
datasets/workout/yoru0511workout/yoru0511workout_whole_session_20260511_180608.csv,yoru0511workout,302987,303129,db_shoulder_press,0.4201,short_time_energy
datasets/workout/yoru0511workout/yoru0511workout_whole_session_20260511_180608.csv,yoru0511workout,303174,303256,db_shoulder_press,0.3094,short_time_energy
datasets/workout/yoru0511workout/yoru0511workout_whole_session_20260511_180608.csv,yoru0511workout,303256,303387,db_shoulder_press,0.4194,short_time_energy
datasets/workout/yoru0511workout/yoru0511workout_whole_session_20260511_180608.csv,yoru0511workout,303452,303542,db_shoulder_press,0.3125,short_time_energy
datasets/workout/yoru0511workout/yoru0511workout_whole_session_20260511_180608.csv,yoru0511workout,303542,303685,db_shoulder_press,0.3814,short_time_energy
datasets/workout/yoru0511workout/yoru0511workout_whole_session_20260511_180608.csv,yoru0511workout,303726,303810,db_shoulder_press,0.2937,short_time_energy
datasets/workout/yoru0511workout/yoru0511workout_whole_session_20260511_180608.csv,yoru0511workout,303810,303968,db_shoulder_press,0.4463,short_time_energy
datasets/workout/yoru0511workout/yoru0511workout_whole_session_20260511_180608.csv,yoru0511workout,303968,304208,db_shoulder_press,0.9125,short_time_energy
datasets/workout/yoru0511workout/yoru0511workout_whole_session_20260511_180608.csv,yoru0511workout,304208,304293,db_shoulder_press,0.2795,short_time_energy
datasets/workout/yoru0511workout/yoru0511workout_whole_session_20260511_180608.csv,yoru0511workout,304293,304367,db_shoulder_press,0.2508,short_time_energy
datasets/workout/yoru0511workout/yoru0511workout_whole_session_20260511_180608.csv,yoru0511workout,304367,304484,db_shoulder_press,0.3966,short_time_energy
datasets/workout/yoru0511workout/yoru0511workout_whole_session_20260511_180608.csv,yoru0511workout,304541,304617,db_shoulder_press,0.3207,short_time_energy
datasets/workout/yoru0511workout/yoru0511workout_whole_session_20260511_180608.csv,yoru0511workout,304617,304752,db_shoulder_press,0.5061,short_time_energy
datasets/workout/yoru0511workout/yoru0511workout_whole_session_20260511_180608.csv,yoru0511workout,304805,304895,db_shoulder_press,0.3309,short_time_energy
datasets/workout/yoru0511workout/yoru0511workout_whole_session_20260511_180608.csv,yoru0511workout,305016,305140,db_shoulder_press,0.498,short_time_energy
datasets/workout/yoru0511workout/yoru0511workout_whole_session_20260511_180608.csv,yoru0511workout,305140,305230,db_shoulder_press,0.3614,short_time_energy
datasets/workout/yoru0511workout/yoru0511workout_whole_session_20260511_180608.csv,yoru0511workout,305286,305455,db_shoulder_press,0.5951,short_time_energy
datasets/workout/yoru0511workout/yoru0511workout_whole_session_20260511_180608.csv,yoru0511workout,305558,305634,db_shoulder_press,0.5352,short_time_energy
datasets/workout/yoru0511workout/yoru0511workout_whole_session_20260511_180608.csv,yoru0511workout,305634,305689,db_shoulder_press,0.3873,short_time_energy
datasets/workout/yoru0511workout/yoru0511workout_whole_session_20260511_180608.csv,yoru0511workout,320031,320178,db_biceps_curl,0.5163,short_time_energy
datasets/workout/yoru0511workout/yoru0511workout_whole_session_20260511_180608.csv,yoru0511workout,320250,320374,db_biceps_curl,0.4382,short_time_energy
datasets/workout/yoru0511workout/yoru0511workout_whole_session_20260511_180608.csv,yoru0511workout,320374,320458,db_biceps_curl,0.2968,short_time_energy
datasets/workout/yoru0511workout/yoru0511workout_whole_session_20260511_180608.csv,yoru0511workout,320564,320776,db_biceps_curl,0.6861,short_time_energy
datasets/workout/yoru0511workout/yoru0511workout_whole_session_20260511_180608.csv,yoru0511workout,320776,320897,db_biceps_curl,0.2528,short_time_energy
datasets/workout/yoru0511workout/yoru0511workout_whole_session_20260511_180608.csv,yoru0511workout,320897,320996,db_biceps_curl,0.3046,short_time_energy
datasets/workout/yoru0511workout/yoru0511workout_whole_session_20260511_180608.csv,yoru0511workout,320996,321094,db_biceps_curl,0.3015,short_time_energy
datasets/workout/yoru0511workout/yoru0511workout_whole_session_20260511_180608.csv,yoru0511workout,321143,321406,db_biceps_curl,0.8976,short_time_energy
datasets/workout/yoru0511workout/yoru0511workout_whole_session_20260511_180608.csv,yoru0511workout,321406,321528,db_biceps_curl,0.3179,short_time_energy
datasets/workout/yoru0511workout/yoru0511workout_whole_session_20260511_180608.csv,yoru0511workout,321528,321711,db_biceps_curl,0.6,short_time_energy
datasets/workout/yoru0511workout/yoru0511workout_whole_session_20260511_180608.csv,yoru0511workout,321711,321822,db_biceps_curl,0.2706,short_time_energy
datasets/workout/yoru0511workout/yoru0511workout_whole_session_20260511_180608.csv,yoru0511workout,321822,322022,db_biceps_curl,0.6231,short_time_energy
datasets/workout/yoru0511workout/yoru0511workout_whole_session_20260511_180608.csv,yoru0511workout,322161,322357,db_biceps_curl,0.5714,short_time_energy
datasets/workout/yoru0511workout/yoru0511workout_whole_session_20260511_180608.csv,yoru0511workout,322441,322702,db_biceps_curl,0.5812,short_time_energy
datasets/workout/yoru0511workout/yoru0511workout_whole_session_20260511_180608.csv,yoru0511workout,335375,335496,db_biceps_curl,0.4904,short_time_energy
datasets/workout/yoru0511workout/yoru0511workout_whole_session_20260511_180608.csv,yoru0511workout,335496,335553,db_biceps_curl,0.2687,short_time_energy
datasets/workout/yoru0511workout/yoru0511workout_whole_session_20260511_180608.csv,yoru0511workout,335553,335629,db_biceps_curl,0.2957,short_time_energy
datasets/workout/yoru0511workout/yoru0511workout_whole_session_20260511_180608.csv,yoru0511workout,335851,335952,db_biceps_curl,0.39,short_time_energy
datasets/workout/yoru0511workout/yoru0511workout_whole_session_20260511_180608.csv,yoru0511workout,336123,336223,db_biceps_curl,0.3623,short_time_energy
datasets/workout/yoru0511workout/yoru0511workout_whole_session_20260511_180608.csv,yoru0511workout,336387,336474,db_biceps_curl,0.3359,short_time_energy
datasets/workout/yoru0511workout/yoru0511workout_whole_session_20260511_180608.csv,yoru0511workout,336474,336546,db_biceps_curl,0.278,short_time_energy
datasets/workout/yoru0511workout/yoru0511workout_whole_session_20260511_180608.csv,yoru0511workout,336664,336770,db_biceps_curl,0.3643,short_time_energy
datasets/workout/yoru0511workout/yoru0511workout_whole_session_20260511_180608.csv,yoru0511workout,336878,336944,db_biceps_curl,0.2538,short_time_energy
datasets/workout/yoru0511workout/yoru0511workout_whole_session_20260511_180608.csv,yoru0511workout,336944,337035,db_biceps_curl,0.35,short_time_energy
datasets/workout/yoru0511workout/yoru0511workout_whole_session_20260511_180608.csv,yoru0511workout,337035,337100,db_biceps_curl,0.25,short_time_energy
datasets/workout/yoru0511workout/yoru0511workout_whole_session_20260511_180608.csv,yoru0511workout,337244,337320,db_biceps_curl,0.2559,short_time_energy
datasets/workout/yoru0511workout/yoru0511workout_whole_session_20260511_180608.csv,yoru0511workout,337320,337397,db_biceps_curl,0.2593,short_time_energy
datasets/workout/yoru0511workout/yoru0511workout_whole_session_20260511_180608.csv,yoru0511workout,337449,337536,db_biceps_curl,0.2834,short_time_energy
datasets/workout/yoru0511workout/yoru0511workout_whole_session_20260511_180608.csv,yoru0511workout,337536,337623,db_biceps_curl,0.2834,short_time_energy
datasets/workout/yoru0511workout/yoru0511workout_whole_session_20260511_180608.csv,yoru0511workout,337758,337840,db_biceps_curl,0.2715,short_time_energy
datasets/workout/yoru0511workout/yoru0511workout_whole_session_20260511_180608.csv,yoru0511workout,337840,337923,db_biceps_curl,0.2748,short_time_energy
datasets/workout/yoru0511workout/yoru0511workout_whole_session_20260511_180608.csv,yoru0511workout,338150,338235,db_biceps_curl,0.2724,short_time_energy
datasets/workout/yoru0511workout/yoru0511workout_whole_session_20260511_180608.csv,yoru0511workout,338235,338314,db_biceps_curl,0.2532,short_time_energy
datasets/workout/yoru0511workout/yoru0511workout_whole_session_20260511_180608.csv,yoru0511workout,338383,338459,db_biceps_curl,0.4524,short_time_energy
datasets/workout/yoru0511workout/yoru0511workout_whole_session_20260511_180608.csv,yoru0511workout,338459,338542,db_biceps_curl,0.3211,short_time_energy
datasets/workout/yoru0511workout/yoru0511workout_whole_session_20260511_180608.csv,yoru0511workout,344399,344527,db_biceps_curl,0.4277,short_time_energy
datasets/workout/yoru0511workout/yoru0511workout_whole_session_20260511_180608.csv,yoru0511workout,344527,344576,db_biceps_curl,0.265,short_time_energy
datasets/workout/yoru0511workout/yoru0511workout_whole_session_20260511_180608.csv,yoru0511workout,344576,344643,db_biceps_curl,0.2839,short_time_energy
datasets/workout/yoru0511workout/yoru0511workout_whole_session_20260511_180608.csv,yoru0511workout,344643,344721,db_biceps_curl,0.3305,short_time_energy
datasets/workout/yoru0511workout/yoru0511workout_whole_session_20260511_180608.csv,yoru0511workout,344823,345024,db_biceps_curl,0.7821,short_time_energy
datasets/workout/yoru0511workout/yoru0511workout_whole_session_20260511_180608.csv,yoru0511workout,345024,345143,db_biceps_curl,0.3036,short_time_energy
datasets/workout/yoru0511workout/yoru0511workout_whole_session_20260511_180608.csv,yoru0511workout,345143,345224,db_biceps_curl,0.2935,short_time_energy
datasets/workout/yoru0511workout/yoru0511workout_whole_session_20260511_180608.csv,yoru0511workout,345224,345414,db_biceps_curl,0.2837,short_time_energy
datasets/workout/yoru0511workout/yoru0511workout_whole_session_20260511_180608.csv,yoru0511workout,345414,345490,db_biceps_curl,0.2734,short_time_energy
datasets/workout/yoru0511workout/yoru0511workout_whole_session_20260511_180608.csv,yoru0511workout,345490,345568,db_biceps_curl,0.2806,short_time_energy
datasets/workout/yoru0511workout/yoru0511workout_whole_session_20260511_180608.csv,yoru0511workout,345627,345715,db_biceps_curl,0.2821,short_time_energy
datasets/workout/yoru0511workout/yoru0511workout_whole_session_20260511_180608.csv,yoru0511workout,345715,345949,db_biceps_curl,0.5872,short_time_energy
datasets/workout/yoru0511workout/yoru0511workout_whole_session_20260511_180608.csv,yoru0511workout,345949,346045,db_biceps_curl,0.3038,short_time_energy
datasets/workout/yoru0511workout/yoru0511workout_whole_session_20260511_180608.csv,yoru0511workout,346045,346186,db_biceps_curl,0.4462,short_time_energy
datasets/workout/yoru0511workout/yoru0511workout_whole_session_20260511_180608.csv,yoru0511workout,346314,346480,db_biceps_curl,0.5704,short_time_energy
datasets/workout/yoru0511workout/yoru0511workout_whole_session_20260511_180608.csv,yoru0511workout,346480,346642,db_biceps_curl,0.3147,short_time_energy
datasets/workout/yoru0511workout/yoru0511workout_whole_session_20260511_180608.csv,yoru0511workout,346642,346824,db_biceps_curl,0.5498,short_time_energy
datasets/workout/yoru0511workout/yoru0511workout_whole_session_20260511_180608.csv,yoru0511workout,346970,347156,db_biceps_curl,0.5519,short_time_energy
datasets/workout/yoru0511workout/yoru0511workout_whole_session_20260511_180608.csv,yoru0511workout,347156,347293,db_biceps_curl,0.2869,short_time_energy
datasets/workout/yoru0511workout/yoru0511workout_whole_session_20260511_180608.csv,yoru0511workout,347293,347467,db_biceps_curl,0.5506,short_time_energy
datasets/workout/yoru0511workout/yoru0511workout_whole_session_20260511_180608.csv,yoru0511workout,347532,347637,db_biceps_curl,0.6402,short_time_energy
datasets/workout/yoru0511workout/yoru0511workout_whole_session_20260511_180608.csv,yoru0511workout,354264,354430,db_biceps_curl,0.4744,short_time_energy
datasets/workout/yoru0511workout/yoru0511workout_whole_session_20260511_180608.csv,yoru0511workout,354430,354480,db_biceps_curl,0.3224,short_time_energy
datasets/workout/yoru0511workout/yoru0511workout_whole_session_20260511_180608.csv,yoru0511workout,354480,354573,db_biceps_curl,0.3407,short_time_energy
datasets/workout/yoru0511workout/yoru0511workout_whole_session_20260511_180608.csv,yoru0511workout,354573,354652,db_biceps_curl,0.2894,short_time_energy
datasets/workout/yoru0511workout/yoru0511workout_whole_session_20260511_180608.csv,yoru0511workout,354839,354910,db_biceps_curl,0.2659,short_time_energy
datasets/workout/yoru0511workout/yoru0511workout_whole_session_20260511_180608.csv,yoru0511workout,355032,355107,db_biceps_curl,0.266,short_time_energy
datasets/workout/yoru0511workout/yoru0511workout_whole_session_20260511_180608.csv,yoru0511workout,355107,355185,db_biceps_curl,0.2766,short_time_energy
datasets/workout/yoru0511workout/yoru0511workout_whole_session_20260511_180608.csv,yoru0511workout,355185,355287,db_biceps_curl,0.3617,short_time_energy
datasets/workout/yoru0511workout/yoru0511workout_whole_session_20260511_180608.csv,yoru0511workout,355424,355526,db_biceps_curl,0.3197,short_time_energy
datasets/workout/yoru0511workout/yoru0511workout_whole_session_20260511_180608.csv,yoru0511workout,355691,355859,db_biceps_curl,0.5793,short_time_energy
datasets/workout/yoru0511workout/yoru0511workout_whole_session_20260511_180608.csv,yoru0511workout,355934,356025,db_biceps_curl,0.2563,short_time_energy
datasets/workout/yoru0511workout/yoru0511workout_whole_session_20260511_180608.csv,yoru0511workout,356025,356196,db_biceps_curl,0.4817,short_time_energy
datasets/workout/yoru0511workout/yoru0511workout_whole_session_20260511_180608.csv,yoru0511workout,356374,356543,db_biceps_curl,0.509,short_time_energy
datasets/workout/yoru0511workout/yoru0511workout_whole_session_20260511_180608.csv,yoru0511workout,356845,356955,db_biceps_curl,0.2558,short_time_energy
datasets/workout/yoru0511workout/yoru0511workout_whole_session_20260511_180608.csv,yoru0511workout,357034,357124,db_biceps_curl,0.2679,short_time_energy
datasets/workout/yoru0511workout/yoru0511workout_whole_session_20260511_180608.csv,yoru0511workout,357124,357209,db_biceps_curl,0.253,short_time_energy
datasets/workout/yoru0511workout/yoru0511workout_whole_session_20260511_180608.csv,yoru0511workout,357481,357631,db_biceps_curl,0.3797,short_time_energy
datasets/workout/yoru0511workout/yoru0511workout_whole_session_20260511_180608.csv,yoru0511workout,357631,357811,db_biceps_curl,0.2835,short_time_energy
datasets/workout/yoru0511workout/yoru0511workout_whole_session_20260511_180608.csv,yoru0511workout,357847,357973,db_biceps_curl,0.4437,short_time_energy
datasets/workout/yoru0511workout/yoru0511workout_whole_session_20260511_180608.csv,yoru0511workout,376662,376757,db_triceps_curl,0.7377,short_time_energy
datasets/workout/yoru0511workout/yoru0511workout_whole_session_20260511_180608.csv,yoru0511workout,376810,377021,db_triceps_curl,0.6785,short_time_energy
datasets/workout/yoru0511workout/yoru0511workout_whole_session_20260511_180608.csv,yoru0511workout,377119,377297,db_triceps_curl,0.6312,short_time_energy
datasets/workout/yoru0511workout/yoru0511workout_whole_session_20260511_180608.csv,yoru0511workout,377297,377463,db_triceps_curl,0.2725,short_time_energy
datasets/workout/yoru0511workout/yoru0511workout_whole_session_20260511_180608.csv,yoru0511workout,377463,377681,db_triceps_curl,0.5662,short_time_energy
datasets/workout/yoru0511workout/yoru0511workout_whole_session_20260511_180608.csv,yoru0511workout,377795,377998,db_triceps_curl,0.67,short_time_energy
datasets/workout/yoru0511workout/yoru0511workout_whole_session_20260511_180608.csv,yoru0511workout,377998,378131,db_triceps_curl,0.262,short_time_energy
datasets/workout/yoru0511workout/yoru0511workout_whole_session_20260511_180608.csv,yoru0511workout,378131,378349,db_triceps_curl,0.6431,short_time_energy
datasets/workout/yoru0511workout/yoru0511workout_whole_session_20260511_180608.csv,yoru0511workout,378349,378657,db_triceps_curl,0.758,short_time_energy
datasets/workout/yoru0511workout/yoru0511workout_whole_session_20260511_180608.csv,yoru0511workout,378787,379019,db_triceps_curl,0.7721,short_time_energy
datasets/workout/yoru0511workout/yoru0511workout_whole_session_20260511_180608.csv,yoru0511workout,379019,379096,db_triceps_curl,0.2637,short_time_energy
datasets/workout/yoru0511workout/yoru0511workout_whole_session_20260511_180608.csv,yoru0511workout,379096,379297,db_triceps_curl,0.6884,short_time_energy
datasets/workout/yoru0511workout/yoru0511workout_whole_session_20260511_180608.csv,yoru0511workout,379377,379533,db_triceps_curl,0.5552,short_time_energy
datasets/workout/yoru0511workout/yoru0511workout_whole_session_20260511_180608.csv,yoru0511workout,379646,379793,db_triceps_curl,0.5698,short_time_energy
datasets/workout/yoru0511workout/yoru0511workout_whole_session_20260511_180608.csv,yoru0511workout,379906,380044,db_triceps_curl,0.5702,short_time_energy
datasets/workout/yoru0511workout/yoru0511workout_whole_session_20260511_180608.csv,yoru0511workout,380179,380277,db_triceps_curl,0.2908,short_time_energy
datasets/workout/yoru0511workout/yoru0511workout_whole_session_20260511_180608.csv,yoru0511workout,380481,380533,db_triceps_curl,0.2574,short_time_energy
datasets/workout/yoru0511workout/yoru0511workout_whole_session_20260511_180608.csv,yoru0511workout,388016,388122,db_triceps_curl,0.2899,short_time_energy
datasets/workout/yoru0511workout/yoru0511workout_whole_session_20260511_180608.csv,yoru0511workout,388122,388221,db_triceps_curl,0.4257,short_time_energy
datasets/workout/yoru0511workout/yoru0511workout_whole_session_20260511_180608.csv,yoru0511workout,388221,388283,db_triceps_curl,0.2831,short_time_energy
datasets/workout/yoru0511workout/yoru0511workout_whole_session_20260511_180608.csv,yoru0511workout,388283,388380,db_triceps_curl,0.4429,short_time_energy
datasets/workout/yoru0511workout/yoru0511workout_whole_session_20260511_180608.csv,yoru0511workout,388380,388595,db_triceps_curl,0.7764,short_time_energy
datasets/workout/yoru0511workout/yoru0511workout_whole_session_20260511_180608.csv,yoru0511workout,388595,388698,db_triceps_curl,0.2517,short_time_energy
datasets/workout/yoru0511workout/yoru0511workout_whole_session_20260511_180608.csv,yoru0511workout,388698,388808,db_triceps_curl,0.4314,short_time_energy
datasets/workout/yoru0511workout/yoru0511workout_whole_session_20260511_180608.csv,yoru0511workout,388808,389075,db_triceps_curl,0.6382,short_time_energy
datasets/workout/yoru0511workout/yoru0511workout_whole_session_20260511_180608.csv,yoru0511workout,389190,389353,db_triceps_curl,0.5292,short_time_energy
datasets/workout/yoru0511workout/yoru0511workout_whole_session_20260511_180608.csv,yoru0511workout,389468,389608,db_triceps_curl,0.5957,short_time_energy
datasets/workout/yoru0511workout/yoru0511workout_whole_session_20260511_180608.csv,yoru0511workout,389608,389864,db_triceps_curl,0.6295,short_time_energy
datasets/workout/yoru0511workout/yoru0511workout_whole_session_20260511_180608.csv,yoru0511workout,389864,390150,db_triceps_curl,0.6105,short_time_energy
datasets/workout/yoru0511workout/yoru0511workout_whole_session_20260511_180608.csv,yoru0511workout,390150,390297,db_triceps_curl,0.261,short_time_energy
datasets/workout/yoru0511workout/yoru0511workout_whole_session_20260511_180608.csv,yoru0511workout,390297,390565,db_triceps_curl,0.5434,short_time_energy
datasets/workout/yoru0511workout/yoru0511workout_whole_session_20260511_180608.csv,yoru0511workout,390565,391028,db_triceps_curl,0.4823,short_time_energy
datasets/workout/yoru0511workout/yoru0511workout_whole_session_20260511_180608.csv,yoru0511workout,397330,397381,db_triceps_curl,0.5204,short_time_energy
datasets/workout/yoru0511workout/yoru0511workout_whole_session_20260511_180608.csv,yoru0511workout,397518,397563,db_triceps_curl,0.25,short_time_energy
datasets/workout/yoru0511workout/yoru0511workout_whole_session_20260511_180608.csv,yoru0511workout,397927,398053,db_triceps_curl,0.4903,short_time_energy
datasets/workout/yoru0511workout/yoru0511workout_whole_session_20260511_180608.csv,yoru0511workout,398168,398312,db_triceps_curl,0.605,short_time_energy
datasets/workout/yoru0511workout/yoru0511workout_whole_session_20260511_180608.csv,yoru0511workout,398312,398434,db_triceps_curl,0.2677,short_time_energy
datasets/workout/yoru0511workout/yoru0511workout_whole_session_20260511_180608.csv,yoru0511workout,398434,398518,db_triceps_curl,0.31,short_time_energy
datasets/workout/yoru0511workout/yoru0511workout_whole_session_20260511_180608.csv,yoru0511workout,398616,398691,db_triceps_curl,0.2664,short_time_energy
datasets/workout/yoru0511workout/yoru0511workout_whole_session_20260511_180608.csv,yoru0511workout,398806,398872,db_triceps_curl,0.2609,short_time_energy
datasets/workout/yoru0511workout/yoru0511workout_whole_session_20260511_180608.csv,yoru0511workout,398872,398949,db_triceps_curl,0.2624,short_time_energy
datasets/workout/yoru0511workout/yoru0511workout_whole_session_20260511_180608.csv,yoru0511workout,398949,399030,db_triceps_curl,0.2903,short_time_energy
datasets/workout/yoru0511workout/yoru0511workout_whole_session_20260511_180608.csv,yoru0511workout,399145,399231,db_triceps_curl,0.2575,short_time_energy
datasets/workout/yoru0511workout/yoru0511workout_whole_session_20260511_180608.csv,yoru0511workout,399261,399375,db_triceps_curl,0.3931,short_time_energy
datasets/workout/yoru0511workout/yoru0511workout_whole_session_20260511_180608.csv,yoru0511workout,399449,399544,db_triceps_curl,0.3016,short_time_energy
datasets/workout/yoru0511workout/yoru0511workout_whole_session_20260511_180608.csv,yoru0511workout,399544,399651,db_triceps_curl,0.3397,short_time_energy
datasets/workout/yoru0511workout/yoru0511workout_whole_session_20260511_180608.csv,yoru0511workout,399744,399954,db_triceps_curl,0.7117,short_time_energy
datasets/workout/yoru0511workout/yoru0511workout_whole_session_20260511_180608.csv,yoru0511workout,400019,400061,db_triceps_curl,0.3443,short_time_energy
datasets/workout/yoru0511workout/yoru0511workout_whole_session_20260511_180608.csv,yoru0511workout,400061,400140,db_triceps_curl,0.6475,short_time_energy
datasets/workout/yoru0511workout/yoru0511workout_whole_session_20260511_180608.csv,yoru0511workout,411625,411757,db_squat,0.3738,short_time_energy
datasets/workout/yoru0511workout/yoru0511workout_whole_session_20260511_180608.csv,yoru0511workout,411757,411870,db_squat,0.3895,short_time_energy
datasets/workout/yoru0511workout/yoru0511workout_whole_session_20260511_180608.csv,yoru0511workout,411946,412077,db_squat,0.4281,short_time_energy
datasets/workout/yoru0511workout/yoru0511workout_whole_session_20260511_180608.csv,yoru0511workout,412239,412354,db_squat,0.4323,short_time_energy
datasets/workout/yoru0511workout/yoru0511workout_whole_session_20260511_180608.csv,yoru0511workout,412450,412526,db_squat,0.2794,short_time_energy
datasets/workout/yoru0511workout/yoru0511workout_whole_session_20260511_180608.csv,yoru0511workout,412526,412828,db_squat,0.3506,short_time_energy
datasets/workout/yoru0511workout/yoru0511workout_whole_session_20260511_180608.csv,yoru0511workout,412828,412913,db_squat,0.2796,short_time_energy
datasets/workout/yoru0511workout/yoru0511workout_whole_session_20260511_180608.csv,yoru0511workout,413039,413118,db_squat,0.2687,short_time_energy
datasets/workout/yoru0511workout/yoru0511workout_whole_session_20260511_180608.csv,yoru0511workout,413118,413215,db_squat,0.3299,short_time_energy
datasets/workout/yoru0511workout/yoru0511workout_whole_session_20260511_180608.csv,yoru0511workout,413350,413430,db_squat,0.254,short_time_energy
datasets/workout/yoru0511workout/yoru0511workout_whole_session_20260511_180608.csv,yoru0511workout,413430,413532,db_squat,0.3238,short_time_energy
datasets/workout/yoru0511workout/yoru0511workout_whole_session_20260511_180608.csv,yoru0511workout,413644,413790,db_squat,0.5725,short_time_energy
datasets/workout/yoru0511workout/yoru0511workout_whole_session_20260511_180608.csv,yoru0511workout,413900,414127,db_squat,0.6736,short_time_energy
datasets/workout/yoru0511workout/yoru0511workout_whole_session_20260511_180608.csv,yoru0511workout,414235,414319,db_squat,0.2692,short_time_energy
datasets/workout/yoru0511workout/yoru0511workout_whole_session_20260511_180608.csv,yoru0511workout,414319,414431,db_squat,0.359,short_time_energy
datasets/workout/yoru0511workout/yoru0511workout_whole_session_20260511_180608.csv,yoru0511workout,414547,414630,db_squat,0.261,short_time_energy
datasets/workout/yoru0511workout/yoru0511workout_whole_session_20260511_180608.csv,yoru0511workout,414630,414755,db_squat,0.3931,short_time_energy
datasets/workout/yoru0511workout/yoru0511workout_whole_session_20260511_180608.csv,yoru0511workout,414755,414880,db_squat,0.3763,short_time_energy
datasets/workout/yoru0511workout/yoru0511workout_whole_session_20260511_180608.csv,yoru0511workout,414880,414958,db_squat,0.4122,short_time_energy
datasets/workout/yoru0511workout/yoru0511workout_whole_session_20260511_180608.csv,yoru0511workout,424976,425124,db_squat,0.5027,short_time_energy
datasets/workout/yoru0511workout/yoru0511workout_whole_session_20260511_180608.csv,yoru0511workout,425124,425325,db_squat,0.488,short_time_energy
datasets/workout/yoru0511workout/yoru0511workout_whole_session_20260511_180608.csv,yoru0511workout,425325,425428,db_squat,0.3515,short_time_energy
datasets/workout/yoru0511workout/yoru0511workout_whole_session_20260511_180608.csv,yoru0511workout,425428,425598,db_squat,0.4303,short_time_energy
datasets/workout/yoru0511workout/yoru0511workout_whole_session_20260511_180608.csv,yoru0511workout,425598,425722,db_squat,0.4106,short_time_energy
datasets/workout/yoru0511workout/yoru0511workout_whole_session_20260511_180608.csv,yoru0511workout,425771,425886,db_squat,0.3846,short_time_energy
datasets/workout/yoru0511workout/yoru0511workout_whole_session_20260511_180608.csv,yoru0511workout,425886,426042,db_squat,0.5217,short_time_energy
datasets/workout/yoru0511workout/yoru0511workout_whole_session_20260511_180608.csv,yoru0511workout,426101,426184,db_squat,0.2804,short_time_energy
datasets/workout/yoru0511workout/yoru0511workout_whole_session_20260511_180608.csv,yoru0511workout,426184,426399,db_squat,0.4942,short_time_energy
datasets/workout/yoru0511workout/yoru0511workout_whole_session_20260511_180608.csv,yoru0511workout,426454,426572,db_squat,0.3401,short_time_energy
datasets/workout/yoru0511workout/yoru0511workout_whole_session_20260511_180608.csv,yoru0511workout,426753,426859,db_squat,0.3155,short_time_energy
datasets/workout/yoru0511workout/yoru0511workout_whole_session_20260511_180608.csv,yoru0511workout,426859,427006,db_squat,0.4375,short_time_energy
datasets/workout/yoru0511workout/yoru0511workout_whole_session_20260511_180608.csv,yoru0511workout,427116,427216,db_squat,0.2985,short_time_energy
datasets/workout/yoru0511workout/yoru0511workout_whole_session_20260511_180608.csv,yoru0511workout,427216,427329,db_squat,0.3373,short_time_energy
datasets/workout/yoru0511workout/yoru0511workout_whole_session_20260511_180608.csv,yoru0511workout,427429,427552,db_squat,0.3716,short_time_energy
datasets/workout/yoru0511workout/yoru0511workout_whole_session_20260511_180608.csv,yoru0511workout,427552,427654,db_squat,0.3082,short_time_energy
datasets/workout/yoru0511workout/yoru0511workout_whole_session_20260511_180608.csv,yoru0511workout,427770,427863,db_squat,0.2768,short_time_energy
datasets/workout/yoru0511workout/yoru0511workout_whole_session_20260511_180608.csv,yoru0511workout,427863,427991,db_squat,0.381,short_time_energy
datasets/workout/yoru0511workout/yoru0511workout_whole_session_20260511_180608.csv,yoru0511workout,428083,428204,db_squat,0.3656,short_time_energy
datasets/workout/yoru0511workout/yoru0511workout_whole_session_20260511_180608.csv,yoru0511workout,428204,428324,db_squat,0.3625,short_time_energy
datasets/workout/yoru0511workout/yoru0511workout_whole_session_20260511_180608.csv,yoru0511workout,428393,428602,db_squat,0.4721,short_time_energy
datasets/workout/yoru0511workout/yoru0511workout_whole_session_20260511_180608.csv,yoru0511workout,438179,438278,db_squat,0.3602,short_time_energy
datasets/workout/yoru0511workout/yoru0511workout_whole_session_20260511_180608.csv,yoru0511workout,438278,438352,db_squat,0.4697,short_time_energy
datasets/workout/yoru0511workout/yoru0511workout_whole_session_20260511_180608.csv,yoru0511workout,438462,438557,db_squat,0.3455,short_time_energy
datasets/workout/yoru0511workout/yoru0511workout_whole_session_20260511_180608.csv,yoru0511workout,438683,438796,db_squat,0.3633,short_time_energy
datasets/workout/yoru0511workout/yoru0511workout_whole_session_20260511_180608.csv,yoru0511workout,438997,439078,db_squat,0.2755,short_time_energy
datasets/workout/yoru0511workout/yoru0511workout_whole_session_20260511_180608.csv,yoru0511workout,439078,439161,db_squat,0.2823,short_time_energy
datasets/workout/yoru0511workout/yoru0511workout_whole_session_20260511_180608.csv,yoru0511workout,439295,439393,db_squat,0.3203,short_time_energy
datasets/workout/yoru0511workout/yoru0511workout_whole_session_20260511_180608.csv,yoru0511workout,439393,439478,db_squat,0.2778,short_time_energy
datasets/workout/yoru0511workout/yoru0511workout_whole_session_20260511_180608.csv,yoru0511workout,439695,439797,db_squat,0.2939,short_time_energy
datasets/workout/yoru0511workout/yoru0511workout_whole_session_20260511_180608.csv,yoru0511workout,440025,440106,db_squat,0.2588,short_time_energy
datasets/workout/yoru0511workout/yoru0511workout_whole_session_20260511_180608.csv,yoru0511workout,440106,440186,db_squat,0.2556,short_time_energy
datasets/workout/yoru0511workout/yoru0511workout_whole_session_20260511_180608.csv,yoru0511workout,440238,440326,db_squat,0.2895,short_time_energy
datasets/workout/yoru0511workout/yoru0511workout_whole_session_20260511_180608.csv,yoru0511workout,440326,440442,db_squat,0.3816,short_time_energy
datasets/workout/yoru0511workout/yoru0511workout_whole_session_20260511_180608.csv,yoru0511workout,440665,440777,db_squat,0.3155,short_time_energy
datasets/workout/yoru0511workout/yoru0511workout_whole_session_20260511_180608.csv,yoru0511workout,440937,441044,db_squat,0.3262,short_time_energy
datasets/workout/yoru0511workout/yoru0511workout_whole_session_20260511_180608.csv,yoru0511workout,441266,441362,db_squat,0.2791,short_time_energy
datasets/workout/yoru0511workout/yoru0511workout_whole_session_20260511_180608.csv,yoru0511workout,441519,441582,db_squat,0.4315,short_time_energy
datasets/workout/yoru0511workout/yoru0511workout_whole_session_20260511_180608.csv,yoru0511workout,441582,441694,db_squat,0.4576,short_time_energy
datasets/workout/yushuan0513workout/yushuan0513workout_whole_session_20260513_144737.csv,yushuan0513workout,270,372,db_bench_press,0.2772,short_time_energy
datasets/workout/yushuan0513workout/yushuan0513workout_whole_session_20260513_144737.csv,yushuan0513workout,584,733,db_bench_press,0.3282,short_time_energy
datasets/workout/yushuan0513workout/yushuan0513workout_whole_session_20260513_144737.csv,yushuan0513workout,2068,2296,db_bench_press,0.4509,short_time_energy
datasets/workout/yushuan0513workout/yushuan0513workout_whole_session_20260513_144737.csv,yushuan0513workout,2296,2448,db_bench_press,0.2724,short_time_energy
datasets/workout/yushuan0513workout/yushuan0513workout_whole_session_20260513_144737.csv,yushuan0513workout,4328,4449,db_bench_press,0.3333,short_time_energy
datasets/workout/yushuan0513workout/yushuan0513workout_whole_session_20260513_144737.csv,yushuan0513workout,4449,4590,db_bench_press,0.3224,short_time_energy
datasets/workout/yushuan0513workout/yushuan0513workout_whole_session_20260513_144737.csv,yushuan0513workout,4884,5019,db_bench_press,0.3936,short_time_energy
datasets/workout/yushuan0513workout/yushuan0513workout_whole_session_20260513_144737.csv,yushuan0513workout,11497,11888,db_bench_press,0.813,short_time_energy
datasets/workout/yushuan0513workout/yushuan0513workout_whole_session_20260513_144737.csv,yushuan0513workout,11888,12203,db_bench_press,0.873,short_time_energy
datasets/workout/yushuan0513workout/yushuan0513workout_whole_session_20260513_144737.csv,yushuan0513workout,12203,12569,db_bench_press,0.7601,short_time_energy
datasets/workout/yushuan0513workout/yushuan0513workout_whole_session_20260513_144737.csv,yushuan0513workout,12569,13375,db_bench_press,0.5298,short_time_energy
datasets/workout/yushuan0513workout/yushuan0513workout_whole_session_20260513_144737.csv,yushuan0513workout,13375,13651,db_bench_press,0.7954,short_time_energy
datasets/workout/yushuan0513workout/yushuan0513workout_whole_session_20260513_144737.csv,yushuan0513workout,13651,14407,db_bench_press,0.5476,short_time_energy
datasets/workout/yushuan0513workout/yushuan0513workout_whole_session_20260513_144737.csv,yushuan0513workout,14407,15734,db_bench_press,0.3346,short_time_energy
datasets/workout/yushuan0513workout/yushuan0513workout_whole_session_20260513_144737.csv,yushuan0513workout,15734,16052,db_bench_press,0.7526,short_time_energy
datasets/workout/yushuan0513workout/yushuan0513workout_whole_session_20260513_144737.csv,yushuan0513workout,28517,28570,db_bench_press,0.2775,short_time_energy
datasets/workout/yushuan0513workout/yushuan0513workout_whole_session_20260513_144737.csv,yushuan0513workout,28614,28670,db_bench_press,0.2932,short_time_energy
datasets/workout/yushuan0513workout/yushuan0513workout_whole_session_20260513_144737.csv,yushuan0513workout,29158,29558,db_bench_press,0.7725,short_time_energy
datasets/workout/yushuan0513workout/yushuan0513workout_whole_session_20260513_144737.csv,yushuan0513workout,29558,30002,db_bench_press,0.8789,short_time_energy
datasets/workout/yushuan0513workout/yushuan0513workout_whole_session_20260513_144737.csv,yushuan0513workout,30002,30378,db_bench_press,0.8282,short_time_energy
datasets/workout/yushuan0513workout/yushuan0513workout_whole_session_20260513_144737.csv,yushuan0513workout,30378,31339,db_bench_press,0.4641,short_time_energy
datasets/workout/yushuan0513workout/yushuan0513workout_whole_session_20260513_144737.csv,yushuan0513workout,31339,31795,db_bench_press,0.8529,short_time_energy
datasets/workout/yushuan0513workout/yushuan0513workout_whole_session_20260513_144737.csv,yushuan0513workout,31795,32113,db_bench_press,0.5309,short_time_energy
datasets/workout/yushuan0513workout/yushuan0513workout_whole_session_20260513_144737.csv,yushuan0513workout,32113,32396,db_bench_press,0.4045,short_time_energy
datasets/workout/yushuan0513workout/yushuan0513workout_whole_session_20260513_144737.csv,yushuan0513workout,32396,32481,db_bench_press,0.6391,short_time_energy
datasets/workout/yushuan0513workout/yushuan0513workout_whole_session_20260513_144737.csv,yushuan0513workout,83265,83607,one_arm_db_row,0.8689,short_time_energy
datasets/workout/yushuan0513workout/yushuan0513workout_whole_session_20260513_144737.csv,yushuan0513workout,83607,83744,one_arm_db_row,0.3351,short_time_energy
datasets/workout/yushuan0513workout/yushuan0513workout_whole_session_20260513_144737.csv,yushuan0513workout,83864,84020,one_arm_db_row,0.3094,short_time_energy
datasets/workout/yushuan0513workout/yushuan0513workout_whole_session_20260513_144737.csv,yushuan0513workout,84020,84135,one_arm_db_row,0.3276,short_time_energy
datasets/workout/yushuan0513workout/yushuan0513workout_whole_session_20260513_144737.csv,yushuan0513workout,84135,84241,one_arm_db_row,0.302,short_time_energy
datasets/workout/yushuan0513workout/yushuan0513workout_whole_session_20260513_144737.csv,yushuan0513workout,84241,84362,one_arm_db_row,0.2654,short_time_energy
datasets/workout/yushuan0513workout/yushuan0513workout_whole_session_20260513_144737.csv,yushuan0513workout,84362,84477,one_arm_db_row,0.2911,short_time_energy
datasets/workout/yushuan0513workout/yushuan0513workout_whole_session_20260513_144737.csv,yushuan0513workout,84477,84673,one_arm_db_row,0.4962,short_time_energy
datasets/workout/yushuan0513workout/yushuan0513workout_whole_session_20260513_144737.csv,yushuan0513workout,84720,84877,one_arm_db_row,0.3213,short_time_energy
datasets/workout/yushuan0513workout/yushuan0513workout_whole_session_20260513_144737.csv,yushuan0513workout,84877,85151,one_arm_db_row,0.6417,short_time_energy
datasets/workout/yushuan0513workout/yushuan0513workout_whole_session_20260513_144737.csv,yushuan0513workout,85151,85386,one_arm_db_row,0.5346,short_time_energy
datasets/workout/yushuan0513workout/yushuan0513workout_whole_session_20260513_144737.csv,yushuan0513workout,85386,85577,one_arm_db_row,0.4434,short_time_energy
datasets/workout/yushuan0513workout/yushuan0513workout_whole_session_20260513_144737.csv,yushuan0513workout,85577,85924,one_arm_db_row,0.8966,short_time_energy
datasets/workout/yushuan0513workout/yushuan0513workout_whole_session_20260513_144737.csv,yushuan0513workout,85924,86097,one_arm_db_row,0.3271,short_time_energy
datasets/workout/yushuan0513workout/yushuan0513workout_whole_session_20260513_144737.csv,yushuan0513workout,86165,86614,one_arm_db_row,0.4596,short_time_energy
datasets/workout/yushuan0513workout/yushuan0513workout_whole_session_20260513_144737.csv,yushuan0513workout,86614,86729,one_arm_db_row,0.3003,short_time_energy
datasets/workout/yushuan0513workout/yushuan0513workout_whole_session_20260513_144737.csv,yushuan0513workout,86729,87051,one_arm_db_row,0.6915,short_time_energy
datasets/workout/yushuan0513workout/yushuan0513workout_whole_session_20260513_144737.csv,yushuan0513workout,87051,87180,one_arm_db_row,0.286,short_time_energy
datasets/workout/yushuan0513workout/yushuan0513workout_whole_session_20260513_144737.csv,yushuan0513workout,87180,87352,one_arm_db_row,0.3781,short_time_energy
datasets/workout/yushuan0513workout/yushuan0513workout_whole_session_20260513_144737.csv,yushuan0513workout,87454,87592,one_arm_db_row,0.3187,short_time_energy
datasets/workout/yushuan0513workout/yushuan0513workout_whole_session_20260513_144737.csv,yushuan0513workout,87592,87768,one_arm_db_row,0.383,short_time_energy
datasets/workout/yushuan0513workout/yushuan0513workout_whole_session_20260513_144737.csv,yushuan0513workout,124785,125026,one_arm_db_row,0.4317,short_time_energy
datasets/workout/yushuan0513workout/yushuan0513workout_whole_session_20260513_144737.csv,yushuan0513workout,125226,125369,one_arm_db_row,0.3631,short_time_energy
datasets/workout/yushuan0513workout/yushuan0513workout_whole_session_20260513_144737.csv,yushuan0513workout,125436,125578,one_arm_db_row,0.4116,short_time_energy
datasets/workout/yushuan0513workout/yushuan0513workout_whole_session_20260513_144737.csv,yushuan0513workout,125578,125692,one_arm_db_row,0.288,short_time_energy
datasets/workout/yushuan0513workout/yushuan0513workout_whole_session_20260513_144737.csv,yushuan0513workout,125692,125926,one_arm_db_row,0.6341,short_time_energy
datasets/workout/yushuan0513workout/yushuan0513workout_whole_session_20260513_144737.csv,yushuan0513workout,125926,126051,one_arm_db_row,0.2737,short_time_energy
datasets/workout/yushuan0513workout/yushuan0513workout_whole_session_20260513_144737.csv,yushuan0513workout,126123,126221,one_arm_db_row,0.2961,short_time_energy
datasets/workout/yushuan0513workout/yushuan0513workout_whole_session_20260513_144737.csv,yushuan0513workout,126264,126385,one_arm_db_row,0.2665,short_time_energy
datasets/workout/yushuan0513workout/yushuan0513workout_whole_session_20260513_144737.csv,yushuan0513workout,126385,126514,one_arm_db_row,0.3593,short_time_energy
datasets/workout/yushuan0513workout/yushuan0513workout_whole_session_20260513_144737.csv,yushuan0513workout,126514,126631,one_arm_db_row,0.3259,short_time_energy
datasets/workout/yushuan0513workout/yushuan0513workout_whole_session_20260513_144737.csv,yushuan0513workout,126714,126844,one_arm_db_row,0.3927,short_time_energy
datasets/workout/yushuan0513workout/yushuan0513workout_whole_session_20260513_144737.csv,yushuan0513workout,126844,126984,one_arm_db_row,0.3812,short_time_energy
datasets/workout/yushuan0513workout/yushuan0513workout_whole_session_20260513_144737.csv,yushuan0513workout,127068,127202,one_arm_db_row,0.3764,short_time_energy
datasets/workout/yushuan0513workout/yushuan0513workout_whole_session_20260513_144737.csv,yushuan0513workout,127314,127436,one_arm_db_row,0.3099,short_time_energy
datasets/workout/yushuan0513workout/yushuan0513workout_whole_session_20260513_144737.csv,yushuan0513workout,127490,127668,one_arm_db_row,0.4911,short_time_energy
datasets/workout/yushuan0513workout/yushuan0513workout_whole_session_20260513_144737.csv,yushuan0513workout,127741,127866,one_arm_db_row,0.3811,short_time_energy
datasets/workout/yushuan0513workout/yushuan0513workout_whole_session_20260513_144737.csv,yushuan0513workout,127866,127997,one_arm_db_row,0.346,short_time_energy
datasets/workout/yushuan0513workout/yushuan0513workout_whole_session_20260513_144737.csv,yushuan0513workout,127997,128222,one_arm_db_row,0.632,short_time_energy
datasets/workout/yushuan0513workout/yushuan0513workout_whole_session_20260513_144737.csv,yushuan0513workout,128222,128334,one_arm_db_row,0.3146,short_time_energy
datasets/workout/yushuan0513workout/yushuan0513workout_whole_session_20260513_144737.csv,yushuan0513workout,128334,128489,one_arm_db_row,0.4221,short_time_energy
datasets/workout/yushuan0513workout/yushuan0513workout_whole_session_20260513_144737.csv,yushuan0513workout,128489,128727,one_arm_db_row,0.5116,short_time_energy
datasets/workout/yushuan0513workout/yushuan0513workout_whole_session_20260513_144737.csv,yushuan0513workout,128727,128838,one_arm_db_row,0.3364,short_time_energy
datasets/workout/yushuan0513workout/yushuan0513workout_whole_session_20260513_144737.csv,yushuan0513workout,128838,128953,one_arm_db_row,0.3485,short_time_energy
datasets/workout/yushuan0513workout/yushuan0513workout_whole_session_20260513_144737.csv,yushuan0513workout,144466,144590,one_arm_db_row,0.4733,short_time_energy
datasets/workout/yushuan0513workout/yushuan0513workout_whole_session_20260513_144737.csv,yushuan0513workout,144590,144697,one_arm_db_row,0.3616,short_time_energy
datasets/workout/yushuan0513workout/yushuan0513workout_whole_session_20260513_144737.csv,yushuan0513workout,144697,144775,one_arm_db_row,0.2516,short_time_energy
datasets/workout/yushuan0513workout/yushuan0513workout_whole_session_20260513_144737.csv,yushuan0513workout,144775,144861,one_arm_db_row,0.2774,short_time_energy
datasets/workout/yushuan0513workout/yushuan0513workout_whole_session_20260513_144737.csv,yushuan0513workout,144861,145006,one_arm_db_row,0.4308,short_time_energy
datasets/workout/yushuan0513workout/yushuan0513workout_whole_session_20260513_144737.csv,yushuan0513workout,145006,145108,one_arm_db_row,0.3566,short_time_energy
datasets/workout/yushuan0513workout/yushuan0513workout_whole_session_20260513_144737.csv,yushuan0513workout,145108,145308,one_arm_db_row,0.5677,short_time_energy
datasets/workout/yushuan0513workout/yushuan0513workout_whole_session_20260513_144737.csv,yushuan0513workout,145308,145403,one_arm_db_row,0.3035,short_time_energy
datasets/workout/yushuan0513workout/yushuan0513workout_whole_session_20260513_144737.csv,yushuan0513workout,145609,145740,one_arm_db_row,0.4119,short_time_energy
datasets/workout/yushuan0513workout/yushuan0513workout_whole_session_20260513_144737.csv,yushuan0513workout,145779,145946,one_arm_db_row,0.3897,short_time_energy
datasets/workout/yushuan0513workout/yushuan0513workout_whole_session_20260513_144737.csv,yushuan0513workout,146057,146141,one_arm_db_row,0.2727,short_time_energy
datasets/workout/yushuan0513workout/yushuan0513workout_whole_session_20260513_144737.csv,yushuan0513workout,146282,146374,one_arm_db_row,0.3217,short_time_energy
datasets/workout/yushuan0513workout/yushuan0513workout_whole_session_20260513_144737.csv,yushuan0513workout,146374,146533,one_arm_db_row,0.4355,short_time_energy
datasets/workout/yushuan0513workout/yushuan0513workout_whole_session_20260513_144737.csv,yushuan0513workout,146533,146615,one_arm_db_row,0.2579,short_time_energy
datasets/workout/yushuan0513workout/yushuan0513workout_whole_session_20260513_144737.csv,yushuan0513workout,146692,146812,one_arm_db_row,0.3774,short_time_energy
datasets/workout/yushuan0513workout/yushuan0513workout_whole_session_20260513_144737.csv,yushuan0513workout,146895,147159,one_arm_db_row,0.7199,short_time_energy
datasets/workout/yushuan0513workout/yushuan0513workout_whole_session_20260513_144737.csv,yushuan0513workout,147159,147409,one_arm_db_row,0.817,short_time_energy
datasets/workout/yushuan0513workout/yushuan0513workout_whole_session_20260513_144737.csv,yushuan0513workout,147409,147521,one_arm_db_row,0.2718,short_time_energy
datasets/workout/yushuan0513workout/yushuan0513workout_whole_session_20260513_144737.csv,yushuan0513workout,147789,147875,one_arm_db_row,0.2722,short_time_energy
datasets/workout/yushuan0513workout/yushuan0513workout_whole_session_20260513_144737.csv,yushuan0513workout,172688,173554,db_rdl,0.5647,short_time_energy
datasets/workout/yushuan0513workout/yushuan0513workout_whole_session_20260513_144737.csv,yushuan0513workout,173554,173853,db_rdl,0.4793,short_time_energy
datasets/workout/yushuan0513workout/yushuan0513workout_whole_session_20260513_144737.csv,yushuan0513workout,173853,174016,db_rdl,0.3747,short_time_energy
datasets/workout/yushuan0513workout/yushuan0513workout_whole_session_20260513_144737.csv,yushuan0513workout,174016,174188,db_rdl,0.3954,short_time_energy
datasets/workout/yushuan0513workout/yushuan0513workout_whole_session_20260513_144737.csv,yushuan0513workout,174240,174436,db_rdl,0.3038,short_time_energy
datasets/workout/yushuan0513workout/yushuan0513workout_whole_session_20260513_144737.csv,yushuan0513workout,174436,174954,db_rdl,0.4793,short_time_energy
datasets/workout/yushuan0513workout/yushuan0513workout_whole_session_20260513_144737.csv,yushuan0513workout,174954,175107,db_rdl,0.3509,short_time_energy
datasets/workout/yushuan0513workout/yushuan0513workout_whole_session_20260513_144737.csv,yushuan0513workout,175107,175415,db_rdl,0.4063,short_time_energy
datasets/workout/yushuan0513workout/yushuan0513workout_whole_session_20260513_144737.csv,yushuan0513workout,175511,175825,db_rdl,0.3097,short_time_energy
datasets/workout/yushuan0513workout/yushuan0513workout_whole_session_20260513_144737.csv,yushuan0513workout,175825,175949,db_rdl,0.2799,short_time_energy
datasets/workout/yushuan0513workout/yushuan0513workout_whole_session_20260513_144737.csv,yushuan0513workout,175949,176345,db_rdl,0.4163,short_time_energy
datasets/workout/yushuan0513workout/yushuan0513workout_whole_session_20260513_144737.csv,yushuan0513workout,176345,176690,db_rdl,0.3644,short_time_energy
datasets/workout/yushuan0513workout/yushuan0513workout_whole_session_20260513_144737.csv,yushuan0513workout,176690,176870,db_rdl,0.4138,short_time_energy
datasets/workout/yushuan0513workout/yushuan0513workout_whole_session_20260513_144737.csv,yushuan0513workout,177120,177253,db_rdl,0.2765,short_time_energy
datasets/workout/yushuan0513workout/yushuan0513workout_whole_session_20260513_144737.csv,yushuan0513workout,177253,177570,db_rdl,0.3975,short_time_energy
datasets/workout/yushuan0513workout/yushuan0513workout_whole_session_20260513_144737.csv,yushuan0513workout,177649,177852,db_rdl,0.505,short_time_energy
datasets/workout/yushuan0513workout/yushuan0513workout_whole_session_20260513_144737.csv,yushuan0513workout,177852,178600,db_rdl,0.5722,short_time_energy
datasets/workout/yushuan0513workout/yushuan0513workout_whole_session_20260513_144737.csv,yushuan0513workout,214167,214625,db_rdl,0.6833,short_time_energy
datasets/workout/yushuan0513workout/yushuan0513workout_whole_session_20260513_144737.csv,yushuan0513workout,214625,214958,db_rdl,0.564,short_time_energy
datasets/workout/yushuan0513workout/yushuan0513workout_whole_session_20260513_144737.csv,yushuan0513workout,214958,215384,db_rdl,0.6515,short_time_energy
datasets/workout/yushuan0513workout/yushuan0513workout_whole_session_20260513_144737.csv,yushuan0513workout,215384,215786,db_rdl,0.7972,short_time_energy
datasets/workout/yushuan0513workout/yushuan0513workout_whole_session_20260513_144737.csv,yushuan0513workout,215786,216250,db_rdl,0.8623,short_time_energy
datasets/workout/yushuan0513workout/yushuan0513workout_whole_session_20260513_144737.csv,yushuan0513workout,216250,216587,db_rdl,0.7246,short_time_energy
datasets/workout/yushuan0513workout/yushuan0513workout_whole_session_20260513_144737.csv,yushuan0513workout,216587,217003,db_rdl,0.5539,short_time_energy
datasets/workout/yushuan0513workout/yushuan0513workout_whole_session_20260513_144737.csv,yushuan0513workout,217003,217271,db_rdl,0.3229,short_time_energy
datasets/workout/yushuan0513workout/yushuan0513workout_whole_session_20260513_144737.csv,yushuan0513workout,217271,217631,db_rdl,0.6991,short_time_energy
datasets/workout/yushuan0513workout/yushuan0513workout_whole_session_20260513_144737.csv,yushuan0513workout,217631,217874,db_rdl,0.6463,short_time_energy
datasets/workout/yushuan0513workout/yushuan0513workout_whole_session_20260513_144737.csv,yushuan0513workout,217874,218231,db_rdl,0.6144,short_time_energy
datasets/workout/yushuan0513workout/yushuan0513workout_whole_session_20260513_144737.csv,yushuan0513workout,218529,218665,db_rdl,0.3325,short_time_energy
datasets/workout/yushuan0513workout/yushuan0513workout_whole_session_20260513_144737.csv,yushuan0513workout,218665,219004,db_rdl,0.6616,short_time_energy
datasets/workout/yushuan0513workout/yushuan0513workout_whole_session_20260513_144737.csv,yushuan0513workout,234928,235052,db_rdl,0.2857,short_time_energy
datasets/workout/yushuan0513workout/yushuan0513workout_whole_session_20260513_144737.csv,yushuan0513workout,237582,237678,db_rdl,0.2588,short_time_energy
datasets/workout/yushuan0513workout/yushuan0513workout_whole_session_20260513_144737.csv,yushuan0513workout,272277,272384,db_weighted_crunch,0.3075,short_time_energy
datasets/workout/yushuan0513workout/yushuan0513workout_whole_session_20260513_144737.csv,yushuan0513workout,272579,272681,db_weighted_crunch,0.2931,short_time_energy
datasets/workout/yushuan0513workout/yushuan0513workout_whole_session_20260513_144737.csv,yushuan0513workout,272681,272773,db_weighted_crunch,0.2571,short_time_energy
datasets/workout/yushuan0513workout/yushuan0513workout_whole_session_20260513_144737.csv,yushuan0513workout,272773,272925,db_weighted_crunch,0.5153,short_time_energy
datasets/workout/yushuan0513workout/yushuan0513workout_whole_session_20260513_144737.csv,yushuan0513workout,272972,273087,db_weighted_crunch,0.2975,short_time_energy
datasets/workout/yushuan0513workout/yushuan0513workout_whole_session_20260513_144737.csv,yushuan0513workout,273172,273285,db_weighted_crunch,0.3038,short_time_energy
datasets/workout/yushuan0513workout/yushuan0513workout_whole_session_20260513_144737.csv,yushuan0513workout,273446,273596,db_weighted_crunch,0.4213,short_time_energy
datasets/workout/yushuan0513workout/yushuan0513workout_whole_session_20260513_144737.csv,yushuan0513workout,273930,274040,db_weighted_crunch,0.3099,short_time_energy
datasets/workout/yushuan0513workout/yushuan0513workout_whole_session_20260513_144737.csv,yushuan0513workout,274040,274199,db_weighted_crunch,0.2691,short_time_energy
datasets/workout/yushuan0513workout/yushuan0513workout_whole_session_20260513_144737.csv,yushuan0513workout,274199,274345,db_weighted_crunch,0.409,short_time_energy
datasets/workout/yushuan0513workout/yushuan0513workout_whole_session_20260513_144737.csv,yushuan0513workout,274443,274699,db_weighted_crunch,0.3635,short_time_energy
datasets/workout/yushuan0513workout/yushuan0513workout_whole_session_20260513_144737.csv,yushuan0513workout,274986,275107,db_weighted_crunch,0.2888,short_time_energy
datasets/workout/yushuan0513workout/yushuan0513workout_whole_session_20260513_144737.csv,yushuan0513workout,275273,275430,db_weighted_crunch,0.2632,short_time_energy
datasets/workout/yushuan0513workout/yushuan0513workout_whole_session_20260513_144737.csv,yushuan0513workout,275430,275519,db_weighted_crunch,0.2565,short_time_energy
datasets/workout/yushuan0513workout/yushuan0513workout_whole_session_20260513_144737.csv,yushuan0513workout,275665,275924,db_weighted_crunch,0.4053,short_time_energy
datasets/workout/yushuan0513workout/yushuan0513workout_whole_session_20260513_144737.csv,yushuan0513workout,275964,276090,db_weighted_crunch,0.3325,short_time_energy
datasets/workout/yushuan0513workout/yushuan0513workout_whole_session_20260513_144737.csv,yushuan0513workout,276306,276397,db_weighted_crunch,0.2571,short_time_energy
datasets/workout/yushuan0513workout/yushuan0513workout_whole_session_20260513_144737.csv,yushuan0513workout,283129,283372,db_weighted_crunch,0.4026,short_time_energy
datasets/workout/yushuan0513workout/yushuan0513workout_whole_session_20260513_144737.csv,yushuan0513workout,283372,283469,db_weighted_crunch,0.3266,short_time_energy
datasets/workout/yushuan0513workout/yushuan0513workout_whole_session_20260513_144737.csv,yushuan0513workout,283565,283693,db_weighted_crunch,0.4638,short_time_energy
datasets/workout/yushuan0513workout/yushuan0513workout_whole_session_20260513_144737.csv,yushuan0513workout,283879,284154,db_weighted_crunch,0.6841,short_time_energy
datasets/workout/yushuan0513workout/yushuan0513workout_whole_session_20260513_144737.csv,yushuan0513workout,284247,284352,db_weighted_crunch,0.28,short_time_energy
datasets/workout/yushuan0513workout/yushuan0513workout_whole_session_20260513_144737.csv,yushuan0513workout,284788,285000,db_weighted_crunch,0.3521,short_time_energy
datasets/workout/yushuan0513workout/yushuan0513workout_whole_session_20260513_144737.csv,yushuan0513workout,285000,285184,db_weighted_crunch,0.4423,short_time_energy
datasets/workout/yushuan0513workout/yushuan0513workout_whole_session_20260513_144737.csv,yushuan0513workout,285184,285307,db_weighted_crunch,0.2957,short_time_energy
datasets/workout/yushuan0513workout/yushuan0513workout_whole_session_20260513_144737.csv,yushuan0513workout,285430,285854,db_weighted_crunch,0.8021,short_time_energy
datasets/workout/yushuan0513workout/yushuan0513workout_whole_session_20260513_144737.csv,yushuan0513workout,285854,285993,db_weighted_crunch,0.3366,short_time_energy
datasets/workout/yushuan0513workout/yushuan0513workout_whole_session_20260513_144737.csv,yushuan0513workout,286033,286254,db_weighted_crunch,0.4312,short_time_energy
datasets/workout/yushuan0513workout/yushuan0513workout_whole_session_20260513_144737.csv,yushuan0513workout,286254,286424,db_weighted_crunch,0.4087,short_time_energy
datasets/workout/yushuan0513workout/yushuan0513workout_whole_session_20260513_144737.csv,yushuan0513workout,286424,286578,db_weighted_crunch,0.3702,short_time_energy
datasets/workout/yushuan0513workout/yushuan0513workout_whole_session_20260513_144737.csv,yushuan0513workout,287228,287361,db_weighted_crunch,0.2969,short_time_energy
datasets/workout/yushuan0513workout/yushuan0513workout_whole_session_20260513_144737.csv,yushuan0513workout,287361,287629,db_weighted_crunch,0.303,short_time_energy
datasets/workout/yushuan0513workout/yushuan0513workout_whole_session_20260513_144737.csv,yushuan0513workout,287629,287824,db_weighted_crunch,0.562,short_time_energy
datasets/workout/yushuan0513workout/yushuan0513workout_whole_session_20260513_144737.csv,yushuan0513workout,296489,296580,db_weighted_crunch,0.3149,short_time_energy
datasets/workout/yushuan0513workout/yushuan0513workout_whole_session_20260513_144737.csv,yushuan0513workout,297130,297223,db_weighted_crunch,0.2888,short_time_energy
datasets/workout/yushuan0513workout/yushuan0513workout_whole_session_20260513_144737.csv,yushuan0513workout,297404,297518,db_weighted_crunch,0.2984,short_time_energy
datasets/workout/yushuan0513workout/yushuan0513workout_whole_session_20260513_144737.csv,yushuan0513workout,297649,297748,db_weighted_crunch,0.2592,short_time_energy
datasets/workout/yushuan0513workout/yushuan0513workout_whole_session_20260513_144737.csv,yushuan0513workout,351619,351985,db_shoulder_press,0.6052,short_time_energy
datasets/workout/yushuan0513workout/yushuan0513workout_whole_session_20260513_144737.csv,yushuan0513workout,352144,352277,db_shoulder_press,0.3482,short_time_energy
datasets/workout/yushuan0513workout/yushuan0513workout_whole_session_20260513_144737.csv,yushuan0513workout,352277,352487,db_shoulder_press,0.4726,short_time_energy
datasets/workout/yushuan0513workout/yushuan0513workout_whole_session_20260513_144737.csv,yushuan0513workout,352487,352723,db_shoulder_press,0.577,short_time_energy
datasets/workout/yushuan0513workout/yushuan0513workout_whole_session_20260513_144737.csv,yushuan0513workout,352723,353158,db_shoulder_press,0.4534,short_time_energy
datasets/workout/yushuan0513workout/yushuan0513workout_whole_session_20260513_144737.csv,yushuan0513workout,353158,353322,db_shoulder_press,0.3497,short_time_energy
datasets/workout/yushuan0513workout/yushuan0513workout_whole_session_20260513_144737.csv,yushuan0513workout,353322,353511,db_shoulder_press,0.4119,short_time_energy
datasets/workout/yushuan0513workout/yushuan0513workout_whole_session_20260513_144737.csv,yushuan0513workout,353511,354018,db_shoulder_press,0.4487,short_time_energy
datasets/workout/yushuan0513workout/yushuan0513workout_whole_session_20260513_144737.csv,yushuan0513workout,354018,354463,db_shoulder_press,0.5076,short_time_energy
datasets/workout/yushuan0513workout/yushuan0513workout_whole_session_20260513_144737.csv,yushuan0513workout,354707,354944,db_shoulder_press,0.513,short_time_energy
datasets/workout/yushuan0513workout/yushuan0513workout_whole_session_20260513_144737.csv,yushuan0513workout,355058,355391,db_shoulder_press,0.6545,short_time_energy
datasets/workout/yushuan0513workout/yushuan0513workout_whole_session_20260513_144737.csv,yushuan0513workout,355391,355536,db_shoulder_press,0.3015,short_time_energy
datasets/workout/yushuan0513workout/yushuan0513workout_whole_session_20260513_144737.csv,yushuan0513workout,355586,355886,db_shoulder_press,0.6369,short_time_energy
datasets/workout/yushuan0513workout/yushuan0513workout_whole_session_20260513_144737.csv,yushuan0513workout,355886,356020,db_shoulder_press,0.2845,short_time_energy
datasets/workout/yushuan0513workout/yushuan0513workout_whole_session_20260513_144737.csv,yushuan0513workout,356020,356283,db_shoulder_press,0.6253,short_time_energy
datasets/workout/yushuan0513workout/yushuan0513workout_whole_session_20260513_144737.csv,yushuan0513workout,356436,356624,db_shoulder_press,0.376,short_time_energy
datasets/workout/yushuan0513workout/yushuan0513workout_whole_session_20260513_144737.csv,yushuan0513workout,356624,356963,db_shoulder_press,0.5802,short_time_energy
datasets/workout/yushuan0513workout/yushuan0513workout_whole_session_20260513_144737.csv,yushuan0513workout,373710,373938,db_shoulder_press,0.5904,short_time_energy
datasets/workout/yushuan0513workout/yushuan0513workout_whole_session_20260513_144737.csv,yushuan0513workout,373938,374105,db_shoulder_press,0.3805,short_time_energy
datasets/workout/yushuan0513workout/yushuan0513workout_whole_session_20260513_144737.csv,yushuan0513workout,374105,374217,db_shoulder_press,0.2828,short_time_energy
datasets/workout/yushuan0513workout/yushuan0513workout_whole_session_20260513_144737.csv,yushuan0513workout,374217,374345,db_shoulder_press,0.3232,short_time_energy
datasets/workout/yushuan0513workout/yushuan0513workout_whole_session_20260513_144737.csv,yushuan0513workout,374345,374516,db_shoulder_press,0.3186,short_time_energy
datasets/workout/yushuan0513workout/yushuan0513workout_whole_session_20260513_144737.csv,yushuan0513workout,374516,374791,db_shoulder_press,0.6018,short_time_energy
datasets/workout/yushuan0513workout/yushuan0513workout_whole_session_20260513_144737.csv,yushuan0513workout,374987,375261,db_shoulder_press,0.6049,short_time_energy
datasets/workout/yushuan0513workout/yushuan0513workout_whole_session_20260513_144737.csv,yushuan0513workout,375527,375751,db_shoulder_press,0.4581,short_time_energy
datasets/workout/yushuan0513workout/yushuan0513workout_whole_session_20260513_144737.csv,yushuan0513workout,375975,376259,db_shoulder_press,0.5472,short_time_energy
datasets/workout/yushuan0513workout/yushuan0513workout_whole_session_20260513_144737.csv,yushuan0513workout,376577,376767,db_shoulder_press,0.3467,short_time_energy
datasets/workout/yushuan0513workout/yushuan0513workout_whole_session_20260513_144737.csv,yushuan0513workout,376940,377219,db_shoulder_press,0.593,short_time_energy
datasets/workout/yushuan0513workout/yushuan0513workout_whole_session_20260513_144737.csv,yushuan0513workout,377219,377371,db_shoulder_press,0.3385,short_time_energy
datasets/workout/yushuan0513workout/yushuan0513workout_whole_session_20260513_144737.csv,yushuan0513workout,377514,377656,db_shoulder_press,0.3054,short_time_energy
datasets/workout/yushuan0513workout/yushuan0513workout_whole_session_20260513_144737.csv,yushuan0513workout,377656,377808,db_shoulder_press,0.3269,short_time_energy
datasets/workout/yushuan0513workout/yushuan0513workout_whole_session_20260513_144737.csv,yushuan0513workout,377968,378255,db_shoulder_press,0.5062,short_time_energy
datasets/workout/yushuan0513workout/yushuan0513workout_whole_session_20260513_144737.csv,yushuan0513workout,378255,378478,db_shoulder_press,0.2825,short_time_energy
datasets/workout/yushuan0513workout/yushuan0513workout_whole_session_20260513_144737.csv,yushuan0513workout,378478,378608,db_shoulder_press,0.2975,short_time_energy
datasets/workout/yushuan0513workout/yushuan0513workout_whole_session_20260513_144737.csv,yushuan0513workout,378608,378749,db_shoulder_press,0.3227,short_time_energy
datasets/workout/yushuan0513workout/yushuan0513workout_whole_session_20260513_144737.csv,yushuan0513workout,378897,379073,db_shoulder_press,0.3902,short_time_energy
datasets/workout/yushuan0513workout/yushuan0513workout_whole_session_20260513_144737.csv,yushuan0513workout,379073,379211,db_shoulder_press,0.306,short_time_energy
datasets/workout/yushuan0513workout/yushuan0513workout_whole_session_20260513_144737.csv,yushuan0513workout,404548,404811,db_shoulder_press,0.6613,short_time_energy
datasets/workout/yushuan0513workout/yushuan0513workout_whole_session_20260513_144737.csv,yushuan0513workout,404811,405006,db_shoulder_press,0.4472,short_time_energy
datasets/workout/yushuan0513workout/yushuan0513workout_whole_session_20260513_144737.csv,yushuan0513workout,405006,405260,db_shoulder_press,0.4807,short_time_energy
datasets/workout/yushuan0513workout/yushuan0513workout_whole_session_20260513_144737.csv,yushuan0513workout,405260,405473,db_shoulder_press,0.3866,short_time_energy
datasets/workout/yushuan0513workout/yushuan0513workout_whole_session_20260513_144737.csv,yushuan0513workout,405473,405657,db_shoulder_press,0.3339,short_time_energy
datasets/workout/yushuan0513workout/yushuan0513workout_whole_session_20260513_144737.csv,yushuan0513workout,405783,406065,db_shoulder_press,0.5962,short_time_energy
datasets/workout/yushuan0513workout/yushuan0513workout_whole_session_20260513_144737.csv,yushuan0513workout,406065,406330,db_shoulder_press,0.3443,short_time_energy
datasets/workout/yushuan0513workout/yushuan0513workout_whole_session_20260513_144737.csv,yushuan0513workout,406330,406486,db_shoulder_press,0.2938,short_time_energy
datasets/workout/yushuan0513workout/yushuan0513workout_whole_session_20260513_144737.csv,yushuan0513workout,406486,406793,db_shoulder_press,0.5547,short_time_energy
datasets/workout/yushuan0513workout/yushuan0513workout_whole_session_20260513_144737.csv,yushuan0513workout,406793,407078,db_shoulder_press,0.5163,short_time_energy
datasets/workout/yushuan0513workout/yushuan0513workout_whole_session_20260513_144737.csv,yushuan0513workout,407078,407344,db_shoulder_press,0.4633,short_time_energy
datasets/workout/yushuan0513workout/yushuan0513workout_whole_session_20260513_144737.csv,yushuan0513workout,407445,407746,db_shoulder_press,0.4674,short_time_energy
datasets/workout/yushuan0513workout/yushuan0513workout_whole_session_20260513_144737.csv,yushuan0513workout,407746,407926,db_shoulder_press,0.2795,short_time_energy
datasets/workout/yushuan0513workout/yushuan0513workout_whole_session_20260513_144737.csv,yushuan0513workout,407965,408237,db_shoulder_press,0.4655,short_time_energy
datasets/workout/yushuan0513workout/yushuan0513workout_whole_session_20260513_144737.csv,yushuan0513workout,408367,408525,db_shoulder_press,0.2721,short_time_energy
datasets/workout/yushuan0513workout/yushuan0513workout_whole_session_20260513_144737.csv,yushuan0513workout,408657,408845,db_shoulder_press,0.2701,short_time_energy
datasets/workout/yushuan0513workout/yushuan0513workout_whole_session_20260513_144737.csv,yushuan0513workout,408845,409106,db_shoulder_press,0.375,short_time_energy
datasets/workout/yushuan0513workout/yushuan0513workout_whole_session_20260513_144737.csv,yushuan0513workout,442745,442865,db_biceps_curl,0.4615,short_time_energy
datasets/workout/yushuan0513workout/yushuan0513workout_whole_session_20260513_144737.csv,yushuan0513workout,443011,443114,db_biceps_curl,0.3962,short_time_energy
datasets/workout/yushuan0513workout/yushuan0513workout_whole_session_20260513_144737.csv,yushuan0513workout,443114,443289,db_biceps_curl,0.277,short_time_energy
datasets/workout/yushuan0513workout/yushuan0513workout_whole_session_20260513_144737.csv,yushuan0513workout,443289,443390,db_biceps_curl,0.384,short_time_energy
datasets/workout/yushuan0513workout/yushuan0513workout_whole_session_20260513_144737.csv,yushuan0513workout,443531,443658,db_biceps_curl,0.4618,short_time_energy
datasets/workout/yushuan0513workout/yushuan0513workout_whole_session_20260513_144737.csv,yushuan0513workout,443812,443936,db_biceps_curl,0.4576,short_time_energy
datasets/workout/yushuan0513workout/yushuan0513workout_whole_session_20260513_144737.csv,yushuan0513workout,444014,444100,db_biceps_curl,0.2997,short_time_energy
datasets/workout/yushuan0513workout/yushuan0513workout_whole_session_20260513_144737.csv,yushuan0513workout,444100,444189,db_biceps_curl,0.3101,short_time_energy
datasets/workout/yushuan0513workout/yushuan0513workout_whole_session_20260513_144737.csv,yushuan0513workout,444189,444285,db_biceps_curl,0.3345,short_time_energy
datasets/workout/yushuan0513workout/yushuan0513workout_whole_session_20260513_144737.csv,yushuan0513workout,444354,444494,db_biceps_curl,0.5204,short_time_energy
datasets/workout/yushuan0513workout/yushuan0513workout_whole_session_20260513_144737.csv,yushuan0513workout,444623,444773,db_biceps_curl,0.4777,short_time_energy
datasets/workout/yushuan0513workout/yushuan0513workout_whole_session_20260513_144737.csv,yushuan0513workout,444773,444901,db_biceps_curl,0.2924,short_time_energy
datasets/workout/yushuan0513workout/yushuan0513workout_whole_session_20260513_144737.csv,yushuan0513workout,444976,445095,db_biceps_curl,0.3802,short_time_energy
datasets/workout/yushuan0513workout/yushuan0513workout_whole_session_20260513_144737.csv,yushuan0513workout,445287,445393,db_biceps_curl,0.3746,short_time_energy
datasets/workout/yushuan0513workout/yushuan0513workout_whole_session_20260513_144737.csv,yushuan0513workout,445559,445674,db_biceps_curl,0.4492,short_time_energy
datasets/workout/yushuan0513workout/yushuan0513workout_whole_session_20260513_144737.csv,yushuan0513workout,457478,457628,db_biceps_curl,0.2832,short_time_energy
datasets/workout/yushuan0513workout/yushuan0513workout_whole_session_20260513_144737.csv,yushuan0513workout,457628,457737,db_biceps_curl,0.3707,short_time_energy
datasets/workout/yushuan0513workout/yushuan0513workout_whole_session_20260513_144737.csv,yushuan0513workout,457737,457812,db_biceps_curl,0.2551,short_time_energy
datasets/workout/yushuan0513workout/yushuan0513workout_whole_session_20260513_144737.csv,yushuan0513workout,457919,457994,db_biceps_curl,0.3165,short_time_energy
datasets/workout/yushuan0513workout/yushuan0513workout_whole_session_20260513_144737.csv,yushuan0513workout,458051,458129,db_biceps_curl,0.2656,short_time_energy
datasets/workout/yushuan0513workout/yushuan0513workout_whole_session_20260513_144737.csv,yushuan0513workout,458129,458248,db_biceps_curl,0.4837,short_time_energy
datasets/workout/yushuan0513workout/yushuan0513workout_whole_session_20260513_144737.csv,yushuan0513workout,458406,458498,db_biceps_curl,0.3552,short_time_energy
datasets/workout/yushuan0513workout/yushuan0513workout_whole_session_20260513_144737.csv,yushuan0513workout,458607,458735,db_biceps_curl,0.5424,short_time_energy
datasets/workout/yushuan0513workout/yushuan0513workout_whole_session_20260513_144737.csv,yushuan0513workout,458858,458995,db_biceps_curl,0.5352,short_time_energy
datasets/workout/yushuan0513workout/yushuan0513workout_whole_session_20260513_144737.csv,yushuan0513workout,459158,459248,db_biceps_curl,0.3734,short_time_energy
datasets/workout/yushuan0513workout/yushuan0513workout_whole_session_20260513_144737.csv,yushuan0513workout,459248,459384,db_biceps_curl,0.253,short_time_energy
datasets/workout/yushuan0513workout/yushuan0513workout_whole_session_20260513_144737.csv,yushuan0513workout,459384,459459,db_biceps_curl,0.2632,short_time_energy
datasets/workout/yushuan0513workout/yushuan0513workout_whole_session_20260513_144737.csv,yushuan0513workout,459722,459806,db_biceps_curl,0.2897,short_time_energy
datasets/workout/yushuan0513workout/yushuan0513workout_whole_session_20260513_144737.csv,yushuan0513workout,459961,460054,db_biceps_curl,0.3049,short_time_energy
datasets/workout/yushuan0513workout/yushuan0513workout_whole_session_20260513_144737.csv,yushuan0513workout,460260,460436,db_biceps_curl,0.5659,short_time_energy
datasets/workout/yushuan0513workout/yushuan0513workout_whole_session_20260513_144737.csv,yushuan0513workout,460436,460589,db_biceps_curl,0.2781,short_time_energy
datasets/workout/yushuan0513workout/yushuan0513workout_whole_session_20260513_144737.csv,yushuan0513workout,460589,460667,db_biceps_curl,0.2583,short_time_energy
datasets/workout/yushuan0513workout/yushuan0513workout_whole_session_20260513_144737.csv,yushuan0513workout,473630,473800,db_biceps_curl,0.3194,short_time_energy
datasets/workout/yushuan0513workout/yushuan0513workout_whole_session_20260513_144737.csv,yushuan0513workout,473800,473879,db_biceps_curl,0.2904,short_time_energy
datasets/workout/yushuan0513workout/yushuan0513workout_whole_session_20260513_144737.csv,yushuan0513workout,473879,473958,db_biceps_curl,0.2904,short_time_energy
datasets/workout/yushuan0513workout/yushuan0513workout_whole_session_20260513_144737.csv,yushuan0513workout,473958,474051,db_biceps_curl,0.327,short_time_energy
datasets/workout/yushuan0513workout/yushuan0513workout_whole_session_20260513_144737.csv,yushuan0513workout,474051,474155,db_biceps_curl,0.4062,short_time_energy
datasets/workout/yushuan0513workout/yushuan0513workout_whole_session_20260513_144737.csv,yushuan0513workout,474281,474359,db_biceps_curl,0.3171,short_time_energy
datasets/workout/yushuan0513workout/yushuan0513workout_whole_session_20260513_144737.csv,yushuan0513workout,474399,474462,db_biceps_curl,0.2561,short_time_energy
datasets/workout/yushuan0513workout/yushuan0513workout_whole_session_20260513_144737.csv,yushuan0513workout,474462,474538,db_biceps_curl,0.2659,short_time_energy
datasets/workout/yushuan0513workout/yushuan0513workout_whole_session_20260513_144737.csv,yushuan0513workout,474538,474668,db_biceps_curl,0.4962,short_time_energy
datasets/workout/yushuan0513workout/yushuan0513workout_whole_session_20260513_144737.csv,yushuan0513workout,474753,474829,db_biceps_curl,0.2559,short_time_energy
datasets/workout/yushuan0513workout/yushuan0513workout_whole_session_20260513_144737.csv,yushuan0513workout,475120,475229,db_biceps_curl,0.4022,short_time_energy
datasets/workout/yushuan0513workout/yushuan0513workout_whole_session_20260513_144737.csv,yushuan0513workout,475291,475368,db_biceps_curl,0.2518,short_time_energy
datasets/workout/yushuan0513workout/yushuan0513workout_whole_session_20260513_144737.csv,yushuan0513workout,475993,476116,db_biceps_curl,0.4198,short_time_energy
datasets/workout/yushuan0513workout/yushuan0513workout_whole_session_20260513_144737.csv,yushuan0513workout,476716,476791,db_biceps_curl,0.2508,short_time_energy
datasets/workout/yushuan0513workout/yushuan0513workout_whole_session_20260513_144737.csv,yushuan0513workout,492555,492846,db_triceps_curl,0.478,short_time_energy
datasets/workout/yushuan0513workout/yushuan0513workout_whole_session_20260513_144737.csv,yushuan0513workout,492846,492925,db_triceps_curl,0.2885,short_time_energy
datasets/workout/yushuan0513workout/yushuan0513workout_whole_session_20260513_144737.csv,yushuan0513workout,493007,493150,db_triceps_curl,0.4441,short_time_energy
datasets/workout/yushuan0513workout/yushuan0513workout_whole_session_20260513_144737.csv,yushuan0513workout,493150,493231,db_triceps_curl,0.2516,short_time_energy
datasets/workout/yushuan0513workout/yushuan0513workout_whole_session_20260513_144737.csv,yushuan0513workout,493418,493569,db_triceps_curl,0.2652,short_time_energy
datasets/workout/yushuan0513workout/yushuan0513workout_whole_session_20260513_144737.csv,yushuan0513workout,493569,493685,db_triceps_curl,0.324,short_time_energy
datasets/workout/yushuan0513workout/yushuan0513workout_whole_session_20260513_144737.csv,yushuan0513workout,493744,493947,db_triceps_curl,0.2692,short_time_energy
datasets/workout/yushuan0513workout/yushuan0513workout_whole_session_20260513_144737.csv,yushuan0513workout,493947,494105,db_triceps_curl,0.4984,short_time_energy
datasets/workout/yushuan0513workout/yushuan0513workout_whole_session_20260513_144737.csv,yushuan0513workout,494174,494323,db_triceps_curl,0.436,short_time_energy
datasets/workout/yushuan0513workout/yushuan0513workout_whole_session_20260513_144737.csv,yushuan0513workout,494323,494427,db_triceps_curl,0.323,short_time_energy
datasets/workout/yushuan0513workout/yushuan0513workout_whole_session_20260513_144737.csv,yushuan0513workout,494427,494622,db_triceps_curl,0.3243,short_time_energy
datasets/workout/yushuan0513workout/yushuan0513workout_whole_session_20260513_144737.csv,yushuan0513workout,494622,494722,db_triceps_curl,0.339,short_time_energy
datasets/workout/yushuan0513workout/yushuan0513workout_whole_session_20260513_144737.csv,yushuan0513workout,494861,495018,db_triceps_curl,0.5048,short_time_energy
datasets/workout/yushuan0513workout/yushuan0513workout_whole_session_20260513_144737.csv,yushuan0513workout,495152,495238,db_triceps_curl,0.2687,short_time_energy
datasets/workout/yushuan0513workout/yushuan0513workout_whole_session_20260513_144737.csv,yushuan0513workout,495238,495329,db_triceps_curl,0.2844,short_time_energy
datasets/workout/yushuan0513workout/yushuan0513workout_whole_session_20260513_144737.csv,yushuan0513workout,495329,495439,db_triceps_curl,0.2991,short_time_energy
datasets/workout/yushuan0513workout/yushuan0513workout_whole_session_20260513_144737.csv,yushuan0513workout,495500,495590,db_triceps_curl,0.2752,short_time_energy
datasets/workout/yushuan0513workout/yushuan0513workout_whole_session_20260513_144737.csv,yushuan0513workout,495654,495825,db_triceps_curl,0.2544,short_time_energy
datasets/workout/yushuan0513workout/yushuan0513workout_whole_session_20260513_144737.csv,yushuan0513workout,495825,495956,db_triceps_curl,0.4185,short_time_energy
datasets/workout/yushuan0513workout/yushuan0513workout_whole_session_20260513_144737.csv,yushuan0513workout,496012,496167,db_triceps_curl,0.2946,short_time_energy
datasets/workout/yushuan0513workout/yushuan0513workout_whole_session_20260513_144737.csv,yushuan0513workout,496167,496277,db_triceps_curl,0.3929,short_time_energy
datasets/workout/yushuan0513workout/yushuan0513workout_whole_session_20260513_144737.csv,yushuan0513workout,503917,504003,db_triceps_curl,0.2945,short_time_energy
datasets/workout/yushuan0513workout/yushuan0513workout_whole_session_20260513_144737.csv,yushuan0513workout,504003,504120,db_triceps_curl,0.4007,short_time_energy
datasets/workout/yushuan0513workout/yushuan0513workout_whole_session_20260513_144737.csv,yushuan0513workout,504183,504251,db_triceps_curl,0.3049,short_time_energy
datasets/workout/yushuan0513workout/yushuan0513workout_whole_session_20260513_144737.csv,yushuan0513workout,504251,504338,db_triceps_curl,0.3901,short_time_energy
datasets/workout/yushuan0513workout/yushuan0513workout_whole_session_20260513_144737.csv,yushuan0513workout,504410,504463,db_triceps_curl,0.25,short_time_energy
datasets/workout/yushuan0513workout/yushuan0513workout_whole_session_20260513_144737.csv,yushuan0513workout,504463,504594,db_triceps_curl,0.6179,short_time_energy
datasets/workout/yushuan0513workout/yushuan0513workout_whole_session_20260513_144737.csv,yushuan0513workout,504874,504945,db_triceps_curl,0.3087,short_time_energy
datasets/workout/yushuan0513workout/yushuan0513workout_whole_session_20260513_144737.csv,yushuan0513workout,504945,505038,db_triceps_curl,0.4043,short_time_energy
datasets/workout/yushuan0513workout/yushuan0513workout_whole_session_20260513_144737.csv,yushuan0513workout,505184,505288,db_triceps_curl,0.4015,short_time_energy
datasets/workout/yushuan0513workout/yushuan0513workout_whole_session_20260513_144737.csv,yushuan0513workout,505347,505422,db_triceps_curl,0.3275,short_time_energy
datasets/workout/yushuan0513workout/yushuan0513workout_whole_session_20260513_144737.csv,yushuan0513workout,505422,505532,db_triceps_curl,0.4803,short_time_energy
datasets/workout/yushuan0513workout/yushuan0513workout_whole_session_20260513_144737.csv,yushuan0513workout,505668,505794,db_triceps_curl,0.4315,short_time_energy
datasets/workout/yushuan0513workout/yushuan0513workout_whole_session_20260513_144737.csv,yushuan0513workout,506159,506290,db_triceps_curl,0.3521,short_time_energy
datasets/workout/yushuan0513workout/yushuan0513workout_whole_session_20260513_144737.csv,yushuan0513workout,506290,506410,db_triceps_curl,0.5217,short_time_energy
datasets/workout/yushuan0513workout/yushuan0513workout_whole_session_20260513_144737.csv,yushuan0513workout,506453,506538,db_triceps_curl,0.332,short_time_energy
datasets/workout/yushuan0513workout/yushuan0513workout_whole_session_20260513_144737.csv,yushuan0513workout,506538,506677,db_triceps_curl,0.543,short_time_energy
datasets/workout/yushuan0513workout/yushuan0513workout_whole_session_20260513_144737.csv,yushuan0513workout,506820,506925,db_triceps_curl,0.4008,short_time_energy
datasets/workout/yushuan0513workout/yushuan0513workout_whole_session_20260513_144737.csv,yushuan0513workout,507022,507120,db_triceps_curl,0.3082,short_time_energy
datasets/workout/yushuan0513workout/yushuan0513workout_whole_session_20260513_144737.csv,yushuan0513workout,514565,514645,db_triceps_curl,0.3213,short_time_energy
datasets/workout/yushuan0513workout/yushuan0513workout_whole_session_20260513_144737.csv,yushuan0513workout,514645,514718,db_triceps_curl,0.2932,short_time_energy
datasets/workout/yushuan0513workout/yushuan0513workout_whole_session_20260513_144737.csv,yushuan0513workout,514718,514804,db_triceps_curl,0.3612,short_time_energy
datasets/workout/yushuan0513workout/yushuan0513workout_whole_session_20260513_144737.csv,yushuan0513workout,514804,514904,db_triceps_curl,0.4484,short_time_energy
datasets/workout/yushuan0513workout/yushuan0513workout_whole_session_20260513_144737.csv,yushuan0513workout,515000,515098,db_triceps_curl,0.3224,short_time_energy
datasets/workout/yushuan0513workout/yushuan0513workout_whole_session_20260513_144737.csv,yushuan0513workout,515268,515372,db_triceps_curl,0.3741,short_time_energy
datasets/workout/yushuan0513workout/yushuan0513workout_whole_session_20260513_144737.csv,yushuan0513workout,515372,515533,db_triceps_curl,0.5458,short_time_energy
datasets/workout/yushuan0513workout/yushuan0513workout_whole_session_20260513_144737.csv,yushuan0513workout,515589,515709,db_triceps_curl,0.3582,short_time_energy
datasets/workout/yushuan0513workout/yushuan0513workout_whole_session_20260513_144737.csv,yushuan0513workout,515754,515838,db_triceps_curl,0.2507,short_time_energy
datasets/workout/yushuan0513workout/yushuan0513workout_whole_session_20260513_144737.csv,yushuan0513workout,515920,516007,db_triceps_curl,0.2719,short_time_energy
datasets/workout/yushuan0513workout/yushuan0513workout_whole_session_20260513_144737.csv,yushuan0513workout,516007,516135,db_triceps_curl,0.4,short_time_energy
datasets/workout/yushuan0513workout/yushuan0513workout_whole_session_20260513_144737.csv,yushuan0513workout,516198,516297,db_triceps_curl,0.3486,short_time_energy
datasets/workout/yushuan0513workout/yushuan0513workout_whole_session_20260513_144737.csv,yushuan0513workout,516332,516514,db_triceps_curl,0.4036,short_time_energy
datasets/workout/yushuan0513workout/yushuan0513workout_whole_session_20260513_144737.csv,yushuan0513workout,516514,516712,db_triceps_curl,0.6387,short_time_energy
datasets/workout/yushuan0513workout/yushuan0513workout_whole_session_20260513_144737.csv,yushuan0513workout,516712,516859,db_triceps_curl,0.2554,short_time_energy
datasets/workout/yushuan0513workout/yushuan0513workout_whole_session_20260513_144737.csv,yushuan0513workout,516859,516978,db_triceps_curl,0.4559,short_time_energy
datasets/workout/yushuan0513workout/yushuan0513workout_whole_session_20260513_144737.csv,yushuan0513workout,517088,517257,db_triceps_curl,0.5972,short_time_energy
datasets/workout/yushuan0513workout/yushuan0513workout_whole_session_20260513_144737.csv,yushuan0513workout,517310,517402,db_triceps_curl,0.3191,short_time_energy
datasets/workout/yushuan0513workout/yushuan0513workout_whole_session_20260513_144737.csv,yushuan0513workout,517402,517473,db_triceps_curl,0.2874,short_time_energy
datasets/workout/yushuan0513workout/yushuan0513workout_whole_session_20260513_144737.csv,yushuan0513workout,517534,517685,db_triceps_curl,0.3391,short_time_energy
datasets/workout/yushuan0513workout/yushuan0513workout_whole_session_20260513_144737.csv,yushuan0513workout,517685,517882,db_triceps_curl,0.6254,short_time_energy
datasets/workout/yushuan0513workout/yushuan0513workout_whole_session_20260513_144737.csv,yushuan0513workout,537547,537737,db_squat,0.4343,short_time_energy
datasets/workout/yushuan0513workout/yushuan0513workout_whole_session_20260513_144737.csv,yushuan0513workout,537789,537865,db_squat,0.2724,short_time_energy
datasets/workout/yushuan0513workout/yushuan0513workout_whole_session_20260513_144737.csv,yushuan0513workout,537947,538082,db_squat,0.4219,short_time_energy
datasets/workout/yushuan0513workout/yushuan0513workout_whole_session_20260513_144737.csv,yushuan0513workout,538082,538186,db_squat,0.325,short_time_energy
datasets/workout/yushuan0513workout/yushuan0513workout_whole_session_20260513_144737.csv,yushuan0513workout,538237,538333,db_squat,0.2689,short_time_energy
datasets/workout/yushuan0513workout/yushuan0513workout_whole_session_20260513_144737.csv,yushuan0513workout,538397,538530,db_squat,0.3725,short_time_energy
datasets/workout/yushuan0513workout/yushuan0513workout_whole_session_20260513_144737.csv,yushuan0513workout,538618,538737,db_squat,0.4075,short_time_energy
datasets/workout/yushuan0513workout/yushuan0513workout_whole_session_20260513_144737.csv,yushuan0513workout,538737,538870,db_squat,0.3323,short_time_energy
datasets/workout/yushuan0513workout/yushuan0513workout_whole_session_20260513_144737.csv,yushuan0513workout,538936,539046,db_squat,0.3642,short_time_energy
datasets/workout/yushuan0513workout/yushuan0513workout_whole_session_20260513_144737.csv,yushuan0513workout,539046,539182,db_squat,0.292,short_time_energy
datasets/workout/yushuan0513workout/yushuan0513workout_whole_session_20260513_144737.csv,yushuan0513workout,539182,539354,db_squat,0.5375,short_time_energy
datasets/workout/yushuan0513workout/yushuan0513workout_whole_session_20260513_144737.csv,yushuan0513workout,539354,539461,db_squat,0.3344,short_time_energy
datasets/workout/yushuan0513workout/yushuan0513workout_whole_session_20260513_144737.csv,yushuan0513workout,539531,539676,db_squat,0.4039,short_time_energy
datasets/workout/yushuan0513workout/yushuan0513workout_whole_session_20260513_144737.csv,yushuan0513workout,539893,540033,db_squat,0.3966,short_time_energy
datasets/workout/yushuan0513workout/yushuan0513workout_whole_session_20260513_144737.csv,yushuan0513workout,540230,540355,db_squat,0.4058,short_time_energy
datasets/workout/yushuan0513workout/yushuan0513workout_whole_session_20260513_144737.csv,yushuan0513workout,540355,540443,db_squat,0.2857,short_time_energy
datasets/workout/yushuan0513workout/yushuan0513workout_whole_session_20260513_144737.csv,yushuan0513workout,540697,540829,db_squat,0.3837,short_time_energy
datasets/workout/yushuan0513workout/yushuan0513workout_whole_session_20260513_144737.csv,yushuan0513workout,540934,541020,db_squat,0.2606,short_time_energy
datasets/workout/yushuan0513workout/yushuan0513workout_whole_session_20260513_144737.csv,yushuan0513workout,541020,541289,db_squat,0.3022,short_time_energy
datasets/workout/yushuan0513workout/yushuan0513workout_whole_session_20260513_144737.csv,yushuan0513workout,541289,541404,db_squat,0.3662,short_time_energy
datasets/workout/yushuan0513workout/yushuan0513workout_whole_session_20260513_144737.csv,yushuan0513workout,548399,548492,db_squat,0.301,short_time_energy
datasets/workout/yushuan0513workout/yushuan0513workout_whole_session_20260513_144737.csv,yushuan0513workout,548589,548675,db_squat,0.2783,short_time_energy
datasets/workout/yushuan0513workout/yushuan0513workout_whole_session_20260513_144737.csv,yushuan0513workout,548774,548883,db_squat,0.367,short_time_energy
datasets/workout/yushuan0513workout/yushuan0513workout_whole_session_20260513_144737.csv,yushuan0513workout,548883,548984,db_squat,0.3401,short_time_energy
datasets/workout/yushuan0513workout/yushuan0513workout_whole_session_20260513_144737.csv,yushuan0513workout,549074,549212,db_squat,0.422,short_time_energy
datasets/workout/yushuan0513workout/yushuan0513workout_whole_session_20260513_144737.csv,yushuan0513workout,549212,549302,db_squat,0.2752,short_time_energy
datasets/workout/yushuan0513workout/yushuan0513workout_whole_session_20260513_144737.csv,yushuan0513workout,549363,549483,db_squat,0.3343,short_time_energy
datasets/workout/yushuan0513workout/yushuan0513workout_whole_session_20260513_144737.csv,yushuan0513workout,549483,549573,db_squat,0.2507,short_time_energy
datasets/workout/yushuan0513workout/yushuan0513workout_whole_session_20260513_144737.csv,yushuan0513workout,549573,549689,db_squat,0.3014,short_time_energy
datasets/workout/yushuan0513workout/yushuan0513workout_whole_session_20260513_144737.csv,yushuan0513workout,549818,549907,db_squat,0.2565,short_time_energy
datasets/workout/yushuan0513workout/yushuan0513workout_whole_session_20260513_144737.csv,yushuan0513workout,550234,550329,db_squat,0.2888,short_time_energy
datasets/workout/yushuan0513workout/yushuan0513workout_whole_session_20260513_144737.csv,yushuan0513workout,550821,550913,db_squat,0.2577,short_time_energy
datasets/workout/yushuan0513workout/yushuan0513workout_whole_session_20260513_144737.csv,yushuan0513workout,551297,551396,db_squat,0.2886,short_time_energy
datasets/workout/yushuan0513workout/yushuan0513workout_whole_session_20260513_144737.csv,yushuan0513workout,558745,558831,db_squat,0.2905,short_time_energy
datasets/workout/ziho0512workout/ziho0512workout_whole_session_20260512_204157.csv,ziho0512workout,188,403,db_bench_press,0.5244,short_time_energy
datasets/workout/ziho0512workout/ziho0512workout_whole_session_20260512_204157.csv,ziho0512workout,403,593,db_bench_press,0.2632,short_time_energy
datasets/workout/ziho0512workout/ziho0512workout_whole_session_20260512_204157.csv,ziho0512workout,593,681,db_bench_press,0.3099,short_time_energy
datasets/workout/ziho0512workout/ziho0512workout_whole_session_20260512_204157.csv,ziho0512workout,681,871,db_bench_press,0.3819,short_time_energy
datasets/workout/ziho0512workout/ziho0512workout_whole_session_20260512_204157.csv,ziho0512workout,871,968,db_bench_press,0.388,short_time_energy
datasets/workout/ziho0512workout/ziho0512workout_whole_session_20260512_204157.csv,ziho0512workout,968,1082,db_bench_press,0.3481,short_time_energy
datasets/workout/ziho0512workout/ziho0512workout_whole_session_20260512_204157.csv,ziho0512workout,1082,1286,db_bench_press,0.6476,short_time_energy
datasets/workout/ziho0512workout/ziho0512workout_whole_session_20260512_204157.csv,ziho0512workout,1357,1559,db_bench_press,0.5871,short_time_energy
datasets/workout/ziho0512workout/ziho0512workout_whole_session_20260512_204157.csv,ziho0512workout,1559,1701,db_bench_press,0.3333,short_time_energy
datasets/workout/ziho0512workout/ziho0512workout_whole_session_20260512_204157.csv,ziho0512workout,1701,1799,db_bench_press,0.41,short_time_energy
datasets/workout/ziho0512workout/ziho0512workout_whole_session_20260512_204157.csv,ziho0512workout,1799,1968,db_bench_press,0.3555,short_time_energy
datasets/workout/ziho0512workout/ziho0512workout_whole_session_20260512_204157.csv,ziho0512workout,1968,2036,db_bench_press,0.2845,short_time_energy
datasets/workout/ziho0512workout/ziho0512workout_whole_session_20260512_204157.csv,ziho0512workout,2036,2209,db_bench_press,0.3597,short_time_energy
datasets/workout/ziho0512workout/ziho0512workout_whole_session_20260512_204157.csv,ziho0512workout,2209,2315,db_bench_press,0.3799,short_time_energy
datasets/workout/ziho0512workout/ziho0512workout_whole_session_20260512_204157.csv,ziho0512workout,2315,2473,db_bench_press,0.3323,short_time_energy
datasets/workout/ziho0512workout/ziho0512workout_whole_session_20260512_204157.csv,ziho0512workout,2473,2620,db_bench_press,0.3675,short_time_energy
datasets/workout/ziho0512workout/ziho0512workout_whole_session_20260512_204157.csv,ziho0512workout,2620,2970,db_bench_press,0.3736,short_time_energy
datasets/workout/ziho0512workout/ziho0512workout_whole_session_20260512_204157.csv,ziho0512workout,2970,3214,db_bench_press,0.2711,short_time_energy
datasets/workout/ziho0512workout/ziho0512workout_whole_session_20260512_204157.csv,ziho0512workout,3214,3739,db_bench_press,0.5574,short_time_energy
datasets/workout/ziho0512workout/ziho0512workout_whole_session_20260512_204157.csv,ziho0512workout,9178,9310,db_bench_press,0.3472,short_time_energy
datasets/workout/ziho0512workout/ziho0512workout_whole_session_20260512_204157.csv,ziho0512workout,9310,9382,db_bench_press,0.2812,short_time_energy
datasets/workout/ziho0512workout/ziho0512workout_whole_session_20260512_204157.csv,ziho0512workout,9382,9474,db_bench_press,0.3182,short_time_energy
datasets/workout/ziho0512workout/ziho0512workout_whole_session_20260512_204157.csv,ziho0512workout,9524,9619,db_bench_press,0.2819,short_time_energy
datasets/workout/ziho0512workout/ziho0512workout_whole_session_20260512_204157.csv,ziho0512workout,9654,9746,db_bench_press,0.273,short_time_energy
datasets/workout/ziho0512workout/ziho0512workout_whole_session_20260512_204157.csv,ziho0512workout,9832,9916,db_bench_press,0.2781,short_time_energy
datasets/workout/ziho0512workout/ziho0512workout_whole_session_20260512_204157.csv,ziho0512workout,9916,10019,db_bench_press,0.3411,short_time_energy
datasets/workout/ziho0512workout/ziho0512workout_whole_session_20260512_204157.csv,ziho0512workout,10019,10108,db_bench_press,0.282,short_time_energy
datasets/workout/ziho0512workout/ziho0512workout_whole_session_20260512_204157.csv,ziho0512workout,10266,10354,db_bench_press,0.2973,short_time_energy
datasets/workout/ziho0512workout/ziho0512workout_whole_session_20260512_204157.csv,ziho0512workout,10521,10641,db_bench_press,0.4211,short_time_energy
datasets/workout/ziho0512workout/ziho0512workout_whole_session_20260512_204157.csv,ziho0512workout,11341,11496,db_bench_press,0.5132,short_time_energy
datasets/workout/ziho0512workout/ziho0512workout_whole_session_20260512_204157.csv,ziho0512workout,11593,11711,db_bench_press,0.4014,short_time_energy
datasets/workout/ziho0512workout/ziho0512workout_whole_session_20260512_204157.csv,ziho0512workout,11759,11893,db_bench_press,0.3417,short_time_energy
datasets/workout/ziho0512workout/ziho0512workout_whole_session_20260512_204157.csv,ziho0512workout,11922,12099,db_bench_press,0.5429,short_time_energy
datasets/workout/ziho0512workout/ziho0512workout_whole_session_20260512_204157.csv,ziho0512workout,12099,12185,db_bench_press,0.2638,short_time_energy
datasets/workout/ziho0512workout/ziho0512workout_whole_session_20260512_204157.csv,ziho0512workout,12235,12354,db_bench_press,0.402,short_time_energy
datasets/workout/ziho0512workout/ziho0512workout_whole_session_20260512_204157.csv,ziho0512workout,12354,12540,db_bench_press,0.3931,short_time_energy
datasets/workout/ziho0512workout/ziho0512workout_whole_session_20260512_204157.csv,ziho0512workout,12579,12661,db_bench_press,0.2908,short_time_energy
datasets/workout/ziho0512workout/ziho0512workout_whole_session_20260512_204157.csv,ziho0512workout,12661,12751,db_bench_press,0.3191,short_time_energy
datasets/workout/ziho0512workout/ziho0512workout_whole_session_20260512_204157.csv,ziho0512workout,12912,13006,db_bench_press,0.2633,short_time_energy
datasets/workout/ziho0512workout/ziho0512workout_whole_session_20260512_204157.csv,ziho0512workout,13006,13181,db_bench_press,0.3007,short_time_energy
datasets/workout/ziho0512workout/ziho0512workout_whole_session_20260512_204157.csv,ziho0512workout,13181,13289,db_bench_press,0.3711,short_time_energy
datasets/workout/ziho0512workout/ziho0512workout_whole_session_20260512_204157.csv,ziho0512workout,21693,21845,db_bench_press,0.2635,short_time_energy
datasets/workout/ziho0512workout/ziho0512workout_whole_session_20260512_204157.csv,ziho0512workout,21884,21957,db_bench_press,0.2967,short_time_energy
datasets/workout/ziho0512workout/ziho0512workout_whole_session_20260512_204157.csv,ziho0512workout,22060,22179,db_bench_press,0.3459,short_time_energy
datasets/workout/ziho0512workout/ziho0512workout_whole_session_20260512_204157.csv,ziho0512workout,22363,22445,db_bench_press,0.3154,short_time_energy
datasets/workout/ziho0512workout/ziho0512workout_whole_session_20260512_204157.csv,ziho0512workout,22445,22531,db_bench_press,0.3308,short_time_energy
datasets/workout/ziho0512workout/ziho0512workout_whole_session_20260512_204157.csv,ziho0512workout,22531,22609,db_bench_press,0.3,short_time_energy
datasets/workout/ziho0512workout/ziho0512workout_whole_session_20260512_204157.csv,ziho0512workout,22680,22814,db_bench_press,0.3941,short_time_energy
datasets/workout/ziho0512workout/ziho0512workout_whole_session_20260512_204157.csv,ziho0512workout,23016,23110,db_bench_press,0.2823,short_time_energy
datasets/workout/ziho0512workout/ziho0512workout_whole_session_20260512_204157.csv,ziho0512workout,23110,23204,db_bench_press,0.2823,short_time_energy
datasets/workout/ziho0512workout/ziho0512workout_whole_session_20260512_204157.csv,ziho0512workout,23353,23494,db_bench_press,0.4147,short_time_energy
datasets/workout/ziho0512workout/ziho0512workout_whole_session_20260512_204157.csv,ziho0512workout,23814,23934,db_bench_press,0.3366,short_time_energy
datasets/workout/ziho0512workout/ziho0512workout_whole_session_20260512_204157.csv,ziho0512workout,24095,24182,db_bench_press,0.2559,short_time_energy
datasets/workout/ziho0512workout/ziho0512workout_whole_session_20260512_204157.csv,ziho0512workout,24407,24581,db_bench_press,0.4591,short_time_energy
datasets/workout/ziho0512workout/ziho0512workout_whole_session_20260512_204157.csv,ziho0512workout,24857,24995,db_bench_press,0.352,short_time_energy
datasets/workout/ziho0512workout/ziho0512workout_whole_session_20260512_204157.csv,ziho0512workout,25135,25233,db_bench_press,0.3072,short_time_energy
datasets/workout/ziho0512workout/ziho0512workout_whole_session_20260512_204157.csv,ziho0512workout,33322,33688,db_bench_press,0.7076,short_time_energy
datasets/workout/ziho0512workout/ziho0512workout_whole_session_20260512_204157.csv,ziho0512workout,33871,33966,db_bench_press,0.2754,short_time_energy
datasets/workout/ziho0512workout/ziho0512workout_whole_session_20260512_204157.csv,ziho0512workout,33966,34117,db_bench_press,0.2784,short_time_energy
datasets/workout/ziho0512workout/ziho0512workout_whole_session_20260512_204157.csv,ziho0512workout,34438,34566,db_bench_press,0.3606,short_time_energy
datasets/workout/ziho0512workout/ziho0512workout_whole_session_20260512_204157.csv,ziho0512workout,34714,35016,db_bench_press,0.6568,short_time_energy
datasets/workout/ziho0512workout/ziho0512workout_whole_session_20260512_204157.csv,ziho0512workout,35169,35289,db_bench_press,0.3438,short_time_energy
datasets/workout/ziho0512workout/ziho0512workout_whole_session_20260512_204157.csv,ziho0512workout,35323,35513,db_bench_press,0.368,short_time_energy
datasets/workout/ziho0512workout/ziho0512workout_whole_session_20260512_204157.csv,ziho0512workout,35674,35772,db_bench_press,0.2559,short_time_energy
datasets/workout/ziho0512workout/ziho0512workout_whole_session_20260512_204157.csv,ziho0512workout,35854,35945,db_bench_press,0.2615,short_time_energy
datasets/workout/ziho0512workout/ziho0512workout_whole_session_20260512_204157.csv,ziho0512workout,35945,36040,db_bench_press,0.273,short_time_energy
datasets/workout/ziho0512workout/ziho0512workout_whole_session_20260512_204157.csv,ziho0512workout,36040,36151,db_bench_press,0.319,short_time_energy
datasets/workout/ziho0512workout/ziho0512workout_whole_session_20260512_204157.csv,ziho0512workout,36151,36435,db_bench_press,0.5619,short_time_energy
datasets/workout/ziho0512workout/ziho0512workout_whole_session_20260512_204157.csv,ziho0512workout,62947,63199,one_arm_db_row,0.7763,short_time_energy
datasets/workout/ziho0512workout/ziho0512workout_whole_session_20260512_204157.csv,ziho0512workout,63279,63371,one_arm_db_row,0.2977,short_time_energy
datasets/workout/ziho0512workout/ziho0512workout_whole_session_20260512_204157.csv,ziho0512workout,63371,63528,one_arm_db_row,0.5081,short_time_energy
datasets/workout/ziho0512workout/ziho0512workout_whole_session_20260512_204157.csv,ziho0512workout,63612,63736,one_arm_db_row,0.3724,short_time_energy
datasets/workout/ziho0512workout/ziho0512workout_whole_session_20260512_204157.csv,ziho0512workout,64038,64130,one_arm_db_row,0.269,short_time_energy
datasets/workout/ziho0512workout/ziho0512workout_whole_session_20260512_204157.csv,ziho0512workout,64130,64217,one_arm_db_row,0.2544,short_time_energy
datasets/workout/ziho0512workout/ziho0512workout_whole_session_20260512_204157.csv,ziho0512workout,64280,64396,one_arm_db_row,0.3258,short_time_energy
datasets/workout/ziho0512workout/ziho0512workout_whole_session_20260512_204157.csv,ziho0512workout,64396,64554,one_arm_db_row,0.4438,short_time_energy
datasets/workout/ziho0512workout/ziho0512workout_whole_session_20260512_204157.csv,ziho0512workout,64638,64827,one_arm_db_row,0.63,short_time_energy
datasets/workout/ziho0512workout/ziho0512workout_whole_session_20260512_204157.csv,ziho0512workout,64880,65072,one_arm_db_row,0.5308,short_time_energy
datasets/workout/ziho0512workout/ziho0512workout_whole_session_20260512_204157.csv,ziho0512workout,65072,65272,one_arm_db_row,0.3911,short_time_energy
datasets/workout/ziho0512workout/ziho0512workout_whole_session_20260512_204157.csv,ziho0512workout,65272,65376,one_arm_db_row,0.3444,short_time_energy
datasets/workout/ziho0512workout/ziho0512workout_whole_session_20260512_204157.csv,ziho0512workout,65376,65454,one_arm_db_row,0.2583,short_time_energy
datasets/workout/ziho0512workout/ziho0512workout_whole_session_20260512_204157.csv,ziho0512workout,65515,65621,one_arm_db_row,0.2857,short_time_energy
datasets/workout/ziho0512workout/ziho0512workout_whole_session_20260512_204157.csv,ziho0512workout,65678,65770,one_arm_db_row,0.2746,short_time_energy
datasets/workout/ziho0512workout/ziho0512workout_whole_session_20260512_204157.csv,ziho0512workout,65907,66023,one_arm_db_row,0.3694,short_time_energy
datasets/workout/ziho0512workout/ziho0512workout_whole_session_20260512_204157.csv,ziho0512workout,66221,66397,one_arm_db_row,0.6494,short_time_energy
datasets/workout/ziho0512workout/ziho0512workout_whole_session_20260512_204157.csv,ziho0512workout,66458,66598,one_arm_db_row,0.4204,short_time_energy
datasets/workout/ziho0512workout/ziho0512workout_whole_session_20260512_204157.csv,ziho0512workout,66598,66735,one_arm_db_row,0.4114,short_time_energy
datasets/workout/ziho0512workout/ziho0512workout_whole_session_20260512_204157.csv,ziho0512workout,76951,77022,one_arm_db_row,0.272,short_time_energy
datasets/workout/ziho0512workout/ziho0512workout_whole_session_20260512_204157.csv,ziho0512workout,77209,77300,one_arm_db_row,0.3064,short_time_energy
datasets/workout/ziho0512workout/ziho0512workout_whole_session_20260512_204157.csv,ziho0512workout,77499,77593,one_arm_db_row,0.3469,short_time_energy
datasets/workout/ziho0512workout/ziho0512workout_whole_session_20260512_204157.csv,ziho0512workout,77593,77662,one_arm_db_row,0.2546,short_time_energy
datasets/workout/ziho0512workout/ziho0512workout_whole_session_20260512_204157.csv,ziho0512workout,77662,77737,one_arm_db_row,0.2768,short_time_energy
datasets/workout/ziho0512workout/ziho0512workout_whole_session_20260512_204157.csv,ziho0512workout,77883,77962,one_arm_db_row,0.2696,short_time_energy
datasets/workout/ziho0512workout/ziho0512workout_whole_session_20260512_204157.csv,ziho0512workout,77962,78040,one_arm_db_row,0.2662,short_time_energy
datasets/workout/ziho0512workout/ziho0512workout_whole_session_20260512_204157.csv,ziho0512workout,78793,78869,one_arm_db_row,0.255,short_time_energy
datasets/workout/ziho0512workout/ziho0512workout_whole_session_20260512_204157.csv,ziho0512workout,78991,79080,one_arm_db_row,0.3167,short_time_energy
datasets/workout/ziho0512workout/ziho0512workout_whole_session_20260512_204157.csv,ziho0512workout,79080,79163,one_arm_db_row,0.2954,short_time_energy
datasets/workout/ziho0512workout/ziho0512workout_whole_session_20260512_204157.csv,ziho0512workout,79339,79439,one_arm_db_row,0.3413,short_time_energy
datasets/workout/ziho0512workout/ziho0512workout_whole_session_20260512_204157.csv,ziho0512workout,79877,79965,one_arm_db_row,0.2924,short_time_energy
datasets/workout/ziho0512workout/ziho0512workout_whole_session_20260512_204157.csv,ziho0512workout,89119,89290,one_arm_db_row,0.6241,short_time_energy
datasets/workout/ziho0512workout/ziho0512workout_whole_session_20260512_204157.csv,ziho0512workout,89290,89367,one_arm_db_row,0.281,short_time_energy
datasets/workout/ziho0512workout/ziho0512workout_whole_session_20260512_204157.csv,ziho0512workout,89422,89510,one_arm_db_row,0.2895,short_time_energy
datasets/workout/ziho0512workout/ziho0512workout_whole_session_20260512_204157.csv,ziho0512workout,89510,89589,one_arm_db_row,0.2599,short_time_energy
datasets/workout/ziho0512workout/ziho0512workout_whole_session_20260512_204157.csv,ziho0512workout,89654,89817,one_arm_db_row,0.4106,short_time_energy
datasets/workout/ziho0512workout/ziho0512workout_whole_session_20260512_204157.csv,ziho0512workout,89893,89988,one_arm_db_row,0.2987,short_time_energy
datasets/workout/ziho0512workout/ziho0512workout_whole_session_20260512_204157.csv,ziho0512workout,90030,90130,one_arm_db_row,0.3311,short_time_energy
datasets/workout/ziho0512workout/ziho0512workout_whole_session_20260512_204157.csv,ziho0512workout,90130,90243,one_arm_db_row,0.3742,short_time_energy
datasets/workout/ziho0512workout/ziho0512workout_whole_session_20260512_204157.csv,ziho0512workout,90619,90709,one_arm_db_row,0.3072,short_time_energy
datasets/workout/ziho0512workout/ziho0512workout_whole_session_20260512_204157.csv,ziho0512workout,90761,90845,one_arm_db_row,0.2867,short_time_energy
datasets/workout/ziho0512workout/ziho0512workout_whole_session_20260512_204157.csv,ziho0512workout,90908,90980,one_arm_db_row,0.2791,short_time_energy
datasets/workout/ziho0512workout/ziho0512workout_whole_session_20260512_204157.csv,ziho0512workout,90980,91064,one_arm_db_row,0.3256,short_time_energy
datasets/workout/ziho0512workout/ziho0512workout_whole_session_20260512_204157.csv,ziho0512workout,91167,91254,one_arm_db_row,0.3085,short_time_energy
datasets/workout/ziho0512workout/ziho0512workout_whole_session_20260512_204157.csv,ziho0512workout,91254,91332,one_arm_db_row,0.2766,short_time_energy
datasets/workout/ziho0512workout/ziho0512workout_whole_session_20260512_204157.csv,ziho0512workout,91535,91607,one_arm_db_row,0.2526,short_time_energy
datasets/workout/ziho0512workout/ziho0512workout_whole_session_20260512_204157.csv,ziho0512workout,91721,91833,one_arm_db_row,0.4043,short_time_energy
datasets/workout/ziho0512workout/ziho0512workout_whole_session_20260512_204157.csv,ziho0512workout,92081,92163,one_arm_db_row,0.2799,short_time_energy
datasets/workout/ziho0512workout/ziho0512workout_whole_session_20260512_204157.csv,ziho0512workout,92244,92363,one_arm_db_row,0.2569,short_time_energy
datasets/workout/ziho0512workout/ziho0512workout_whole_session_20260512_204157.csv,ziho0512workout,165596,165919,db_rdl,0.2958,short_time_energy
datasets/workout/ziho0512workout/ziho0512workout_whole_session_20260512_204157.csv,ziho0512workout,165919,166028,db_rdl,0.2788,short_time_energy
datasets/workout/ziho0512workout/ziho0512workout_whole_session_20260512_204157.csv,ziho0512workout,166028,166323,db_rdl,0.3929,short_time_energy
datasets/workout/ziho0512workout/ziho0512workout_whole_session_20260512_204157.csv,ziho0512workout,166323,166414,db_rdl,0.2766,short_time_energy
datasets/workout/ziho0512workout/ziho0512workout_whole_session_20260512_204157.csv,ziho0512workout,166414,166668,db_rdl,0.4394,short_time_energy
datasets/workout/ziho0512workout/ziho0512workout_whole_session_20260512_204157.csv,ziho0512workout,166761,166986,db_rdl,0.3169,short_time_energy
datasets/workout/ziho0512workout/ziho0512workout_whole_session_20260512_204157.csv,ziho0512workout,167069,167157,db_rdl,0.2619,short_time_energy
datasets/workout/ziho0512workout/ziho0512workout_whole_session_20260512_204157.csv,ziho0512workout,167264,167425,db_rdl,0.482,short_time_energy
datasets/workout/ziho0512workout/ziho0512workout_whole_session_20260512_204157.csv,ziho0512workout,167425,167517,db_rdl,0.2754,short_time_energy
datasets/workout/ziho0512workout/ziho0512workout_whole_session_20260512_204157.csv,ziho0512workout,167517,167629,db_rdl,0.3051,short_time_energy
datasets/workout/ziho0512workout/ziho0512workout_whole_session_20260512_204157.csv,ziho0512workout,167629,167723,db_rdl,0.2686,short_time_energy
datasets/workout/ziho0512workout/ziho0512workout_whole_session_20260512_204157.csv,ziho0512workout,167805,168077,db_rdl,0.5112,short_time_energy
datasets/workout/ziho0512workout/ziho0512workout_whole_session_20260512_204157.csv,ziho0512workout,168297,168418,db_rdl,0.3623,short_time_energy
datasets/workout/ziho0512workout/ziho0512workout_whole_session_20260512_204157.csv,ziho0512workout,168418,168575,db_rdl,0.3379,short_time_energy
datasets/workout/ziho0512workout/ziho0512workout_whole_session_20260512_204157.csv,ziho0512workout,168624,168753,db_rdl,0.4243,short_time_energy
datasets/workout/ziho0512workout/ziho0512workout_whole_session_20260512_204157.csv,ziho0512workout,168825,168954,db_rdl,0.3612,short_time_energy
datasets/workout/ziho0512workout/ziho0512workout_whole_session_20260512_204157.csv,ziho0512workout,168954,169024,db_rdl,0.2518,short_time_energy
datasets/workout/ziho0512workout/ziho0512workout_whole_session_20260512_204157.csv,ziho0512workout,169024,169193,db_rdl,0.2882,short_time_energy
datasets/workout/ziho0512workout/ziho0512workout_whole_session_20260512_204157.csv,ziho0512workout,169193,169349,db_rdl,0.4094,short_time_energy
datasets/workout/ziho0512workout/ziho0512workout_whole_session_20260512_204157.csv,ziho0512workout,182269,182360,db_rdl,0.3013,short_time_energy
datasets/workout/ziho0512workout/ziho0512workout_whole_session_20260512_204157.csv,ziho0512workout,182608,182710,db_rdl,0.3018,short_time_energy
datasets/workout/ziho0512workout/ziho0512workout_whole_session_20260512_204157.csv,ziho0512workout,182710,182804,db_rdl,0.2781,short_time_energy
datasets/workout/ziho0512workout/ziho0512workout_whole_session_20260512_204157.csv,ziho0512workout,184644,184725,db_rdl,0.4682,short_time_energy
datasets/workout/ziho0512workout/ziho0512workout_whole_session_20260512_204157.csv,ziho0512workout,184800,184881,db_rdl,0.2765,short_time_energy
datasets/workout/ziho0512workout/ziho0512workout_whole_session_20260512_204157.csv,ziho0512workout,185086,185155,db_rdl,0.2527,short_time_energy
datasets/workout/ziho0512workout/ziho0512workout_whole_session_20260512_204157.csv,ziho0512workout,185194,185265,db_rdl,0.2601,short_time_energy
datasets/workout/ziho0512workout/ziho0512workout_whole_session_20260512_204157.csv,ziho0512workout,185373,185446,db_rdl,0.2755,short_time_energy
datasets/workout/ziho0512workout/ziho0512workout_whole_session_20260512_204157.csv,ziho0512workout,185964,186078,db_rdl,0.4453,short_time_energy
datasets/workout/ziho0512workout/ziho0512workout_whole_session_20260512_204157.csv,ziho0512workout,186078,186193,db_rdl,0.4492,short_time_energy
datasets/workout/ziho0512workout/ziho0512workout_whole_session_20260512_204157.csv,ziho0512workout,186255,186328,db_rdl,0.284,short_time_energy
datasets/workout/ziho0512workout/ziho0512workout_whole_session_20260512_204157.csv,ziho0512workout,186328,186448,db_rdl,0.4669,short_time_energy
datasets/workout/ziho0512workout/ziho0512workout_whole_session_20260512_204157.csv,ziho0512workout,186448,186561,db_rdl,0.3978,short_time_energy
datasets/workout/ziho0512workout/ziho0512workout_whole_session_20260512_204157.csv,ziho0512workout,186622,186716,db_rdl,0.3394,short_time_energy
datasets/workout/ziho0512workout/ziho0512workout_whole_session_20260512_204157.csv,ziho0512workout,186820,186918,db_rdl,0.28,short_time_energy
datasets/workout/ziho0512workout/ziho0512workout_whole_session_20260512_204157.csv,ziho0512workout,187508,187621,db_rdl,0.4093,short_time_energy
datasets/workout/ziho0512workout/ziho0512workout_whole_session_20260512_204157.csv,ziho0512workout,187783,187904,db_rdl,0.3623,short_time_energy
datasets/workout/ziho0512workout/ziho0512workout_whole_session_20260512_204157.csv,ziho0512workout,195656,195923,db_rdl,0.2729,short_time_energy
datasets/workout/ziho0512workout/ziho0512workout_whole_session_20260512_204157.csv,ziho0512workout,196156,196265,db_rdl,0.3417,short_time_energy
datasets/workout/ziho0512workout/ziho0512workout_whole_session_20260512_204157.csv,ziho0512workout,196311,196392,db_rdl,0.2539,short_time_energy
datasets/workout/ziho0512workout/ziho0512workout_whole_session_20260512_204157.csv,ziho0512workout,196477,196559,db_rdl,0.278,short_time_energy
datasets/workout/ziho0512workout/ziho0512workout_whole_session_20260512_204157.csv,ziho0512workout,196812,196900,db_rdl,0.2667,short_time_energy
datasets/workout/ziho0512workout/ziho0512workout_whole_session_20260512_204157.csv,ziho0512workout,196973,197068,db_rdl,0.2879,short_time_energy
datasets/workout/ziho0512workout/ziho0512workout_whole_session_20260512_204157.csv,ziho0512workout,197128,197211,db_rdl,0.2677,short_time_energy
datasets/workout/ziho0512workout/ziho0512workout_whole_session_20260512_204157.csv,ziho0512workout,197418,197492,db_rdl,0.2681,short_time_energy
datasets/workout/ziho0512workout/ziho0512workout_whole_session_20260512_204157.csv,ziho0512workout,197691,197775,db_rdl,0.2857,short_time_energy
datasets/workout/ziho0512workout/ziho0512workout_whole_session_20260512_204157.csv,ziho0512workout,197822,197901,db_rdl,0.2687,short_time_energy
datasets/workout/ziho0512workout/ziho0512workout_whole_session_20260512_204157.csv,ziho0512workout,197995,198083,db_rdl,0.3003,short_time_energy
datasets/workout/ziho0512workout/ziho0512workout_whole_session_20260512_204157.csv,ziho0512workout,198117,198191,db_rdl,0.2526,short_time_energy
datasets/workout/ziho0512workout/ziho0512workout_whole_session_20260512_204157.csv,ziho0512workout,198274,198343,db_rdl,0.2644,short_time_energy
datasets/workout/ziho0512workout/ziho0512workout_whole_session_20260512_204157.csv,ziho0512workout,198343,198417,db_rdl,0.2835,short_time_energy
datasets/workout/ziho0512workout/ziho0512workout_whole_session_20260512_204157.csv,ziho0512workout,198671,198787,db_rdl,0.3558,short_time_energy
datasets/workout/ziho0512workout/ziho0512workout_whole_session_20260512_204157.csv,ziho0512workout,199261,199360,db_rdl,0.3084,short_time_energy
datasets/workout/ziho0512workout/ziho0512workout_whole_session_20260512_204157.csv,ziho0512workout,218782,218886,db_weighted_crunch,0.2905,short_time_energy
datasets/workout/ziho0512workout/ziho0512workout_whole_session_20260512_204157.csv,ziho0512workout,218886,219026,db_weighted_crunch,0.3911,short_time_energy
datasets/workout/ziho0512workout/ziho0512workout_whole_session_20260512_204157.csv,ziho0512workout,219026,219269,db_weighted_crunch,0.3081,short_time_energy
datasets/workout/ziho0512workout/ziho0512workout_whole_session_20260512_204157.csv,ziho0512workout,219269,219489,db_weighted_crunch,0.49,short_time_energy
datasets/workout/ziho0512workout/ziho0512workout_whole_session_20260512_204157.csv,ziho0512workout,219489,219684,db_weighted_crunch,0.3007,short_time_energy
datasets/workout/ziho0512workout/ziho0512workout_whole_session_20260512_204157.csv,ziho0512workout,219684,219864,db_weighted_crunch,0.4959,short_time_energy
datasets/workout/ziho0512workout/ziho0512workout_whole_session_20260512_204157.csv,ziho0512workout,220033,220202,db_weighted_crunch,0.4082,short_time_energy
datasets/workout/ziho0512workout/ziho0512workout_whole_session_20260512_204157.csv,ziho0512workout,220202,220463,db_weighted_crunch,0.2539,short_time_energy
datasets/workout/ziho0512workout/ziho0512workout_whole_session_20260512_204157.csv,ziho0512workout,220822,221005,db_weighted_crunch,0.4621,short_time_energy
datasets/workout/ziho0512workout/ziho0512workout_whole_session_20260512_204157.csv,ziho0512workout,221204,221369,db_weighted_crunch,0.4459,short_time_energy
datasets/workout/ziho0512workout/ziho0512workout_whole_session_20260512_204157.csv,ziho0512workout,221598,221821,db_weighted_crunch,0.54,short_time_energy
datasets/workout/ziho0512workout/ziho0512workout_whole_session_20260512_204157.csv,ziho0512workout,221821,222024,db_weighted_crunch,0.254,short_time_energy
datasets/workout/ziho0512workout/ziho0512workout_whole_session_20260512_204157.csv,ziho0512workout,222024,222247,db_weighted_crunch,0.5259,short_time_energy
datasets/workout/ziho0512workout/ziho0512workout_whole_session_20260512_204157.csv,ziho0512workout,222420,222571,db_weighted_crunch,0.407,short_time_energy
datasets/workout/ziho0512workout/ziho0512workout_whole_session_20260512_204157.csv,ziho0512workout,222571,222708,db_weighted_crunch,0.3127,short_time_energy
datasets/workout/ziho0512workout/ziho0512workout_whole_session_20260512_204157.csv,ziho0512workout,222780,222998,db_weighted_crunch,0.5722,short_time_energy
datasets/workout/ziho0512workout/ziho0512workout_whole_session_20260512_204157.csv,ziho0512workout,222998,223214,db_weighted_crunch,0.3113,short_time_energy
datasets/workout/ziho0512workout/ziho0512workout_whole_session_20260512_204157.csv,ziho0512workout,223214,223408,db_weighted_crunch,0.5132,short_time_energy
datasets/workout/ziho0512workout/ziho0512workout_whole_session_20260512_204157.csv,ziho0512workout,230389,230695,db_weighted_crunch,0.5973,short_time_energy
datasets/workout/ziho0512workout/ziho0512workout_whole_session_20260512_204157.csv,ziho0512workout,230695,230888,db_weighted_crunch,0.2719,short_time_energy
datasets/workout/ziho0512workout/ziho0512workout_whole_session_20260512_204157.csv,ziho0512workout,230888,231066,db_weighted_crunch,0.4599,short_time_energy
datasets/workout/ziho0512workout/ziho0512workout_whole_session_20260512_204157.csv,ziho0512workout,231258,231670,db_weighted_crunch,0.553,short_time_energy
datasets/workout/ziho0512workout/ziho0512workout_whole_session_20260512_204157.csv,ziho0512workout,231670,232246,db_weighted_crunch,0.4194,short_time_energy
datasets/workout/ziho0512workout/ziho0512workout_whole_session_20260512_204157.csv,ziho0512workout,232246,232630,db_weighted_crunch,0.6198,short_time_energy
datasets/workout/ziho0512workout/ziho0512workout_whole_session_20260512_204157.csv,ziho0512workout,232814,233137,db_weighted_crunch,0.6468,short_time_energy
datasets/workout/ziho0512workout/ziho0512workout_whole_session_20260512_204157.csv,ziho0512workout,233137,233380,db_weighted_crunch,0.6568,short_time_energy
datasets/workout/ziho0512workout/ziho0512workout_whole_session_20260512_204157.csv,ziho0512workout,233566,233707,db_weighted_crunch,0.3972,short_time_energy
datasets/workout/ziho0512workout/ziho0512workout_whole_session_20260512_204157.csv,ziho0512workout,233707,233975,db_weighted_crunch,0.3105,short_time_energy
datasets/workout/ziho0512workout/ziho0512workout_whole_session_20260512_204157.csv,ziho0512workout,233975,234277,db_weighted_crunch,0.5,short_time_energy
datasets/workout/ziho0512workout/ziho0512workout_whole_session_20260512_204157.csv,ziho0512workout,234277,234546,db_weighted_crunch,0.6498,short_time_energy
datasets/workout/ziho0512workout/ziho0512workout_whole_session_20260512_204157.csv,ziho0512workout,234701,235206,db_weighted_crunch,0.6214,short_time_energy
datasets/workout/ziho0512workout/ziho0512workout_whole_session_20260512_204157.csv,ziho0512workout,243677,244320,db_weighted_crunch,0.4432,short_time_energy
datasets/workout/ziho0512workout/ziho0512workout_whole_session_20260512_204157.csv,ziho0512workout,244320,244638,db_weighted_crunch,0.518,short_time_energy
datasets/workout/ziho0512workout/ziho0512workout_whole_session_20260512_204157.csv,ziho0512workout,244638,245094,db_weighted_crunch,0.614,short_time_energy
datasets/workout/ziho0512workout/ziho0512workout_whole_session_20260512_204157.csv,ziho0512workout,245094,245466,db_weighted_crunch,0.581,short_time_energy
datasets/workout/ziho0512workout/ziho0512workout_whole_session_20260512_204157.csv,ziho0512workout,245466,245900,db_weighted_crunch,0.6416,short_time_energy
datasets/workout/ziho0512workout/ziho0512workout_whole_session_20260512_204157.csv,ziho0512workout,245900,246250,db_weighted_crunch,0.5765,short_time_energy
datasets/workout/ziho0512workout/ziho0512workout_whole_session_20260512_204157.csv,ziho0512workout,246250,246646,db_weighted_crunch,0.5823,short_time_energy
datasets/workout/ziho0512workout/ziho0512workout_whole_session_20260512_204157.csv,ziho0512workout,246646,247371,db_weighted_crunch,0.5062,short_time_energy
datasets/workout/ziho0512workout/ziho0512workout_whole_session_20260512_204157.csv,ziho0512workout,247371,247679,db_weighted_crunch,0.7333,short_time_energy
datasets/workout/ziho0512workout/ziho0512workout_whole_session_20260512_204157.csv,ziho0512workout,247780,248226,db_weighted_crunch,0.5973,short_time_energy
datasets/workout/ziho0512workout/ziho0512workout_whole_session_20260512_204157.csv,ziho0512workout,248226,248611,db_weighted_crunch,0.5744,short_time_energy
datasets/workout/ziho0512workout/ziho0512workout_whole_session_20260512_204157.csv,ziho0512workout,281626,281841,db_shoulder_press,0.5584,short_time_energy
datasets/workout/ziho0512workout/ziho0512workout_whole_session_20260512_204157.csv,ziho0512workout,281962,282105,db_shoulder_press,0.3907,short_time_energy
datasets/workout/ziho0512workout/ziho0512workout_whole_session_20260512_204157.csv,ziho0512workout,282105,282388,db_shoulder_press,0.3663,short_time_energy
datasets/workout/ziho0512workout/ziho0512workout_whole_session_20260512_204157.csv,ziho0512workout,282388,282509,db_shoulder_press,0.3135,short_time_energy
datasets/workout/ziho0512workout/ziho0512workout_whole_session_20260512_204157.csv,ziho0512workout,282509,282762,db_shoulder_press,0.323,short_time_energy
datasets/workout/ziho0512workout/ziho0512workout_whole_session_20260512_204157.csv,ziho0512workout,282762,283009,db_shoulder_press,0.6604,short_time_energy
datasets/workout/ziho0512workout/ziho0512workout_whole_session_20260512_204157.csv,ziho0512workout,283091,283322,db_shoulder_press,0.5863,short_time_energy
datasets/workout/ziho0512workout/ziho0512workout_whole_session_20260512_204157.csv,ziho0512workout,283322,283432,db_shoulder_press,0.2792,short_time_energy
datasets/workout/ziho0512workout/ziho0512workout_whole_session_20260512_204157.csv,ziho0512workout,283432,283635,db_shoulder_press,0.6756,short_time_energy
datasets/workout/ziho0512workout/ziho0512workout_whole_session_20260512_204157.csv,ziho0512workout,283635,283798,db_shoulder_press,0.263,short_time_energy
datasets/workout/ziho0512workout/ziho0512workout_whole_session_20260512_204157.csv,ziho0512workout,283798,283925,db_shoulder_press,0.4084,short_time_energy
datasets/workout/ziho0512workout/ziho0512workout_whole_session_20260512_204157.csv,ziho0512workout,283925,284073,db_shoulder_press,0.3421,short_time_energy
datasets/workout/ziho0512workout/ziho0512workout_whole_session_20260512_204157.csv,ziho0512workout,284073,284281,db_shoulder_press,0.6957,short_time_energy
datasets/workout/ziho0512workout/ziho0512workout_whole_session_20260512_204157.csv,ziho0512workout,284281,284503,db_shoulder_press,0.4538,short_time_energy
datasets/workout/ziho0512workout/ziho0512workout_whole_session_20260512_204157.csv,ziho0512workout,284503,284693,db_shoulder_press,0.3835,short_time_energy
datasets/workout/ziho0512workout/ziho0512workout_whole_session_20260512_204157.csv,ziho0512workout,284693,284899,db_shoulder_press,0.5971,short_time_energy
datasets/workout/ziho0512workout/ziho0512workout_whole_session_20260512_204157.csv,ziho0512workout,284899,285143,db_shoulder_press,0.4598,short_time_energy
datasets/workout/ziho0512workout/ziho0512workout_whole_session_20260512_204157.csv,ziho0512workout,285143,285240,db_shoulder_press,0.3674,short_time_energy
datasets/workout/ziho0512workout/ziho0512workout_whole_session_20260512_204157.csv,ziho0512workout,301659,301860,db_shoulder_press,0.3705,short_time_energy
datasets/workout/ziho0512workout/ziho0512workout_whole_session_20260512_204157.csv,ziho0512workout,301860,301947,db_shoulder_press,0.3425,short_time_energy
datasets/workout/ziho0512workout/ziho0512workout_whole_session_20260512_204157.csv,ziho0512workout,302069,302216,db_shoulder_press,0.4495,short_time_energy
datasets/workout/ziho0512workout/ziho0512workout_whole_session_20260512_204157.csv,ziho0512workout,302261,302431,db_shoulder_press,0.2883,short_time_energy
datasets/workout/ziho0512workout/ziho0512workout_whole_session_20260512_204157.csv,ziho0512workout,302431,302569,db_shoulder_press,0.4119,short_time_energy
datasets/workout/ziho0512workout/ziho0512workout_whole_session_20260512_204157.csv,ziho0512workout,302684,302768,db_shoulder_press,0.3684,short_time_energy
datasets/workout/ziho0512workout/ziho0512workout_whole_session_20260512_204157.csv,ziho0512workout,302768,302918,db_shoulder_press,0.4264,short_time_energy
datasets/workout/ziho0512workout/ziho0512workout_whole_session_20260512_204157.csv,ziho0512workout,302918,303120,db_shoulder_press,0.6196,short_time_energy
datasets/workout/ziho0512workout/ziho0512workout_whole_session_20260512_204157.csv,ziho0512workout,303178,303306,db_shoulder_press,0.4562,short_time_energy
datasets/workout/ziho0512workout/ziho0512workout_whole_session_20260512_204157.csv,ziho0512workout,303306,303395,db_shoulder_press,0.4734,short_time_energy
datasets/workout/ziho0512workout/ziho0512workout_whole_session_20260512_204157.csv,ziho0512workout,303826,303910,db_shoulder_press,0.2718,short_time_energy
datasets/workout/ziho0512workout/ziho0512workout_whole_session_20260512_204157.csv,ziho0512workout,304252,304347,db_shoulder_press,0.2669,short_time_energy
datasets/workout/ziho0512workout/ziho0512workout_whole_session_20260512_204157.csv,ziho0512workout,304779,304866,db_shoulder_press,0.5029,short_time_energy
datasets/workout/ziho0512workout/ziho0512workout_whole_session_20260512_204157.csv,ziho0512workout,317617,317811,db_shoulder_press,0.4444,short_time_energy
datasets/workout/ziho0512workout/ziho0512workout_whole_session_20260512_204157.csv,ziho0512workout,317811,317921,db_shoulder_press,0.4015,short_time_energy
datasets/workout/ziho0512workout/ziho0512workout_whole_session_20260512_204157.csv,ziho0512workout,317983,318182,db_shoulder_press,0.5888,short_time_energy
datasets/workout/ziho0512workout/ziho0512workout_whole_session_20260512_204157.csv,ziho0512workout,318182,318296,db_shoulder_press,0.2732,short_time_energy
datasets/workout/ziho0512workout/ziho0512workout_whole_session_20260512_204157.csv,ziho0512workout,318345,318418,db_shoulder_press,0.2616,short_time_energy
datasets/workout/ziho0512workout/ziho0512workout_whole_session_20260512_204157.csv,ziho0512workout,318418,318496,db_shoulder_press,0.2796,short_time_energy
datasets/workout/ziho0512workout/ziho0512workout_whole_session_20260512_204157.csv,ziho0512workout,318955,319070,db_shoulder_press,0.3212,short_time_energy
datasets/workout/ziho0512workout/ziho0512workout_whole_session_20260512_204157.csv,ziho0512workout,319070,319227,db_shoulder_press,0.4266,short_time_energy
datasets/workout/ziho0512workout/ziho0512workout_whole_session_20260512_204157.csv,ziho0512workout,319389,319562,db_shoulder_press,0.497,short_time_energy
datasets/workout/ziho0512workout/ziho0512workout_whole_session_20260512_204157.csv,ziho0512workout,319562,319701,db_shoulder_press,0.4528,short_time_energy
datasets/workout/ziho0512workout/ziho0512workout_whole_session_20260512_204157.csv,ziho0512workout,319701,320050,db_shoulder_press,0.3735,short_time_energy
datasets/workout/ziho0512workout/ziho0512workout_whole_session_20260512_204157.csv,ziho0512workout,320050,320231,db_shoulder_press,0.406,short_time_energy
datasets/workout/ziho0512workout/ziho0512workout_whole_session_20260512_204157.csv,ziho0512workout,320231,320308,db_shoulder_press,0.621,short_time_energy
datasets/workout/ziho0512workout/ziho0512workout_whole_session_20260512_204157.csv,ziho0512workout,340022,340130,db_biceps_curl,0.2842,short_time_energy
datasets/workout/ziho0512workout/ziho0512workout_whole_session_20260512_204157.csv,ziho0512workout,340169,340274,db_biceps_curl,0.2763,short_time_energy
datasets/workout/ziho0512workout/ziho0512workout_whole_session_20260512_204157.csv,ziho0512workout,340426,340526,db_biceps_curl,0.2611,short_time_energy
datasets/workout/ziho0512workout/ziho0512workout_whole_session_20260512_204157.csv,ziho0512workout,340526,340629,db_biceps_curl,0.2689,short_time_energy
datasets/workout/ziho0512workout/ziho0512workout_whole_session_20260512_204157.csv,ziho0512workout,340764,340872,db_biceps_curl,0.3,short_time_energy
datasets/workout/ziho0512workout/ziho0512workout_whole_session_20260512_204157.csv,ziho0512workout,340872,341014,db_biceps_curl,0.3944,short_time_energy
datasets/workout/ziho0512workout/ziho0512workout_whole_session_20260512_204157.csv,ziho0512workout,341142,341289,db_biceps_curl,0.4482,short_time_energy
datasets/workout/ziho0512workout/ziho0512workout_whole_session_20260512_204157.csv,ziho0512workout,341289,341374,db_biceps_curl,0.2591,short_time_energy
datasets/workout/ziho0512workout/ziho0512workout_whole_session_20260512_204157.csv,ziho0512workout,341549,341648,db_biceps_curl,0.3367,short_time_energy
datasets/workout/ziho0512workout/ziho0512workout_whole_session_20260512_204157.csv,ziho0512workout,341766,341906,db_biceps_curl,0.3955,short_time_energy
datasets/workout/ziho0512workout/ziho0512workout_whole_session_20260512_204157.csv,ziho0512workout,341906,341996,db_biceps_curl,0.2542,short_time_energy
datasets/workout/ziho0512workout/ziho0512workout_whole_session_20260512_204157.csv,ziho0512workout,342250,342368,db_biceps_curl,0.343,short_time_energy
datasets/workout/ziho0512workout/ziho0512workout_whole_session_20260512_204157.csv,ziho0512workout,342541,342660,db_biceps_curl,0.3269,short_time_energy
datasets/workout/ziho0512workout/ziho0512workout_whole_session_20260512_204157.csv,ziho0512workout,342742,342927,db_biceps_curl,0.4126,short_time_energy
datasets/workout/ziho0512workout/ziho0512workout_whole_session_20260512_204157.csv,ziho0512workout,343158,343356,db_biceps_curl,0.4843,short_time_energy
datasets/workout/ziho0512workout/ziho0512workout_whole_session_20260512_204157.csv,ziho0512workout,343627,343764,db_biceps_curl,0.3468,short_time_energy
datasets/workout/ziho0512workout/ziho0512workout_whole_session_20260512_204157.csv,ziho0512workout,343764,343902,db_biceps_curl,0.3494,short_time_energy
datasets/workout/ziho0512workout/ziho0512workout_whole_session_20260512_204157.csv,ziho0512workout,343902,344078,db_biceps_curl,0.3341,short_time_energy
datasets/workout/ziho0512workout/ziho0512workout_whole_session_20260512_204157.csv,ziho0512workout,344144,344279,db_biceps_curl,0.3418,short_time_energy
datasets/workout/ziho0512workout/ziho0512workout_whole_session_20260512_204157.csv,ziho0512workout,352960,353322,db_biceps_curl,0.66,short_time_energy
datasets/workout/ziho0512workout/ziho0512workout_whole_session_20260512_204157.csv,ziho0512workout,353322,353628,db_biceps_curl,0.6595,short_time_energy
datasets/workout/ziho0512workout/ziho0512workout_whole_session_20260512_204157.csv,ziho0512workout,353628,353961,db_biceps_curl,0.8243,short_time_energy
datasets/workout/ziho0512workout/ziho0512workout_whole_session_20260512_204157.csv,ziho0512workout,353961,354446,db_biceps_curl,0.8268,short_time_energy
datasets/workout/ziho0512workout/ziho0512workout_whole_session_20260512_204157.csv,ziho0512workout,354446,354681,db_biceps_curl,0.6386,short_time_energy
datasets/workout/ziho0512workout/ziho0512workout_whole_session_20260512_204157.csv,ziho0512workout,354811,355096,db_biceps_curl,0.6934,short_time_energy
datasets/workout/ziho0512workout/ziho0512workout_whole_session_20260512_204157.csv,ziho0512workout,355216,355552,db_biceps_curl,0.6875,short_time_energy
datasets/workout/ziho0512workout/ziho0512workout_whole_session_20260512_204157.csv,ziho0512workout,355552,355948,db_biceps_curl,0.7199,short_time_energy
datasets/workout/ziho0512workout/ziho0512workout_whole_session_20260512_204157.csv,ziho0512workout,355948,356251,db_biceps_curl,0.7372,short_time_energy
datasets/workout/ziho0512workout/ziho0512workout_whole_session_20260512_204157.csv,ziho0512workout,356251,356630,db_biceps_curl,0.8184,short_time_energy
datasets/workout/ziho0512workout/ziho0512workout_whole_session_20260512_204157.csv,ziho0512workout,356630,357038,db_biceps_curl,0.8404,short_time_energy
datasets/workout/ziho0512workout/ziho0512workout_whole_session_20260512_204157.csv,ziho0512workout,357038,357379,db_biceps_curl,0.7506,short_time_energy
datasets/workout/ziho0512workout/ziho0512workout_whole_session_20260512_204157.csv,ziho0512workout,367032,367264,db_biceps_curl,0.6462,short_time_energy
datasets/workout/ziho0512workout/ziho0512workout_whole_session_20260512_204157.csv,ziho0512workout,367264,367620,db_biceps_curl,0.6807,short_time_energy
datasets/workout/ziho0512workout/ziho0512workout_whole_session_20260512_204157.csv,ziho0512workout,367822,367947,db_biceps_curl,0.3811,short_time_energy
datasets/workout/ziho0512workout/ziho0512workout_whole_session_20260512_204157.csv,ziho0512workout,368098,368215,db_biceps_curl,0.3197,short_time_energy
datasets/workout/ziho0512workout/ziho0512workout_whole_session_20260512_204157.csv,ziho0512workout,368215,368462,db_biceps_curl,0.39,short_time_energy
datasets/workout/ziho0512workout/ziho0512workout_whole_session_20260512_204157.csv,ziho0512workout,368462,368685,db_biceps_curl,0.7217,short_time_energy
datasets/workout/ziho0512workout/ziho0512workout_whole_session_20260512_204157.csv,ziho0512workout,368685,369077,db_biceps_curl,0.9093,short_time_energy
datasets/workout/ziho0512workout/ziho0512workout_whole_session_20260512_204157.csv,ziho0512workout,369077,369452,db_biceps_curl,0.8305,short_time_energy
datasets/workout/ziho0512workout/ziho0512workout_whole_session_20260512_204157.csv,ziho0512workout,369592,369827,db_biceps_curl,0.6217,short_time_energy
datasets/workout/ziho0512workout/ziho0512workout_whole_session_20260512_204157.csv,ziho0512workout,369827,370300,db_biceps_curl,0.7209,short_time_energy
datasets/workout/ziho0512workout/ziho0512workout_whole_session_20260512_204157.csv,ziho0512workout,370300,370507,db_biceps_curl,0.5815,short_time_energy
datasets/workout/ziho0512workout/ziho0512workout_whole_session_20260512_204157.csv,ziho0512workout,370507,370990,db_biceps_curl,0.7723,short_time_energy
datasets/workout/ziho0512workout/ziho0512workout_whole_session_20260512_204157.csv,ziho0512workout,370990,371214,db_biceps_curl,0.7296,short_time_energy
datasets/workout/ziho0512workout/ziho0512workout_whole_session_20260512_204157.csv,ziho0512workout,399438,399534,db_triceps_curl,0.3322,short_time_energy
datasets/workout/ziho0512workout/ziho0512workout_whole_session_20260512_204157.csv,ziho0512workout,399534,399680,db_triceps_curl,0.3594,short_time_energy
datasets/workout/ziho0512workout/ziho0512workout_whole_session_20260512_204157.csv,ziho0512workout,399680,399900,db_triceps_curl,0.7166,short_time_energy
datasets/workout/ziho0512workout/ziho0512workout_whole_session_20260512_204157.csv,ziho0512workout,400064,400235,db_triceps_curl,0.456,short_time_energy
datasets/workout/ziho0512workout/ziho0512workout_whole_session_20260512_204157.csv,ziho0512workout,400373,400565,db_triceps_curl,0.5731,short_time_energy
datasets/workout/ziho0512workout/ziho0512workout_whole_session_20260512_204157.csv,ziho0512workout,400565,400662,db_triceps_curl,0.2896,short_time_energy
datasets/workout/ziho0512workout/ziho0512workout_whole_session_20260512_204157.csv,ziho0512workout,401067,401217,db_triceps_curl,0.3916,short_time_energy
datasets/workout/ziho0512workout/ziho0512workout_whole_session_20260512_204157.csv,ziho0512workout,401217,401347,db_triceps_curl,0.3394,short_time_energy
datasets/workout/ziho0512workout/ziho0512workout_whole_session_20260512_204157.csv,ziho0512workout,401531,401625,db_triceps_curl,0.2547,short_time_energy
datasets/workout/ziho0512workout/ziho0512workout_whole_session_20260512_204157.csv,ziho0512workout,401625,401749,db_triceps_curl,0.2974,short_time_energy
datasets/workout/ziho0512workout/ziho0512workout_whole_session_20260512_204157.csv,ziho0512workout,401829,401985,db_triceps_curl,0.4771,short_time_energy
datasets/workout/ziho0512workout/ziho0512workout_whole_session_20260512_204157.csv,ziho0512workout,402101,402244,db_triceps_curl,0.4441,short_time_energy
datasets/workout/ziho0512workout/ziho0512workout_whole_session_20260512_204157.csv,ziho0512workout,402244,402426,db_triceps_curl,0.3961,short_time_energy
datasets/workout/ziho0512workout/ziho0512workout_whole_session_20260512_204157.csv,ziho0512workout,402505,402664,db_triceps_curl,0.4804,short_time_energy
datasets/workout/ziho0512workout/ziho0512workout_whole_session_20260512_204157.csv,ziho0512workout,402880,403043,db_triceps_curl,0.4031,short_time_energy
datasets/workout/ziho0512workout/ziho0512workout_whole_session_20260512_204157.csv,ziho0512workout,415408,415749,db_triceps_curl,0.4737,short_time_energy
datasets/workout/ziho0512workout/ziho0512workout_whole_session_20260512_204157.csv,ziho0512workout,415749,416059,db_triceps_curl,0.6848,short_time_energy
datasets/workout/ziho0512workout/ziho0512workout_whole_session_20260512_204157.csv,ziho0512workout,416059,416365,db_triceps_curl,0.6108,short_time_energy
datasets/workout/ziho0512workout/ziho0512workout_whole_session_20260512_204157.csv,ziho0512workout,416537,416747,db_triceps_curl,0.4976,short_time_energy
datasets/workout/ziho0512workout/ziho0512workout_whole_session_20260512_204157.csv,ziho0512workout,416747,416916,db_triceps_curl,0.3104,short_time_energy
datasets/workout/ziho0512workout/ziho0512workout_whole_session_20260512_204157.csv,ziho0512workout,416916,417113,db_triceps_curl,0.6438,short_time_energy
datasets/workout/ziho0512workout/ziho0512workout_whole_session_20260512_204157.csv,ziho0512workout,417272,417442,db_triceps_curl,0.5167,short_time_energy
datasets/workout/ziho0512workout/ziho0512workout_whole_session_20260512_204157.csv,ziho0512workout,417572,417809,db_triceps_curl,0.6695,short_time_energy
datasets/workout/ziho0512workout/ziho0512workout_whole_session_20260512_204157.csv,ziho0512workout,417809,418207,db_triceps_curl,0.6633,short_time_energy
datasets/workout/ziho0512workout/ziho0512workout_whole_session_20260512_204157.csv,ziho0512workout,418395,418566,db_triceps_curl,0.4622,short_time_energy
datasets/workout/ziho0512workout/ziho0512workout_whole_session_20260512_204157.csv,ziho0512workout,418566,418984,db_triceps_curl,0.6497,short_time_energy
datasets/workout/ziho0512workout/ziho0512workout_whole_session_20260512_204157.csv,ziho0512workout,419121,419363,db_triceps_curl,0.6505,short_time_energy
datasets/workout/ziho0512workout/ziho0512workout_whole_session_20260512_204157.csv,ziho0512workout,419363,419691,db_triceps_curl,0.5791,short_time_energy
datasets/workout/ziho0512workout/ziho0512workout_whole_session_20260512_204157.csv,ziho0512workout,419691,419833,db_triceps_curl,0.322,short_time_energy
datasets/workout/ziho0512workout/ziho0512workout_whole_session_20260512_204157.csv,ziho0512workout,430190,430940,db_triceps_curl,0.424,short_time_energy
datasets/workout/ziho0512workout/ziho0512workout_whole_session_20260512_204157.csv,ziho0512workout,430940,431558,db_triceps_curl,0.6117,short_time_energy
datasets/workout/ziho0512workout/ziho0512workout_whole_session_20260512_204157.csv,ziho0512workout,466727,466823,db_squat,0.3735,short_time_energy
datasets/workout/ziho0512workout/ziho0512workout_whole_session_20260512_204157.csv,ziho0512workout,467079,467253,db_squat,0.2951,short_time_energy
datasets/workout/ziho0512workout/ziho0512workout_whole_session_20260512_204157.csv,ziho0512workout,467635,467806,db_squat,0.413,short_time_energy
datasets/workout/ziho0512workout/ziho0512workout_whole_session_20260512_204157.csv,ziho0512workout,467806,468014,db_squat,0.3095,short_time_energy
datasets/workout/ziho0512workout/ziho0512workout_whole_session_20260512_204157.csv,ziho0512workout,468014,468120,db_squat,0.2567,short_time_energy
datasets/workout/ziho0512workout/ziho0512workout_whole_session_20260512_204157.csv,ziho0512workout,468387,468508,db_squat,0.3601,short_time_energy
datasets/workout/ziho0512workout/ziho0512workout_whole_session_20260512_204157.csv,ziho0512workout,468824,468901,db_squat,0.2619,short_time_energy
datasets/workout/ziho0512workout/ziho0512workout_whole_session_20260512_204157.csv,ziho0512workout,469125,469253,db_squat,0.3395,short_time_energy
datasets/workout/ziho0512workout/ziho0512workout_whole_session_20260512_204157.csv,ziho0512workout,469519,469610,db_squat,0.263,short_time_energy
datasets/workout/ziho0512workout/ziho0512workout_whole_session_20260512_204157.csv,ziho0512workout,469610,469740,db_squat,0.297,short_time_energy
datasets/workout/ziho0512workout/ziho0512workout_whole_session_20260512_204157.csv,ziho0512workout,469740,469916,db_squat,0.5886,short_time_energy
datasets/workout/ziho0512workout/ziho0512workout_whole_session_20260512_204157.csv,ziho0512workout,470086,470229,db_squat,0.4799,short_time_energy
datasets/workout/ziho0512workout/ziho0512workout_whole_session_20260512_204157.csv,ziho0512workout,470289,470386,db_squat,0.4636,short_time_energy
datasets/workout/ziho0512workout/ziho0512workout_whole_session_20260512_204157.csv,ziho0512workout,470386,470463,db_squat,0.3673,short_time_energy
datasets/workout/ziho0512workout/ziho0512workout_whole_session_20260512_204157.csv,ziho0512workout,479062,479148,db_squat,0.332,short_time_energy
datasets/workout/ziho0512workout/ziho0512workout_whole_session_20260512_204157.csv,ziho0512workout,479148,479264,db_squat,0.4479,short_time_energy
datasets/workout/ziho0512workout/ziho0512workout_whole_session_20260512_204157.csv,ziho0512workout,479405,479491,db_squat,0.259,short_time_energy
datasets/workout/ziho0512workout/ziho0512workout_whole_session_20260512_204157.csv,ziho0512workout,479491,479642,db_squat,0.3529,short_time_energy
datasets/workout/ziho0512workout/ziho0512workout_whole_session_20260512_204157.csv,ziho0512workout,479720,479817,db_squat,0.306,short_time_energy
datasets/workout/ziho0512workout/ziho0512workout_whole_session_20260512_204157.csv,ziho0512workout,479817,479959,db_squat,0.3421,short_time_energy
datasets/workout/ziho0512workout/ziho0512workout_whole_session_20260512_204157.csv,ziho0512workout,479959,480076,db_squat,0.4535,short_time_energy
datasets/workout/ziho0512workout/ziho0512workout_whole_session_20260512_204157.csv,ziho0512workout,480563,480665,db_squat,0.3259,short_time_energy
datasets/workout/ziho0512workout/ziho0512workout_whole_session_20260512_204157.csv,ziho0512workout,480665,480760,db_squat,0.3035,short_time_energy
datasets/workout/ziho0512workout/ziho0512workout_whole_session_20260512_204157.csv,ziho0512workout,480919,481019,db_squat,0.2941,short_time_energy
datasets/workout/ziho0512workout/ziho0512workout_whole_session_20260512_204157.csv,ziho0512workout,481835,481917,db_squat,0.2562,short_time_energy
datasets/workout/ziho0512workout/ziho0512workout_whole_session_20260512_204157.csv,ziho0512workout,481917,482014,db_squat,0.3031,short_time_energy
datasets/workout/ziho0512workout/ziho0512workout_whole_session_20260512_204157.csv,ziho0512workout,482384,482488,db_squat,0.2543,short_time_energy
datasets/workout/ziho0512workout/ziho0512workout_whole_session_20260512_204157.csv,ziho0512workout,482488,482655,db_squat,0.463,short_time_energy
datasets/workout/ziho0512workout/ziho0512workout_whole_session_20260512_204157.csv,ziho0512workout,482655,482820,db_squat,0.466,short_time_energy
datasets/workout/ziho0512workout/ziho0512workout_whole_session_20260512_204157.csv,ziho0512workout,492365,492734,db_squat,0.6364,short_time_energy
datasets/workout/ziho0512workout/ziho0512workout_whole_session_20260512_204157.csv,ziho0512workout,492835,493319,db_squat,0.4587,short_time_energy
datasets/workout/ziho0512workout/ziho0512workout_whole_session_20260512_204157.csv,ziho0512workout,493319,493630,db_squat,0.727,short_time_energy
datasets/workout/ziho0512workout/ziho0512workout_whole_session_20260512_204157.csv,ziho0512workout,493767,494175,db_squat,0.497,short_time_energy
datasets/workout/ziho0512workout/ziho0512workout_whole_session_20260512_204157.csv,ziho0512workout,494175,494352,db_squat,0.4784,short_time_energy
datasets/workout/ziho0512workout/ziho0512workout_whole_session_20260512_204157.csv,ziho0512workout,494352,494589,db_squat,0.6065,short_time_energy
datasets/workout/ziho0512workout/ziho0512workout_whole_session_20260512_204157.csv,ziho0512workout,494656,494821,db_squat,0.3899,short_time_energy
datasets/workout/ziho0512workout/ziho0512workout_whole_session_20260512_204157.csv,ziho0512workout,494821,494946,db_squat,0.4139,short_time_energy
datasets/workout/ziho0512workout/ziho0512workout_whole_session_20260512_204157.csv,ziho0512workout,495051,495255,db_squat,0.6497,short_time_energy
datasets/workout/ziho0512workout/ziho0512workout_whole_session_20260512_204157.csv,ziho0512workout,495255,495945,db_squat,0.4623,short_time_energy
datasets/workout/ziho0512workout/ziho0512workout_whole_session_20260512_204157.csv,ziho0512workout,495945,496337,db_squat,0.9184,short_time_energy
