stage,model_type,fold,train_subjects,val_subject,test_subject,folder,exercise,set_id,rep_id,borg_true,borg_pred,added_feature,added_feature_family,claim_role,true_round,pred_round,true_5class,pred_5class
M1_exercise_plus_rep_progress,ridge,1,tsenyu0515workout|yanz0510workout|yoru0511workout|yushuan0513workout|ziho0512workout,hsianshun0514workout,haoyu0512workout,haoyu0512workout,db_bench_press,0,0,1.0,3.3376223952311976,,,,1,3,1-2,3-4
M1_exercise_plus_rep_progress,ridge,1,tsenyu0515workout|yanz0510workout|yoru0511workout|yushuan0513workout|ziho0512workout,hsianshun0514workout,haoyu0512workout,haoyu0512workout,db_bench_press,0,1,1.0,3.6455141209059687,,,,1,4,1-2,3-4
M1_exercise_plus_rep_progress,ridge,1,tsenyu0515workout|yanz0510workout|yoru0511workout|yushuan0513workout|ziho0512workout,hsianshun0514workout,haoyu0512workout,haoyu0512workout,db_bench_press,0,2,3.0,3.95340584658074,,,,3,4,3-4,3-4
M1_exercise_plus_rep_progress,ridge,1,tsenyu0515workout|yanz0510workout|yoru0511workout|yushuan0513workout|ziho0512workout,hsianshun0514workout,haoyu0512workout,haoyu0512workout,db_bench_press,0,3,3.0,4.26129757225551,,,,3,4,3-4,3-4
M1_exercise_plus_rep_progress,ridge,1,tsenyu0515workout|yanz0510workout|yoru0511workout|yushuan0513workout|ziho0512workout,hsianshun0514workout,haoyu0512workout,haoyu0512workout,db_bench_press,0,4,5.0,4.569189297930281,,,,5,5,5-6,5-6
M1_exercise_plus_rep_progress,ridge,1,tsenyu0515workout|yanz0510workout|yoru0511workout|yushuan0513workout|ziho0512workout,hsianshun0514workout,haoyu0512workout,haoyu0512workout,db_bench_press,0,5,5.0,4.877081023605052,,,,5,5,5-6,5-6
M1_exercise_plus_rep_progress,ridge,1,tsenyu0515workout|yanz0510workout|yoru0511workout|yushuan0513workout|ziho0512workout,hsianshun0514workout,haoyu0512workout,haoyu0512workout,db_bench_press,0,6,6.0,5.184972749279823,,,,6,5,5-6,5-6
M1_exercise_plus_rep_progress,ridge,1,tsenyu0515workout|yanz0510workout|yoru0511workout|yushuan0513workout|ziho0512workout,hsianshun0514workout,haoyu0512workout,haoyu0512workout,db_bench_press,0,7,6.0,5.492864474954594,,,,6,5,5-6,5-6
M1_exercise_plus_rep_progress,ridge,1,tsenyu0515workout|yanz0510workout|yoru0511workout|yushuan0513workout|ziho0512workout,hsianshun0514workout,haoyu0512workout,haoyu0512workout,db_bench_press,0,8,7.0,5.8007562006293645,,,,7,6,7-8,5-6
M1_exercise_plus_rep_progress,ridge,1,tsenyu0515workout|yanz0510workout|yoru0511workout|yushuan0513workout|ziho0512workout,hsianshun0514workout,haoyu0512workout,haoyu0512workout,db_bench_press,0,9,7.0,6.108647926304135,,,,7,6,7-8,5-6
M1_exercise_plus_rep_progress,ridge,1,tsenyu0515workout|yanz0510workout|yoru0511workout|yushuan0513workout|ziho0512workout,hsianshun0514workout,haoyu0512workout,haoyu0512workout,db_bench_press,0,10,8.0,6.416539651978906,,,,8,6,7-8,5-6
M1_exercise_plus_rep_progress,ridge,1,tsenyu0515workout|yanz0510workout|yoru0511workout|yushuan0513workout|ziho0512workout,hsianshun0514workout,haoyu0512workout,haoyu0512workout,db_bench_press,0,11,8.0,6.724431377653676,,,,8,7,7-8,7-8
M1_exercise_plus_rep_progress,ridge,1,tsenyu0515workout|yanz0510workout|yoru0511workout|yushuan0513workout|ziho0512workout,hsianshun0514workout,haoyu0512workout,haoyu0512workout,db_bench_press,0,11,8.0,7.032323103328448,,,,8,7,7-8,7-8
M1_exercise_plus_rep_progress,ridge,1,tsenyu0515workout|yanz0510workout|yoru0511workout|yushuan0513workout|ziho0512workout,hsianshun0514workout,haoyu0512workout,haoyu0512workout,db_bench_press,1,0,3.0,3.3376223952311976,,,,3,3,3-4,3-4
M1_exercise_plus_rep_progress,ridge,1,tsenyu0515workout|yanz0510workout|yoru0511workout|yushuan0513workout|ziho0512workout,hsianshun0514workout,haoyu0512workout,haoyu0512workout,db_bench_press,1,1,3.0,3.6735042777854936,,,,3,4,3-4,3-4
M1_exercise_plus_rep_progress,ridge,1,tsenyu0515workout|yanz0510workout|yoru0511workout|yushuan0513workout|ziho0512workout,hsianshun0514workout,haoyu0512workout,haoyu0512workout,db_bench_press,1,2,5.0,4.009386160339789,,,,5,4,5-6,3-4
M1_exercise_plus_rep_progress,ridge,1,tsenyu0515workout|yanz0510workout|yoru0511workout|yushuan0513workout|ziho0512workout,hsianshun0514workout,haoyu0512workout,haoyu0512workout,db_bench_press,1,3,5.0,4.345268042894085,,,,5,4,5-6,3-4
M1_exercise_plus_rep_progress,ridge,1,tsenyu0515workout|yanz0510workout|yoru0511workout|yushuan0513workout|ziho0512workout,hsianshun0514workout,haoyu0512workout,haoyu0512workout,db_bench_press,1,4,6.0,4.68114992544838,,,,6,5,5-6,5-6
M1_exercise_plus_rep_progress,ridge,1,tsenyu0515workout|yanz0510workout|yoru0511workout|yushuan0513workout|ziho0512workout,hsianshun0514workout,haoyu0512workout,haoyu0512workout,db_bench_press,1,5,6.0,5.017031808002675,,,,6,5,5-6,5-6
M1_exercise_plus_rep_progress,ridge,1,tsenyu0515workout|yanz0510workout|yoru0511workout|yushuan0513workout|ziho0512workout,hsianshun0514workout,haoyu0512workout,haoyu0512workout,db_bench_press,1,6,7.0,5.352913690556971,,,,7,5,7-8,5-6
M1_exercise_plus_rep_progress,ridge,1,tsenyu0515workout|yanz0510workout|yoru0511workout|yushuan0513workout|ziho0512workout,hsianshun0514workout,haoyu0512workout,haoyu0512workout,db_bench_press,1,7,7.0,5.688795573111266,,,,7,6,7-8,5-6
M1_exercise_plus_rep_progress,ridge,1,tsenyu0515workout|yanz0510workout|yoru0511workout|yushuan0513workout|ziho0512workout,hsianshun0514workout,haoyu0512workout,haoyu0512workout,db_bench_press,1,8,8.0,6.024677455665561,,,,8,6,7-8,5-6
M1_exercise_plus_rep_progress,ridge,1,tsenyu0515workout|yanz0510workout|yoru0511workout|yushuan0513workout|ziho0512workout,hsianshun0514workout,haoyu0512workout,haoyu0512workout,db_bench_press,1,9,8.0,6.360559338219857,,,,8,6,7-8,5-6
M1_exercise_plus_rep_progress,ridge,1,tsenyu0515workout|yanz0510workout|yoru0511workout|yushuan0513workout|ziho0512workout,hsianshun0514workout,haoyu0512workout,haoyu0512workout,db_bench_press,1,10,9.0,6.696441220774152,,,,9,7,9-10,7-8
M1_exercise_plus_rep_progress,ridge,1,tsenyu0515workout|yanz0510workout|yoru0511workout|yushuan0513workout|ziho0512workout,hsianshun0514workout,haoyu0512workout,haoyu0512workout,db_bench_press,1,11,9.0,7.032323103328448,,,,9,7,9-10,7-8
M1_exercise_plus_rep_progress,ridge,1,tsenyu0515workout|yanz0510workout|yoru0511workout|yushuan0513workout|ziho0512workout,hsianshun0514workout,haoyu0512workout,haoyu0512workout,db_bench_press,2,0,5.0,3.3376223952311976,,,,5,3,5-6,3-4
M1_exercise_plus_rep_progress,ridge,1,tsenyu0515workout|yanz0510workout|yoru0511workout|yushuan0513workout|ziho0512workout,hsianshun0514workout,haoyu0512workout,haoyu0512workout,db_bench_press,2,1,5.0,3.6735042777854936,,,,5,4,5-6,3-4
M1_exercise_plus_rep_progress,ridge,1,tsenyu0515workout|yanz0510workout|yoru0511workout|yushuan0513workout|ziho0512workout,hsianshun0514workout,haoyu0512workout,haoyu0512workout,db_bench_press,2,2,6.0,4.009386160339789,,,,6,4,5-6,3-4
M1_exercise_plus_rep_progress,ridge,1,tsenyu0515workout|yanz0510workout|yoru0511workout|yushuan0513workout|ziho0512workout,hsianshun0514workout,haoyu0512workout,haoyu0512workout,db_bench_press,2,3,6.0,4.345268042894085,,,,6,4,5-6,3-4
M1_exercise_plus_rep_progress,ridge,1,tsenyu0515workout|yanz0510workout|yoru0511workout|yushuan0513workout|ziho0512workout,hsianshun0514workout,haoyu0512workout,haoyu0512workout,db_bench_press,2,4,7.0,4.68114992544838,,,,7,5,7-8,5-6
M1_exercise_plus_rep_progress,ridge,1,tsenyu0515workout|yanz0510workout|yoru0511workout|yushuan0513workout|ziho0512workout,hsianshun0514workout,haoyu0512workout,haoyu0512workout,db_bench_press,2,5,7.0,5.017031808002675,,,,7,5,7-8,5-6
M1_exercise_plus_rep_progress,ridge,1,tsenyu0515workout|yanz0510workout|yoru0511workout|yushuan0513workout|ziho0512workout,hsianshun0514workout,haoyu0512workout,haoyu0512workout,db_bench_press,2,6,7.0,5.352913690556971,,,,7,5,7-8,5-6
M1_exercise_plus_rep_progress,ridge,1,tsenyu0515workout|yanz0510workout|yoru0511workout|yushuan0513workout|ziho0512workout,hsianshun0514workout,haoyu0512workout,haoyu0512workout,db_bench_press,2,7,8.0,5.688795573111266,,,,8,6,7-8,5-6
M1_exercise_plus_rep_progress,ridge,1,tsenyu0515workout|yanz0510workout|yoru0511workout|yushuan0513workout|ziho0512workout,hsianshun0514workout,haoyu0512workout,haoyu0512workout,db_bench_press,2,8,8.0,6.024677455665561,,,,8,6,7-8,5-6
M1_exercise_plus_rep_progress,ridge,1,tsenyu0515workout|yanz0510workout|yoru0511workout|yushuan0513workout|ziho0512workout,hsianshun0514workout,haoyu0512workout,haoyu0512workout,db_bench_press,2,9,9.0,6.360559338219857,,,,9,6,9-10,5-6
M1_exercise_plus_rep_progress,ridge,1,tsenyu0515workout|yanz0510workout|yoru0511workout|yushuan0513workout|ziho0512workout,hsianshun0514workout,haoyu0512workout,haoyu0512workout,db_bench_press,2,10,9.0,6.696441220774152,,,,9,7,9-10,7-8
M1_exercise_plus_rep_progress,ridge,1,tsenyu0515workout|yanz0510workout|yoru0511workout|yushuan0513workout|ziho0512workout,hsianshun0514workout,haoyu0512workout,haoyu0512workout,db_bench_press,2,11,9.0,7.032323103328448,,,,9,7,9-10,7-8
M1_exercise_plus_rep_progress,ridge,1,tsenyu0515workout|yanz0510workout|yoru0511workout|yushuan0513workout|ziho0512workout,hsianshun0514workout,haoyu0512workout,haoyu0512workout,db_biceps_curl,0,0,1.0,4.268252371486754,,,,1,4,1-2,3-4
M1_exercise_plus_rep_progress,ridge,1,tsenyu0515workout|yanz0510workout|yoru0511workout|yushuan0513workout|ziho0512workout,hsianshun0514workout,haoyu0512workout,haoyu0512workout,db_biceps_curl,0,1,1.0,4.60413425404105,,,,1,5,1-2,5-6
M1_exercise_plus_rep_progress,ridge,1,tsenyu0515workout|yanz0510workout|yoru0511workout|yushuan0513workout|ziho0512workout,hsianshun0514workout,haoyu0512workout,haoyu0512workout,db_biceps_curl,0,2,1.0,4.940016136595345,,,,1,5,1-2,5-6
M1_exercise_plus_rep_progress,ridge,1,tsenyu0515workout|yanz0510workout|yoru0511workout|yushuan0513workout|ziho0512workout,hsianshun0514workout,haoyu0512workout,haoyu0512workout,db_biceps_curl,0,3,4.0,5.27589801914964,,,,4,5,3-4,5-6
M1_exercise_plus_rep_progress,ridge,1,tsenyu0515workout|yanz0510workout|yoru0511workout|yushuan0513workout|ziho0512workout,hsianshun0514workout,haoyu0512workout,haoyu0512workout,db_biceps_curl,0,4,5.0,5.611779901703936,,,,5,6,5-6,5-6
M1_exercise_plus_rep_progress,ridge,1,tsenyu0515workout|yanz0510workout|yoru0511workout|yushuan0513workout|ziho0512workout,hsianshun0514workout,haoyu0512workout,haoyu0512workout,db_biceps_curl,0,5,5.0,5.947661784258231,,,,5,6,5-6,5-6
M1_exercise_plus_rep_progress,ridge,1,tsenyu0515workout|yanz0510workout|yoru0511workout|yushuan0513workout|ziho0512workout,hsianshun0514workout,haoyu0512workout,haoyu0512workout,db_biceps_curl,0,6,6.0,6.283543666812526,,,,6,6,5-6,5-6
M1_exercise_plus_rep_progress,ridge,1,tsenyu0515workout|yanz0510workout|yoru0511workout|yushuan0513workout|ziho0512workout,hsianshun0514workout,haoyu0512workout,haoyu0512workout,db_biceps_curl,0,7,7.0,6.619425549366822,,,,7,7,7-8,7-8
M1_exercise_plus_rep_progress,ridge,1,tsenyu0515workout|yanz0510workout|yoru0511workout|yushuan0513workout|ziho0512workout,hsianshun0514workout,haoyu0512workout,haoyu0512workout,db_biceps_curl,0,8,8.0,6.955307431921117,,,,8,7,7-8,7-8
M1_exercise_plus_rep_progress,ridge,1,tsenyu0515workout|yanz0510workout|yoru0511workout|yushuan0513workout|ziho0512workout,hsianshun0514workout,haoyu0512workout,haoyu0512workout,db_biceps_curl,0,9,8.0,7.291189314475413,,,,8,7,7-8,7-8
M1_exercise_plus_rep_progress,ridge,1,tsenyu0515workout|yanz0510workout|yoru0511workout|yushuan0513workout|ziho0512workout,hsianshun0514workout,haoyu0512workout,haoyu0512workout,db_biceps_curl,0,10,8.0,7.627071197029708,,,,8,8,7-8,7-8
M1_exercise_plus_rep_progress,ridge,1,tsenyu0515workout|yanz0510workout|yoru0511workout|yushuan0513workout|ziho0512workout,hsianshun0514workout,haoyu0512workout,haoyu0512workout,db_biceps_curl,0,11,9.0,7.962953079584004,,,,9,8,9-10,7-8
M1_exercise_plus_rep_progress,ridge,1,tsenyu0515workout|yanz0510workout|yoru0511workout|yushuan0513workout|ziho0512workout,hsianshun0514workout,haoyu0512workout,haoyu0512workout,db_biceps_curl,1,0,4.0,4.268252371486754,,,,4,4,3-4,3-4
M1_exercise_plus_rep_progress,ridge,1,tsenyu0515workout|yanz0510workout|yoru0511workout|yushuan0513workout|ziho0512workout,hsianshun0514workout,haoyu0512workout,haoyu0512workout,db_biceps_curl,1,1,4.0,4.60413425404105,,,,4,5,3-4,5-6
M1_exercise_plus_rep_progress,ridge,1,tsenyu0515workout|yanz0510workout|yoru0511workout|yushuan0513workout|ziho0512workout,hsianshun0514workout,haoyu0512workout,haoyu0512workout,db_biceps_curl,1,2,5.0,4.940016136595345,,,,5,5,5-6,5-6
M1_exercise_plus_rep_progress,ridge,1,tsenyu0515workout|yanz0510workout|yoru0511workout|yushuan0513workout|ziho0512workout,hsianshun0514workout,haoyu0512workout,haoyu0512workout,db_biceps_curl,1,3,5.0,5.27589801914964,,,,5,5,5-6,5-6
M1_exercise_plus_rep_progress,ridge,1,tsenyu0515workout|yanz0510workout|yoru0511workout|yushuan0513workout|ziho0512workout,hsianshun0514workout,haoyu0512workout,haoyu0512workout,db_biceps_curl,1,4,6.0,5.611779901703936,,,,6,6,5-6,5-6
M1_exercise_plus_rep_progress,ridge,1,tsenyu0515workout|yanz0510workout|yoru0511workout|yushuan0513workout|ziho0512workout,hsianshun0514workout,haoyu0512workout,haoyu0512workout,db_biceps_curl,1,5,6.0,5.947661784258231,,,,6,6,5-6,5-6
M1_exercise_plus_rep_progress,ridge,1,tsenyu0515workout|yanz0510workout|yoru0511workout|yushuan0513workout|ziho0512workout,hsianshun0514workout,haoyu0512workout,haoyu0512workout,db_biceps_curl,1,6,7.0,6.283543666812526,,,,7,6,7-8,5-6
M1_exercise_plus_rep_progress,ridge,1,tsenyu0515workout|yanz0510workout|yoru0511workout|yushuan0513workout|ziho0512workout,hsianshun0514workout,haoyu0512workout,haoyu0512workout,db_biceps_curl,1,7,8.0,6.619425549366822,,,,8,7,7-8,7-8
M1_exercise_plus_rep_progress,ridge,1,tsenyu0515workout|yanz0510workout|yoru0511workout|yushuan0513workout|ziho0512workout,hsianshun0514workout,haoyu0512workout,haoyu0512workout,db_biceps_curl,1,8,8.0,6.955307431921117,,,,8,7,7-8,7-8
M1_exercise_plus_rep_progress,ridge,1,tsenyu0515workout|yanz0510workout|yoru0511workout|yushuan0513workout|ziho0512workout,hsianshun0514workout,haoyu0512workout,haoyu0512workout,db_biceps_curl,1,9,9.0,7.291189314475413,,,,9,7,9-10,7-8
M1_exercise_plus_rep_progress,ridge,1,tsenyu0515workout|yanz0510workout|yoru0511workout|yushuan0513workout|ziho0512workout,hsianshun0514workout,haoyu0512workout,haoyu0512workout,db_biceps_curl,1,10,9.0,7.627071197029708,,,,9,8,9-10,7-8
M1_exercise_plus_rep_progress,ridge,1,tsenyu0515workout|yanz0510workout|yoru0511workout|yushuan0513workout|ziho0512workout,hsianshun0514workout,haoyu0512workout,haoyu0512workout,db_biceps_curl,1,11,9.0,7.962953079584004,,,,9,8,9-10,7-8
M1_exercise_plus_rep_progress,ridge,1,tsenyu0515workout|yanz0510workout|yoru0511workout|yushuan0513workout|ziho0512workout,hsianshun0514workout,haoyu0512workout,haoyu0512workout,db_biceps_curl,3,0,5.0,4.268252371486754,,,,5,4,5-6,3-4
M1_exercise_plus_rep_progress,ridge,1,tsenyu0515workout|yanz0510workout|yoru0511workout|yushuan0513workout|ziho0512workout,hsianshun0514workout,haoyu0512workout,haoyu0512workout,db_biceps_curl,3,1,5.0,4.60413425404105,,,,5,5,5-6,5-6
M1_exercise_plus_rep_progress,ridge,1,tsenyu0515workout|yanz0510workout|yoru0511workout|yushuan0513workout|ziho0512workout,hsianshun0514workout,haoyu0512workout,haoyu0512workout,db_biceps_curl,3,2,6.0,4.940016136595345,,,,6,5,5-6,5-6
M1_exercise_plus_rep_progress,ridge,1,tsenyu0515workout|yanz0510workout|yoru0511workout|yushuan0513workout|ziho0512workout,hsianshun0514workout,haoyu0512workout,haoyu0512workout,db_biceps_curl,3,3,6.0,5.27589801914964,,,,6,5,5-6,5-6
M1_exercise_plus_rep_progress,ridge,1,tsenyu0515workout|yanz0510workout|yoru0511workout|yushuan0513workout|ziho0512workout,hsianshun0514workout,haoyu0512workout,haoyu0512workout,db_biceps_curl,3,4,7.0,5.611779901703936,,,,7,6,7-8,5-6
M1_exercise_plus_rep_progress,ridge,1,tsenyu0515workout|yanz0510workout|yoru0511workout|yushuan0513workout|ziho0512workout,hsianshun0514workout,haoyu0512workout,haoyu0512workout,db_biceps_curl,3,5,7.0,5.947661784258231,,,,7,6,7-8,5-6
M1_exercise_plus_rep_progress,ridge,1,tsenyu0515workout|yanz0510workout|yoru0511workout|yushuan0513workout|ziho0512workout,hsianshun0514workout,haoyu0512workout,haoyu0512workout,db_biceps_curl,3,6,8.0,6.283543666812526,,,,8,6,7-8,5-6
M1_exercise_plus_rep_progress,ridge,1,tsenyu0515workout|yanz0510workout|yoru0511workout|yushuan0513workout|ziho0512workout,hsianshun0514workout,haoyu0512workout,haoyu0512workout,db_biceps_curl,3,7,8.0,6.619425549366822,,,,8,7,7-8,7-8
M1_exercise_plus_rep_progress,ridge,1,tsenyu0515workout|yanz0510workout|yoru0511workout|yushuan0513workout|ziho0512workout,hsianshun0514workout,haoyu0512workout,haoyu0512workout,db_biceps_curl,3,8,9.0,6.955307431921117,,,,9,7,9-10,7-8
M1_exercise_plus_rep_progress,ridge,1,tsenyu0515workout|yanz0510workout|yoru0511workout|yushuan0513workout|ziho0512workout,hsianshun0514workout,haoyu0512workout,haoyu0512workout,db_biceps_curl,3,9,9.0,7.291189314475413,,,,9,7,9-10,7-8
M1_exercise_plus_rep_progress,ridge,1,tsenyu0515workout|yanz0510workout|yoru0511workout|yushuan0513workout|ziho0512workout,hsianshun0514workout,haoyu0512workout,haoyu0512workout,db_biceps_curl,3,10,9.0,7.627071197029708,,,,9,8,9-10,7-8
M1_exercise_plus_rep_progress,ridge,1,tsenyu0515workout|yanz0510workout|yoru0511workout|yushuan0513workout|ziho0512workout,hsianshun0514workout,haoyu0512workout,haoyu0512workout,db_biceps_curl,3,11,9.0,7.962953079584004,,,,9,8,9-10,7-8
M1_exercise_plus_rep_progress,ridge,1,tsenyu0515workout|yanz0510workout|yoru0511workout|yushuan0513workout|ziho0512workout,hsianshun0514workout,haoyu0512workout,haoyu0512workout,db_rdl,0,0,1.0,3.516847703635988,,,,1,4,1-2,3-4
M1_exercise_plus_rep_progress,ridge,1,tsenyu0515workout|yanz0510workout|yoru0511workout|yushuan0513workout|ziho0512workout,hsianshun0514workout,haoyu0512workout,haoyu0512workout,db_rdl,0,1,1.0,3.852729586190283,,,,1,4,1-2,3-4
M1_exercise_plus_rep_progress,ridge,1,tsenyu0515workout|yanz0510workout|yoru0511workout|yushuan0513workout|ziho0512workout,hsianshun0514workout,haoyu0512workout,haoyu0512workout,db_rdl,0,2,3.0,4.188611468744579,,,,3,4,3-4,3-4
M1_exercise_plus_rep_progress,ridge,1,tsenyu0515workout|yanz0510workout|yoru0511workout|yushuan0513workout|ziho0512workout,hsianshun0514workout,haoyu0512workout,haoyu0512workout,db_rdl,0,3,3.0,4.524493351298875,,,,3,5,3-4,5-6
M1_exercise_plus_rep_progress,ridge,1,tsenyu0515workout|yanz0510workout|yoru0511workout|yushuan0513workout|ziho0512workout,hsianshun0514workout,haoyu0512workout,haoyu0512workout,db_rdl,0,4,5.0,4.86037523385317,,,,5,5,5-6,5-6
M1_exercise_plus_rep_progress,ridge,1,tsenyu0515workout|yanz0510workout|yoru0511workout|yushuan0513workout|ziho0512workout,hsianshun0514workout,haoyu0512workout,haoyu0512workout,db_rdl,0,5,5.0,5.196257116407465,,,,5,5,5-6,5-6
M1_exercise_plus_rep_progress,ridge,1,tsenyu0515workout|yanz0510workout|yoru0511workout|yushuan0513workout|ziho0512workout,hsianshun0514workout,haoyu0512workout,haoyu0512workout,db_rdl,0,6,6.0,5.53213899896176,,,,6,6,5-6,5-6
M1_exercise_plus_rep_progress,ridge,1,tsenyu0515workout|yanz0510workout|yoru0511workout|yushuan0513workout|ziho0512workout,hsianshun0514workout,haoyu0512workout,haoyu0512workout,db_rdl,0,7,6.0,5.868020881516056,,,,6,6,5-6,5-6
M1_exercise_plus_rep_progress,ridge,1,tsenyu0515workout|yanz0510workout|yoru0511workout|yushuan0513workout|ziho0512workout,hsianshun0514workout,haoyu0512workout,haoyu0512workout,db_rdl,0,8,8.0,6.203902764070351,,,,8,6,7-8,5-6
M1_exercise_plus_rep_progress,ridge,1,tsenyu0515workout|yanz0510workout|yoru0511workout|yushuan0513workout|ziho0512workout,hsianshun0514workout,haoyu0512workout,haoyu0512workout,db_rdl,0,9,8.0,6.539784646624647,,,,8,7,7-8,7-8
M1_exercise_plus_rep_progress,ridge,1,tsenyu0515workout|yanz0510workout|yoru0511workout|yushuan0513workout|ziho0512workout,hsianshun0514workout,haoyu0512workout,haoyu0512workout,db_rdl,0,10,9.0,6.875666529178942,,,,9,7,9-10,7-8
M1_exercise_plus_rep_progress,ridge,1,tsenyu0515workout|yanz0510workout|yoru0511workout|yushuan0513workout|ziho0512workout,hsianshun0514workout,haoyu0512workout,haoyu0512workout,db_rdl,0,11,9.0,7.211548411733237,,,,9,7,9-10,7-8
M1_exercise_plus_rep_progress,ridge,1,tsenyu0515workout|yanz0510workout|yoru0511workout|yushuan0513workout|ziho0512workout,hsianshun0514workout,haoyu0512workout,haoyu0512workout,db_rdl,1,0,5.0,3.516847703635988,,,,5,4,5-6,3-4
M1_exercise_plus_rep_progress,ridge,1,tsenyu0515workout|yanz0510workout|yoru0511workout|yushuan0513workout|ziho0512workout,hsianshun0514workout,haoyu0512workout,haoyu0512workout,db_rdl,1,1,5.0,3.852729586190283,,,,5,4,5-6,3-4
M1_exercise_plus_rep_progress,ridge,1,tsenyu0515workout|yanz0510workout|yoru0511workout|yushuan0513workout|ziho0512workout,hsianshun0514workout,haoyu0512workout,haoyu0512workout,db_rdl,1,2,5.0,4.188611468744579,,,,5,4,5-6,3-4
M1_exercise_plus_rep_progress,ridge,1,tsenyu0515workout|yanz0510workout|yoru0511workout|yushuan0513workout|ziho0512workout,hsianshun0514workout,haoyu0512workout,haoyu0512workout,db_rdl,1,3,5.0,4.524493351298875,,,,5,5,5-6,5-6
M1_exercise_plus_rep_progress,ridge,1,tsenyu0515workout|yanz0510workout|yoru0511workout|yushuan0513workout|ziho0512workout,hsianshun0514workout,haoyu0512workout,haoyu0512workout,db_rdl,1,4,6.0,4.86037523385317,,,,6,5,5-6,5-6
M1_exercise_plus_rep_progress,ridge,1,tsenyu0515workout|yanz0510workout|yoru0511workout|yushuan0513workout|ziho0512workout,hsianshun0514workout,haoyu0512workout,haoyu0512workout,db_rdl,1,5,6.0,5.196257116407465,,,,6,5,5-6,5-6
M1_exercise_plus_rep_progress,ridge,1,tsenyu0515workout|yanz0510workout|yoru0511workout|yushuan0513workout|ziho0512workout,hsianshun0514workout,haoyu0512workout,haoyu0512workout,db_rdl,1,6,6.0,5.53213899896176,,,,6,6,5-6,5-6
M1_exercise_plus_rep_progress,ridge,1,tsenyu0515workout|yanz0510workout|yoru0511workout|yushuan0513workout|ziho0512workout,hsianshun0514workout,haoyu0512workout,haoyu0512workout,db_rdl,1,7,7.0,5.868020881516056,,,,7,6,7-8,5-6
M1_exercise_plus_rep_progress,ridge,1,tsenyu0515workout|yanz0510workout|yoru0511workout|yushuan0513workout|ziho0512workout,hsianshun0514workout,haoyu0512workout,haoyu0512workout,db_rdl,1,8,7.0,6.203902764070351,,,,7,6,7-8,5-6
M1_exercise_plus_rep_progress,ridge,1,tsenyu0515workout|yanz0510workout|yoru0511workout|yushuan0513workout|ziho0512workout,hsianshun0514workout,haoyu0512workout,haoyu0512workout,db_rdl,1,9,8.0,6.539784646624647,,,,8,7,7-8,7-8
M1_exercise_plus_rep_progress,ridge,1,tsenyu0515workout|yanz0510workout|yoru0511workout|yushuan0513workout|ziho0512workout,hsianshun0514workout,haoyu0512workout,haoyu0512workout,db_rdl,1,10,8.0,6.875666529178942,,,,8,7,7-8,7-8
M1_exercise_plus_rep_progress,ridge,1,tsenyu0515workout|yanz0510workout|yoru0511workout|yushuan0513workout|ziho0512workout,hsianshun0514workout,haoyu0512workout,haoyu0512workout,db_rdl,1,11,9.0,7.211548411733237,,,,9,7,9-10,7-8
M1_exercise_plus_rep_progress,ridge,1,tsenyu0515workout|yanz0510workout|yoru0511workout|yushuan0513workout|ziho0512workout,hsianshun0514workout,haoyu0512workout,haoyu0512workout,db_rdl,2,0,5.0,3.516847703635988,,,,5,4,5-6,3-4
M1_exercise_plus_rep_progress,ridge,1,tsenyu0515workout|yanz0510workout|yoru0511workout|yushuan0513workout|ziho0512workout,hsianshun0514workout,haoyu0512workout,haoyu0512workout,db_rdl,2,1,5.0,3.852729586190283,,,,5,4,5-6,3-4
M1_exercise_plus_rep_progress,ridge,1,tsenyu0515workout|yanz0510workout|yoru0511workout|yushuan0513workout|ziho0512workout,hsianshun0514workout,haoyu0512workout,haoyu0512workout,db_rdl,2,2,5.0,4.188611468744579,,,,5,4,5-6,3-4
M1_exercise_plus_rep_progress,ridge,1,tsenyu0515workout|yanz0510workout|yoru0511workout|yushuan0513workout|ziho0512workout,hsianshun0514workout,haoyu0512workout,haoyu0512workout,db_rdl,2,3,5.0,4.524493351298875,,,,5,5,5-6,5-6
M1_exercise_plus_rep_progress,ridge,1,tsenyu0515workout|yanz0510workout|yoru0511workout|yushuan0513workout|ziho0512workout,hsianshun0514workout,haoyu0512workout,haoyu0512workout,db_rdl,2,4,6.0,4.86037523385317,,,,6,5,5-6,5-6
M1_exercise_plus_rep_progress,ridge,1,tsenyu0515workout|yanz0510workout|yoru0511workout|yushuan0513workout|ziho0512workout,hsianshun0514workout,haoyu0512workout,haoyu0512workout,db_rdl,2,5,6.0,5.196257116407465,,,,6,5,5-6,5-6
M1_exercise_plus_rep_progress,ridge,1,tsenyu0515workout|yanz0510workout|yoru0511workout|yushuan0513workout|ziho0512workout,hsianshun0514workout,haoyu0512workout,haoyu0512workout,db_rdl,2,6,7.0,5.53213899896176,,,,7,6,7-8,5-6
M1_exercise_plus_rep_progress,ridge,1,tsenyu0515workout|yanz0510workout|yoru0511workout|yushuan0513workout|ziho0512workout,hsianshun0514workout,haoyu0512workout,haoyu0512workout,db_rdl,2,7,7.0,5.868020881516056,,,,7,6,7-8,5-6
M1_exercise_plus_rep_progress,ridge,1,tsenyu0515workout|yanz0510workout|yoru0511workout|yushuan0513workout|ziho0512workout,hsianshun0514workout,haoyu0512workout,haoyu0512workout,db_rdl,2,8,8.0,6.203902764070351,,,,8,6,7-8,5-6
M1_exercise_plus_rep_progress,ridge,1,tsenyu0515workout|yanz0510workout|yoru0511workout|yushuan0513workout|ziho0512workout,hsianshun0514workout,haoyu0512workout,haoyu0512workout,db_rdl,2,9,8.0,6.539784646624647,,,,8,7,7-8,7-8
M1_exercise_plus_rep_progress,ridge,1,tsenyu0515workout|yanz0510workout|yoru0511workout|yushuan0513workout|ziho0512workout,hsianshun0514workout,haoyu0512workout,haoyu0512workout,db_rdl,2,10,9.0,6.875666529178942,,,,9,7,9-10,7-8
M1_exercise_plus_rep_progress,ridge,1,tsenyu0515workout|yanz0510workout|yoru0511workout|yushuan0513workout|ziho0512workout,hsianshun0514workout,haoyu0512workout,haoyu0512workout,db_rdl,2,11,9.0,7.211548411733237,,,,9,7,9-10,7-8
M1_exercise_plus_rep_progress,ridge,1,tsenyu0515workout|yanz0510workout|yoru0511workout|yushuan0513workout|ziho0512workout,hsianshun0514workout,haoyu0512workout,haoyu0512workout,db_shoulder_press,0,0,1.0,4.11560933013837,,,,1,4,1-2,3-4
M1_exercise_plus_rep_progress,ridge,1,tsenyu0515workout|yanz0510workout|yoru0511workout|yushuan0513workout|ziho0512workout,hsianshun0514workout,haoyu0512workout,haoyu0512workout,db_shoulder_press,0,1,1.0,4.451491212692665,,,,1,4,1-2,3-4
M1_exercise_plus_rep_progress,ridge,1,tsenyu0515workout|yanz0510workout|yoru0511workout|yushuan0513workout|ziho0512workout,hsianshun0514workout,haoyu0512workout,haoyu0512workout,db_shoulder_press,0,2,3.0,4.78737309524696,,,,3,5,3-4,5-6
M1_exercise_plus_rep_progress,ridge,1,tsenyu0515workout|yanz0510workout|yoru0511workout|yushuan0513workout|ziho0512workout,hsianshun0514workout,haoyu0512workout,haoyu0512workout,db_shoulder_press,0,3,3.0,5.123254977801256,,,,3,5,3-4,5-6
M1_exercise_plus_rep_progress,ridge,1,tsenyu0515workout|yanz0510workout|yoru0511workout|yushuan0513workout|ziho0512workout,hsianshun0514workout,haoyu0512workout,haoyu0512workout,db_shoulder_press,0,4,4.0,5.459136860355551,,,,4,5,3-4,5-6
M1_exercise_plus_rep_progress,ridge,1,tsenyu0515workout|yanz0510workout|yoru0511workout|yushuan0513workout|ziho0512workout,hsianshun0514workout,haoyu0512workout,haoyu0512workout,db_shoulder_press,0,5,4.0,5.795018742909846,,,,4,6,3-4,5-6
M1_exercise_plus_rep_progress,ridge,1,tsenyu0515workout|yanz0510workout|yoru0511workout|yushuan0513workout|ziho0512workout,hsianshun0514workout,haoyu0512workout,haoyu0512workout,db_shoulder_press,0,6,5.0,6.130900625464142,,,,5,6,5-6,5-6
M1_exercise_plus_rep_progress,ridge,1,tsenyu0515workout|yanz0510workout|yoru0511workout|yushuan0513workout|ziho0512workout,hsianshun0514workout,haoyu0512workout,haoyu0512workout,db_shoulder_press,0,7,5.0,6.466782508018437,,,,5,6,5-6,5-6
M1_exercise_plus_rep_progress,ridge,1,tsenyu0515workout|yanz0510workout|yoru0511workout|yushuan0513workout|ziho0512workout,hsianshun0514workout,haoyu0512workout,haoyu0512workout,db_shoulder_press,0,8,5.0,6.802664390572733,,,,5,7,5-6,7-8
M1_exercise_plus_rep_progress,ridge,1,tsenyu0515workout|yanz0510workout|yoru0511workout|yushuan0513workout|ziho0512workout,hsianshun0514workout,haoyu0512workout,haoyu0512workout,db_shoulder_press,0,9,6.0,7.138546273127028,,,,6,7,5-6,7-8
M1_exercise_plus_rep_progress,ridge,1,tsenyu0515workout|yanz0510workout|yoru0511workout|yushuan0513workout|ziho0512workout,hsianshun0514workout,haoyu0512workout,haoyu0512workout,db_shoulder_press,0,10,6.0,7.4744281556813235,,,,6,7,5-6,7-8
M1_exercise_plus_rep_progress,ridge,1,tsenyu0515workout|yanz0510workout|yoru0511workout|yushuan0513workout|ziho0512workout,hsianshun0514workout,haoyu0512workout,haoyu0512workout,db_shoulder_press,0,11,7.0,7.810310038235619,,,,7,8,7-8,7-8
M1_exercise_plus_rep_progress,ridge,1,tsenyu0515workout|yanz0510workout|yoru0511workout|yushuan0513workout|ziho0512workout,hsianshun0514workout,haoyu0512workout,haoyu0512workout,db_shoulder_press,1,0,3.0,4.11560933013837,,,,3,4,3-4,3-4
M1_exercise_plus_rep_progress,ridge,1,tsenyu0515workout|yanz0510workout|yoru0511workout|yushuan0513workout|ziho0512workout,hsianshun0514workout,haoyu0512workout,haoyu0512workout,db_shoulder_press,1,1,3.0,4.451491212692665,,,,3,4,3-4,3-4
M1_exercise_plus_rep_progress,ridge,1,tsenyu0515workout|yanz0510workout|yoru0511workout|yushuan0513workout|ziho0512workout,hsianshun0514workout,haoyu0512workout,haoyu0512workout,db_shoulder_press,1,2,4.0,4.78737309524696,,,,4,5,3-4,5-6
M1_exercise_plus_rep_progress,ridge,1,tsenyu0515workout|yanz0510workout|yoru0511workout|yushuan0513workout|ziho0512workout,hsianshun0514workout,haoyu0512workout,haoyu0512workout,db_shoulder_press,1,3,4.0,5.123254977801256,,,,4,5,3-4,5-6
M1_exercise_plus_rep_progress,ridge,1,tsenyu0515workout|yanz0510workout|yoru0511workout|yushuan0513workout|ziho0512workout,hsianshun0514workout,haoyu0512workout,haoyu0512workout,db_shoulder_press,1,4,4.0,5.459136860355551,,,,4,5,3-4,5-6
M1_exercise_plus_rep_progress,ridge,1,tsenyu0515workout|yanz0510workout|yoru0511workout|yushuan0513workout|ziho0512workout,hsianshun0514workout,haoyu0512workout,haoyu0512workout,db_shoulder_press,1,5,6.0,5.795018742909846,,,,6,6,5-6,5-6
M1_exercise_plus_rep_progress,ridge,1,tsenyu0515workout|yanz0510workout|yoru0511workout|yushuan0513workout|ziho0512workout,hsianshun0514workout,haoyu0512workout,haoyu0512workout,db_shoulder_press,1,6,6.0,6.130900625464142,,,,6,6,5-6,5-6
M1_exercise_plus_rep_progress,ridge,1,tsenyu0515workout|yanz0510workout|yoru0511workout|yushuan0513workout|ziho0512workout,hsianshun0514workout,haoyu0512workout,haoyu0512workout,db_shoulder_press,1,7,7.0,6.466782508018437,,,,7,6,7-8,5-6
M1_exercise_plus_rep_progress,ridge,1,tsenyu0515workout|yanz0510workout|yoru0511workout|yushuan0513workout|ziho0512workout,hsianshun0514workout,haoyu0512workout,haoyu0512workout,db_shoulder_press,1,8,8.0,6.802664390572733,,,,8,7,7-8,7-8
M1_exercise_plus_rep_progress,ridge,1,tsenyu0515workout|yanz0510workout|yoru0511workout|yushuan0513workout|ziho0512workout,hsianshun0514workout,haoyu0512workout,haoyu0512workout,db_shoulder_press,1,9,8.0,7.138546273127028,,,,8,7,7-8,7-8
M1_exercise_plus_rep_progress,ridge,1,tsenyu0515workout|yanz0510workout|yoru0511workout|yushuan0513workout|ziho0512workout,hsianshun0514workout,haoyu0512workout,haoyu0512workout,db_shoulder_press,1,10,8.0,7.4744281556813235,,,,8,7,7-8,7-8
M1_exercise_plus_rep_progress,ridge,1,tsenyu0515workout|yanz0510workout|yoru0511workout|yushuan0513workout|ziho0512workout,hsianshun0514workout,haoyu0512workout,haoyu0512workout,db_shoulder_press,1,11,9.0,7.810310038235619,,,,9,8,9-10,7-8
M1_exercise_plus_rep_progress,ridge,1,tsenyu0515workout|yanz0510workout|yoru0511workout|yushuan0513workout|ziho0512workout,hsianshun0514workout,haoyu0512workout,haoyu0512workout,db_shoulder_press,2,0,4.0,4.11560933013837,,,,4,4,3-4,3-4
M1_exercise_plus_rep_progress,ridge,1,tsenyu0515workout|yanz0510workout|yoru0511workout|yushuan0513workout|ziho0512workout,hsianshun0514workout,haoyu0512workout,haoyu0512workout,db_shoulder_press,2,1,4.0,4.451491212692665,,,,4,4,3-4,3-4
M1_exercise_plus_rep_progress,ridge,1,tsenyu0515workout|yanz0510workout|yoru0511workout|yushuan0513workout|ziho0512workout,hsianshun0514workout,haoyu0512workout,haoyu0512workout,db_shoulder_press,2,2,4.0,4.78737309524696,,,,4,5,3-4,5-6
M1_exercise_plus_rep_progress,ridge,1,tsenyu0515workout|yanz0510workout|yoru0511workout|yushuan0513workout|ziho0512workout,hsianshun0514workout,haoyu0512workout,haoyu0512workout,db_shoulder_press,2,3,4.0,5.123254977801256,,,,4,5,3-4,5-6
M1_exercise_plus_rep_progress,ridge,1,tsenyu0515workout|yanz0510workout|yoru0511workout|yushuan0513workout|ziho0512workout,hsianshun0514workout,haoyu0512workout,haoyu0512workout,db_shoulder_press,2,4,5.0,5.459136860355551,,,,5,5,5-6,5-6
M1_exercise_plus_rep_progress,ridge,1,tsenyu0515workout|yanz0510workout|yoru0511workout|yushuan0513workout|ziho0512workout,hsianshun0514workout,haoyu0512workout,haoyu0512workout,db_shoulder_press,2,5,6.0,5.795018742909846,,,,6,6,5-6,5-6
M1_exercise_plus_rep_progress,ridge,1,tsenyu0515workout|yanz0510workout|yoru0511workout|yushuan0513workout|ziho0512workout,hsianshun0514workout,haoyu0512workout,haoyu0512workout,db_shoulder_press,2,6,6.0,6.130900625464142,,,,6,6,5-6,5-6
M1_exercise_plus_rep_progress,ridge,1,tsenyu0515workout|yanz0510workout|yoru0511workout|yushuan0513workout|ziho0512workout,hsianshun0514workout,haoyu0512workout,haoyu0512workout,db_shoulder_press,2,7,7.0,6.466782508018437,,,,7,6,7-8,5-6
M1_exercise_plus_rep_progress,ridge,1,tsenyu0515workout|yanz0510workout|yoru0511workout|yushuan0513workout|ziho0512workout,hsianshun0514workout,haoyu0512workout,haoyu0512workout,db_shoulder_press,2,8,8.0,6.802664390572733,,,,8,7,7-8,7-8
M1_exercise_plus_rep_progress,ridge,1,tsenyu0515workout|yanz0510workout|yoru0511workout|yushuan0513workout|ziho0512workout,hsianshun0514workout,haoyu0512workout,haoyu0512workout,db_shoulder_press,2,9,9.0,7.138546273127028,,,,9,7,9-10,7-8
M1_exercise_plus_rep_progress,ridge,1,tsenyu0515workout|yanz0510workout|yoru0511workout|yushuan0513workout|ziho0512workout,hsianshun0514workout,haoyu0512workout,haoyu0512workout,db_shoulder_press,2,10,9.0,7.4744281556813235,,,,9,7,9-10,7-8
M1_exercise_plus_rep_progress,ridge,1,tsenyu0515workout|yanz0510workout|yoru0511workout|yushuan0513workout|ziho0512workout,hsianshun0514workout,haoyu0512workout,haoyu0512workout,db_shoulder_press,2,11,9.0,7.810310038235619,,,,9,8,9-10,7-8
M1_exercise_plus_rep_progress,ridge,1,tsenyu0515workout|yanz0510workout|yoru0511workout|yushuan0513workout|ziho0512workout,hsianshun0514workout,haoyu0512workout,haoyu0512workout,db_squat,0,0,1.0,3.291540464951231,,,,1,3,1-2,3-4
M1_exercise_plus_rep_progress,ridge,1,tsenyu0515workout|yanz0510workout|yoru0511workout|yushuan0513workout|ziho0512workout,hsianshun0514workout,haoyu0512workout,haoyu0512workout,db_squat,0,1,1.0,3.6274223475055263,,,,1,4,1-2,3-4
M1_exercise_plus_rep_progress,ridge,1,tsenyu0515workout|yanz0510workout|yoru0511workout|yushuan0513workout|ziho0512workout,hsianshun0514workout,haoyu0512workout,haoyu0512workout,db_squat,0,2,1.0,3.963304230059822,,,,1,4,1-2,3-4
M1_exercise_plus_rep_progress,ridge,1,tsenyu0515workout|yanz0510workout|yoru0511workout|yushuan0513workout|ziho0512workout,hsianshun0514workout,haoyu0512workout,haoyu0512workout,db_squat,0,3,1.0,4.299186112614118,,,,1,4,1-2,3-4
M1_exercise_plus_rep_progress,ridge,1,tsenyu0515workout|yanz0510workout|yoru0511workout|yushuan0513workout|ziho0512workout,hsianshun0514workout,haoyu0512workout,haoyu0512workout,db_squat,0,4,1.0,4.635067995168413,,,,1,5,1-2,5-6
M1_exercise_plus_rep_progress,ridge,1,tsenyu0515workout|yanz0510workout|yoru0511workout|yushuan0513workout|ziho0512workout,hsianshun0514workout,haoyu0512workout,haoyu0512workout,db_squat,0,5,4.0,4.970949877722708,,,,4,5,3-4,5-6
M1_exercise_plus_rep_progress,ridge,1,tsenyu0515workout|yanz0510workout|yoru0511workout|yushuan0513workout|ziho0512workout,hsianshun0514workout,haoyu0512workout,haoyu0512workout,db_squat,0,6,4.0,5.306831760277004,,,,4,5,3-4,5-6
M1_exercise_plus_rep_progress,ridge,1,tsenyu0515workout|yanz0510workout|yoru0511workout|yushuan0513workout|ziho0512workout,hsianshun0514workout,haoyu0512workout,haoyu0512workout,db_squat,0,7,5.0,5.642713642831299,,,,5,6,5-6,5-6
M1_exercise_plus_rep_progress,ridge,1,tsenyu0515workout|yanz0510workout|yoru0511workout|yushuan0513workout|ziho0512workout,hsianshun0514workout,haoyu0512workout,haoyu0512workout,db_squat,0,8,5.0,5.978595525385595,,,,5,6,5-6,5-6
M1_exercise_plus_rep_progress,ridge,1,tsenyu0515workout|yanz0510workout|yoru0511workout|yushuan0513workout|ziho0512workout,hsianshun0514workout,haoyu0512workout,haoyu0512workout,db_squat,0,9,5.0,6.31447740793989,,,,5,6,5-6,5-6
M1_exercise_plus_rep_progress,ridge,1,tsenyu0515workout|yanz0510workout|yoru0511workout|yushuan0513workout|ziho0512workout,hsianshun0514workout,haoyu0512workout,haoyu0512workout,db_squat,0,10,6.0,6.650359290494185,,,,6,7,5-6,7-8
M1_exercise_plus_rep_progress,ridge,1,tsenyu0515workout|yanz0510workout|yoru0511workout|yushuan0513workout|ziho0512workout,hsianshun0514workout,haoyu0512workout,haoyu0512workout,db_squat,0,11,6.0,6.986241173048481,,,,6,7,5-6,7-8
M1_exercise_plus_rep_progress,ridge,1,tsenyu0515workout|yanz0510workout|yoru0511workout|yushuan0513workout|ziho0512workout,hsianshun0514workout,haoyu0512workout,haoyu0512workout,db_squat,1,0,4.0,3.291540464951231,,,,4,3,3-4,3-4
M1_exercise_plus_rep_progress,ridge,1,tsenyu0515workout|yanz0510workout|yoru0511workout|yushuan0513workout|ziho0512workout,hsianshun0514workout,haoyu0512workout,haoyu0512workout,db_squat,1,1,4.0,3.6274223475055263,,,,4,4,3-4,3-4
M1_exercise_plus_rep_progress,ridge,1,tsenyu0515workout|yanz0510workout|yoru0511workout|yushuan0513workout|ziho0512workout,hsianshun0514workout,haoyu0512workout,haoyu0512workout,db_squat,1,2,4.0,3.963304230059822,,,,4,4,3-4,3-4
M1_exercise_plus_rep_progress,ridge,1,tsenyu0515workout|yanz0510workout|yoru0511workout|yushuan0513workout|ziho0512workout,hsianshun0514workout,haoyu0512workout,haoyu0512workout,db_squat,1,3,5.0,4.299186112614118,,,,5,4,5-6,3-4
M1_exercise_plus_rep_progress,ridge,1,tsenyu0515workout|yanz0510workout|yoru0511workout|yushuan0513workout|ziho0512workout,hsianshun0514workout,haoyu0512workout,haoyu0512workout,db_squat,1,4,5.0,4.635067995168413,,,,5,5,5-6,5-6
M1_exercise_plus_rep_progress,ridge,1,tsenyu0515workout|yanz0510workout|yoru0511workout|yushuan0513workout|ziho0512workout,hsianshun0514workout,haoyu0512workout,haoyu0512workout,db_squat,1,5,6.0,4.970949877722708,,,,6,5,5-6,5-6
M1_exercise_plus_rep_progress,ridge,1,tsenyu0515workout|yanz0510workout|yoru0511workout|yushuan0513workout|ziho0512workout,hsianshun0514workout,haoyu0512workout,haoyu0512workout,db_squat,1,6,6.0,5.306831760277004,,,,6,5,5-6,5-6
M1_exercise_plus_rep_progress,ridge,1,tsenyu0515workout|yanz0510workout|yoru0511workout|yushuan0513workout|ziho0512workout,hsianshun0514workout,haoyu0512workout,haoyu0512workout,db_squat,1,7,7.0,5.642713642831299,,,,7,6,7-8,5-6
M1_exercise_plus_rep_progress,ridge,1,tsenyu0515workout|yanz0510workout|yoru0511workout|yushuan0513workout|ziho0512workout,hsianshun0514workout,haoyu0512workout,haoyu0512workout,db_squat,1,8,7.0,5.978595525385595,,,,7,6,7-8,5-6
M1_exercise_plus_rep_progress,ridge,1,tsenyu0515workout|yanz0510workout|yoru0511workout|yushuan0513workout|ziho0512workout,hsianshun0514workout,haoyu0512workout,haoyu0512workout,db_squat,1,9,8.0,6.31447740793989,,,,8,6,7-8,5-6
M1_exercise_plus_rep_progress,ridge,1,tsenyu0515workout|yanz0510workout|yoru0511workout|yushuan0513workout|ziho0512workout,hsianshun0514workout,haoyu0512workout,haoyu0512workout,db_squat,1,10,8.0,6.650359290494185,,,,8,7,7-8,7-8
M1_exercise_plus_rep_progress,ridge,1,tsenyu0515workout|yanz0510workout|yoru0511workout|yushuan0513workout|ziho0512workout,hsianshun0514workout,haoyu0512workout,haoyu0512workout,db_squat,1,11,9.0,6.986241173048481,,,,9,7,9-10,7-8
M1_exercise_plus_rep_progress,ridge,1,tsenyu0515workout|yanz0510workout|yoru0511workout|yushuan0513workout|ziho0512workout,hsianshun0514workout,haoyu0512workout,haoyu0512workout,db_squat,2,0,5.0,3.291540464951231,,,,5,3,5-6,3-4
M1_exercise_plus_rep_progress,ridge,1,tsenyu0515workout|yanz0510workout|yoru0511workout|yushuan0513workout|ziho0512workout,hsianshun0514workout,haoyu0512workout,haoyu0512workout,db_squat,2,1,5.0,3.6274223475055263,,,,5,4,5-6,3-4
M1_exercise_plus_rep_progress,ridge,1,tsenyu0515workout|yanz0510workout|yoru0511workout|yushuan0513workout|ziho0512workout,hsianshun0514workout,haoyu0512workout,haoyu0512workout,db_squat,2,2,5.0,3.963304230059822,,,,5,4,5-6,3-4
M1_exercise_plus_rep_progress,ridge,1,tsenyu0515workout|yanz0510workout|yoru0511workout|yushuan0513workout|ziho0512workout,hsianshun0514workout,haoyu0512workout,haoyu0512workout,db_squat,2,3,6.0,4.299186112614118,,,,6,4,5-6,3-4
M1_exercise_plus_rep_progress,ridge,1,tsenyu0515workout|yanz0510workout|yoru0511workout|yushuan0513workout|ziho0512workout,hsianshun0514workout,haoyu0512workout,haoyu0512workout,db_squat,2,4,6.0,4.635067995168413,,,,6,5,5-6,5-6
M1_exercise_plus_rep_progress,ridge,1,tsenyu0515workout|yanz0510workout|yoru0511workout|yushuan0513workout|ziho0512workout,hsianshun0514workout,haoyu0512workout,haoyu0512workout,db_squat,2,5,6.0,4.970949877722708,,,,6,5,5-6,5-6
M1_exercise_plus_rep_progress,ridge,1,tsenyu0515workout|yanz0510workout|yoru0511workout|yushuan0513workout|ziho0512workout,hsianshun0514workout,haoyu0512workout,haoyu0512workout,db_squat,2,6,6.0,5.306831760277004,,,,6,5,5-6,5-6
M1_exercise_plus_rep_progress,ridge,1,tsenyu0515workout|yanz0510workout|yoru0511workout|yushuan0513workout|ziho0512workout,hsianshun0514workout,haoyu0512workout,haoyu0512workout,db_squat,2,7,7.0,5.642713642831299,,,,7,6,7-8,5-6
M1_exercise_plus_rep_progress,ridge,1,tsenyu0515workout|yanz0510workout|yoru0511workout|yushuan0513workout|ziho0512workout,hsianshun0514workout,haoyu0512workout,haoyu0512workout,db_squat,2,8,7.0,5.978595525385595,,,,7,6,7-8,5-6
M1_exercise_plus_rep_progress,ridge,1,tsenyu0515workout|yanz0510workout|yoru0511workout|yushuan0513workout|ziho0512workout,hsianshun0514workout,haoyu0512workout,haoyu0512workout,db_squat,2,9,7.0,6.31447740793989,,,,7,6,7-8,5-6
M1_exercise_plus_rep_progress,ridge,1,tsenyu0515workout|yanz0510workout|yoru0511workout|yushuan0513workout|ziho0512workout,hsianshun0514workout,haoyu0512workout,haoyu0512workout,db_squat,2,10,8.0,6.650359290494185,,,,8,7,7-8,7-8
M1_exercise_plus_rep_progress,ridge,1,tsenyu0515workout|yanz0510workout|yoru0511workout|yushuan0513workout|ziho0512workout,hsianshun0514workout,haoyu0512workout,haoyu0512workout,db_squat,2,11,8.0,6.986241173048481,,,,8,7,7-8,7-8
M1_exercise_plus_rep_progress,ridge,1,tsenyu0515workout|yanz0510workout|yoru0511workout|yushuan0513workout|ziho0512workout,hsianshun0514workout,haoyu0512workout,haoyu0512workout,db_triceps_curl,0,0,1.0,3.5526499408340113,,,,1,4,1-2,3-4
M1_exercise_plus_rep_progress,ridge,1,tsenyu0515workout|yanz0510workout|yoru0511workout|yushuan0513workout|ziho0512workout,hsianshun0514workout,haoyu0512workout,haoyu0512workout,db_triceps_curl,0,1,1.0,3.888531823388307,,,,1,4,1-2,3-4
M1_exercise_plus_rep_progress,ridge,1,tsenyu0515workout|yanz0510workout|yoru0511workout|yushuan0513workout|ziho0512workout,hsianshun0514workout,haoyu0512workout,haoyu0512workout,db_triceps_curl,0,2,3.0,4.224413705942602,,,,3,4,3-4,3-4
M1_exercise_plus_rep_progress,ridge,1,tsenyu0515workout|yanz0510workout|yoru0511workout|yushuan0513workout|ziho0512workout,hsianshun0514workout,haoyu0512workout,haoyu0512workout,db_triceps_curl,0,3,3.0,4.560295588496897,,,,3,5,3-4,5-6
M1_exercise_plus_rep_progress,ridge,1,tsenyu0515workout|yanz0510workout|yoru0511workout|yushuan0513workout|ziho0512workout,hsianshun0514workout,haoyu0512workout,haoyu0512workout,db_triceps_curl,0,4,4.0,4.896177471051193,,,,4,5,3-4,5-6
M1_exercise_plus_rep_progress,ridge,1,tsenyu0515workout|yanz0510workout|yoru0511workout|yushuan0513workout|ziho0512workout,hsianshun0514workout,haoyu0512workout,haoyu0512workout,db_triceps_curl,0,5,4.0,5.2320593536054885,,,,4,5,3-4,5-6
M1_exercise_plus_rep_progress,ridge,1,tsenyu0515workout|yanz0510workout|yoru0511workout|yushuan0513workout|ziho0512workout,hsianshun0514workout,haoyu0512workout,haoyu0512workout,db_triceps_curl,0,6,5.0,5.5679412361597835,,,,5,6,5-6,5-6
M1_exercise_plus_rep_progress,ridge,1,tsenyu0515workout|yanz0510workout|yoru0511workout|yushuan0513workout|ziho0512workout,hsianshun0514workout,haoyu0512workout,haoyu0512workout,db_triceps_curl,0,7,5.0,5.9038231187140795,,,,5,6,5-6,5-6
M1_exercise_plus_rep_progress,ridge,1,tsenyu0515workout|yanz0510workout|yoru0511workout|yushuan0513workout|ziho0512workout,hsianshun0514workout,haoyu0512workout,haoyu0512workout,db_triceps_curl,0,8,6.0,6.239705001268375,,,,6,6,5-6,5-6
M1_exercise_plus_rep_progress,ridge,1,tsenyu0515workout|yanz0510workout|yoru0511workout|yushuan0513workout|ziho0512workout,hsianshun0514workout,haoyu0512workout,haoyu0512workout,db_triceps_curl,0,9,6.0,6.57558688382267,,,,6,7,5-6,7-8
M1_exercise_plus_rep_progress,ridge,1,tsenyu0515workout|yanz0510workout|yoru0511workout|yushuan0513workout|ziho0512workout,hsianshun0514workout,haoyu0512workout,haoyu0512workout,db_triceps_curl,0,10,6.0,6.911468766376966,,,,6,7,5-6,7-8
M1_exercise_plus_rep_progress,ridge,1,tsenyu0515workout|yanz0510workout|yoru0511workout|yushuan0513workout|ziho0512workout,hsianshun0514workout,haoyu0512workout,haoyu0512workout,db_triceps_curl,0,11,7.0,7.247350648931261,,,,7,7,7-8,7-8
M1_exercise_plus_rep_progress,ridge,1,tsenyu0515workout|yanz0510workout|yoru0511workout|yushuan0513workout|ziho0512workout,hsianshun0514workout,haoyu0512workout,haoyu0512workout,db_triceps_curl,1,0,4.0,3.5526499408340113,,,,4,4,3-4,3-4
M1_exercise_plus_rep_progress,ridge,1,tsenyu0515workout|yanz0510workout|yoru0511workout|yushuan0513workout|ziho0512workout,hsianshun0514workout,haoyu0512workout,haoyu0512workout,db_triceps_curl,1,1,4.0,3.888531823388307,,,,4,4,3-4,3-4
M1_exercise_plus_rep_progress,ridge,1,tsenyu0515workout|yanz0510workout|yoru0511workout|yushuan0513workout|ziho0512workout,hsianshun0514workout,haoyu0512workout,haoyu0512workout,db_triceps_curl,1,2,4.0,4.224413705942602,,,,4,4,3-4,3-4
M1_exercise_plus_rep_progress,ridge,1,tsenyu0515workout|yanz0510workout|yoru0511workout|yushuan0513workout|ziho0512workout,hsianshun0514workout,haoyu0512workout,haoyu0512workout,db_triceps_curl,1,3,4.0,4.560295588496897,,,,4,5,3-4,5-6
M1_exercise_plus_rep_progress,ridge,1,tsenyu0515workout|yanz0510workout|yoru0511workout|yushuan0513workout|ziho0512workout,hsianshun0514workout,haoyu0512workout,haoyu0512workout,db_triceps_curl,1,4,5.0,4.896177471051193,,,,5,5,5-6,5-6
M1_exercise_plus_rep_progress,ridge,1,tsenyu0515workout|yanz0510workout|yoru0511workout|yushuan0513workout|ziho0512workout,hsianshun0514workout,haoyu0512workout,haoyu0512workout,db_triceps_curl,1,5,5.0,5.2320593536054885,,,,5,5,5-6,5-6
M1_exercise_plus_rep_progress,ridge,1,tsenyu0515workout|yanz0510workout|yoru0511workout|yushuan0513workout|ziho0512workout,hsianshun0514workout,haoyu0512workout,haoyu0512workout,db_triceps_curl,1,6,6.0,5.5679412361597835,,,,6,6,5-6,5-6
M1_exercise_plus_rep_progress,ridge,1,tsenyu0515workout|yanz0510workout|yoru0511workout|yushuan0513workout|ziho0512workout,hsianshun0514workout,haoyu0512workout,haoyu0512workout,db_triceps_curl,1,7,6.0,5.9038231187140795,,,,6,6,5-6,5-6
M1_exercise_plus_rep_progress,ridge,1,tsenyu0515workout|yanz0510workout|yoru0511workout|yushuan0513workout|ziho0512workout,hsianshun0514workout,haoyu0512workout,haoyu0512workout,db_triceps_curl,1,8,7.0,6.239705001268375,,,,7,6,7-8,5-6
M1_exercise_plus_rep_progress,ridge,1,tsenyu0515workout|yanz0510workout|yoru0511workout|yushuan0513workout|ziho0512workout,hsianshun0514workout,haoyu0512workout,haoyu0512workout,db_triceps_curl,1,9,7.0,6.57558688382267,,,,7,7,7-8,7-8
M1_exercise_plus_rep_progress,ridge,1,tsenyu0515workout|yanz0510workout|yoru0511workout|yushuan0513workout|ziho0512workout,hsianshun0514workout,haoyu0512workout,haoyu0512workout,db_triceps_curl,1,10,8.0,6.911468766376966,,,,8,7,7-8,7-8
M1_exercise_plus_rep_progress,ridge,1,tsenyu0515workout|yanz0510workout|yoru0511workout|yushuan0513workout|ziho0512workout,hsianshun0514workout,haoyu0512workout,haoyu0512workout,db_triceps_curl,1,11,9.0,7.247350648931261,,,,9,7,9-10,7-8
M1_exercise_plus_rep_progress,ridge,1,tsenyu0515workout|yanz0510workout|yoru0511workout|yushuan0513workout|ziho0512workout,hsianshun0514workout,haoyu0512workout,haoyu0512workout,db_triceps_curl,2,0,5.0,3.5526499408340113,,,,5,4,5-6,3-4
M1_exercise_plus_rep_progress,ridge,1,tsenyu0515workout|yanz0510workout|yoru0511workout|yushuan0513workout|ziho0512workout,hsianshun0514workout,haoyu0512workout,haoyu0512workout,db_triceps_curl,2,1,5.0,3.888531823388307,,,,5,4,5-6,3-4
M1_exercise_plus_rep_progress,ridge,1,tsenyu0515workout|yanz0510workout|yoru0511workout|yushuan0513workout|ziho0512workout,hsianshun0514workout,haoyu0512workout,haoyu0512workout,db_triceps_curl,2,2,5.0,4.224413705942602,,,,5,4,5-6,3-4
M1_exercise_plus_rep_progress,ridge,1,tsenyu0515workout|yanz0510workout|yoru0511workout|yushuan0513workout|ziho0512workout,hsianshun0514workout,haoyu0512workout,haoyu0512workout,db_triceps_curl,2,3,6.0,4.560295588496897,,,,6,5,5-6,5-6
M1_exercise_plus_rep_progress,ridge,1,tsenyu0515workout|yanz0510workout|yoru0511workout|yushuan0513workout|ziho0512workout,hsianshun0514workout,haoyu0512workout,haoyu0512workout,db_triceps_curl,2,4,6.0,4.896177471051193,,,,6,5,5-6,5-6
M1_exercise_plus_rep_progress,ridge,1,tsenyu0515workout|yanz0510workout|yoru0511workout|yushuan0513workout|ziho0512workout,hsianshun0514workout,haoyu0512workout,haoyu0512workout,db_triceps_curl,2,5,6.0,5.2320593536054885,,,,6,5,5-6,5-6
M1_exercise_plus_rep_progress,ridge,1,tsenyu0515workout|yanz0510workout|yoru0511workout|yushuan0513workout|ziho0512workout,hsianshun0514workout,haoyu0512workout,haoyu0512workout,db_triceps_curl,2,6,7.0,5.5679412361597835,,,,7,6,7-8,5-6
M1_exercise_plus_rep_progress,ridge,1,tsenyu0515workout|yanz0510workout|yoru0511workout|yushuan0513workout|ziho0512workout,hsianshun0514workout,haoyu0512workout,haoyu0512workout,db_triceps_curl,2,7,7.0,5.9038231187140795,,,,7,6,7-8,5-6
M1_exercise_plus_rep_progress,ridge,1,tsenyu0515workout|yanz0510workout|yoru0511workout|yushuan0513workout|ziho0512workout,hsianshun0514workout,haoyu0512workout,haoyu0512workout,db_triceps_curl,2,8,8.0,6.239705001268375,,,,8,6,7-8,5-6
M1_exercise_plus_rep_progress,ridge,1,tsenyu0515workout|yanz0510workout|yoru0511workout|yushuan0513workout|ziho0512workout,hsianshun0514workout,haoyu0512workout,haoyu0512workout,db_triceps_curl,2,9,8.0,6.57558688382267,,,,8,7,7-8,7-8
M1_exercise_plus_rep_progress,ridge,1,tsenyu0515workout|yanz0510workout|yoru0511workout|yushuan0513workout|ziho0512workout,hsianshun0514workout,haoyu0512workout,haoyu0512workout,db_triceps_curl,2,10,8.0,6.911468766376966,,,,8,7,7-8,7-8
M1_exercise_plus_rep_progress,ridge,1,tsenyu0515workout|yanz0510workout|yoru0511workout|yushuan0513workout|ziho0512workout,hsianshun0514workout,haoyu0512workout,haoyu0512workout,db_triceps_curl,2,11,9.0,7.247350648931261,,,,9,7,9-10,7-8
M1_exercise_plus_rep_progress,ridge,1,tsenyu0515workout|yanz0510workout|yoru0511workout|yushuan0513workout|ziho0512workout,hsianshun0514workout,haoyu0512workout,haoyu0512workout,db_weighted_crunch,0,0,1.0,2.96376473990689,,,,1,3,1-2,3-4
M1_exercise_plus_rep_progress,ridge,1,tsenyu0515workout|yanz0510workout|yoru0511workout|yushuan0513workout|ziho0512workout,hsianshun0514workout,haoyu0512workout,haoyu0512workout,db_weighted_crunch,0,1,1.0,3.299646622461186,,,,1,3,1-2,3-4
M1_exercise_plus_rep_progress,ridge,1,tsenyu0515workout|yanz0510workout|yoru0511workout|yushuan0513workout|ziho0512workout,hsianshun0514workout,haoyu0512workout,haoyu0512workout,db_weighted_crunch,0,2,3.0,3.635528505015481,,,,3,4,3-4,3-4
M1_exercise_plus_rep_progress,ridge,1,tsenyu0515workout|yanz0510workout|yoru0511workout|yushuan0513workout|ziho0512workout,hsianshun0514workout,haoyu0512workout,haoyu0512workout,db_weighted_crunch,0,3,3.0,3.971410387569777,,,,3,4,3-4,3-4
M1_exercise_plus_rep_progress,ridge,1,tsenyu0515workout|yanz0510workout|yoru0511workout|yushuan0513workout|ziho0512workout,hsianshun0514workout,haoyu0512workout,haoyu0512workout,db_weighted_crunch,0,4,3.0,4.307292270124072,,,,3,4,3-4,3-4
M1_exercise_plus_rep_progress,ridge,1,tsenyu0515workout|yanz0510workout|yoru0511workout|yushuan0513workout|ziho0512workout,hsianshun0514workout,haoyu0512workout,haoyu0512workout,db_weighted_crunch,0,5,3.0,4.643174152678367,,,,3,5,3-4,5-6
M1_exercise_plus_rep_progress,ridge,1,tsenyu0515workout|yanz0510workout|yoru0511workout|yushuan0513workout|ziho0512workout,hsianshun0514workout,haoyu0512workout,haoyu0512workout,db_weighted_crunch,0,6,4.0,4.979056035232663,,,,4,5,3-4,5-6
M1_exercise_plus_rep_progress,ridge,1,tsenyu0515workout|yanz0510workout|yoru0511workout|yushuan0513workout|ziho0512workout,hsianshun0514workout,haoyu0512workout,haoyu0512workout,db_weighted_crunch,0,7,4.0,5.314937917786958,,,,4,5,3-4,5-6
M1_exercise_plus_rep_progress,ridge,1,tsenyu0515workout|yanz0510workout|yoru0511workout|yushuan0513workout|ziho0512workout,hsianshun0514workout,haoyu0512workout,haoyu0512workout,db_weighted_crunch,0,8,5.0,5.650819800341254,,,,5,6,5-6,5-6
M1_exercise_plus_rep_progress,ridge,1,tsenyu0515workout|yanz0510workout|yoru0511workout|yushuan0513workout|ziho0512workout,hsianshun0514workout,haoyu0512workout,haoyu0512workout,db_weighted_crunch,0,9,5.0,5.986701682895549,,,,5,6,5-6,5-6
M1_exercise_plus_rep_progress,ridge,1,tsenyu0515workout|yanz0510workout|yoru0511workout|yushuan0513workout|ziho0512workout,hsianshun0514workout,haoyu0512workout,haoyu0512workout,db_weighted_crunch,0,10,5.0,6.322583565449844,,,,5,6,5-6,5-6
M1_exercise_plus_rep_progress,ridge,1,tsenyu0515workout|yanz0510workout|yoru0511workout|yushuan0513workout|ziho0512workout,hsianshun0514workout,haoyu0512workout,haoyu0512workout,db_weighted_crunch,0,11,6.0,6.65846544800414,,,,6,7,5-6,7-8
M1_exercise_plus_rep_progress,ridge,1,tsenyu0515workout|yanz0510workout|yoru0511workout|yushuan0513workout|ziho0512workout,hsianshun0514workout,haoyu0512workout,haoyu0512workout,db_weighted_crunch,1,0,3.0,2.96376473990689,,,,3,3,3-4,3-4
M1_exercise_plus_rep_progress,ridge,1,tsenyu0515workout|yanz0510workout|yoru0511workout|yushuan0513workout|ziho0512workout,hsianshun0514workout,haoyu0512workout,haoyu0512workout,db_weighted_crunch,1,1,3.0,3.299646622461186,,,,3,3,3-4,3-4
M1_exercise_plus_rep_progress,ridge,1,tsenyu0515workout|yanz0510workout|yoru0511workout|yushuan0513workout|ziho0512workout,hsianshun0514workout,haoyu0512workout,haoyu0512workout,db_weighted_crunch,1,2,4.0,3.635528505015481,,,,4,4,3-4,3-4
M1_exercise_plus_rep_progress,ridge,1,tsenyu0515workout|yanz0510workout|yoru0511workout|yushuan0513workout|ziho0512workout,hsianshun0514workout,haoyu0512workout,haoyu0512workout,db_weighted_crunch,1,3,4.0,3.971410387569777,,,,4,4,3-4,3-4
M1_exercise_plus_rep_progress,ridge,1,tsenyu0515workout|yanz0510workout|yoru0511workout|yushuan0513workout|ziho0512workout,hsianshun0514workout,haoyu0512workout,haoyu0512workout,db_weighted_crunch,1,4,4.0,4.307292270124072,,,,4,4,3-4,3-4
M1_exercise_plus_rep_progress,ridge,1,tsenyu0515workout|yanz0510workout|yoru0511workout|yushuan0513workout|ziho0512workout,hsianshun0514workout,haoyu0512workout,haoyu0512workout,db_weighted_crunch,1,5,5.0,4.643174152678367,,,,5,5,5-6,5-6
M1_exercise_plus_rep_progress,ridge,1,tsenyu0515workout|yanz0510workout|yoru0511workout|yushuan0513workout|ziho0512workout,hsianshun0514workout,haoyu0512workout,haoyu0512workout,db_weighted_crunch,1,6,5.0,4.979056035232663,,,,5,5,5-6,5-6
M1_exercise_plus_rep_progress,ridge,1,tsenyu0515workout|yanz0510workout|yoru0511workout|yushuan0513workout|ziho0512workout,hsianshun0514workout,haoyu0512workout,haoyu0512workout,db_weighted_crunch,1,7,6.0,5.314937917786958,,,,6,5,5-6,5-6
M1_exercise_plus_rep_progress,ridge,1,tsenyu0515workout|yanz0510workout|yoru0511workout|yushuan0513workout|ziho0512workout,hsianshun0514workout,haoyu0512workout,haoyu0512workout,db_weighted_crunch,1,8,6.0,5.650819800341254,,,,6,6,5-6,5-6
M1_exercise_plus_rep_progress,ridge,1,tsenyu0515workout|yanz0510workout|yoru0511workout|yushuan0513workout|ziho0512workout,hsianshun0514workout,haoyu0512workout,haoyu0512workout,db_weighted_crunch,1,9,6.0,5.986701682895549,,,,6,6,5-6,5-6
M1_exercise_plus_rep_progress,ridge,1,tsenyu0515workout|yanz0510workout|yoru0511workout|yushuan0513workout|ziho0512workout,hsianshun0514workout,haoyu0512workout,haoyu0512workout,db_weighted_crunch,1,10,7.0,6.322583565449844,,,,7,6,7-8,5-6
M1_exercise_plus_rep_progress,ridge,1,tsenyu0515workout|yanz0510workout|yoru0511workout|yushuan0513workout|ziho0512workout,hsianshun0514workout,haoyu0512workout,haoyu0512workout,db_weighted_crunch,1,11,7.0,6.65846544800414,,,,7,7,7-8,7-8
M1_exercise_plus_rep_progress,ridge,1,tsenyu0515workout|yanz0510workout|yoru0511workout|yushuan0513workout|ziho0512workout,hsianshun0514workout,haoyu0512workout,haoyu0512workout,db_weighted_crunch,2,0,3.0,2.96376473990689,,,,3,3,3-4,3-4
M1_exercise_plus_rep_progress,ridge,1,tsenyu0515workout|yanz0510workout|yoru0511workout|yushuan0513workout|ziho0512workout,hsianshun0514workout,haoyu0512workout,haoyu0512workout,db_weighted_crunch,2,1,3.0,3.299646622461186,,,,3,3,3-4,3-4
M1_exercise_plus_rep_progress,ridge,1,tsenyu0515workout|yanz0510workout|yoru0511workout|yushuan0513workout|ziho0512workout,hsianshun0514workout,haoyu0512workout,haoyu0512workout,db_weighted_crunch,2,2,3.0,3.635528505015481,,,,3,4,3-4,3-4
M1_exercise_plus_rep_progress,ridge,1,tsenyu0515workout|yanz0510workout|yoru0511workout|yushuan0513workout|ziho0512workout,hsianshun0514workout,haoyu0512workout,haoyu0512workout,db_weighted_crunch,2,3,5.0,3.971410387569777,,,,5,4,5-6,3-4
M1_exercise_plus_rep_progress,ridge,1,tsenyu0515workout|yanz0510workout|yoru0511workout|yushuan0513workout|ziho0512workout,hsianshun0514workout,haoyu0512workout,haoyu0512workout,db_weighted_crunch,2,4,5.0,4.307292270124072,,,,5,4,5-6,3-4
M1_exercise_plus_rep_progress,ridge,1,tsenyu0515workout|yanz0510workout|yoru0511workout|yushuan0513workout|ziho0512workout,hsianshun0514workout,haoyu0512workout,haoyu0512workout,db_weighted_crunch,2,5,5.0,4.643174152678367,,,,5,5,5-6,5-6
M1_exercise_plus_rep_progress,ridge,1,tsenyu0515workout|yanz0510workout|yoru0511workout|yushuan0513workout|ziho0512workout,hsianshun0514workout,haoyu0512workout,haoyu0512workout,db_weighted_crunch,2,6,6.0,4.979056035232663,,,,6,5,5-6,5-6
M1_exercise_plus_rep_progress,ridge,1,tsenyu0515workout|yanz0510workout|yoru0511workout|yushuan0513workout|ziho0512workout,hsianshun0514workout,haoyu0512workout,haoyu0512workout,db_weighted_crunch,2,7,6.0,5.314937917786958,,,,6,5,5-6,5-6
M1_exercise_plus_rep_progress,ridge,1,tsenyu0515workout|yanz0510workout|yoru0511workout|yushuan0513workout|ziho0512workout,hsianshun0514workout,haoyu0512workout,haoyu0512workout,db_weighted_crunch,2,8,6.0,5.650819800341254,,,,6,6,5-6,5-6
M1_exercise_plus_rep_progress,ridge,1,tsenyu0515workout|yanz0510workout|yoru0511workout|yushuan0513workout|ziho0512workout,hsianshun0514workout,haoyu0512workout,haoyu0512workout,db_weighted_crunch,2,9,7.0,5.986701682895549,,,,7,6,7-8,5-6
M1_exercise_plus_rep_progress,ridge,1,tsenyu0515workout|yanz0510workout|yoru0511workout|yushuan0513workout|ziho0512workout,hsianshun0514workout,haoyu0512workout,haoyu0512workout,db_weighted_crunch,2,10,7.0,6.322583565449844,,,,7,6,7-8,5-6
M1_exercise_plus_rep_progress,ridge,1,tsenyu0515workout|yanz0510workout|yoru0511workout|yushuan0513workout|ziho0512workout,hsianshun0514workout,haoyu0512workout,haoyu0512workout,db_weighted_crunch,2,11,9.0,6.65846544800414,,,,9,7,9-10,7-8
M1_exercise_plus_rep_progress,ridge,1,tsenyu0515workout|yanz0510workout|yoru0511workout|yushuan0513workout|ziho0512workout,hsianshun0514workout,haoyu0512workout,haoyu0512workout,one_arm_db_row,0,0,1.0,3.8026483751898654,,,,1,4,1-2,3-4
M1_exercise_plus_rep_progress,ridge,1,tsenyu0515workout|yanz0510workout|yoru0511workout|yushuan0513workout|ziho0512workout,hsianshun0514workout,haoyu0512workout,haoyu0512workout,one_arm_db_row,0,1,1.0,4.1385302577441605,,,,1,4,1-2,3-4
M1_exercise_plus_rep_progress,ridge,1,tsenyu0515workout|yanz0510workout|yoru0511workout|yushuan0513workout|ziho0512workout,hsianshun0514workout,haoyu0512workout,haoyu0512workout,one_arm_db_row,0,2,3.0,4.4744121402984565,,,,3,4,3-4,3-4
M1_exercise_plus_rep_progress,ridge,1,tsenyu0515workout|yanz0510workout|yoru0511workout|yushuan0513workout|ziho0512workout,hsianshun0514workout,haoyu0512workout,haoyu0512workout,one_arm_db_row,0,3,5.0,4.8102940228527515,,,,5,5,5-6,5-6
M1_exercise_plus_rep_progress,ridge,1,tsenyu0515workout|yanz0510workout|yoru0511workout|yushuan0513workout|ziho0512workout,hsianshun0514workout,haoyu0512workout,haoyu0512workout,one_arm_db_row,0,4,6.0,5.146175905407047,,,,6,5,5-6,5-6
M1_exercise_plus_rep_progress,ridge,1,tsenyu0515workout|yanz0510workout|yoru0511workout|yushuan0513workout|ziho0512workout,hsianshun0514workout,haoyu0512workout,haoyu0512workout,one_arm_db_row,0,5,6.0,5.482057787961343,,,,6,5,5-6,5-6
M1_exercise_plus_rep_progress,ridge,1,tsenyu0515workout|yanz0510workout|yoru0511workout|yushuan0513workout|ziho0512workout,hsianshun0514workout,haoyu0512workout,haoyu0512workout,one_arm_db_row,0,6,6.0,5.817939670515638,,,,6,6,5-6,5-6
M1_exercise_plus_rep_progress,ridge,1,tsenyu0515workout|yanz0510workout|yoru0511workout|yushuan0513workout|ziho0512workout,hsianshun0514workout,haoyu0512workout,haoyu0512workout,one_arm_db_row,0,7,7.0,6.153821553069934,,,,7,6,7-8,5-6
M1_exercise_plus_rep_progress,ridge,1,tsenyu0515workout|yanz0510workout|yoru0511workout|yushuan0513workout|ziho0512workout,hsianshun0514workout,haoyu0512workout,haoyu0512workout,one_arm_db_row,0,8,7.0,6.489703435624229,,,,7,6,7-8,5-6
M1_exercise_plus_rep_progress,ridge,1,tsenyu0515workout|yanz0510workout|yoru0511workout|yushuan0513workout|ziho0512workout,hsianshun0514workout,haoyu0512workout,haoyu0512workout,one_arm_db_row,0,9,8.0,6.825585318178524,,,,8,7,7-8,7-8
M1_exercise_plus_rep_progress,ridge,1,tsenyu0515workout|yanz0510workout|yoru0511workout|yushuan0513workout|ziho0512workout,hsianshun0514workout,haoyu0512workout,haoyu0512workout,one_arm_db_row,0,10,8.0,7.16146720073282,,,,8,7,7-8,7-8
M1_exercise_plus_rep_progress,ridge,1,tsenyu0515workout|yanz0510workout|yoru0511workout|yushuan0513workout|ziho0512workout,hsianshun0514workout,haoyu0512workout,haoyu0512workout,one_arm_db_row,0,11,9.0,7.497349083287115,,,,9,7,9-10,7-8
M1_exercise_plus_rep_progress,ridge,1,tsenyu0515workout|yanz0510workout|yoru0511workout|yushuan0513workout|ziho0512workout,hsianshun0514workout,haoyu0512workout,haoyu0512workout,one_arm_db_row,1,0,4.0,3.8026483751898654,,,,4,4,3-4,3-4
M1_exercise_plus_rep_progress,ridge,1,tsenyu0515workout|yanz0510workout|yoru0511workout|yushuan0513workout|ziho0512workout,hsianshun0514workout,haoyu0512workout,haoyu0512workout,one_arm_db_row,1,1,4.0,4.1385302577441605,,,,4,4,3-4,3-4
M1_exercise_plus_rep_progress,ridge,1,tsenyu0515workout|yanz0510workout|yoru0511workout|yushuan0513workout|ziho0512workout,hsianshun0514workout,haoyu0512workout,haoyu0512workout,one_arm_db_row,1,2,6.0,4.4744121402984565,,,,6,4,5-6,3-4
M1_exercise_plus_rep_progress,ridge,1,tsenyu0515workout|yanz0510workout|yoru0511workout|yushuan0513workout|ziho0512workout,hsianshun0514workout,haoyu0512workout,haoyu0512workout,one_arm_db_row,1,3,6.0,4.8102940228527515,,,,6,5,5-6,5-6
M1_exercise_plus_rep_progress,ridge,1,tsenyu0515workout|yanz0510workout|yoru0511workout|yushuan0513workout|ziho0512workout,hsianshun0514workout,haoyu0512workout,haoyu0512workout,one_arm_db_row,1,4,6.0,5.146175905407047,,,,6,5,5-6,5-6
M1_exercise_plus_rep_progress,ridge,1,tsenyu0515workout|yanz0510workout|yoru0511workout|yushuan0513workout|ziho0512workout,hsianshun0514workout,haoyu0512workout,haoyu0512workout,one_arm_db_row,1,5,7.0,5.482057787961343,,,,7,5,7-8,5-6
M1_exercise_plus_rep_progress,ridge,1,tsenyu0515workout|yanz0510workout|yoru0511workout|yushuan0513workout|ziho0512workout,hsianshun0514workout,haoyu0512workout,haoyu0512workout,one_arm_db_row,1,6,7.0,5.817939670515638,,,,7,6,7-8,5-6
M1_exercise_plus_rep_progress,ridge,1,tsenyu0515workout|yanz0510workout|yoru0511workout|yushuan0513workout|ziho0512workout,hsianshun0514workout,haoyu0512workout,haoyu0512workout,one_arm_db_row,1,7,7.0,6.153821553069934,,,,7,6,7-8,5-6
M1_exercise_plus_rep_progress,ridge,1,tsenyu0515workout|yanz0510workout|yoru0511workout|yushuan0513workout|ziho0512workout,hsianshun0514workout,haoyu0512workout,haoyu0512workout,one_arm_db_row,1,8,8.0,6.489703435624229,,,,8,6,7-8,5-6
M1_exercise_plus_rep_progress,ridge,1,tsenyu0515workout|yanz0510workout|yoru0511workout|yushuan0513workout|ziho0512workout,hsianshun0514workout,haoyu0512workout,haoyu0512workout,one_arm_db_row,1,9,8.0,6.825585318178524,,,,8,7,7-8,7-8
M1_exercise_plus_rep_progress,ridge,1,tsenyu0515workout|yanz0510workout|yoru0511workout|yushuan0513workout|ziho0512workout,hsianshun0514workout,haoyu0512workout,haoyu0512workout,one_arm_db_row,1,10,8.0,7.16146720073282,,,,8,7,7-8,7-8
M1_exercise_plus_rep_progress,ridge,1,tsenyu0515workout|yanz0510workout|yoru0511workout|yushuan0513workout|ziho0512workout,hsianshun0514workout,haoyu0512workout,haoyu0512workout,one_arm_db_row,1,11,9.0,7.497349083287115,,,,9,7,9-10,7-8
M1_exercise_plus_rep_progress,ridge,1,tsenyu0515workout|yanz0510workout|yoru0511workout|yushuan0513workout|ziho0512workout,hsianshun0514workout,haoyu0512workout,haoyu0512workout,one_arm_db_row,2,0,5.0,3.8026483751898654,,,,5,4,5-6,3-4
M1_exercise_plus_rep_progress,ridge,1,tsenyu0515workout|yanz0510workout|yoru0511workout|yushuan0513workout|ziho0512workout,hsianshun0514workout,haoyu0512workout,haoyu0512workout,one_arm_db_row,2,1,5.0,4.1385302577441605,,,,5,4,5-6,3-4
M1_exercise_plus_rep_progress,ridge,1,tsenyu0515workout|yanz0510workout|yoru0511workout|yushuan0513workout|ziho0512workout,hsianshun0514workout,haoyu0512workout,haoyu0512workout,one_arm_db_row,2,2,7.0,4.4744121402984565,,,,7,4,7-8,3-4
M1_exercise_plus_rep_progress,ridge,1,tsenyu0515workout|yanz0510workout|yoru0511workout|yushuan0513workout|ziho0512workout,hsianshun0514workout,haoyu0512workout,haoyu0512workout,one_arm_db_row,2,3,7.0,4.8102940228527515,,,,7,5,7-8,5-6
M1_exercise_plus_rep_progress,ridge,1,tsenyu0515workout|yanz0510workout|yoru0511workout|yushuan0513workout|ziho0512workout,hsianshun0514workout,haoyu0512workout,haoyu0512workout,one_arm_db_row,2,4,7.0,5.146175905407047,,,,7,5,7-8,5-6
M1_exercise_plus_rep_progress,ridge,1,tsenyu0515workout|yanz0510workout|yoru0511workout|yushuan0513workout|ziho0512workout,hsianshun0514workout,haoyu0512workout,haoyu0512workout,one_arm_db_row,2,5,7.0,5.482057787961343,,,,7,5,7-8,5-6
M1_exercise_plus_rep_progress,ridge,1,tsenyu0515workout|yanz0510workout|yoru0511workout|yushuan0513workout|ziho0512workout,hsianshun0514workout,haoyu0512workout,haoyu0512workout,one_arm_db_row,2,6,8.0,5.817939670515638,,,,8,6,7-8,5-6
M1_exercise_plus_rep_progress,ridge,1,tsenyu0515workout|yanz0510workout|yoru0511workout|yushuan0513workout|ziho0512workout,hsianshun0514workout,haoyu0512workout,haoyu0512workout,one_arm_db_row,2,7,8.0,6.153821553069934,,,,8,6,7-8,5-6
M1_exercise_plus_rep_progress,ridge,1,tsenyu0515workout|yanz0510workout|yoru0511workout|yushuan0513workout|ziho0512workout,hsianshun0514workout,haoyu0512workout,haoyu0512workout,one_arm_db_row,2,8,9.0,6.489703435624229,,,,9,6,9-10,5-6
M1_exercise_plus_rep_progress,ridge,1,tsenyu0515workout|yanz0510workout|yoru0511workout|yushuan0513workout|ziho0512workout,hsianshun0514workout,haoyu0512workout,haoyu0512workout,one_arm_db_row,2,9,9.0,6.825585318178524,,,,9,7,9-10,7-8
M1_exercise_plus_rep_progress,ridge,1,tsenyu0515workout|yanz0510workout|yoru0511workout|yushuan0513workout|ziho0512workout,hsianshun0514workout,haoyu0512workout,haoyu0512workout,one_arm_db_row,2,10,9.0,7.16146720073282,,,,9,7,9-10,7-8
M1_exercise_plus_rep_progress,ridge,1,tsenyu0515workout|yanz0510workout|yoru0511workout|yushuan0513workout|ziho0512workout,hsianshun0514workout,haoyu0512workout,haoyu0512workout,one_arm_db_row,2,11,9.0,7.497349083287115,,,,9,7,9-10,7-8
M1_exercise_plus_rep_progress,ridge,2,haoyu0512workout|yanz0510workout|yoru0511workout|yushuan0513workout|ziho0512workout,tsenyu0515workout,hsianshun0514workout,hsianshun0514workout,db_bench_press,0,0,1.0,3.7770744124715705,,,,1,4,1-2,3-4
M1_exercise_plus_rep_progress,ridge,2,haoyu0512workout|yanz0510workout|yoru0511workout|yushuan0513workout|ziho0512workout,tsenyu0515workout,hsianshun0514workout,hsianshun0514workout,db_bench_press,0,1,1.0,4.129032854932895,,,,1,4,1-2,3-4
M1_exercise_plus_rep_progress,ridge,2,haoyu0512workout|yanz0510workout|yoru0511workout|yushuan0513workout|ziho0512workout,tsenyu0515workout,hsianshun0514workout,hsianshun0514workout,db_bench_press,0,2,1.0,4.480991297394219,,,,1,4,1-2,3-4
M1_exercise_plus_rep_progress,ridge,2,haoyu0512workout|yanz0510workout|yoru0511workout|yushuan0513workout|ziho0512workout,tsenyu0515workout,hsianshun0514workout,hsianshun0514workout,db_bench_press,0,3,2.0,4.832949739855542,,,,2,5,1-2,5-6
M1_exercise_plus_rep_progress,ridge,2,haoyu0512workout|yanz0510workout|yoru0511workout|yushuan0513workout|ziho0512workout,tsenyu0515workout,hsianshun0514workout,hsianshun0514workout,db_bench_press,0,4,3.0,5.184908182316867,,,,3,5,3-4,5-6
M1_exercise_plus_rep_progress,ridge,2,haoyu0512workout|yanz0510workout|yoru0511workout|yushuan0513workout|ziho0512workout,tsenyu0515workout,hsianshun0514workout,hsianshun0514workout,db_bench_press,0,5,3.0,5.53686662477819,,,,3,6,3-4,5-6
M1_exercise_plus_rep_progress,ridge,2,haoyu0512workout|yanz0510workout|yoru0511workout|yushuan0513workout|ziho0512workout,tsenyu0515workout,hsianshun0514workout,hsianshun0514workout,db_bench_press,0,6,4.0,5.888825067239514,,,,4,6,3-4,5-6
M1_exercise_plus_rep_progress,ridge,2,haoyu0512workout|yanz0510workout|yoru0511workout|yushuan0513workout|ziho0512workout,tsenyu0515workout,hsianshun0514workout,hsianshun0514workout,db_bench_press,0,7,4.0,6.240783509700838,,,,4,6,3-4,5-6
M1_exercise_plus_rep_progress,ridge,2,haoyu0512workout|yanz0510workout|yoru0511workout|yushuan0513workout|ziho0512workout,tsenyu0515workout,hsianshun0514workout,hsianshun0514workout,db_bench_press,0,8,4.0,6.592741952162163,,,,4,7,3-4,7-8
M1_exercise_plus_rep_progress,ridge,2,haoyu0512workout|yanz0510workout|yoru0511workout|yushuan0513workout|ziho0512workout,tsenyu0515workout,hsianshun0514workout,hsianshun0514workout,db_bench_press,0,9,4.0,6.944700394623487,,,,4,7,3-4,7-8
M1_exercise_plus_rep_progress,ridge,2,haoyu0512workout|yanz0510workout|yoru0511workout|yushuan0513workout|ziho0512workout,tsenyu0515workout,hsianshun0514workout,hsianshun0514workout,db_bench_press,0,10,4.0,7.296658837084811,,,,4,7,3-4,7-8
M1_exercise_plus_rep_progress,ridge,2,haoyu0512workout|yanz0510workout|yoru0511workout|yushuan0513workout|ziho0512workout,tsenyu0515workout,hsianshun0514workout,hsianshun0514workout,db_bench_press,0,11,4.0,7.6486172795461345,,,,4,8,3-4,7-8
M1_exercise_plus_rep_progress,ridge,2,haoyu0512workout|yanz0510workout|yoru0511workout|yushuan0513workout|ziho0512workout,tsenyu0515workout,hsianshun0514workout,hsianshun0514workout,db_bench_press,1,0,3.0,3.7770744124715705,,,,3,4,3-4,3-4
M1_exercise_plus_rep_progress,ridge,2,haoyu0512workout|yanz0510workout|yoru0511workout|yushuan0513workout|ziho0512workout,tsenyu0515workout,hsianshun0514workout,hsianshun0514workout,db_bench_press,1,1,3.0,4.129032854932895,,,,3,4,3-4,3-4
M1_exercise_plus_rep_progress,ridge,2,haoyu0512workout|yanz0510workout|yoru0511workout|yushuan0513workout|ziho0512workout,tsenyu0515workout,hsianshun0514workout,hsianshun0514workout,db_bench_press,1,2,3.0,4.480991297394219,,,,3,4,3-4,3-4
M1_exercise_plus_rep_progress,ridge,2,haoyu0512workout|yanz0510workout|yoru0511workout|yushuan0513workout|ziho0512workout,tsenyu0515workout,hsianshun0514workout,hsianshun0514workout,db_bench_press,1,3,3.0,4.832949739855542,,,,3,5,3-4,5-6
M1_exercise_plus_rep_progress,ridge,2,haoyu0512workout|yanz0510workout|yoru0511workout|yushuan0513workout|ziho0512workout,tsenyu0515workout,hsianshun0514workout,hsianshun0514workout,db_bench_press,1,4,3.0,5.184908182316867,,,,3,5,3-4,5-6
M1_exercise_plus_rep_progress,ridge,2,haoyu0512workout|yanz0510workout|yoru0511workout|yushuan0513workout|ziho0512workout,tsenyu0515workout,hsianshun0514workout,hsianshun0514workout,db_bench_press,1,5,3.0,5.53686662477819,,,,3,6,3-4,5-6
M1_exercise_plus_rep_progress,ridge,2,haoyu0512workout|yanz0510workout|yoru0511workout|yushuan0513workout|ziho0512workout,tsenyu0515workout,hsianshun0514workout,hsianshun0514workout,db_bench_press,1,6,3.0,5.888825067239514,,,,3,6,3-4,5-6
M1_exercise_plus_rep_progress,ridge,2,haoyu0512workout|yanz0510workout|yoru0511workout|yushuan0513workout|ziho0512workout,tsenyu0515workout,hsianshun0514workout,hsianshun0514workout,db_bench_press,1,7,3.0,6.240783509700838,,,,3,6,3-4,5-6
M1_exercise_plus_rep_progress,ridge,2,haoyu0512workout|yanz0510workout|yoru0511workout|yushuan0513workout|ziho0512workout,tsenyu0515workout,hsianshun0514workout,hsianshun0514workout,db_bench_press,1,8,4.0,6.592741952162163,,,,4,7,3-4,7-8
M1_exercise_plus_rep_progress,ridge,2,haoyu0512workout|yanz0510workout|yoru0511workout|yushuan0513workout|ziho0512workout,tsenyu0515workout,hsianshun0514workout,hsianshun0514workout,db_bench_press,1,9,5.0,6.944700394623487,,,,5,7,5-6,7-8
M1_exercise_plus_rep_progress,ridge,2,haoyu0512workout|yanz0510workout|yoru0511workout|yushuan0513workout|ziho0512workout,tsenyu0515workout,hsianshun0514workout,hsianshun0514workout,db_bench_press,1,10,5.0,7.296658837084811,,,,5,7,5-6,7-8
M1_exercise_plus_rep_progress,ridge,2,haoyu0512workout|yanz0510workout|yoru0511workout|yushuan0513workout|ziho0512workout,tsenyu0515workout,hsianshun0514workout,hsianshun0514workout,db_bench_press,1,11,6.0,7.6486172795461345,,,,6,8,5-6,7-8
M1_exercise_plus_rep_progress,ridge,2,haoyu0512workout|yanz0510workout|yoru0511workout|yushuan0513workout|ziho0512workout,tsenyu0515workout,hsianshun0514workout,hsianshun0514workout,db_bench_press,2,0,5.0,3.7770744124715705,,,,5,4,5-6,3-4
M1_exercise_plus_rep_progress,ridge,2,haoyu0512workout|yanz0510workout|yoru0511workout|yushuan0513workout|ziho0512workout,tsenyu0515workout,hsianshun0514workout,hsianshun0514workout,db_bench_press,2,1,5.0,4.129032854932895,,,,5,4,5-6,3-4
M1_exercise_plus_rep_progress,ridge,2,haoyu0512workout|yanz0510workout|yoru0511workout|yushuan0513workout|ziho0512workout,tsenyu0515workout,hsianshun0514workout,hsianshun0514workout,db_bench_press,2,2,5.0,4.480991297394219,,,,5,4,5-6,3-4
M1_exercise_plus_rep_progress,ridge,2,haoyu0512workout|yanz0510workout|yoru0511workout|yushuan0513workout|ziho0512workout,tsenyu0515workout,hsianshun0514workout,hsianshun0514workout,db_bench_press,2,3,5.0,4.832949739855542,,,,5,5,5-6,5-6
M1_exercise_plus_rep_progress,ridge,2,haoyu0512workout|yanz0510workout|yoru0511workout|yushuan0513workout|ziho0512workout,tsenyu0515workout,hsianshun0514workout,hsianshun0514workout,db_bench_press,2,4,5.0,5.184908182316867,,,,5,5,5-6,5-6
M1_exercise_plus_rep_progress,ridge,2,haoyu0512workout|yanz0510workout|yoru0511workout|yushuan0513workout|ziho0512workout,tsenyu0515workout,hsianshun0514workout,hsianshun0514workout,db_bench_press,2,5,5.0,5.53686662477819,,,,5,6,5-6,5-6
M1_exercise_plus_rep_progress,ridge,2,haoyu0512workout|yanz0510workout|yoru0511workout|yushuan0513workout|ziho0512workout,tsenyu0515workout,hsianshun0514workout,hsianshun0514workout,db_bench_press,2,6,5.0,5.888825067239514,,,,5,6,5-6,5-6
M1_exercise_plus_rep_progress,ridge,2,haoyu0512workout|yanz0510workout|yoru0511workout|yushuan0513workout|ziho0512workout,tsenyu0515workout,hsianshun0514workout,hsianshun0514workout,db_bench_press,2,7,6.0,6.240783509700838,,,,6,6,5-6,5-6
M1_exercise_plus_rep_progress,ridge,2,haoyu0512workout|yanz0510workout|yoru0511workout|yushuan0513workout|ziho0512workout,tsenyu0515workout,hsianshun0514workout,hsianshun0514workout,db_bench_press,2,8,6.0,6.592741952162163,,,,6,7,5-6,7-8
M1_exercise_plus_rep_progress,ridge,2,haoyu0512workout|yanz0510workout|yoru0511workout|yushuan0513workout|ziho0512workout,tsenyu0515workout,hsianshun0514workout,hsianshun0514workout,db_bench_press,2,9,6.0,6.944700394623487,,,,6,7,5-6,7-8
M1_exercise_plus_rep_progress,ridge,2,haoyu0512workout|yanz0510workout|yoru0511workout|yushuan0513workout|ziho0512workout,tsenyu0515workout,hsianshun0514workout,hsianshun0514workout,db_bench_press,2,10,7.0,7.296658837084811,,,,7,7,7-8,7-8
M1_exercise_plus_rep_progress,ridge,2,haoyu0512workout|yanz0510workout|yoru0511workout|yushuan0513workout|ziho0512workout,tsenyu0515workout,hsianshun0514workout,hsianshun0514workout,db_bench_press,2,11,7.0,7.6486172795461345,,,,7,8,7-8,7-8
M1_exercise_plus_rep_progress,ridge,2,haoyu0512workout|yanz0510workout|yoru0511workout|yushuan0513workout|ziho0512workout,tsenyu0515workout,hsianshun0514workout,hsianshun0514workout,db_biceps_curl,0,0,1.0,4.317915382373003,,,,1,4,1-2,3-4
M1_exercise_plus_rep_progress,ridge,2,haoyu0512workout|yanz0510workout|yoru0511workout|yushuan0513workout|ziho0512workout,tsenyu0515workout,hsianshun0514workout,hsianshun0514workout,db_biceps_curl,0,1,1.0,4.7050696690804585,,,,1,5,1-2,5-6
M1_exercise_plus_rep_progress,ridge,2,haoyu0512workout|yanz0510workout|yoru0511workout|yushuan0513workout|ziho0512workout,tsenyu0515workout,hsianshun0514workout,hsianshun0514workout,db_biceps_curl,0,2,3.0,5.092223955787915,,,,3,5,3-4,5-6
M1_exercise_plus_rep_progress,ridge,2,haoyu0512workout|yanz0510workout|yoru0511workout|yushuan0513workout|ziho0512workout,tsenyu0515workout,hsianshun0514workout,hsianshun0514workout,db_biceps_curl,0,3,3.0,5.479378242495372,,,,3,5,3-4,5-6
M1_exercise_plus_rep_progress,ridge,2,haoyu0512workout|yanz0510workout|yoru0511workout|yushuan0513workout|ziho0512workout,tsenyu0515workout,hsianshun0514workout,hsianshun0514workout,db_biceps_curl,0,4,4.0,5.866532529202828,,,,4,6,3-4,5-6
M1_exercise_plus_rep_progress,ridge,2,haoyu0512workout|yanz0510workout|yoru0511workout|yushuan0513workout|ziho0512workout,tsenyu0515workout,hsianshun0514workout,hsianshun0514workout,db_biceps_curl,0,5,5.0,6.253686815910284,,,,5,6,5-6,5-6
M1_exercise_plus_rep_progress,ridge,2,haoyu0512workout|yanz0510workout|yoru0511workout|yushuan0513workout|ziho0512workout,tsenyu0515workout,hsianshun0514workout,hsianshun0514workout,db_biceps_curl,0,6,6.0,6.64084110261774,,,,6,7,5-6,7-8
M1_exercise_plus_rep_progress,ridge,2,haoyu0512workout|yanz0510workout|yoru0511workout|yushuan0513workout|ziho0512workout,tsenyu0515workout,hsianshun0514workout,hsianshun0514workout,db_biceps_curl,0,7,7.0,7.027995389325197,,,,7,7,7-8,7-8
M1_exercise_plus_rep_progress,ridge,2,haoyu0512workout|yanz0510workout|yoru0511workout|yushuan0513workout|ziho0512workout,tsenyu0515workout,hsianshun0514workout,hsianshun0514workout,db_biceps_curl,0,8,8.0,7.415149676032653,,,,8,7,7-8,7-8
M1_exercise_plus_rep_progress,ridge,2,haoyu0512workout|yanz0510workout|yoru0511workout|yushuan0513workout|ziho0512workout,tsenyu0515workout,hsianshun0514workout,hsianshun0514workout,db_biceps_curl,0,9,9.0,7.80230396274011,,,,9,8,9-10,7-8
M1_exercise_plus_rep_progress,ridge,2,haoyu0512workout|yanz0510workout|yoru0511workout|yushuan0513workout|ziho0512workout,tsenyu0515workout,hsianshun0514workout,hsianshun0514workout,db_biceps_curl,0,10,9.0,8.189458249447567,,,,9,8,9-10,7-8
M1_exercise_plus_rep_progress,ridge,2,haoyu0512workout|yanz0510workout|yoru0511workout|yushuan0513workout|ziho0512workout,tsenyu0515workout,hsianshun0514workout,hsianshun0514workout,db_biceps_curl,1,0,5.0,4.317915382373003,,,,5,4,5-6,3-4
M1_exercise_plus_rep_progress,ridge,2,haoyu0512workout|yanz0510workout|yoru0511workout|yushuan0513workout|ziho0512workout,tsenyu0515workout,hsianshun0514workout,hsianshun0514workout,db_biceps_curl,1,1,5.0,4.96317252688543,,,,5,5,5-6,5-6
M1_exercise_plus_rep_progress,ridge,2,haoyu0512workout|yanz0510workout|yoru0511workout|yushuan0513workout|ziho0512workout,tsenyu0515workout,hsianshun0514workout,hsianshun0514workout,db_biceps_curl,1,2,5.0,5.6084296713978565,,,,5,6,5-6,5-6
M1_exercise_plus_rep_progress,ridge,2,haoyu0512workout|yanz0510workout|yoru0511workout|yushuan0513workout|ziho0512workout,tsenyu0515workout,hsianshun0514workout,hsianshun0514workout,db_biceps_curl,1,3,6.0,6.253686815910284,,,,6,6,5-6,5-6
M1_exercise_plus_rep_progress,ridge,2,haoyu0512workout|yanz0510workout|yoru0511workout|yushuan0513workout|ziho0512workout,tsenyu0515workout,hsianshun0514workout,hsianshun0514workout,db_biceps_curl,1,4,7.0,6.898943960422711,,,,7,7,7-8,7-8
M1_exercise_plus_rep_progress,ridge,2,haoyu0512workout|yanz0510workout|yoru0511workout|yushuan0513workout|ziho0512workout,tsenyu0515workout,hsianshun0514workout,hsianshun0514workout,db_biceps_curl,1,5,8.0,7.544201104935139,,,,8,8,7-8,7-8
M1_exercise_plus_rep_progress,ridge,2,haoyu0512workout|yanz0510workout|yoru0511workout|yushuan0513workout|ziho0512workout,tsenyu0515workout,hsianshun0514workout,hsianshun0514workout,db_biceps_curl,1,6,10.0,8.189458249447567,,,,10,8,9-10,7-8
M1_exercise_plus_rep_progress,ridge,2,haoyu0512workout|yanz0510workout|yoru0511workout|yushuan0513workout|ziho0512workout,tsenyu0515workout,hsianshun0514workout,hsianshun0514workout,db_biceps_curl,2,0,5.0,4.317915382373003,,,,5,4,5-6,3-4
M1_exercise_plus_rep_progress,ridge,2,haoyu0512workout|yanz0510workout|yoru0511workout|yushuan0513workout|ziho0512workout,tsenyu0515workout,hsianshun0514workout,hsianshun0514workout,db_biceps_curl,2,1,5.0,4.7050696690804585,,,,5,5,5-6,5-6
M1_exercise_plus_rep_progress,ridge,2,haoyu0512workout|yanz0510workout|yoru0511workout|yushuan0513workout|ziho0512workout,tsenyu0515workout,hsianshun0514workout,hsianshun0514workout,db_biceps_curl,2,2,5.0,5.092223955787915,,,,5,5,5-6,5-6
M1_exercise_plus_rep_progress,ridge,2,haoyu0512workout|yanz0510workout|yoru0511workout|yushuan0513workout|ziho0512workout,tsenyu0515workout,hsianshun0514workout,hsianshun0514workout,db_biceps_curl,2,3,6.0,5.479378242495372,,,,6,5,5-6,5-6
M1_exercise_plus_rep_progress,ridge,2,haoyu0512workout|yanz0510workout|yoru0511workout|yushuan0513workout|ziho0512workout,tsenyu0515workout,hsianshun0514workout,hsianshun0514workout,db_biceps_curl,2,4,7.0,5.866532529202828,,,,7,6,7-8,5-6
M1_exercise_plus_rep_progress,ridge,2,haoyu0512workout|yanz0510workout|yoru0511workout|yushuan0513workout|ziho0512workout,tsenyu0515workout,hsianshun0514workout,hsianshun0514workout,db_biceps_curl,2,5,7.0,6.253686815910284,,,,7,6,7-8,5-6
M1_exercise_plus_rep_progress,ridge,2,haoyu0512workout|yanz0510workout|yoru0511workout|yushuan0513workout|ziho0512workout,tsenyu0515workout,hsianshun0514workout,hsianshun0514workout,db_biceps_curl,2,6,7.0,6.64084110261774,,,,7,7,7-8,7-8
M1_exercise_plus_rep_progress,ridge,2,haoyu0512workout|yanz0510workout|yoru0511workout|yushuan0513workout|ziho0512workout,tsenyu0515workout,hsianshun0514workout,hsianshun0514workout,db_biceps_curl,2,7,8.0,7.027995389325197,,,,8,7,7-8,7-8
M1_exercise_plus_rep_progress,ridge,2,haoyu0512workout|yanz0510workout|yoru0511workout|yushuan0513workout|ziho0512workout,tsenyu0515workout,hsianshun0514workout,hsianshun0514workout,db_biceps_curl,2,8,9.0,7.415149676032653,,,,9,7,9-10,7-8
M1_exercise_plus_rep_progress,ridge,2,haoyu0512workout|yanz0510workout|yoru0511workout|yushuan0513workout|ziho0512workout,tsenyu0515workout,hsianshun0514workout,hsianshun0514workout,db_biceps_curl,2,9,9.0,7.80230396274011,,,,9,8,9-10,7-8
M1_exercise_plus_rep_progress,ridge,2,haoyu0512workout|yanz0510workout|yoru0511workout|yushuan0513workout|ziho0512workout,tsenyu0515workout,hsianshun0514workout,hsianshun0514workout,db_biceps_curl,2,10,10.0,8.189458249447567,,,,10,8,9-10,7-8
M1_exercise_plus_rep_progress,ridge,2,haoyu0512workout|yanz0510workout|yoru0511workout|yushuan0513workout|ziho0512workout,tsenyu0515workout,hsianshun0514workout,hsianshun0514workout,db_rdl,0,0,1.0,3.672221121107632,,,,1,4,1-2,3-4
M1_exercise_plus_rep_progress,ridge,2,haoyu0512workout|yanz0510workout|yoru0511workout|yushuan0513workout|ziho0512workout,tsenyu0515workout,hsianshun0514workout,hsianshun0514workout,db_rdl,0,1,1.0,4.024179563568955,,,,1,4,1-2,3-4
M1_exercise_plus_rep_progress,ridge,2,haoyu0512workout|yanz0510workout|yoru0511workout|yushuan0513workout|ziho0512workout,tsenyu0515workout,hsianshun0514workout,hsianshun0514workout,db_rdl,0,2,2.0,4.3761380060302795,,,,2,4,1-2,3-4
M1_exercise_plus_rep_progress,ridge,2,haoyu0512workout|yanz0510workout|yoru0511workout|yushuan0513workout|ziho0512workout,tsenyu0515workout,hsianshun0514workout,hsianshun0514workout,db_rdl,0,3,2.0,4.728096448491604,,,,2,5,1-2,5-6
M1_exercise_plus_rep_progress,ridge,2,haoyu0512workout|yanz0510workout|yoru0511workout|yushuan0513workout|ziho0512workout,tsenyu0515workout,hsianshun0514workout,hsianshun0514workout,db_rdl,0,4,2.0,5.080054890952927,,,,2,5,1-2,5-6
M1_exercise_plus_rep_progress,ridge,2,haoyu0512workout|yanz0510workout|yoru0511workout|yushuan0513workout|ziho0512workout,tsenyu0515workout,hsianshun0514workout,hsianshun0514workout,db_rdl,0,5,2.0,5.432013333414251,,,,2,5,1-2,5-6
M1_exercise_plus_rep_progress,ridge,2,haoyu0512workout|yanz0510workout|yoru0511workout|yushuan0513workout|ziho0512workout,tsenyu0515workout,hsianshun0514workout,hsianshun0514workout,db_rdl,0,6,2.0,5.7839717758755755,,,,2,6,1-2,5-6
M1_exercise_plus_rep_progress,ridge,2,haoyu0512workout|yanz0510workout|yoru0511workout|yushuan0513workout|ziho0512workout,tsenyu0515workout,hsianshun0514workout,hsianshun0514workout,db_rdl,0,7,3.0,6.135930218336899,,,,3,6,3-4,5-6
M1_exercise_plus_rep_progress,ridge,2,haoyu0512workout|yanz0510workout|yoru0511workout|yushuan0513workout|ziho0512workout,tsenyu0515workout,hsianshun0514workout,hsianshun0514workout,db_rdl,0,8,3.0,6.487888660798223,,,,3,6,3-4,5-6
M1_exercise_plus_rep_progress,ridge,2,haoyu0512workout|yanz0510workout|yoru0511workout|yushuan0513workout|ziho0512workout,tsenyu0515workout,hsianshun0514workout,hsianshun0514workout,db_rdl,0,9,3.0,6.839847103259547,,,,3,7,3-4,7-8
M1_exercise_plus_rep_progress,ridge,2,haoyu0512workout|yanz0510workout|yoru0511workout|yushuan0513workout|ziho0512workout,tsenyu0515workout,hsianshun0514workout,hsianshun0514workout,db_rdl,0,10,3.0,7.191805545720872,,,,3,7,3-4,7-8
M1_exercise_plus_rep_progress,ridge,2,haoyu0512workout|yanz0510workout|yoru0511workout|yushuan0513workout|ziho0512workout,tsenyu0515workout,hsianshun0514workout,hsianshun0514workout,db_rdl,0,11,4.0,7.543763988182195,,,,4,8,3-4,7-8
M1_exercise_plus_rep_progress,ridge,2,haoyu0512workout|yanz0510workout|yoru0511workout|yushuan0513workout|ziho0512workout,tsenyu0515workout,hsianshun0514workout,hsianshun0514workout,db_rdl,1,0,3.0,3.672221121107632,,,,3,4,3-4,3-4
M1_exercise_plus_rep_progress,ridge,2,haoyu0512workout|yanz0510workout|yoru0511workout|yushuan0513workout|ziho0512workout,tsenyu0515workout,hsianshun0514workout,hsianshun0514workout,db_rdl,1,1,3.0,4.024179563568955,,,,3,4,3-4,3-4
M1_exercise_plus_rep_progress,ridge,2,haoyu0512workout|yanz0510workout|yoru0511workout|yushuan0513workout|ziho0512workout,tsenyu0515workout,hsianshun0514workout,hsianshun0514workout,db_rdl,1,2,3.0,4.3761380060302795,,,,3,4,3-4,3-4
M1_exercise_plus_rep_progress,ridge,2,haoyu0512workout|yanz0510workout|yoru0511workout|yushuan0513workout|ziho0512workout,tsenyu0515workout,hsianshun0514workout,hsianshun0514workout,db_rdl,1,3,3.0,4.728096448491604,,,,3,5,3-4,5-6
M1_exercise_plus_rep_progress,ridge,2,haoyu0512workout|yanz0510workout|yoru0511workout|yushuan0513workout|ziho0512workout,tsenyu0515workout,hsianshun0514workout,hsianshun0514workout,db_rdl,1,4,3.0,5.080054890952927,,,,3,5,3-4,5-6
M1_exercise_plus_rep_progress,ridge,2,haoyu0512workout|yanz0510workout|yoru0511workout|yushuan0513workout|ziho0512workout,tsenyu0515workout,hsianshun0514workout,hsianshun0514workout,db_rdl,1,5,4.0,5.432013333414251,,,,4,5,3-4,5-6
M1_exercise_plus_rep_progress,ridge,2,haoyu0512workout|yanz0510workout|yoru0511workout|yushuan0513workout|ziho0512workout,tsenyu0515workout,hsianshun0514workout,hsianshun0514workout,db_rdl,1,6,4.0,5.7839717758755755,,,,4,6,3-4,5-6
M1_exercise_plus_rep_progress,ridge,2,haoyu0512workout|yanz0510workout|yoru0511workout|yushuan0513workout|ziho0512workout,tsenyu0515workout,hsianshun0514workout,hsianshun0514workout,db_rdl,1,7,5.0,6.135930218336899,,,,5,6,5-6,5-6
M1_exercise_plus_rep_progress,ridge,2,haoyu0512workout|yanz0510workout|yoru0511workout|yushuan0513workout|ziho0512workout,tsenyu0515workout,hsianshun0514workout,hsianshun0514workout,db_rdl,1,8,5.0,6.487888660798223,,,,5,6,5-6,5-6
M1_exercise_plus_rep_progress,ridge,2,haoyu0512workout|yanz0510workout|yoru0511workout|yushuan0513workout|ziho0512workout,tsenyu0515workout,hsianshun0514workout,hsianshun0514workout,db_rdl,1,9,5.0,6.839847103259547,,,,5,7,5-6,7-8
M1_exercise_plus_rep_progress,ridge,2,haoyu0512workout|yanz0510workout|yoru0511workout|yushuan0513workout|ziho0512workout,tsenyu0515workout,hsianshun0514workout,hsianshun0514workout,db_rdl,1,10,6.0,7.191805545720872,,,,6,7,5-6,7-8
M1_exercise_plus_rep_progress,ridge,2,haoyu0512workout|yanz0510workout|yoru0511workout|yushuan0513workout|ziho0512workout,tsenyu0515workout,hsianshun0514workout,hsianshun0514workout,db_rdl,1,11,6.0,7.543763988182195,,,,6,8,5-6,7-8
M1_exercise_plus_rep_progress,ridge,2,haoyu0512workout|yanz0510workout|yoru0511workout|yushuan0513workout|ziho0512workout,tsenyu0515workout,hsianshun0514workout,hsianshun0514workout,db_rdl,2,0,5.0,3.672221121107632,,,,5,4,5-6,3-4
M1_exercise_plus_rep_progress,ridge,2,haoyu0512workout|yanz0510workout|yoru0511workout|yushuan0513workout|ziho0512workout,tsenyu0515workout,hsianshun0514workout,hsianshun0514workout,db_rdl,2,1,5.0,4.024179563568955,,,,5,4,5-6,3-4
M1_exercise_plus_rep_progress,ridge,2,haoyu0512workout|yanz0510workout|yoru0511workout|yushuan0513workout|ziho0512workout,tsenyu0515workout,hsianshun0514workout,hsianshun0514workout,db_rdl,2,2,5.0,4.3761380060302795,,,,5,4,5-6,3-4
M1_exercise_plus_rep_progress,ridge,2,haoyu0512workout|yanz0510workout|yoru0511workout|yushuan0513workout|ziho0512workout,tsenyu0515workout,hsianshun0514workout,hsianshun0514workout,db_rdl,2,3,6.0,4.728096448491604,,,,6,5,5-6,5-6
M1_exercise_plus_rep_progress,ridge,2,haoyu0512workout|yanz0510workout|yoru0511workout|yushuan0513workout|ziho0512workout,tsenyu0515workout,hsianshun0514workout,hsianshun0514workout,db_rdl,2,4,6.0,5.080054890952927,,,,6,5,5-6,5-6
M1_exercise_plus_rep_progress,ridge,2,haoyu0512workout|yanz0510workout|yoru0511workout|yushuan0513workout|ziho0512workout,tsenyu0515workout,hsianshun0514workout,hsianshun0514workout,db_rdl,2,5,6.0,5.432013333414251,,,,6,5,5-6,5-6
M1_exercise_plus_rep_progress,ridge,2,haoyu0512workout|yanz0510workout|yoru0511workout|yushuan0513workout|ziho0512workout,tsenyu0515workout,hsianshun0514workout,hsianshun0514workout,db_rdl,2,6,7.0,5.7839717758755755,,,,7,6,7-8,5-6
M1_exercise_plus_rep_progress,ridge,2,haoyu0512workout|yanz0510workout|yoru0511workout|yushuan0513workout|ziho0512workout,tsenyu0515workout,hsianshun0514workout,hsianshun0514workout,db_rdl,2,7,7.0,6.135930218336899,,,,7,6,7-8,5-6
M1_exercise_plus_rep_progress,ridge,2,haoyu0512workout|yanz0510workout|yoru0511workout|yushuan0513workout|ziho0512workout,tsenyu0515workout,hsianshun0514workout,hsianshun0514workout,db_rdl,2,8,7.0,6.487888660798223,,,,7,6,7-8,5-6
M1_exercise_plus_rep_progress,ridge,2,haoyu0512workout|yanz0510workout|yoru0511workout|yushuan0513workout|ziho0512workout,tsenyu0515workout,hsianshun0514workout,hsianshun0514workout,db_rdl,2,9,7.0,6.839847103259547,,,,7,7,7-8,7-8
M1_exercise_plus_rep_progress,ridge,2,haoyu0512workout|yanz0510workout|yoru0511workout|yushuan0513workout|ziho0512workout,tsenyu0515workout,hsianshun0514workout,hsianshun0514workout,db_rdl,2,10,7.0,7.191805545720872,,,,7,7,7-8,7-8
M1_exercise_plus_rep_progress,ridge,2,haoyu0512workout|yanz0510workout|yoru0511workout|yushuan0513workout|ziho0512workout,tsenyu0515workout,hsianshun0514workout,hsianshun0514workout,db_rdl,2,11,8.0,7.543763988182195,,,,8,8,7-8,7-8
M1_exercise_plus_rep_progress,ridge,2,haoyu0512workout|yanz0510workout|yoru0511workout|yushuan0513workout|ziho0512workout,tsenyu0515workout,hsianshun0514workout,hsianshun0514workout,db_shoulder_press,1,0,1.0,4.111203058506174,,,,1,4,1-2,3-4
M1_exercise_plus_rep_progress,ridge,2,haoyu0512workout|yanz0510workout|yoru0511workout|yushuan0513workout|ziho0512workout,tsenyu0515workout,hsianshun0514workout,hsianshun0514workout,db_shoulder_press,1,1,1.0,4.463161500967498,,,,1,4,1-2,3-4
M1_exercise_plus_rep_progress,ridge,2,haoyu0512workout|yanz0510workout|yoru0511workout|yushuan0513workout|ziho0512workout,tsenyu0515workout,hsianshun0514workout,hsianshun0514workout,db_shoulder_press,1,2,2.0,4.815119943428821,,,,2,5,1-2,5-6
M1_exercise_plus_rep_progress,ridge,2,haoyu0512workout|yanz0510workout|yoru0511workout|yushuan0513workout|ziho0512workout,tsenyu0515workout,hsianshun0514workout,hsianshun0514workout,db_shoulder_press,1,3,3.0,5.167078385890146,,,,3,5,3-4,5-6
M1_exercise_plus_rep_progress,ridge,2,haoyu0512workout|yanz0510workout|yoru0511workout|yushuan0513workout|ziho0512workout,tsenyu0515workout,hsianshun0514workout,hsianshun0514workout,db_shoulder_press,1,4,5.0,5.519036828351469,,,,5,6,5-6,5-6
M1_exercise_plus_rep_progress,ridge,2,haoyu0512workout|yanz0510workout|yoru0511workout|yushuan0513workout|ziho0512workout,tsenyu0515workout,hsianshun0514workout,hsianshun0514workout,db_shoulder_press,1,5,5.0,5.870995270812793,,,,5,6,5-6,5-6
M1_exercise_plus_rep_progress,ridge,2,haoyu0512workout|yanz0510workout|yoru0511workout|yushuan0513workout|ziho0512workout,tsenyu0515workout,hsianshun0514workout,hsianshun0514workout,db_shoulder_press,1,6,5.0,6.2229537132741175,,,,5,6,5-6,5-6
M1_exercise_plus_rep_progress,ridge,2,haoyu0512workout|yanz0510workout|yoru0511workout|yushuan0513workout|ziho0512workout,tsenyu0515workout,hsianshun0514workout,hsianshun0514workout,db_shoulder_press,1,7,7.0,6.574912155735442,,,,7,7,7-8,7-8
M1_exercise_plus_rep_progress,ridge,2,haoyu0512workout|yanz0510workout|yoru0511workout|yushuan0513workout|ziho0512workout,tsenyu0515workout,hsianshun0514workout,hsianshun0514workout,db_shoulder_press,1,8,8.0,6.926870598196766,,,,8,7,7-8,7-8
M1_exercise_plus_rep_progress,ridge,2,haoyu0512workout|yanz0510workout|yoru0511workout|yushuan0513workout|ziho0512workout,tsenyu0515workout,hsianshun0514workout,hsianshun0514workout,db_shoulder_press,1,9,8.0,7.278829040658089,,,,8,7,7-8,7-8
M1_exercise_plus_rep_progress,ridge,2,haoyu0512workout|yanz0510workout|yoru0511workout|yushuan0513workout|ziho0512workout,tsenyu0515workout,hsianshun0514workout,hsianshun0514workout,db_shoulder_press,1,10,9.0,7.630787483119414,,,,9,8,9-10,7-8
M1_exercise_plus_rep_progress,ridge,2,haoyu0512workout|yanz0510workout|yoru0511workout|yushuan0513workout|ziho0512workout,tsenyu0515workout,hsianshun0514workout,hsianshun0514workout,db_shoulder_press,1,11,9.0,7.982745925580737,,,,9,8,9-10,7-8
M1_exercise_plus_rep_progress,ridge,2,haoyu0512workout|yanz0510workout|yoru0511workout|yushuan0513workout|ziho0512workout,tsenyu0515workout,hsianshun0514workout,hsianshun0514workout,db_shoulder_press,2,0,6.0,4.111203058506174,,,,6,4,5-6,3-4
M1_exercise_plus_rep_progress,ridge,2,haoyu0512workout|yanz0510workout|yoru0511workout|yushuan0513workout|ziho0512workout,tsenyu0515workout,hsianshun0514workout,hsianshun0514workout,db_shoulder_press,2,1,6.0,4.463161500967498,,,,6,4,5-6,3-4
M1_exercise_plus_rep_progress,ridge,2,haoyu0512workout|yanz0510workout|yoru0511workout|yushuan0513workout|ziho0512workout,tsenyu0515workout,hsianshun0514workout,hsianshun0514workout,db_shoulder_press,2,2,7.0,4.815119943428821,,,,7,5,7-8,5-6
M1_exercise_plus_rep_progress,ridge,2,haoyu0512workout|yanz0510workout|yoru0511workout|yushuan0513workout|ziho0512workout,tsenyu0515workout,hsianshun0514workout,hsianshun0514workout,db_shoulder_press,2,3,7.0,5.167078385890146,,,,7,5,7-8,5-6
M1_exercise_plus_rep_progress,ridge,2,haoyu0512workout|yanz0510workout|yoru0511workout|yushuan0513workout|ziho0512workout,tsenyu0515workout,hsianshun0514workout,hsianshun0514workout,db_shoulder_press,2,4,7.0,5.519036828351469,,,,7,6,7-8,5-6
M1_exercise_plus_rep_progress,ridge,2,haoyu0512workout|yanz0510workout|yoru0511workout|yushuan0513workout|ziho0512workout,tsenyu0515workout,hsianshun0514workout,hsianshun0514workout,db_shoulder_press,2,5,8.0,5.870995270812793,,,,8,6,7-8,5-6
M1_exercise_plus_rep_progress,ridge,2,haoyu0512workout|yanz0510workout|yoru0511workout|yushuan0513workout|ziho0512workout,tsenyu0515workout,hsianshun0514workout,hsianshun0514workout,db_shoulder_press,2,6,8.0,6.2229537132741175,,,,8,6,7-8,5-6
M1_exercise_plus_rep_progress,ridge,2,haoyu0512workout|yanz0510workout|yoru0511workout|yushuan0513workout|ziho0512workout,tsenyu0515workout,hsianshun0514workout,hsianshun0514workout,db_shoulder_press,2,7,8.0,6.574912155735442,,,,8,7,7-8,7-8
M1_exercise_plus_rep_progress,ridge,2,haoyu0512workout|yanz0510workout|yoru0511workout|yushuan0513workout|ziho0512workout,tsenyu0515workout,hsianshun0514workout,hsianshun0514workout,db_shoulder_press,2,8,9.0,6.926870598196766,,,,9,7,9-10,7-8
M1_exercise_plus_rep_progress,ridge,2,haoyu0512workout|yanz0510workout|yoru0511workout|yushuan0513workout|ziho0512workout,tsenyu0515workout,hsianshun0514workout,hsianshun0514workout,db_shoulder_press,2,9,9.0,7.278829040658089,,,,9,7,9-10,7-8
M1_exercise_plus_rep_progress,ridge,2,haoyu0512workout|yanz0510workout|yoru0511workout|yushuan0513workout|ziho0512workout,tsenyu0515workout,hsianshun0514workout,hsianshun0514workout,db_shoulder_press,2,10,9.0,7.630787483119414,,,,9,8,9-10,7-8
M1_exercise_plus_rep_progress,ridge,2,haoyu0512workout|yanz0510workout|yoru0511workout|yushuan0513workout|ziho0512workout,tsenyu0515workout,hsianshun0514workout,hsianshun0514workout,db_shoulder_press,2,11,10.0,7.982745925580737,,,,10,8,9-10,7-8
M1_exercise_plus_rep_progress,ridge,2,haoyu0512workout|yanz0510workout|yoru0511workout|yushuan0513workout|ziho0512workout,tsenyu0515workout,hsianshun0514workout,hsianshun0514workout,db_shoulder_press,3,0,7.0,4.111203058506174,,,,7,4,7-8,3-4
M1_exercise_plus_rep_progress,ridge,2,haoyu0512workout|yanz0510workout|yoru0511workout|yushuan0513workout|ziho0512workout,tsenyu0515workout,hsianshun0514workout,hsianshun0514workout,db_shoulder_press,3,1,7.0,4.541374488181125,,,,7,5,7-8,5-6
M1_exercise_plus_rep_progress,ridge,2,haoyu0512workout|yanz0510workout|yoru0511workout|yushuan0513workout|ziho0512workout,tsenyu0515workout,hsianshun0514workout,hsianshun0514workout,db_shoulder_press,3,2,7.0,4.971545917856076,,,,7,5,7-8,5-6
M1_exercise_plus_rep_progress,ridge,2,haoyu0512workout|yanz0510workout|yoru0511workout|yushuan0513workout|ziho0512workout,tsenyu0515workout,hsianshun0514workout,hsianshun0514workout,db_shoulder_press,3,3,8.0,5.4017173475310285,,,,8,5,7-8,5-6
M1_exercise_plus_rep_progress,ridge,2,haoyu0512workout|yanz0510workout|yoru0511workout|yushuan0513workout|ziho0512workout,tsenyu0515workout,hsianshun0514workout,hsianshun0514workout,db_shoulder_press,3,4,8.0,5.83188877720598,,,,8,6,7-8,5-6
M1_exercise_plus_rep_progress,ridge,2,haoyu0512workout|yanz0510workout|yoru0511workout|yushuan0513workout|ziho0512workout,tsenyu0515workout,hsianshun0514workout,hsianshun0514workout,db_shoulder_press,3,5,8.0,6.262060206880931,,,,8,6,7-8,5-6
M1_exercise_plus_rep_progress,ridge,2,haoyu0512workout|yanz0510workout|yoru0511workout|yushuan0513workout|ziho0512workout,tsenyu0515workout,hsianshun0514workout,hsianshun0514workout,db_shoulder_press,3,6,8.0,6.692231636555882,,,,8,7,7-8,7-8
M1_exercise_plus_rep_progress,ridge,2,haoyu0512workout|yanz0510workout|yoru0511workout|yushuan0513workout|ziho0512workout,tsenyu0515workout,hsianshun0514workout,hsianshun0514workout,db_shoulder_press,3,7,8.0,7.122403066230834,,,,8,7,7-8,7-8
M1_exercise_plus_rep_progress,ridge,2,haoyu0512workout|yanz0510workout|yoru0511workout|yushuan0513workout|ziho0512workout,tsenyu0515workout,hsianshun0514workout,hsianshun0514workout,db_shoulder_press,3,8,9.0,7.552574495905786,,,,9,8,9-10,7-8
M1_exercise_plus_rep_progress,ridge,2,haoyu0512workout|yanz0510workout|yoru0511workout|yushuan0513workout|ziho0512workout,tsenyu0515workout,hsianshun0514workout,hsianshun0514workout,db_shoulder_press,3,9,10.0,7.982745925580737,,,,10,8,9-10,7-8
M1_exercise_plus_rep_progress,ridge,2,haoyu0512workout|yanz0510workout|yoru0511workout|yushuan0513workout|ziho0512workout,tsenyu0515workout,hsianshun0514workout,hsianshun0514workout,db_squat,0,0,1.0,3.519378448094447,,,,1,4,1-2,3-4
M1_exercise_plus_rep_progress,ridge,2,haoyu0512workout|yanz0510workout|yoru0511workout|yushuan0513workout|ziho0512workout,tsenyu0515workout,hsianshun0514workout,hsianshun0514workout,db_squat,0,1,1.0,3.8713368905557712,,,,1,4,1-2,3-4
M1_exercise_plus_rep_progress,ridge,2,haoyu0512workout|yanz0510workout|yoru0511workout|yushuan0513workout|ziho0512workout,tsenyu0515workout,hsianshun0514workout,hsianshun0514workout,db_squat,0,2,1.0,4.223295333017095,,,,1,4,1-2,3-4
M1_exercise_plus_rep_progress,ridge,2,haoyu0512workout|yanz0510workout|yoru0511workout|yushuan0513workout|ziho0512workout,tsenyu0515workout,hsianshun0514workout,hsianshun0514workout,db_squat,0,3,1.0,4.575253775478419,,,,1,5,1-2,5-6
M1_exercise_plus_rep_progress,ridge,2,haoyu0512workout|yanz0510workout|yoru0511workout|yushuan0513workout|ziho0512workout,tsenyu0515workout,hsianshun0514workout,hsianshun0514workout,db_squat,0,4,3.0,4.9272122179397435,,,,3,5,3-4,5-6
M1_exercise_plus_rep_progress,ridge,2,haoyu0512workout|yanz0510workout|yoru0511workout|yushuan0513workout|ziho0512workout,tsenyu0515workout,hsianshun0514workout,hsianshun0514workout,db_squat,0,5,3.0,5.279170660401067,,,,3,5,3-4,5-6
M1_exercise_plus_rep_progress,ridge,2,haoyu0512workout|yanz0510workout|yoru0511workout|yushuan0513workout|ziho0512workout,tsenyu0515workout,hsianshun0514workout,hsianshun0514workout,db_squat,0,6,3.0,5.631129102862391,,,,3,6,3-4,5-6
M1_exercise_plus_rep_progress,ridge,2,haoyu0512workout|yanz0510workout|yoru0511workout|yushuan0513workout|ziho0512workout,tsenyu0515workout,hsianshun0514workout,hsianshun0514workout,db_squat,0,7,3.0,5.983087545323715,,,,3,6,3-4,5-6
M1_exercise_plus_rep_progress,ridge,2,haoyu0512workout|yanz0510workout|yoru0511workout|yushuan0513workout|ziho0512workout,tsenyu0515workout,hsianshun0514workout,hsianshun0514workout,db_squat,0,8,3.0,6.335045987785039,,,,3,6,3-4,5-6
M1_exercise_plus_rep_progress,ridge,2,haoyu0512workout|yanz0510workout|yoru0511workout|yushuan0513workout|ziho0512workout,tsenyu0515workout,hsianshun0514workout,hsianshun0514workout,db_squat,0,9,4.0,6.687004430246363,,,,4,7,3-4,7-8
M1_exercise_plus_rep_progress,ridge,2,haoyu0512workout|yanz0510workout|yoru0511workout|yushuan0513workout|ziho0512workout,tsenyu0515workout,hsianshun0514workout,hsianshun0514workout,db_squat,0,10,4.0,7.038962872707687,,,,4,7,3-4,7-8
M1_exercise_plus_rep_progress,ridge,2,haoyu0512workout|yanz0510workout|yoru0511workout|yushuan0513workout|ziho0512workout,tsenyu0515workout,hsianshun0514workout,hsianshun0514workout,db_squat,0,11,4.0,7.390921315169011,,,,4,7,3-4,7-8
M1_exercise_plus_rep_progress,ridge,2,haoyu0512workout|yanz0510workout|yoru0511workout|yushuan0513workout|ziho0512workout,tsenyu0515workout,hsianshun0514workout,hsianshun0514workout,db_squat,1,0,3.0,3.519378448094447,,,,3,4,3-4,3-4
M1_exercise_plus_rep_progress,ridge,2,haoyu0512workout|yanz0510workout|yoru0511workout|yushuan0513workout|ziho0512workout,tsenyu0515workout,hsianshun0514workout,hsianshun0514workout,db_squat,1,1,3.0,3.8713368905557712,,,,3,4,3-4,3-4
M1_exercise_plus_rep_progress,ridge,2,haoyu0512workout|yanz0510workout|yoru0511workout|yushuan0513workout|ziho0512workout,tsenyu0515workout,hsianshun0514workout,hsianshun0514workout,db_squat,1,2,3.0,4.223295333017095,,,,3,4,3-4,3-4
M1_exercise_plus_rep_progress,ridge,2,haoyu0512workout|yanz0510workout|yoru0511workout|yushuan0513workout|ziho0512workout,tsenyu0515workout,hsianshun0514workout,hsianshun0514workout,db_squat,1,3,3.0,4.575253775478419,,,,3,5,3-4,5-6
M1_exercise_plus_rep_progress,ridge,2,haoyu0512workout|yanz0510workout|yoru0511workout|yushuan0513workout|ziho0512workout,tsenyu0515workout,hsianshun0514workout,hsianshun0514workout,db_squat,1,4,3.0,4.9272122179397435,,,,3,5,3-4,5-6
M1_exercise_plus_rep_progress,ridge,2,haoyu0512workout|yanz0510workout|yoru0511workout|yushuan0513workout|ziho0512workout,tsenyu0515workout,hsianshun0514workout,hsianshun0514workout,db_squat,1,5,5.0,5.279170660401067,,,,5,5,5-6,5-6
M1_exercise_plus_rep_progress,ridge,2,haoyu0512workout|yanz0510workout|yoru0511workout|yushuan0513workout|ziho0512workout,tsenyu0515workout,hsianshun0514workout,hsianshun0514workout,db_squat,1,6,5.0,5.631129102862391,,,,5,6,5-6,5-6
M1_exercise_plus_rep_progress,ridge,2,haoyu0512workout|yanz0510workout|yoru0511workout|yushuan0513workout|ziho0512workout,tsenyu0515workout,hsianshun0514workout,hsianshun0514workout,db_squat,1,7,5.0,5.983087545323715,,,,5,6,5-6,5-6
M1_exercise_plus_rep_progress,ridge,2,haoyu0512workout|yanz0510workout|yoru0511workout|yushuan0513workout|ziho0512workout,tsenyu0515workout,hsianshun0514workout,hsianshun0514workout,db_squat,1,8,5.0,6.335045987785039,,,,5,6,5-6,5-6
M1_exercise_plus_rep_progress,ridge,2,haoyu0512workout|yanz0510workout|yoru0511workout|yushuan0513workout|ziho0512workout,tsenyu0515workout,hsianshun0514workout,hsianshun0514workout,db_squat,1,9,6.0,6.687004430246363,,,,6,7,5-6,7-8
M1_exercise_plus_rep_progress,ridge,2,haoyu0512workout|yanz0510workout|yoru0511workout|yushuan0513workout|ziho0512workout,tsenyu0515workout,hsianshun0514workout,hsianshun0514workout,db_squat,1,10,6.0,7.038962872707687,,,,6,7,5-6,7-8
M1_exercise_plus_rep_progress,ridge,2,haoyu0512workout|yanz0510workout|yoru0511workout|yushuan0513workout|ziho0512workout,tsenyu0515workout,hsianshun0514workout,hsianshun0514workout,db_squat,1,11,6.0,7.390921315169011,,,,6,7,5-6,7-8
M1_exercise_plus_rep_progress,ridge,2,haoyu0512workout|yanz0510workout|yoru0511workout|yushuan0513workout|ziho0512workout,tsenyu0515workout,hsianshun0514workout,hsianshun0514workout,db_squat,2,0,4.0,3.519378448094447,,,,4,4,3-4,3-4
M1_exercise_plus_rep_progress,ridge,2,haoyu0512workout|yanz0510workout|yoru0511workout|yushuan0513workout|ziho0512workout,tsenyu0515workout,hsianshun0514workout,hsianshun0514workout,db_squat,2,1,4.0,3.8713368905557712,,,,4,4,3-4,3-4
M1_exercise_plus_rep_progress,ridge,2,haoyu0512workout|yanz0510workout|yoru0511workout|yushuan0513workout|ziho0512workout,tsenyu0515workout,hsianshun0514workout,hsianshun0514workout,db_squat,2,2,4.0,4.223295333017095,,,,4,4,3-4,3-4
M1_exercise_plus_rep_progress,ridge,2,haoyu0512workout|yanz0510workout|yoru0511workout|yushuan0513workout|ziho0512workout,tsenyu0515workout,hsianshun0514workout,hsianshun0514workout,db_squat,2,3,4.0,4.575253775478419,,,,4,5,3-4,5-6
M1_exercise_plus_rep_progress,ridge,2,haoyu0512workout|yanz0510workout|yoru0511workout|yushuan0513workout|ziho0512workout,tsenyu0515workout,hsianshun0514workout,hsianshun0514workout,db_squat,2,4,5.0,4.9272122179397435,,,,5,5,5-6,5-6
M1_exercise_plus_rep_progress,ridge,2,haoyu0512workout|yanz0510workout|yoru0511workout|yushuan0513workout|ziho0512workout,tsenyu0515workout,hsianshun0514workout,hsianshun0514workout,db_squat,2,5,5.0,5.279170660401067,,,,5,5,5-6,5-6
M1_exercise_plus_rep_progress,ridge,2,haoyu0512workout|yanz0510workout|yoru0511workout|yushuan0513workout|ziho0512workout,tsenyu0515workout,hsianshun0514workout,hsianshun0514workout,db_squat,2,6,5.0,5.631129102862391,,,,5,6,5-6,5-6
M1_exercise_plus_rep_progress,ridge,2,haoyu0512workout|yanz0510workout|yoru0511workout|yushuan0513workout|ziho0512workout,tsenyu0515workout,hsianshun0514workout,hsianshun0514workout,db_squat,2,7,5.0,5.983087545323715,,,,5,6,5-6,5-6
M1_exercise_plus_rep_progress,ridge,2,haoyu0512workout|yanz0510workout|yoru0511workout|yushuan0513workout|ziho0512workout,tsenyu0515workout,hsianshun0514workout,hsianshun0514workout,db_squat,2,8,5.0,6.335045987785039,,,,5,6,5-6,5-6
M1_exercise_plus_rep_progress,ridge,2,haoyu0512workout|yanz0510workout|yoru0511workout|yushuan0513workout|ziho0512workout,tsenyu0515workout,hsianshun0514workout,hsianshun0514workout,db_squat,2,9,7.0,6.687004430246363,,,,7,7,7-8,7-8
M1_exercise_plus_rep_progress,ridge,2,haoyu0512workout|yanz0510workout|yoru0511workout|yushuan0513workout|ziho0512workout,tsenyu0515workout,hsianshun0514workout,hsianshun0514workout,db_squat,2,10,7.0,7.038962872707687,,,,7,7,7-8,7-8
M1_exercise_plus_rep_progress,ridge,2,haoyu0512workout|yanz0510workout|yoru0511workout|yushuan0513workout|ziho0512workout,tsenyu0515workout,hsianshun0514workout,hsianshun0514workout,db_squat,2,11,7.0,7.390921315169011,,,,7,7,7-8,7-8
M1_exercise_plus_rep_progress,ridge,2,haoyu0512workout|yanz0510workout|yoru0511workout|yushuan0513workout|ziho0512workout,tsenyu0515workout,hsianshun0514workout,hsianshun0514workout,db_triceps_curl,0,0,1.0,3.7442529787282384,,,,1,4,1-2,3-4
M1_exercise_plus_rep_progress,ridge,2,haoyu0512workout|yanz0510workout|yoru0511workout|yushuan0513workout|ziho0512workout,tsenyu0515workout,hsianshun0514workout,hsianshun0514workout,db_triceps_curl,0,1,1.0,4.131407265435695,,,,1,4,1-2,3-4
M1_exercise_plus_rep_progress,ridge,2,haoyu0512workout|yanz0510workout|yoru0511workout|yushuan0513workout|ziho0512workout,tsenyu0515workout,hsianshun0514workout,hsianshun0514workout,db_triceps_curl,0,2,2.0,4.518561552143151,,,,2,5,1-2,5-6
M1_exercise_plus_rep_progress,ridge,2,haoyu0512workout|yanz0510workout|yoru0511workout|yushuan0513workout|ziho0512workout,tsenyu0515workout,hsianshun0514workout,hsianshun0514workout,db_triceps_curl,0,3,2.0,4.9057158388506075,,,,2,5,1-2,5-6
M1_exercise_plus_rep_progress,ridge,2,haoyu0512workout|yanz0510workout|yoru0511workout|yushuan0513workout|ziho0512workout,tsenyu0515workout,hsianshun0514workout,hsianshun0514workout,db_triceps_curl,0,4,2.0,5.292870125558064,,,,2,5,1-2,5-6
M1_exercise_plus_rep_progress,ridge,2,haoyu0512workout|yanz0510workout|yoru0511workout|yushuan0513workout|ziho0512workout,tsenyu0515workout,hsianshun0514workout,hsianshun0514workout,db_triceps_curl,0,5,3.0,5.680024412265521,,,,3,6,3-4,5-6
M1_exercise_plus_rep_progress,ridge,2,haoyu0512workout|yanz0510workout|yoru0511workout|yushuan0513workout|ziho0512workout,tsenyu0515workout,hsianshun0514workout,hsianshun0514workout,db_triceps_curl,0,6,3.0,6.067178698972977,,,,3,6,3-4,5-6
M1_exercise_plus_rep_progress,ridge,2,haoyu0512workout|yanz0510workout|yoru0511workout|yushuan0513workout|ziho0512workout,tsenyu0515workout,hsianshun0514workout,hsianshun0514workout,db_triceps_curl,0,7,3.0,6.454332985680433,,,,3,6,3-4,5-6
M1_exercise_plus_rep_progress,ridge,2,haoyu0512workout|yanz0510workout|yoru0511workout|yushuan0513workout|ziho0512workout,tsenyu0515workout,hsianshun0514workout,hsianshun0514workout,db_triceps_curl,0,8,3.0,6.841487272387889,,,,3,7,3-4,7-8
M1_exercise_plus_rep_progress,ridge,2,haoyu0512workout|yanz0510workout|yoru0511workout|yushuan0513workout|ziho0512workout,tsenyu0515workout,hsianshun0514workout,hsianshun0514workout,db_triceps_curl,0,9,4.0,7.228641559095346,,,,4,7,3-4,7-8
M1_exercise_plus_rep_progress,ridge,2,haoyu0512workout|yanz0510workout|yoru0511workout|yushuan0513workout|ziho0512workout,tsenyu0515workout,hsianshun0514workout,hsianshun0514workout,db_triceps_curl,0,10,4.0,7.615795845802802,,,,4,8,3-4,7-8
M1_exercise_plus_rep_progress,ridge,2,haoyu0512workout|yanz0510workout|yoru0511workout|yushuan0513workout|ziho0512workout,tsenyu0515workout,hsianshun0514workout,hsianshun0514workout,db_triceps_curl,1,0,3.0,3.7442529787282384,,,,3,4,3-4,3-4
M1_exercise_plus_rep_progress,ridge,2,haoyu0512workout|yanz0510workout|yoru0511workout|yushuan0513workout|ziho0512workout,tsenyu0515workout,hsianshun0514workout,hsianshun0514workout,db_triceps_curl,1,1,3.0,4.096211421189563,,,,3,4,3-4,3-4
M1_exercise_plus_rep_progress,ridge,2,haoyu0512workout|yanz0510workout|yoru0511workout|yushuan0513workout|ziho0512workout,tsenyu0515workout,hsianshun0514workout,hsianshun0514workout,db_triceps_curl,1,2,3.0,4.448169863650886,,,,3,4,3-4,3-4
M1_exercise_plus_rep_progress,ridge,2,haoyu0512workout|yanz0510workout|yoru0511workout|yushuan0513workout|ziho0512workout,tsenyu0515workout,hsianshun0514workout,hsianshun0514workout,db_triceps_curl,1,3,3.0,4.80012830611221,,,,3,5,3-4,5-6
M1_exercise_plus_rep_progress,ridge,2,haoyu0512workout|yanz0510workout|yoru0511workout|yushuan0513workout|ziho0512workout,tsenyu0515workout,hsianshun0514workout,hsianshun0514workout,db_triceps_curl,1,4,4.0,5.152086748573534,,,,4,5,3-4,5-6
M1_exercise_plus_rep_progress,ridge,2,haoyu0512workout|yanz0510workout|yoru0511workout|yushuan0513workout|ziho0512workout,tsenyu0515workout,hsianshun0514workout,hsianshun0514workout,db_triceps_curl,1,5,4.0,5.504045191034858,,,,4,6,3-4,5-6
M1_exercise_plus_rep_progress,ridge,2,haoyu0512workout|yanz0510workout|yoru0511workout|yushuan0513workout|ziho0512workout,tsenyu0515workout,hsianshun0514workout,hsianshun0514workout,db_triceps_curl,1,6,4.0,5.856003633496182,,,,4,6,3-4,5-6
M1_exercise_plus_rep_progress,ridge,2,haoyu0512workout|yanz0510workout|yoru0511workout|yushuan0513workout|ziho0512workout,tsenyu0515workout,hsianshun0514workout,hsianshun0514workout,db_triceps_curl,1,7,5.0,6.207962075957506,,,,5,6,5-6,5-6
M1_exercise_plus_rep_progress,ridge,2,haoyu0512workout|yanz0510workout|yoru0511workout|yushuan0513workout|ziho0512workout,tsenyu0515workout,hsianshun0514workout,hsianshun0514workout,db_triceps_curl,1,8,5.0,6.5599205184188305,,,,5,7,5-6,7-8
M1_exercise_plus_rep_progress,ridge,2,haoyu0512workout|yanz0510workout|yoru0511workout|yushuan0513workout|ziho0512workout,tsenyu0515workout,hsianshun0514workout,hsianshun0514workout,db_triceps_curl,1,9,6.0,6.911878960880154,,,,6,7,5-6,7-8
M1_exercise_plus_rep_progress,ridge,2,haoyu0512workout|yanz0510workout|yoru0511workout|yushuan0513workout|ziho0512workout,tsenyu0515workout,hsianshun0514workout,hsianshun0514workout,db_triceps_curl,1,10,6.0,7.263837403341478,,,,6,7,5-6,7-8
M1_exercise_plus_rep_progress,ridge,2,haoyu0512workout|yanz0510workout|yoru0511workout|yushuan0513workout|ziho0512workout,tsenyu0515workout,hsianshun0514workout,hsianshun0514workout,db_triceps_curl,1,11,7.0,7.615795845802802,,,,7,8,7-8,7-8
M1_exercise_plus_rep_progress,ridge,2,haoyu0512workout|yanz0510workout|yoru0511workout|yushuan0513workout|ziho0512workout,tsenyu0515workout,hsianshun0514workout,hsianshun0514workout,db_triceps_curl,2,0,5.0,3.7442529787282384,,,,5,4,5-6,3-4
M1_exercise_plus_rep_progress,ridge,2,haoyu0512workout|yanz0510workout|yoru0511workout|yushuan0513workout|ziho0512workout,tsenyu0515workout,hsianshun0514workout,hsianshun0514workout,db_triceps_curl,2,1,5.0,4.096211421189563,,,,5,4,5-6,3-4
M1_exercise_plus_rep_progress,ridge,2,haoyu0512workout|yanz0510workout|yoru0511workout|yushuan0513workout|ziho0512workout,tsenyu0515workout,hsianshun0514workout,hsianshun0514workout,db_triceps_curl,2,2,5.0,4.448169863650886,,,,5,4,5-6,3-4
M1_exercise_plus_rep_progress,ridge,2,haoyu0512workout|yanz0510workout|yoru0511workout|yushuan0513workout|ziho0512workout,tsenyu0515workout,hsianshun0514workout,hsianshun0514workout,db_triceps_curl,2,3,5.0,4.80012830611221,,,,5,5,5-6,5-6
M1_exercise_plus_rep_progress,ridge,2,haoyu0512workout|yanz0510workout|yoru0511workout|yushuan0513workout|ziho0512workout,tsenyu0515workout,hsianshun0514workout,hsianshun0514workout,db_triceps_curl,2,4,6.0,5.152086748573534,,,,6,5,5-6,5-6
M1_exercise_plus_rep_progress,ridge,2,haoyu0512workout|yanz0510workout|yoru0511workout|yushuan0513workout|ziho0512workout,tsenyu0515workout,hsianshun0514workout,hsianshun0514workout,db_triceps_curl,2,5,6.0,5.504045191034858,,,,6,6,5-6,5-6
M1_exercise_plus_rep_progress,ridge,2,haoyu0512workout|yanz0510workout|yoru0511workout|yushuan0513workout|ziho0512workout,tsenyu0515workout,hsianshun0514workout,hsianshun0514workout,db_triceps_curl,2,6,6.0,5.856003633496182,,,,6,6,5-6,5-6
M1_exercise_plus_rep_progress,ridge,2,haoyu0512workout|yanz0510workout|yoru0511workout|yushuan0513workout|ziho0512workout,tsenyu0515workout,hsianshun0514workout,hsianshun0514workout,db_triceps_curl,2,7,7.0,6.207962075957506,,,,7,6,7-8,5-6
M1_exercise_plus_rep_progress,ridge,2,haoyu0512workout|yanz0510workout|yoru0511workout|yushuan0513workout|ziho0512workout,tsenyu0515workout,hsianshun0514workout,hsianshun0514workout,db_triceps_curl,2,8,7.0,6.5599205184188305,,,,7,7,7-8,7-8
M1_exercise_plus_rep_progress,ridge,2,haoyu0512workout|yanz0510workout|yoru0511workout|yushuan0513workout|ziho0512workout,tsenyu0515workout,hsianshun0514workout,hsianshun0514workout,db_triceps_curl,2,9,8.0,6.911878960880154,,,,8,7,7-8,7-8
M1_exercise_plus_rep_progress,ridge,2,haoyu0512workout|yanz0510workout|yoru0511workout|yushuan0513workout|ziho0512workout,tsenyu0515workout,hsianshun0514workout,hsianshun0514workout,db_triceps_curl,2,10,8.0,7.263837403341478,,,,8,7,7-8,7-8
M1_exercise_plus_rep_progress,ridge,2,haoyu0512workout|yanz0510workout|yoru0511workout|yushuan0513workout|ziho0512workout,tsenyu0515workout,hsianshun0514workout,hsianshun0514workout,db_triceps_curl,2,11,8.0,7.615795845802802,,,,8,8,7-8,7-8
M1_exercise_plus_rep_progress,ridge,2,haoyu0512workout|yanz0510workout|yoru0511workout|yushuan0513workout|ziho0512workout,tsenyu0515workout,hsianshun0514workout,hsianshun0514workout,db_weighted_crunch,0,0,1.0,3.1794518320201113,,,,1,3,1-2,3-4
M1_exercise_plus_rep_progress,ridge,2,haoyu0512workout|yanz0510workout|yoru0511workout|yushuan0513workout|ziho0512workout,tsenyu0515workout,hsianshun0514workout,hsianshun0514workout,db_weighted_crunch,0,1,1.0,3.531410274481435,,,,1,4,1-2,3-4
M1_exercise_plus_rep_progress,ridge,2,haoyu0512workout|yanz0510workout|yoru0511workout|yushuan0513workout|ziho0512workout,tsenyu0515workout,hsianshun0514workout,hsianshun0514workout,db_weighted_crunch,0,2,1.0,3.8833687169427593,,,,1,4,1-2,3-4
M1_exercise_plus_rep_progress,ridge,2,haoyu0512workout|yanz0510workout|yoru0511workout|yushuan0513workout|ziho0512workout,tsenyu0515workout,hsianshun0514workout,hsianshun0514workout,db_weighted_crunch,0,3,2.0,4.235327159404083,,,,2,4,1-2,3-4
M1_exercise_plus_rep_progress,ridge,2,haoyu0512workout|yanz0510workout|yoru0511workout|yushuan0513workout|ziho0512workout,tsenyu0515workout,hsianshun0514workout,hsianshun0514workout,db_weighted_crunch,0,4,2.0,4.587285601865407,,,,2,5,1-2,5-6
M1_exercise_plus_rep_progress,ridge,2,haoyu0512workout|yanz0510workout|yoru0511workout|yushuan0513workout|ziho0512workout,tsenyu0515workout,hsianshun0514workout,hsianshun0514workout,db_weighted_crunch,0,5,3.0,4.939244044326731,,,,3,5,3-4,5-6
M1_exercise_plus_rep_progress,ridge,2,haoyu0512workout|yanz0510workout|yoru0511workout|yushuan0513workout|ziho0512workout,tsenyu0515workout,hsianshun0514workout,hsianshun0514workout,db_weighted_crunch,0,6,3.0,5.2912024867880545,,,,3,5,3-4,5-6
M1_exercise_plus_rep_progress,ridge,2,haoyu0512workout|yanz0510workout|yoru0511workout|yushuan0513workout|ziho0512workout,tsenyu0515workout,hsianshun0514workout,hsianshun0514workout,db_weighted_crunch,0,7,3.0,5.643160929249379,,,,3,6,3-4,5-6
M1_exercise_plus_rep_progress,ridge,2,haoyu0512workout|yanz0510workout|yoru0511workout|yushuan0513workout|ziho0512workout,tsenyu0515workout,hsianshun0514workout,hsianshun0514workout,db_weighted_crunch,0,8,3.0,5.995119371710703,,,,3,6,3-4,5-6
M1_exercise_plus_rep_progress,ridge,2,haoyu0512workout|yanz0510workout|yoru0511workout|yushuan0513workout|ziho0512workout,tsenyu0515workout,hsianshun0514workout,hsianshun0514workout,db_weighted_crunch,0,9,5.0,6.347077814172027,,,,5,6,5-6,5-6
M1_exercise_plus_rep_progress,ridge,2,haoyu0512workout|yanz0510workout|yoru0511workout|yushuan0513workout|ziho0512workout,tsenyu0515workout,hsianshun0514workout,hsianshun0514workout,db_weighted_crunch,0,10,5.0,6.6990362566333514,,,,5,7,5-6,7-8
M1_exercise_plus_rep_progress,ridge,2,haoyu0512workout|yanz0510workout|yoru0511workout|yushuan0513workout|ziho0512workout,tsenyu0515workout,hsianshun0514workout,hsianshun0514workout,db_weighted_crunch,0,11,5.0,7.050994699094675,,,,5,7,5-6,7-8
M1_exercise_plus_rep_progress,ridge,2,haoyu0512workout|yanz0510workout|yoru0511workout|yushuan0513workout|ziho0512workout,tsenyu0515workout,hsianshun0514workout,hsianshun0514workout,db_weighted_crunch,2,0,4.0,3.1794518320201113,,,,4,3,3-4,3-4
M1_exercise_plus_rep_progress,ridge,2,haoyu0512workout|yanz0510workout|yoru0511workout|yushuan0513workout|ziho0512workout,tsenyu0515workout,hsianshun0514workout,hsianshun0514workout,db_weighted_crunch,2,1,4.0,3.531410274481435,,,,4,4,3-4,3-4
M1_exercise_plus_rep_progress,ridge,2,haoyu0512workout|yanz0510workout|yoru0511workout|yushuan0513workout|ziho0512workout,tsenyu0515workout,hsianshun0514workout,hsianshun0514workout,db_weighted_crunch,2,2,4.0,3.8833687169427593,,,,4,4,3-4,3-4
M1_exercise_plus_rep_progress,ridge,2,haoyu0512workout|yanz0510workout|yoru0511workout|yushuan0513workout|ziho0512workout,tsenyu0515workout,hsianshun0514workout,hsianshun0514workout,db_weighted_crunch,2,3,4.0,4.235327159404083,,,,4,4,3-4,3-4
M1_exercise_plus_rep_progress,ridge,2,haoyu0512workout|yanz0510workout|yoru0511workout|yushuan0513workout|ziho0512workout,tsenyu0515workout,hsianshun0514workout,hsianshun0514workout,db_weighted_crunch,2,4,4.0,4.587285601865407,,,,4,5,3-4,5-6
M1_exercise_plus_rep_progress,ridge,2,haoyu0512workout|yanz0510workout|yoru0511workout|yushuan0513workout|ziho0512workout,tsenyu0515workout,hsianshun0514workout,hsianshun0514workout,db_weighted_crunch,2,5,5.0,4.939244044326731,,,,5,5,5-6,5-6
M1_exercise_plus_rep_progress,ridge,2,haoyu0512workout|yanz0510workout|yoru0511workout|yushuan0513workout|ziho0512workout,tsenyu0515workout,hsianshun0514workout,hsianshun0514workout,db_weighted_crunch,2,6,5.0,5.2912024867880545,,,,5,5,5-6,5-6
M1_exercise_plus_rep_progress,ridge,2,haoyu0512workout|yanz0510workout|yoru0511workout|yushuan0513workout|ziho0512workout,tsenyu0515workout,hsianshun0514workout,hsianshun0514workout,db_weighted_crunch,2,7,6.0,5.643160929249379,,,,6,6,5-6,5-6
M1_exercise_plus_rep_progress,ridge,2,haoyu0512workout|yanz0510workout|yoru0511workout|yushuan0513workout|ziho0512workout,tsenyu0515workout,hsianshun0514workout,hsianshun0514workout,db_weighted_crunch,2,8,6.0,5.995119371710703,,,,6,6,5-6,5-6
M1_exercise_plus_rep_progress,ridge,2,haoyu0512workout|yanz0510workout|yoru0511workout|yushuan0513workout|ziho0512workout,tsenyu0515workout,hsianshun0514workout,hsianshun0514workout,db_weighted_crunch,2,9,6.0,6.347077814172027,,,,6,6,5-6,5-6
M1_exercise_plus_rep_progress,ridge,2,haoyu0512workout|yanz0510workout|yoru0511workout|yushuan0513workout|ziho0512workout,tsenyu0515workout,hsianshun0514workout,hsianshun0514workout,db_weighted_crunch,2,10,7.0,6.6990362566333514,,,,7,7,7-8,7-8
M1_exercise_plus_rep_progress,ridge,2,haoyu0512workout|yanz0510workout|yoru0511workout|yushuan0513workout|ziho0512workout,tsenyu0515workout,hsianshun0514workout,hsianshun0514workout,db_weighted_crunch,2,11,7.0,7.050994699094675,,,,7,7,7-8,7-8
M1_exercise_plus_rep_progress,ridge,2,haoyu0512workout|yanz0510workout|yoru0511workout|yushuan0513workout|ziho0512workout,tsenyu0515workout,hsianshun0514workout,hsianshun0514workout,db_weighted_crunch,3,0,5.0,3.1794518320201113,,,,5,3,5-6,3-4
M1_exercise_plus_rep_progress,ridge,2,haoyu0512workout|yanz0510workout|yoru0511workout|yushuan0513workout|ziho0512workout,tsenyu0515workout,hsianshun0514workout,hsianshun0514workout,db_weighted_crunch,3,1,5.0,3.531410274481435,,,,5,4,5-6,3-4
M1_exercise_plus_rep_progress,ridge,2,haoyu0512workout|yanz0510workout|yoru0511workout|yushuan0513workout|ziho0512workout,tsenyu0515workout,hsianshun0514workout,hsianshun0514workout,db_weighted_crunch,3,2,5.0,3.8833687169427593,,,,5,4,5-6,3-4
M1_exercise_plus_rep_progress,ridge,2,haoyu0512workout|yanz0510workout|yoru0511workout|yushuan0513workout|ziho0512workout,tsenyu0515workout,hsianshun0514workout,hsianshun0514workout,db_weighted_crunch,3,3,6.0,4.235327159404083,,,,6,4,5-6,3-4
M1_exercise_plus_rep_progress,ridge,2,haoyu0512workout|yanz0510workout|yoru0511workout|yushuan0513workout|ziho0512workout,tsenyu0515workout,hsianshun0514workout,hsianshun0514workout,db_weighted_crunch,3,4,6.0,4.587285601865407,,,,6,5,5-6,5-6
M1_exercise_plus_rep_progress,ridge,2,haoyu0512workout|yanz0510workout|yoru0511workout|yushuan0513workout|ziho0512workout,tsenyu0515workout,hsianshun0514workout,hsianshun0514workout,db_weighted_crunch,3,5,6.0,4.939244044326731,,,,6,5,5-6,5-6
M1_exercise_plus_rep_progress,ridge,2,haoyu0512workout|yanz0510workout|yoru0511workout|yushuan0513workout|ziho0512workout,tsenyu0515workout,hsianshun0514workout,hsianshun0514workout,db_weighted_crunch,3,6,7.0,5.2912024867880545,,,,7,5,7-8,5-6
M1_exercise_plus_rep_progress,ridge,2,haoyu0512workout|yanz0510workout|yoru0511workout|yushuan0513workout|ziho0512workout,tsenyu0515workout,hsianshun0514workout,hsianshun0514workout,db_weighted_crunch,3,7,7.0,5.643160929249379,,,,7,6,7-8,5-6
M1_exercise_plus_rep_progress,ridge,2,haoyu0512workout|yanz0510workout|yoru0511workout|yushuan0513workout|ziho0512workout,tsenyu0515workout,hsianshun0514workout,hsianshun0514workout,db_weighted_crunch,3,8,7.0,5.995119371710703,,,,7,6,7-8,5-6
M1_exercise_plus_rep_progress,ridge,2,haoyu0512workout|yanz0510workout|yoru0511workout|yushuan0513workout|ziho0512workout,tsenyu0515workout,hsianshun0514workout,hsianshun0514workout,db_weighted_crunch,3,9,7.0,6.347077814172027,,,,7,6,7-8,5-6
M1_exercise_plus_rep_progress,ridge,2,haoyu0512workout|yanz0510workout|yoru0511workout|yushuan0513workout|ziho0512workout,tsenyu0515workout,hsianshun0514workout,hsianshun0514workout,db_weighted_crunch,3,10,7.0,6.6990362566333514,,,,7,7,7-8,7-8
M1_exercise_plus_rep_progress,ridge,2,haoyu0512workout|yanz0510workout|yoru0511workout|yushuan0513workout|ziho0512workout,tsenyu0515workout,hsianshun0514workout,hsianshun0514workout,db_weighted_crunch,3,11,7.0,7.050994699094675,,,,7,7,7-8,7-8
M1_exercise_plus_rep_progress,ridge,2,haoyu0512workout|yanz0510workout|yoru0511workout|yushuan0513workout|ziho0512workout,tsenyu0515workout,hsianshun0514workout,hsianshun0514workout,one_arm_db_row,1,0,4.0,3.9586682288674337,,,,4,4,3-4,3-4
M1_exercise_plus_rep_progress,ridge,2,haoyu0512workout|yanz0510workout|yoru0511workout|yushuan0513workout|ziho0512workout,tsenyu0515workout,hsianshun0514workout,hsianshun0514workout,one_arm_db_row,1,1,4.0,4.310626671328758,,,,4,4,3-4,3-4
M1_exercise_plus_rep_progress,ridge,2,haoyu0512workout|yanz0510workout|yoru0511workout|yushuan0513workout|ziho0512workout,tsenyu0515workout,hsianshun0514workout,hsianshun0514workout,one_arm_db_row,1,2,4.0,4.662585113790081,,,,4,5,3-4,5-6
M1_exercise_plus_rep_progress,ridge,2,haoyu0512workout|yanz0510workout|yoru0511workout|yushuan0513workout|ziho0512workout,tsenyu0515workout,hsianshun0514workout,hsianshun0514workout,one_arm_db_row,1,3,4.0,5.014543556251406,,,,4,5,3-4,5-6
M1_exercise_plus_rep_progress,ridge,2,haoyu0512workout|yanz0510workout|yoru0511workout|yushuan0513workout|ziho0512workout,tsenyu0515workout,hsianshun0514workout,hsianshun0514workout,one_arm_db_row,1,4,5.0,5.36650199871273,,,,5,5,5-6,5-6
M1_exercise_plus_rep_progress,ridge,2,haoyu0512workout|yanz0510workout|yoru0511workout|yushuan0513workout|ziho0512workout,tsenyu0515workout,hsianshun0514workout,hsianshun0514workout,one_arm_db_row,1,5,5.0,5.718460441174053,,,,5,6,5-6,5-6
M1_exercise_plus_rep_progress,ridge,2,haoyu0512workout|yanz0510workout|yoru0511workout|yushuan0513workout|ziho0512workout,tsenyu0515workout,hsianshun0514workout,hsianshun0514workout,one_arm_db_row,1,6,5.0,6.070418883635377,,,,5,6,5-6,5-6
M1_exercise_plus_rep_progress,ridge,2,haoyu0512workout|yanz0510workout|yoru0511workout|yushuan0513workout|ziho0512workout,tsenyu0515workout,hsianshun0514workout,hsianshun0514workout,one_arm_db_row,1,7,6.0,6.422377326096702,,,,6,6,5-6,5-6
M1_exercise_plus_rep_progress,ridge,2,haoyu0512workout|yanz0510workout|yoru0511workout|yushuan0513workout|ziho0512workout,tsenyu0515workout,hsianshun0514workout,hsianshun0514workout,one_arm_db_row,1,8,6.0,6.774335768558025,,,,6,7,5-6,7-8
M1_exercise_plus_rep_progress,ridge,2,haoyu0512workout|yanz0510workout|yoru0511workout|yushuan0513workout|ziho0512workout,tsenyu0515workout,hsianshun0514workout,hsianshun0514workout,one_arm_db_row,1,9,6.0,7.126294211019349,,,,6,7,5-6,7-8
M1_exercise_plus_rep_progress,ridge,2,haoyu0512workout|yanz0510workout|yoru0511workout|yushuan0513workout|ziho0512workout,tsenyu0515workout,hsianshun0514workout,hsianshun0514workout,one_arm_db_row,1,10,6.0,7.4782526534806735,,,,6,7,5-6,7-8
M1_exercise_plus_rep_progress,ridge,2,haoyu0512workout|yanz0510workout|yoru0511workout|yushuan0513workout|ziho0512workout,tsenyu0515workout,hsianshun0514workout,hsianshun0514workout,one_arm_db_row,1,11,7.0,7.830211095941998,,,,7,8,7-8,7-8
M1_exercise_plus_rep_progress,ridge,2,haoyu0512workout|yanz0510workout|yoru0511workout|yushuan0513workout|ziho0512workout,tsenyu0515workout,hsianshun0514workout,hsianshun0514workout,one_arm_db_row,2,0,5.0,3.9586682288674337,,,,5,4,5-6,3-4
M1_exercise_plus_rep_progress,ridge,2,haoyu0512workout|yanz0510workout|yoru0511workout|yushuan0513workout|ziho0512workout,tsenyu0515workout,hsianshun0514workout,hsianshun0514workout,one_arm_db_row,2,1,5.0,4.310626671328758,,,,5,4,5-6,3-4
M1_exercise_plus_rep_progress,ridge,2,haoyu0512workout|yanz0510workout|yoru0511workout|yushuan0513workout|ziho0512workout,tsenyu0515workout,hsianshun0514workout,hsianshun0514workout,one_arm_db_row,2,2,5.0,4.662585113790081,,,,5,5,5-6,5-6
M1_exercise_plus_rep_progress,ridge,2,haoyu0512workout|yanz0510workout|yoru0511workout|yushuan0513workout|ziho0512workout,tsenyu0515workout,hsianshun0514workout,hsianshun0514workout,one_arm_db_row,2,3,5.0,5.014543556251406,,,,5,5,5-6,5-6
M1_exercise_plus_rep_progress,ridge,2,haoyu0512workout|yanz0510workout|yoru0511workout|yushuan0513workout|ziho0512workout,tsenyu0515workout,hsianshun0514workout,hsianshun0514workout,one_arm_db_row,2,4,6.0,5.36650199871273,,,,6,5,5-6,5-6
M1_exercise_plus_rep_progress,ridge,2,haoyu0512workout|yanz0510workout|yoru0511workout|yushuan0513workout|ziho0512workout,tsenyu0515workout,hsianshun0514workout,hsianshun0514workout,one_arm_db_row,2,5,6.0,5.718460441174053,,,,6,6,5-6,5-6
M1_exercise_plus_rep_progress,ridge,2,haoyu0512workout|yanz0510workout|yoru0511workout|yushuan0513workout|ziho0512workout,tsenyu0515workout,hsianshun0514workout,hsianshun0514workout,one_arm_db_row,2,6,6.0,6.070418883635377,,,,6,6,5-6,5-6
M1_exercise_plus_rep_progress,ridge,2,haoyu0512workout|yanz0510workout|yoru0511workout|yushuan0513workout|ziho0512workout,tsenyu0515workout,hsianshun0514workout,hsianshun0514workout,one_arm_db_row,2,7,7.0,6.422377326096702,,,,7,6,7-8,5-6
M1_exercise_plus_rep_progress,ridge,2,haoyu0512workout|yanz0510workout|yoru0511workout|yushuan0513workout|ziho0512workout,tsenyu0515workout,hsianshun0514workout,hsianshun0514workout,one_arm_db_row,2,8,7.0,6.774335768558025,,,,7,7,7-8,7-8
M1_exercise_plus_rep_progress,ridge,2,haoyu0512workout|yanz0510workout|yoru0511workout|yushuan0513workout|ziho0512workout,tsenyu0515workout,hsianshun0514workout,hsianshun0514workout,one_arm_db_row,2,9,7.0,7.126294211019349,,,,7,7,7-8,7-8
M1_exercise_plus_rep_progress,ridge,2,haoyu0512workout|yanz0510workout|yoru0511workout|yushuan0513workout|ziho0512workout,tsenyu0515workout,hsianshun0514workout,hsianshun0514workout,one_arm_db_row,2,10,7.0,7.4782526534806735,,,,7,7,7-8,7-8
M1_exercise_plus_rep_progress,ridge,2,haoyu0512workout|yanz0510workout|yoru0511workout|yushuan0513workout|ziho0512workout,tsenyu0515workout,hsianshun0514workout,hsianshun0514workout,one_arm_db_row,2,11,8.0,7.830211095941998,,,,8,8,7-8,7-8
M1_exercise_plus_rep_progress,ridge,3,haoyu0512workout|hsianshun0514workout|yoru0511workout|yushuan0513workout|ziho0512workout,yanz0510workout,tsenyu0515workout,tsenyu0515workout,db_bench_press,0,0,1.0,3.3849487637979374,,,,1,3,1-2,3-4
M1_exercise_plus_rep_progress,ridge,3,haoyu0512workout|hsianshun0514workout|yoru0511workout|yushuan0513workout|ziho0512workout,yanz0510workout,tsenyu0515workout,tsenyu0515workout,db_bench_press,0,1,1.0,3.7527963709398033,,,,1,4,1-2,3-4
M1_exercise_plus_rep_progress,ridge,3,haoyu0512workout|hsianshun0514workout|yoru0511workout|yushuan0513workout|ziho0512workout,yanz0510workout,tsenyu0515workout,tsenyu0515workout,db_bench_press,0,2,1.0,4.120643978081669,,,,1,4,1-2,3-4
M1_exercise_plus_rep_progress,ridge,3,haoyu0512workout|hsianshun0514workout|yoru0511workout|yushuan0513workout|ziho0512workout,yanz0510workout,tsenyu0515workout,tsenyu0515workout,db_bench_press,0,3,1.0,4.488491585223536,,,,1,4,1-2,3-4
M1_exercise_plus_rep_progress,ridge,3,haoyu0512workout|hsianshun0514workout|yoru0511workout|yushuan0513workout|ziho0512workout,yanz0510workout,tsenyu0515workout,tsenyu0515workout,db_bench_press,0,4,1.0,4.856339192365402,,,,1,5,1-2,5-6
M1_exercise_plus_rep_progress,ridge,3,haoyu0512workout|hsianshun0514workout|yoru0511workout|yushuan0513workout|ziho0512workout,yanz0510workout,tsenyu0515workout,tsenyu0515workout,db_bench_press,0,5,1.0,5.224186799507269,,,,1,5,1-2,5-6
M1_exercise_plus_rep_progress,ridge,3,haoyu0512workout|hsianshun0514workout|yoru0511workout|yushuan0513workout|ziho0512workout,yanz0510workout,tsenyu0515workout,tsenyu0515workout,db_bench_press,0,6,2.0,5.592034406649135,,,,2,6,1-2,5-6
M1_exercise_plus_rep_progress,ridge,3,haoyu0512workout|hsianshun0514workout|yoru0511workout|yushuan0513workout|ziho0512workout,yanz0510workout,tsenyu0515workout,tsenyu0515workout,db_bench_press,0,7,2.0,5.959882013791002,,,,2,6,1-2,5-6
M1_exercise_plus_rep_progress,ridge,3,haoyu0512workout|hsianshun0514workout|yoru0511workout|yushuan0513workout|ziho0512workout,yanz0510workout,tsenyu0515workout,tsenyu0515workout,db_bench_press,0,8,2.0,6.3277296209328675,,,,2,6,1-2,5-6
M1_exercise_plus_rep_progress,ridge,3,haoyu0512workout|hsianshun0514workout|yoru0511workout|yushuan0513workout|ziho0512workout,yanz0510workout,tsenyu0515workout,tsenyu0515workout,db_bench_press,0,9,2.0,6.695577228074734,,,,2,7,1-2,7-8
M1_exercise_plus_rep_progress,ridge,3,haoyu0512workout|hsianshun0514workout|yoru0511workout|yushuan0513workout|ziho0512workout,yanz0510workout,tsenyu0515workout,tsenyu0515workout,db_bench_press,0,10,3.0,7.063424835216601,,,,3,7,3-4,7-8
M1_exercise_plus_rep_progress,ridge,3,haoyu0512workout|hsianshun0514workout|yoru0511workout|yushuan0513workout|ziho0512workout,yanz0510workout,tsenyu0515workout,tsenyu0515workout,db_bench_press,0,11,3.0,7.431272442358466,,,,3,7,3-4,7-8
M1_exercise_plus_rep_progress,ridge,3,haoyu0512workout|hsianshun0514workout|yoru0511workout|yushuan0513workout|ziho0512workout,yanz0510workout,tsenyu0515workout,tsenyu0515workout,db_bench_press,1,0,2.0,3.3849487637979374,,,,2,3,1-2,3-4
M1_exercise_plus_rep_progress,ridge,3,haoyu0512workout|hsianshun0514workout|yoru0511workout|yushuan0513workout|ziho0512workout,yanz0510workout,tsenyu0515workout,tsenyu0515workout,db_bench_press,1,1,2.0,3.7527963709398033,,,,2,4,1-2,3-4
M1_exercise_plus_rep_progress,ridge,3,haoyu0512workout|hsianshun0514workout|yoru0511workout|yushuan0513workout|ziho0512workout,yanz0510workout,tsenyu0515workout,tsenyu0515workout,db_bench_press,1,2,3.0,4.120643978081669,,,,3,4,3-4,3-4
M1_exercise_plus_rep_progress,ridge,3,haoyu0512workout|hsianshun0514workout|yoru0511workout|yushuan0513workout|ziho0512workout,yanz0510workout,tsenyu0515workout,tsenyu0515workout,db_bench_press,1,3,3.0,4.488491585223536,,,,3,4,3-4,3-4
M1_exercise_plus_rep_progress,ridge,3,haoyu0512workout|hsianshun0514workout|yoru0511workout|yushuan0513workout|ziho0512workout,yanz0510workout,tsenyu0515workout,tsenyu0515workout,db_bench_press,1,4,3.0,4.856339192365402,,,,3,5,3-4,5-6
M1_exercise_plus_rep_progress,ridge,3,haoyu0512workout|hsianshun0514workout|yoru0511workout|yushuan0513workout|ziho0512workout,yanz0510workout,tsenyu0515workout,tsenyu0515workout,db_bench_press,1,5,4.0,5.224186799507269,,,,4,5,3-4,5-6
M1_exercise_plus_rep_progress,ridge,3,haoyu0512workout|hsianshun0514workout|yoru0511workout|yushuan0513workout|ziho0512workout,yanz0510workout,tsenyu0515workout,tsenyu0515workout,db_bench_press,1,6,4.0,5.592034406649135,,,,4,6,3-4,5-6
M1_exercise_plus_rep_progress,ridge,3,haoyu0512workout|hsianshun0514workout|yoru0511workout|yushuan0513workout|ziho0512workout,yanz0510workout,tsenyu0515workout,tsenyu0515workout,db_bench_press,1,7,4.0,5.959882013791002,,,,4,6,3-4,5-6
M1_exercise_plus_rep_progress,ridge,3,haoyu0512workout|hsianshun0514workout|yoru0511workout|yushuan0513workout|ziho0512workout,yanz0510workout,tsenyu0515workout,tsenyu0515workout,db_bench_press,1,8,5.0,6.3277296209328675,,,,5,6,5-6,5-6
M1_exercise_plus_rep_progress,ridge,3,haoyu0512workout|hsianshun0514workout|yoru0511workout|yushuan0513workout|ziho0512workout,yanz0510workout,tsenyu0515workout,tsenyu0515workout,db_bench_press,1,9,5.0,6.695577228074734,,,,5,7,5-6,7-8
M1_exercise_plus_rep_progress,ridge,3,haoyu0512workout|hsianshun0514workout|yoru0511workout|yushuan0513workout|ziho0512workout,yanz0510workout,tsenyu0515workout,tsenyu0515workout,db_bench_press,1,10,5.0,7.063424835216601,,,,5,7,5-6,7-8
M1_exercise_plus_rep_progress,ridge,3,haoyu0512workout|hsianshun0514workout|yoru0511workout|yushuan0513workout|ziho0512workout,yanz0510workout,tsenyu0515workout,tsenyu0515workout,db_bench_press,1,11,6.0,7.431272442358466,,,,6,7,5-6,7-8
M1_exercise_plus_rep_progress,ridge,3,haoyu0512workout|hsianshun0514workout|yoru0511workout|yushuan0513workout|ziho0512workout,yanz0510workout,tsenyu0515workout,tsenyu0515workout,db_bench_press,2,0,4.0,3.3849487637979374,,,,4,3,3-4,3-4
M1_exercise_plus_rep_progress,ridge,3,haoyu0512workout|hsianshun0514workout|yoru0511workout|yushuan0513workout|ziho0512workout,yanz0510workout,tsenyu0515workout,tsenyu0515workout,db_bench_press,2,1,4.0,3.7527963709398033,,,,4,4,3-4,3-4
M1_exercise_plus_rep_progress,ridge,3,haoyu0512workout|hsianshun0514workout|yoru0511workout|yushuan0513workout|ziho0512workout,yanz0510workout,tsenyu0515workout,tsenyu0515workout,db_bench_press,2,2,4.0,4.120643978081669,,,,4,4,3-4,3-4
M1_exercise_plus_rep_progress,ridge,3,haoyu0512workout|hsianshun0514workout|yoru0511workout|yushuan0513workout|ziho0512workout,yanz0510workout,tsenyu0515workout,tsenyu0515workout,db_bench_press,2,3,5.0,4.488491585223536,,,,5,4,5-6,3-4
M1_exercise_plus_rep_progress,ridge,3,haoyu0512workout|hsianshun0514workout|yoru0511workout|yushuan0513workout|ziho0512workout,yanz0510workout,tsenyu0515workout,tsenyu0515workout,db_bench_press,2,4,5.0,4.856339192365402,,,,5,5,5-6,5-6
M1_exercise_plus_rep_progress,ridge,3,haoyu0512workout|hsianshun0514workout|yoru0511workout|yushuan0513workout|ziho0512workout,yanz0510workout,tsenyu0515workout,tsenyu0515workout,db_bench_press,2,5,5.0,5.224186799507269,,,,5,5,5-6,5-6
M1_exercise_plus_rep_progress,ridge,3,haoyu0512workout|hsianshun0514workout|yoru0511workout|yushuan0513workout|ziho0512workout,yanz0510workout,tsenyu0515workout,tsenyu0515workout,db_bench_press,2,6,6.0,5.592034406649135,,,,6,6,5-6,5-6
M1_exercise_plus_rep_progress,ridge,3,haoyu0512workout|hsianshun0514workout|yoru0511workout|yushuan0513workout|ziho0512workout,yanz0510workout,tsenyu0515workout,tsenyu0515workout,db_bench_press,2,7,6.0,5.959882013791002,,,,6,6,5-6,5-6
M1_exercise_plus_rep_progress,ridge,3,haoyu0512workout|hsianshun0514workout|yoru0511workout|yushuan0513workout|ziho0512workout,yanz0510workout,tsenyu0515workout,tsenyu0515workout,db_bench_press,2,8,6.0,6.3277296209328675,,,,6,6,5-6,5-6
M1_exercise_plus_rep_progress,ridge,3,haoyu0512workout|hsianshun0514workout|yoru0511workout|yushuan0513workout|ziho0512workout,yanz0510workout,tsenyu0515workout,tsenyu0515workout,db_bench_press,2,9,7.0,6.695577228074734,,,,7,7,7-8,7-8
M1_exercise_plus_rep_progress,ridge,3,haoyu0512workout|hsianshun0514workout|yoru0511workout|yushuan0513workout|ziho0512workout,yanz0510workout,tsenyu0515workout,tsenyu0515workout,db_bench_press,2,10,7.0,7.063424835216601,,,,7,7,7-8,7-8
M1_exercise_plus_rep_progress,ridge,3,haoyu0512workout|hsianshun0514workout|yoru0511workout|yushuan0513workout|ziho0512workout,yanz0510workout,tsenyu0515workout,tsenyu0515workout,db_bench_press,2,11,8.0,7.431272442358466,,,,8,7,7-8,7-8
M1_exercise_plus_rep_progress,ridge,3,haoyu0512workout|hsianshun0514workout|yoru0511workout|yushuan0513workout|ziho0512workout,yanz0510workout,tsenyu0515workout,tsenyu0515workout,db_biceps_curl,0,0,1.0,4.168458768824693,,,,1,4,1-2,3-4
M1_exercise_plus_rep_progress,ridge,3,haoyu0512workout|hsianshun0514workout|yoru0511workout|yushuan0513workout|ziho0512workout,yanz0510workout,tsenyu0515workout,tsenyu0515workout,db_biceps_curl,0,1,1.0,4.536306375966559,,,,1,5,1-2,5-6
M1_exercise_plus_rep_progress,ridge,3,haoyu0512workout|hsianshun0514workout|yoru0511workout|yushuan0513workout|ziho0512workout,yanz0510workout,tsenyu0515workout,tsenyu0515workout,db_biceps_curl,0,2,2.0,4.904153983108425,,,,2,5,1-2,5-6
M1_exercise_plus_rep_progress,ridge,3,haoyu0512workout|hsianshun0514workout|yoru0511workout|yushuan0513workout|ziho0512workout,yanz0510workout,tsenyu0515workout,tsenyu0515workout,db_biceps_curl,0,3,2.0,5.272001590250292,,,,2,5,1-2,5-6
M1_exercise_plus_rep_progress,ridge,3,haoyu0512workout|hsianshun0514workout|yoru0511workout|yushuan0513workout|ziho0512workout,yanz0510workout,tsenyu0515workout,tsenyu0515workout,db_biceps_curl,0,4,3.0,5.6398491973921585,,,,3,6,3-4,5-6
M1_exercise_plus_rep_progress,ridge,3,haoyu0512workout|hsianshun0514workout|yoru0511workout|yushuan0513workout|ziho0512workout,yanz0510workout,tsenyu0515workout,tsenyu0515workout,db_biceps_curl,0,5,3.0,6.007696804534024,,,,3,6,3-4,5-6
M1_exercise_plus_rep_progress,ridge,3,haoyu0512workout|hsianshun0514workout|yoru0511workout|yushuan0513workout|ziho0512workout,yanz0510workout,tsenyu0515workout,tsenyu0515workout,db_biceps_curl,0,6,4.0,6.37554441167589,,,,4,6,3-4,5-6
M1_exercise_plus_rep_progress,ridge,3,haoyu0512workout|hsianshun0514workout|yoru0511workout|yushuan0513workout|ziho0512workout,yanz0510workout,tsenyu0515workout,tsenyu0515workout,db_biceps_curl,0,7,4.0,6.743392018817757,,,,4,7,3-4,7-8
M1_exercise_plus_rep_progress,ridge,3,haoyu0512workout|hsianshun0514workout|yoru0511workout|yushuan0513workout|ziho0512workout,yanz0510workout,tsenyu0515workout,tsenyu0515workout,db_biceps_curl,0,8,5.0,7.111239625959623,,,,5,7,5-6,7-8
M1_exercise_plus_rep_progress,ridge,3,haoyu0512workout|hsianshun0514workout|yoru0511workout|yushuan0513workout|ziho0512workout,yanz0510workout,tsenyu0515workout,tsenyu0515workout,db_biceps_curl,0,9,5.0,7.47908723310149,,,,5,7,5-6,7-8
M1_exercise_plus_rep_progress,ridge,3,haoyu0512workout|hsianshun0514workout|yoru0511workout|yushuan0513workout|ziho0512workout,yanz0510workout,tsenyu0515workout,tsenyu0515workout,db_biceps_curl,0,10,5.0,7.846934840243357,,,,5,8,5-6,7-8
M1_exercise_plus_rep_progress,ridge,3,haoyu0512workout|hsianshun0514workout|yoru0511workout|yushuan0513workout|ziho0512workout,yanz0510workout,tsenyu0515workout,tsenyu0515workout,db_biceps_curl,0,11,6.0,8.214782447385222,,,,6,8,5-6,7-8
M1_exercise_plus_rep_progress,ridge,3,haoyu0512workout|hsianshun0514workout|yoru0511workout|yushuan0513workout|ziho0512workout,yanz0510workout,tsenyu0515workout,tsenyu0515workout,db_biceps_curl,1,0,5.0,4.168458768824693,,,,5,4,5-6,3-4
M1_exercise_plus_rep_progress,ridge,3,haoyu0512workout|hsianshun0514workout|yoru0511workout|yushuan0513workout|ziho0512workout,yanz0510workout,tsenyu0515workout,tsenyu0515workout,db_biceps_curl,1,1,5.0,4.573091136680746,,,,5,5,5-6,5-6
M1_exercise_plus_rep_progress,ridge,3,haoyu0512workout|hsianshun0514workout|yoru0511workout|yushuan0513workout|ziho0512workout,yanz0510workout,tsenyu0515workout,tsenyu0515workout,db_biceps_curl,1,2,5.0,4.977723504536799,,,,5,5,5-6,5-6
M1_exercise_plus_rep_progress,ridge,3,haoyu0512workout|hsianshun0514workout|yoru0511workout|yushuan0513workout|ziho0512workout,yanz0510workout,tsenyu0515workout,tsenyu0515workout,db_biceps_curl,1,3,5.0,5.382355872392852,,,,5,5,5-6,5-6
M1_exercise_plus_rep_progress,ridge,3,haoyu0512workout|hsianshun0514workout|yoru0511workout|yushuan0513workout|ziho0512workout,yanz0510workout,tsenyu0515workout,tsenyu0515workout,db_biceps_curl,1,4,6.0,5.786988240248905,,,,6,6,5-6,5-6
M1_exercise_plus_rep_progress,ridge,3,haoyu0512workout|hsianshun0514workout|yoru0511workout|yushuan0513workout|ziho0512workout,yanz0510workout,tsenyu0515workout,tsenyu0515workout,db_biceps_curl,1,5,6.0,6.191620608104958,,,,6,6,5-6,5-6
M1_exercise_plus_rep_progress,ridge,3,haoyu0512workout|hsianshun0514workout|yoru0511workout|yushuan0513workout|ziho0512workout,yanz0510workout,tsenyu0515workout,tsenyu0515workout,db_biceps_curl,1,6,6.0,6.5962529759610105,,,,6,7,5-6,7-8
M1_exercise_plus_rep_progress,ridge,3,haoyu0512workout|hsianshun0514workout|yoru0511workout|yushuan0513workout|ziho0512workout,yanz0510workout,tsenyu0515workout,tsenyu0515workout,db_biceps_curl,1,7,7.0,7.000885343817063,,,,7,7,7-8,7-8
M1_exercise_plus_rep_progress,ridge,3,haoyu0512workout|hsianshun0514workout|yoru0511workout|yushuan0513workout|ziho0512workout,yanz0510workout,tsenyu0515workout,tsenyu0515workout,db_biceps_curl,1,8,8.0,7.405517711673117,,,,8,7,7-8,7-8
M1_exercise_plus_rep_progress,ridge,3,haoyu0512workout|hsianshun0514workout|yoru0511workout|yushuan0513workout|ziho0512workout,yanz0510workout,tsenyu0515workout,tsenyu0515workout,db_biceps_curl,1,9,8.0,7.81015007952917,,,,8,8,7-8,7-8
M1_exercise_plus_rep_progress,ridge,3,haoyu0512workout|hsianshun0514workout|yoru0511workout|yushuan0513workout|ziho0512workout,yanz0510workout,tsenyu0515workout,tsenyu0515workout,db_biceps_curl,1,10,9.0,8.214782447385222,,,,9,8,9-10,7-8
M1_exercise_plus_rep_progress,ridge,3,haoyu0512workout|hsianshun0514workout|yoru0511workout|yushuan0513workout|ziho0512workout,yanz0510workout,tsenyu0515workout,tsenyu0515workout,db_biceps_curl,2,0,6.0,4.168458768824693,,,,6,4,5-6,3-4
M1_exercise_plus_rep_progress,ridge,3,haoyu0512workout|hsianshun0514workout|yoru0511workout|yushuan0513workout|ziho0512workout,yanz0510workout,tsenyu0515workout,tsenyu0515workout,db_biceps_curl,2,1,6.0,4.536306375966559,,,,6,5,5-6,5-6
M1_exercise_plus_rep_progress,ridge,3,haoyu0512workout|hsianshun0514workout|yoru0511workout|yushuan0513workout|ziho0512workout,yanz0510workout,tsenyu0515workout,tsenyu0515workout,db_biceps_curl,2,2,6.0,4.904153983108425,,,,6,5,5-6,5-6
M1_exercise_plus_rep_progress,ridge,3,haoyu0512workout|hsianshun0514workout|yoru0511workout|yushuan0513workout|ziho0512workout,yanz0510workout,tsenyu0515workout,tsenyu0515workout,db_biceps_curl,2,3,6.0,5.272001590250292,,,,6,5,5-6,5-6
M1_exercise_plus_rep_progress,ridge,3,haoyu0512workout|hsianshun0514workout|yoru0511workout|yushuan0513workout|ziho0512workout,yanz0510workout,tsenyu0515workout,tsenyu0515workout,db_biceps_curl,2,4,6.0,5.6398491973921585,,,,6,6,5-6,5-6
M1_exercise_plus_rep_progress,ridge,3,haoyu0512workout|hsianshun0514workout|yoru0511workout|yushuan0513workout|ziho0512workout,yanz0510workout,tsenyu0515workout,tsenyu0515workout,db_biceps_curl,2,5,7.0,6.007696804534024,,,,7,6,7-8,5-6
M1_exercise_plus_rep_progress,ridge,3,haoyu0512workout|hsianshun0514workout|yoru0511workout|yushuan0513workout|ziho0512workout,yanz0510workout,tsenyu0515workout,tsenyu0515workout,db_biceps_curl,2,6,7.0,6.37554441167589,,,,7,6,7-8,5-6
M1_exercise_plus_rep_progress,ridge,3,haoyu0512workout|hsianshun0514workout|yoru0511workout|yushuan0513workout|ziho0512workout,yanz0510workout,tsenyu0515workout,tsenyu0515workout,db_biceps_curl,2,7,7.0,6.743392018817757,,,,7,7,7-8,7-8
M1_exercise_plus_rep_progress,ridge,3,haoyu0512workout|hsianshun0514workout|yoru0511workout|yushuan0513workout|ziho0512workout,yanz0510workout,tsenyu0515workout,tsenyu0515workout,db_biceps_curl,2,8,8.0,7.111239625959623,,,,8,7,7-8,7-8
M1_exercise_plus_rep_progress,ridge,3,haoyu0512workout|hsianshun0514workout|yoru0511workout|yushuan0513workout|ziho0512workout,yanz0510workout,tsenyu0515workout,tsenyu0515workout,db_biceps_curl,2,9,8.0,7.47908723310149,,,,8,7,7-8,7-8
M1_exercise_plus_rep_progress,ridge,3,haoyu0512workout|hsianshun0514workout|yoru0511workout|yushuan0513workout|ziho0512workout,yanz0510workout,tsenyu0515workout,tsenyu0515workout,db_biceps_curl,2,10,8.0,7.846934840243357,,,,8,8,7-8,7-8
M1_exercise_plus_rep_progress,ridge,3,haoyu0512workout|hsianshun0514workout|yoru0511workout|yushuan0513workout|ziho0512workout,yanz0510workout,tsenyu0515workout,tsenyu0515workout,db_biceps_curl,2,11,9.0,8.214782447385222,,,,9,8,9-10,7-8
M1_exercise_plus_rep_progress,ridge,3,haoyu0512workout|hsianshun0514workout|yoru0511workout|yushuan0513workout|ziho0512workout,yanz0510workout,tsenyu0515workout,tsenyu0515workout,db_rdl,0,0,1.0,3.252937883529943,,,,1,3,1-2,3-4
M1_exercise_plus_rep_progress,ridge,3,haoyu0512workout|hsianshun0514workout|yoru0511workout|yushuan0513workout|ziho0512workout,yanz0510workout,tsenyu0515workout,tsenyu0515workout,db_rdl,0,1,1.0,3.620785490671809,,,,1,4,1-2,3-4
M1_exercise_plus_rep_progress,ridge,3,haoyu0512workout|hsianshun0514workout|yoru0511workout|yushuan0513workout|ziho0512workout,yanz0510workout,tsenyu0515workout,tsenyu0515workout,db_rdl,0,2,2.0,3.988633097813675,,,,2,4,1-2,3-4
M1_exercise_plus_rep_progress,ridge,3,haoyu0512workout|hsianshun0514workout|yoru0511workout|yushuan0513workout|ziho0512workout,yanz0510workout,tsenyu0515workout,tsenyu0515workout,db_rdl,0,3,2.0,4.356480704955542,,,,2,4,1-2,3-4
M1_exercise_plus_rep_progress,ridge,3,haoyu0512workout|hsianshun0514workout|yoru0511workout|yushuan0513workout|ziho0512workout,yanz0510workout,tsenyu0515workout,tsenyu0515workout,db_rdl,0,4,2.0,4.724328312097408,,,,2,5,1-2,5-6
M1_exercise_plus_rep_progress,ridge,3,haoyu0512workout|hsianshun0514workout|yoru0511workout|yushuan0513workout|ziho0512workout,yanz0510workout,tsenyu0515workout,tsenyu0515workout,db_rdl,0,5,3.0,5.092175919239274,,,,3,5,3-4,5-6
M1_exercise_plus_rep_progress,ridge,3,haoyu0512workout|hsianshun0514workout|yoru0511workout|yushuan0513workout|ziho0512workout,yanz0510workout,tsenyu0515workout,tsenyu0515workout,db_rdl,0,6,4.0,5.460023526381141,,,,4,5,3-4,5-6
M1_exercise_plus_rep_progress,ridge,3,haoyu0512workout|hsianshun0514workout|yoru0511workout|yushuan0513workout|ziho0512workout,yanz0510workout,tsenyu0515workout,tsenyu0515workout,db_rdl,0,7,4.0,5.827871133523008,,,,4,6,3-4,5-6
M1_exercise_plus_rep_progress,ridge,3,haoyu0512workout|hsianshun0514workout|yoru0511workout|yushuan0513workout|ziho0512workout,yanz0510workout,tsenyu0515workout,tsenyu0515workout,db_rdl,0,8,5.0,6.195718740664874,,,,5,6,5-6,5-6
M1_exercise_plus_rep_progress,ridge,3,haoyu0512workout|hsianshun0514workout|yoru0511workout|yushuan0513workout|ziho0512workout,yanz0510workout,tsenyu0515workout,tsenyu0515workout,db_rdl,0,9,5.0,6.5635663478067405,,,,5,7,5-6,7-8
M1_exercise_plus_rep_progress,ridge,3,haoyu0512workout|hsianshun0514workout|yoru0511workout|yushuan0513workout|ziho0512workout,yanz0510workout,tsenyu0515workout,tsenyu0515workout,db_rdl,0,10,6.0,6.9314139549486065,,,,6,7,5-6,7-8
M1_exercise_plus_rep_progress,ridge,3,haoyu0512workout|hsianshun0514workout|yoru0511workout|yushuan0513workout|ziho0512workout,yanz0510workout,tsenyu0515workout,tsenyu0515workout,db_rdl,0,11,6.0,7.299261562090472,,,,6,7,5-6,7-8
M1_exercise_plus_rep_progress,ridge,3,haoyu0512workout|hsianshun0514workout|yoru0511workout|yushuan0513workout|ziho0512workout,yanz0510workout,tsenyu0515workout,tsenyu0515workout,db_rdl,1,0,4.0,3.252937883529943,,,,4,3,3-4,3-4
M1_exercise_plus_rep_progress,ridge,3,haoyu0512workout|hsianshun0514workout|yoru0511workout|yushuan0513workout|ziho0512workout,yanz0510workout,tsenyu0515workout,tsenyu0515workout,db_rdl,1,1,4.0,3.657570251385996,,,,4,4,3-4,3-4
M1_exercise_plus_rep_progress,ridge,3,haoyu0512workout|hsianshun0514workout|yoru0511workout|yushuan0513workout|ziho0512workout,yanz0510workout,tsenyu0515workout,tsenyu0515workout,db_rdl,1,2,4.0,4.062202619242049,,,,4,4,3-4,3-4
M1_exercise_plus_rep_progress,ridge,3,haoyu0512workout|hsianshun0514workout|yoru0511workout|yushuan0513workout|ziho0512workout,yanz0510workout,tsenyu0515workout,tsenyu0515workout,db_rdl,1,3,5.0,4.4668349870981015,,,,5,4,5-6,3-4
M1_exercise_plus_rep_progress,ridge,3,haoyu0512workout|hsianshun0514workout|yoru0511workout|yushuan0513workout|ziho0512workout,yanz0510workout,tsenyu0515workout,tsenyu0515workout,db_rdl,1,4,5.0,4.871467354954155,,,,5,5,5-6,5-6
M1_exercise_plus_rep_progress,ridge,3,haoyu0512workout|hsianshun0514workout|yoru0511workout|yushuan0513workout|ziho0512workout,yanz0510workout,tsenyu0515workout,tsenyu0515workout,db_rdl,1,5,6.0,5.276099722810208,,,,6,5,5-6,5-6
M1_exercise_plus_rep_progress,ridge,3,haoyu0512workout|hsianshun0514workout|yoru0511workout|yushuan0513workout|ziho0512workout,yanz0510workout,tsenyu0515workout,tsenyu0515workout,db_rdl,1,6,7.0,5.680732090666261,,,,7,6,7-8,5-6
M1_exercise_plus_rep_progress,ridge,3,haoyu0512workout|hsianshun0514workout|yoru0511workout|yushuan0513workout|ziho0512workout,yanz0510workout,tsenyu0515workout,tsenyu0515workout,db_rdl,1,7,7.0,6.085364458522314,,,,7,6,7-8,5-6
M1_exercise_plus_rep_progress,ridge,3,haoyu0512workout|hsianshun0514workout|yoru0511workout|yushuan0513workout|ziho0512workout,yanz0510workout,tsenyu0515workout,tsenyu0515workout,db_rdl,1,8,8.0,6.489996826378366,,,,8,6,7-8,5-6
M1_exercise_plus_rep_progress,ridge,3,haoyu0512workout|hsianshun0514workout|yoru0511workout|yushuan0513workout|ziho0512workout,yanz0510workout,tsenyu0515workout,tsenyu0515workout,db_rdl,1,9,9.0,6.89462919423442,,,,9,7,9-10,7-8
M1_exercise_plus_rep_progress,ridge,3,haoyu0512workout|hsianshun0514workout|yoru0511workout|yushuan0513workout|ziho0512workout,yanz0510workout,tsenyu0515workout,tsenyu0515workout,db_rdl,1,10,10.0,7.299261562090472,,,,10,7,9-10,7-8
M1_exercise_plus_rep_progress,ridge,3,haoyu0512workout|hsianshun0514workout|yoru0511workout|yushuan0513workout|ziho0512workout,yanz0510workout,tsenyu0515workout,tsenyu0515workout,db_rdl,2,0,5.0,3.252937883529943,,,,5,3,5-6,3-4
M1_exercise_plus_rep_progress,ridge,3,haoyu0512workout|hsianshun0514workout|yoru0511workout|yushuan0513workout|ziho0512workout,yanz0510workout,tsenyu0515workout,tsenyu0515workout,db_rdl,2,1,5.0,3.927325163290031,,,,5,4,5-6,3-4
M1_exercise_plus_rep_progress,ridge,3,haoyu0512workout|hsianshun0514workout|yoru0511workout|yushuan0513workout|ziho0512workout,yanz0510workout,tsenyu0515workout,tsenyu0515workout,db_rdl,2,2,5.0,4.601712443050119,,,,5,5,5-6,5-6
M1_exercise_plus_rep_progress,ridge,3,haoyu0512workout|hsianshun0514workout|yoru0511workout|yushuan0513workout|ziho0512workout,yanz0510workout,tsenyu0515workout,tsenyu0515workout,db_rdl,2,3,6.0,5.276099722810208,,,,6,5,5-6,5-6
M1_exercise_plus_rep_progress,ridge,3,haoyu0512workout|hsianshun0514workout|yoru0511workout|yushuan0513workout|ziho0512workout,yanz0510workout,tsenyu0515workout,tsenyu0515workout,db_rdl,2,4,6.0,5.950487002570296,,,,6,6,5-6,5-6
M1_exercise_plus_rep_progress,ridge,3,haoyu0512workout|hsianshun0514workout|yoru0511workout|yushuan0513workout|ziho0512workout,yanz0510workout,tsenyu0515workout,tsenyu0515workout,db_rdl,2,5,6.0,6.624874282330384,,,,6,7,5-6,7-8
M1_exercise_plus_rep_progress,ridge,3,haoyu0512workout|hsianshun0514workout|yoru0511workout|yushuan0513workout|ziho0512workout,yanz0510workout,tsenyu0515workout,tsenyu0515workout,db_rdl,2,6,6.0,7.299261562090472,,,,6,7,5-6,7-8
M1_exercise_plus_rep_progress,ridge,3,haoyu0512workout|hsianshun0514workout|yoru0511workout|yushuan0513workout|ziho0512workout,yanz0510workout,tsenyu0515workout,tsenyu0515workout,db_shoulder_press,0,0,1.0,4.12419655794123,,,,1,4,1-2,3-4
M1_exercise_plus_rep_progress,ridge,3,haoyu0512workout|hsianshun0514workout|yoru0511workout|yushuan0513workout|ziho0512workout,yanz0510workout,tsenyu0515workout,tsenyu0515workout,db_shoulder_press,0,1,1.0,4.492044165083096,,,,1,4,1-2,3-4
M1_exercise_plus_rep_progress,ridge,3,haoyu0512workout|hsianshun0514workout|yoru0511workout|yushuan0513workout|ziho0512workout,yanz0510workout,tsenyu0515workout,tsenyu0515workout,db_shoulder_press,0,2,1.0,4.859891772224962,,,,1,5,1-2,5-6
M1_exercise_plus_rep_progress,ridge,3,haoyu0512workout|hsianshun0514workout|yoru0511workout|yushuan0513workout|ziho0512workout,yanz0510workout,tsenyu0515workout,tsenyu0515workout,db_shoulder_press,0,3,2.0,5.227739379366829,,,,2,5,1-2,5-6
M1_exercise_plus_rep_progress,ridge,3,haoyu0512workout|hsianshun0514workout|yoru0511workout|yushuan0513workout|ziho0512workout,yanz0510workout,tsenyu0515workout,tsenyu0515workout,db_shoulder_press,0,4,2.0,5.595586986508695,,,,2,6,1-2,5-6
M1_exercise_plus_rep_progress,ridge,3,haoyu0512workout|hsianshun0514workout|yoru0511workout|yushuan0513workout|ziho0512workout,yanz0510workout,tsenyu0515workout,tsenyu0515workout,db_shoulder_press,0,5,2.0,5.963434593650561,,,,2,6,1-2,5-6
M1_exercise_plus_rep_progress,ridge,3,haoyu0512workout|hsianshun0514workout|yoru0511workout|yushuan0513workout|ziho0512workout,yanz0510workout,tsenyu0515workout,tsenyu0515workout,db_shoulder_press,0,6,3.0,6.331282200792428,,,,3,6,3-4,5-6
M1_exercise_plus_rep_progress,ridge,3,haoyu0512workout|hsianshun0514workout|yoru0511workout|yushuan0513workout|ziho0512workout,yanz0510workout,tsenyu0515workout,tsenyu0515workout,db_shoulder_press,0,7,3.0,6.699129807934294,,,,3,7,3-4,7-8
M1_exercise_plus_rep_progress,ridge,3,haoyu0512workout|hsianshun0514workout|yoru0511workout|yushuan0513workout|ziho0512workout,yanz0510workout,tsenyu0515workout,tsenyu0515workout,db_shoulder_press,0,8,4.0,7.066977415076161,,,,4,7,3-4,7-8
M1_exercise_plus_rep_progress,ridge,3,haoyu0512workout|hsianshun0514workout|yoru0511workout|yushuan0513workout|ziho0512workout,yanz0510workout,tsenyu0515workout,tsenyu0515workout,db_shoulder_press,0,9,4.0,7.434825022218027,,,,4,7,3-4,7-8
M1_exercise_plus_rep_progress,ridge,3,haoyu0512workout|hsianshun0514workout|yoru0511workout|yushuan0513workout|ziho0512workout,yanz0510workout,tsenyu0515workout,tsenyu0515workout,db_shoulder_press,0,10,5.0,7.802672629359893,,,,5,8,5-6,7-8
M1_exercise_plus_rep_progress,ridge,3,haoyu0512workout|hsianshun0514workout|yoru0511workout|yushuan0513workout|ziho0512workout,yanz0510workout,tsenyu0515workout,tsenyu0515workout,db_shoulder_press,0,11,5.0,8.17052023650176,,,,5,8,5-6,7-8
M1_exercise_plus_rep_progress,ridge,3,haoyu0512workout|hsianshun0514workout|yoru0511workout|yushuan0513workout|ziho0512workout,yanz0510workout,tsenyu0515workout,tsenyu0515workout,db_shoulder_press,1,0,4.0,4.12419655794123,,,,4,4,3-4,3-4
M1_exercise_plus_rep_progress,ridge,3,haoyu0512workout|hsianshun0514workout|yoru0511workout|yushuan0513workout|ziho0512workout,yanz0510workout,tsenyu0515workout,tsenyu0515workout,db_shoulder_press,1,1,4.0,4.492044165083096,,,,4,4,3-4,3-4
M1_exercise_plus_rep_progress,ridge,3,haoyu0512workout|hsianshun0514workout|yoru0511workout|yushuan0513workout|ziho0512workout,yanz0510workout,tsenyu0515workout,tsenyu0515workout,db_shoulder_press,1,2,4.0,4.859891772224962,,,,4,5,3-4,5-6
M1_exercise_plus_rep_progress,ridge,3,haoyu0512workout|hsianshun0514workout|yoru0511workout|yushuan0513workout|ziho0512workout,yanz0510workout,tsenyu0515workout,tsenyu0515workout,db_shoulder_press,1,3,5.0,5.227739379366829,,,,5,5,5-6,5-6
M1_exercise_plus_rep_progress,ridge,3,haoyu0512workout|hsianshun0514workout|yoru0511workout|yushuan0513workout|ziho0512workout,yanz0510workout,tsenyu0515workout,tsenyu0515workout,db_shoulder_press,1,4,5.0,5.595586986508695,,,,5,6,5-6,5-6
M1_exercise_plus_rep_progress,ridge,3,haoyu0512workout|hsianshun0514workout|yoru0511workout|yushuan0513workout|ziho0512workout,yanz0510workout,tsenyu0515workout,tsenyu0515workout,db_shoulder_press,1,5,5.0,5.963434593650561,,,,5,6,5-6,5-6
M1_exercise_plus_rep_progress,ridge,3,haoyu0512workout|hsianshun0514workout|yoru0511workout|yushuan0513workout|ziho0512workout,yanz0510workout,tsenyu0515workout,tsenyu0515workout,db_shoulder_press,1,6,6.0,6.331282200792428,,,,6,6,5-6,5-6
M1_exercise_plus_rep_progress,ridge,3,haoyu0512workout|hsianshun0514workout|yoru0511workout|yushuan0513workout|ziho0512workout,yanz0510workout,tsenyu0515workout,tsenyu0515workout,db_shoulder_press,1,7,6.0,6.699129807934294,,,,6,7,5-6,7-8
M1_exercise_plus_rep_progress,ridge,3,haoyu0512workout|hsianshun0514workout|yoru0511workout|yushuan0513workout|ziho0512workout,yanz0510workout,tsenyu0515workout,tsenyu0515workout,db_shoulder_press,1,8,7.0,7.066977415076161,,,,7,7,7-8,7-8
M1_exercise_plus_rep_progress,ridge,3,haoyu0512workout|hsianshun0514workout|yoru0511workout|yushuan0513workout|ziho0512workout,yanz0510workout,tsenyu0515workout,tsenyu0515workout,db_shoulder_press,1,9,7.0,7.434825022218027,,,,7,7,7-8,7-8
M1_exercise_plus_rep_progress,ridge,3,haoyu0512workout|hsianshun0514workout|yoru0511workout|yushuan0513workout|ziho0512workout,yanz0510workout,tsenyu0515workout,tsenyu0515workout,db_shoulder_press,1,10,8.0,7.802672629359893,,,,8,8,7-8,7-8
M1_exercise_plus_rep_progress,ridge,3,haoyu0512workout|hsianshun0514workout|yoru0511workout|yushuan0513workout|ziho0512workout,yanz0510workout,tsenyu0515workout,tsenyu0515workout,db_shoulder_press,1,11,8.0,8.17052023650176,,,,8,8,7-8,7-8
M1_exercise_plus_rep_progress,ridge,3,haoyu0512workout|hsianshun0514workout|yoru0511workout|yushuan0513workout|ziho0512workout,yanz0510workout,tsenyu0515workout,tsenyu0515workout,db_shoulder_press,2,0,5.0,4.12419655794123,,,,5,4,5-6,3-4
M1_exercise_plus_rep_progress,ridge,3,haoyu0512workout|hsianshun0514workout|yoru0511workout|yushuan0513workout|ziho0512workout,yanz0510workout,tsenyu0515workout,tsenyu0515workout,db_shoulder_press,2,1,5.0,4.492044165083096,,,,5,4,5-6,3-4
M1_exercise_plus_rep_progress,ridge,3,haoyu0512workout|hsianshun0514workout|yoru0511workout|yushuan0513workout|ziho0512workout,yanz0510workout,tsenyu0515workout,tsenyu0515workout,db_shoulder_press,2,2,5.0,4.859891772224962,,,,5,5,5-6,5-6
M1_exercise_plus_rep_progress,ridge,3,haoyu0512workout|hsianshun0514workout|yoru0511workout|yushuan0513workout|ziho0512workout,yanz0510workout,tsenyu0515workout,tsenyu0515workout,db_shoulder_press,2,3,5.0,5.227739379366829,,,,5,5,5-6,5-6
M1_exercise_plus_rep_progress,ridge,3,haoyu0512workout|hsianshun0514workout|yoru0511workout|yushuan0513workout|ziho0512workout,yanz0510workout,tsenyu0515workout,tsenyu0515workout,db_shoulder_press,2,4,6.0,5.595586986508695,,,,6,6,5-6,5-6
M1_exercise_plus_rep_progress,ridge,3,haoyu0512workout|hsianshun0514workout|yoru0511workout|yushuan0513workout|ziho0512workout,yanz0510workout,tsenyu0515workout,tsenyu0515workout,db_shoulder_press,2,5,6.0,5.963434593650561,,,,6,6,5-6,5-6
M1_exercise_plus_rep_progress,ridge,3,haoyu0512workout|hsianshun0514workout|yoru0511workout|yushuan0513workout|ziho0512workout,yanz0510workout,tsenyu0515workout,tsenyu0515workout,db_shoulder_press,2,6,6.0,6.331282200792428,,,,6,6,5-6,5-6
M1_exercise_plus_rep_progress,ridge,3,haoyu0512workout|hsianshun0514workout|yoru0511workout|yushuan0513workout|ziho0512workout,yanz0510workout,tsenyu0515workout,tsenyu0515workout,db_shoulder_press,2,7,7.0,6.699129807934294,,,,7,7,7-8,7-8
M1_exercise_plus_rep_progress,ridge,3,haoyu0512workout|hsianshun0514workout|yoru0511workout|yushuan0513workout|ziho0512workout,yanz0510workout,tsenyu0515workout,tsenyu0515workout,db_shoulder_press,2,8,7.0,7.066977415076161,,,,7,7,7-8,7-8
M1_exercise_plus_rep_progress,ridge,3,haoyu0512workout|hsianshun0514workout|yoru0511workout|yushuan0513workout|ziho0512workout,yanz0510workout,tsenyu0515workout,tsenyu0515workout,db_shoulder_press,2,9,7.0,7.434825022218027,,,,7,7,7-8,7-8
M1_exercise_plus_rep_progress,ridge,3,haoyu0512workout|hsianshun0514workout|yoru0511workout|yushuan0513workout|ziho0512workout,yanz0510workout,tsenyu0515workout,tsenyu0515workout,db_shoulder_press,2,10,8.0,7.802672629359893,,,,8,8,7-8,7-8
M1_exercise_plus_rep_progress,ridge,3,haoyu0512workout|hsianshun0514workout|yoru0511workout|yushuan0513workout|ziho0512workout,yanz0510workout,tsenyu0515workout,tsenyu0515workout,db_shoulder_press,2,11,9.0,8.17052023650176,,,,9,8,9-10,7-8
M1_exercise_plus_rep_progress,ridge,3,haoyu0512workout|hsianshun0514workout|yoru0511workout|yushuan0513workout|ziho0512workout,yanz0510workout,tsenyu0515workout,tsenyu0515workout,db_squat,1,0,1.0,2.990662322372253,,,,1,3,1-2,3-4
M1_exercise_plus_rep_progress,ridge,3,haoyu0512workout|hsianshun0514workout|yoru0511workout|yushuan0513workout|ziho0512workout,yanz0510workout,tsenyu0515workout,tsenyu0515workout,db_squat,1,1,1.0,3.3585099295141188,,,,1,3,1-2,3-4
M1_exercise_plus_rep_progress,ridge,3,haoyu0512workout|hsianshun0514workout|yoru0511workout|yushuan0513workout|ziho0512workout,yanz0510workout,tsenyu0515workout,tsenyu0515workout,db_squat,1,2,1.0,3.7263575366559847,,,,1,4,1-2,3-4
M1_exercise_plus_rep_progress,ridge,3,haoyu0512workout|hsianshun0514workout|yoru0511workout|yushuan0513workout|ziho0512workout,yanz0510workout,tsenyu0515workout,tsenyu0515workout,db_squat,1,3,2.0,4.0942051437978515,,,,2,4,1-2,3-4
M1_exercise_plus_rep_progress,ridge,3,haoyu0512workout|hsianshun0514workout|yoru0511workout|yushuan0513workout|ziho0512workout,yanz0510workout,tsenyu0515workout,tsenyu0515workout,db_squat,1,4,2.0,4.462052750939717,,,,2,4,1-2,3-4
M1_exercise_plus_rep_progress,ridge,3,haoyu0512workout|hsianshun0514workout|yoru0511workout|yushuan0513workout|ziho0512workout,yanz0510workout,tsenyu0515workout,tsenyu0515workout,db_squat,1,5,2.0,4.829900358081584,,,,2,5,1-2,5-6
M1_exercise_plus_rep_progress,ridge,3,haoyu0512workout|hsianshun0514workout|yoru0511workout|yushuan0513workout|ziho0512workout,yanz0510workout,tsenyu0515workout,tsenyu0515workout,db_squat,1,6,2.0,5.19774796522345,,,,2,5,1-2,5-6
M1_exercise_plus_rep_progress,ridge,3,haoyu0512workout|hsianshun0514workout|yoru0511workout|yushuan0513workout|ziho0512workout,yanz0510workout,tsenyu0515workout,tsenyu0515workout,db_squat,1,7,3.0,5.565595572365317,,,,3,6,3-4,5-6
M1_exercise_plus_rep_progress,ridge,3,haoyu0512workout|hsianshun0514workout|yoru0511workout|yushuan0513workout|ziho0512workout,yanz0510workout,tsenyu0515workout,tsenyu0515workout,db_squat,1,8,3.0,5.933443179507183,,,,3,6,3-4,5-6
M1_exercise_plus_rep_progress,ridge,3,haoyu0512workout|hsianshun0514workout|yoru0511workout|yushuan0513workout|ziho0512workout,yanz0510workout,tsenyu0515workout,tsenyu0515workout,db_squat,1,9,3.0,6.30129078664905,,,,3,6,3-4,5-6
M1_exercise_plus_rep_progress,ridge,3,haoyu0512workout|hsianshun0514workout|yoru0511workout|yushuan0513workout|ziho0512workout,yanz0510workout,tsenyu0515workout,tsenyu0515workout,db_squat,1,10,4.0,6.6691383937909166,,,,4,7,3-4,7-8
M1_exercise_plus_rep_progress,ridge,3,haoyu0512workout|hsianshun0514workout|yoru0511workout|yushuan0513workout|ziho0512workout,yanz0510workout,tsenyu0515workout,tsenyu0515workout,db_squat,1,11,4.0,7.036986000932782,,,,4,7,3-4,7-8
M1_exercise_plus_rep_progress,ridge,3,haoyu0512workout|hsianshun0514workout|yoru0511workout|yushuan0513workout|ziho0512workout,yanz0510workout,tsenyu0515workout,tsenyu0515workout,db_squat,2,0,4.0,2.990662322372253,,,,4,3,3-4,3-4
M1_exercise_plus_rep_progress,ridge,3,haoyu0512workout|hsianshun0514workout|yoru0511workout|yushuan0513workout|ziho0512workout,yanz0510workout,tsenyu0515workout,tsenyu0515workout,db_squat,2,1,4.0,3.3585099295141188,,,,4,3,3-4,3-4
M1_exercise_plus_rep_progress,ridge,3,haoyu0512workout|hsianshun0514workout|yoru0511workout|yushuan0513workout|ziho0512workout,yanz0510workout,tsenyu0515workout,tsenyu0515workout,db_squat,2,2,4.0,3.7263575366559847,,,,4,4,3-4,3-4
M1_exercise_plus_rep_progress,ridge,3,haoyu0512workout|hsianshun0514workout|yoru0511workout|yushuan0513workout|ziho0512workout,yanz0510workout,tsenyu0515workout,tsenyu0515workout,db_squat,2,3,4.0,4.0942051437978515,,,,4,4,3-4,3-4
M1_exercise_plus_rep_progress,ridge,3,haoyu0512workout|hsianshun0514workout|yoru0511workout|yushuan0513workout|ziho0512workout,yanz0510workout,tsenyu0515workout,tsenyu0515workout,db_squat,2,4,5.0,4.462052750939717,,,,5,4,5-6,3-4
M1_exercise_plus_rep_progress,ridge,3,haoyu0512workout|hsianshun0514workout|yoru0511workout|yushuan0513workout|ziho0512workout,yanz0510workout,tsenyu0515workout,tsenyu0515workout,db_squat,2,5,5.0,4.829900358081584,,,,5,5,5-6,5-6
M1_exercise_plus_rep_progress,ridge,3,haoyu0512workout|hsianshun0514workout|yoru0511workout|yushuan0513workout|ziho0512workout,yanz0510workout,tsenyu0515workout,tsenyu0515workout,db_squat,2,6,5.0,5.19774796522345,,,,5,5,5-6,5-6
M1_exercise_plus_rep_progress,ridge,3,haoyu0512workout|hsianshun0514workout|yoru0511workout|yushuan0513workout|ziho0512workout,yanz0510workout,tsenyu0515workout,tsenyu0515workout,db_squat,2,7,5.0,5.565595572365317,,,,5,6,5-6,5-6
M1_exercise_plus_rep_progress,ridge,3,haoyu0512workout|hsianshun0514workout|yoru0511workout|yushuan0513workout|ziho0512workout,yanz0510workout,tsenyu0515workout,tsenyu0515workout,db_squat,2,8,5.0,5.933443179507183,,,,5,6,5-6,5-6
M1_exercise_plus_rep_progress,ridge,3,haoyu0512workout|hsianshun0514workout|yoru0511workout|yushuan0513workout|ziho0512workout,yanz0510workout,tsenyu0515workout,tsenyu0515workout,db_squat,2,9,5.0,6.30129078664905,,,,5,6,5-6,5-6
M1_exercise_plus_rep_progress,ridge,3,haoyu0512workout|hsianshun0514workout|yoru0511workout|yushuan0513workout|ziho0512workout,yanz0510workout,tsenyu0515workout,tsenyu0515workout,db_squat,2,10,5.0,6.6691383937909166,,,,5,7,5-6,7-8
M1_exercise_plus_rep_progress,ridge,3,haoyu0512workout|hsianshun0514workout|yoru0511workout|yushuan0513workout|ziho0512workout,yanz0510workout,tsenyu0515workout,tsenyu0515workout,db_squat,2,11,6.0,7.036986000932782,,,,6,7,5-6,7-8
M1_exercise_plus_rep_progress,ridge,3,haoyu0512workout|hsianshun0514workout|yoru0511workout|yushuan0513workout|ziho0512workout,yanz0510workout,tsenyu0515workout,tsenyu0515workout,db_squat,3,0,4.0,2.990662322372253,,,,4,3,3-4,3-4
M1_exercise_plus_rep_progress,ridge,3,haoyu0512workout|hsianshun0514workout|yoru0511workout|yushuan0513workout|ziho0512workout,yanz0510workout,tsenyu0515workout,tsenyu0515workout,db_squat,3,1,4.0,3.3585099295141188,,,,4,3,3-4,3-4
M1_exercise_plus_rep_progress,ridge,3,haoyu0512workout|hsianshun0514workout|yoru0511workout|yushuan0513workout|ziho0512workout,yanz0510workout,tsenyu0515workout,tsenyu0515workout,db_squat,3,2,4.0,3.7263575366559847,,,,4,4,3-4,3-4
M1_exercise_plus_rep_progress,ridge,3,haoyu0512workout|hsianshun0514workout|yoru0511workout|yushuan0513workout|ziho0512workout,yanz0510workout,tsenyu0515workout,tsenyu0515workout,db_squat,3,3,4.0,4.0942051437978515,,,,4,4,3-4,3-4
M1_exercise_plus_rep_progress,ridge,3,haoyu0512workout|hsianshun0514workout|yoru0511workout|yushuan0513workout|ziho0512workout,yanz0510workout,tsenyu0515workout,tsenyu0515workout,db_squat,3,4,4.0,4.462052750939717,,,,4,4,3-4,3-4
M1_exercise_plus_rep_progress,ridge,3,haoyu0512workout|hsianshun0514workout|yoru0511workout|yushuan0513workout|ziho0512workout,yanz0510workout,tsenyu0515workout,tsenyu0515workout,db_squat,3,5,4.0,4.829900358081584,,,,4,5,3-4,5-6
M1_exercise_plus_rep_progress,ridge,3,haoyu0512workout|hsianshun0514workout|yoru0511workout|yushuan0513workout|ziho0512workout,yanz0510workout,tsenyu0515workout,tsenyu0515workout,db_squat,3,6,4.0,5.19774796522345,,,,4,5,3-4,5-6
M1_exercise_plus_rep_progress,ridge,3,haoyu0512workout|hsianshun0514workout|yoru0511workout|yushuan0513workout|ziho0512workout,yanz0510workout,tsenyu0515workout,tsenyu0515workout,db_squat,3,7,4.0,5.565595572365317,,,,4,6,3-4,5-6
M1_exercise_plus_rep_progress,ridge,3,haoyu0512workout|hsianshun0514workout|yoru0511workout|yushuan0513workout|ziho0512workout,yanz0510workout,tsenyu0515workout,tsenyu0515workout,db_squat,3,8,4.0,5.933443179507183,,,,4,6,3-4,5-6
M1_exercise_plus_rep_progress,ridge,3,haoyu0512workout|hsianshun0514workout|yoru0511workout|yushuan0513workout|ziho0512workout,yanz0510workout,tsenyu0515workout,tsenyu0515workout,db_squat,3,9,4.0,6.30129078664905,,,,4,6,3-4,5-6
M1_exercise_plus_rep_progress,ridge,3,haoyu0512workout|hsianshun0514workout|yoru0511workout|yushuan0513workout|ziho0512workout,yanz0510workout,tsenyu0515workout,tsenyu0515workout,db_squat,3,10,5.0,6.6691383937909166,,,,5,7,5-6,7-8
M1_exercise_plus_rep_progress,ridge,3,haoyu0512workout|hsianshun0514workout|yoru0511workout|yushuan0513workout|ziho0512workout,yanz0510workout,tsenyu0515workout,tsenyu0515workout,db_squat,3,11,5.0,7.036986000932782,,,,5,7,5-6,7-8
M1_exercise_plus_rep_progress,ridge,3,haoyu0512workout|hsianshun0514workout|yoru0511workout|yushuan0513workout|ziho0512workout,yanz0510workout,tsenyu0515workout,tsenyu0515workout,db_triceps_curl,0,0,1.0,3.211388180412126,,,,1,3,1-2,3-4
M1_exercise_plus_rep_progress,ridge,3,haoyu0512workout|hsianshun0514workout|yoru0511workout|yushuan0513workout|ziho0512workout,yanz0510workout,tsenyu0515workout,tsenyu0515workout,db_triceps_curl,0,1,1.0,3.579235787553992,,,,1,4,1-2,3-4
M1_exercise_plus_rep_progress,ridge,3,haoyu0512workout|hsianshun0514workout|yoru0511workout|yushuan0513workout|ziho0512workout,yanz0510workout,tsenyu0515workout,tsenyu0515workout,db_triceps_curl,0,2,1.0,3.9470833946958583,,,,1,4,1-2,3-4
M1_exercise_plus_rep_progress,ridge,3,haoyu0512workout|hsianshun0514workout|yoru0511workout|yushuan0513workout|ziho0512workout,yanz0510workout,tsenyu0515workout,tsenyu0515workout,db_triceps_curl,0,3,1.0,4.314931001837724,,,,1,4,1-2,3-4
M1_exercise_plus_rep_progress,ridge,3,haoyu0512workout|hsianshun0514workout|yoru0511workout|yushuan0513workout|ziho0512workout,yanz0510workout,tsenyu0515workout,tsenyu0515workout,db_triceps_curl,0,4,2.0,4.682778608979591,,,,2,5,1-2,5-6
M1_exercise_plus_rep_progress,ridge,3,haoyu0512workout|hsianshun0514workout|yoru0511workout|yushuan0513workout|ziho0512workout,yanz0510workout,tsenyu0515workout,tsenyu0515workout,db_triceps_curl,0,5,2.0,5.050626216121457,,,,2,5,1-2,5-6
M1_exercise_plus_rep_progress,ridge,3,haoyu0512workout|hsianshun0514workout|yoru0511workout|yushuan0513workout|ziho0512workout,yanz0510workout,tsenyu0515workout,tsenyu0515workout,db_triceps_curl,0,6,2.0,5.418473823263324,,,,2,5,1-2,5-6
M1_exercise_plus_rep_progress,ridge,3,haoyu0512workout|hsianshun0514workout|yoru0511workout|yushuan0513workout|ziho0512workout,yanz0510workout,tsenyu0515workout,tsenyu0515workout,db_triceps_curl,0,7,3.0,5.78632143040519,,,,3,6,3-4,5-6
M1_exercise_plus_rep_progress,ridge,3,haoyu0512workout|hsianshun0514workout|yoru0511workout|yushuan0513workout|ziho0512workout,yanz0510workout,tsenyu0515workout,tsenyu0515workout,db_triceps_curl,0,8,3.0,6.154169037547057,,,,3,6,3-4,5-6
M1_exercise_plus_rep_progress,ridge,3,haoyu0512workout|hsianshun0514workout|yoru0511workout|yushuan0513workout|ziho0512workout,yanz0510workout,tsenyu0515workout,tsenyu0515workout,db_triceps_curl,0,9,3.0,6.522016644688923,,,,3,7,3-4,7-8
M1_exercise_plus_rep_progress,ridge,3,haoyu0512workout|hsianshun0514workout|yoru0511workout|yushuan0513workout|ziho0512workout,yanz0510workout,tsenyu0515workout,tsenyu0515workout,db_triceps_curl,0,10,4.0,6.889864251830789,,,,4,7,3-4,7-8
M1_exercise_plus_rep_progress,ridge,3,haoyu0512workout|hsianshun0514workout|yoru0511workout|yushuan0513workout|ziho0512workout,yanz0510workout,tsenyu0515workout,tsenyu0515workout,db_triceps_curl,0,11,4.0,7.257711858972655,,,,4,7,3-4,7-8
M1_exercise_plus_rep_progress,ridge,3,haoyu0512workout|hsianshun0514workout|yoru0511workout|yushuan0513workout|ziho0512workout,yanz0510workout,tsenyu0515workout,tsenyu0515workout,db_triceps_curl,1,0,4.0,3.211388180412126,,,,4,3,3-4,3-4
M1_exercise_plus_rep_progress,ridge,3,haoyu0512workout|hsianshun0514workout|yoru0511workout|yushuan0513workout|ziho0512workout,yanz0510workout,tsenyu0515workout,tsenyu0515workout,db_triceps_curl,1,1,4.0,3.579235787553992,,,,4,4,3-4,3-4
M1_exercise_plus_rep_progress,ridge,3,haoyu0512workout|hsianshun0514workout|yoru0511workout|yushuan0513workout|ziho0512workout,yanz0510workout,tsenyu0515workout,tsenyu0515workout,db_triceps_curl,1,2,4.0,3.9470833946958583,,,,4,4,3-4,3-4
M1_exercise_plus_rep_progress,ridge,3,haoyu0512workout|hsianshun0514workout|yoru0511workout|yushuan0513workout|ziho0512workout,yanz0510workout,tsenyu0515workout,tsenyu0515workout,db_triceps_curl,1,3,4.0,4.314931001837724,,,,4,4,3-4,3-4
M1_exercise_plus_rep_progress,ridge,3,haoyu0512workout|hsianshun0514workout|yoru0511workout|yushuan0513workout|ziho0512workout,yanz0510workout,tsenyu0515workout,tsenyu0515workout,db_triceps_curl,1,4,4.0,4.682778608979591,,,,4,5,3-4,5-6
M1_exercise_plus_rep_progress,ridge,3,haoyu0512workout|hsianshun0514workout|yoru0511workout|yushuan0513workout|ziho0512workout,yanz0510workout,tsenyu0515workout,tsenyu0515workout,db_triceps_curl,1,5,4.0,5.050626216121457,,,,4,5,3-4,5-6
M1_exercise_plus_rep_progress,ridge,3,haoyu0512workout|hsianshun0514workout|yoru0511workout|yushuan0513workout|ziho0512workout,yanz0510workout,tsenyu0515workout,tsenyu0515workout,db_triceps_curl,1,6,5.0,5.418473823263324,,,,5,5,5-6,5-6
M1_exercise_plus_rep_progress,ridge,3,haoyu0512workout|hsianshun0514workout|yoru0511workout|yushuan0513workout|ziho0512workout,yanz0510workout,tsenyu0515workout,tsenyu0515workout,db_triceps_curl,1,7,5.0,5.78632143040519,,,,5,6,5-6,5-6
M1_exercise_plus_rep_progress,ridge,3,haoyu0512workout|hsianshun0514workout|yoru0511workout|yushuan0513workout|ziho0512workout,yanz0510workout,tsenyu0515workout,tsenyu0515workout,db_triceps_curl,1,8,5.0,6.154169037547057,,,,5,6,5-6,5-6
M1_exercise_plus_rep_progress,ridge,3,haoyu0512workout|hsianshun0514workout|yoru0511workout|yushuan0513workout|ziho0512workout,yanz0510workout,tsenyu0515workout,tsenyu0515workout,db_triceps_curl,1,9,5.0,6.522016644688923,,,,5,7,5-6,7-8
M1_exercise_plus_rep_progress,ridge,3,haoyu0512workout|hsianshun0514workout|yoru0511workout|yushuan0513workout|ziho0512workout,yanz0510workout,tsenyu0515workout,tsenyu0515workout,db_triceps_curl,1,10,6.0,6.889864251830789,,,,6,7,5-6,7-8
M1_exercise_plus_rep_progress,ridge,3,haoyu0512workout|hsianshun0514workout|yoru0511workout|yushuan0513workout|ziho0512workout,yanz0510workout,tsenyu0515workout,tsenyu0515workout,db_triceps_curl,1,11,6.0,7.257711858972655,,,,6,7,5-6,7-8
M1_exercise_plus_rep_progress,ridge,3,haoyu0512workout|hsianshun0514workout|yoru0511workout|yushuan0513workout|ziho0512workout,yanz0510workout,tsenyu0515workout,tsenyu0515workout,db_triceps_curl,2,0,5.0,3.211388180412126,,,,5,3,5-6,3-4
M1_exercise_plus_rep_progress,ridge,3,haoyu0512workout|hsianshun0514workout|yoru0511workout|yushuan0513workout|ziho0512workout,yanz0510workout,tsenyu0515workout,tsenyu0515workout,db_triceps_curl,2,1,5.0,3.579235787553992,,,,5,4,5-6,3-4
M1_exercise_plus_rep_progress,ridge,3,haoyu0512workout|hsianshun0514workout|yoru0511workout|yushuan0513workout|ziho0512workout,yanz0510workout,tsenyu0515workout,tsenyu0515workout,db_triceps_curl,2,2,5.0,3.9470833946958583,,,,5,4,5-6,3-4
M1_exercise_plus_rep_progress,ridge,3,haoyu0512workout|hsianshun0514workout|yoru0511workout|yushuan0513workout|ziho0512workout,yanz0510workout,tsenyu0515workout,tsenyu0515workout,db_triceps_curl,2,3,5.0,4.314931001837724,,,,5,4,5-6,3-4
M1_exercise_plus_rep_progress,ridge,3,haoyu0512workout|hsianshun0514workout|yoru0511workout|yushuan0513workout|ziho0512workout,yanz0510workout,tsenyu0515workout,tsenyu0515workout,db_triceps_curl,2,4,5.0,4.682778608979591,,,,5,5,5-6,5-6
M1_exercise_plus_rep_progress,ridge,3,haoyu0512workout|hsianshun0514workout|yoru0511workout|yushuan0513workout|ziho0512workout,yanz0510workout,tsenyu0515workout,tsenyu0515workout,db_triceps_curl,2,5,5.0,5.050626216121457,,,,5,5,5-6,5-6
M1_exercise_plus_rep_progress,ridge,3,haoyu0512workout|hsianshun0514workout|yoru0511workout|yushuan0513workout|ziho0512workout,yanz0510workout,tsenyu0515workout,tsenyu0515workout,db_triceps_curl,2,6,6.0,5.418473823263324,,,,6,5,5-6,5-6
M1_exercise_plus_rep_progress,ridge,3,haoyu0512workout|hsianshun0514workout|yoru0511workout|yushuan0513workout|ziho0512workout,yanz0510workout,tsenyu0515workout,tsenyu0515workout,db_triceps_curl,2,7,6.0,5.78632143040519,,,,6,6,5-6,5-6
M1_exercise_plus_rep_progress,ridge,3,haoyu0512workout|hsianshun0514workout|yoru0511workout|yushuan0513workout|ziho0512workout,yanz0510workout,tsenyu0515workout,tsenyu0515workout,db_triceps_curl,2,8,6.0,6.154169037547057,,,,6,6,5-6,5-6
M1_exercise_plus_rep_progress,ridge,3,haoyu0512workout|hsianshun0514workout|yoru0511workout|yushuan0513workout|ziho0512workout,yanz0510workout,tsenyu0515workout,tsenyu0515workout,db_triceps_curl,2,9,6.0,6.522016644688923,,,,6,7,5-6,7-8
M1_exercise_plus_rep_progress,ridge,3,haoyu0512workout|hsianshun0514workout|yoru0511workout|yushuan0513workout|ziho0512workout,yanz0510workout,tsenyu0515workout,tsenyu0515workout,db_triceps_curl,2,10,6.0,6.889864251830789,,,,6,7,5-6,7-8
M1_exercise_plus_rep_progress,ridge,3,haoyu0512workout|hsianshun0514workout|yoru0511workout|yushuan0513workout|ziho0512workout,yanz0510workout,tsenyu0515workout,tsenyu0515workout,db_triceps_curl,2,11,7.0,7.257711858972655,,,,7,7,7-8,7-8
M1_exercise_plus_rep_progress,ridge,3,haoyu0512workout|hsianshun0514workout|yoru0511workout|yushuan0513workout|ziho0512workout,yanz0510workout,tsenyu0515workout,tsenyu0515workout,db_weighted_crunch,0,0,1.0,2.880875401840271,,,,1,3,1-2,3-4
M1_exercise_plus_rep_progress,ridge,3,haoyu0512workout|hsianshun0514workout|yoru0511workout|yushuan0513workout|ziho0512workout,yanz0510workout,tsenyu0515workout,tsenyu0515workout,db_weighted_crunch,0,1,1.0,3.248723008982137,,,,1,3,1-2,3-4
M1_exercise_plus_rep_progress,ridge,3,haoyu0512workout|hsianshun0514workout|yoru0511workout|yushuan0513workout|ziho0512workout,yanz0510workout,tsenyu0515workout,tsenyu0515workout,db_weighted_crunch,0,2,1.0,3.616570616124003,,,,1,4,1-2,3-4
M1_exercise_plus_rep_progress,ridge,3,haoyu0512workout|hsianshun0514workout|yoru0511workout|yushuan0513workout|ziho0512workout,yanz0510workout,tsenyu0515workout,tsenyu0515workout,db_weighted_crunch,0,3,1.0,3.9844182232658696,,,,1,4,1-2,3-4
M1_exercise_plus_rep_progress,ridge,3,haoyu0512workout|hsianshun0514workout|yoru0511workout|yushuan0513workout|ziho0512workout,yanz0510workout,tsenyu0515workout,tsenyu0515workout,db_weighted_crunch,0,4,1.0,4.3522658304077355,,,,1,4,1-2,3-4
M1_exercise_plus_rep_progress,ridge,3,haoyu0512workout|hsianshun0514workout|yoru0511workout|yushuan0513workout|ziho0512workout,yanz0510workout,tsenyu0515workout,tsenyu0515workout,db_weighted_crunch,0,5,1.0,4.720113437549602,,,,1,5,1-2,5-6
M1_exercise_plus_rep_progress,ridge,3,haoyu0512workout|hsianshun0514workout|yoru0511workout|yushuan0513workout|ziho0512workout,yanz0510workout,tsenyu0515workout,tsenyu0515workout,db_weighted_crunch,0,6,2.0,5.087961044691468,,,,2,5,1-2,5-6
M1_exercise_plus_rep_progress,ridge,3,haoyu0512workout|hsianshun0514workout|yoru0511workout|yushuan0513workout|ziho0512workout,yanz0510workout,tsenyu0515workout,tsenyu0515workout,db_weighted_crunch,0,7,2.0,5.455808651833335,,,,2,5,1-2,5-6
M1_exercise_plus_rep_progress,ridge,3,haoyu0512workout|hsianshun0514workout|yoru0511workout|yushuan0513workout|ziho0512workout,yanz0510workout,tsenyu0515workout,tsenyu0515workout,db_weighted_crunch,0,8,2.0,5.823656258975201,,,,2,6,1-2,5-6
M1_exercise_plus_rep_progress,ridge,3,haoyu0512workout|hsianshun0514workout|yoru0511workout|yushuan0513workout|ziho0512workout,yanz0510workout,tsenyu0515workout,tsenyu0515workout,db_weighted_crunch,0,9,2.0,6.191503866117068,,,,2,6,1-2,5-6
M1_exercise_plus_rep_progress,ridge,3,haoyu0512workout|hsianshun0514workout|yoru0511workout|yushuan0513workout|ziho0512workout,yanz0510workout,tsenyu0515workout,tsenyu0515workout,db_weighted_crunch,0,10,3.0,6.559351473258934,,,,3,7,3-4,7-8
M1_exercise_plus_rep_progress,ridge,3,haoyu0512workout|hsianshun0514workout|yoru0511workout|yushuan0513workout|ziho0512workout,yanz0510workout,tsenyu0515workout,tsenyu0515workout,db_weighted_crunch,0,11,3.0,6.927199080400801,,,,3,7,3-4,7-8
M1_exercise_plus_rep_progress,ridge,3,haoyu0512workout|hsianshun0514workout|yoru0511workout|yushuan0513workout|ziho0512workout,yanz0510workout,tsenyu0515workout,tsenyu0515workout,db_weighted_crunch,1,0,2.0,2.880875401840271,,,,2,3,1-2,3-4
M1_exercise_plus_rep_progress,ridge,3,haoyu0512workout|hsianshun0514workout|yoru0511workout|yushuan0513workout|ziho0512workout,yanz0510workout,tsenyu0515workout,tsenyu0515workout,db_weighted_crunch,1,1,2.0,3.248723008982137,,,,2,3,1-2,3-4
M1_exercise_plus_rep_progress,ridge,3,haoyu0512workout|hsianshun0514workout|yoru0511workout|yushuan0513workout|ziho0512workout,yanz0510workout,tsenyu0515workout,tsenyu0515workout,db_weighted_crunch,1,2,2.0,3.616570616124003,,,,2,4,1-2,3-4
M1_exercise_plus_rep_progress,ridge,3,haoyu0512workout|hsianshun0514workout|yoru0511workout|yushuan0513workout|ziho0512workout,yanz0510workout,tsenyu0515workout,tsenyu0515workout,db_weighted_crunch,1,3,2.0,3.9844182232658696,,,,2,4,1-2,3-4
M1_exercise_plus_rep_progress,ridge,3,haoyu0512workout|hsianshun0514workout|yoru0511workout|yushuan0513workout|ziho0512workout,yanz0510workout,tsenyu0515workout,tsenyu0515workout,db_weighted_crunch,1,4,3.0,4.3522658304077355,,,,3,4,3-4,3-4
M1_exercise_plus_rep_progress,ridge,3,haoyu0512workout|hsianshun0514workout|yoru0511workout|yushuan0513workout|ziho0512workout,yanz0510workout,tsenyu0515workout,tsenyu0515workout,db_weighted_crunch,1,5,3.0,4.720113437549602,,,,3,5,3-4,5-6
M1_exercise_plus_rep_progress,ridge,3,haoyu0512workout|hsianshun0514workout|yoru0511workout|yushuan0513workout|ziho0512workout,yanz0510workout,tsenyu0515workout,tsenyu0515workout,db_weighted_crunch,1,6,3.0,5.087961044691468,,,,3,5,3-4,5-6
M1_exercise_plus_rep_progress,ridge,3,haoyu0512workout|hsianshun0514workout|yoru0511workout|yushuan0513workout|ziho0512workout,yanz0510workout,tsenyu0515workout,tsenyu0515workout,db_weighted_crunch,1,7,4.0,5.455808651833335,,,,4,5,3-4,5-6
M1_exercise_plus_rep_progress,ridge,3,haoyu0512workout|hsianshun0514workout|yoru0511workout|yushuan0513workout|ziho0512workout,yanz0510workout,tsenyu0515workout,tsenyu0515workout,db_weighted_crunch,1,8,4.0,5.823656258975201,,,,4,6,3-4,5-6
M1_exercise_plus_rep_progress,ridge,3,haoyu0512workout|hsianshun0514workout|yoru0511workout|yushuan0513workout|ziho0512workout,yanz0510workout,tsenyu0515workout,tsenyu0515workout,db_weighted_crunch,1,9,4.0,6.191503866117068,,,,4,6,3-4,5-6
M1_exercise_plus_rep_progress,ridge,3,haoyu0512workout|hsianshun0514workout|yoru0511workout|yushuan0513workout|ziho0512workout,yanz0510workout,tsenyu0515workout,tsenyu0515workout,db_weighted_crunch,1,10,5.0,6.559351473258934,,,,5,7,5-6,7-8
M1_exercise_plus_rep_progress,ridge,3,haoyu0512workout|hsianshun0514workout|yoru0511workout|yushuan0513workout|ziho0512workout,yanz0510workout,tsenyu0515workout,tsenyu0515workout,db_weighted_crunch,1,11,5.0,6.927199080400801,,,,5,7,5-6,7-8
M1_exercise_plus_rep_progress,ridge,3,haoyu0512workout|hsianshun0514workout|yoru0511workout|yushuan0513workout|ziho0512workout,yanz0510workout,tsenyu0515workout,tsenyu0515workout,db_weighted_crunch,2,0,4.0,2.880875401840271,,,,4,3,3-4,3-4
M1_exercise_plus_rep_progress,ridge,3,haoyu0512workout|hsianshun0514workout|yoru0511workout|yushuan0513workout|ziho0512workout,yanz0510workout,tsenyu0515workout,tsenyu0515workout,db_weighted_crunch,2,1,4.0,3.248723008982137,,,,4,3,3-4,3-4
M1_exercise_plus_rep_progress,ridge,3,haoyu0512workout|hsianshun0514workout|yoru0511workout|yushuan0513workout|ziho0512workout,yanz0510workout,tsenyu0515workout,tsenyu0515workout,db_weighted_crunch,2,2,4.0,3.616570616124003,,,,4,4,3-4,3-4
M1_exercise_plus_rep_progress,ridge,3,haoyu0512workout|hsianshun0514workout|yoru0511workout|yushuan0513workout|ziho0512workout,yanz0510workout,tsenyu0515workout,tsenyu0515workout,db_weighted_crunch,2,3,4.0,3.9844182232658696,,,,4,4,3-4,3-4
M1_exercise_plus_rep_progress,ridge,3,haoyu0512workout|hsianshun0514workout|yoru0511workout|yushuan0513workout|ziho0512workout,yanz0510workout,tsenyu0515workout,tsenyu0515workout,db_weighted_crunch,2,4,5.0,4.3522658304077355,,,,5,4,5-6,3-4
M1_exercise_plus_rep_progress,ridge,3,haoyu0512workout|hsianshun0514workout|yoru0511workout|yushuan0513workout|ziho0512workout,yanz0510workout,tsenyu0515workout,tsenyu0515workout,db_weighted_crunch,2,5,5.0,4.720113437549602,,,,5,5,5-6,5-6
M1_exercise_plus_rep_progress,ridge,3,haoyu0512workout|hsianshun0514workout|yoru0511workout|yushuan0513workout|ziho0512workout,yanz0510workout,tsenyu0515workout,tsenyu0515workout,db_weighted_crunch,2,6,5.0,5.087961044691468,,,,5,5,5-6,5-6
M1_exercise_plus_rep_progress,ridge,3,haoyu0512workout|hsianshun0514workout|yoru0511workout|yushuan0513workout|ziho0512workout,yanz0510workout,tsenyu0515workout,tsenyu0515workout,db_weighted_crunch,2,7,5.0,5.455808651833335,,,,5,5,5-6,5-6
M1_exercise_plus_rep_progress,ridge,3,haoyu0512workout|hsianshun0514workout|yoru0511workout|yushuan0513workout|ziho0512workout,yanz0510workout,tsenyu0515workout,tsenyu0515workout,db_weighted_crunch,2,8,6.0,5.823656258975201,,,,6,6,5-6,5-6
M1_exercise_plus_rep_progress,ridge,3,haoyu0512workout|hsianshun0514workout|yoru0511workout|yushuan0513workout|ziho0512workout,yanz0510workout,tsenyu0515workout,tsenyu0515workout,db_weighted_crunch,2,9,6.0,6.191503866117068,,,,6,6,5-6,5-6
M1_exercise_plus_rep_progress,ridge,3,haoyu0512workout|hsianshun0514workout|yoru0511workout|yushuan0513workout|ziho0512workout,yanz0510workout,tsenyu0515workout,tsenyu0515workout,db_weighted_crunch,2,10,6.0,6.559351473258934,,,,6,7,5-6,7-8
M1_exercise_plus_rep_progress,ridge,3,haoyu0512workout|hsianshun0514workout|yoru0511workout|yushuan0513workout|ziho0512workout,yanz0510workout,tsenyu0515workout,tsenyu0515workout,db_weighted_crunch,2,11,7.0,6.927199080400801,,,,7,7,7-8,7-8
M1_exercise_plus_rep_progress,ridge,3,haoyu0512workout|hsianshun0514workout|yoru0511workout|yushuan0513workout|ziho0512workout,yanz0510workout,tsenyu0515workout,tsenyu0515workout,one_arm_db_row,0,0,1.0,3.87432664109291,,,,1,4,1-2,3-4
M1_exercise_plus_rep_progress,ridge,3,haoyu0512workout|hsianshun0514workout|yoru0511workout|yushuan0513workout|ziho0512workout,yanz0510workout,tsenyu0515workout,tsenyu0515workout,one_arm_db_row,0,1,1.0,4.242174248234775,,,,1,4,1-2,3-4
M1_exercise_plus_rep_progress,ridge,3,haoyu0512workout|hsianshun0514workout|yoru0511workout|yushuan0513workout|ziho0512workout,yanz0510workout,tsenyu0515workout,tsenyu0515workout,one_arm_db_row,0,2,2.0,4.610021855376641,,,,2,5,1-2,5-6
M1_exercise_plus_rep_progress,ridge,3,haoyu0512workout|hsianshun0514workout|yoru0511workout|yushuan0513workout|ziho0512workout,yanz0510workout,tsenyu0515workout,tsenyu0515workout,one_arm_db_row,0,3,2.0,4.977869462518507,,,,2,5,1-2,5-6
M1_exercise_plus_rep_progress,ridge,3,haoyu0512workout|hsianshun0514workout|yoru0511workout|yushuan0513workout|ziho0512workout,yanz0510workout,tsenyu0515workout,tsenyu0515workout,one_arm_db_row,0,4,2.0,5.345717069660374,,,,2,5,1-2,5-6
M1_exercise_plus_rep_progress,ridge,3,haoyu0512workout|hsianshun0514workout|yoru0511workout|yushuan0513workout|ziho0512workout,yanz0510workout,tsenyu0515workout,tsenyu0515workout,one_arm_db_row,0,5,2.0,5.71356467680224,,,,2,6,1-2,5-6
M1_exercise_plus_rep_progress,ridge,3,haoyu0512workout|hsianshun0514workout|yoru0511workout|yushuan0513workout|ziho0512workout,yanz0510workout,tsenyu0515workout,tsenyu0515workout,one_arm_db_row,0,6,3.0,6.081412283944107,,,,3,6,3-4,5-6
M1_exercise_plus_rep_progress,ridge,3,haoyu0512workout|hsianshun0514workout|yoru0511workout|yushuan0513workout|ziho0512workout,yanz0510workout,tsenyu0515workout,tsenyu0515workout,one_arm_db_row,0,7,3.0,6.449259891085973,,,,3,6,3-4,5-6
M1_exercise_plus_rep_progress,ridge,3,haoyu0512workout|hsianshun0514workout|yoru0511workout|yushuan0513workout|ziho0512workout,yanz0510workout,tsenyu0515workout,tsenyu0515workout,one_arm_db_row,0,8,4.0,6.8171074982278395,,,,4,7,3-4,7-8
M1_exercise_plus_rep_progress,ridge,3,haoyu0512workout|hsianshun0514workout|yoru0511workout|yushuan0513workout|ziho0512workout,yanz0510workout,tsenyu0515workout,tsenyu0515workout,one_arm_db_row,0,9,4.0,7.184955105369706,,,,4,7,3-4,7-8
M1_exercise_plus_rep_progress,ridge,3,haoyu0512workout|hsianshun0514workout|yoru0511workout|yushuan0513workout|ziho0512workout,yanz0510workout,tsenyu0515workout,tsenyu0515workout,one_arm_db_row,0,10,5.0,7.552802712511573,,,,5,8,5-6,7-8
M1_exercise_plus_rep_progress,ridge,3,haoyu0512workout|hsianshun0514workout|yoru0511workout|yushuan0513workout|ziho0512workout,yanz0510workout,tsenyu0515workout,tsenyu0515workout,one_arm_db_row,0,11,5.0,7.920650319653438,,,,5,8,5-6,7-8
M1_exercise_plus_rep_progress,ridge,3,haoyu0512workout|hsianshun0514workout|yoru0511workout|yushuan0513workout|ziho0512workout,yanz0510workout,tsenyu0515workout,tsenyu0515workout,one_arm_db_row,1,0,5.0,3.87432664109291,,,,5,4,5-6,3-4
M1_exercise_plus_rep_progress,ridge,3,haoyu0512workout|hsianshun0514workout|yoru0511workout|yushuan0513workout|ziho0512workout,yanz0510workout,tsenyu0515workout,tsenyu0515workout,one_arm_db_row,1,1,5.0,4.242174248234775,,,,5,4,5-6,3-4
M1_exercise_plus_rep_progress,ridge,3,haoyu0512workout|hsianshun0514workout|yoru0511workout|yushuan0513workout|ziho0512workout,yanz0510workout,tsenyu0515workout,tsenyu0515workout,one_arm_db_row,1,2,5.0,4.610021855376641,,,,5,5,5-6,5-6
M1_exercise_plus_rep_progress,ridge,3,haoyu0512workout|hsianshun0514workout|yoru0511workout|yushuan0513workout|ziho0512workout,yanz0510workout,tsenyu0515workout,tsenyu0515workout,one_arm_db_row,1,3,5.0,4.977869462518507,,,,5,5,5-6,5-6
M1_exercise_plus_rep_progress,ridge,3,haoyu0512workout|hsianshun0514workout|yoru0511workout|yushuan0513workout|ziho0512workout,yanz0510workout,tsenyu0515workout,tsenyu0515workout,one_arm_db_row,1,4,6.0,5.345717069660374,,,,6,5,5-6,5-6
M1_exercise_plus_rep_progress,ridge,3,haoyu0512workout|hsianshun0514workout|yoru0511workout|yushuan0513workout|ziho0512workout,yanz0510workout,tsenyu0515workout,tsenyu0515workout,one_arm_db_row,1,5,6.0,5.71356467680224,,,,6,6,5-6,5-6
M1_exercise_plus_rep_progress,ridge,3,haoyu0512workout|hsianshun0514workout|yoru0511workout|yushuan0513workout|ziho0512workout,yanz0510workout,tsenyu0515workout,tsenyu0515workout,one_arm_db_row,1,6,6.0,6.081412283944107,,,,6,6,5-6,5-6
M1_exercise_plus_rep_progress,ridge,3,haoyu0512workout|hsianshun0514workout|yoru0511workout|yushuan0513workout|ziho0512workout,yanz0510workout,tsenyu0515workout,tsenyu0515workout,one_arm_db_row,1,7,6.0,6.449259891085973,,,,6,6,5-6,5-6
M1_exercise_plus_rep_progress,ridge,3,haoyu0512workout|hsianshun0514workout|yoru0511workout|yushuan0513workout|ziho0512workout,yanz0510workout,tsenyu0515workout,tsenyu0515workout,one_arm_db_row,1,8,7.0,6.8171074982278395,,,,7,7,7-8,7-8
M1_exercise_plus_rep_progress,ridge,3,haoyu0512workout|hsianshun0514workout|yoru0511workout|yushuan0513workout|ziho0512workout,yanz0510workout,tsenyu0515workout,tsenyu0515workout,one_arm_db_row,1,9,7.0,7.184955105369706,,,,7,7,7-8,7-8
M1_exercise_plus_rep_progress,ridge,3,haoyu0512workout|hsianshun0514workout|yoru0511workout|yushuan0513workout|ziho0512workout,yanz0510workout,tsenyu0515workout,tsenyu0515workout,one_arm_db_row,1,10,7.0,7.552802712511573,,,,7,8,7-8,7-8
M1_exercise_plus_rep_progress,ridge,3,haoyu0512workout|hsianshun0514workout|yoru0511workout|yushuan0513workout|ziho0512workout,yanz0510workout,tsenyu0515workout,tsenyu0515workout,one_arm_db_row,1,11,8.0,7.920650319653438,,,,8,8,7-8,7-8
M1_exercise_plus_rep_progress,ridge,3,haoyu0512workout|hsianshun0514workout|yoru0511workout|yushuan0513workout|ziho0512workout,yanz0510workout,tsenyu0515workout,tsenyu0515workout,one_arm_db_row,2,0,6.0,3.87432664109291,,,,6,4,5-6,3-4
M1_exercise_plus_rep_progress,ridge,3,haoyu0512workout|hsianshun0514workout|yoru0511workout|yushuan0513workout|ziho0512workout,yanz0510workout,tsenyu0515workout,tsenyu0515workout,one_arm_db_row,2,1,6.0,4.242174248234775,,,,6,4,5-6,3-4
M1_exercise_plus_rep_progress,ridge,3,haoyu0512workout|hsianshun0514workout|yoru0511workout|yushuan0513workout|ziho0512workout,yanz0510workout,tsenyu0515workout,tsenyu0515workout,one_arm_db_row,2,2,6.0,4.610021855376641,,,,6,5,5-6,5-6
M1_exercise_plus_rep_progress,ridge,3,haoyu0512workout|hsianshun0514workout|yoru0511workout|yushuan0513workout|ziho0512workout,yanz0510workout,tsenyu0515workout,tsenyu0515workout,one_arm_db_row,2,3,6.0,4.977869462518507,,,,6,5,5-6,5-6
M1_exercise_plus_rep_progress,ridge,3,haoyu0512workout|hsianshun0514workout|yoru0511workout|yushuan0513workout|ziho0512workout,yanz0510workout,tsenyu0515workout,tsenyu0515workout,one_arm_db_row,2,4,6.0,5.345717069660374,,,,6,5,5-6,5-6
M1_exercise_plus_rep_progress,ridge,3,haoyu0512workout|hsianshun0514workout|yoru0511workout|yushuan0513workout|ziho0512workout,yanz0510workout,tsenyu0515workout,tsenyu0515workout,one_arm_db_row,2,5,6.0,5.71356467680224,,,,6,6,5-6,5-6
M1_exercise_plus_rep_progress,ridge,3,haoyu0512workout|hsianshun0514workout|yoru0511workout|yushuan0513workout|ziho0512workout,yanz0510workout,tsenyu0515workout,tsenyu0515workout,one_arm_db_row,2,6,7.0,6.081412283944107,,,,7,6,7-8,5-6
M1_exercise_plus_rep_progress,ridge,3,haoyu0512workout|hsianshun0514workout|yoru0511workout|yushuan0513workout|ziho0512workout,yanz0510workout,tsenyu0515workout,tsenyu0515workout,one_arm_db_row,2,7,7.0,6.449259891085973,,,,7,6,7-8,5-6
M1_exercise_plus_rep_progress,ridge,3,haoyu0512workout|hsianshun0514workout|yoru0511workout|yushuan0513workout|ziho0512workout,yanz0510workout,tsenyu0515workout,tsenyu0515workout,one_arm_db_row,2,8,8.0,6.8171074982278395,,,,8,7,7-8,7-8
M1_exercise_plus_rep_progress,ridge,3,haoyu0512workout|hsianshun0514workout|yoru0511workout|yushuan0513workout|ziho0512workout,yanz0510workout,tsenyu0515workout,tsenyu0515workout,one_arm_db_row,2,9,8.0,7.184955105369706,,,,8,7,7-8,7-8
M1_exercise_plus_rep_progress,ridge,3,haoyu0512workout|hsianshun0514workout|yoru0511workout|yushuan0513workout|ziho0512workout,yanz0510workout,tsenyu0515workout,tsenyu0515workout,one_arm_db_row,2,10,9.0,7.552802712511573,,,,9,8,9-10,7-8
M1_exercise_plus_rep_progress,ridge,3,haoyu0512workout|hsianshun0514workout|yoru0511workout|yushuan0513workout|ziho0512workout,yanz0510workout,tsenyu0515workout,tsenyu0515workout,one_arm_db_row,2,11,9.0,7.920650319653438,,,,9,8,9-10,7-8
M1_exercise_plus_rep_progress,ridge,4,haoyu0512workout|hsianshun0514workout|tsenyu0515workout|yushuan0513workout|ziho0512workout,yoru0511workout,yanz0510workout,yanz0510workout,db_bench_press,2,0,1.0,3.3295968716485924,,,,1,3,1-2,3-4
M1_exercise_plus_rep_progress,ridge,4,haoyu0512workout|hsianshun0514workout|tsenyu0515workout|yushuan0513workout|ziho0512workout,yoru0511workout,yanz0510workout,yanz0510workout,db_bench_press,2,1,1.0,3.7016217698183542,,,,1,4,1-2,3-4
M1_exercise_plus_rep_progress,ridge,4,haoyu0512workout|hsianshun0514workout|tsenyu0515workout|yushuan0513workout|ziho0512workout,yoru0511workout,yanz0510workout,yanz0510workout,db_bench_press,2,2,1.0,4.073646667988115,,,,1,4,1-2,3-4
M1_exercise_plus_rep_progress,ridge,4,haoyu0512workout|hsianshun0514workout|tsenyu0515workout|yushuan0513workout|ziho0512workout,yoru0511workout,yanz0510workout,yanz0510workout,db_bench_press,2,3,3.0,4.445671566157877,,,,3,4,3-4,3-4
M1_exercise_plus_rep_progress,ridge,4,haoyu0512workout|hsianshun0514workout|tsenyu0515workout|yushuan0513workout|ziho0512workout,yoru0511workout,yanz0510workout,yanz0510workout,db_bench_press,2,4,3.0,4.817696464327638,,,,3,5,3-4,5-6
M1_exercise_plus_rep_progress,ridge,4,haoyu0512workout|hsianshun0514workout|tsenyu0515workout|yushuan0513workout|ziho0512workout,yoru0511workout,yanz0510workout,yanz0510workout,db_bench_press,2,5,3.0,5.1897213624974,,,,3,5,3-4,5-6
M1_exercise_plus_rep_progress,ridge,4,haoyu0512workout|hsianshun0514workout|tsenyu0515workout|yushuan0513workout|ziho0512workout,yoru0511workout,yanz0510workout,yanz0510workout,db_bench_press,2,6,3.0,5.561746260667161,,,,3,6,3-4,5-6
M1_exercise_plus_rep_progress,ridge,4,haoyu0512workout|hsianshun0514workout|tsenyu0515workout|yushuan0513workout|ziho0512workout,yoru0511workout,yanz0510workout,yanz0510workout,db_bench_press,2,7,5.0,5.933771158836922,,,,5,6,5-6,5-6
M1_exercise_plus_rep_progress,ridge,4,haoyu0512workout|hsianshun0514workout|tsenyu0515workout|yushuan0513workout|ziho0512workout,yoru0511workout,yanz0510workout,yanz0510workout,db_bench_press,2,8,5.0,6.305796057006685,,,,5,6,5-6,5-6
M1_exercise_plus_rep_progress,ridge,4,haoyu0512workout|hsianshun0514workout|tsenyu0515workout|yushuan0513workout|ziho0512workout,yoru0511workout,yanz0510workout,yanz0510workout,db_bench_press,2,9,5.0,6.677820955176445,,,,5,7,5-6,7-8
M1_exercise_plus_rep_progress,ridge,4,haoyu0512workout|hsianshun0514workout|tsenyu0515workout|yushuan0513workout|ziho0512workout,yoru0511workout,yanz0510workout,yanz0510workout,db_bench_press,2,10,5.0,7.049845853346207,,,,5,7,5-6,7-8
M1_exercise_plus_rep_progress,ridge,4,haoyu0512workout|hsianshun0514workout|tsenyu0515workout|yushuan0513workout|ziho0512workout,yoru0511workout,yanz0510workout,yanz0510workout,db_bench_press,2,11,5.0,7.421870751515968,,,,5,7,5-6,7-8
M1_exercise_plus_rep_progress,ridge,4,haoyu0512workout|hsianshun0514workout|tsenyu0515workout|yushuan0513workout|ziho0512workout,yoru0511workout,yanz0510workout,yanz0510workout,db_bench_press,3,0,5.0,3.3295968716485924,,,,5,3,5-6,3-4
M1_exercise_plus_rep_progress,ridge,4,haoyu0512workout|hsianshun0514workout|tsenyu0515workout|yushuan0513workout|ziho0512workout,yoru0511workout,yanz0510workout,yanz0510workout,db_bench_press,3,1,5.0,3.7016217698183542,,,,5,4,5-6,3-4
M1_exercise_plus_rep_progress,ridge,4,haoyu0512workout|hsianshun0514workout|tsenyu0515workout|yushuan0513workout|ziho0512workout,yoru0511workout,yanz0510workout,yanz0510workout,db_bench_press,3,2,5.0,4.073646667988115,,,,5,4,5-6,3-4
M1_exercise_plus_rep_progress,ridge,4,haoyu0512workout|hsianshun0514workout|tsenyu0515workout|yushuan0513workout|ziho0512workout,yoru0511workout,yanz0510workout,yanz0510workout,db_bench_press,3,3,5.0,4.445671566157877,,,,5,4,5-6,3-4
M1_exercise_plus_rep_progress,ridge,4,haoyu0512workout|hsianshun0514workout|tsenyu0515workout|yushuan0513workout|ziho0512workout,yoru0511workout,yanz0510workout,yanz0510workout,db_bench_press,3,4,5.0,4.817696464327638,,,,5,5,5-6,5-6
M1_exercise_plus_rep_progress,ridge,4,haoyu0512workout|hsianshun0514workout|tsenyu0515workout|yushuan0513workout|ziho0512workout,yoru0511workout,yanz0510workout,yanz0510workout,db_bench_press,3,5,6.0,5.1897213624974,,,,6,5,5-6,5-6
M1_exercise_plus_rep_progress,ridge,4,haoyu0512workout|hsianshun0514workout|tsenyu0515workout|yushuan0513workout|ziho0512workout,yoru0511workout,yanz0510workout,yanz0510workout,db_bench_press,3,6,6.0,5.561746260667161,,,,6,6,5-6,5-6
M1_exercise_plus_rep_progress,ridge,4,haoyu0512workout|hsianshun0514workout|tsenyu0515workout|yushuan0513workout|ziho0512workout,yoru0511workout,yanz0510workout,yanz0510workout,db_bench_press,3,7,6.0,5.933771158836922,,,,6,6,5-6,5-6
M1_exercise_plus_rep_progress,ridge,4,haoyu0512workout|hsianshun0514workout|tsenyu0515workout|yushuan0513workout|ziho0512workout,yoru0511workout,yanz0510workout,yanz0510workout,db_bench_press,3,8,6.0,6.305796057006685,,,,6,6,5-6,5-6
M1_exercise_plus_rep_progress,ridge,4,haoyu0512workout|hsianshun0514workout|tsenyu0515workout|yushuan0513workout|ziho0512workout,yoru0511workout,yanz0510workout,yanz0510workout,db_bench_press,3,9,7.0,6.677820955176445,,,,7,7,7-8,7-8
M1_exercise_plus_rep_progress,ridge,4,haoyu0512workout|hsianshun0514workout|tsenyu0515workout|yushuan0513workout|ziho0512workout,yoru0511workout,yanz0510workout,yanz0510workout,db_bench_press,3,10,7.0,7.049845853346207,,,,7,7,7-8,7-8
M1_exercise_plus_rep_progress,ridge,4,haoyu0512workout|hsianshun0514workout|tsenyu0515workout|yushuan0513workout|ziho0512workout,yoru0511workout,yanz0510workout,yanz0510workout,db_bench_press,3,11,7.0,7.421870751515968,,,,7,7,7-8,7-8
M1_exercise_plus_rep_progress,ridge,4,haoyu0512workout|hsianshun0514workout|tsenyu0515workout|yushuan0513workout|ziho0512workout,yoru0511workout,yanz0510workout,yanz0510workout,db_bench_press,4,0,7.0,3.3295968716485924,,,,7,3,7-8,3-4
M1_exercise_plus_rep_progress,ridge,4,haoyu0512workout|hsianshun0514workout|tsenyu0515workout|yushuan0513workout|ziho0512workout,yoru0511workout,yanz0510workout,yanz0510workout,db_bench_press,4,1,7.0,3.7016217698183542,,,,7,4,7-8,3-4
M1_exercise_plus_rep_progress,ridge,4,haoyu0512workout|hsianshun0514workout|tsenyu0515workout|yushuan0513workout|ziho0512workout,yoru0511workout,yanz0510workout,yanz0510workout,db_bench_press,4,2,7.0,4.073646667988115,,,,7,4,7-8,3-4
M1_exercise_plus_rep_progress,ridge,4,haoyu0512workout|hsianshun0514workout|tsenyu0515workout|yushuan0513workout|ziho0512workout,yoru0511workout,yanz0510workout,yanz0510workout,db_bench_press,4,3,7.0,4.445671566157877,,,,7,4,7-8,3-4
M1_exercise_plus_rep_progress,ridge,4,haoyu0512workout|hsianshun0514workout|tsenyu0515workout|yushuan0513workout|ziho0512workout,yoru0511workout,yanz0510workout,yanz0510workout,db_bench_press,4,4,7.0,4.817696464327638,,,,7,5,7-8,5-6
M1_exercise_plus_rep_progress,ridge,4,haoyu0512workout|hsianshun0514workout|tsenyu0515workout|yushuan0513workout|ziho0512workout,yoru0511workout,yanz0510workout,yanz0510workout,db_bench_press,4,5,7.0,5.1897213624974,,,,7,5,7-8,5-6
M1_exercise_plus_rep_progress,ridge,4,haoyu0512workout|hsianshun0514workout|tsenyu0515workout|yushuan0513workout|ziho0512workout,yoru0511workout,yanz0510workout,yanz0510workout,db_bench_press,4,6,8.0,5.561746260667161,,,,8,6,7-8,5-6
M1_exercise_plus_rep_progress,ridge,4,haoyu0512workout|hsianshun0514workout|tsenyu0515workout|yushuan0513workout|ziho0512workout,yoru0511workout,yanz0510workout,yanz0510workout,db_bench_press,4,7,8.0,5.933771158836922,,,,8,6,7-8,5-6
M1_exercise_plus_rep_progress,ridge,4,haoyu0512workout|hsianshun0514workout|tsenyu0515workout|yushuan0513workout|ziho0512workout,yoru0511workout,yanz0510workout,yanz0510workout,db_bench_press,4,8,8.0,6.305796057006685,,,,8,6,7-8,5-6
M1_exercise_plus_rep_progress,ridge,4,haoyu0512workout|hsianshun0514workout|tsenyu0515workout|yushuan0513workout|ziho0512workout,yoru0511workout,yanz0510workout,yanz0510workout,db_bench_press,4,9,8.0,6.677820955176445,,,,8,7,7-8,7-8
M1_exercise_plus_rep_progress,ridge,4,haoyu0512workout|hsianshun0514workout|tsenyu0515workout|yushuan0513workout|ziho0512workout,yoru0511workout,yanz0510workout,yanz0510workout,db_bench_press,4,10,8.0,7.049845853346207,,,,8,7,7-8,7-8
M1_exercise_plus_rep_progress,ridge,4,haoyu0512workout|hsianshun0514workout|tsenyu0515workout|yushuan0513workout|ziho0512workout,yoru0511workout,yanz0510workout,yanz0510workout,db_bench_press,4,11,8.0,7.421870751515968,,,,8,7,7-8,7-8
M1_exercise_plus_rep_progress,ridge,4,haoyu0512workout|hsianshun0514workout|tsenyu0515workout|yushuan0513workout|ziho0512workout,yoru0511workout,yanz0510workout,yanz0510workout,db_biceps_curl,0,0,1.0,4.066420537434201,,,,1,4,1-2,3-4
M1_exercise_plus_rep_progress,ridge,4,haoyu0512workout|hsianshun0514workout|tsenyu0515workout|yushuan0513workout|ziho0512workout,yoru0511workout,yanz0510workout,yanz0510workout,db_biceps_curl,0,1,2.0,4.438445435603962,,,,2,4,1-2,3-4
M1_exercise_plus_rep_progress,ridge,4,haoyu0512workout|hsianshun0514workout|tsenyu0515workout|yushuan0513workout|ziho0512workout,yoru0511workout,yanz0510workout,yanz0510workout,db_biceps_curl,0,2,2.0,4.810470333773724,,,,2,5,1-2,5-6
M1_exercise_plus_rep_progress,ridge,4,haoyu0512workout|hsianshun0514workout|tsenyu0515workout|yushuan0513workout|ziho0512workout,yoru0511workout,yanz0510workout,yanz0510workout,db_biceps_curl,0,3,2.0,5.182495231943485,,,,2,5,1-2,5-6
M1_exercise_plus_rep_progress,ridge,4,haoyu0512workout|hsianshun0514workout|tsenyu0515workout|yushuan0513workout|ziho0512workout,yoru0511workout,yanz0510workout,yanz0510workout,db_biceps_curl,0,4,3.0,5.5545201301132465,,,,3,6,3-4,5-6
M1_exercise_plus_rep_progress,ridge,4,haoyu0512workout|hsianshun0514workout|tsenyu0515workout|yushuan0513workout|ziho0512workout,yoru0511workout,yanz0510workout,yanz0510workout,db_biceps_curl,0,5,3.0,5.926545028283008,,,,3,6,3-4,5-6
M1_exercise_plus_rep_progress,ridge,4,haoyu0512workout|hsianshun0514workout|tsenyu0515workout|yushuan0513workout|ziho0512workout,yoru0511workout,yanz0510workout,yanz0510workout,db_biceps_curl,0,6,4.0,6.298569926452769,,,,4,6,3-4,5-6
M1_exercise_plus_rep_progress,ridge,4,haoyu0512workout|hsianshun0514workout|tsenyu0515workout|yushuan0513workout|ziho0512workout,yoru0511workout,yanz0510workout,yanz0510workout,db_biceps_curl,0,7,6.0,6.670594824622531,,,,6,7,5-6,7-8
M1_exercise_plus_rep_progress,ridge,4,haoyu0512workout|hsianshun0514workout|tsenyu0515workout|yushuan0513workout|ziho0512workout,yoru0511workout,yanz0510workout,yanz0510workout,db_biceps_curl,0,8,6.0,7.042619722792292,,,,6,7,5-6,7-8
M1_exercise_plus_rep_progress,ridge,4,haoyu0512workout|hsianshun0514workout|tsenyu0515workout|yushuan0513workout|ziho0512workout,yoru0511workout,yanz0510workout,yanz0510workout,db_biceps_curl,0,9,6.0,7.414644620962054,,,,6,7,5-6,7-8
M1_exercise_plus_rep_progress,ridge,4,haoyu0512workout|hsianshun0514workout|tsenyu0515workout|yushuan0513workout|ziho0512workout,yoru0511workout,yanz0510workout,yanz0510workout,db_biceps_curl,0,10,6.0,7.786669519131815,,,,6,8,5-6,7-8
M1_exercise_plus_rep_progress,ridge,4,haoyu0512workout|hsianshun0514workout|tsenyu0515workout|yushuan0513workout|ziho0512workout,yoru0511workout,yanz0510workout,yanz0510workout,db_biceps_curl,0,11,7.0,8.158694417301577,,,,7,8,7-8,7-8
M1_exercise_plus_rep_progress,ridge,4,haoyu0512workout|hsianshun0514workout|tsenyu0515workout|yushuan0513workout|ziho0512workout,yoru0511workout,yanz0510workout,yanz0510workout,db_biceps_curl,1,0,6.0,4.066420537434201,,,,6,4,5-6,3-4
M1_exercise_plus_rep_progress,ridge,4,haoyu0512workout|hsianshun0514workout|tsenyu0515workout|yushuan0513workout|ziho0512workout,yoru0511workout,yanz0510workout,yanz0510workout,db_biceps_curl,1,1,6.0,4.438445435603962,,,,6,4,5-6,3-4
M1_exercise_plus_rep_progress,ridge,4,haoyu0512workout|hsianshun0514workout|tsenyu0515workout|yushuan0513workout|ziho0512workout,yoru0511workout,yanz0510workout,yanz0510workout,db_biceps_curl,1,2,6.0,4.810470333773724,,,,6,5,5-6,5-6
M1_exercise_plus_rep_progress,ridge,4,haoyu0512workout|hsianshun0514workout|tsenyu0515workout|yushuan0513workout|ziho0512workout,yoru0511workout,yanz0510workout,yanz0510workout,db_biceps_curl,1,3,7.0,5.182495231943485,,,,7,5,7-8,5-6
M1_exercise_plus_rep_progress,ridge,4,haoyu0512workout|hsianshun0514workout|tsenyu0515workout|yushuan0513workout|ziho0512workout,yoru0511workout,yanz0510workout,yanz0510workout,db_biceps_curl,1,4,7.0,5.5545201301132465,,,,7,6,7-8,5-6
M1_exercise_plus_rep_progress,ridge,4,haoyu0512workout|hsianshun0514workout|tsenyu0515workout|yushuan0513workout|ziho0512workout,yoru0511workout,yanz0510workout,yanz0510workout,db_biceps_curl,1,5,7.0,5.926545028283008,,,,7,6,7-8,5-6
M1_exercise_plus_rep_progress,ridge,4,haoyu0512workout|hsianshun0514workout|tsenyu0515workout|yushuan0513workout|ziho0512workout,yoru0511workout,yanz0510workout,yanz0510workout,db_biceps_curl,1,6,7.0,6.298569926452769,,,,7,6,7-8,5-6
M1_exercise_plus_rep_progress,ridge,4,haoyu0512workout|hsianshun0514workout|tsenyu0515workout|yushuan0513workout|ziho0512workout,yoru0511workout,yanz0510workout,yanz0510workout,db_biceps_curl,1,7,8.0,6.670594824622531,,,,8,7,7-8,7-8
M1_exercise_plus_rep_progress,ridge,4,haoyu0512workout|hsianshun0514workout|tsenyu0515workout|yushuan0513workout|ziho0512workout,yoru0511workout,yanz0510workout,yanz0510workout,db_biceps_curl,1,8,8.0,7.042619722792292,,,,8,7,7-8,7-8
M1_exercise_plus_rep_progress,ridge,4,haoyu0512workout|hsianshun0514workout|tsenyu0515workout|yushuan0513workout|ziho0512workout,yoru0511workout,yanz0510workout,yanz0510workout,db_biceps_curl,1,9,8.0,7.414644620962054,,,,8,7,7-8,7-8
M1_exercise_plus_rep_progress,ridge,4,haoyu0512workout|hsianshun0514workout|tsenyu0515workout|yushuan0513workout|ziho0512workout,yoru0511workout,yanz0510workout,yanz0510workout,db_biceps_curl,1,10,8.0,7.786669519131815,,,,8,8,7-8,7-8
M1_exercise_plus_rep_progress,ridge,4,haoyu0512workout|hsianshun0514workout|tsenyu0515workout|yushuan0513workout|ziho0512workout,yoru0511workout,yanz0510workout,yanz0510workout,db_biceps_curl,1,11,9.0,8.158694417301577,,,,9,8,9-10,7-8
M1_exercise_plus_rep_progress,ridge,4,haoyu0512workout|hsianshun0514workout|tsenyu0515workout|yushuan0513workout|ziho0512workout,yoru0511workout,yanz0510workout,yanz0510workout,db_biceps_curl,2,0,8.0,4.066420537434201,,,,8,4,7-8,3-4
M1_exercise_plus_rep_progress,ridge,4,haoyu0512workout|hsianshun0514workout|tsenyu0515workout|yushuan0513workout|ziho0512workout,yoru0511workout,yanz0510workout,yanz0510workout,db_biceps_curl,2,1,8.0,4.577954772417623,,,,8,5,7-8,5-6
M1_exercise_plus_rep_progress,ridge,4,haoyu0512workout|hsianshun0514workout|tsenyu0515workout|yushuan0513workout|ziho0512workout,yoru0511workout,yanz0510workout,yanz0510workout,db_biceps_curl,2,2,8.0,5.089489007401045,,,,8,5,7-8,5-6
M1_exercise_plus_rep_progress,ridge,4,haoyu0512workout|hsianshun0514workout|tsenyu0515workout|yushuan0513workout|ziho0512workout,yoru0511workout,yanz0510workout,yanz0510workout,db_biceps_curl,2,3,9.0,5.601023242384467,,,,9,6,9-10,5-6
M1_exercise_plus_rep_progress,ridge,4,haoyu0512workout|hsianshun0514workout|tsenyu0515workout|yushuan0513workout|ziho0512workout,yoru0511workout,yanz0510workout,yanz0510workout,db_biceps_curl,2,4,9.0,6.112557477367889,,,,9,6,9-10,5-6
M1_exercise_plus_rep_progress,ridge,4,haoyu0512workout|hsianshun0514workout|tsenyu0515workout|yushuan0513workout|ziho0512workout,yoru0511workout,yanz0510workout,yanz0510workout,db_biceps_curl,2,5,9.0,6.62409171235131,,,,9,7,9-10,7-8
M1_exercise_plus_rep_progress,ridge,4,haoyu0512workout|hsianshun0514workout|tsenyu0515workout|yushuan0513workout|ziho0512workout,yoru0511workout,yanz0510workout,yanz0510workout,db_biceps_curl,2,6,9.0,7.1356259473347325,,,,9,7,9-10,7-8
M1_exercise_plus_rep_progress,ridge,4,haoyu0512workout|hsianshun0514workout|tsenyu0515workout|yushuan0513workout|ziho0512workout,yoru0511workout,yanz0510workout,yanz0510workout,db_biceps_curl,2,7,9.0,7.647160182318155,,,,9,8,9-10,7-8
M1_exercise_plus_rep_progress,ridge,4,haoyu0512workout|hsianshun0514workout|tsenyu0515workout|yushuan0513workout|ziho0512workout,yoru0511workout,yanz0510workout,yanz0510workout,db_biceps_curl,2,8,10.0,8.158694417301577,,,,10,8,9-10,7-8
M1_exercise_plus_rep_progress,ridge,4,haoyu0512workout|hsianshun0514workout|tsenyu0515workout|yushuan0513workout|ziho0512workout,yoru0511workout,yanz0510workout,yanz0510workout,db_rdl,0,0,1.0,3.2395726042845405,,,,1,3,1-2,3-4
M1_exercise_plus_rep_progress,ridge,4,haoyu0512workout|hsianshun0514workout|tsenyu0515workout|yushuan0513workout|ziho0512workout,yoru0511workout,yanz0510workout,yanz0510workout,db_rdl,0,1,2.0,3.611597502454302,,,,2,4,1-2,3-4
M1_exercise_plus_rep_progress,ridge,4,haoyu0512workout|hsianshun0514workout|tsenyu0515workout|yushuan0513workout|ziho0512workout,yoru0511workout,yanz0510workout,yanz0510workout,db_rdl,0,2,2.0,3.9836224006240633,,,,2,4,1-2,3-4
M1_exercise_plus_rep_progress,ridge,4,haoyu0512workout|hsianshun0514workout|tsenyu0515workout|yushuan0513workout|ziho0512workout,yoru0511workout,yanz0510workout,yanz0510workout,db_rdl,0,3,3.0,4.355647298793825,,,,3,4,3-4,3-4
M1_exercise_plus_rep_progress,ridge,4,haoyu0512workout|hsianshun0514workout|tsenyu0515workout|yushuan0513workout|ziho0512workout,yoru0511workout,yanz0510workout,yanz0510workout,db_rdl,0,4,3.0,4.727672196963587,,,,3,5,3-4,5-6
M1_exercise_plus_rep_progress,ridge,4,haoyu0512workout|hsianshun0514workout|tsenyu0515workout|yushuan0513workout|ziho0512workout,yoru0511workout,yanz0510workout,yanz0510workout,db_rdl,0,5,3.0,5.099697095133348,,,,3,5,3-4,5-6
M1_exercise_plus_rep_progress,ridge,4,haoyu0512workout|hsianshun0514workout|tsenyu0515workout|yushuan0513workout|ziho0512workout,yoru0511workout,yanz0510workout,yanz0510workout,db_rdl,0,6,4.0,5.47172199330311,,,,4,5,3-4,5-6
M1_exercise_plus_rep_progress,ridge,4,haoyu0512workout|hsianshun0514workout|tsenyu0515workout|yushuan0513workout|ziho0512workout,yoru0511workout,yanz0510workout,yanz0510workout,db_rdl,0,7,4.0,5.843746891472871,,,,4,6,3-4,5-6
M1_exercise_plus_rep_progress,ridge,4,haoyu0512workout|hsianshun0514workout|tsenyu0515workout|yushuan0513workout|ziho0512workout,yoru0511workout,yanz0510workout,yanz0510workout,db_rdl,0,8,5.0,6.215771789642632,,,,5,6,5-6,5-6
M1_exercise_plus_rep_progress,ridge,4,haoyu0512workout|hsianshun0514workout|tsenyu0515workout|yushuan0513workout|ziho0512workout,yoru0511workout,yanz0510workout,yanz0510workout,db_rdl,0,9,5.0,6.587796687812394,,,,5,7,5-6,7-8
M1_exercise_plus_rep_progress,ridge,4,haoyu0512workout|hsianshun0514workout|tsenyu0515workout|yushuan0513workout|ziho0512workout,yoru0511workout,yanz0510workout,yanz0510workout,db_rdl,0,10,5.0,6.959821585982155,,,,5,7,5-6,7-8
M1_exercise_plus_rep_progress,ridge,4,haoyu0512workout|hsianshun0514workout|tsenyu0515workout|yushuan0513workout|ziho0512workout,yoru0511workout,yanz0510workout,yanz0510workout,db_rdl,0,11,5.0,7.331846484151916,,,,5,7,5-6,7-8
M1_exercise_plus_rep_progress,ridge,4,haoyu0512workout|hsianshun0514workout|tsenyu0515workout|yushuan0513workout|ziho0512workout,yoru0511workout,yanz0510workout,yanz0510workout,db_rdl,1,0,6.0,3.2395726042845405,,,,6,3,5-6,3-4
M1_exercise_plus_rep_progress,ridge,4,haoyu0512workout|hsianshun0514workout|tsenyu0515workout|yushuan0513workout|ziho0512workout,yoru0511workout,yanz0510workout,yanz0510workout,db_rdl,1,1,6.0,3.611597502454302,,,,6,4,5-6,3-4
M1_exercise_plus_rep_progress,ridge,4,haoyu0512workout|hsianshun0514workout|tsenyu0515workout|yushuan0513workout|ziho0512workout,yoru0511workout,yanz0510workout,yanz0510workout,db_rdl,1,2,6.0,3.9836224006240633,,,,6,4,5-6,3-4
M1_exercise_plus_rep_progress,ridge,4,haoyu0512workout|hsianshun0514workout|tsenyu0515workout|yushuan0513workout|ziho0512workout,yoru0511workout,yanz0510workout,yanz0510workout,db_rdl,1,3,6.0,4.355647298793825,,,,6,4,5-6,3-4
M1_exercise_plus_rep_progress,ridge,4,haoyu0512workout|hsianshun0514workout|tsenyu0515workout|yushuan0513workout|ziho0512workout,yoru0511workout,yanz0510workout,yanz0510workout,db_rdl,1,4,6.0,4.727672196963587,,,,6,5,5-6,5-6
M1_exercise_plus_rep_progress,ridge,4,haoyu0512workout|hsianshun0514workout|tsenyu0515workout|yushuan0513workout|ziho0512workout,yoru0511workout,yanz0510workout,yanz0510workout,db_rdl,1,5,6.0,5.099697095133348,,,,6,5,5-6,5-6
M1_exercise_plus_rep_progress,ridge,4,haoyu0512workout|hsianshun0514workout|tsenyu0515workout|yushuan0513workout|ziho0512workout,yoru0511workout,yanz0510workout,yanz0510workout,db_rdl,1,6,6.0,5.47172199330311,,,,6,5,5-6,5-6
M1_exercise_plus_rep_progress,ridge,4,haoyu0512workout|hsianshun0514workout|tsenyu0515workout|yushuan0513workout|ziho0512workout,yoru0511workout,yanz0510workout,yanz0510workout,db_rdl,1,7,6.0,5.843746891472871,,,,6,6,5-6,5-6
M1_exercise_plus_rep_progress,ridge,4,haoyu0512workout|hsianshun0514workout|tsenyu0515workout|yushuan0513workout|ziho0512workout,yoru0511workout,yanz0510workout,yanz0510workout,db_rdl,1,8,7.0,6.215771789642632,,,,7,6,7-8,5-6
M1_exercise_plus_rep_progress,ridge,4,haoyu0512workout|hsianshun0514workout|tsenyu0515workout|yushuan0513workout|ziho0512workout,yoru0511workout,yanz0510workout,yanz0510workout,db_rdl,1,9,7.0,6.587796687812394,,,,7,7,7-8,7-8
M1_exercise_plus_rep_progress,ridge,4,haoyu0512workout|hsianshun0514workout|tsenyu0515workout|yushuan0513workout|ziho0512workout,yoru0511workout,yanz0510workout,yanz0510workout,db_rdl,1,10,7.0,6.959821585982155,,,,7,7,7-8,7-8
M1_exercise_plus_rep_progress,ridge,4,haoyu0512workout|hsianshun0514workout|tsenyu0515workout|yushuan0513workout|ziho0512workout,yoru0511workout,yanz0510workout,yanz0510workout,db_rdl,1,11,8.0,7.331846484151916,,,,8,7,7-8,7-8
M1_exercise_plus_rep_progress,ridge,4,haoyu0512workout|hsianshun0514workout|tsenyu0515workout|yushuan0513workout|ziho0512workout,yoru0511workout,yanz0510workout,yanz0510workout,db_rdl,2,0,7.0,3.2395726042845405,,,,7,3,7-8,3-4
M1_exercise_plus_rep_progress,ridge,4,haoyu0512workout|hsianshun0514workout|tsenyu0515workout|yushuan0513workout|ziho0512workout,yoru0511workout,yanz0510workout,yanz0510workout,db_rdl,2,1,7.0,3.611597502454302,,,,7,4,7-8,3-4
M1_exercise_plus_rep_progress,ridge,4,haoyu0512workout|hsianshun0514workout|tsenyu0515workout|yushuan0513workout|ziho0512workout,yoru0511workout,yanz0510workout,yanz0510workout,db_rdl,2,2,7.0,3.9836224006240633,,,,7,4,7-8,3-4
M1_exercise_plus_rep_progress,ridge,4,haoyu0512workout|hsianshun0514workout|tsenyu0515workout|yushuan0513workout|ziho0512workout,yoru0511workout,yanz0510workout,yanz0510workout,db_rdl,2,3,7.0,4.355647298793825,,,,7,4,7-8,3-4
M1_exercise_plus_rep_progress,ridge,4,haoyu0512workout|hsianshun0514workout|tsenyu0515workout|yushuan0513workout|ziho0512workout,yoru0511workout,yanz0510workout,yanz0510workout,db_rdl,2,4,7.0,4.727672196963587,,,,7,5,7-8,5-6
M1_exercise_plus_rep_progress,ridge,4,haoyu0512workout|hsianshun0514workout|tsenyu0515workout|yushuan0513workout|ziho0512workout,yoru0511workout,yanz0510workout,yanz0510workout,db_rdl,2,5,7.0,5.099697095133348,,,,7,5,7-8,5-6
M1_exercise_plus_rep_progress,ridge,4,haoyu0512workout|hsianshun0514workout|tsenyu0515workout|yushuan0513workout|ziho0512workout,yoru0511workout,yanz0510workout,yanz0510workout,db_rdl,2,6,7.0,5.47172199330311,,,,7,5,7-8,5-6
M1_exercise_plus_rep_progress,ridge,4,haoyu0512workout|hsianshun0514workout|tsenyu0515workout|yushuan0513workout|ziho0512workout,yoru0511workout,yanz0510workout,yanz0510workout,db_rdl,2,7,8.0,5.843746891472871,,,,8,6,7-8,5-6
M1_exercise_plus_rep_progress,ridge,4,haoyu0512workout|hsianshun0514workout|tsenyu0515workout|yushuan0513workout|ziho0512workout,yoru0511workout,yanz0510workout,yanz0510workout,db_rdl,2,8,8.0,6.215771789642632,,,,8,6,7-8,5-6
M1_exercise_plus_rep_progress,ridge,4,haoyu0512workout|hsianshun0514workout|tsenyu0515workout|yushuan0513workout|ziho0512workout,yoru0511workout,yanz0510workout,yanz0510workout,db_rdl,2,9,9.0,6.587796687812394,,,,9,7,9-10,7-8
M1_exercise_plus_rep_progress,ridge,4,haoyu0512workout|hsianshun0514workout|tsenyu0515workout|yushuan0513workout|ziho0512workout,yoru0511workout,yanz0510workout,yanz0510workout,db_rdl,2,10,9.0,6.959821585982155,,,,9,7,9-10,7-8
M1_exercise_plus_rep_progress,ridge,4,haoyu0512workout|hsianshun0514workout|tsenyu0515workout|yushuan0513workout|ziho0512workout,yoru0511workout,yanz0510workout,yanz0510workout,db_rdl,2,11,9.0,7.331846484151916,,,,9,7,9-10,7-8
M1_exercise_plus_rep_progress,ridge,4,haoyu0512workout|hsianshun0514workout|tsenyu0515workout|yushuan0513workout|ziho0512workout,yoru0511workout,yanz0510workout,yanz0510workout,db_shoulder_press,1,0,1.0,3.935321406916678,,,,1,4,1-2,3-4
M1_exercise_plus_rep_progress,ridge,4,haoyu0512workout|hsianshun0514workout|tsenyu0515workout|yushuan0513workout|ziho0512workout,yoru0511workout,yanz0510workout,yanz0510workout,db_shoulder_press,1,1,2.0,4.3073463050864405,,,,2,4,1-2,3-4
M1_exercise_plus_rep_progress,ridge,4,haoyu0512workout|hsianshun0514workout|tsenyu0515workout|yushuan0513workout|ziho0512workout,yoru0511workout,yanz0510workout,yanz0510workout,db_shoulder_press,1,2,2.0,4.679371203256202,,,,2,5,1-2,5-6
M1_exercise_plus_rep_progress,ridge,4,haoyu0512workout|hsianshun0514workout|tsenyu0515workout|yushuan0513workout|ziho0512workout,yoru0511workout,yanz0510workout,yanz0510workout,db_shoulder_press,1,3,3.0,5.051396101425963,,,,3,5,3-4,5-6
M1_exercise_plus_rep_progress,ridge,4,haoyu0512workout|hsianshun0514workout|tsenyu0515workout|yushuan0513workout|ziho0512workout,yoru0511workout,yanz0510workout,yanz0510workout,db_shoulder_press,1,4,3.0,5.4234209995957245,,,,3,5,3-4,5-6
M1_exercise_plus_rep_progress,ridge,4,haoyu0512workout|hsianshun0514workout|tsenyu0515workout|yushuan0513workout|ziho0512workout,yoru0511workout,yanz0510workout,yanz0510workout,db_shoulder_press,1,5,4.0,5.795445897765486,,,,4,6,3-4,5-6
M1_exercise_plus_rep_progress,ridge,4,haoyu0512workout|hsianshun0514workout|tsenyu0515workout|yushuan0513workout|ziho0512workout,yoru0511workout,yanz0510workout,yanz0510workout,db_shoulder_press,1,6,4.0,6.167470795935247,,,,4,6,3-4,5-6
M1_exercise_plus_rep_progress,ridge,4,haoyu0512workout|hsianshun0514workout|tsenyu0515workout|yushuan0513workout|ziho0512workout,yoru0511workout,yanz0510workout,yanz0510workout,db_shoulder_press,1,7,5.0,6.539495694105009,,,,5,7,5-6,7-8
M1_exercise_plus_rep_progress,ridge,4,haoyu0512workout|hsianshun0514workout|tsenyu0515workout|yushuan0513workout|ziho0512workout,yoru0511workout,yanz0510workout,yanz0510workout,db_shoulder_press,1,8,5.0,6.91152059227477,,,,5,7,5-6,7-8
M1_exercise_plus_rep_progress,ridge,4,haoyu0512workout|hsianshun0514workout|tsenyu0515workout|yushuan0513workout|ziho0512workout,yoru0511workout,yanz0510workout,yanz0510workout,db_shoulder_press,1,9,6.0,7.283545490444531,,,,6,7,5-6,7-8
M1_exercise_plus_rep_progress,ridge,4,haoyu0512workout|hsianshun0514workout|tsenyu0515workout|yushuan0513workout|ziho0512workout,yoru0511workout,yanz0510workout,yanz0510workout,db_shoulder_press,1,10,6.0,7.655570388614294,,,,6,8,5-6,7-8
M1_exercise_plus_rep_progress,ridge,4,haoyu0512workout|hsianshun0514workout|tsenyu0515workout|yushuan0513workout|ziho0512workout,yoru0511workout,yanz0510workout,yanz0510workout,db_shoulder_press,1,11,7.0,8.027595286784054,,,,7,8,7-8,7-8
M1_exercise_plus_rep_progress,ridge,4,haoyu0512workout|hsianshun0514workout|tsenyu0515workout|yushuan0513workout|ziho0512workout,yoru0511workout,yanz0510workout,yanz0510workout,db_shoulder_press,2,0,8.0,3.935321406916678,,,,8,4,7-8,3-4
M1_exercise_plus_rep_progress,ridge,4,haoyu0512workout|hsianshun0514workout|tsenyu0515workout|yushuan0513workout|ziho0512workout,yoru0511workout,yanz0510workout,yanz0510workout,db_shoulder_press,2,1,8.0,4.617367053561241,,,,8,5,7-8,5-6
M1_exercise_plus_rep_progress,ridge,4,haoyu0512workout|hsianshun0514workout|tsenyu0515workout|yushuan0513workout|ziho0512workout,yoru0511workout,yanz0510workout,yanz0510workout,db_shoulder_press,2,2,8.0,5.299412700205804,,,,8,5,7-8,5-6
M1_exercise_plus_rep_progress,ridge,4,haoyu0512workout|hsianshun0514workout|tsenyu0515workout|yushuan0513workout|ziho0512workout,yoru0511workout,yanz0510workout,yanz0510workout,db_shoulder_press,2,3,8.0,5.981458346850367,,,,8,6,7-8,5-6
M1_exercise_plus_rep_progress,ridge,4,haoyu0512workout|hsianshun0514workout|tsenyu0515workout|yushuan0513workout|ziho0512workout,yoru0511workout,yanz0510workout,yanz0510workout,db_shoulder_press,2,4,9.0,6.663503993494929,,,,9,7,9-10,7-8
M1_exercise_plus_rep_progress,ridge,4,haoyu0512workout|hsianshun0514workout|tsenyu0515workout|yushuan0513workout|ziho0512workout,yoru0511workout,yanz0510workout,yanz0510workout,db_shoulder_press,2,5,9.0,7.345549640139492,,,,9,7,9-10,7-8
M1_exercise_plus_rep_progress,ridge,4,haoyu0512workout|hsianshun0514workout|tsenyu0515workout|yushuan0513workout|ziho0512workout,yoru0511workout,yanz0510workout,yanz0510workout,db_shoulder_press,2,6,10.0,8.027595286784054,,,,10,8,9-10,7-8
M1_exercise_plus_rep_progress,ridge,4,haoyu0512workout|hsianshun0514workout|tsenyu0515workout|yushuan0513workout|ziho0512workout,yoru0511workout,yanz0510workout,yanz0510workout,db_shoulder_press,3,0,8.0,3.935321406916678,,,,8,4,7-8,3-4
M1_exercise_plus_rep_progress,ridge,4,haoyu0512workout|hsianshun0514workout|tsenyu0515workout|yushuan0513workout|ziho0512workout,yoru0511workout,yanz0510workout,yanz0510workout,db_shoulder_press,3,1,8.0,4.617367053561241,,,,8,5,7-8,5-6
M1_exercise_plus_rep_progress,ridge,4,haoyu0512workout|hsianshun0514workout|tsenyu0515workout|yushuan0513workout|ziho0512workout,yoru0511workout,yanz0510workout,yanz0510workout,db_shoulder_press,3,2,8.0,5.299412700205804,,,,8,5,7-8,5-6
M1_exercise_plus_rep_progress,ridge,4,haoyu0512workout|hsianshun0514workout|tsenyu0515workout|yushuan0513workout|ziho0512workout,yoru0511workout,yanz0510workout,yanz0510workout,db_shoulder_press,3,3,8.0,5.981458346850367,,,,8,6,7-8,5-6
M1_exercise_plus_rep_progress,ridge,4,haoyu0512workout|hsianshun0514workout|tsenyu0515workout|yushuan0513workout|ziho0512workout,yoru0511workout,yanz0510workout,yanz0510workout,db_shoulder_press,3,4,9.0,6.663503993494929,,,,9,7,9-10,7-8
M1_exercise_plus_rep_progress,ridge,4,haoyu0512workout|hsianshun0514workout|tsenyu0515workout|yushuan0513workout|ziho0512workout,yoru0511workout,yanz0510workout,yanz0510workout,db_shoulder_press,3,5,9.0,7.345549640139492,,,,9,7,9-10,7-8
M1_exercise_plus_rep_progress,ridge,4,haoyu0512workout|hsianshun0514workout|tsenyu0515workout|yushuan0513workout|ziho0512workout,yoru0511workout,yanz0510workout,yanz0510workout,db_shoulder_press,3,6,10.0,8.027595286784054,,,,10,8,9-10,7-8
M1_exercise_plus_rep_progress,ridge,4,haoyu0512workout|hsianshun0514workout|tsenyu0515workout|yushuan0513workout|ziho0512workout,yoru0511workout,yanz0510workout,yanz0510workout,db_squat,0,0,1.0,2.8996953315882723,,,,1,3,1-2,3-4
M1_exercise_plus_rep_progress,ridge,4,haoyu0512workout|hsianshun0514workout|tsenyu0515workout|yushuan0513workout|ziho0512workout,yoru0511workout,yanz0510workout,yanz0510workout,db_squat,0,1,1.0,3.2717202297580337,,,,1,3,1-2,3-4
M1_exercise_plus_rep_progress,ridge,4,haoyu0512workout|hsianshun0514workout|tsenyu0515workout|yushuan0513workout|ziho0512workout,yoru0511workout,yanz0510workout,yanz0510workout,db_squat,0,2,2.0,3.643745127927795,,,,2,4,1-2,3-4
M1_exercise_plus_rep_progress,ridge,4,haoyu0512workout|hsianshun0514workout|tsenyu0515workout|yushuan0513workout|ziho0512workout,yoru0511workout,yanz0510workout,yanz0510workout,db_squat,0,3,2.0,4.015770026097556,,,,2,4,1-2,3-4
M1_exercise_plus_rep_progress,ridge,4,haoyu0512workout|hsianshun0514workout|tsenyu0515workout|yushuan0513workout|ziho0512workout,yoru0511workout,yanz0510workout,yanz0510workout,db_squat,0,4,2.0,4.387794924267318,,,,2,4,1-2,3-4
M1_exercise_plus_rep_progress,ridge,4,haoyu0512workout|hsianshun0514workout|tsenyu0515workout|yushuan0513workout|ziho0512workout,yoru0511workout,yanz0510workout,yanz0510workout,db_squat,0,5,3.0,4.75981982243708,,,,3,5,3-4,5-6
M1_exercise_plus_rep_progress,ridge,4,haoyu0512workout|hsianshun0514workout|tsenyu0515workout|yushuan0513workout|ziho0512workout,yoru0511workout,yanz0510workout,yanz0510workout,db_squat,0,6,3.0,5.131844720606841,,,,3,5,3-4,5-6
M1_exercise_plus_rep_progress,ridge,4,haoyu0512workout|hsianshun0514workout|tsenyu0515workout|yushuan0513workout|ziho0512workout,yoru0511workout,yanz0510workout,yanz0510workout,db_squat,0,7,4.0,5.503869618776602,,,,4,6,3-4,5-6
M1_exercise_plus_rep_progress,ridge,4,haoyu0512workout|hsianshun0514workout|tsenyu0515workout|yushuan0513workout|ziho0512workout,yoru0511workout,yanz0510workout,yanz0510workout,db_squat,0,8,4.0,5.8758945169463646,,,,4,6,3-4,5-6
M1_exercise_plus_rep_progress,ridge,4,haoyu0512workout|hsianshun0514workout|tsenyu0515workout|yushuan0513workout|ziho0512workout,yoru0511workout,yanz0510workout,yanz0510workout,db_squat,0,9,5.0,6.247919415116125,,,,5,6,5-6,5-6
M1_exercise_plus_rep_progress,ridge,4,haoyu0512workout|hsianshun0514workout|tsenyu0515workout|yushuan0513workout|ziho0512workout,yoru0511workout,yanz0510workout,yanz0510workout,db_squat,0,10,7.0,6.619944313285886,,,,7,7,7-8,7-8
M1_exercise_plus_rep_progress,ridge,4,haoyu0512workout|hsianshun0514workout|tsenyu0515workout|yushuan0513workout|ziho0512workout,yoru0511workout,yanz0510workout,yanz0510workout,db_squat,0,11,7.0,6.991969211455649,,,,7,7,7-8,7-8
M1_exercise_plus_rep_progress,ridge,4,haoyu0512workout|hsianshun0514workout|tsenyu0515workout|yushuan0513workout|ziho0512workout,yoru0511workout,yanz0510workout,yanz0510workout,db_squat,1,0,7.0,2.8996953315882723,,,,7,3,7-8,3-4
M1_exercise_plus_rep_progress,ridge,4,haoyu0512workout|hsianshun0514workout|tsenyu0515workout|yushuan0513workout|ziho0512workout,yoru0511workout,yanz0510workout,yanz0510workout,db_squat,1,1,7.0,3.2717202297580337,,,,7,3,7-8,3-4
M1_exercise_plus_rep_progress,ridge,4,haoyu0512workout|hsianshun0514workout|tsenyu0515workout|yushuan0513workout|ziho0512workout,yoru0511workout,yanz0510workout,yanz0510workout,db_squat,1,2,7.0,3.643745127927795,,,,7,4,7-8,3-4
M1_exercise_plus_rep_progress,ridge,4,haoyu0512workout|hsianshun0514workout|tsenyu0515workout|yushuan0513workout|ziho0512workout,yoru0511workout,yanz0510workout,yanz0510workout,db_squat,1,3,7.0,4.015770026097556,,,,7,4,7-8,3-4
M1_exercise_plus_rep_progress,ridge,4,haoyu0512workout|hsianshun0514workout|tsenyu0515workout|yushuan0513workout|ziho0512workout,yoru0511workout,yanz0510workout,yanz0510workout,db_squat,1,4,7.0,4.387794924267318,,,,7,4,7-8,3-4
M1_exercise_plus_rep_progress,ridge,4,haoyu0512workout|hsianshun0514workout|tsenyu0515workout|yushuan0513workout|ziho0512workout,yoru0511workout,yanz0510workout,yanz0510workout,db_squat,1,5,7.0,4.75981982243708,,,,7,5,7-8,5-6
M1_exercise_plus_rep_progress,ridge,4,haoyu0512workout|hsianshun0514workout|tsenyu0515workout|yushuan0513workout|ziho0512workout,yoru0511workout,yanz0510workout,yanz0510workout,db_squat,1,6,7.0,5.131844720606841,,,,7,5,7-8,5-6
M1_exercise_plus_rep_progress,ridge,4,haoyu0512workout|hsianshun0514workout|tsenyu0515workout|yushuan0513workout|ziho0512workout,yoru0511workout,yanz0510workout,yanz0510workout,db_squat,1,7,7.0,5.503869618776602,,,,7,6,7-8,5-6
M1_exercise_plus_rep_progress,ridge,4,haoyu0512workout|hsianshun0514workout|tsenyu0515workout|yushuan0513workout|ziho0512workout,yoru0511workout,yanz0510workout,yanz0510workout,db_squat,1,8,8.0,5.8758945169463646,,,,8,6,7-8,5-6
M1_exercise_plus_rep_progress,ridge,4,haoyu0512workout|hsianshun0514workout|tsenyu0515workout|yushuan0513workout|ziho0512workout,yoru0511workout,yanz0510workout,yanz0510workout,db_squat,1,9,8.0,6.247919415116125,,,,8,6,7-8,5-6
M1_exercise_plus_rep_progress,ridge,4,haoyu0512workout|hsianshun0514workout|tsenyu0515workout|yushuan0513workout|ziho0512workout,yoru0511workout,yanz0510workout,yanz0510workout,db_squat,1,10,8.0,6.619944313285886,,,,8,7,7-8,7-8
M1_exercise_plus_rep_progress,ridge,4,haoyu0512workout|hsianshun0514workout|tsenyu0515workout|yushuan0513workout|ziho0512workout,yoru0511workout,yanz0510workout,yanz0510workout,db_squat,1,11,8.0,6.991969211455649,,,,8,7,7-8,7-8
M1_exercise_plus_rep_progress,ridge,4,haoyu0512workout|hsianshun0514workout|tsenyu0515workout|yushuan0513workout|ziho0512workout,yoru0511workout,yanz0510workout,yanz0510workout,db_squat,2,0,8.0,2.8996953315882723,,,,8,3,7-8,3-4
M1_exercise_plus_rep_progress,ridge,4,haoyu0512workout|hsianshun0514workout|tsenyu0515workout|yushuan0513workout|ziho0512workout,yoru0511workout,yanz0510workout,yanz0510workout,db_squat,2,1,8.0,3.2717202297580337,,,,8,3,7-8,3-4
M1_exercise_plus_rep_progress,ridge,4,haoyu0512workout|hsianshun0514workout|tsenyu0515workout|yushuan0513workout|ziho0512workout,yoru0511workout,yanz0510workout,yanz0510workout,db_squat,2,2,8.0,3.643745127927795,,,,8,4,7-8,3-4
M1_exercise_plus_rep_progress,ridge,4,haoyu0512workout|hsianshun0514workout|tsenyu0515workout|yushuan0513workout|ziho0512workout,yoru0511workout,yanz0510workout,yanz0510workout,db_squat,2,3,8.0,4.015770026097556,,,,8,4,7-8,3-4
M1_exercise_plus_rep_progress,ridge,4,haoyu0512workout|hsianshun0514workout|tsenyu0515workout|yushuan0513workout|ziho0512workout,yoru0511workout,yanz0510workout,yanz0510workout,db_squat,2,4,8.0,4.387794924267318,,,,8,4,7-8,3-4
M1_exercise_plus_rep_progress,ridge,4,haoyu0512workout|hsianshun0514workout|tsenyu0515workout|yushuan0513workout|ziho0512workout,yoru0511workout,yanz0510workout,yanz0510workout,db_squat,2,5,8.0,4.75981982243708,,,,8,5,7-8,5-6
M1_exercise_plus_rep_progress,ridge,4,haoyu0512workout|hsianshun0514workout|tsenyu0515workout|yushuan0513workout|ziho0512workout,yoru0511workout,yanz0510workout,yanz0510workout,db_squat,2,6,8.0,5.131844720606841,,,,8,5,7-8,5-6
M1_exercise_plus_rep_progress,ridge,4,haoyu0512workout|hsianshun0514workout|tsenyu0515workout|yushuan0513workout|ziho0512workout,yoru0511workout,yanz0510workout,yanz0510workout,db_squat,2,7,8.0,5.503869618776602,,,,8,6,7-8,5-6
M1_exercise_plus_rep_progress,ridge,4,haoyu0512workout|hsianshun0514workout|tsenyu0515workout|yushuan0513workout|ziho0512workout,yoru0511workout,yanz0510workout,yanz0510workout,db_squat,2,8,8.0,5.8758945169463646,,,,8,6,7-8,5-6
M1_exercise_plus_rep_progress,ridge,4,haoyu0512workout|hsianshun0514workout|tsenyu0515workout|yushuan0513workout|ziho0512workout,yoru0511workout,yanz0510workout,yanz0510workout,db_squat,2,9,9.0,6.247919415116125,,,,9,6,9-10,5-6
M1_exercise_plus_rep_progress,ridge,4,haoyu0512workout|hsianshun0514workout|tsenyu0515workout|yushuan0513workout|ziho0512workout,yoru0511workout,yanz0510workout,yanz0510workout,db_squat,2,10,9.0,6.619944313285886,,,,9,7,9-10,7-8
M1_exercise_plus_rep_progress,ridge,4,haoyu0512workout|hsianshun0514workout|tsenyu0515workout|yushuan0513workout|ziho0512workout,yoru0511workout,yanz0510workout,yanz0510workout,db_squat,2,11,9.0,6.991969211455649,,,,9,7,9-10,7-8
M1_exercise_plus_rep_progress,ridge,4,haoyu0512workout|hsianshun0514workout|tsenyu0515workout|yushuan0513workout|ziho0512workout,yoru0511workout,yanz0510workout,yanz0510workout,db_triceps_curl,0,0,1.0,3.1883675535757696,,,,1,3,1-2,3-4
M1_exercise_plus_rep_progress,ridge,4,haoyu0512workout|hsianshun0514workout|tsenyu0515workout|yushuan0513workout|ziho0512workout,yoru0511workout,yanz0510workout,yanz0510workout,db_triceps_curl,0,1,2.0,3.560392451745531,,,,2,4,1-2,3-4
M1_exercise_plus_rep_progress,ridge,4,haoyu0512workout|hsianshun0514workout|tsenyu0515workout|yushuan0513workout|ziho0512workout,yoru0511workout,yanz0510workout,yanz0510workout,db_triceps_curl,0,2,2.0,3.932417349915292,,,,2,4,1-2,3-4
M1_exercise_plus_rep_progress,ridge,4,haoyu0512workout|hsianshun0514workout|tsenyu0515workout|yushuan0513workout|ziho0512workout,yoru0511workout,yanz0510workout,yanz0510workout,db_triceps_curl,0,3,3.0,4.304442248085054,,,,3,4,3-4,3-4
M1_exercise_plus_rep_progress,ridge,4,haoyu0512workout|hsianshun0514workout|tsenyu0515workout|yushuan0513workout|ziho0512workout,yoru0511workout,yanz0510workout,yanz0510workout,db_triceps_curl,0,4,3.0,4.676467146254815,,,,3,5,3-4,5-6
M1_exercise_plus_rep_progress,ridge,4,haoyu0512workout|hsianshun0514workout|tsenyu0515workout|yushuan0513workout|ziho0512workout,yoru0511workout,yanz0510workout,yanz0510workout,db_triceps_curl,0,5,4.0,5.048492044424576,,,,4,5,3-4,5-6
M1_exercise_plus_rep_progress,ridge,4,haoyu0512workout|hsianshun0514workout|tsenyu0515workout|yushuan0513workout|ziho0512workout,yoru0511workout,yanz0510workout,yanz0510workout,db_triceps_curl,0,6,6.0,5.420516942594338,,,,6,5,5-6,5-6
M1_exercise_plus_rep_progress,ridge,4,haoyu0512workout|hsianshun0514workout|tsenyu0515workout|yushuan0513workout|ziho0512workout,yoru0511workout,yanz0510workout,yanz0510workout,db_triceps_curl,0,7,6.0,5.7925418407641,,,,6,6,5-6,5-6
M1_exercise_plus_rep_progress,ridge,4,haoyu0512workout|hsianshun0514workout|tsenyu0515workout|yushuan0513workout|ziho0512workout,yoru0511workout,yanz0510workout,yanz0510workout,db_triceps_curl,0,8,6.0,6.164566738933861,,,,6,6,5-6,5-6
M1_exercise_plus_rep_progress,ridge,4,haoyu0512workout|hsianshun0514workout|tsenyu0515workout|yushuan0513workout|ziho0512workout,yoru0511workout,yanz0510workout,yanz0510workout,db_triceps_curl,0,9,6.0,6.536591637103623,,,,6,7,5-6,7-8
M1_exercise_plus_rep_progress,ridge,4,haoyu0512workout|hsianshun0514workout|tsenyu0515workout|yushuan0513workout|ziho0512workout,yoru0511workout,yanz0510workout,yanz0510workout,db_triceps_curl,0,10,7.0,6.908616535273384,,,,7,7,7-8,7-8
M1_exercise_plus_rep_progress,ridge,4,haoyu0512workout|hsianshun0514workout|tsenyu0515workout|yushuan0513workout|ziho0512workout,yoru0511workout,yanz0510workout,yanz0510workout,db_triceps_curl,0,11,7.0,7.2806414334431455,,,,7,7,7-8,7-8
M1_exercise_plus_rep_progress,ridge,4,haoyu0512workout|hsianshun0514workout|tsenyu0515workout|yushuan0513workout|ziho0512workout,yoru0511workout,yanz0510workout,yanz0510workout,db_triceps_curl,2,0,7.0,3.1883675535757696,,,,7,3,7-8,3-4
M1_exercise_plus_rep_progress,ridge,4,haoyu0512workout|hsianshun0514workout|tsenyu0515workout|yushuan0513workout|ziho0512workout,yoru0511workout,yanz0510workout,yanz0510workout,db_triceps_curl,2,1,7.0,3.560392451745531,,,,7,4,7-8,3-4
M1_exercise_plus_rep_progress,ridge,4,haoyu0512workout|hsianshun0514workout|tsenyu0515workout|yushuan0513workout|ziho0512workout,yoru0511workout,yanz0510workout,yanz0510workout,db_triceps_curl,2,2,7.0,3.932417349915292,,,,7,4,7-8,3-4
M1_exercise_plus_rep_progress,ridge,4,haoyu0512workout|hsianshun0514workout|tsenyu0515workout|yushuan0513workout|ziho0512workout,yoru0511workout,yanz0510workout,yanz0510workout,db_triceps_curl,2,3,7.0,4.304442248085054,,,,7,4,7-8,3-4
M1_exercise_plus_rep_progress,ridge,4,haoyu0512workout|hsianshun0514workout|tsenyu0515workout|yushuan0513workout|ziho0512workout,yoru0511workout,yanz0510workout,yanz0510workout,db_triceps_curl,2,4,7.0,4.676467146254815,,,,7,5,7-8,5-6
M1_exercise_plus_rep_progress,ridge,4,haoyu0512workout|hsianshun0514workout|tsenyu0515workout|yushuan0513workout|ziho0512workout,yoru0511workout,yanz0510workout,yanz0510workout,db_triceps_curl,2,5,7.0,5.048492044424576,,,,7,5,7-8,5-6
M1_exercise_plus_rep_progress,ridge,4,haoyu0512workout|hsianshun0514workout|tsenyu0515workout|yushuan0513workout|ziho0512workout,yoru0511workout,yanz0510workout,yanz0510workout,db_triceps_curl,2,6,7.0,5.420516942594338,,,,7,5,7-8,5-6
M1_exercise_plus_rep_progress,ridge,4,haoyu0512workout|hsianshun0514workout|tsenyu0515workout|yushuan0513workout|ziho0512workout,yoru0511workout,yanz0510workout,yanz0510workout,db_triceps_curl,2,7,8.0,5.7925418407641,,,,8,6,7-8,5-6
M1_exercise_plus_rep_progress,ridge,4,haoyu0512workout|hsianshun0514workout|tsenyu0515workout|yushuan0513workout|ziho0512workout,yoru0511workout,yanz0510workout,yanz0510workout,db_triceps_curl,2,8,8.0,6.164566738933861,,,,8,6,7-8,5-6
M1_exercise_plus_rep_progress,ridge,4,haoyu0512workout|hsianshun0514workout|tsenyu0515workout|yushuan0513workout|ziho0512workout,yoru0511workout,yanz0510workout,yanz0510workout,db_triceps_curl,2,9,8.0,6.536591637103623,,,,8,7,7-8,7-8
M1_exercise_plus_rep_progress,ridge,4,haoyu0512workout|hsianshun0514workout|tsenyu0515workout|yushuan0513workout|ziho0512workout,yoru0511workout,yanz0510workout,yanz0510workout,db_triceps_curl,2,10,8.0,6.908616535273384,,,,8,7,7-8,7-8
M1_exercise_plus_rep_progress,ridge,4,haoyu0512workout|hsianshun0514workout|tsenyu0515workout|yushuan0513workout|ziho0512workout,yoru0511workout,yanz0510workout,yanz0510workout,db_triceps_curl,2,11,8.0,7.2806414334431455,,,,8,7,7-8,7-8
M1_exercise_plus_rep_progress,ridge,4,haoyu0512workout|hsianshun0514workout|tsenyu0515workout|yushuan0513workout|ziho0512workout,yoru0511workout,yanz0510workout,yanz0510workout,db_triceps_curl,4,0,8.0,3.1883675535757696,,,,8,3,7-8,3-4
M1_exercise_plus_rep_progress,ridge,4,haoyu0512workout|hsianshun0514workout|tsenyu0515workout|yushuan0513workout|ziho0512workout,yoru0511workout,yanz0510workout,yanz0510workout,db_triceps_curl,4,1,8.0,3.560392451745531,,,,8,4,7-8,3-4
M1_exercise_plus_rep_progress,ridge,4,haoyu0512workout|hsianshun0514workout|tsenyu0515workout|yushuan0513workout|ziho0512workout,yoru0511workout,yanz0510workout,yanz0510workout,db_triceps_curl,4,2,8.0,3.932417349915292,,,,8,4,7-8,3-4
M1_exercise_plus_rep_progress,ridge,4,haoyu0512workout|hsianshun0514workout|tsenyu0515workout|yushuan0513workout|ziho0512workout,yoru0511workout,yanz0510workout,yanz0510workout,db_triceps_curl,4,3,8.0,4.304442248085054,,,,8,4,7-8,3-4
M1_exercise_plus_rep_progress,ridge,4,haoyu0512workout|hsianshun0514workout|tsenyu0515workout|yushuan0513workout|ziho0512workout,yoru0511workout,yanz0510workout,yanz0510workout,db_triceps_curl,4,4,8.0,4.676467146254815,,,,8,5,7-8,5-6
M1_exercise_plus_rep_progress,ridge,4,haoyu0512workout|hsianshun0514workout|tsenyu0515workout|yushuan0513workout|ziho0512workout,yoru0511workout,yanz0510workout,yanz0510workout,db_triceps_curl,4,5,9.0,5.048492044424576,,,,9,5,9-10,5-6
M1_exercise_plus_rep_progress,ridge,4,haoyu0512workout|hsianshun0514workout|tsenyu0515workout|yushuan0513workout|ziho0512workout,yoru0511workout,yanz0510workout,yanz0510workout,db_triceps_curl,4,6,9.0,5.420516942594338,,,,9,5,9-10,5-6
M1_exercise_plus_rep_progress,ridge,4,haoyu0512workout|hsianshun0514workout|tsenyu0515workout|yushuan0513workout|ziho0512workout,yoru0511workout,yanz0510workout,yanz0510workout,db_triceps_curl,4,7,9.0,5.7925418407641,,,,9,6,9-10,5-6
M1_exercise_plus_rep_progress,ridge,4,haoyu0512workout|hsianshun0514workout|tsenyu0515workout|yushuan0513workout|ziho0512workout,yoru0511workout,yanz0510workout,yanz0510workout,db_triceps_curl,4,8,9.0,6.164566738933861,,,,9,6,9-10,5-6
M1_exercise_plus_rep_progress,ridge,4,haoyu0512workout|hsianshun0514workout|tsenyu0515workout|yushuan0513workout|ziho0512workout,yoru0511workout,yanz0510workout,yanz0510workout,db_triceps_curl,4,9,9.0,6.536591637103623,,,,9,7,9-10,7-8
M1_exercise_plus_rep_progress,ridge,4,haoyu0512workout|hsianshun0514workout|tsenyu0515workout|yushuan0513workout|ziho0512workout,yoru0511workout,yanz0510workout,yanz0510workout,db_triceps_curl,4,10,9.0,6.908616535273384,,,,9,7,9-10,7-8
M1_exercise_plus_rep_progress,ridge,4,haoyu0512workout|hsianshun0514workout|tsenyu0515workout|yushuan0513workout|ziho0512workout,yoru0511workout,yanz0510workout,yanz0510workout,db_triceps_curl,4,11,9.0,7.2806414334431455,,,,9,7,9-10,7-8
M1_exercise_plus_rep_progress,ridge,4,haoyu0512workout|hsianshun0514workout|tsenyu0515workout|yushuan0513workout|ziho0512workout,yoru0511workout,yanz0510workout,yanz0510workout,db_weighted_crunch,0,0,1.0,2.5024287938148,,,,1,3,1-2,3-4
M1_exercise_plus_rep_progress,ridge,4,haoyu0512workout|hsianshun0514workout|tsenyu0515workout|yushuan0513workout|ziho0512workout,yoru0511workout,yanz0510workout,yanz0510workout,db_weighted_crunch,0,1,2.0,2.874453691984562,,,,2,3,1-2,3-4
M1_exercise_plus_rep_progress,ridge,4,haoyu0512workout|hsianshun0514workout|tsenyu0515workout|yushuan0513workout|ziho0512workout,yoru0511workout,yanz0510workout,yanz0510workout,db_weighted_crunch,0,2,2.0,3.246478590154323,,,,2,3,1-2,3-4
M1_exercise_plus_rep_progress,ridge,4,haoyu0512workout|hsianshun0514workout|tsenyu0515workout|yushuan0513workout|ziho0512workout,yoru0511workout,yanz0510workout,yanz0510workout,db_weighted_crunch,0,3,3.0,3.6185034883240847,,,,3,4,3-4,3-4
M1_exercise_plus_rep_progress,ridge,4,haoyu0512workout|hsianshun0514workout|tsenyu0515workout|yushuan0513workout|ziho0512workout,yoru0511workout,yanz0510workout,yanz0510workout,db_weighted_crunch,0,4,4.0,3.990528386493846,,,,4,4,3-4,3-4
M1_exercise_plus_rep_progress,ridge,4,haoyu0512workout|hsianshun0514workout|tsenyu0515workout|yushuan0513workout|ziho0512workout,yoru0511workout,yanz0510workout,yanz0510workout,db_weighted_crunch,0,5,4.0,4.3625532846636075,,,,4,4,3-4,3-4
M1_exercise_plus_rep_progress,ridge,4,haoyu0512workout|hsianshun0514workout|tsenyu0515workout|yushuan0513workout|ziho0512workout,yoru0511workout,yanz0510workout,yanz0510workout,db_weighted_crunch,0,6,5.0,4.734578182833369,,,,5,5,5-6,5-6
M1_exercise_plus_rep_progress,ridge,4,haoyu0512workout|hsianshun0514workout|tsenyu0515workout|yushuan0513workout|ziho0512workout,yoru0511workout,yanz0510workout,yanz0510workout,db_weighted_crunch,0,7,5.0,5.10660308100313,,,,5,5,5-6,5-6
M1_exercise_plus_rep_progress,ridge,4,haoyu0512workout|hsianshun0514workout|tsenyu0515workout|yushuan0513workout|ziho0512workout,yoru0511workout,yanz0510workout,yanz0510workout,db_weighted_crunch,0,8,5.0,5.4786279791728925,,,,5,5,5-6,5-6
M1_exercise_plus_rep_progress,ridge,4,haoyu0512workout|hsianshun0514workout|tsenyu0515workout|yushuan0513workout|ziho0512workout,yoru0511workout,yanz0510workout,yanz0510workout,db_weighted_crunch,0,9,5.0,5.850652877342654,,,,5,6,5-6,5-6
M1_exercise_plus_rep_progress,ridge,4,haoyu0512workout|hsianshun0514workout|tsenyu0515workout|yushuan0513workout|ziho0512workout,yoru0511workout,yanz0510workout,yanz0510workout,db_weighted_crunch,0,10,5.0,6.222677775512414,,,,5,6,5-6,5-6
M1_exercise_plus_rep_progress,ridge,4,haoyu0512workout|hsianshun0514workout|tsenyu0515workout|yushuan0513workout|ziho0512workout,yoru0511workout,yanz0510workout,yanz0510workout,db_weighted_crunch,0,11,6.0,6.5947026736821766,,,,6,7,5-6,7-8
M1_exercise_plus_rep_progress,ridge,4,haoyu0512workout|hsianshun0514workout|tsenyu0515workout|yushuan0513workout|ziho0512workout,yoru0511workout,yanz0510workout,yanz0510workout,db_weighted_crunch,2,0,6.0,2.5024287938148,,,,6,3,5-6,3-4
M1_exercise_plus_rep_progress,ridge,4,haoyu0512workout|hsianshun0514workout|tsenyu0515workout|yushuan0513workout|ziho0512workout,yoru0511workout,yanz0510workout,yanz0510workout,db_weighted_crunch,2,1,6.0,2.874453691984562,,,,6,3,5-6,3-4
M1_exercise_plus_rep_progress,ridge,4,haoyu0512workout|hsianshun0514workout|tsenyu0515workout|yushuan0513workout|ziho0512workout,yoru0511workout,yanz0510workout,yanz0510workout,db_weighted_crunch,2,2,6.0,3.246478590154323,,,,6,3,5-6,3-4
M1_exercise_plus_rep_progress,ridge,4,haoyu0512workout|hsianshun0514workout|tsenyu0515workout|yushuan0513workout|ziho0512workout,yoru0511workout,yanz0510workout,yanz0510workout,db_weighted_crunch,2,3,6.0,3.6185034883240847,,,,6,4,5-6,3-4
M1_exercise_plus_rep_progress,ridge,4,haoyu0512workout|hsianshun0514workout|tsenyu0515workout|yushuan0513workout|ziho0512workout,yoru0511workout,yanz0510workout,yanz0510workout,db_weighted_crunch,2,4,6.0,3.990528386493846,,,,6,4,5-6,3-4
M1_exercise_plus_rep_progress,ridge,4,haoyu0512workout|hsianshun0514workout|tsenyu0515workout|yushuan0513workout|ziho0512workout,yoru0511workout,yanz0510workout,yanz0510workout,db_weighted_crunch,2,5,6.0,4.3625532846636075,,,,6,4,5-6,3-4
M1_exercise_plus_rep_progress,ridge,4,haoyu0512workout|hsianshun0514workout|tsenyu0515workout|yushuan0513workout|ziho0512workout,yoru0511workout,yanz0510workout,yanz0510workout,db_weighted_crunch,2,6,6.0,4.734578182833369,,,,6,5,5-6,5-6
M1_exercise_plus_rep_progress,ridge,4,haoyu0512workout|hsianshun0514workout|tsenyu0515workout|yushuan0513workout|ziho0512workout,yoru0511workout,yanz0510workout,yanz0510workout,db_weighted_crunch,2,7,6.0,5.10660308100313,,,,6,5,5-6,5-6
M1_exercise_plus_rep_progress,ridge,4,haoyu0512workout|hsianshun0514workout|tsenyu0515workout|yushuan0513workout|ziho0512workout,yoru0511workout,yanz0510workout,yanz0510workout,db_weighted_crunch,2,8,6.0,5.4786279791728925,,,,6,5,5-6,5-6
M1_exercise_plus_rep_progress,ridge,4,haoyu0512workout|hsianshun0514workout|tsenyu0515workout|yushuan0513workout|ziho0512workout,yoru0511workout,yanz0510workout,yanz0510workout,db_weighted_crunch,2,9,6.0,5.850652877342654,,,,6,6,5-6,5-6
M1_exercise_plus_rep_progress,ridge,4,haoyu0512workout|hsianshun0514workout|tsenyu0515workout|yushuan0513workout|ziho0512workout,yoru0511workout,yanz0510workout,yanz0510workout,db_weighted_crunch,2,10,7.0,6.222677775512414,,,,7,6,7-8,5-6
M1_exercise_plus_rep_progress,ridge,4,haoyu0512workout|hsianshun0514workout|tsenyu0515workout|yushuan0513workout|ziho0512workout,yoru0511workout,yanz0510workout,yanz0510workout,db_weighted_crunch,2,11,7.0,6.5947026736821766,,,,7,7,7-8,7-8
M1_exercise_plus_rep_progress,ridge,4,haoyu0512workout|hsianshun0514workout|tsenyu0515workout|yushuan0513workout|ziho0512workout,yoru0511workout,yanz0510workout,yanz0510workout,db_weighted_crunch,3,0,7.0,2.5024287938148,,,,7,3,7-8,3-4
M1_exercise_plus_rep_progress,ridge,4,haoyu0512workout|hsianshun0514workout|tsenyu0515workout|yushuan0513workout|ziho0512workout,yoru0511workout,yanz0510workout,yanz0510workout,db_weighted_crunch,3,1,7.0,2.874453691984562,,,,7,3,7-8,3-4
M1_exercise_plus_rep_progress,ridge,4,haoyu0512workout|hsianshun0514workout|tsenyu0515workout|yushuan0513workout|ziho0512workout,yoru0511workout,yanz0510workout,yanz0510workout,db_weighted_crunch,3,2,7.0,3.246478590154323,,,,7,3,7-8,3-4
M1_exercise_plus_rep_progress,ridge,4,haoyu0512workout|hsianshun0514workout|tsenyu0515workout|yushuan0513workout|ziho0512workout,yoru0511workout,yanz0510workout,yanz0510workout,db_weighted_crunch,3,3,7.0,3.6185034883240847,,,,7,4,7-8,3-4
M1_exercise_plus_rep_progress,ridge,4,haoyu0512workout|hsianshun0514workout|tsenyu0515workout|yushuan0513workout|ziho0512workout,yoru0511workout,yanz0510workout,yanz0510workout,db_weighted_crunch,3,4,7.0,3.990528386493846,,,,7,4,7-8,3-4
M1_exercise_plus_rep_progress,ridge,4,haoyu0512workout|hsianshun0514workout|tsenyu0515workout|yushuan0513workout|ziho0512workout,yoru0511workout,yanz0510workout,yanz0510workout,db_weighted_crunch,3,5,7.0,4.3625532846636075,,,,7,4,7-8,3-4
M1_exercise_plus_rep_progress,ridge,4,haoyu0512workout|hsianshun0514workout|tsenyu0515workout|yushuan0513workout|ziho0512workout,yoru0511workout,yanz0510workout,yanz0510workout,db_weighted_crunch,3,6,7.0,4.734578182833369,,,,7,5,7-8,5-6
M1_exercise_plus_rep_progress,ridge,4,haoyu0512workout|hsianshun0514workout|tsenyu0515workout|yushuan0513workout|ziho0512workout,yoru0511workout,yanz0510workout,yanz0510workout,db_weighted_crunch,3,7,7.0,5.10660308100313,,,,7,5,7-8,5-6
M1_exercise_plus_rep_progress,ridge,4,haoyu0512workout|hsianshun0514workout|tsenyu0515workout|yushuan0513workout|ziho0512workout,yoru0511workout,yanz0510workout,yanz0510workout,db_weighted_crunch,3,8,8.0,5.4786279791728925,,,,8,5,7-8,5-6
M1_exercise_plus_rep_progress,ridge,4,haoyu0512workout|hsianshun0514workout|tsenyu0515workout|yushuan0513workout|ziho0512workout,yoru0511workout,yanz0510workout,yanz0510workout,db_weighted_crunch,3,9,8.0,5.850652877342654,,,,8,6,7-8,5-6
M1_exercise_plus_rep_progress,ridge,4,haoyu0512workout|hsianshun0514workout|tsenyu0515workout|yushuan0513workout|ziho0512workout,yoru0511workout,yanz0510workout,yanz0510workout,db_weighted_crunch,3,10,8.0,6.222677775512414,,,,8,6,7-8,5-6
M1_exercise_plus_rep_progress,ridge,4,haoyu0512workout|hsianshun0514workout|tsenyu0515workout|yushuan0513workout|ziho0512workout,yoru0511workout,yanz0510workout,yanz0510workout,db_weighted_crunch,3,11,8.0,6.5947026736821766,,,,8,7,7-8,7-8
M1_exercise_plus_rep_progress,ridge,4,haoyu0512workout|hsianshun0514workout|tsenyu0515workout|yushuan0513workout|ziho0512workout,yoru0511workout,yanz0510workout,yanz0510workout,one_arm_db_row,0,0,1.0,3.817920323534268,,,,1,4,1-2,3-4
M1_exercise_plus_rep_progress,ridge,4,haoyu0512workout|hsianshun0514workout|tsenyu0515workout|yushuan0513workout|ziho0512workout,yoru0511workout,yanz0510workout,yanz0510workout,one_arm_db_row,0,1,2.0,4.189945221704029,,,,2,4,1-2,3-4
M1_exercise_plus_rep_progress,ridge,4,haoyu0512workout|hsianshun0514workout|tsenyu0515workout|yushuan0513workout|ziho0512workout,yoru0511workout,yanz0510workout,yanz0510workout,one_arm_db_row,0,2,2.0,4.5619701198737905,,,,2,5,1-2,5-6
M1_exercise_plus_rep_progress,ridge,4,haoyu0512workout|hsianshun0514workout|tsenyu0515workout|yushuan0513workout|ziho0512workout,yoru0511workout,yanz0510workout,yanz0510workout,one_arm_db_row,0,3,3.0,4.933995018043552,,,,3,5,3-4,5-6
M1_exercise_plus_rep_progress,ridge,4,haoyu0512workout|hsianshun0514workout|tsenyu0515workout|yushuan0513workout|ziho0512workout,yoru0511workout,yanz0510workout,yanz0510workout,one_arm_db_row,0,4,3.0,5.306019916213313,,,,3,5,3-4,5-6
M1_exercise_plus_rep_progress,ridge,4,haoyu0512workout|hsianshun0514workout|tsenyu0515workout|yushuan0513workout|ziho0512workout,yoru0511workout,yanz0510workout,yanz0510workout,one_arm_db_row,0,5,5.0,5.678044814383075,,,,5,6,5-6,5-6
M1_exercise_plus_rep_progress,ridge,4,haoyu0512workout|hsianshun0514workout|tsenyu0515workout|yushuan0513workout|ziho0512workout,yoru0511workout,yanz0510workout,yanz0510workout,one_arm_db_row,0,6,5.0,6.050069712552837,,,,5,6,5-6,5-6
M1_exercise_plus_rep_progress,ridge,4,haoyu0512workout|hsianshun0514workout|tsenyu0515workout|yushuan0513workout|ziho0512workout,yoru0511workout,yanz0510workout,yanz0510workout,one_arm_db_row,0,7,5.0,6.422094610722597,,,,5,6,5-6,5-6
M1_exercise_plus_rep_progress,ridge,4,haoyu0512workout|hsianshun0514workout|tsenyu0515workout|yushuan0513workout|ziho0512workout,yoru0511workout,yanz0510workout,yanz0510workout,one_arm_db_row,0,8,5.0,6.79411950889236,,,,5,7,5-6,7-8
M1_exercise_plus_rep_progress,ridge,4,haoyu0512workout|hsianshun0514workout|tsenyu0515workout|yushuan0513workout|ziho0512workout,yoru0511workout,yanz0510workout,yanz0510workout,one_arm_db_row,0,9,5.0,7.166144407062121,,,,5,7,5-6,7-8
M1_exercise_plus_rep_progress,ridge,4,haoyu0512workout|hsianshun0514workout|tsenyu0515workout|yushuan0513workout|ziho0512workout,yoru0511workout,yanz0510workout,yanz0510workout,one_arm_db_row,0,10,5.0,7.538169305231882,,,,5,8,5-6,7-8
M1_exercise_plus_rep_progress,ridge,4,haoyu0512workout|hsianshun0514workout|tsenyu0515workout|yushuan0513workout|ziho0512workout,yoru0511workout,yanz0510workout,yanz0510workout,one_arm_db_row,0,11,6.0,7.910194203401644,,,,6,8,5-6,7-8
M1_exercise_plus_rep_progress,ridge,4,haoyu0512workout|hsianshun0514workout|tsenyu0515workout|yushuan0513workout|ziho0512workout,yoru0511workout,yanz0510workout,yanz0510workout,one_arm_db_row,1,0,5.0,3.817920323534268,,,,5,4,5-6,3-4
M1_exercise_plus_rep_progress,ridge,4,haoyu0512workout|hsianshun0514workout|tsenyu0515workout|yushuan0513workout|ziho0512workout,yoru0511workout,yanz0510workout,yanz0510workout,one_arm_db_row,1,1,5.0,4.189945221704029,,,,5,4,5-6,3-4
M1_exercise_plus_rep_progress,ridge,4,haoyu0512workout|hsianshun0514workout|tsenyu0515workout|yushuan0513workout|ziho0512workout,yoru0511workout,yanz0510workout,yanz0510workout,one_arm_db_row,1,2,5.0,4.5619701198737905,,,,5,5,5-6,5-6
M1_exercise_plus_rep_progress,ridge,4,haoyu0512workout|hsianshun0514workout|tsenyu0515workout|yushuan0513workout|ziho0512workout,yoru0511workout,yanz0510workout,yanz0510workout,one_arm_db_row,1,3,5.0,4.933995018043552,,,,5,5,5-6,5-6
M1_exercise_plus_rep_progress,ridge,4,haoyu0512workout|hsianshun0514workout|tsenyu0515workout|yushuan0513workout|ziho0512workout,yoru0511workout,yanz0510workout,yanz0510workout,one_arm_db_row,1,4,5.0,5.306019916213313,,,,5,5,5-6,5-6
M1_exercise_plus_rep_progress,ridge,4,haoyu0512workout|hsianshun0514workout|tsenyu0515workout|yushuan0513workout|ziho0512workout,yoru0511workout,yanz0510workout,yanz0510workout,one_arm_db_row,1,5,5.0,5.678044814383075,,,,5,6,5-6,5-6
M1_exercise_plus_rep_progress,ridge,4,haoyu0512workout|hsianshun0514workout|tsenyu0515workout|yushuan0513workout|ziho0512workout,yoru0511workout,yanz0510workout,yanz0510workout,one_arm_db_row,1,6,5.0,6.050069712552837,,,,5,6,5-6,5-6
M1_exercise_plus_rep_progress,ridge,4,haoyu0512workout|hsianshun0514workout|tsenyu0515workout|yushuan0513workout|ziho0512workout,yoru0511workout,yanz0510workout,yanz0510workout,one_arm_db_row,1,7,6.0,6.422094610722597,,,,6,6,5-6,5-6
M1_exercise_plus_rep_progress,ridge,4,haoyu0512workout|hsianshun0514workout|tsenyu0515workout|yushuan0513workout|ziho0512workout,yoru0511workout,yanz0510workout,yanz0510workout,one_arm_db_row,1,8,6.0,6.79411950889236,,,,6,7,5-6,7-8
M1_exercise_plus_rep_progress,ridge,4,haoyu0512workout|hsianshun0514workout|tsenyu0515workout|yushuan0513workout|ziho0512workout,yoru0511workout,yanz0510workout,yanz0510workout,one_arm_db_row,1,9,6.0,7.166144407062121,,,,6,7,5-6,7-8
M1_exercise_plus_rep_progress,ridge,4,haoyu0512workout|hsianshun0514workout|tsenyu0515workout|yushuan0513workout|ziho0512workout,yoru0511workout,yanz0510workout,yanz0510workout,one_arm_db_row,1,10,6.0,7.538169305231882,,,,6,8,5-6,7-8
M1_exercise_plus_rep_progress,ridge,4,haoyu0512workout|hsianshun0514workout|tsenyu0515workout|yushuan0513workout|ziho0512workout,yoru0511workout,yanz0510workout,yanz0510workout,one_arm_db_row,1,11,7.0,7.910194203401644,,,,7,8,7-8,7-8
M1_exercise_plus_rep_progress,ridge,4,haoyu0512workout|hsianshun0514workout|tsenyu0515workout|yushuan0513workout|ziho0512workout,yoru0511workout,yanz0510workout,yanz0510workout,one_arm_db_row,2,0,7.0,3.817920323534268,,,,7,4,7-8,3-4
M1_exercise_plus_rep_progress,ridge,4,haoyu0512workout|hsianshun0514workout|tsenyu0515workout|yushuan0513workout|ziho0512workout,yoru0511workout,yanz0510workout,yanz0510workout,one_arm_db_row,2,1,7.0,4.189945221704029,,,,7,4,7-8,3-4
M1_exercise_plus_rep_progress,ridge,4,haoyu0512workout|hsianshun0514workout|tsenyu0515workout|yushuan0513workout|ziho0512workout,yoru0511workout,yanz0510workout,yanz0510workout,one_arm_db_row,2,2,7.0,4.5619701198737905,,,,7,5,7-8,5-6
M1_exercise_plus_rep_progress,ridge,4,haoyu0512workout|hsianshun0514workout|tsenyu0515workout|yushuan0513workout|ziho0512workout,yoru0511workout,yanz0510workout,yanz0510workout,one_arm_db_row,2,3,7.0,4.933995018043552,,,,7,5,7-8,5-6
M1_exercise_plus_rep_progress,ridge,4,haoyu0512workout|hsianshun0514workout|tsenyu0515workout|yushuan0513workout|ziho0512workout,yoru0511workout,yanz0510workout,yanz0510workout,one_arm_db_row,2,4,7.0,5.306019916213313,,,,7,5,7-8,5-6
M1_exercise_plus_rep_progress,ridge,4,haoyu0512workout|hsianshun0514workout|tsenyu0515workout|yushuan0513workout|ziho0512workout,yoru0511workout,yanz0510workout,yanz0510workout,one_arm_db_row,2,5,7.0,5.678044814383075,,,,7,6,7-8,5-6
M1_exercise_plus_rep_progress,ridge,4,haoyu0512workout|hsianshun0514workout|tsenyu0515workout|yushuan0513workout|ziho0512workout,yoru0511workout,yanz0510workout,yanz0510workout,one_arm_db_row,2,6,8.0,6.050069712552837,,,,8,6,7-8,5-6
M1_exercise_plus_rep_progress,ridge,4,haoyu0512workout|hsianshun0514workout|tsenyu0515workout|yushuan0513workout|ziho0512workout,yoru0511workout,yanz0510workout,yanz0510workout,one_arm_db_row,2,7,8.0,6.422094610722597,,,,8,6,7-8,5-6
M1_exercise_plus_rep_progress,ridge,4,haoyu0512workout|hsianshun0514workout|tsenyu0515workout|yushuan0513workout|ziho0512workout,yoru0511workout,yanz0510workout,yanz0510workout,one_arm_db_row,2,8,8.0,6.79411950889236,,,,8,7,7-8,7-8
M1_exercise_plus_rep_progress,ridge,4,haoyu0512workout|hsianshun0514workout|tsenyu0515workout|yushuan0513workout|ziho0512workout,yoru0511workout,yanz0510workout,yanz0510workout,one_arm_db_row,2,9,8.0,7.166144407062121,,,,8,7,7-8,7-8
M1_exercise_plus_rep_progress,ridge,4,haoyu0512workout|hsianshun0514workout|tsenyu0515workout|yushuan0513workout|ziho0512workout,yoru0511workout,yanz0510workout,yanz0510workout,one_arm_db_row,2,10,8.0,7.538169305231882,,,,8,8,7-8,7-8
M1_exercise_plus_rep_progress,ridge,4,haoyu0512workout|hsianshun0514workout|tsenyu0515workout|yushuan0513workout|ziho0512workout,yoru0511workout,yanz0510workout,yanz0510workout,one_arm_db_row,2,11,9.0,7.910194203401644,,,,9,8,9-10,7-8
M1_exercise_plus_rep_progress,ridge,5,haoyu0512workout|hsianshun0514workout|tsenyu0515workout|yanz0510workout|ziho0512workout,yushuan0513workout,yoru0511workout,yoru0511workout,db_bench_press,0,0,1.0,3.2209685111258506,,,,1,3,1-2,3-4
M1_exercise_plus_rep_progress,ridge,5,haoyu0512workout|hsianshun0514workout|tsenyu0515workout|yanz0510workout|ziho0512workout,yushuan0513workout,yoru0511workout,yoru0511workout,db_bench_press,0,1,1.0,3.58733003447209,,,,1,4,1-2,3-4
M1_exercise_plus_rep_progress,ridge,5,haoyu0512workout|hsianshun0514workout|tsenyu0515workout|yanz0510workout|ziho0512workout,yushuan0513workout,yoru0511workout,yoru0511workout,db_bench_press,0,2,2.0,3.953691557818331,,,,2,4,1-2,3-4
M1_exercise_plus_rep_progress,ridge,5,haoyu0512workout|hsianshun0514workout|tsenyu0515workout|yanz0510workout|ziho0512workout,yushuan0513workout,yoru0511workout,yoru0511workout,db_bench_press,0,3,2.0,4.320053081164572,,,,2,4,1-2,3-4
M1_exercise_plus_rep_progress,ridge,5,haoyu0512workout|hsianshun0514workout|tsenyu0515workout|yanz0510workout|ziho0512workout,yushuan0513workout,yoru0511workout,yoru0511workout,db_bench_press,0,4,2.0,4.686414604510811,,,,2,5,1-2,5-6
M1_exercise_plus_rep_progress,ridge,5,haoyu0512workout|hsianshun0514workout|tsenyu0515workout|yanz0510workout|ziho0512workout,yushuan0513workout,yoru0511workout,yoru0511workout,db_bench_press,0,5,2.0,5.052776127857052,,,,2,5,1-2,5-6
M1_exercise_plus_rep_progress,ridge,5,haoyu0512workout|hsianshun0514workout|tsenyu0515workout|yanz0510workout|ziho0512workout,yushuan0513workout,yoru0511workout,yoru0511workout,db_bench_press,0,6,2.0,5.419137651203291,,,,2,5,1-2,5-6
M1_exercise_plus_rep_progress,ridge,5,haoyu0512workout|hsianshun0514workout|tsenyu0515workout|yanz0510workout|ziho0512workout,yushuan0513workout,yoru0511workout,yoru0511workout,db_bench_press,0,7,2.0,5.785499174549532,,,,2,6,1-2,5-6
M1_exercise_plus_rep_progress,ridge,5,haoyu0512workout|hsianshun0514workout|tsenyu0515workout|yanz0510workout|ziho0512workout,yushuan0513workout,yoru0511workout,yoru0511workout,db_bench_press,0,8,2.0,6.151860697895772,,,,2,6,1-2,5-6
M1_exercise_plus_rep_progress,ridge,5,haoyu0512workout|hsianshun0514workout|tsenyu0515workout|yanz0510workout|ziho0512workout,yushuan0513workout,yoru0511workout,yoru0511workout,db_bench_press,0,9,2.0,6.518222221242013,,,,2,7,1-2,7-8
M1_exercise_plus_rep_progress,ridge,5,haoyu0512workout|hsianshun0514workout|tsenyu0515workout|yanz0510workout|ziho0512workout,yushuan0513workout,yoru0511workout,yoru0511workout,db_bench_press,0,10,3.0,6.884583744588253,,,,3,7,3-4,7-8
M1_exercise_plus_rep_progress,ridge,5,haoyu0512workout|hsianshun0514workout|tsenyu0515workout|yanz0510workout|ziho0512workout,yushuan0513workout,yoru0511workout,yoru0511workout,db_bench_press,0,11,3.0,7.250945267934493,,,,3,7,3-4,7-8
M1_exercise_plus_rep_progress,ridge,5,haoyu0512workout|hsianshun0514workout|tsenyu0515workout|yanz0510workout|ziho0512workout,yushuan0513workout,yoru0511workout,yoru0511workout,db_bench_press,4,0,3.0,3.2209685111258506,,,,3,3,3-4,3-4
M1_exercise_plus_rep_progress,ridge,5,haoyu0512workout|hsianshun0514workout|tsenyu0515workout|yanz0510workout|ziho0512workout,yushuan0513workout,yoru0511workout,yoru0511workout,db_bench_press,4,1,3.0,3.58733003447209,,,,3,4,3-4,3-4
M1_exercise_plus_rep_progress,ridge,5,haoyu0512workout|hsianshun0514workout|tsenyu0515workout|yanz0510workout|ziho0512workout,yushuan0513workout,yoru0511workout,yoru0511workout,db_bench_press,4,2,3.0,3.953691557818331,,,,3,4,3-4,3-4
M1_exercise_plus_rep_progress,ridge,5,haoyu0512workout|hsianshun0514workout|tsenyu0515workout|yanz0510workout|ziho0512workout,yushuan0513workout,yoru0511workout,yoru0511workout,db_bench_press,4,3,3.0,4.320053081164572,,,,3,4,3-4,3-4
M1_exercise_plus_rep_progress,ridge,5,haoyu0512workout|hsianshun0514workout|tsenyu0515workout|yanz0510workout|ziho0512workout,yushuan0513workout,yoru0511workout,yoru0511workout,db_bench_press,4,4,3.0,4.686414604510811,,,,3,5,3-4,5-6
M1_exercise_plus_rep_progress,ridge,5,haoyu0512workout|hsianshun0514workout|tsenyu0515workout|yanz0510workout|ziho0512workout,yushuan0513workout,yoru0511workout,yoru0511workout,db_bench_press,4,5,3.0,5.052776127857052,,,,3,5,3-4,5-6
M1_exercise_plus_rep_progress,ridge,5,haoyu0512workout|hsianshun0514workout|tsenyu0515workout|yanz0510workout|ziho0512workout,yushuan0513workout,yoru0511workout,yoru0511workout,db_bench_press,4,6,4.0,5.419137651203291,,,,4,5,3-4,5-6
M1_exercise_plus_rep_progress,ridge,5,haoyu0512workout|hsianshun0514workout|tsenyu0515workout|yanz0510workout|ziho0512workout,yushuan0513workout,yoru0511workout,yoru0511workout,db_bench_press,4,7,4.0,5.785499174549532,,,,4,6,3-4,5-6
M1_exercise_plus_rep_progress,ridge,5,haoyu0512workout|hsianshun0514workout|tsenyu0515workout|yanz0510workout|ziho0512workout,yushuan0513workout,yoru0511workout,yoru0511workout,db_bench_press,4,8,4.0,6.151860697895772,,,,4,6,3-4,5-6
M1_exercise_plus_rep_progress,ridge,5,haoyu0512workout|hsianshun0514workout|tsenyu0515workout|yanz0510workout|ziho0512workout,yushuan0513workout,yoru0511workout,yoru0511workout,db_bench_press,4,9,4.0,6.518222221242013,,,,4,7,3-4,7-8
M1_exercise_plus_rep_progress,ridge,5,haoyu0512workout|hsianshun0514workout|tsenyu0515workout|yanz0510workout|ziho0512workout,yushuan0513workout,yoru0511workout,yoru0511workout,db_bench_press,4,10,5.0,6.884583744588253,,,,5,7,5-6,7-8
M1_exercise_plus_rep_progress,ridge,5,haoyu0512workout|hsianshun0514workout|tsenyu0515workout|yanz0510workout|ziho0512workout,yushuan0513workout,yoru0511workout,yoru0511workout,db_bench_press,4,11,5.0,7.250945267934493,,,,5,7,5-6,7-8
M1_exercise_plus_rep_progress,ridge,5,haoyu0512workout|hsianshun0514workout|tsenyu0515workout|yanz0510workout|ziho0512workout,yushuan0513workout,yoru0511workout,yoru0511workout,db_bench_press,5,0,5.0,3.2209685111258506,,,,5,3,5-6,3-4
M1_exercise_plus_rep_progress,ridge,5,haoyu0512workout|hsianshun0514workout|tsenyu0515workout|yanz0510workout|ziho0512workout,yushuan0513workout,yoru0511workout,yoru0511workout,db_bench_press,5,1,5.0,3.58733003447209,,,,5,4,5-6,3-4
M1_exercise_plus_rep_progress,ridge,5,haoyu0512workout|hsianshun0514workout|tsenyu0515workout|yanz0510workout|ziho0512workout,yushuan0513workout,yoru0511workout,yoru0511workout,db_bench_press,5,2,5.0,3.953691557818331,,,,5,4,5-6,3-4
M1_exercise_plus_rep_progress,ridge,5,haoyu0512workout|hsianshun0514workout|tsenyu0515workout|yanz0510workout|ziho0512workout,yushuan0513workout,yoru0511workout,yoru0511workout,db_bench_press,5,3,5.0,4.320053081164572,,,,5,4,5-6,3-4
M1_exercise_plus_rep_progress,ridge,5,haoyu0512workout|hsianshun0514workout|tsenyu0515workout|yanz0510workout|ziho0512workout,yushuan0513workout,yoru0511workout,yoru0511workout,db_bench_press,5,4,5.0,4.686414604510811,,,,5,5,5-6,5-6
M1_exercise_plus_rep_progress,ridge,5,haoyu0512workout|hsianshun0514workout|tsenyu0515workout|yanz0510workout|ziho0512workout,yushuan0513workout,yoru0511workout,yoru0511workout,db_bench_press,5,5,6.0,5.052776127857052,,,,6,5,5-6,5-6
M1_exercise_plus_rep_progress,ridge,5,haoyu0512workout|hsianshun0514workout|tsenyu0515workout|yanz0510workout|ziho0512workout,yushuan0513workout,yoru0511workout,yoru0511workout,db_bench_press,5,6,6.0,5.419137651203291,,,,6,5,5-6,5-6
M1_exercise_plus_rep_progress,ridge,5,haoyu0512workout|hsianshun0514workout|tsenyu0515workout|yanz0510workout|ziho0512workout,yushuan0513workout,yoru0511workout,yoru0511workout,db_bench_press,5,7,6.0,5.785499174549532,,,,6,6,5-6,5-6
M1_exercise_plus_rep_progress,ridge,5,haoyu0512workout|hsianshun0514workout|tsenyu0515workout|yanz0510workout|ziho0512workout,yushuan0513workout,yoru0511workout,yoru0511workout,db_bench_press,5,8,6.0,6.151860697895772,,,,6,6,5-6,5-6
M1_exercise_plus_rep_progress,ridge,5,haoyu0512workout|hsianshun0514workout|tsenyu0515workout|yanz0510workout|ziho0512workout,yushuan0513workout,yoru0511workout,yoru0511workout,db_bench_press,5,9,7.0,6.518222221242013,,,,7,7,7-8,7-8
M1_exercise_plus_rep_progress,ridge,5,haoyu0512workout|hsianshun0514workout|tsenyu0515workout|yanz0510workout|ziho0512workout,yushuan0513workout,yoru0511workout,yoru0511workout,db_bench_press,5,10,7.0,6.884583744588253,,,,7,7,7-8,7-8
M1_exercise_plus_rep_progress,ridge,5,haoyu0512workout|hsianshun0514workout|tsenyu0515workout|yanz0510workout|ziho0512workout,yushuan0513workout,yoru0511workout,yoru0511workout,db_bench_press,5,11,7.0,7.250945267934493,,,,7,7,7-8,7-8
M1_exercise_plus_rep_progress,ridge,5,haoyu0512workout|hsianshun0514workout|tsenyu0515workout|yanz0510workout|ziho0512workout,yushuan0513workout,yoru0511workout,yoru0511workout,db_biceps_curl,0,0,1.0,4.257196224357446,,,,1,4,1-2,3-4
M1_exercise_plus_rep_progress,ridge,5,haoyu0512workout|hsianshun0514workout|tsenyu0515workout|yanz0510workout|ziho0512workout,yushuan0513workout,yoru0511workout,yoru0511workout,db_biceps_curl,0,1,1.0,4.760943318958526,,,,1,5,1-2,5-6
M1_exercise_plus_rep_progress,ridge,5,haoyu0512workout|hsianshun0514workout|tsenyu0515workout|yanz0510workout|ziho0512workout,yushuan0513workout,yoru0511workout,yoru0511workout,db_biceps_curl,0,2,1.0,5.264690413559606,,,,1,5,1-2,5-6
M1_exercise_plus_rep_progress,ridge,5,haoyu0512workout|hsianshun0514workout|tsenyu0515workout|yanz0510workout|ziho0512workout,yushuan0513workout,yoru0511workout,yoru0511workout,db_biceps_curl,0,3,3.0,5.7684375081606865,,,,3,6,3-4,5-6
M1_exercise_plus_rep_progress,ridge,5,haoyu0512workout|hsianshun0514workout|tsenyu0515workout|yanz0510workout|ziho0512workout,yushuan0513workout,yoru0511workout,yoru0511workout,db_biceps_curl,0,4,3.0,6.272184602761767,,,,3,6,3-4,5-6
M1_exercise_plus_rep_progress,ridge,5,haoyu0512workout|hsianshun0514workout|tsenyu0515workout|yanz0510workout|ziho0512workout,yushuan0513workout,yoru0511workout,yoru0511workout,db_biceps_curl,0,5,5.0,6.775931697362847,,,,5,7,5-6,7-8
M1_exercise_plus_rep_progress,ridge,5,haoyu0512workout|hsianshun0514workout|tsenyu0515workout|yanz0510workout|ziho0512workout,yushuan0513workout,yoru0511workout,yoru0511workout,db_biceps_curl,0,6,5.0,7.279678791963928,,,,5,7,5-6,7-8
M1_exercise_plus_rep_progress,ridge,5,haoyu0512workout|hsianshun0514workout|tsenyu0515workout|yanz0510workout|ziho0512workout,yushuan0513workout,yoru0511workout,yoru0511workout,db_biceps_curl,0,7,5.0,7.783425886565008,,,,5,8,5-6,7-8
M1_exercise_plus_rep_progress,ridge,5,haoyu0512workout|hsianshun0514workout|tsenyu0515workout|yanz0510workout|ziho0512workout,yushuan0513workout,yoru0511workout,yoru0511workout,db_biceps_curl,0,8,6.0,8.287172981166087,,,,6,8,5-6,7-8
M1_exercise_plus_rep_progress,ridge,5,haoyu0512workout|hsianshun0514workout|tsenyu0515workout|yanz0510workout|ziho0512workout,yushuan0513workout,yoru0511workout,yoru0511workout,db_biceps_curl,1,0,5.0,4.257196224357446,,,,5,4,5-6,3-4
M1_exercise_plus_rep_progress,ridge,5,haoyu0512workout|hsianshun0514workout|tsenyu0515workout|yanz0510workout|ziho0512workout,yushuan0513workout,yoru0511workout,yoru0511workout,db_biceps_curl,1,1,5.0,4.6235577477036855,,,,5,5,5-6,5-6
M1_exercise_plus_rep_progress,ridge,5,haoyu0512workout|hsianshun0514workout|tsenyu0515workout|yanz0510workout|ziho0512workout,yushuan0513workout,yoru0511workout,yoru0511workout,db_biceps_curl,1,2,5.0,4.989919271049926,,,,5,5,5-6,5-6
M1_exercise_plus_rep_progress,ridge,5,haoyu0512workout|hsianshun0514workout|tsenyu0515workout|yanz0510workout|ziho0512workout,yushuan0513workout,yoru0511workout,yoru0511workout,db_biceps_curl,1,3,6.0,5.3562807943961666,,,,6,5,5-6,5-6
M1_exercise_plus_rep_progress,ridge,5,haoyu0512workout|hsianshun0514workout|tsenyu0515workout|yanz0510workout|ziho0512workout,yushuan0513workout,yoru0511workout,yoru0511workout,db_biceps_curl,1,4,6.0,5.722642317742406,,,,6,6,5-6,5-6
M1_exercise_plus_rep_progress,ridge,5,haoyu0512workout|hsianshun0514workout|tsenyu0515workout|yanz0510workout|ziho0512workout,yushuan0513workout,yoru0511workout,yoru0511workout,db_biceps_curl,1,5,6.0,6.089003841088647,,,,6,6,5-6,5-6
M1_exercise_plus_rep_progress,ridge,5,haoyu0512workout|hsianshun0514workout|tsenyu0515workout|yanz0510workout|ziho0512workout,yushuan0513workout,yoru0511workout,yoru0511workout,db_biceps_curl,1,6,7.0,6.455365364434886,,,,7,6,7-8,5-6
M1_exercise_plus_rep_progress,ridge,5,haoyu0512workout|hsianshun0514workout|tsenyu0515workout|yanz0510workout|ziho0512workout,yushuan0513workout,yoru0511workout,yoru0511workout,db_biceps_curl,1,7,7.0,6.821726887781127,,,,7,7,7-8,7-8
M1_exercise_plus_rep_progress,ridge,5,haoyu0512workout|hsianshun0514workout|tsenyu0515workout|yanz0510workout|ziho0512workout,yushuan0513workout,yoru0511workout,yoru0511workout,db_biceps_curl,1,8,7.0,7.188088411127367,,,,7,7,7-8,7-8
M1_exercise_plus_rep_progress,ridge,5,haoyu0512workout|hsianshun0514workout|tsenyu0515workout|yanz0510workout|ziho0512workout,yushuan0513workout,yoru0511workout,yoru0511workout,db_biceps_curl,1,9,8.0,7.554449934473608,,,,8,8,7-8,7-8
M1_exercise_plus_rep_progress,ridge,5,haoyu0512workout|hsianshun0514workout|tsenyu0515workout|yanz0510workout|ziho0512workout,yushuan0513workout,yoru0511workout,yoru0511workout,db_biceps_curl,1,10,8.0,7.920811457819848,,,,8,8,7-8,7-8
M1_exercise_plus_rep_progress,ridge,5,haoyu0512workout|hsianshun0514workout|tsenyu0515workout|yanz0510workout|ziho0512workout,yushuan0513workout,yoru0511workout,yoru0511workout,db_biceps_curl,1,11,8.0,8.287172981166087,,,,8,8,7-8,7-8
M1_exercise_plus_rep_progress,ridge,5,haoyu0512workout|hsianshun0514workout|tsenyu0515workout|yanz0510workout|ziho0512workout,yushuan0513workout,yoru0511workout,yoru0511workout,db_biceps_curl,2,0,6.0,4.257196224357446,,,,6,4,5-6,3-4
M1_exercise_plus_rep_progress,ridge,5,haoyu0512workout|hsianshun0514workout|tsenyu0515workout|yanz0510workout|ziho0512workout,yushuan0513workout,yoru0511workout,yoru0511workout,db_biceps_curl,2,1,6.0,4.6235577477036855,,,,6,5,5-6,5-6
M1_exercise_plus_rep_progress,ridge,5,haoyu0512workout|hsianshun0514workout|tsenyu0515workout|yanz0510workout|ziho0512workout,yushuan0513workout,yoru0511workout,yoru0511workout,db_biceps_curl,2,2,6.0,4.989919271049926,,,,6,5,5-6,5-6
M1_exercise_plus_rep_progress,ridge,5,haoyu0512workout|hsianshun0514workout|tsenyu0515workout|yanz0510workout|ziho0512workout,yushuan0513workout,yoru0511workout,yoru0511workout,db_biceps_curl,2,3,6.0,5.3562807943961666,,,,6,5,5-6,5-6
M1_exercise_plus_rep_progress,ridge,5,haoyu0512workout|hsianshun0514workout|tsenyu0515workout|yanz0510workout|ziho0512workout,yushuan0513workout,yoru0511workout,yoru0511workout,db_biceps_curl,2,4,7.0,5.722642317742406,,,,7,6,7-8,5-6
M1_exercise_plus_rep_progress,ridge,5,haoyu0512workout|hsianshun0514workout|tsenyu0515workout|yanz0510workout|ziho0512workout,yushuan0513workout,yoru0511workout,yoru0511workout,db_biceps_curl,2,5,7.0,6.089003841088647,,,,7,6,7-8,5-6
M1_exercise_plus_rep_progress,ridge,5,haoyu0512workout|hsianshun0514workout|tsenyu0515workout|yanz0510workout|ziho0512workout,yushuan0513workout,yoru0511workout,yoru0511workout,db_biceps_curl,2,6,7.0,6.455365364434886,,,,7,6,7-8,5-6
M1_exercise_plus_rep_progress,ridge,5,haoyu0512workout|hsianshun0514workout|tsenyu0515workout|yanz0510workout|ziho0512workout,yushuan0513workout,yoru0511workout,yoru0511workout,db_biceps_curl,2,7,8.0,6.821726887781127,,,,8,7,7-8,7-8
M1_exercise_plus_rep_progress,ridge,5,haoyu0512workout|hsianshun0514workout|tsenyu0515workout|yanz0510workout|ziho0512workout,yushuan0513workout,yoru0511workout,yoru0511workout,db_biceps_curl,2,8,8.0,7.188088411127367,,,,8,7,7-8,7-8
M1_exercise_plus_rep_progress,ridge,5,haoyu0512workout|hsianshun0514workout|tsenyu0515workout|yanz0510workout|ziho0512workout,yushuan0513workout,yoru0511workout,yoru0511workout,db_biceps_curl,2,9,9.0,7.554449934473608,,,,9,8,9-10,7-8
M1_exercise_plus_rep_progress,ridge,5,haoyu0512workout|hsianshun0514workout|tsenyu0515workout|yanz0510workout|ziho0512workout,yushuan0513workout,yoru0511workout,yoru0511workout,db_biceps_curl,2,10,9.0,7.920811457819848,,,,9,8,9-10,7-8
M1_exercise_plus_rep_progress,ridge,5,haoyu0512workout|hsianshun0514workout|tsenyu0515workout|yanz0510workout|ziho0512workout,yushuan0513workout,yoru0511workout,yoru0511workout,db_biceps_curl,2,11,9.0,8.287172981166087,,,,9,8,9-10,7-8
M1_exercise_plus_rep_progress,ridge,5,haoyu0512workout|hsianshun0514workout|tsenyu0515workout|yanz0510workout|ziho0512workout,yushuan0513workout,yoru0511workout,yoru0511workout,db_rdl,0,0,1.0,3.447974989551867,,,,1,3,1-2,3-4
M1_exercise_plus_rep_progress,ridge,5,haoyu0512workout|hsianshun0514workout|tsenyu0515workout|yanz0510workout|ziho0512workout,yushuan0513workout,yoru0511workout,yoru0511workout,db_rdl,0,1,1.0,3.814336512898108,,,,1,4,1-2,3-4
M1_exercise_plus_rep_progress,ridge,5,haoyu0512workout|hsianshun0514workout|tsenyu0515workout|yanz0510workout|ziho0512workout,yushuan0513workout,yoru0511workout,yoru0511workout,db_rdl,0,2,3.0,4.180698036244348,,,,3,4,3-4,3-4
M1_exercise_plus_rep_progress,ridge,5,haoyu0512workout|hsianshun0514workout|tsenyu0515workout|yanz0510workout|ziho0512workout,yushuan0513workout,yoru0511workout,yoru0511workout,db_rdl,0,3,3.0,4.547059559590588,,,,3,5,3-4,5-6
M1_exercise_plus_rep_progress,ridge,5,haoyu0512workout|hsianshun0514workout|tsenyu0515workout|yanz0510workout|ziho0512workout,yushuan0513workout,yoru0511workout,yoru0511workout,db_rdl,0,4,3.0,4.9134210829368286,,,,3,5,3-4,5-6
M1_exercise_plus_rep_progress,ridge,5,haoyu0512workout|hsianshun0514workout|tsenyu0515workout|yanz0510workout|ziho0512workout,yushuan0513workout,yoru0511workout,yoru0511workout,db_rdl,0,5,3.0,5.279782606283068,,,,3,5,3-4,5-6
M1_exercise_plus_rep_progress,ridge,5,haoyu0512workout|hsianshun0514workout|tsenyu0515workout|yanz0510workout|ziho0512workout,yushuan0513workout,yoru0511workout,yoru0511workout,db_rdl,0,6,4.0,5.646144129629309,,,,4,6,3-4,5-6
M1_exercise_plus_rep_progress,ridge,5,haoyu0512workout|hsianshun0514workout|tsenyu0515workout|yanz0510workout|ziho0512workout,yushuan0513workout,yoru0511workout,yoru0511workout,db_rdl,0,7,4.0,6.012505652975549,,,,4,6,3-4,5-6
M1_exercise_plus_rep_progress,ridge,5,haoyu0512workout|hsianshun0514workout|tsenyu0515workout|yanz0510workout|ziho0512workout,yushuan0513workout,yoru0511workout,yoru0511workout,db_rdl,0,8,4.0,6.378867176321789,,,,4,6,3-4,5-6
M1_exercise_plus_rep_progress,ridge,5,haoyu0512workout|hsianshun0514workout|tsenyu0515workout|yanz0510workout|ziho0512workout,yushuan0513workout,yoru0511workout,yoru0511workout,db_rdl,0,9,5.0,6.745228699668029,,,,5,7,5-6,7-8
M1_exercise_plus_rep_progress,ridge,5,haoyu0512workout|hsianshun0514workout|tsenyu0515workout|yanz0510workout|ziho0512workout,yushuan0513workout,yoru0511workout,yoru0511workout,db_rdl,0,10,5.0,7.11159022301427,,,,5,7,5-6,7-8
M1_exercise_plus_rep_progress,ridge,5,haoyu0512workout|hsianshun0514workout|tsenyu0515workout|yanz0510workout|ziho0512workout,yushuan0513workout,yoru0511workout,yoru0511workout,db_rdl,0,11,6.0,7.47795174636051,,,,6,7,5-6,7-8
M1_exercise_plus_rep_progress,ridge,5,haoyu0512workout|hsianshun0514workout|tsenyu0515workout|yanz0510workout|ziho0512workout,yushuan0513workout,yoru0511workout,yoru0511workout,db_rdl,1,0,5.0,3.447974989551867,,,,5,3,5-6,3-4
M1_exercise_plus_rep_progress,ridge,5,haoyu0512workout|hsianshun0514workout|tsenyu0515workout|yanz0510workout|ziho0512workout,yushuan0513workout,yoru0511workout,yoru0511workout,db_rdl,1,1,5.0,3.814336512898108,,,,5,4,5-6,3-4
M1_exercise_plus_rep_progress,ridge,5,haoyu0512workout|hsianshun0514workout|tsenyu0515workout|yanz0510workout|ziho0512workout,yushuan0513workout,yoru0511workout,yoru0511workout,db_rdl,1,2,5.0,4.180698036244348,,,,5,4,5-6,3-4
M1_exercise_plus_rep_progress,ridge,5,haoyu0512workout|hsianshun0514workout|tsenyu0515workout|yanz0510workout|ziho0512workout,yushuan0513workout,yoru0511workout,yoru0511workout,db_rdl,1,3,5.0,4.547059559590588,,,,5,5,5-6,5-6
M1_exercise_plus_rep_progress,ridge,5,haoyu0512workout|hsianshun0514workout|tsenyu0515workout|yanz0510workout|ziho0512workout,yushuan0513workout,yoru0511workout,yoru0511workout,db_rdl,1,4,5.0,4.9134210829368286,,,,5,5,5-6,5-6
M1_exercise_plus_rep_progress,ridge,5,haoyu0512workout|hsianshun0514workout|tsenyu0515workout|yanz0510workout|ziho0512workout,yushuan0513workout,yoru0511workout,yoru0511workout,db_rdl,1,5,6.0,5.279782606283068,,,,6,5,5-6,5-6
M1_exercise_plus_rep_progress,ridge,5,haoyu0512workout|hsianshun0514workout|tsenyu0515workout|yanz0510workout|ziho0512workout,yushuan0513workout,yoru0511workout,yoru0511workout,db_rdl,1,6,6.0,5.646144129629309,,,,6,6,5-6,5-6
M1_exercise_plus_rep_progress,ridge,5,haoyu0512workout|hsianshun0514workout|tsenyu0515workout|yanz0510workout|ziho0512workout,yushuan0513workout,yoru0511workout,yoru0511workout,db_rdl,1,7,6.0,6.012505652975549,,,,6,6,5-6,5-6
M1_exercise_plus_rep_progress,ridge,5,haoyu0512workout|hsianshun0514workout|tsenyu0515workout|yanz0510workout|ziho0512workout,yushuan0513workout,yoru0511workout,yoru0511workout,db_rdl,1,8,6.0,6.378867176321789,,,,6,6,5-6,5-6
M1_exercise_plus_rep_progress,ridge,5,haoyu0512workout|hsianshun0514workout|tsenyu0515workout|yanz0510workout|ziho0512workout,yushuan0513workout,yoru0511workout,yoru0511workout,db_rdl,1,9,6.0,6.745228699668029,,,,6,7,5-6,7-8
M1_exercise_plus_rep_progress,ridge,5,haoyu0512workout|hsianshun0514workout|tsenyu0515workout|yanz0510workout|ziho0512workout,yushuan0513workout,yoru0511workout,yoru0511workout,db_rdl,1,10,6.0,7.11159022301427,,,,6,7,5-6,7-8
M1_exercise_plus_rep_progress,ridge,5,haoyu0512workout|hsianshun0514workout|tsenyu0515workout|yanz0510workout|ziho0512workout,yushuan0513workout,yoru0511workout,yoru0511workout,db_rdl,1,11,6.0,7.47795174636051,,,,6,7,5-6,7-8
M1_exercise_plus_rep_progress,ridge,5,haoyu0512workout|hsianshun0514workout|tsenyu0515workout|yanz0510workout|ziho0512workout,yushuan0513workout,yoru0511workout,yoru0511workout,db_rdl,2,0,5.0,3.447974989551867,,,,5,3,5-6,3-4
M1_exercise_plus_rep_progress,ridge,5,haoyu0512workout|hsianshun0514workout|tsenyu0515workout|yanz0510workout|ziho0512workout,yushuan0513workout,yoru0511workout,yoru0511workout,db_rdl,2,1,5.0,3.814336512898108,,,,5,4,5-6,3-4
M1_exercise_plus_rep_progress,ridge,5,haoyu0512workout|hsianshun0514workout|tsenyu0515workout|yanz0510workout|ziho0512workout,yushuan0513workout,yoru0511workout,yoru0511workout,db_rdl,2,2,5.0,4.180698036244348,,,,5,4,5-6,3-4
M1_exercise_plus_rep_progress,ridge,5,haoyu0512workout|hsianshun0514workout|tsenyu0515workout|yanz0510workout|ziho0512workout,yushuan0513workout,yoru0511workout,yoru0511workout,db_rdl,2,3,5.0,4.547059559590588,,,,5,5,5-6,5-6
M1_exercise_plus_rep_progress,ridge,5,haoyu0512workout|hsianshun0514workout|tsenyu0515workout|yanz0510workout|ziho0512workout,yushuan0513workout,yoru0511workout,yoru0511workout,db_rdl,2,4,5.0,4.9134210829368286,,,,5,5,5-6,5-6
M1_exercise_plus_rep_progress,ridge,5,haoyu0512workout|hsianshun0514workout|tsenyu0515workout|yanz0510workout|ziho0512workout,yushuan0513workout,yoru0511workout,yoru0511workout,db_rdl,2,5,5.0,5.279782606283068,,,,5,5,5-6,5-6
M1_exercise_plus_rep_progress,ridge,5,haoyu0512workout|hsianshun0514workout|tsenyu0515workout|yanz0510workout|ziho0512workout,yushuan0513workout,yoru0511workout,yoru0511workout,db_rdl,2,6,6.0,5.646144129629309,,,,6,6,5-6,5-6
M1_exercise_plus_rep_progress,ridge,5,haoyu0512workout|hsianshun0514workout|tsenyu0515workout|yanz0510workout|ziho0512workout,yushuan0513workout,yoru0511workout,yoru0511workout,db_rdl,2,7,6.0,6.012505652975549,,,,6,6,5-6,5-6
M1_exercise_plus_rep_progress,ridge,5,haoyu0512workout|hsianshun0514workout|tsenyu0515workout|yanz0510workout|ziho0512workout,yushuan0513workout,yoru0511workout,yoru0511workout,db_rdl,2,8,6.0,6.378867176321789,,,,6,6,5-6,5-6
M1_exercise_plus_rep_progress,ridge,5,haoyu0512workout|hsianshun0514workout|tsenyu0515workout|yanz0510workout|ziho0512workout,yushuan0513workout,yoru0511workout,yoru0511workout,db_rdl,2,9,7.0,6.745228699668029,,,,7,7,7-8,7-8
M1_exercise_plus_rep_progress,ridge,5,haoyu0512workout|hsianshun0514workout|tsenyu0515workout|yanz0510workout|ziho0512workout,yushuan0513workout,yoru0511workout,yoru0511workout,db_rdl,2,10,7.0,7.11159022301427,,,,7,7,7-8,7-8
M1_exercise_plus_rep_progress,ridge,5,haoyu0512workout|hsianshun0514workout|tsenyu0515workout|yanz0510workout|ziho0512workout,yushuan0513workout,yoru0511workout,yoru0511workout,db_rdl,2,11,7.0,7.47795174636051,,,,7,7,7-8,7-8
M1_exercise_plus_rep_progress,ridge,5,haoyu0512workout|hsianshun0514workout|tsenyu0515workout|yanz0510workout|ziho0512workout,yushuan0513workout,yoru0511workout,yoru0511workout,db_shoulder_press,0,0,1.0,4.107707194116658,,,,1,4,1-2,3-4
M1_exercise_plus_rep_progress,ridge,5,haoyu0512workout|hsianshun0514workout|tsenyu0515workout|yanz0510workout|ziho0512workout,yushuan0513workout,yoru0511workout,yoru0511workout,db_shoulder_press,0,1,1.0,4.474068717462898,,,,1,4,1-2,3-4
M1_exercise_plus_rep_progress,ridge,5,haoyu0512workout|hsianshun0514workout|tsenyu0515workout|yanz0510workout|ziho0512workout,yushuan0513workout,yoru0511workout,yoru0511workout,db_shoulder_press,0,2,1.0,4.840430240809138,,,,1,5,1-2,5-6
M1_exercise_plus_rep_progress,ridge,5,haoyu0512workout|hsianshun0514workout|tsenyu0515workout|yanz0510workout|ziho0512workout,yushuan0513workout,yoru0511workout,yoru0511workout,db_shoulder_press,0,3,3.0,5.206791764155378,,,,3,5,3-4,5-6
M1_exercise_plus_rep_progress,ridge,5,haoyu0512workout|hsianshun0514workout|tsenyu0515workout|yanz0510workout|ziho0512workout,yushuan0513workout,yoru0511workout,yoru0511workout,db_shoulder_press,0,4,3.0,5.5731532875016185,,,,3,6,3-4,5-6
M1_exercise_plus_rep_progress,ridge,5,haoyu0512workout|hsianshun0514workout|tsenyu0515workout|yanz0510workout|ziho0512workout,yushuan0513workout,yoru0511workout,yoru0511workout,db_shoulder_press,0,5,5.0,5.939514810847858,,,,5,6,5-6,5-6
M1_exercise_plus_rep_progress,ridge,5,haoyu0512workout|hsianshun0514workout|tsenyu0515workout|yanz0510workout|ziho0512workout,yushuan0513workout,yoru0511workout,yoru0511workout,db_shoulder_press,0,6,6.0,6.305876334194099,,,,6,6,5-6,5-6
M1_exercise_plus_rep_progress,ridge,5,haoyu0512workout|hsianshun0514workout|tsenyu0515workout|yanz0510workout|ziho0512workout,yushuan0513workout,yoru0511workout,yoru0511workout,db_shoulder_press,0,7,6.0,6.672237857540339,,,,6,7,5-6,7-8
M1_exercise_plus_rep_progress,ridge,5,haoyu0512workout|hsianshun0514workout|tsenyu0515workout|yanz0510workout|ziho0512workout,yushuan0513workout,yoru0511workout,yoru0511workout,db_shoulder_press,0,8,6.0,7.03859938088658,,,,6,7,5-6,7-8
M1_exercise_plus_rep_progress,ridge,5,haoyu0512workout|hsianshun0514workout|tsenyu0515workout|yanz0510workout|ziho0512workout,yushuan0513workout,yoru0511workout,yoru0511workout,db_shoulder_press,0,9,6.0,7.404960904232819,,,,6,7,5-6,7-8
M1_exercise_plus_rep_progress,ridge,5,haoyu0512workout|hsianshun0514workout|tsenyu0515workout|yanz0510workout|ziho0512workout,yushuan0513workout,yoru0511workout,yoru0511workout,db_shoulder_press,0,10,7.0,7.77132242757906,,,,7,8,7-8,7-8
M1_exercise_plus_rep_progress,ridge,5,haoyu0512workout|hsianshun0514workout|tsenyu0515workout|yanz0510workout|ziho0512workout,yushuan0513workout,yoru0511workout,yoru0511workout,db_shoulder_press,0,11,7.0,8.1376839509253,,,,7,8,7-8,7-8
M1_exercise_plus_rep_progress,ridge,5,haoyu0512workout|hsianshun0514workout|tsenyu0515workout|yanz0510workout|ziho0512workout,yushuan0513workout,yoru0511workout,yoru0511workout,db_shoulder_press,1,0,5.0,4.107707194116658,,,,5,4,5-6,3-4
M1_exercise_plus_rep_progress,ridge,5,haoyu0512workout|hsianshun0514workout|tsenyu0515workout|yanz0510workout|ziho0512workout,yushuan0513workout,yoru0511workout,yoru0511workout,db_shoulder_press,1,1,5.0,4.474068717462898,,,,5,4,5-6,3-4
M1_exercise_plus_rep_progress,ridge,5,haoyu0512workout|hsianshun0514workout|tsenyu0515workout|yanz0510workout|ziho0512workout,yushuan0513workout,yoru0511workout,yoru0511workout,db_shoulder_press,1,2,5.0,4.840430240809138,,,,5,5,5-6,5-6
M1_exercise_plus_rep_progress,ridge,5,haoyu0512workout|hsianshun0514workout|tsenyu0515workout|yanz0510workout|ziho0512workout,yushuan0513workout,yoru0511workout,yoru0511workout,db_shoulder_press,1,3,5.0,5.206791764155378,,,,5,5,5-6,5-6
M1_exercise_plus_rep_progress,ridge,5,haoyu0512workout|hsianshun0514workout|tsenyu0515workout|yanz0510workout|ziho0512workout,yushuan0513workout,yoru0511workout,yoru0511workout,db_shoulder_press,1,4,5.0,5.5731532875016185,,,,5,6,5-6,5-6
M1_exercise_plus_rep_progress,ridge,5,haoyu0512workout|hsianshun0514workout|tsenyu0515workout|yanz0510workout|ziho0512workout,yushuan0513workout,yoru0511workout,yoru0511workout,db_shoulder_press,1,5,5.0,5.939514810847858,,,,5,6,5-6,5-6
M1_exercise_plus_rep_progress,ridge,5,haoyu0512workout|hsianshun0514workout|tsenyu0515workout|yanz0510workout|ziho0512workout,yushuan0513workout,yoru0511workout,yoru0511workout,db_shoulder_press,1,6,6.0,6.305876334194099,,,,6,6,5-6,5-6
M1_exercise_plus_rep_progress,ridge,5,haoyu0512workout|hsianshun0514workout|tsenyu0515workout|yanz0510workout|ziho0512workout,yushuan0513workout,yoru0511workout,yoru0511workout,db_shoulder_press,1,7,6.0,6.672237857540339,,,,6,7,5-6,7-8
M1_exercise_plus_rep_progress,ridge,5,haoyu0512workout|hsianshun0514workout|tsenyu0515workout|yanz0510workout|ziho0512workout,yushuan0513workout,yoru0511workout,yoru0511workout,db_shoulder_press,1,8,6.0,7.03859938088658,,,,6,7,5-6,7-8
M1_exercise_plus_rep_progress,ridge,5,haoyu0512workout|hsianshun0514workout|tsenyu0515workout|yanz0510workout|ziho0512workout,yushuan0513workout,yoru0511workout,yoru0511workout,db_shoulder_press,1,9,7.0,7.404960904232819,,,,7,7,7-8,7-8
M1_exercise_plus_rep_progress,ridge,5,haoyu0512workout|hsianshun0514workout|tsenyu0515workout|yanz0510workout|ziho0512workout,yushuan0513workout,yoru0511workout,yoru0511workout,db_shoulder_press,1,10,7.0,7.77132242757906,,,,7,8,7-8,7-8
M1_exercise_plus_rep_progress,ridge,5,haoyu0512workout|hsianshun0514workout|tsenyu0515workout|yanz0510workout|ziho0512workout,yushuan0513workout,yoru0511workout,yoru0511workout,db_shoulder_press,1,11,8.0,8.1376839509253,,,,8,8,7-8,7-8
M1_exercise_plus_rep_progress,ridge,5,haoyu0512workout|hsianshun0514workout|tsenyu0515workout|yanz0510workout|ziho0512workout,yushuan0513workout,yoru0511workout,yoru0511workout,db_shoulder_press,2,0,6.0,4.107707194116658,,,,6,4,5-6,3-4
M1_exercise_plus_rep_progress,ridge,5,haoyu0512workout|hsianshun0514workout|tsenyu0515workout|yanz0510workout|ziho0512workout,yushuan0513workout,yoru0511workout,yoru0511workout,db_shoulder_press,2,1,6.0,4.474068717462898,,,,6,4,5-6,3-4
M1_exercise_plus_rep_progress,ridge,5,haoyu0512workout|hsianshun0514workout|tsenyu0515workout|yanz0510workout|ziho0512workout,yushuan0513workout,yoru0511workout,yoru0511workout,db_shoulder_press,2,2,6.0,4.840430240809138,,,,6,5,5-6,5-6
M1_exercise_plus_rep_progress,ridge,5,haoyu0512workout|hsianshun0514workout|tsenyu0515workout|yanz0510workout|ziho0512workout,yushuan0513workout,yoru0511workout,yoru0511workout,db_shoulder_press,2,3,6.0,5.206791764155378,,,,6,5,5-6,5-6
M1_exercise_plus_rep_progress,ridge,5,haoyu0512workout|hsianshun0514workout|tsenyu0515workout|yanz0510workout|ziho0512workout,yushuan0513workout,yoru0511workout,yoru0511workout,db_shoulder_press,2,4,6.0,5.5731532875016185,,,,6,6,5-6,5-6
M1_exercise_plus_rep_progress,ridge,5,haoyu0512workout|hsianshun0514workout|tsenyu0515workout|yanz0510workout|ziho0512workout,yushuan0513workout,yoru0511workout,yoru0511workout,db_shoulder_press,2,5,6.0,5.939514810847858,,,,6,6,5-6,5-6
M1_exercise_plus_rep_progress,ridge,5,haoyu0512workout|hsianshun0514workout|tsenyu0515workout|yanz0510workout|ziho0512workout,yushuan0513workout,yoru0511workout,yoru0511workout,db_shoulder_press,2,6,7.0,6.305876334194099,,,,7,6,7-8,5-6
M1_exercise_plus_rep_progress,ridge,5,haoyu0512workout|hsianshun0514workout|tsenyu0515workout|yanz0510workout|ziho0512workout,yushuan0513workout,yoru0511workout,yoru0511workout,db_shoulder_press,2,7,7.0,6.672237857540339,,,,7,7,7-8,7-8
M1_exercise_plus_rep_progress,ridge,5,haoyu0512workout|hsianshun0514workout|tsenyu0515workout|yanz0510workout|ziho0512workout,yushuan0513workout,yoru0511workout,yoru0511workout,db_shoulder_press,2,8,8.0,7.03859938088658,,,,8,7,7-8,7-8
M1_exercise_plus_rep_progress,ridge,5,haoyu0512workout|hsianshun0514workout|tsenyu0515workout|yanz0510workout|ziho0512workout,yushuan0513workout,yoru0511workout,yoru0511workout,db_shoulder_press,2,9,9.0,7.404960904232819,,,,9,7,9-10,7-8
M1_exercise_plus_rep_progress,ridge,5,haoyu0512workout|hsianshun0514workout|tsenyu0515workout|yanz0510workout|ziho0512workout,yushuan0513workout,yoru0511workout,yoru0511workout,db_shoulder_press,2,10,9.0,7.77132242757906,,,,9,8,9-10,7-8
M1_exercise_plus_rep_progress,ridge,5,haoyu0512workout|hsianshun0514workout|tsenyu0515workout|yanz0510workout|ziho0512workout,yushuan0513workout,yoru0511workout,yoru0511workout,db_shoulder_press,2,11,9.0,8.1376839509253,,,,9,8,9-10,7-8
M1_exercise_plus_rep_progress,ridge,5,haoyu0512workout|hsianshun0514workout|tsenyu0515workout|yanz0510workout|ziho0512workout,yushuan0513workout,yoru0511workout,yoru0511workout,db_squat,0,0,1.0,3.101680870677904,,,,1,3,1-2,3-4
M1_exercise_plus_rep_progress,ridge,5,haoyu0512workout|hsianshun0514workout|tsenyu0515workout|yanz0510workout|ziho0512workout,yushuan0513workout,yoru0511workout,yoru0511workout,db_squat,0,1,1.0,3.468042394024144,,,,1,3,1-2,3-4
M1_exercise_plus_rep_progress,ridge,5,haoyu0512workout|hsianshun0514workout|tsenyu0515workout|yanz0510workout|ziho0512workout,yushuan0513workout,yoru0511workout,yoru0511workout,db_squat,0,2,1.0,3.834403917370384,,,,1,4,1-2,3-4
M1_exercise_plus_rep_progress,ridge,5,haoyu0512workout|hsianshun0514workout|tsenyu0515workout|yanz0510workout|ziho0512workout,yushuan0513workout,yoru0511workout,yoru0511workout,db_squat,0,3,1.0,4.200765440716625,,,,1,4,1-2,3-4
M1_exercise_plus_rep_progress,ridge,5,haoyu0512workout|hsianshun0514workout|tsenyu0515workout|yanz0510workout|ziho0512workout,yushuan0513workout,yoru0511workout,yoru0511workout,db_squat,0,4,3.0,4.567126964062864,,,,3,5,3-4,5-6
M1_exercise_plus_rep_progress,ridge,5,haoyu0512workout|hsianshun0514workout|tsenyu0515workout|yanz0510workout|ziho0512workout,yushuan0513workout,yoru0511workout,yoru0511workout,db_squat,0,5,3.0,4.933488487409105,,,,3,5,3-4,5-6
M1_exercise_plus_rep_progress,ridge,5,haoyu0512workout|hsianshun0514workout|tsenyu0515workout|yanz0510workout|ziho0512workout,yushuan0513workout,yoru0511workout,yoru0511workout,db_squat,0,6,4.0,5.299850010755344,,,,4,5,3-4,5-6
M1_exercise_plus_rep_progress,ridge,5,haoyu0512workout|hsianshun0514workout|tsenyu0515workout|yanz0510workout|ziho0512workout,yushuan0513workout,yoru0511workout,yoru0511workout,db_squat,0,7,4.0,5.666211534101585,,,,4,6,3-4,5-6
M1_exercise_plus_rep_progress,ridge,5,haoyu0512workout|hsianshun0514workout|tsenyu0515workout|yanz0510workout|ziho0512workout,yushuan0513workout,yoru0511workout,yoru0511workout,db_squat,0,8,4.0,6.032573057447825,,,,4,6,3-4,5-6
M1_exercise_plus_rep_progress,ridge,5,haoyu0512workout|hsianshun0514workout|tsenyu0515workout|yanz0510workout|ziho0512workout,yushuan0513workout,yoru0511workout,yoru0511workout,db_squat,0,9,4.0,6.398934580794066,,,,4,6,3-4,5-6
M1_exercise_plus_rep_progress,ridge,5,haoyu0512workout|hsianshun0514workout|tsenyu0515workout|yanz0510workout|ziho0512workout,yushuan0513workout,yoru0511workout,yoru0511workout,db_squat,0,10,4.0,6.765296104140306,,,,4,7,3-4,7-8
M1_exercise_plus_rep_progress,ridge,5,haoyu0512workout|hsianshun0514workout|tsenyu0515workout|yanz0510workout|ziho0512workout,yushuan0513workout,yoru0511workout,yoru0511workout,db_squat,0,11,4.0,7.131657627486546,,,,4,7,3-4,7-8
M1_exercise_plus_rep_progress,ridge,5,haoyu0512workout|hsianshun0514workout|tsenyu0515workout|yanz0510workout|ziho0512workout,yushuan0513workout,yoru0511workout,yoru0511workout,db_squat,1,0,3.0,3.101680870677904,,,,3,3,3-4,3-4
M1_exercise_plus_rep_progress,ridge,5,haoyu0512workout|hsianshun0514workout|tsenyu0515workout|yanz0510workout|ziho0512workout,yushuan0513workout,yoru0511workout,yoru0511workout,db_squat,1,1,3.0,3.468042394024144,,,,3,3,3-4,3-4
M1_exercise_plus_rep_progress,ridge,5,haoyu0512workout|hsianshun0514workout|tsenyu0515workout|yanz0510workout|ziho0512workout,yushuan0513workout,yoru0511workout,yoru0511workout,db_squat,1,2,3.0,3.834403917370384,,,,3,4,3-4,3-4
M1_exercise_plus_rep_progress,ridge,5,haoyu0512workout|hsianshun0514workout|tsenyu0515workout|yanz0510workout|ziho0512workout,yushuan0513workout,yoru0511workout,yoru0511workout,db_squat,1,3,4.0,4.200765440716625,,,,4,4,3-4,3-4
M1_exercise_plus_rep_progress,ridge,5,haoyu0512workout|hsianshun0514workout|tsenyu0515workout|yanz0510workout|ziho0512workout,yushuan0513workout,yoru0511workout,yoru0511workout,db_squat,1,4,4.0,4.567126964062864,,,,4,5,3-4,5-6
M1_exercise_plus_rep_progress,ridge,5,haoyu0512workout|hsianshun0514workout|tsenyu0515workout|yanz0510workout|ziho0512workout,yushuan0513workout,yoru0511workout,yoru0511workout,db_squat,1,5,4.0,4.933488487409105,,,,4,5,3-4,5-6
M1_exercise_plus_rep_progress,ridge,5,haoyu0512workout|hsianshun0514workout|tsenyu0515workout|yanz0510workout|ziho0512workout,yushuan0513workout,yoru0511workout,yoru0511workout,db_squat,1,6,5.0,5.299850010755344,,,,5,5,5-6,5-6
M1_exercise_plus_rep_progress,ridge,5,haoyu0512workout|hsianshun0514workout|tsenyu0515workout|yanz0510workout|ziho0512workout,yushuan0513workout,yoru0511workout,yoru0511workout,db_squat,1,7,5.0,5.666211534101585,,,,5,6,5-6,5-6
M1_exercise_plus_rep_progress,ridge,5,haoyu0512workout|hsianshun0514workout|tsenyu0515workout|yanz0510workout|ziho0512workout,yushuan0513workout,yoru0511workout,yoru0511workout,db_squat,1,8,5.0,6.032573057447825,,,,5,6,5-6,5-6
M1_exercise_plus_rep_progress,ridge,5,haoyu0512workout|hsianshun0514workout|tsenyu0515workout|yanz0510workout|ziho0512workout,yushuan0513workout,yoru0511workout,yoru0511workout,db_squat,1,9,5.0,6.398934580794066,,,,5,6,5-6,5-6
M1_exercise_plus_rep_progress,ridge,5,haoyu0512workout|hsianshun0514workout|tsenyu0515workout|yanz0510workout|ziho0512workout,yushuan0513workout,yoru0511workout,yoru0511workout,db_squat,1,10,5.0,6.765296104140306,,,,5,7,5-6,7-8
M1_exercise_plus_rep_progress,ridge,5,haoyu0512workout|hsianshun0514workout|tsenyu0515workout|yanz0510workout|ziho0512workout,yushuan0513workout,yoru0511workout,yoru0511workout,db_squat,1,11,5.0,7.131657627486546,,,,5,7,5-6,7-8
M1_exercise_plus_rep_progress,ridge,5,haoyu0512workout|hsianshun0514workout|tsenyu0515workout|yanz0510workout|ziho0512workout,yushuan0513workout,yoru0511workout,yoru0511workout,db_squat,2,0,5.0,3.101680870677904,,,,5,3,5-6,3-4
M1_exercise_plus_rep_progress,ridge,5,haoyu0512workout|hsianshun0514workout|tsenyu0515workout|yanz0510workout|ziho0512workout,yushuan0513workout,yoru0511workout,yoru0511workout,db_squat,2,1,5.0,3.468042394024144,,,,5,3,5-6,3-4
M1_exercise_plus_rep_progress,ridge,5,haoyu0512workout|hsianshun0514workout|tsenyu0515workout|yanz0510workout|ziho0512workout,yushuan0513workout,yoru0511workout,yoru0511workout,db_squat,2,2,5.0,3.834403917370384,,,,5,4,5-6,3-4
M1_exercise_plus_rep_progress,ridge,5,haoyu0512workout|hsianshun0514workout|tsenyu0515workout|yanz0510workout|ziho0512workout,yushuan0513workout,yoru0511workout,yoru0511workout,db_squat,2,3,5.0,4.200765440716625,,,,5,4,5-6,3-4
M1_exercise_plus_rep_progress,ridge,5,haoyu0512workout|hsianshun0514workout|tsenyu0515workout|yanz0510workout|ziho0512workout,yushuan0513workout,yoru0511workout,yoru0511workout,db_squat,2,4,5.0,4.567126964062864,,,,5,5,5-6,5-6
M1_exercise_plus_rep_progress,ridge,5,haoyu0512workout|hsianshun0514workout|tsenyu0515workout|yanz0510workout|ziho0512workout,yushuan0513workout,yoru0511workout,yoru0511workout,db_squat,2,5,5.0,4.933488487409105,,,,5,5,5-6,5-6
M1_exercise_plus_rep_progress,ridge,5,haoyu0512workout|hsianshun0514workout|tsenyu0515workout|yanz0510workout|ziho0512workout,yushuan0513workout,yoru0511workout,yoru0511workout,db_squat,2,6,5.0,5.299850010755344,,,,5,5,5-6,5-6
M1_exercise_plus_rep_progress,ridge,5,haoyu0512workout|hsianshun0514workout|tsenyu0515workout|yanz0510workout|ziho0512workout,yushuan0513workout,yoru0511workout,yoru0511workout,db_squat,2,7,5.0,5.666211534101585,,,,5,6,5-6,5-6
M1_exercise_plus_rep_progress,ridge,5,haoyu0512workout|hsianshun0514workout|tsenyu0515workout|yanz0510workout|ziho0512workout,yushuan0513workout,yoru0511workout,yoru0511workout,db_squat,2,8,5.0,6.032573057447825,,,,5,6,5-6,5-6
M1_exercise_plus_rep_progress,ridge,5,haoyu0512workout|hsianshun0514workout|tsenyu0515workout|yanz0510workout|ziho0512workout,yushuan0513workout,yoru0511workout,yoru0511workout,db_squat,2,9,5.0,6.398934580794066,,,,5,6,5-6,5-6
M1_exercise_plus_rep_progress,ridge,5,haoyu0512workout|hsianshun0514workout|tsenyu0515workout|yanz0510workout|ziho0512workout,yushuan0513workout,yoru0511workout,yoru0511workout,db_squat,2,10,6.0,6.765296104140306,,,,6,7,5-6,7-8
M1_exercise_plus_rep_progress,ridge,5,haoyu0512workout|hsianshun0514workout|tsenyu0515workout|yanz0510workout|ziho0512workout,yushuan0513workout,yoru0511workout,yoru0511workout,db_squat,2,11,6.0,7.131657627486546,,,,6,7,5-6,7-8
M1_exercise_plus_rep_progress,ridge,5,haoyu0512workout|hsianshun0514workout|tsenyu0515workout|yanz0510workout|ziho0512workout,yushuan0513workout,yoru0511workout,yoru0511workout,db_triceps_curl,0,0,1.0,3.526910964159643,,,,1,4,1-2,3-4
M1_exercise_plus_rep_progress,ridge,5,haoyu0512workout|hsianshun0514workout|tsenyu0515workout|yanz0510workout|ziho0512workout,yushuan0513workout,yoru0511workout,yoru0511workout,db_triceps_curl,0,1,1.0,3.8932724875058833,,,,1,4,1-2,3-4
M1_exercise_plus_rep_progress,ridge,5,haoyu0512workout|hsianshun0514workout|tsenyu0515workout|yanz0510workout|ziho0512workout,yushuan0513workout,yoru0511workout,yoru0511workout,db_triceps_curl,0,2,1.0,4.259634010852123,,,,1,4,1-2,3-4
M1_exercise_plus_rep_progress,ridge,5,haoyu0512workout|hsianshun0514workout|tsenyu0515workout|yanz0510workout|ziho0512workout,yushuan0513workout,yoru0511workout,yoru0511workout,db_triceps_curl,0,3,3.0,4.625995534198363,,,,3,5,3-4,5-6
M1_exercise_plus_rep_progress,ridge,5,haoyu0512workout|hsianshun0514workout|tsenyu0515workout|yanz0510workout|ziho0512workout,yushuan0513workout,yoru0511workout,yoru0511workout,db_triceps_curl,0,4,3.0,4.992357057544604,,,,3,5,3-4,5-6
M1_exercise_plus_rep_progress,ridge,5,haoyu0512workout|hsianshun0514workout|tsenyu0515workout|yanz0510workout|ziho0512workout,yushuan0513workout,yoru0511workout,yoru0511workout,db_triceps_curl,0,5,4.0,5.3587185808908435,,,,4,5,3-4,5-6
M1_exercise_plus_rep_progress,ridge,5,haoyu0512workout|hsianshun0514workout|tsenyu0515workout|yanz0510workout|ziho0512workout,yushuan0513workout,yoru0511workout,yoru0511workout,db_triceps_curl,0,6,4.0,5.725080104237084,,,,4,6,3-4,5-6
M1_exercise_plus_rep_progress,ridge,5,haoyu0512workout|hsianshun0514workout|tsenyu0515workout|yanz0510workout|ziho0512workout,yushuan0513workout,yoru0511workout,yoru0511workout,db_triceps_curl,0,7,5.0,6.091441627583324,,,,5,6,5-6,5-6
M1_exercise_plus_rep_progress,ridge,5,haoyu0512workout|hsianshun0514workout|tsenyu0515workout|yanz0510workout|ziho0512workout,yushuan0513workout,yoru0511workout,yoru0511workout,db_triceps_curl,0,8,5.0,6.457803150929564,,,,5,6,5-6,5-6
M1_exercise_plus_rep_progress,ridge,5,haoyu0512workout|hsianshun0514workout|tsenyu0515workout|yanz0510workout|ziho0512workout,yushuan0513workout,yoru0511workout,yoru0511workout,db_triceps_curl,0,9,5.0,6.824164674275805,,,,5,7,5-6,7-8
M1_exercise_plus_rep_progress,ridge,5,haoyu0512workout|hsianshun0514workout|tsenyu0515workout|yanz0510workout|ziho0512workout,yushuan0513workout,yoru0511workout,yoru0511workout,db_triceps_curl,0,10,5.0,7.190526197622045,,,,5,7,5-6,7-8
M1_exercise_plus_rep_progress,ridge,5,haoyu0512workout|hsianshun0514workout|tsenyu0515workout|yanz0510workout|ziho0512workout,yushuan0513workout,yoru0511workout,yoru0511workout,db_triceps_curl,0,11,5.0,7.556887720968286,,,,5,8,5-6,7-8
M1_exercise_plus_rep_progress,ridge,5,haoyu0512workout|hsianshun0514workout|tsenyu0515workout|yanz0510workout|ziho0512workout,yushuan0513workout,yoru0511workout,yoru0511workout,db_triceps_curl,1,0,4.0,3.526910964159643,,,,4,4,3-4,3-4
M1_exercise_plus_rep_progress,ridge,5,haoyu0512workout|hsianshun0514workout|tsenyu0515workout|yanz0510workout|ziho0512workout,yushuan0513workout,yoru0511workout,yoru0511workout,db_triceps_curl,1,1,4.0,3.8932724875058833,,,,4,4,3-4,3-4
M1_exercise_plus_rep_progress,ridge,5,haoyu0512workout|hsianshun0514workout|tsenyu0515workout|yanz0510workout|ziho0512workout,yushuan0513workout,yoru0511workout,yoru0511workout,db_triceps_curl,1,2,4.0,4.259634010852123,,,,4,4,3-4,3-4
M1_exercise_plus_rep_progress,ridge,5,haoyu0512workout|hsianshun0514workout|tsenyu0515workout|yanz0510workout|ziho0512workout,yushuan0513workout,yoru0511workout,yoru0511workout,db_triceps_curl,1,3,4.0,4.625995534198363,,,,4,5,3-4,5-6
M1_exercise_plus_rep_progress,ridge,5,haoyu0512workout|hsianshun0514workout|tsenyu0515workout|yanz0510workout|ziho0512workout,yushuan0513workout,yoru0511workout,yoru0511workout,db_triceps_curl,1,4,4.0,4.992357057544604,,,,4,5,3-4,5-6
M1_exercise_plus_rep_progress,ridge,5,haoyu0512workout|hsianshun0514workout|tsenyu0515workout|yanz0510workout|ziho0512workout,yushuan0513workout,yoru0511workout,yoru0511workout,db_triceps_curl,1,5,4.0,5.3587185808908435,,,,4,5,3-4,5-6
M1_exercise_plus_rep_progress,ridge,5,haoyu0512workout|hsianshun0514workout|tsenyu0515workout|yanz0510workout|ziho0512workout,yushuan0513workout,yoru0511workout,yoru0511workout,db_triceps_curl,1,6,4.0,5.725080104237084,,,,4,6,3-4,5-6
M1_exercise_plus_rep_progress,ridge,5,haoyu0512workout|hsianshun0514workout|tsenyu0515workout|yanz0510workout|ziho0512workout,yushuan0513workout,yoru0511workout,yoru0511workout,db_triceps_curl,1,7,4.0,6.091441627583324,,,,4,6,3-4,5-6
M1_exercise_plus_rep_progress,ridge,5,haoyu0512workout|hsianshun0514workout|tsenyu0515workout|yanz0510workout|ziho0512workout,yushuan0513workout,yoru0511workout,yoru0511workout,db_triceps_curl,1,8,4.0,6.457803150929564,,,,4,6,3-4,5-6
M1_exercise_plus_rep_progress,ridge,5,haoyu0512workout|hsianshun0514workout|tsenyu0515workout|yanz0510workout|ziho0512workout,yushuan0513workout,yoru0511workout,yoru0511workout,db_triceps_curl,1,9,5.0,6.824164674275805,,,,5,7,5-6,7-8
M1_exercise_plus_rep_progress,ridge,5,haoyu0512workout|hsianshun0514workout|tsenyu0515workout|yanz0510workout|ziho0512workout,yushuan0513workout,yoru0511workout,yoru0511workout,db_triceps_curl,1,10,5.0,7.190526197622045,,,,5,7,5-6,7-8
M1_exercise_plus_rep_progress,ridge,5,haoyu0512workout|hsianshun0514workout|tsenyu0515workout|yanz0510workout|ziho0512workout,yushuan0513workout,yoru0511workout,yoru0511workout,db_triceps_curl,1,11,5.0,7.556887720968286,,,,5,8,5-6,7-8
M1_exercise_plus_rep_progress,ridge,5,haoyu0512workout|hsianshun0514workout|tsenyu0515workout|yanz0510workout|ziho0512workout,yushuan0513workout,yoru0511workout,yoru0511workout,db_triceps_curl,2,0,4.0,3.526910964159643,,,,4,4,3-4,3-4
M1_exercise_plus_rep_progress,ridge,5,haoyu0512workout|hsianshun0514workout|tsenyu0515workout|yanz0510workout|ziho0512workout,yushuan0513workout,yoru0511workout,yoru0511workout,db_triceps_curl,2,1,4.0,3.8932724875058833,,,,4,4,3-4,3-4
M1_exercise_plus_rep_progress,ridge,5,haoyu0512workout|hsianshun0514workout|tsenyu0515workout|yanz0510workout|ziho0512workout,yushuan0513workout,yoru0511workout,yoru0511workout,db_triceps_curl,2,2,4.0,4.259634010852123,,,,4,4,3-4,3-4
M1_exercise_plus_rep_progress,ridge,5,haoyu0512workout|hsianshun0514workout|tsenyu0515workout|yanz0510workout|ziho0512workout,yushuan0513workout,yoru0511workout,yoru0511workout,db_triceps_curl,2,3,4.0,4.625995534198363,,,,4,5,3-4,5-6
M1_exercise_plus_rep_progress,ridge,5,haoyu0512workout|hsianshun0514workout|tsenyu0515workout|yanz0510workout|ziho0512workout,yushuan0513workout,yoru0511workout,yoru0511workout,db_triceps_curl,2,4,4.0,4.992357057544604,,,,4,5,3-4,5-6
M1_exercise_plus_rep_progress,ridge,5,haoyu0512workout|hsianshun0514workout|tsenyu0515workout|yanz0510workout|ziho0512workout,yushuan0513workout,yoru0511workout,yoru0511workout,db_triceps_curl,2,5,4.0,5.3587185808908435,,,,4,5,3-4,5-6
M1_exercise_plus_rep_progress,ridge,5,haoyu0512workout|hsianshun0514workout|tsenyu0515workout|yanz0510workout|ziho0512workout,yushuan0513workout,yoru0511workout,yoru0511workout,db_triceps_curl,2,6,5.0,5.725080104237084,,,,5,6,5-6,5-6
M1_exercise_plus_rep_progress,ridge,5,haoyu0512workout|hsianshun0514workout|tsenyu0515workout|yanz0510workout|ziho0512workout,yushuan0513workout,yoru0511workout,yoru0511workout,db_triceps_curl,2,7,5.0,6.091441627583324,,,,5,6,5-6,5-6
M1_exercise_plus_rep_progress,ridge,5,haoyu0512workout|hsianshun0514workout|tsenyu0515workout|yanz0510workout|ziho0512workout,yushuan0513workout,yoru0511workout,yoru0511workout,db_triceps_curl,2,8,5.0,6.457803150929564,,,,5,6,5-6,5-6
M1_exercise_plus_rep_progress,ridge,5,haoyu0512workout|hsianshun0514workout|tsenyu0515workout|yanz0510workout|ziho0512workout,yushuan0513workout,yoru0511workout,yoru0511workout,db_triceps_curl,2,9,5.0,6.824164674275805,,,,5,7,5-6,7-8
M1_exercise_plus_rep_progress,ridge,5,haoyu0512workout|hsianshun0514workout|tsenyu0515workout|yanz0510workout|ziho0512workout,yushuan0513workout,yoru0511workout,yoru0511workout,db_triceps_curl,2,10,6.0,7.190526197622045,,,,6,7,5-6,7-8
M1_exercise_plus_rep_progress,ridge,5,haoyu0512workout|hsianshun0514workout|tsenyu0515workout|yanz0510workout|ziho0512workout,yushuan0513workout,yoru0511workout,yoru0511workout,db_triceps_curl,2,11,6.0,7.556887720968286,,,,6,8,5-6,7-8
M1_exercise_plus_rep_progress,ridge,5,haoyu0512workout|hsianshun0514workout|tsenyu0515workout|yanz0510workout|ziho0512workout,yushuan0513workout,yoru0511workout,yoru0511workout,db_weighted_crunch,0,0,1.0,2.7739051595524407,,,,1,3,1-2,3-4
M1_exercise_plus_rep_progress,ridge,5,haoyu0512workout|hsianshun0514workout|tsenyu0515workout|yanz0510workout|ziho0512workout,yushuan0513workout,yoru0511workout,yoru0511workout,db_weighted_crunch,0,1,1.0,3.140266682898681,,,,1,3,1-2,3-4
M1_exercise_plus_rep_progress,ridge,5,haoyu0512workout|hsianshun0514workout|tsenyu0515workout|yanz0510workout|ziho0512workout,yushuan0513workout,yoru0511workout,yoru0511workout,db_weighted_crunch,0,2,1.0,3.506628206244921,,,,1,4,1-2,3-4
M1_exercise_plus_rep_progress,ridge,5,haoyu0512workout|hsianshun0514workout|tsenyu0515workout|yanz0510workout|ziho0512workout,yushuan0513workout,yoru0511workout,yoru0511workout,db_weighted_crunch,0,3,3.0,3.8729897295911617,,,,3,4,3-4,3-4
M1_exercise_plus_rep_progress,ridge,5,haoyu0512workout|hsianshun0514workout|tsenyu0515workout|yanz0510workout|ziho0512workout,yushuan0513workout,yoru0511workout,yoru0511workout,db_weighted_crunch,0,4,4.0,4.239351252937402,,,,4,4,3-4,3-4
M1_exercise_plus_rep_progress,ridge,5,haoyu0512workout|hsianshun0514workout|tsenyu0515workout|yanz0510workout|ziho0512workout,yushuan0513workout,yoru0511workout,yoru0511workout,db_weighted_crunch,0,5,4.0,4.605712776283641,,,,4,5,3-4,5-6
M1_exercise_plus_rep_progress,ridge,5,haoyu0512workout|hsianshun0514workout|tsenyu0515workout|yanz0510workout|ziho0512workout,yushuan0513workout,yoru0511workout,yoru0511workout,db_weighted_crunch,0,6,5.0,4.972074299629882,,,,5,5,5-6,5-6
M1_exercise_plus_rep_progress,ridge,5,haoyu0512workout|hsianshun0514workout|tsenyu0515workout|yanz0510workout|ziho0512workout,yushuan0513workout,yoru0511workout,yoru0511workout,db_weighted_crunch,0,7,5.0,5.338435822976122,,,,5,5,5-6,5-6
M1_exercise_plus_rep_progress,ridge,5,haoyu0512workout|hsianshun0514workout|tsenyu0515workout|yanz0510workout|ziho0512workout,yushuan0513workout,yoru0511workout,yoru0511workout,db_weighted_crunch,0,8,5.0,5.704797346322362,,,,5,6,5-6,5-6
M1_exercise_plus_rep_progress,ridge,5,haoyu0512workout|hsianshun0514workout|tsenyu0515workout|yanz0510workout|ziho0512workout,yushuan0513workout,yoru0511workout,yoru0511workout,db_weighted_crunch,0,9,6.0,6.0711588696686025,,,,6,6,5-6,5-6
M1_exercise_plus_rep_progress,ridge,5,haoyu0512workout|hsianshun0514workout|tsenyu0515workout|yanz0510workout|ziho0512workout,yushuan0513workout,yoru0511workout,yoru0511workout,db_weighted_crunch,0,10,6.0,6.437520393014843,,,,6,6,5-6,5-6
M1_exercise_plus_rep_progress,ridge,5,haoyu0512workout|hsianshun0514workout|tsenyu0515workout|yanz0510workout|ziho0512workout,yushuan0513workout,yoru0511workout,yoru0511workout,db_weighted_crunch,0,11,6.0,6.8038819163610835,,,,6,7,5-6,7-8
M1_exercise_plus_rep_progress,ridge,5,haoyu0512workout|hsianshun0514workout|tsenyu0515workout|yanz0510workout|ziho0512workout,yushuan0513workout,yoru0511workout,yoru0511workout,db_weighted_crunch,1,0,4.0,2.7739051595524407,,,,4,3,3-4,3-4
M1_exercise_plus_rep_progress,ridge,5,haoyu0512workout|hsianshun0514workout|tsenyu0515workout|yanz0510workout|ziho0512workout,yushuan0513workout,yoru0511workout,yoru0511workout,db_weighted_crunch,1,1,4.0,3.140266682898681,,,,4,3,3-4,3-4
M1_exercise_plus_rep_progress,ridge,5,haoyu0512workout|hsianshun0514workout|tsenyu0515workout|yanz0510workout|ziho0512workout,yushuan0513workout,yoru0511workout,yoru0511workout,db_weighted_crunch,1,2,5.0,3.506628206244921,,,,5,4,5-6,3-4
M1_exercise_plus_rep_progress,ridge,5,haoyu0512workout|hsianshun0514workout|tsenyu0515workout|yanz0510workout|ziho0512workout,yushuan0513workout,yoru0511workout,yoru0511workout,db_weighted_crunch,1,3,5.0,3.8729897295911617,,,,5,4,5-6,3-4
M1_exercise_plus_rep_progress,ridge,5,haoyu0512workout|hsianshun0514workout|tsenyu0515workout|yanz0510workout|ziho0512workout,yushuan0513workout,yoru0511workout,yoru0511workout,db_weighted_crunch,1,4,5.0,4.239351252937402,,,,5,4,5-6,3-4
M1_exercise_plus_rep_progress,ridge,5,haoyu0512workout|hsianshun0514workout|tsenyu0515workout|yanz0510workout|ziho0512workout,yushuan0513workout,yoru0511workout,yoru0511workout,db_weighted_crunch,1,5,5.0,4.605712776283641,,,,5,5,5-6,5-6
M1_exercise_plus_rep_progress,ridge,5,haoyu0512workout|hsianshun0514workout|tsenyu0515workout|yanz0510workout|ziho0512workout,yushuan0513workout,yoru0511workout,yoru0511workout,db_weighted_crunch,1,6,6.0,4.972074299629882,,,,6,5,5-6,5-6
M1_exercise_plus_rep_progress,ridge,5,haoyu0512workout|hsianshun0514workout|tsenyu0515workout|yanz0510workout|ziho0512workout,yushuan0513workout,yoru0511workout,yoru0511workout,db_weighted_crunch,1,7,6.0,5.338435822976122,,,,6,5,5-6,5-6
M1_exercise_plus_rep_progress,ridge,5,haoyu0512workout|hsianshun0514workout|tsenyu0515workout|yanz0510workout|ziho0512workout,yushuan0513workout,yoru0511workout,yoru0511workout,db_weighted_crunch,1,8,6.0,5.704797346322362,,,,6,6,5-6,5-6
M1_exercise_plus_rep_progress,ridge,5,haoyu0512workout|hsianshun0514workout|tsenyu0515workout|yanz0510workout|ziho0512workout,yushuan0513workout,yoru0511workout,yoru0511workout,db_weighted_crunch,1,9,7.0,6.0711588696686025,,,,7,6,7-8,5-6
M1_exercise_plus_rep_progress,ridge,5,haoyu0512workout|hsianshun0514workout|tsenyu0515workout|yanz0510workout|ziho0512workout,yushuan0513workout,yoru0511workout,yoru0511workout,db_weighted_crunch,1,10,7.0,6.437520393014843,,,,7,6,7-8,5-6
M1_exercise_plus_rep_progress,ridge,5,haoyu0512workout|hsianshun0514workout|tsenyu0515workout|yanz0510workout|ziho0512workout,yushuan0513workout,yoru0511workout,yoru0511workout,db_weighted_crunch,1,11,7.0,6.8038819163610835,,,,7,7,7-8,7-8
M1_exercise_plus_rep_progress,ridge,5,haoyu0512workout|hsianshun0514workout|tsenyu0515workout|yanz0510workout|ziho0512workout,yushuan0513workout,yoru0511workout,yoru0511workout,db_weighted_crunch,2,0,5.0,2.7739051595524407,,,,5,3,5-6,3-4
M1_exercise_plus_rep_progress,ridge,5,haoyu0512workout|hsianshun0514workout|tsenyu0515workout|yanz0510workout|ziho0512workout,yushuan0513workout,yoru0511workout,yoru0511workout,db_weighted_crunch,2,1,5.0,3.140266682898681,,,,5,3,5-6,3-4
M1_exercise_plus_rep_progress,ridge,5,haoyu0512workout|hsianshun0514workout|tsenyu0515workout|yanz0510workout|ziho0512workout,yushuan0513workout,yoru0511workout,yoru0511workout,db_weighted_crunch,2,2,5.0,3.506628206244921,,,,5,4,5-6,3-4
M1_exercise_plus_rep_progress,ridge,5,haoyu0512workout|hsianshun0514workout|tsenyu0515workout|yanz0510workout|ziho0512workout,yushuan0513workout,yoru0511workout,yoru0511workout,db_weighted_crunch,2,3,6.0,3.8729897295911617,,,,6,4,5-6,3-4
M1_exercise_plus_rep_progress,ridge,5,haoyu0512workout|hsianshun0514workout|tsenyu0515workout|yanz0510workout|ziho0512workout,yushuan0513workout,yoru0511workout,yoru0511workout,db_weighted_crunch,2,4,6.0,4.239351252937402,,,,6,4,5-6,3-4
M1_exercise_plus_rep_progress,ridge,5,haoyu0512workout|hsianshun0514workout|tsenyu0515workout|yanz0510workout|ziho0512workout,yushuan0513workout,yoru0511workout,yoru0511workout,db_weighted_crunch,2,5,6.0,4.605712776283641,,,,6,5,5-6,5-6
M1_exercise_plus_rep_progress,ridge,5,haoyu0512workout|hsianshun0514workout|tsenyu0515workout|yanz0510workout|ziho0512workout,yushuan0513workout,yoru0511workout,yoru0511workout,db_weighted_crunch,2,6,6.0,4.972074299629882,,,,6,5,5-6,5-6
M1_exercise_plus_rep_progress,ridge,5,haoyu0512workout|hsianshun0514workout|tsenyu0515workout|yanz0510workout|ziho0512workout,yushuan0513workout,yoru0511workout,yoru0511workout,db_weighted_crunch,2,7,6.0,5.338435822976122,,,,6,5,5-6,5-6
M1_exercise_plus_rep_progress,ridge,5,haoyu0512workout|hsianshun0514workout|tsenyu0515workout|yanz0510workout|ziho0512workout,yushuan0513workout,yoru0511workout,yoru0511workout,db_weighted_crunch,2,8,7.0,5.704797346322362,,,,7,6,7-8,5-6
M1_exercise_plus_rep_progress,ridge,5,haoyu0512workout|hsianshun0514workout|tsenyu0515workout|yanz0510workout|ziho0512workout,yushuan0513workout,yoru0511workout,yoru0511workout,db_weighted_crunch,2,9,7.0,6.0711588696686025,,,,7,6,7-8,5-6
M1_exercise_plus_rep_progress,ridge,5,haoyu0512workout|hsianshun0514workout|tsenyu0515workout|yanz0510workout|ziho0512workout,yushuan0513workout,yoru0511workout,yoru0511workout,db_weighted_crunch,2,10,7.0,6.437520393014843,,,,7,6,7-8,5-6
M1_exercise_plus_rep_progress,ridge,5,haoyu0512workout|hsianshun0514workout|tsenyu0515workout|yanz0510workout|ziho0512workout,yushuan0513workout,yoru0511workout,yoru0511workout,db_weighted_crunch,2,11,7.0,6.8038819163610835,,,,7,7,7-8,7-8
M1_exercise_plus_rep_progress,ridge,5,haoyu0512workout|hsianshun0514workout|tsenyu0515workout|yanz0510workout|ziho0512workout,yushuan0513workout,yoru0511workout,yoru0511workout,one_arm_db_row,0,0,1.0,3.746914882792709,,,,1,4,1-2,3-4
M1_exercise_plus_rep_progress,ridge,5,haoyu0512workout|hsianshun0514workout|tsenyu0515workout|yanz0510workout|ziho0512workout,yushuan0513workout,yoru0511workout,yoru0511workout,one_arm_db_row,0,1,1.0,4.113276406138949,,,,1,4,1-2,3-4
M1_exercise_plus_rep_progress,ridge,5,haoyu0512workout|hsianshun0514workout|tsenyu0515workout|yanz0510workout|ziho0512workout,yushuan0513workout,yoru0511workout,yoru0511workout,one_arm_db_row,0,2,1.0,4.479637929485189,,,,1,4,1-2,3-4
M1_exercise_plus_rep_progress,ridge,5,haoyu0512workout|hsianshun0514workout|tsenyu0515workout|yanz0510workout|ziho0512workout,yushuan0513workout,yoru0511workout,yoru0511workout,one_arm_db_row,0,3,1.0,4.845999452831429,,,,1,5,1-2,5-6
M1_exercise_plus_rep_progress,ridge,5,haoyu0512workout|hsianshun0514workout|tsenyu0515workout|yanz0510workout|ziho0512workout,yushuan0513workout,yoru0511workout,yoru0511workout,one_arm_db_row,0,4,4.0,5.212360976177669,,,,4,5,3-4,5-6
M1_exercise_plus_rep_progress,ridge,5,haoyu0512workout|hsianshun0514workout|tsenyu0515workout|yanz0510workout|ziho0512workout,yushuan0513workout,yoru0511workout,yoru0511workout,one_arm_db_row,0,5,4.0,5.578722499523909,,,,4,6,3-4,5-6
M1_exercise_plus_rep_progress,ridge,5,haoyu0512workout|hsianshun0514workout|tsenyu0515workout|yanz0510workout|ziho0512workout,yushuan0513workout,yoru0511workout,yoru0511workout,one_arm_db_row,0,6,4.0,5.94508402287015,,,,4,6,3-4,5-6
M1_exercise_plus_rep_progress,ridge,5,haoyu0512workout|hsianshun0514workout|tsenyu0515workout|yanz0510workout|ziho0512workout,yushuan0513workout,yoru0511workout,yoru0511workout,one_arm_db_row,0,7,5.0,6.311445546216389,,,,5,6,5-6,5-6
M1_exercise_plus_rep_progress,ridge,5,haoyu0512workout|hsianshun0514workout|tsenyu0515workout|yanz0510workout|ziho0512workout,yushuan0513workout,yoru0511workout,yoru0511workout,one_arm_db_row,0,8,5.0,6.67780706956263,,,,5,7,5-6,7-8
M1_exercise_plus_rep_progress,ridge,5,haoyu0512workout|hsianshun0514workout|tsenyu0515workout|yanz0510workout|ziho0512workout,yushuan0513workout,yoru0511workout,yoru0511workout,one_arm_db_row,0,9,5.0,7.04416859290887,,,,5,7,5-6,7-8
M1_exercise_plus_rep_progress,ridge,5,haoyu0512workout|hsianshun0514workout|tsenyu0515workout|yanz0510workout|ziho0512workout,yushuan0513workout,yoru0511workout,yoru0511workout,one_arm_db_row,0,10,5.0,7.410530116255111,,,,5,7,5-6,7-8
M1_exercise_plus_rep_progress,ridge,5,haoyu0512workout|hsianshun0514workout|tsenyu0515workout|yanz0510workout|ziho0512workout,yushuan0513workout,yoru0511workout,yoru0511workout,one_arm_db_row,0,11,5.0,7.7768916396013505,,,,5,8,5-6,7-8
M1_exercise_plus_rep_progress,ridge,5,haoyu0512workout|hsianshun0514workout|tsenyu0515workout|yanz0510workout|ziho0512workout,yushuan0513workout,yoru0511workout,yoru0511workout,one_arm_db_row,2,0,5.0,3.746914882792709,,,,5,4,5-6,3-4
M1_exercise_plus_rep_progress,ridge,5,haoyu0512workout|hsianshun0514workout|tsenyu0515workout|yanz0510workout|ziho0512workout,yushuan0513workout,yoru0511workout,yoru0511workout,one_arm_db_row,2,1,5.0,4.113276406138949,,,,5,4,5-6,3-4
M1_exercise_plus_rep_progress,ridge,5,haoyu0512workout|hsianshun0514workout|tsenyu0515workout|yanz0510workout|ziho0512workout,yushuan0513workout,yoru0511workout,yoru0511workout,one_arm_db_row,2,2,5.0,4.479637929485189,,,,5,4,5-6,3-4
M1_exercise_plus_rep_progress,ridge,5,haoyu0512workout|hsianshun0514workout|tsenyu0515workout|yanz0510workout|ziho0512workout,yushuan0513workout,yoru0511workout,yoru0511workout,one_arm_db_row,2,3,5.0,4.845999452831429,,,,5,5,5-6,5-6
M1_exercise_plus_rep_progress,ridge,5,haoyu0512workout|hsianshun0514workout|tsenyu0515workout|yanz0510workout|ziho0512workout,yushuan0513workout,yoru0511workout,yoru0511workout,one_arm_db_row,2,4,5.0,5.212360976177669,,,,5,5,5-6,5-6
M1_exercise_plus_rep_progress,ridge,5,haoyu0512workout|hsianshun0514workout|tsenyu0515workout|yanz0510workout|ziho0512workout,yushuan0513workout,yoru0511workout,yoru0511workout,one_arm_db_row,2,5,5.0,5.578722499523909,,,,5,6,5-6,5-6
M1_exercise_plus_rep_progress,ridge,5,haoyu0512workout|hsianshun0514workout|tsenyu0515workout|yanz0510workout|ziho0512workout,yushuan0513workout,yoru0511workout,yoru0511workout,one_arm_db_row,2,6,6.0,5.94508402287015,,,,6,6,5-6,5-6
M1_exercise_plus_rep_progress,ridge,5,haoyu0512workout|hsianshun0514workout|tsenyu0515workout|yanz0510workout|ziho0512workout,yushuan0513workout,yoru0511workout,yoru0511workout,one_arm_db_row,2,7,6.0,6.311445546216389,,,,6,6,5-6,5-6
M1_exercise_plus_rep_progress,ridge,5,haoyu0512workout|hsianshun0514workout|tsenyu0515workout|yanz0510workout|ziho0512workout,yushuan0513workout,yoru0511workout,yoru0511workout,one_arm_db_row,2,8,6.0,6.67780706956263,,,,6,7,5-6,7-8
M1_exercise_plus_rep_progress,ridge,5,haoyu0512workout|hsianshun0514workout|tsenyu0515workout|yanz0510workout|ziho0512workout,yushuan0513workout,yoru0511workout,yoru0511workout,one_arm_db_row,2,9,6.0,7.04416859290887,,,,6,7,5-6,7-8
M1_exercise_plus_rep_progress,ridge,5,haoyu0512workout|hsianshun0514workout|tsenyu0515workout|yanz0510workout|ziho0512workout,yushuan0513workout,yoru0511workout,yoru0511workout,one_arm_db_row,2,10,6.0,7.410530116255111,,,,6,7,5-6,7-8
M1_exercise_plus_rep_progress,ridge,5,haoyu0512workout|hsianshun0514workout|tsenyu0515workout|yanz0510workout|ziho0512workout,yushuan0513workout,yoru0511workout,yoru0511workout,one_arm_db_row,2,11,7.0,7.7768916396013505,,,,7,8,7-8,7-8
M1_exercise_plus_rep_progress,ridge,5,haoyu0512workout|hsianshun0514workout|tsenyu0515workout|yanz0510workout|ziho0512workout,yushuan0513workout,yoru0511workout,yoru0511workout,one_arm_db_row,3,0,7.0,3.746914882792709,,,,7,4,7-8,3-4
M1_exercise_plus_rep_progress,ridge,5,haoyu0512workout|hsianshun0514workout|tsenyu0515workout|yanz0510workout|ziho0512workout,yushuan0513workout,yoru0511workout,yoru0511workout,one_arm_db_row,3,1,7.0,4.113276406138949,,,,7,4,7-8,3-4
M1_exercise_plus_rep_progress,ridge,5,haoyu0512workout|hsianshun0514workout|tsenyu0515workout|yanz0510workout|ziho0512workout,yushuan0513workout,yoru0511workout,yoru0511workout,one_arm_db_row,3,2,7.0,4.479637929485189,,,,7,4,7-8,3-4
M1_exercise_plus_rep_progress,ridge,5,haoyu0512workout|hsianshun0514workout|tsenyu0515workout|yanz0510workout|ziho0512workout,yushuan0513workout,yoru0511workout,yoru0511workout,one_arm_db_row,3,3,7.0,4.845999452831429,,,,7,5,7-8,5-6
M1_exercise_plus_rep_progress,ridge,5,haoyu0512workout|hsianshun0514workout|tsenyu0515workout|yanz0510workout|ziho0512workout,yushuan0513workout,yoru0511workout,yoru0511workout,one_arm_db_row,3,4,7.0,5.212360976177669,,,,7,5,7-8,5-6
M1_exercise_plus_rep_progress,ridge,5,haoyu0512workout|hsianshun0514workout|tsenyu0515workout|yanz0510workout|ziho0512workout,yushuan0513workout,yoru0511workout,yoru0511workout,one_arm_db_row,3,5,7.0,5.578722499523909,,,,7,6,7-8,5-6
M1_exercise_plus_rep_progress,ridge,5,haoyu0512workout|hsianshun0514workout|tsenyu0515workout|yanz0510workout|ziho0512workout,yushuan0513workout,yoru0511workout,yoru0511workout,one_arm_db_row,3,6,7.0,5.94508402287015,,,,7,6,7-8,5-6
M1_exercise_plus_rep_progress,ridge,5,haoyu0512workout|hsianshun0514workout|tsenyu0515workout|yanz0510workout|ziho0512workout,yushuan0513workout,yoru0511workout,yoru0511workout,one_arm_db_row,3,7,7.0,6.311445546216389,,,,7,6,7-8,5-6
M1_exercise_plus_rep_progress,ridge,5,haoyu0512workout|hsianshun0514workout|tsenyu0515workout|yanz0510workout|ziho0512workout,yushuan0513workout,yoru0511workout,yoru0511workout,one_arm_db_row,3,8,8.0,6.67780706956263,,,,8,7,7-8,7-8
M1_exercise_plus_rep_progress,ridge,5,haoyu0512workout|hsianshun0514workout|tsenyu0515workout|yanz0510workout|ziho0512workout,yushuan0513workout,yoru0511workout,yoru0511workout,one_arm_db_row,3,9,8.0,7.04416859290887,,,,8,7,7-8,7-8
M1_exercise_plus_rep_progress,ridge,5,haoyu0512workout|hsianshun0514workout|tsenyu0515workout|yanz0510workout|ziho0512workout,yushuan0513workout,yoru0511workout,yoru0511workout,one_arm_db_row,3,10,8.0,7.410530116255111,,,,8,7,7-8,7-8
M1_exercise_plus_rep_progress,ridge,5,haoyu0512workout|hsianshun0514workout|tsenyu0515workout|yanz0510workout|ziho0512workout,yushuan0513workout,yoru0511workout,yoru0511workout,one_arm_db_row,3,11,8.0,7.7768916396013505,,,,8,8,7-8,7-8
M1_exercise_plus_rep_progress,ridge,6,haoyu0512workout|hsianshun0514workout|tsenyu0515workout|yanz0510workout|yoru0511workout,ziho0512workout,yushuan0513workout,yushuan0513workout,db_bench_press,0,0,1.0,2.806319727622459,,,,1,3,1-2,3-4
M1_exercise_plus_rep_progress,ridge,6,haoyu0512workout|hsianshun0514workout|tsenyu0515workout|yanz0510workout|yoru0511workout,ziho0512workout,yushuan0513workout,yushuan0513workout,db_bench_press,0,1,1.0,3.1469091534874485,,,,1,3,1-2,3-4
M1_exercise_plus_rep_progress,ridge,6,haoyu0512workout|hsianshun0514workout|tsenyu0515workout|yanz0510workout|yoru0511workout,ziho0512workout,yushuan0513workout,yushuan0513workout,db_bench_press,0,2,3.0,3.4874985793524385,,,,3,3,3-4,3-4
M1_exercise_plus_rep_progress,ridge,6,haoyu0512workout|hsianshun0514workout|tsenyu0515workout|yanz0510workout|yoru0511workout,ziho0512workout,yushuan0513workout,yushuan0513workout,db_bench_press,0,3,3.0,3.828088005217429,,,,3,4,3-4,3-4
M1_exercise_plus_rep_progress,ridge,6,haoyu0512workout|hsianshun0514workout|tsenyu0515workout|yanz0510workout|yoru0511workout,ziho0512workout,yushuan0513workout,yushuan0513workout,db_bench_press,0,4,4.0,4.1686774310824175,,,,4,4,3-4,3-4
M1_exercise_plus_rep_progress,ridge,6,haoyu0512workout|hsianshun0514workout|tsenyu0515workout|yanz0510workout|yoru0511workout,ziho0512workout,yushuan0513workout,yushuan0513workout,db_bench_press,0,5,5.0,4.5092668569474075,,,,5,5,5-6,5-6
M1_exercise_plus_rep_progress,ridge,6,haoyu0512workout|hsianshun0514workout|tsenyu0515workout|yanz0510workout|yoru0511workout,ziho0512workout,yushuan0513workout,yushuan0513workout,db_bench_press,0,6,5.0,4.8498562828123974,,,,5,5,5-6,5-6
M1_exercise_plus_rep_progress,ridge,6,haoyu0512workout|hsianshun0514workout|tsenyu0515workout|yanz0510workout|yoru0511workout,ziho0512workout,yushuan0513workout,yushuan0513workout,db_bench_press,0,7,6.0,5.190445708677387,,,,6,5,5-6,5-6
M1_exercise_plus_rep_progress,ridge,6,haoyu0512workout|hsianshun0514workout|tsenyu0515workout|yanz0510workout|yoru0511workout,ziho0512workout,yushuan0513workout,yushuan0513workout,db_bench_press,0,8,7.0,5.5310351345423765,,,,7,6,7-8,5-6
M1_exercise_plus_rep_progress,ridge,6,haoyu0512workout|hsianshun0514workout|tsenyu0515workout|yanz0510workout|yoru0511workout,ziho0512workout,yushuan0513workout,yushuan0513workout,db_bench_press,0,9,8.0,5.8716245604073665,,,,8,6,7-8,5-6
M1_exercise_plus_rep_progress,ridge,6,haoyu0512workout|hsianshun0514workout|tsenyu0515workout|yanz0510workout|yoru0511workout,ziho0512workout,yushuan0513workout,yushuan0513workout,db_bench_press,0,10,8.0,6.212213986272356,,,,8,6,7-8,5-6
M1_exercise_plus_rep_progress,ridge,6,haoyu0512workout|hsianshun0514workout|tsenyu0515workout|yanz0510workout|yoru0511workout,ziho0512workout,yushuan0513workout,yushuan0513workout,db_bench_press,0,11,9.0,6.552803412137346,,,,9,7,9-10,7-8
M1_exercise_plus_rep_progress,ridge,6,haoyu0512workout|hsianshun0514workout|tsenyu0515workout|yanz0510workout|yoru0511workout,ziho0512workout,yushuan0513workout,yushuan0513workout,db_bench_press,1,0,5.0,2.806319727622459,,,,5,3,5-6,3-4
M1_exercise_plus_rep_progress,ridge,6,haoyu0512workout|hsianshun0514workout|tsenyu0515workout|yanz0510workout|yoru0511workout,ziho0512workout,yushuan0513workout,yushuan0513workout,db_bench_press,1,1,5.0,3.1469091534874485,,,,5,3,5-6,3-4
M1_exercise_plus_rep_progress,ridge,6,haoyu0512workout|hsianshun0514workout|tsenyu0515workout|yanz0510workout|yoru0511workout,ziho0512workout,yushuan0513workout,yushuan0513workout,db_bench_press,1,2,5.0,3.4874985793524385,,,,5,3,5-6,3-4
M1_exercise_plus_rep_progress,ridge,6,haoyu0512workout|hsianshun0514workout|tsenyu0515workout|yanz0510workout|yoru0511workout,ziho0512workout,yushuan0513workout,yushuan0513workout,db_bench_press,1,3,6.0,3.828088005217429,,,,6,4,5-6,3-4
M1_exercise_plus_rep_progress,ridge,6,haoyu0512workout|hsianshun0514workout|tsenyu0515workout|yanz0510workout|yoru0511workout,ziho0512workout,yushuan0513workout,yushuan0513workout,db_bench_press,1,4,6.0,4.1686774310824175,,,,6,4,5-6,3-4
M1_exercise_plus_rep_progress,ridge,6,haoyu0512workout|hsianshun0514workout|tsenyu0515workout|yanz0510workout|yoru0511workout,ziho0512workout,yushuan0513workout,yushuan0513workout,db_bench_press,1,5,6.0,4.5092668569474075,,,,6,5,5-6,5-6
M1_exercise_plus_rep_progress,ridge,6,haoyu0512workout|hsianshun0514workout|tsenyu0515workout|yanz0510workout|yoru0511workout,ziho0512workout,yushuan0513workout,yushuan0513workout,db_bench_press,1,6,7.0,4.8498562828123974,,,,7,5,7-8,5-6
M1_exercise_plus_rep_progress,ridge,6,haoyu0512workout|hsianshun0514workout|tsenyu0515workout|yanz0510workout|yoru0511workout,ziho0512workout,yushuan0513workout,yushuan0513workout,db_bench_press,1,7,7.0,5.190445708677387,,,,7,5,7-8,5-6
M1_exercise_plus_rep_progress,ridge,6,haoyu0512workout|hsianshun0514workout|tsenyu0515workout|yanz0510workout|yoru0511workout,ziho0512workout,yushuan0513workout,yushuan0513workout,db_bench_press,1,8,8.0,5.5310351345423765,,,,8,6,7-8,5-6
M1_exercise_plus_rep_progress,ridge,6,haoyu0512workout|hsianshun0514workout|tsenyu0515workout|yanz0510workout|yoru0511workout,ziho0512workout,yushuan0513workout,yushuan0513workout,db_bench_press,1,9,9.0,5.8716245604073665,,,,9,6,9-10,5-6
M1_exercise_plus_rep_progress,ridge,6,haoyu0512workout|hsianshun0514workout|tsenyu0515workout|yanz0510workout|yoru0511workout,ziho0512workout,yushuan0513workout,yushuan0513workout,db_bench_press,1,10,9.0,6.212213986272356,,,,9,6,9-10,5-6
M1_exercise_plus_rep_progress,ridge,6,haoyu0512workout|hsianshun0514workout|tsenyu0515workout|yanz0510workout|yoru0511workout,ziho0512workout,yushuan0513workout,yushuan0513workout,db_bench_press,1,11,10.0,6.552803412137346,,,,10,7,9-10,7-8
M1_exercise_plus_rep_progress,ridge,6,haoyu0512workout|hsianshun0514workout|tsenyu0515workout|yanz0510workout|yoru0511workout,ziho0512workout,yushuan0513workout,yushuan0513workout,db_bench_press,3,0,6.0,2.806319727622459,,,,6,3,5-6,3-4
M1_exercise_plus_rep_progress,ridge,6,haoyu0512workout|hsianshun0514workout|tsenyu0515workout|yanz0510workout|yoru0511workout,ziho0512workout,yushuan0513workout,yushuan0513workout,db_bench_press,3,1,6.0,3.341531682553157,,,,6,3,5-6,3-4
M1_exercise_plus_rep_progress,ridge,6,haoyu0512workout|hsianshun0514workout|tsenyu0515workout|yanz0510workout|yoru0511workout,ziho0512workout,yushuan0513workout,yushuan0513workout,db_bench_press,3,2,6.0,3.8767436374838553,,,,6,4,5-6,3-4
M1_exercise_plus_rep_progress,ridge,6,haoyu0512workout|hsianshun0514workout|tsenyu0515workout|yanz0510workout|yoru0511workout,ziho0512workout,yushuan0513workout,yushuan0513workout,db_bench_press,3,3,7.0,4.411955592414553,,,,7,4,7-8,3-4
M1_exercise_plus_rep_progress,ridge,6,haoyu0512workout|hsianshun0514workout|tsenyu0515workout|yanz0510workout|yoru0511workout,ziho0512workout,yushuan0513workout,yushuan0513workout,db_bench_press,3,4,8.0,4.947167547345251,,,,8,5,7-8,5-6
M1_exercise_plus_rep_progress,ridge,6,haoyu0512workout|hsianshun0514workout|tsenyu0515workout|yanz0510workout|yoru0511workout,ziho0512workout,yushuan0513workout,yushuan0513workout,db_bench_press,3,5,8.0,5.48237950227595,,,,8,5,7-8,5-6
M1_exercise_plus_rep_progress,ridge,6,haoyu0512workout|hsianshun0514workout|tsenyu0515workout|yanz0510workout|yoru0511workout,ziho0512workout,yushuan0513workout,yushuan0513workout,db_bench_press,3,6,9.0,6.017591457206648,,,,9,6,9-10,5-6
M1_exercise_plus_rep_progress,ridge,6,haoyu0512workout|hsianshun0514workout|tsenyu0515workout|yanz0510workout|yoru0511workout,ziho0512workout,yushuan0513workout,yushuan0513workout,db_bench_press,3,7,10.0,6.552803412137346,,,,10,7,9-10,7-8
M1_exercise_plus_rep_progress,ridge,6,haoyu0512workout|hsianshun0514workout|tsenyu0515workout|yanz0510workout|yoru0511workout,ziho0512workout,yushuan0513workout,yushuan0513workout,db_biceps_curl,0,0,1.0,4.247234593850225,,,,1,4,1-2,3-4
M1_exercise_plus_rep_progress,ridge,6,haoyu0512workout|hsianshun0514workout|tsenyu0515workout|yanz0510workout|yoru0511workout,ziho0512workout,yushuan0513workout,yushuan0513workout,db_biceps_curl,0,1,1.0,4.587824019715214,,,,1,5,1-2,5-6
M1_exercise_plus_rep_progress,ridge,6,haoyu0512workout|hsianshun0514workout|tsenyu0515workout|yanz0510workout|yoru0511workout,ziho0512workout,yushuan0513workout,yushuan0513workout,db_biceps_curl,0,2,1.0,4.928413445580204,,,,1,5,1-2,5-6
M1_exercise_plus_rep_progress,ridge,6,haoyu0512workout|hsianshun0514workout|tsenyu0515workout|yanz0510workout|yoru0511workout,ziho0512workout,yushuan0513workout,yushuan0513workout,db_biceps_curl,0,3,1.0,5.269002871445194,,,,1,5,1-2,5-6
M1_exercise_plus_rep_progress,ridge,6,haoyu0512workout|hsianshun0514workout|tsenyu0515workout|yanz0510workout|yoru0511workout,ziho0512workout,yushuan0513workout,yushuan0513workout,db_biceps_curl,0,4,3.0,5.609592297310183,,,,3,6,3-4,5-6
M1_exercise_plus_rep_progress,ridge,6,haoyu0512workout|hsianshun0514workout|tsenyu0515workout|yanz0510workout|yoru0511workout,ziho0512workout,yushuan0513workout,yushuan0513workout,db_biceps_curl,0,5,3.0,5.950181723175173,,,,3,6,3-4,5-6
M1_exercise_plus_rep_progress,ridge,6,haoyu0512workout|hsianshun0514workout|tsenyu0515workout|yanz0510workout|yoru0511workout,ziho0512workout,yushuan0513workout,yushuan0513workout,db_biceps_curl,0,6,4.0,6.290771149040163,,,,4,6,3-4,5-6
M1_exercise_plus_rep_progress,ridge,6,haoyu0512workout|hsianshun0514workout|tsenyu0515workout|yanz0510workout|yoru0511workout,ziho0512workout,yushuan0513workout,yushuan0513workout,db_biceps_curl,0,7,4.0,6.631360574905153,,,,4,7,3-4,7-8
M1_exercise_plus_rep_progress,ridge,6,haoyu0512workout|hsianshun0514workout|tsenyu0515workout|yanz0510workout|yoru0511workout,ziho0512workout,yushuan0513workout,yushuan0513workout,db_biceps_curl,0,8,6.0,6.971950000770143,,,,6,7,5-6,7-8
M1_exercise_plus_rep_progress,ridge,6,haoyu0512workout|hsianshun0514workout|tsenyu0515workout|yanz0510workout|yoru0511workout,ziho0512workout,yushuan0513workout,yushuan0513workout,db_biceps_curl,0,9,6.0,7.312539426635132,,,,6,7,5-6,7-8
M1_exercise_plus_rep_progress,ridge,6,haoyu0512workout|hsianshun0514workout|tsenyu0515workout|yanz0510workout|yoru0511workout,ziho0512workout,yushuan0513workout,yushuan0513workout,db_biceps_curl,0,10,7.0,7.653128852500122,,,,7,8,7-8,7-8
M1_exercise_plus_rep_progress,ridge,6,haoyu0512workout|hsianshun0514workout|tsenyu0515workout|yanz0510workout|yoru0511workout,ziho0512workout,yushuan0513workout,yushuan0513workout,db_biceps_curl,0,11,7.0,7.993718278365112,,,,7,8,7-8,7-8
M1_exercise_plus_rep_progress,ridge,6,haoyu0512workout|hsianshun0514workout|tsenyu0515workout|yanz0510workout|yoru0511workout,ziho0512workout,yushuan0513workout,yushuan0513workout,db_biceps_curl,1,0,5.0,4.247234593850225,,,,5,4,5-6,3-4
M1_exercise_plus_rep_progress,ridge,6,haoyu0512workout|hsianshun0514workout|tsenyu0515workout|yanz0510workout|yoru0511workout,ziho0512workout,yushuan0513workout,yushuan0513workout,db_biceps_curl,1,1,5.0,4.587824019715214,,,,5,5,5-6,5-6
M1_exercise_plus_rep_progress,ridge,6,haoyu0512workout|hsianshun0514workout|tsenyu0515workout|yanz0510workout|yoru0511workout,ziho0512workout,yushuan0513workout,yushuan0513workout,db_biceps_curl,1,2,5.0,4.928413445580204,,,,5,5,5-6,5-6
M1_exercise_plus_rep_progress,ridge,6,haoyu0512workout|hsianshun0514workout|tsenyu0515workout|yanz0510workout|yoru0511workout,ziho0512workout,yushuan0513workout,yushuan0513workout,db_biceps_curl,1,3,5.0,5.269002871445194,,,,5,5,5-6,5-6
M1_exercise_plus_rep_progress,ridge,6,haoyu0512workout|hsianshun0514workout|tsenyu0515workout|yanz0510workout|yoru0511workout,ziho0512workout,yushuan0513workout,yushuan0513workout,db_biceps_curl,1,4,5.0,5.609592297310183,,,,5,6,5-6,5-6
M1_exercise_plus_rep_progress,ridge,6,haoyu0512workout|hsianshun0514workout|tsenyu0515workout|yanz0510workout|yoru0511workout,ziho0512workout,yushuan0513workout,yushuan0513workout,db_biceps_curl,1,5,6.0,5.950181723175173,,,,6,6,5-6,5-6
M1_exercise_plus_rep_progress,ridge,6,haoyu0512workout|hsianshun0514workout|tsenyu0515workout|yanz0510workout|yoru0511workout,ziho0512workout,yushuan0513workout,yushuan0513workout,db_biceps_curl,1,6,6.0,6.290771149040163,,,,6,6,5-6,5-6
M1_exercise_plus_rep_progress,ridge,6,haoyu0512workout|hsianshun0514workout|tsenyu0515workout|yanz0510workout|yoru0511workout,ziho0512workout,yushuan0513workout,yushuan0513workout,db_biceps_curl,1,7,7.0,6.631360574905153,,,,7,7,7-8,7-8
M1_exercise_plus_rep_progress,ridge,6,haoyu0512workout|hsianshun0514workout|tsenyu0515workout|yanz0510workout|yoru0511workout,ziho0512workout,yushuan0513workout,yushuan0513workout,db_biceps_curl,1,8,8.0,6.971950000770143,,,,8,7,7-8,7-8
M1_exercise_plus_rep_progress,ridge,6,haoyu0512workout|hsianshun0514workout|tsenyu0515workout|yanz0510workout|yoru0511workout,ziho0512workout,yushuan0513workout,yushuan0513workout,db_biceps_curl,1,9,8.0,7.312539426635132,,,,8,7,7-8,7-8
M1_exercise_plus_rep_progress,ridge,6,haoyu0512workout|hsianshun0514workout|tsenyu0515workout|yanz0510workout|yoru0511workout,ziho0512workout,yushuan0513workout,yushuan0513workout,db_biceps_curl,1,10,8.0,7.653128852500122,,,,8,8,7-8,7-8
M1_exercise_plus_rep_progress,ridge,6,haoyu0512workout|hsianshun0514workout|tsenyu0515workout|yanz0510workout|yoru0511workout,ziho0512workout,yushuan0513workout,yushuan0513workout,db_biceps_curl,1,11,9.0,7.993718278365112,,,,9,8,9-10,7-8
M1_exercise_plus_rep_progress,ridge,6,haoyu0512workout|hsianshun0514workout|tsenyu0515workout|yanz0510workout|yoru0511workout,ziho0512workout,yushuan0513workout,yushuan0513workout,db_biceps_curl,2,0,6.0,4.247234593850225,,,,6,4,5-6,3-4
M1_exercise_plus_rep_progress,ridge,6,haoyu0512workout|hsianshun0514workout|tsenyu0515workout|yanz0510workout|yoru0511workout,ziho0512workout,yushuan0513workout,yushuan0513workout,db_biceps_curl,2,1,6.0,4.587824019715214,,,,6,5,5-6,5-6
M1_exercise_plus_rep_progress,ridge,6,haoyu0512workout|hsianshun0514workout|tsenyu0515workout|yanz0510workout|yoru0511workout,ziho0512workout,yushuan0513workout,yushuan0513workout,db_biceps_curl,2,2,6.0,4.928413445580204,,,,6,5,5-6,5-6
M1_exercise_plus_rep_progress,ridge,6,haoyu0512workout|hsianshun0514workout|tsenyu0515workout|yanz0510workout|yoru0511workout,ziho0512workout,yushuan0513workout,yushuan0513workout,db_biceps_curl,2,3,7.0,5.269002871445194,,,,7,5,7-8,5-6
M1_exercise_plus_rep_progress,ridge,6,haoyu0512workout|hsianshun0514workout|tsenyu0515workout|yanz0510workout|yoru0511workout,ziho0512workout,yushuan0513workout,yushuan0513workout,db_biceps_curl,2,4,7.0,5.609592297310183,,,,7,6,7-8,5-6
M1_exercise_plus_rep_progress,ridge,6,haoyu0512workout|hsianshun0514workout|tsenyu0515workout|yanz0510workout|yoru0511workout,ziho0512workout,yushuan0513workout,yushuan0513workout,db_biceps_curl,2,5,7.0,5.950181723175173,,,,7,6,7-8,5-6
M1_exercise_plus_rep_progress,ridge,6,haoyu0512workout|hsianshun0514workout|tsenyu0515workout|yanz0510workout|yoru0511workout,ziho0512workout,yushuan0513workout,yushuan0513workout,db_biceps_curl,2,6,8.0,6.290771149040163,,,,8,6,7-8,5-6
M1_exercise_plus_rep_progress,ridge,6,haoyu0512workout|hsianshun0514workout|tsenyu0515workout|yanz0510workout|yoru0511workout,ziho0512workout,yushuan0513workout,yushuan0513workout,db_biceps_curl,2,7,8.0,6.631360574905153,,,,8,7,7-8,7-8
M1_exercise_plus_rep_progress,ridge,6,haoyu0512workout|hsianshun0514workout|tsenyu0515workout|yanz0510workout|yoru0511workout,ziho0512workout,yushuan0513workout,yushuan0513workout,db_biceps_curl,2,8,9.0,6.971950000770143,,,,9,7,9-10,7-8
M1_exercise_plus_rep_progress,ridge,6,haoyu0512workout|hsianshun0514workout|tsenyu0515workout|yanz0510workout|yoru0511workout,ziho0512workout,yushuan0513workout,yushuan0513workout,db_biceps_curl,2,9,9.0,7.312539426635132,,,,9,7,9-10,7-8
M1_exercise_plus_rep_progress,ridge,6,haoyu0512workout|hsianshun0514workout|tsenyu0515workout|yanz0510workout|yoru0511workout,ziho0512workout,yushuan0513workout,yushuan0513workout,db_biceps_curl,2,10,9.0,7.653128852500122,,,,9,8,9-10,7-8
M1_exercise_plus_rep_progress,ridge,6,haoyu0512workout|hsianshun0514workout|tsenyu0515workout|yanz0510workout|yoru0511workout,ziho0512workout,yushuan0513workout,yushuan0513workout,db_biceps_curl,2,11,10.0,7.993718278365112,,,,10,8,9-10,7-8
M1_exercise_plus_rep_progress,ridge,6,haoyu0512workout|hsianshun0514workout|tsenyu0515workout|yanz0510workout|yoru0511workout,ziho0512workout,yushuan0513workout,yushuan0513workout,db_rdl,0,0,1.0,3.373884614957044,,,,1,3,1-2,3-4
M1_exercise_plus_rep_progress,ridge,6,haoyu0512workout|hsianshun0514workout|tsenyu0515workout|yanz0510workout|yoru0511workout,ziho0512workout,yushuan0513workout,yushuan0513workout,db_rdl,0,1,1.0,3.714474040822034,,,,1,4,1-2,3-4
M1_exercise_plus_rep_progress,ridge,6,haoyu0512workout|hsianshun0514workout|tsenyu0515workout|yanz0510workout|yoru0511workout,ziho0512workout,yushuan0513workout,yushuan0513workout,db_rdl,0,2,1.0,4.055063466687023,,,,1,4,1-2,3-4
M1_exercise_plus_rep_progress,ridge,6,haoyu0512workout|hsianshun0514workout|tsenyu0515workout|yanz0510workout|yoru0511workout,ziho0512workout,yushuan0513workout,yushuan0513workout,db_rdl,0,3,3.0,4.395652892552013,,,,3,4,3-4,3-4
M1_exercise_plus_rep_progress,ridge,6,haoyu0512workout|hsianshun0514workout|tsenyu0515workout|yanz0510workout|yoru0511workout,ziho0512workout,yushuan0513workout,yushuan0513workout,db_rdl,0,4,3.0,4.736242318417002,,,,3,5,3-4,5-6
M1_exercise_plus_rep_progress,ridge,6,haoyu0512workout|hsianshun0514workout|tsenyu0515workout|yanz0510workout|yoru0511workout,ziho0512workout,yushuan0513workout,yushuan0513workout,db_rdl,0,5,4.0,5.076831744281992,,,,4,5,3-4,5-6
M1_exercise_plus_rep_progress,ridge,6,haoyu0512workout|hsianshun0514workout|tsenyu0515workout|yanz0510workout|yoru0511workout,ziho0512workout,yushuan0513workout,yushuan0513workout,db_rdl,0,6,4.0,5.417421170146982,,,,4,5,3-4,5-6
M1_exercise_plus_rep_progress,ridge,6,haoyu0512workout|hsianshun0514workout|tsenyu0515workout|yanz0510workout|yoru0511workout,ziho0512workout,yushuan0513workout,yushuan0513workout,db_rdl,0,7,5.0,5.758010596011972,,,,5,6,5-6,5-6
M1_exercise_plus_rep_progress,ridge,6,haoyu0512workout|hsianshun0514workout|tsenyu0515workout|yanz0510workout|yoru0511workout,ziho0512workout,yushuan0513workout,yushuan0513workout,db_rdl,0,8,5.0,6.098600021876962,,,,5,6,5-6,5-6
M1_exercise_plus_rep_progress,ridge,6,haoyu0512workout|hsianshun0514workout|tsenyu0515workout|yanz0510workout|yoru0511workout,ziho0512workout,yushuan0513workout,yushuan0513workout,db_rdl,0,9,5.0,6.439189447741952,,,,5,6,5-6,5-6
M1_exercise_plus_rep_progress,ridge,6,haoyu0512workout|hsianshun0514workout|tsenyu0515workout|yanz0510workout|yoru0511workout,ziho0512workout,yushuan0513workout,yushuan0513workout,db_rdl,0,10,6.0,6.779778873606942,,,,6,7,5-6,7-8
M1_exercise_plus_rep_progress,ridge,6,haoyu0512workout|hsianshun0514workout|tsenyu0515workout|yanz0510workout|yoru0511workout,ziho0512workout,yushuan0513workout,yushuan0513workout,db_rdl,0,11,6.0,7.120368299471931,,,,6,7,5-6,7-8
M1_exercise_plus_rep_progress,ridge,6,haoyu0512workout|hsianshun0514workout|tsenyu0515workout|yanz0510workout|yoru0511workout,ziho0512workout,yushuan0513workout,yushuan0513workout,db_rdl,1,0,4.0,3.373884614957044,,,,4,3,3-4,3-4
M1_exercise_plus_rep_progress,ridge,6,haoyu0512workout|hsianshun0514workout|tsenyu0515workout|yanz0510workout|yoru0511workout,ziho0512workout,yushuan0513workout,yushuan0513workout,db_rdl,1,1,4.0,3.714474040822034,,,,4,4,3-4,3-4
M1_exercise_plus_rep_progress,ridge,6,haoyu0512workout|hsianshun0514workout|tsenyu0515workout|yanz0510workout|yoru0511workout,ziho0512workout,yushuan0513workout,yushuan0513workout,db_rdl,1,2,4.0,4.055063466687023,,,,4,4,3-4,3-4
M1_exercise_plus_rep_progress,ridge,6,haoyu0512workout|hsianshun0514workout|tsenyu0515workout|yanz0510workout|yoru0511workout,ziho0512workout,yushuan0513workout,yushuan0513workout,db_rdl,1,3,5.0,4.395652892552013,,,,5,4,5-6,3-4
M1_exercise_plus_rep_progress,ridge,6,haoyu0512workout|hsianshun0514workout|tsenyu0515workout|yanz0510workout|yoru0511workout,ziho0512workout,yushuan0513workout,yushuan0513workout,db_rdl,1,4,5.0,4.736242318417002,,,,5,5,5-6,5-6
M1_exercise_plus_rep_progress,ridge,6,haoyu0512workout|hsianshun0514workout|tsenyu0515workout|yanz0510workout|yoru0511workout,ziho0512workout,yushuan0513workout,yushuan0513workout,db_rdl,1,5,6.0,5.076831744281992,,,,6,5,5-6,5-6
M1_exercise_plus_rep_progress,ridge,6,haoyu0512workout|hsianshun0514workout|tsenyu0515workout|yanz0510workout|yoru0511workout,ziho0512workout,yushuan0513workout,yushuan0513workout,db_rdl,1,6,6.0,5.417421170146982,,,,6,5,5-6,5-6
M1_exercise_plus_rep_progress,ridge,6,haoyu0512workout|hsianshun0514workout|tsenyu0515workout|yanz0510workout|yoru0511workout,ziho0512workout,yushuan0513workout,yushuan0513workout,db_rdl,1,7,6.0,5.758010596011972,,,,6,6,5-6,5-6
M1_exercise_plus_rep_progress,ridge,6,haoyu0512workout|hsianshun0514workout|tsenyu0515workout|yanz0510workout|yoru0511workout,ziho0512workout,yushuan0513workout,yushuan0513workout,db_rdl,1,8,6.0,6.098600021876962,,,,6,6,5-6,5-6
M1_exercise_plus_rep_progress,ridge,6,haoyu0512workout|hsianshun0514workout|tsenyu0515workout|yanz0510workout|yoru0511workout,ziho0512workout,yushuan0513workout,yushuan0513workout,db_rdl,1,9,7.0,6.439189447741952,,,,7,6,7-8,5-6
M1_exercise_plus_rep_progress,ridge,6,haoyu0512workout|hsianshun0514workout|tsenyu0515workout|yanz0510workout|yoru0511workout,ziho0512workout,yushuan0513workout,yushuan0513workout,db_rdl,1,10,7.0,6.779778873606942,,,,7,7,7-8,7-8
M1_exercise_plus_rep_progress,ridge,6,haoyu0512workout|hsianshun0514workout|tsenyu0515workout|yanz0510workout|yoru0511workout,ziho0512workout,yushuan0513workout,yushuan0513workout,db_rdl,1,11,8.0,7.120368299471931,,,,8,7,7-8,7-8
M1_exercise_plus_rep_progress,ridge,6,haoyu0512workout|hsianshun0514workout|tsenyu0515workout|yanz0510workout|yoru0511workout,ziho0512workout,yushuan0513workout,yushuan0513workout,db_rdl,2,0,4.0,3.373884614957044,,,,4,3,3-4,3-4
M1_exercise_plus_rep_progress,ridge,6,haoyu0512workout|hsianshun0514workout|tsenyu0515workout|yanz0510workout|yoru0511workout,ziho0512workout,yushuan0513workout,yushuan0513workout,db_rdl,2,1,4.0,3.714474040822034,,,,4,4,3-4,3-4
M1_exercise_plus_rep_progress,ridge,6,haoyu0512workout|hsianshun0514workout|tsenyu0515workout|yanz0510workout|yoru0511workout,ziho0512workout,yushuan0513workout,yushuan0513workout,db_rdl,2,2,4.0,4.055063466687023,,,,4,4,3-4,3-4
M1_exercise_plus_rep_progress,ridge,6,haoyu0512workout|hsianshun0514workout|tsenyu0515workout|yanz0510workout|yoru0511workout,ziho0512workout,yushuan0513workout,yushuan0513workout,db_rdl,2,3,5.0,4.395652892552013,,,,5,4,5-6,3-4
M1_exercise_plus_rep_progress,ridge,6,haoyu0512workout|hsianshun0514workout|tsenyu0515workout|yanz0510workout|yoru0511workout,ziho0512workout,yushuan0513workout,yushuan0513workout,db_rdl,2,4,5.0,4.736242318417002,,,,5,5,5-6,5-6
M1_exercise_plus_rep_progress,ridge,6,haoyu0512workout|hsianshun0514workout|tsenyu0515workout|yanz0510workout|yoru0511workout,ziho0512workout,yushuan0513workout,yushuan0513workout,db_rdl,2,5,5.0,5.076831744281992,,,,5,5,5-6,5-6
M1_exercise_plus_rep_progress,ridge,6,haoyu0512workout|hsianshun0514workout|tsenyu0515workout|yanz0510workout|yoru0511workout,ziho0512workout,yushuan0513workout,yushuan0513workout,db_rdl,2,6,6.0,5.417421170146982,,,,6,5,5-6,5-6
M1_exercise_plus_rep_progress,ridge,6,haoyu0512workout|hsianshun0514workout|tsenyu0515workout|yanz0510workout|yoru0511workout,ziho0512workout,yushuan0513workout,yushuan0513workout,db_rdl,2,7,6.0,5.758010596011972,,,,6,6,5-6,5-6
M1_exercise_plus_rep_progress,ridge,6,haoyu0512workout|hsianshun0514workout|tsenyu0515workout|yanz0510workout|yoru0511workout,ziho0512workout,yushuan0513workout,yushuan0513workout,db_rdl,2,8,7.0,6.098600021876962,,,,7,6,7-8,5-6
M1_exercise_plus_rep_progress,ridge,6,haoyu0512workout|hsianshun0514workout|tsenyu0515workout|yanz0510workout|yoru0511workout,ziho0512workout,yushuan0513workout,yushuan0513workout,db_rdl,2,9,7.0,6.439189447741952,,,,7,6,7-8,5-6
M1_exercise_plus_rep_progress,ridge,6,haoyu0512workout|hsianshun0514workout|tsenyu0515workout|yanz0510workout|yoru0511workout,ziho0512workout,yushuan0513workout,yushuan0513workout,db_rdl,2,10,8.0,6.779778873606942,,,,8,7,7-8,7-8
M1_exercise_plus_rep_progress,ridge,6,haoyu0512workout|hsianshun0514workout|tsenyu0515workout|yanz0510workout|yoru0511workout,ziho0512workout,yushuan0513workout,yushuan0513workout,db_rdl,2,11,8.0,7.120368299471931,,,,8,7,7-8,7-8
M1_exercise_plus_rep_progress,ridge,6,haoyu0512workout|hsianshun0514workout|tsenyu0515workout|yanz0510workout|yoru0511workout,ziho0512workout,yushuan0513workout,yushuan0513workout,db_shoulder_press,0,0,1.0,3.9898495350147174,,,,1,4,1-2,3-4
M1_exercise_plus_rep_progress,ridge,6,haoyu0512workout|hsianshun0514workout|tsenyu0515workout|yanz0510workout|yoru0511workout,ziho0512workout,yushuan0513workout,yushuan0513workout,db_shoulder_press,0,1,1.0,4.330438960879707,,,,1,4,1-2,3-4
M1_exercise_plus_rep_progress,ridge,6,haoyu0512workout|hsianshun0514workout|tsenyu0515workout|yanz0510workout|yoru0511workout,ziho0512workout,yushuan0513workout,yushuan0513workout,db_shoulder_press,0,2,3.0,4.671028386744696,,,,3,5,3-4,5-6
M1_exercise_plus_rep_progress,ridge,6,haoyu0512workout|hsianshun0514workout|tsenyu0515workout|yanz0510workout|yoru0511workout,ziho0512workout,yushuan0513workout,yushuan0513workout,db_shoulder_press,0,3,3.0,5.011617812609686,,,,3,5,3-4,5-6
M1_exercise_plus_rep_progress,ridge,6,haoyu0512workout|hsianshun0514workout|tsenyu0515workout|yanz0510workout|yoru0511workout,ziho0512workout,yushuan0513workout,yushuan0513workout,db_shoulder_press,0,4,3.0,5.352207238474676,,,,3,5,3-4,5-6
M1_exercise_plus_rep_progress,ridge,6,haoyu0512workout|hsianshun0514workout|tsenyu0515workout|yanz0510workout|yoru0511workout,ziho0512workout,yushuan0513workout,yushuan0513workout,db_shoulder_press,0,5,5.0,5.692796664339666,,,,5,6,5-6,5-6
M1_exercise_plus_rep_progress,ridge,6,haoyu0512workout|hsianshun0514workout|tsenyu0515workout|yanz0510workout|yoru0511workout,ziho0512workout,yushuan0513workout,yushuan0513workout,db_shoulder_press,0,6,5.0,6.033386090204656,,,,5,6,5-6,5-6
M1_exercise_plus_rep_progress,ridge,6,haoyu0512workout|hsianshun0514workout|tsenyu0515workout|yanz0510workout|yoru0511workout,ziho0512workout,yushuan0513workout,yushuan0513workout,db_shoulder_press,0,7,6.0,6.373975516069645,,,,6,6,5-6,5-6
M1_exercise_plus_rep_progress,ridge,6,haoyu0512workout|hsianshun0514workout|tsenyu0515workout|yanz0510workout|yoru0511workout,ziho0512workout,yushuan0513workout,yushuan0513workout,db_shoulder_press,0,8,7.0,6.714564941934635,,,,7,7,7-8,7-8
M1_exercise_plus_rep_progress,ridge,6,haoyu0512workout|hsianshun0514workout|tsenyu0515workout|yanz0510workout|yoru0511workout,ziho0512workout,yushuan0513workout,yushuan0513workout,db_shoulder_press,0,9,7.0,7.055154367799625,,,,7,7,7-8,7-8
M1_exercise_plus_rep_progress,ridge,6,haoyu0512workout|hsianshun0514workout|tsenyu0515workout|yanz0510workout|yoru0511workout,ziho0512workout,yushuan0513workout,yushuan0513workout,db_shoulder_press,0,10,8.0,7.395743793664615,,,,8,7,7-8,7-8
M1_exercise_plus_rep_progress,ridge,6,haoyu0512workout|hsianshun0514workout|tsenyu0515workout|yanz0510workout|yoru0511workout,ziho0512workout,yushuan0513workout,yushuan0513workout,db_shoulder_press,0,11,8.0,7.736333219529604,,,,8,8,7-8,7-8
M1_exercise_plus_rep_progress,ridge,6,haoyu0512workout|hsianshun0514workout|tsenyu0515workout|yanz0510workout|yoru0511workout,ziho0512workout,yushuan0513workout,yushuan0513workout,db_shoulder_press,1,0,4.0,3.9898495350147174,,,,4,4,3-4,3-4
M1_exercise_plus_rep_progress,ridge,6,haoyu0512workout|hsianshun0514workout|tsenyu0515workout|yanz0510workout|yoru0511workout,ziho0512workout,yushuan0513workout,yushuan0513workout,db_shoulder_press,1,1,4.0,4.330438960879707,,,,4,4,3-4,3-4
M1_exercise_plus_rep_progress,ridge,6,haoyu0512workout|hsianshun0514workout|tsenyu0515workout|yanz0510workout|yoru0511workout,ziho0512workout,yushuan0513workout,yushuan0513workout,db_shoulder_press,1,2,5.0,4.671028386744696,,,,5,5,5-6,5-6
M1_exercise_plus_rep_progress,ridge,6,haoyu0512workout|hsianshun0514workout|tsenyu0515workout|yanz0510workout|yoru0511workout,ziho0512workout,yushuan0513workout,yushuan0513workout,db_shoulder_press,1,3,5.0,5.011617812609686,,,,5,5,5-6,5-6
M1_exercise_plus_rep_progress,ridge,6,haoyu0512workout|hsianshun0514workout|tsenyu0515workout|yanz0510workout|yoru0511workout,ziho0512workout,yushuan0513workout,yushuan0513workout,db_shoulder_press,1,4,6.0,5.352207238474676,,,,6,5,5-6,5-6
M1_exercise_plus_rep_progress,ridge,6,haoyu0512workout|hsianshun0514workout|tsenyu0515workout|yanz0510workout|yoru0511workout,ziho0512workout,yushuan0513workout,yushuan0513workout,db_shoulder_press,1,5,6.0,5.692796664339666,,,,6,6,5-6,5-6
M1_exercise_plus_rep_progress,ridge,6,haoyu0512workout|hsianshun0514workout|tsenyu0515workout|yanz0510workout|yoru0511workout,ziho0512workout,yushuan0513workout,yushuan0513workout,db_shoulder_press,1,6,6.0,6.033386090204656,,,,6,6,5-6,5-6
M1_exercise_plus_rep_progress,ridge,6,haoyu0512workout|hsianshun0514workout|tsenyu0515workout|yanz0510workout|yoru0511workout,ziho0512workout,yushuan0513workout,yushuan0513workout,db_shoulder_press,1,7,6.0,6.373975516069645,,,,6,6,5-6,5-6
M1_exercise_plus_rep_progress,ridge,6,haoyu0512workout|hsianshun0514workout|tsenyu0515workout|yanz0510workout|yoru0511workout,ziho0512workout,yushuan0513workout,yushuan0513workout,db_shoulder_press,1,8,7.0,6.714564941934635,,,,7,7,7-8,7-8
M1_exercise_plus_rep_progress,ridge,6,haoyu0512workout|hsianshun0514workout|tsenyu0515workout|yanz0510workout|yoru0511workout,ziho0512workout,yushuan0513workout,yushuan0513workout,db_shoulder_press,1,9,9.0,7.055154367799625,,,,9,7,9-10,7-8
M1_exercise_plus_rep_progress,ridge,6,haoyu0512workout|hsianshun0514workout|tsenyu0515workout|yanz0510workout|yoru0511workout,ziho0512workout,yushuan0513workout,yushuan0513workout,db_shoulder_press,1,10,9.0,7.395743793664615,,,,9,7,9-10,7-8
M1_exercise_plus_rep_progress,ridge,6,haoyu0512workout|hsianshun0514workout|tsenyu0515workout|yanz0510workout|yoru0511workout,ziho0512workout,yushuan0513workout,yushuan0513workout,db_shoulder_press,1,11,9.0,7.736333219529604,,,,9,8,9-10,7-8
M1_exercise_plus_rep_progress,ridge,6,haoyu0512workout|hsianshun0514workout|tsenyu0515workout|yanz0510workout|yoru0511workout,ziho0512workout,yushuan0513workout,yushuan0513workout,db_shoulder_press,2,0,5.0,3.9898495350147174,,,,5,4,5-6,3-4
M1_exercise_plus_rep_progress,ridge,6,haoyu0512workout|hsianshun0514workout|tsenyu0515workout|yanz0510workout|yoru0511workout,ziho0512workout,yushuan0513workout,yushuan0513workout,db_shoulder_press,2,1,5.0,4.458159995579078,,,,5,4,5-6,3-4
M1_exercise_plus_rep_progress,ridge,6,haoyu0512workout|hsianshun0514workout|tsenyu0515workout|yanz0510workout|yoru0511workout,ziho0512workout,yushuan0513workout,yushuan0513workout,db_shoulder_press,2,2,5.0,4.92647045614344,,,,5,5,5-6,5-6
M1_exercise_plus_rep_progress,ridge,6,haoyu0512workout|hsianshun0514workout|tsenyu0515workout|yanz0510workout|yoru0511workout,ziho0512workout,yushuan0513workout,yushuan0513workout,db_shoulder_press,2,3,6.0,5.3947809167078,,,,6,5,5-6,5-6
M1_exercise_plus_rep_progress,ridge,6,haoyu0512workout|hsianshun0514workout|tsenyu0515workout|yanz0510workout|yoru0511workout,ziho0512workout,yushuan0513workout,yushuan0513workout,db_shoulder_press,2,4,6.0,5.863091377272161,,,,6,6,5-6,5-6
M1_exercise_plus_rep_progress,ridge,6,haoyu0512workout|hsianshun0514workout|tsenyu0515workout|yanz0510workout|yoru0511workout,ziho0512workout,yushuan0513workout,yushuan0513workout,db_shoulder_press,2,5,7.0,6.3314018378365216,,,,7,6,7-8,5-6
M1_exercise_plus_rep_progress,ridge,6,haoyu0512workout|hsianshun0514workout|tsenyu0515workout|yanz0510workout|yoru0511workout,ziho0512workout,yushuan0513workout,yushuan0513workout,db_shoulder_press,2,6,7.0,6.799712298400883,,,,7,7,7-8,7-8
M1_exercise_plus_rep_progress,ridge,6,haoyu0512workout|hsianshun0514workout|tsenyu0515workout|yanz0510workout|yoru0511workout,ziho0512workout,yushuan0513workout,yushuan0513workout,db_shoulder_press,2,7,9.0,7.268022758965245,,,,9,7,9-10,7-8
M1_exercise_plus_rep_progress,ridge,6,haoyu0512workout|hsianshun0514workout|tsenyu0515workout|yanz0510workout|yoru0511workout,ziho0512workout,yushuan0513workout,yushuan0513workout,db_shoulder_press,2,8,10.0,7.736333219529604,,,,10,8,9-10,7-8
M1_exercise_plus_rep_progress,ridge,6,haoyu0512workout|hsianshun0514workout|tsenyu0515workout|yanz0510workout|yoru0511workout,ziho0512workout,yushuan0513workout,yushuan0513workout,db_squat,0,0,1.0,2.82120607106015,,,,1,3,1-2,3-4
M1_exercise_plus_rep_progress,ridge,6,haoyu0512workout|hsianshun0514workout|tsenyu0515workout|yanz0510workout|yoru0511workout,ziho0512workout,yushuan0513workout,yushuan0513workout,db_squat,0,1,1.0,3.16179549692514,,,,1,3,1-2,3-4
M1_exercise_plus_rep_progress,ridge,6,haoyu0512workout|hsianshun0514workout|tsenyu0515workout|yanz0510workout|yoru0511workout,ziho0512workout,yushuan0513workout,yushuan0513workout,db_squat,0,2,1.0,3.50238492279013,,,,1,4,1-2,3-4
M1_exercise_plus_rep_progress,ridge,6,haoyu0512workout|hsianshun0514workout|tsenyu0515workout|yanz0510workout|yoru0511workout,ziho0512workout,yushuan0513workout,yushuan0513workout,db_squat,0,3,3.0,3.8429743486551193,,,,3,4,3-4,3-4
M1_exercise_plus_rep_progress,ridge,6,haoyu0512workout|hsianshun0514workout|tsenyu0515workout|yanz0510workout|yoru0511workout,ziho0512workout,yushuan0513workout,yushuan0513workout,db_squat,0,4,3.0,4.183563774520109,,,,3,4,3-4,3-4
M1_exercise_plus_rep_progress,ridge,6,haoyu0512workout|hsianshun0514workout|tsenyu0515workout|yanz0510workout|yoru0511workout,ziho0512workout,yushuan0513workout,yushuan0513workout,db_squat,0,5,4.0,4.524153200385099,,,,4,5,3-4,5-6
M1_exercise_plus_rep_progress,ridge,6,haoyu0512workout|hsianshun0514workout|tsenyu0515workout|yanz0510workout|yoru0511workout,ziho0512workout,yushuan0513workout,yushuan0513workout,db_squat,0,6,4.0,4.864742626250088,,,,4,5,3-4,5-6
M1_exercise_plus_rep_progress,ridge,6,haoyu0512workout|hsianshun0514workout|tsenyu0515workout|yanz0510workout|yoru0511workout,ziho0512workout,yushuan0513workout,yushuan0513workout,db_squat,0,7,4.0,5.205332052115078,,,,4,5,3-4,5-6
M1_exercise_plus_rep_progress,ridge,6,haoyu0512workout|hsianshun0514workout|tsenyu0515workout|yanz0510workout|yoru0511workout,ziho0512workout,yushuan0513workout,yushuan0513workout,db_squat,0,8,5.0,5.545921477980068,,,,5,6,5-6,5-6
M1_exercise_plus_rep_progress,ridge,6,haoyu0512workout|hsianshun0514workout|tsenyu0515workout|yanz0510workout|yoru0511workout,ziho0512workout,yushuan0513workout,yushuan0513workout,db_squat,0,9,5.0,5.886510903845058,,,,5,6,5-6,5-6
M1_exercise_plus_rep_progress,ridge,6,haoyu0512workout|hsianshun0514workout|tsenyu0515workout|yanz0510workout|yoru0511workout,ziho0512workout,yushuan0513workout,yushuan0513workout,db_squat,0,10,5.0,6.227100329710048,,,,5,6,5-6,5-6
M1_exercise_plus_rep_progress,ridge,6,haoyu0512workout|hsianshun0514workout|tsenyu0515workout|yanz0510workout|yoru0511workout,ziho0512workout,yushuan0513workout,yushuan0513workout,db_squat,0,11,6.0,6.567689755575037,,,,6,7,5-6,7-8
M1_exercise_plus_rep_progress,ridge,6,haoyu0512workout|hsianshun0514workout|tsenyu0515workout|yanz0510workout|yoru0511workout,ziho0512workout,yushuan0513workout,yushuan0513workout,db_squat,1,0,5.0,2.82120607106015,,,,5,3,5-6,3-4
M1_exercise_plus_rep_progress,ridge,6,haoyu0512workout|hsianshun0514workout|tsenyu0515workout|yanz0510workout|yoru0511workout,ziho0512workout,yushuan0513workout,yushuan0513workout,db_squat,1,1,5.0,3.16179549692514,,,,5,3,5-6,3-4
M1_exercise_plus_rep_progress,ridge,6,haoyu0512workout|hsianshun0514workout|tsenyu0515workout|yanz0510workout|yoru0511workout,ziho0512workout,yushuan0513workout,yushuan0513workout,db_squat,1,2,5.0,3.50238492279013,,,,5,4,5-6,3-4
M1_exercise_plus_rep_progress,ridge,6,haoyu0512workout|hsianshun0514workout|tsenyu0515workout|yanz0510workout|yoru0511workout,ziho0512workout,yushuan0513workout,yushuan0513workout,db_squat,1,3,6.0,3.8429743486551193,,,,6,4,5-6,3-4
M1_exercise_plus_rep_progress,ridge,6,haoyu0512workout|hsianshun0514workout|tsenyu0515workout|yanz0510workout|yoru0511workout,ziho0512workout,yushuan0513workout,yushuan0513workout,db_squat,1,4,6.0,4.183563774520109,,,,6,4,5-6,3-4
M1_exercise_plus_rep_progress,ridge,6,haoyu0512workout|hsianshun0514workout|tsenyu0515workout|yanz0510workout|yoru0511workout,ziho0512workout,yushuan0513workout,yushuan0513workout,db_squat,1,5,6.0,4.524153200385099,,,,6,5,5-6,5-6
M1_exercise_plus_rep_progress,ridge,6,haoyu0512workout|hsianshun0514workout|tsenyu0515workout|yanz0510workout|yoru0511workout,ziho0512workout,yushuan0513workout,yushuan0513workout,db_squat,1,6,7.0,4.864742626250088,,,,7,5,7-8,5-6
M1_exercise_plus_rep_progress,ridge,6,haoyu0512workout|hsianshun0514workout|tsenyu0515workout|yanz0510workout|yoru0511workout,ziho0512workout,yushuan0513workout,yushuan0513workout,db_squat,1,7,7.0,5.205332052115078,,,,7,5,7-8,5-6
M1_exercise_plus_rep_progress,ridge,6,haoyu0512workout|hsianshun0514workout|tsenyu0515workout|yanz0510workout|yoru0511workout,ziho0512workout,yushuan0513workout,yushuan0513workout,db_squat,1,8,7.0,5.545921477980068,,,,7,6,7-8,5-6
M1_exercise_plus_rep_progress,ridge,6,haoyu0512workout|hsianshun0514workout|tsenyu0515workout|yanz0510workout|yoru0511workout,ziho0512workout,yushuan0513workout,yushuan0513workout,db_squat,1,9,7.0,5.886510903845058,,,,7,6,7-8,5-6
M1_exercise_plus_rep_progress,ridge,6,haoyu0512workout|hsianshun0514workout|tsenyu0515workout|yanz0510workout|yoru0511workout,ziho0512workout,yushuan0513workout,yushuan0513workout,db_squat,1,10,7.0,6.227100329710048,,,,7,6,7-8,5-6
M1_exercise_plus_rep_progress,ridge,6,haoyu0512workout|hsianshun0514workout|tsenyu0515workout|yanz0510workout|yoru0511workout,ziho0512workout,yushuan0513workout,yushuan0513workout,db_squat,1,11,7.0,6.567689755575037,,,,7,7,7-8,7-8
M1_exercise_plus_rep_progress,ridge,6,haoyu0512workout|hsianshun0514workout|tsenyu0515workout|yanz0510workout|yoru0511workout,ziho0512workout,yushuan0513workout,yushuan0513workout,db_squat,2,0,5.0,2.82120607106015,,,,5,3,5-6,3-4
M1_exercise_plus_rep_progress,ridge,6,haoyu0512workout|hsianshun0514workout|tsenyu0515workout|yanz0510workout|yoru0511workout,ziho0512workout,yushuan0513workout,yushuan0513workout,db_squat,2,1,5.0,3.16179549692514,,,,5,3,5-6,3-4
M1_exercise_plus_rep_progress,ridge,6,haoyu0512workout|hsianshun0514workout|tsenyu0515workout|yanz0510workout|yoru0511workout,ziho0512workout,yushuan0513workout,yushuan0513workout,db_squat,2,2,5.0,3.50238492279013,,,,5,4,5-6,3-4
M1_exercise_plus_rep_progress,ridge,6,haoyu0512workout|hsianshun0514workout|tsenyu0515workout|yanz0510workout|yoru0511workout,ziho0512workout,yushuan0513workout,yushuan0513workout,db_squat,2,3,5.0,3.8429743486551193,,,,5,4,5-6,3-4
M1_exercise_plus_rep_progress,ridge,6,haoyu0512workout|hsianshun0514workout|tsenyu0515workout|yanz0510workout|yoru0511workout,ziho0512workout,yushuan0513workout,yushuan0513workout,db_squat,2,4,6.0,4.183563774520109,,,,6,4,5-6,3-4
M1_exercise_plus_rep_progress,ridge,6,haoyu0512workout|hsianshun0514workout|tsenyu0515workout|yanz0510workout|yoru0511workout,ziho0512workout,yushuan0513workout,yushuan0513workout,db_squat,2,5,6.0,4.524153200385099,,,,6,5,5-6,5-6
M1_exercise_plus_rep_progress,ridge,6,haoyu0512workout|hsianshun0514workout|tsenyu0515workout|yanz0510workout|yoru0511workout,ziho0512workout,yushuan0513workout,yushuan0513workout,db_squat,2,6,6.0,4.864742626250088,,,,6,5,5-6,5-6
M1_exercise_plus_rep_progress,ridge,6,haoyu0512workout|hsianshun0514workout|tsenyu0515workout|yanz0510workout|yoru0511workout,ziho0512workout,yushuan0513workout,yushuan0513workout,db_squat,2,7,7.0,5.205332052115078,,,,7,5,7-8,5-6
M1_exercise_plus_rep_progress,ridge,6,haoyu0512workout|hsianshun0514workout|tsenyu0515workout|yanz0510workout|yoru0511workout,ziho0512workout,yushuan0513workout,yushuan0513workout,db_squat,2,8,7.0,5.545921477980068,,,,7,6,7-8,5-6
M1_exercise_plus_rep_progress,ridge,6,haoyu0512workout|hsianshun0514workout|tsenyu0515workout|yanz0510workout|yoru0511workout,ziho0512workout,yushuan0513workout,yushuan0513workout,db_squat,2,9,7.0,5.886510903845058,,,,7,6,7-8,5-6
M1_exercise_plus_rep_progress,ridge,6,haoyu0512workout|hsianshun0514workout|tsenyu0515workout|yanz0510workout|yoru0511workout,ziho0512workout,yushuan0513workout,yushuan0513workout,db_squat,2,10,8.0,6.227100329710048,,,,8,6,7-8,5-6
M1_exercise_plus_rep_progress,ridge,6,haoyu0512workout|hsianshun0514workout|tsenyu0515workout|yanz0510workout|yoru0511workout,ziho0512workout,yushuan0513workout,yushuan0513workout,db_squat,2,11,8.0,6.567689755575037,,,,8,7,7-8,7-8
M1_exercise_plus_rep_progress,ridge,6,haoyu0512workout|hsianshun0514workout|tsenyu0515workout|yanz0510workout|yoru0511workout,ziho0512workout,yushuan0513workout,yushuan0513workout,db_triceps_curl,0,0,1.0,3.160279065092101,,,,1,3,1-2,3-4
M1_exercise_plus_rep_progress,ridge,6,haoyu0512workout|hsianshun0514workout|tsenyu0515workout|yanz0510workout|yoru0511workout,ziho0512workout,yushuan0513workout,yushuan0513workout,db_triceps_curl,0,1,1.0,3.50086849095709,,,,1,4,1-2,3-4
M1_exercise_plus_rep_progress,ridge,6,haoyu0512workout|hsianshun0514workout|tsenyu0515workout|yanz0510workout|yoru0511workout,ziho0512workout,yushuan0513workout,yushuan0513workout,db_triceps_curl,0,2,1.0,3.84145791682208,,,,1,4,1-2,3-4
M1_exercise_plus_rep_progress,ridge,6,haoyu0512workout|hsianshun0514workout|tsenyu0515workout|yanz0510workout|yoru0511workout,ziho0512workout,yushuan0513workout,yushuan0513workout,db_triceps_curl,0,3,3.0,4.18204734268707,,,,3,4,3-4,3-4
M1_exercise_plus_rep_progress,ridge,6,haoyu0512workout|hsianshun0514workout|tsenyu0515workout|yanz0510workout|yoru0511workout,ziho0512workout,yushuan0513workout,yushuan0513workout,db_triceps_curl,0,4,3.0,4.52263676855206,,,,3,5,3-4,5-6
M1_exercise_plus_rep_progress,ridge,6,haoyu0512workout|hsianshun0514workout|tsenyu0515workout|yanz0510workout|yoru0511workout,ziho0512workout,yushuan0513workout,yushuan0513workout,db_triceps_curl,0,5,3.0,4.86322619441705,,,,3,5,3-4,5-6
M1_exercise_plus_rep_progress,ridge,6,haoyu0512workout|hsianshun0514workout|tsenyu0515workout|yanz0510workout|yoru0511workout,ziho0512workout,yushuan0513workout,yushuan0513workout,db_triceps_curl,0,6,4.0,5.203815620282039,,,,4,5,3-4,5-6
M1_exercise_plus_rep_progress,ridge,6,haoyu0512workout|hsianshun0514workout|tsenyu0515workout|yanz0510workout|yoru0511workout,ziho0512workout,yushuan0513workout,yushuan0513workout,db_triceps_curl,0,7,4.0,5.544405046147029,,,,4,6,3-4,5-6
M1_exercise_plus_rep_progress,ridge,6,haoyu0512workout|hsianshun0514workout|tsenyu0515workout|yanz0510workout|yoru0511workout,ziho0512workout,yushuan0513workout,yushuan0513workout,db_triceps_curl,0,8,5.0,5.884994472012019,,,,5,6,5-6,5-6
M1_exercise_plus_rep_progress,ridge,6,haoyu0512workout|hsianshun0514workout|tsenyu0515workout|yanz0510workout|yoru0511workout,ziho0512workout,yushuan0513workout,yushuan0513workout,db_triceps_curl,0,9,5.0,6.225583897877009,,,,5,6,5-6,5-6
M1_exercise_plus_rep_progress,ridge,6,haoyu0512workout|hsianshun0514workout|tsenyu0515workout|yanz0510workout|yoru0511workout,ziho0512workout,yushuan0513workout,yushuan0513workout,db_triceps_curl,0,10,5.0,6.566173323741999,,,,5,7,5-6,7-8
M1_exercise_plus_rep_progress,ridge,6,haoyu0512workout|hsianshun0514workout|tsenyu0515workout|yanz0510workout|yoru0511workout,ziho0512workout,yushuan0513workout,yushuan0513workout,db_triceps_curl,0,11,6.0,6.906762749606988,,,,6,7,5-6,7-8
M1_exercise_plus_rep_progress,ridge,6,haoyu0512workout|hsianshun0514workout|tsenyu0515workout|yanz0510workout|yoru0511workout,ziho0512workout,yushuan0513workout,yushuan0513workout,db_triceps_curl,1,0,5.0,3.160279065092101,,,,5,3,5-6,3-4
M1_exercise_plus_rep_progress,ridge,6,haoyu0512workout|hsianshun0514workout|tsenyu0515workout|yanz0510workout|yoru0511workout,ziho0512workout,yushuan0513workout,yushuan0513workout,db_triceps_curl,1,1,5.0,3.50086849095709,,,,5,4,5-6,3-4
M1_exercise_plus_rep_progress,ridge,6,haoyu0512workout|hsianshun0514workout|tsenyu0515workout|yanz0510workout|yoru0511workout,ziho0512workout,yushuan0513workout,yushuan0513workout,db_triceps_curl,1,2,5.0,3.84145791682208,,,,5,4,5-6,3-4
M1_exercise_plus_rep_progress,ridge,6,haoyu0512workout|hsianshun0514workout|tsenyu0515workout|yanz0510workout|yoru0511workout,ziho0512workout,yushuan0513workout,yushuan0513workout,db_triceps_curl,1,3,5.0,4.18204734268707,,,,5,4,5-6,3-4
M1_exercise_plus_rep_progress,ridge,6,haoyu0512workout|hsianshun0514workout|tsenyu0515workout|yanz0510workout|yoru0511workout,ziho0512workout,yushuan0513workout,yushuan0513workout,db_triceps_curl,1,4,5.0,4.52263676855206,,,,5,5,5-6,5-6
M1_exercise_plus_rep_progress,ridge,6,haoyu0512workout|hsianshun0514workout|tsenyu0515workout|yanz0510workout|yoru0511workout,ziho0512workout,yushuan0513workout,yushuan0513workout,db_triceps_curl,1,5,5.0,4.86322619441705,,,,5,5,5-6,5-6
M1_exercise_plus_rep_progress,ridge,6,haoyu0512workout|hsianshun0514workout|tsenyu0515workout|yanz0510workout|yoru0511workout,ziho0512workout,yushuan0513workout,yushuan0513workout,db_triceps_curl,1,6,6.0,5.203815620282039,,,,6,5,5-6,5-6
M1_exercise_plus_rep_progress,ridge,6,haoyu0512workout|hsianshun0514workout|tsenyu0515workout|yanz0510workout|yoru0511workout,ziho0512workout,yushuan0513workout,yushuan0513workout,db_triceps_curl,1,7,6.0,5.544405046147029,,,,6,6,5-6,5-6
M1_exercise_plus_rep_progress,ridge,6,haoyu0512workout|hsianshun0514workout|tsenyu0515workout|yanz0510workout|yoru0511workout,ziho0512workout,yushuan0513workout,yushuan0513workout,db_triceps_curl,1,8,6.0,5.884994472012019,,,,6,6,5-6,5-6
M1_exercise_plus_rep_progress,ridge,6,haoyu0512workout|hsianshun0514workout|tsenyu0515workout|yanz0510workout|yoru0511workout,ziho0512workout,yushuan0513workout,yushuan0513workout,db_triceps_curl,1,9,7.0,6.225583897877009,,,,7,6,7-8,5-6
M1_exercise_plus_rep_progress,ridge,6,haoyu0512workout|hsianshun0514workout|tsenyu0515workout|yanz0510workout|yoru0511workout,ziho0512workout,yushuan0513workout,yushuan0513workout,db_triceps_curl,1,10,7.0,6.566173323741999,,,,7,7,7-8,7-8
M1_exercise_plus_rep_progress,ridge,6,haoyu0512workout|hsianshun0514workout|tsenyu0515workout|yanz0510workout|yoru0511workout,ziho0512workout,yushuan0513workout,yushuan0513workout,db_triceps_curl,1,11,7.0,6.906762749606988,,,,7,7,7-8,7-8
M1_exercise_plus_rep_progress,ridge,6,haoyu0512workout|hsianshun0514workout|tsenyu0515workout|yanz0510workout|yoru0511workout,ziho0512workout,yushuan0513workout,yushuan0513workout,db_triceps_curl,2,0,5.0,3.160279065092101,,,,5,3,5-6,3-4
M1_exercise_plus_rep_progress,ridge,6,haoyu0512workout|hsianshun0514workout|tsenyu0515workout|yanz0510workout|yoru0511workout,ziho0512workout,yushuan0513workout,yushuan0513workout,db_triceps_curl,2,1,5.0,3.50086849095709,,,,5,4,5-6,3-4
M1_exercise_plus_rep_progress,ridge,6,haoyu0512workout|hsianshun0514workout|tsenyu0515workout|yanz0510workout|yoru0511workout,ziho0512workout,yushuan0513workout,yushuan0513workout,db_triceps_curl,2,2,5.0,3.84145791682208,,,,5,4,5-6,3-4
M1_exercise_plus_rep_progress,ridge,6,haoyu0512workout|hsianshun0514workout|tsenyu0515workout|yanz0510workout|yoru0511workout,ziho0512workout,yushuan0513workout,yushuan0513workout,db_triceps_curl,2,3,5.0,4.18204734268707,,,,5,4,5-6,3-4
M1_exercise_plus_rep_progress,ridge,6,haoyu0512workout|hsianshun0514workout|tsenyu0515workout|yanz0510workout|yoru0511workout,ziho0512workout,yushuan0513workout,yushuan0513workout,db_triceps_curl,2,4,6.0,4.52263676855206,,,,6,5,5-6,5-6
M1_exercise_plus_rep_progress,ridge,6,haoyu0512workout|hsianshun0514workout|tsenyu0515workout|yanz0510workout|yoru0511workout,ziho0512workout,yushuan0513workout,yushuan0513workout,db_triceps_curl,2,5,6.0,4.86322619441705,,,,6,5,5-6,5-6
M1_exercise_plus_rep_progress,ridge,6,haoyu0512workout|hsianshun0514workout|tsenyu0515workout|yanz0510workout|yoru0511workout,ziho0512workout,yushuan0513workout,yushuan0513workout,db_triceps_curl,2,6,7.0,5.203815620282039,,,,7,5,7-8,5-6
M1_exercise_plus_rep_progress,ridge,6,haoyu0512workout|hsianshun0514workout|tsenyu0515workout|yanz0510workout|yoru0511workout,ziho0512workout,yushuan0513workout,yushuan0513workout,db_triceps_curl,2,7,7.0,5.544405046147029,,,,7,6,7-8,5-6
M1_exercise_plus_rep_progress,ridge,6,haoyu0512workout|hsianshun0514workout|tsenyu0515workout|yanz0510workout|yoru0511workout,ziho0512workout,yushuan0513workout,yushuan0513workout,db_triceps_curl,2,8,7.0,5.884994472012019,,,,7,6,7-8,5-6
M1_exercise_plus_rep_progress,ridge,6,haoyu0512workout|hsianshun0514workout|tsenyu0515workout|yanz0510workout|yoru0511workout,ziho0512workout,yushuan0513workout,yushuan0513workout,db_triceps_curl,2,9,8.0,6.225583897877009,,,,8,6,7-8,5-6
M1_exercise_plus_rep_progress,ridge,6,haoyu0512workout|hsianshun0514workout|tsenyu0515workout|yanz0510workout|yoru0511workout,ziho0512workout,yushuan0513workout,yushuan0513workout,db_triceps_curl,2,10,8.0,6.566173323741999,,,,8,7,7-8,7-8
M1_exercise_plus_rep_progress,ridge,6,haoyu0512workout|hsianshun0514workout|tsenyu0515workout|yanz0510workout|yoru0511workout,ziho0512workout,yushuan0513workout,yushuan0513workout,db_triceps_curl,2,11,9.0,6.906762749606988,,,,9,7,9-10,7-8
M1_exercise_plus_rep_progress,ridge,6,haoyu0512workout|hsianshun0514workout|tsenyu0515workout|yanz0510workout|yoru0511workout,ziho0512workout,yushuan0513workout,yushuan0513workout,db_weighted_crunch,0,0,1.0,2.8767612799686444,,,,1,3,1-2,3-4
M1_exercise_plus_rep_progress,ridge,6,haoyu0512workout|hsianshun0514workout|tsenyu0515workout|yanz0510workout|yoru0511workout,ziho0512workout,yushuan0513workout,yushuan0513workout,db_weighted_crunch,0,1,1.0,3.2173507058336344,,,,1,3,1-2,3-4
M1_exercise_plus_rep_progress,ridge,6,haoyu0512workout|hsianshun0514workout|tsenyu0515workout|yanz0510workout|yoru0511workout,ziho0512workout,yushuan0513workout,yushuan0513workout,db_weighted_crunch,0,2,1.0,3.557940131698624,,,,1,4,1-2,3-4
M1_exercise_plus_rep_progress,ridge,6,haoyu0512workout|hsianshun0514workout|tsenyu0515workout|yanz0510workout|yoru0511workout,ziho0512workout,yushuan0513workout,yushuan0513workout,db_weighted_crunch,0,3,3.0,3.898529557563614,,,,3,4,3-4,3-4
M1_exercise_plus_rep_progress,ridge,6,haoyu0512workout|hsianshun0514workout|tsenyu0515workout|yanz0510workout|yoru0511workout,ziho0512workout,yushuan0513workout,yushuan0513workout,db_weighted_crunch,0,4,3.0,4.239118983428603,,,,3,4,3-4,3-4
M1_exercise_plus_rep_progress,ridge,6,haoyu0512workout|hsianshun0514workout|tsenyu0515workout|yanz0510workout|yoru0511workout,ziho0512workout,yushuan0513workout,yushuan0513workout,db_weighted_crunch,0,5,3.0,4.579708409293593,,,,3,5,3-4,5-6
M1_exercise_plus_rep_progress,ridge,6,haoyu0512workout|hsianshun0514workout|tsenyu0515workout|yanz0510workout|yoru0511workout,ziho0512workout,yushuan0513workout,yushuan0513workout,db_weighted_crunch,0,6,4.0,4.920297835158583,,,,4,5,3-4,5-6
M1_exercise_plus_rep_progress,ridge,6,haoyu0512workout|hsianshun0514workout|tsenyu0515workout|yanz0510workout|yoru0511workout,ziho0512workout,yushuan0513workout,yushuan0513workout,db_weighted_crunch,0,7,4.0,5.260887261023573,,,,4,5,3-4,5-6
M1_exercise_plus_rep_progress,ridge,6,haoyu0512workout|hsianshun0514workout|tsenyu0515workout|yanz0510workout|yoru0511workout,ziho0512workout,yushuan0513workout,yushuan0513workout,db_weighted_crunch,0,8,4.0,5.601476686888562,,,,4,6,3-4,5-6
M1_exercise_plus_rep_progress,ridge,6,haoyu0512workout|hsianshun0514workout|tsenyu0515workout|yanz0510workout|yoru0511workout,ziho0512workout,yushuan0513workout,yushuan0513workout,db_weighted_crunch,0,9,5.0,5.942066112753553,,,,5,6,5-6,5-6
M1_exercise_plus_rep_progress,ridge,6,haoyu0512workout|hsianshun0514workout|tsenyu0515workout|yanz0510workout|yoru0511workout,ziho0512workout,yushuan0513workout,yushuan0513workout,db_weighted_crunch,0,10,5.0,6.282655538618542,,,,5,6,5-6,5-6
M1_exercise_plus_rep_progress,ridge,6,haoyu0512workout|hsianshun0514workout|tsenyu0515workout|yanz0510workout|yoru0511workout,ziho0512workout,yushuan0513workout,yushuan0513workout,db_weighted_crunch,0,11,5.0,6.623244964483532,,,,5,7,5-6,7-8
M1_exercise_plus_rep_progress,ridge,6,haoyu0512workout|hsianshun0514workout|tsenyu0515workout|yanz0510workout|yoru0511workout,ziho0512workout,yushuan0513workout,yushuan0513workout,db_weighted_crunch,1,0,3.0,2.8767612799686444,,,,3,3,3-4,3-4
M1_exercise_plus_rep_progress,ridge,6,haoyu0512workout|hsianshun0514workout|tsenyu0515workout|yanz0510workout|yoru0511workout,ziho0512workout,yushuan0513workout,yushuan0513workout,db_weighted_crunch,1,1,3.0,3.2173507058336344,,,,3,3,3-4,3-4
M1_exercise_plus_rep_progress,ridge,6,haoyu0512workout|hsianshun0514workout|tsenyu0515workout|yanz0510workout|yoru0511workout,ziho0512workout,yushuan0513workout,yushuan0513workout,db_weighted_crunch,1,2,4.0,3.557940131698624,,,,4,4,3-4,3-4
M1_exercise_plus_rep_progress,ridge,6,haoyu0512workout|hsianshun0514workout|tsenyu0515workout|yanz0510workout|yoru0511workout,ziho0512workout,yushuan0513workout,yushuan0513workout,db_weighted_crunch,1,3,4.0,3.898529557563614,,,,4,4,3-4,3-4
M1_exercise_plus_rep_progress,ridge,6,haoyu0512workout|hsianshun0514workout|tsenyu0515workout|yanz0510workout|yoru0511workout,ziho0512workout,yushuan0513workout,yushuan0513workout,db_weighted_crunch,1,4,4.0,4.239118983428603,,,,4,4,3-4,3-4
M1_exercise_plus_rep_progress,ridge,6,haoyu0512workout|hsianshun0514workout|tsenyu0515workout|yanz0510workout|yoru0511workout,ziho0512workout,yushuan0513workout,yushuan0513workout,db_weighted_crunch,1,5,4.0,4.579708409293593,,,,4,5,3-4,5-6
M1_exercise_plus_rep_progress,ridge,6,haoyu0512workout|hsianshun0514workout|tsenyu0515workout|yanz0510workout|yoru0511workout,ziho0512workout,yushuan0513workout,yushuan0513workout,db_weighted_crunch,1,6,5.0,4.920297835158583,,,,5,5,5-6,5-6
M1_exercise_plus_rep_progress,ridge,6,haoyu0512workout|hsianshun0514workout|tsenyu0515workout|yanz0510workout|yoru0511workout,ziho0512workout,yushuan0513workout,yushuan0513workout,db_weighted_crunch,1,7,5.0,5.260887261023573,,,,5,5,5-6,5-6
M1_exercise_plus_rep_progress,ridge,6,haoyu0512workout|hsianshun0514workout|tsenyu0515workout|yanz0510workout|yoru0511workout,ziho0512workout,yushuan0513workout,yushuan0513workout,db_weighted_crunch,1,8,5.0,5.601476686888562,,,,5,6,5-6,5-6
M1_exercise_plus_rep_progress,ridge,6,haoyu0512workout|hsianshun0514workout|tsenyu0515workout|yanz0510workout|yoru0511workout,ziho0512workout,yushuan0513workout,yushuan0513workout,db_weighted_crunch,1,9,6.0,5.942066112753553,,,,6,6,5-6,5-6
M1_exercise_plus_rep_progress,ridge,6,haoyu0512workout|hsianshun0514workout|tsenyu0515workout|yanz0510workout|yoru0511workout,ziho0512workout,yushuan0513workout,yushuan0513workout,db_weighted_crunch,1,10,6.0,6.282655538618542,,,,6,6,5-6,5-6
M1_exercise_plus_rep_progress,ridge,6,haoyu0512workout|hsianshun0514workout|tsenyu0515workout|yanz0510workout|yoru0511workout,ziho0512workout,yushuan0513workout,yushuan0513workout,db_weighted_crunch,1,11,6.0,6.623244964483532,,,,6,7,5-6,7-8
M1_exercise_plus_rep_progress,ridge,6,haoyu0512workout|hsianshun0514workout|tsenyu0515workout|yanz0510workout|yoru0511workout,ziho0512workout,yushuan0513workout,yushuan0513workout,db_weighted_crunch,2,0,4.0,2.8767612799686444,,,,4,3,3-4,3-4
M1_exercise_plus_rep_progress,ridge,6,haoyu0512workout|hsianshun0514workout|tsenyu0515workout|yanz0510workout|yoru0511workout,ziho0512workout,yushuan0513workout,yushuan0513workout,db_weighted_crunch,2,1,4.0,3.2173507058336344,,,,4,3,3-4,3-4
M1_exercise_plus_rep_progress,ridge,6,haoyu0512workout|hsianshun0514workout|tsenyu0515workout|yanz0510workout|yoru0511workout,ziho0512workout,yushuan0513workout,yushuan0513workout,db_weighted_crunch,2,2,4.0,3.557940131698624,,,,4,4,3-4,3-4
M1_exercise_plus_rep_progress,ridge,6,haoyu0512workout|hsianshun0514workout|tsenyu0515workout|yanz0510workout|yoru0511workout,ziho0512workout,yushuan0513workout,yushuan0513workout,db_weighted_crunch,2,3,4.0,3.898529557563614,,,,4,4,3-4,3-4
M1_exercise_plus_rep_progress,ridge,6,haoyu0512workout|hsianshun0514workout|tsenyu0515workout|yanz0510workout|yoru0511workout,ziho0512workout,yushuan0513workout,yushuan0513workout,db_weighted_crunch,2,4,5.0,4.239118983428603,,,,5,4,5-6,3-4
M1_exercise_plus_rep_progress,ridge,6,haoyu0512workout|hsianshun0514workout|tsenyu0515workout|yanz0510workout|yoru0511workout,ziho0512workout,yushuan0513workout,yushuan0513workout,db_weighted_crunch,2,5,5.0,4.579708409293593,,,,5,5,5-6,5-6
M1_exercise_plus_rep_progress,ridge,6,haoyu0512workout|hsianshun0514workout|tsenyu0515workout|yanz0510workout|yoru0511workout,ziho0512workout,yushuan0513workout,yushuan0513workout,db_weighted_crunch,2,6,5.0,4.920297835158583,,,,5,5,5-6,5-6
M1_exercise_plus_rep_progress,ridge,6,haoyu0512workout|hsianshun0514workout|tsenyu0515workout|yanz0510workout|yoru0511workout,ziho0512workout,yushuan0513workout,yushuan0513workout,db_weighted_crunch,2,7,6.0,5.260887261023573,,,,6,5,5-6,5-6
M1_exercise_plus_rep_progress,ridge,6,haoyu0512workout|hsianshun0514workout|tsenyu0515workout|yanz0510workout|yoru0511workout,ziho0512workout,yushuan0513workout,yushuan0513workout,db_weighted_crunch,2,8,6.0,5.601476686888562,,,,6,6,5-6,5-6
M1_exercise_plus_rep_progress,ridge,6,haoyu0512workout|hsianshun0514workout|tsenyu0515workout|yanz0510workout|yoru0511workout,ziho0512workout,yushuan0513workout,yushuan0513workout,db_weighted_crunch,2,9,6.0,5.942066112753553,,,,6,6,5-6,5-6
M1_exercise_plus_rep_progress,ridge,6,haoyu0512workout|hsianshun0514workout|tsenyu0515workout|yanz0510workout|yoru0511workout,ziho0512workout,yushuan0513workout,yushuan0513workout,db_weighted_crunch,2,10,6.0,6.282655538618542,,,,6,6,5-6,5-6
M1_exercise_plus_rep_progress,ridge,6,haoyu0512workout|hsianshun0514workout|tsenyu0515workout|yanz0510workout|yoru0511workout,ziho0512workout,yushuan0513workout,yushuan0513workout,db_weighted_crunch,2,11,7.0,6.623244964483532,,,,7,7,7-8,7-8
M1_exercise_plus_rep_progress,ridge,6,haoyu0512workout|hsianshun0514workout|tsenyu0515workout|yanz0510workout|yoru0511workout,ziho0512workout,yushuan0513workout,yushuan0513workout,one_arm_db_row,0,0,1.0,3.864850322667493,,,,1,4,1-2,3-4
M1_exercise_plus_rep_progress,ridge,6,haoyu0512workout|hsianshun0514workout|tsenyu0515workout|yanz0510workout|yoru0511workout,ziho0512workout,yushuan0513workout,yushuan0513workout,one_arm_db_row,0,1,1.0,4.205439748532482,,,,1,4,1-2,3-4
M1_exercise_plus_rep_progress,ridge,6,haoyu0512workout|hsianshun0514workout|tsenyu0515workout|yanz0510workout|yoru0511workout,ziho0512workout,yushuan0513workout,yushuan0513workout,one_arm_db_row,0,2,3.0,4.546029174397472,,,,3,5,3-4,5-6
M1_exercise_plus_rep_progress,ridge,6,haoyu0512workout|hsianshun0514workout|tsenyu0515workout|yanz0510workout|yoru0511workout,ziho0512workout,yushuan0513workout,yushuan0513workout,one_arm_db_row,0,3,3.0,4.886618600262462,,,,3,5,3-4,5-6
M1_exercise_plus_rep_progress,ridge,6,haoyu0512workout|hsianshun0514workout|tsenyu0515workout|yanz0510workout|yoru0511workout,ziho0512workout,yushuan0513workout,yushuan0513workout,one_arm_db_row,0,4,5.0,5.227208026127451,,,,5,5,5-6,5-6
M1_exercise_plus_rep_progress,ridge,6,haoyu0512workout|hsianshun0514workout|tsenyu0515workout|yanz0510workout|yoru0511workout,ziho0512workout,yushuan0513workout,yushuan0513workout,one_arm_db_row,0,5,5.0,5.567797451992441,,,,5,6,5-6,5-6
M1_exercise_plus_rep_progress,ridge,6,haoyu0512workout|hsianshun0514workout|tsenyu0515workout|yanz0510workout|yoru0511workout,ziho0512workout,yushuan0513workout,yushuan0513workout,one_arm_db_row,0,6,6.0,5.908386877857431,,,,6,6,5-6,5-6
M1_exercise_plus_rep_progress,ridge,6,haoyu0512workout|hsianshun0514workout|tsenyu0515workout|yanz0510workout|yoru0511workout,ziho0512workout,yushuan0513workout,yushuan0513workout,one_arm_db_row,0,7,6.0,6.24897630372242,,,,6,6,5-6,5-6
M1_exercise_plus_rep_progress,ridge,6,haoyu0512workout|hsianshun0514workout|tsenyu0515workout|yanz0510workout|yoru0511workout,ziho0512workout,yushuan0513workout,yushuan0513workout,one_arm_db_row,0,8,7.0,6.58956572958741,,,,7,7,7-8,7-8
M1_exercise_plus_rep_progress,ridge,6,haoyu0512workout|hsianshun0514workout|tsenyu0515workout|yanz0510workout|yoru0511workout,ziho0512workout,yushuan0513workout,yushuan0513workout,one_arm_db_row,0,9,8.0,6.9301551554524,,,,8,7,7-8,7-8
M1_exercise_plus_rep_progress,ridge,6,haoyu0512workout|hsianshun0514workout|tsenyu0515workout|yanz0510workout|yoru0511workout,ziho0512workout,yushuan0513workout,yushuan0513workout,one_arm_db_row,0,10,8.0,7.270744581317391,,,,8,7,7-8,7-8
M1_exercise_plus_rep_progress,ridge,6,haoyu0512workout|hsianshun0514workout|tsenyu0515workout|yanz0510workout|yoru0511workout,ziho0512workout,yushuan0513workout,yushuan0513workout,one_arm_db_row,0,11,9.0,7.61133400718238,,,,9,8,9-10,7-8
M1_exercise_plus_rep_progress,ridge,6,haoyu0512workout|hsianshun0514workout|tsenyu0515workout|yanz0510workout|yoru0511workout,ziho0512workout,yushuan0513workout,yushuan0513workout,one_arm_db_row,1,0,5.0,3.864850322667493,,,,5,4,5-6,3-4
M1_exercise_plus_rep_progress,ridge,6,haoyu0512workout|hsianshun0514workout|tsenyu0515workout|yanz0510workout|yoru0511workout,ziho0512workout,yushuan0513workout,yushuan0513workout,one_arm_db_row,1,1,5.0,4.205439748532482,,,,5,4,5-6,3-4
M1_exercise_plus_rep_progress,ridge,6,haoyu0512workout|hsianshun0514workout|tsenyu0515workout|yanz0510workout|yoru0511workout,ziho0512workout,yushuan0513workout,yushuan0513workout,one_arm_db_row,1,2,5.0,4.546029174397472,,,,5,5,5-6,5-6
M1_exercise_plus_rep_progress,ridge,6,haoyu0512workout|hsianshun0514workout|tsenyu0515workout|yanz0510workout|yoru0511workout,ziho0512workout,yushuan0513workout,yushuan0513workout,one_arm_db_row,1,3,5.0,4.886618600262462,,,,5,5,5-6,5-6
M1_exercise_plus_rep_progress,ridge,6,haoyu0512workout|hsianshun0514workout|tsenyu0515workout|yanz0510workout|yoru0511workout,ziho0512workout,yushuan0513workout,yushuan0513workout,one_arm_db_row,1,4,5.0,5.227208026127451,,,,5,5,5-6,5-6
M1_exercise_plus_rep_progress,ridge,6,haoyu0512workout|hsianshun0514workout|tsenyu0515workout|yanz0510workout|yoru0511workout,ziho0512workout,yushuan0513workout,yushuan0513workout,one_arm_db_row,1,5,6.0,5.567797451992441,,,,6,6,5-6,5-6
M1_exercise_plus_rep_progress,ridge,6,haoyu0512workout|hsianshun0514workout|tsenyu0515workout|yanz0510workout|yoru0511workout,ziho0512workout,yushuan0513workout,yushuan0513workout,one_arm_db_row,1,6,6.0,5.908386877857431,,,,6,6,5-6,5-6
M1_exercise_plus_rep_progress,ridge,6,haoyu0512workout|hsianshun0514workout|tsenyu0515workout|yanz0510workout|yoru0511workout,ziho0512workout,yushuan0513workout,yushuan0513workout,one_arm_db_row,1,7,6.0,6.24897630372242,,,,6,6,5-6,5-6
M1_exercise_plus_rep_progress,ridge,6,haoyu0512workout|hsianshun0514workout|tsenyu0515workout|yanz0510workout|yoru0511workout,ziho0512workout,yushuan0513workout,yushuan0513workout,one_arm_db_row,1,8,7.0,6.58956572958741,,,,7,7,7-8,7-8
M1_exercise_plus_rep_progress,ridge,6,haoyu0512workout|hsianshun0514workout|tsenyu0515workout|yanz0510workout|yoru0511workout,ziho0512workout,yushuan0513workout,yushuan0513workout,one_arm_db_row,1,9,7.0,6.9301551554524,,,,7,7,7-8,7-8
M1_exercise_plus_rep_progress,ridge,6,haoyu0512workout|hsianshun0514workout|tsenyu0515workout|yanz0510workout|yoru0511workout,ziho0512workout,yushuan0513workout,yushuan0513workout,one_arm_db_row,1,10,7.0,7.270744581317391,,,,7,7,7-8,7-8
M1_exercise_plus_rep_progress,ridge,6,haoyu0512workout|hsianshun0514workout|tsenyu0515workout|yanz0510workout|yoru0511workout,ziho0512workout,yushuan0513workout,yushuan0513workout,one_arm_db_row,1,11,8.0,7.61133400718238,,,,8,8,7-8,7-8
M1_exercise_plus_rep_progress,ridge,6,haoyu0512workout|hsianshun0514workout|tsenyu0515workout|yanz0510workout|yoru0511workout,ziho0512workout,yushuan0513workout,yushuan0513workout,one_arm_db_row,2,0,6.0,3.864850322667493,,,,6,4,5-6,3-4
M1_exercise_plus_rep_progress,ridge,6,haoyu0512workout|hsianshun0514workout|tsenyu0515workout|yanz0510workout|yoru0511workout,ziho0512workout,yushuan0513workout,yushuan0513workout,one_arm_db_row,2,1,6.0,4.205439748532482,,,,6,4,5-6,3-4
M1_exercise_plus_rep_progress,ridge,6,haoyu0512workout|hsianshun0514workout|tsenyu0515workout|yanz0510workout|yoru0511workout,ziho0512workout,yushuan0513workout,yushuan0513workout,one_arm_db_row,2,2,6.0,4.546029174397472,,,,6,5,5-6,5-6
M1_exercise_plus_rep_progress,ridge,6,haoyu0512workout|hsianshun0514workout|tsenyu0515workout|yanz0510workout|yoru0511workout,ziho0512workout,yushuan0513workout,yushuan0513workout,one_arm_db_row,2,3,7.0,4.886618600262462,,,,7,5,7-8,5-6
M1_exercise_plus_rep_progress,ridge,6,haoyu0512workout|hsianshun0514workout|tsenyu0515workout|yanz0510workout|yoru0511workout,ziho0512workout,yushuan0513workout,yushuan0513workout,one_arm_db_row,2,4,7.0,5.227208026127451,,,,7,5,7-8,5-6
M1_exercise_plus_rep_progress,ridge,6,haoyu0512workout|hsianshun0514workout|tsenyu0515workout|yanz0510workout|yoru0511workout,ziho0512workout,yushuan0513workout,yushuan0513workout,one_arm_db_row,2,5,8.0,5.567797451992441,,,,8,6,7-8,5-6
M1_exercise_plus_rep_progress,ridge,6,haoyu0512workout|hsianshun0514workout|tsenyu0515workout|yanz0510workout|yoru0511workout,ziho0512workout,yushuan0513workout,yushuan0513workout,one_arm_db_row,2,6,8.0,5.908386877857431,,,,8,6,7-8,5-6
M1_exercise_plus_rep_progress,ridge,6,haoyu0512workout|hsianshun0514workout|tsenyu0515workout|yanz0510workout|yoru0511workout,ziho0512workout,yushuan0513workout,yushuan0513workout,one_arm_db_row,2,7,8.0,6.24897630372242,,,,8,6,7-8,5-6
M1_exercise_plus_rep_progress,ridge,6,haoyu0512workout|hsianshun0514workout|tsenyu0515workout|yanz0510workout|yoru0511workout,ziho0512workout,yushuan0513workout,yushuan0513workout,one_arm_db_row,2,8,9.0,6.58956572958741,,,,9,7,9-10,7-8
M1_exercise_plus_rep_progress,ridge,6,haoyu0512workout|hsianshun0514workout|tsenyu0515workout|yanz0510workout|yoru0511workout,ziho0512workout,yushuan0513workout,yushuan0513workout,one_arm_db_row,2,9,9.0,6.9301551554524,,,,9,7,9-10,7-8
M1_exercise_plus_rep_progress,ridge,6,haoyu0512workout|hsianshun0514workout|tsenyu0515workout|yanz0510workout|yoru0511workout,ziho0512workout,yushuan0513workout,yushuan0513workout,one_arm_db_row,2,10,9.0,7.270744581317391,,,,9,7,9-10,7-8
M1_exercise_plus_rep_progress,ridge,6,haoyu0512workout|hsianshun0514workout|tsenyu0515workout|yanz0510workout|yoru0511workout,ziho0512workout,yushuan0513workout,yushuan0513workout,one_arm_db_row,2,11,9.0,7.61133400718238,,,,9,8,9-10,7-8
M1_exercise_plus_rep_progress,ridge,7,hsianshun0514workout|tsenyu0515workout|yanz0510workout|yoru0511workout|yushuan0513workout,haoyu0512workout,ziho0512workout,ziho0512workout,db_bench_press,1,0,1.0,2.8755128599789255,,,,1,3,1-2,3-4
M1_exercise_plus_rep_progress,ridge,7,hsianshun0514workout|tsenyu0515workout|yanz0510workout|yoru0511workout|yushuan0513workout,haoyu0512workout,ziho0512workout,ziho0512workout,db_bench_press,1,1,2.0,3.199800390796337,,,,2,3,1-2,3-4
M1_exercise_plus_rep_progress,ridge,7,hsianshun0514workout|tsenyu0515workout|yanz0510workout|yoru0511workout|yushuan0513workout,haoyu0512workout,ziho0512workout,ziho0512workout,db_bench_press,1,2,2.0,3.5240879216137486,,,,2,4,1-2,3-4
M1_exercise_plus_rep_progress,ridge,7,hsianshun0514workout|tsenyu0515workout|yanz0510workout|yoru0511workout|yushuan0513workout,haoyu0512workout,ziho0512workout,ziho0512workout,db_bench_press,1,3,3.0,3.84837545243116,,,,3,4,3-4,3-4
M1_exercise_plus_rep_progress,ridge,7,hsianshun0514workout|tsenyu0515workout|yanz0510workout|yoru0511workout|yushuan0513workout,haoyu0512workout,ziho0512workout,ziho0512workout,db_bench_press,1,4,4.0,4.172662983248571,,,,4,4,3-4,3-4
M1_exercise_plus_rep_progress,ridge,7,hsianshun0514workout|tsenyu0515workout|yanz0510workout|yoru0511workout|yushuan0513workout,haoyu0512workout,ziho0512workout,ziho0512workout,db_bench_press,1,5,6.0,4.496950514065984,,,,6,4,5-6,3-4
M1_exercise_plus_rep_progress,ridge,7,hsianshun0514workout|tsenyu0515workout|yanz0510workout|yoru0511workout|yushuan0513workout,haoyu0512workout,ziho0512workout,ziho0512workout,db_bench_press,1,6,6.0,4.821238044883395,,,,6,5,5-6,5-6
M1_exercise_plus_rep_progress,ridge,7,hsianshun0514workout|tsenyu0515workout|yanz0510workout|yoru0511workout|yushuan0513workout,haoyu0512workout,ziho0512workout,ziho0512workout,db_bench_press,1,7,6.0,5.145525575700807,,,,6,5,5-6,5-6
M1_exercise_plus_rep_progress,ridge,7,hsianshun0514workout|tsenyu0515workout|yanz0510workout|yoru0511workout|yushuan0513workout,haoyu0512workout,ziho0512workout,ziho0512workout,db_bench_press,1,8,7.0,5.4698131065182185,,,,7,5,7-8,5-6
M1_exercise_plus_rep_progress,ridge,7,hsianshun0514workout|tsenyu0515workout|yanz0510workout|yoru0511workout|yushuan0513workout,haoyu0512workout,ziho0512workout,ziho0512workout,db_bench_press,1,9,7.0,5.79410063733563,,,,7,6,7-8,5-6
M1_exercise_plus_rep_progress,ridge,7,hsianshun0514workout|tsenyu0515workout|yanz0510workout|yoru0511workout|yushuan0513workout,haoyu0512workout,ziho0512workout,ziho0512workout,db_bench_press,1,10,8.0,6.118388168153042,,,,8,6,7-8,5-6
M1_exercise_plus_rep_progress,ridge,7,hsianshun0514workout|tsenyu0515workout|yanz0510workout|yoru0511workout|yushuan0513workout,haoyu0512workout,ziho0512workout,ziho0512workout,db_bench_press,1,11,8.0,6.4426756989704534,,,,8,6,7-8,5-6
M1_exercise_plus_rep_progress,ridge,7,hsianshun0514workout|tsenyu0515workout|yanz0510workout|yoru0511workout|yushuan0513workout,haoyu0512workout,ziho0512workout,ziho0512workout,db_bench_press,2,0,6.0,2.8755128599789255,,,,6,3,5-6,3-4
M1_exercise_plus_rep_progress,ridge,7,hsianshun0514workout|tsenyu0515workout|yanz0510workout|yoru0511workout|yushuan0513workout,haoyu0512workout,ziho0512workout,ziho0512workout,db_bench_press,2,1,6.0,3.199800390796337,,,,6,3,5-6,3-4
M1_exercise_plus_rep_progress,ridge,7,hsianshun0514workout|tsenyu0515workout|yanz0510workout|yoru0511workout|yushuan0513workout,haoyu0512workout,ziho0512workout,ziho0512workout,db_bench_press,2,2,6.0,3.5240879216137486,,,,6,4,5-6,3-4
M1_exercise_plus_rep_progress,ridge,7,hsianshun0514workout|tsenyu0515workout|yanz0510workout|yoru0511workout|yushuan0513workout,haoyu0512workout,ziho0512workout,ziho0512workout,db_bench_press,2,3,7.0,3.84837545243116,,,,7,4,7-8,3-4
M1_exercise_plus_rep_progress,ridge,7,hsianshun0514workout|tsenyu0515workout|yanz0510workout|yoru0511workout|yushuan0513workout,haoyu0512workout,ziho0512workout,ziho0512workout,db_bench_press,2,4,7.0,4.172662983248571,,,,7,4,7-8,3-4
M1_exercise_plus_rep_progress,ridge,7,hsianshun0514workout|tsenyu0515workout|yanz0510workout|yoru0511workout|yushuan0513workout,haoyu0512workout,ziho0512workout,ziho0512workout,db_bench_press,2,5,7.0,4.496950514065984,,,,7,4,7-8,3-4
M1_exercise_plus_rep_progress,ridge,7,hsianshun0514workout|tsenyu0515workout|yanz0510workout|yoru0511workout|yushuan0513workout,haoyu0512workout,ziho0512workout,ziho0512workout,db_bench_press,2,6,7.0,4.821238044883395,,,,7,5,7-8,5-6
M1_exercise_plus_rep_progress,ridge,7,hsianshun0514workout|tsenyu0515workout|yanz0510workout|yoru0511workout|yushuan0513workout,haoyu0512workout,ziho0512workout,ziho0512workout,db_bench_press,2,7,8.0,5.145525575700807,,,,8,5,7-8,5-6
M1_exercise_plus_rep_progress,ridge,7,hsianshun0514workout|tsenyu0515workout|yanz0510workout|yoru0511workout|yushuan0513workout,haoyu0512workout,ziho0512workout,ziho0512workout,db_bench_press,2,8,8.0,5.4698131065182185,,,,8,5,7-8,5-6
M1_exercise_plus_rep_progress,ridge,7,hsianshun0514workout|tsenyu0515workout|yanz0510workout|yoru0511workout|yushuan0513workout,haoyu0512workout,ziho0512workout,ziho0512workout,db_bench_press,2,9,9.0,5.79410063733563,,,,9,6,9-10,5-6
M1_exercise_plus_rep_progress,ridge,7,hsianshun0514workout|tsenyu0515workout|yanz0510workout|yoru0511workout|yushuan0513workout,haoyu0512workout,ziho0512workout,ziho0512workout,db_bench_press,2,10,9.0,6.118388168153042,,,,9,6,9-10,5-6
M1_exercise_plus_rep_progress,ridge,7,hsianshun0514workout|tsenyu0515workout|yanz0510workout|yoru0511workout|yushuan0513workout,haoyu0512workout,ziho0512workout,ziho0512workout,db_bench_press,2,11,9.0,6.4426756989704534,,,,9,6,9-10,5-6
M1_exercise_plus_rep_progress,ridge,7,hsianshun0514workout|tsenyu0515workout|yanz0510workout|yoru0511workout|yushuan0513workout,haoyu0512workout,ziho0512workout,ziho0512workout,db_bench_press,3,0,7.0,2.8755128599789255,,,,7,3,7-8,3-4
M1_exercise_plus_rep_progress,ridge,7,hsianshun0514workout|tsenyu0515workout|yanz0510workout|yoru0511workout|yushuan0513workout,haoyu0512workout,ziho0512workout,ziho0512workout,db_bench_press,3,1,7.0,3.3214082148528665,,,,7,3,7-8,3-4
M1_exercise_plus_rep_progress,ridge,7,hsianshun0514workout|tsenyu0515workout|yanz0510workout|yoru0511workout|yushuan0513workout,haoyu0512workout,ziho0512workout,ziho0512workout,db_bench_press,3,2,7.0,3.767303569726808,,,,7,4,7-8,3-4
M1_exercise_plus_rep_progress,ridge,7,hsianshun0514workout|tsenyu0515workout|yanz0510workout|yoru0511workout|yushuan0513workout,haoyu0512workout,ziho0512workout,ziho0512workout,db_bench_press,3,3,8.0,4.213198924600748,,,,8,4,7-8,3-4
M1_exercise_plus_rep_progress,ridge,7,hsianshun0514workout|tsenyu0515workout|yanz0510workout|yoru0511workout|yushuan0513workout,haoyu0512workout,ziho0512workout,ziho0512workout,db_bench_press,3,4,8.0,4.659094279474689,,,,8,5,7-8,5-6
M1_exercise_plus_rep_progress,ridge,7,hsianshun0514workout|tsenyu0515workout|yanz0510workout|yoru0511workout|yushuan0513workout,haoyu0512workout,ziho0512workout,ziho0512workout,db_bench_press,3,5,9.0,5.10498963434863,,,,9,5,9-10,5-6
M1_exercise_plus_rep_progress,ridge,7,hsianshun0514workout|tsenyu0515workout|yanz0510workout|yoru0511workout|yushuan0513workout,haoyu0512workout,ziho0512workout,ziho0512workout,db_bench_press,3,6,9.0,5.550884989222571,,,,9,6,9-10,5-6
M1_exercise_plus_rep_progress,ridge,7,hsianshun0514workout|tsenyu0515workout|yanz0510workout|yoru0511workout|yushuan0513workout,haoyu0512workout,ziho0512workout,ziho0512workout,db_bench_press,3,7,9.0,5.996780344096512,,,,9,6,9-10,5-6
M1_exercise_plus_rep_progress,ridge,7,hsianshun0514workout|tsenyu0515workout|yanz0510workout|yoru0511workout|yushuan0513workout,haoyu0512workout,ziho0512workout,ziho0512workout,db_bench_press,3,8,10.0,6.4426756989704534,,,,10,6,9-10,5-6
M1_exercise_plus_rep_progress,ridge,7,hsianshun0514workout|tsenyu0515workout|yanz0510workout|yoru0511workout|yushuan0513workout,haoyu0512workout,ziho0512workout,ziho0512workout,db_biceps_curl,0,0,1.0,4.228461589761926,,,,1,4,1-2,3-4
M1_exercise_plus_rep_progress,ridge,7,hsianshun0514workout|tsenyu0515workout|yanz0510workout|yoru0511workout|yushuan0513workout,haoyu0512workout,ziho0512workout,ziho0512workout,db_biceps_curl,0,1,3.0,4.552749120579337,,,,3,5,3-4,5-6
M1_exercise_plus_rep_progress,ridge,7,hsianshun0514workout|tsenyu0515workout|yanz0510workout|yoru0511workout|yushuan0513workout,haoyu0512workout,ziho0512workout,ziho0512workout,db_biceps_curl,0,2,5.0,4.8770366513967485,,,,5,5,5-6,5-6
M1_exercise_plus_rep_progress,ridge,7,hsianshun0514workout|tsenyu0515workout|yanz0510workout|yoru0511workout|yushuan0513workout,haoyu0512workout,ziho0512workout,ziho0512workout,db_biceps_curl,0,3,5.0,5.20132418221416,,,,5,5,5-6,5-6
M1_exercise_plus_rep_progress,ridge,7,hsianshun0514workout|tsenyu0515workout|yanz0510workout|yoru0511workout|yushuan0513workout,haoyu0512workout,ziho0512workout,ziho0512workout,db_biceps_curl,0,4,5.0,5.525611713031572,,,,5,6,5-6,5-6
M1_exercise_plus_rep_progress,ridge,7,hsianshun0514workout|tsenyu0515workout|yanz0510workout|yoru0511workout|yushuan0513workout,haoyu0512workout,ziho0512workout,ziho0512workout,db_biceps_curl,0,5,6.0,5.849899243848983,,,,6,6,5-6,5-6
M1_exercise_plus_rep_progress,ridge,7,hsianshun0514workout|tsenyu0515workout|yanz0510workout|yoru0511workout|yushuan0513workout,haoyu0512workout,ziho0512workout,ziho0512workout,db_biceps_curl,0,6,6.0,6.174186774666395,,,,6,6,5-6,5-6
M1_exercise_plus_rep_progress,ridge,7,hsianshun0514workout|tsenyu0515workout|yanz0510workout|yoru0511workout|yushuan0513workout,haoyu0512workout,ziho0512workout,ziho0512workout,db_biceps_curl,0,7,7.0,6.498474305483807,,,,7,6,7-8,5-6
M1_exercise_plus_rep_progress,ridge,7,hsianshun0514workout|tsenyu0515workout|yanz0510workout|yoru0511workout|yushuan0513workout,haoyu0512workout,ziho0512workout,ziho0512workout,db_biceps_curl,0,8,7.0,6.822761836301218,,,,7,7,7-8,7-8
M1_exercise_plus_rep_progress,ridge,7,hsianshun0514workout|tsenyu0515workout|yanz0510workout|yoru0511workout|yushuan0513workout,haoyu0512workout,ziho0512workout,ziho0512workout,db_biceps_curl,0,9,8.0,7.14704936711863,,,,8,7,7-8,7-8
M1_exercise_plus_rep_progress,ridge,7,hsianshun0514workout|tsenyu0515workout|yanz0510workout|yoru0511workout|yushuan0513workout,haoyu0512workout,ziho0512workout,ziho0512workout,db_biceps_curl,0,10,8.0,7.471336897936041,,,,8,7,7-8,7-8
M1_exercise_plus_rep_progress,ridge,7,hsianshun0514workout|tsenyu0515workout|yanz0510workout|yoru0511workout|yushuan0513workout,haoyu0512workout,ziho0512workout,ziho0512workout,db_biceps_curl,0,11,9.0,7.795624428753452,,,,9,8,9-10,7-8
M1_exercise_plus_rep_progress,ridge,7,hsianshun0514workout|tsenyu0515workout|yanz0510workout|yoru0511workout|yushuan0513workout,haoyu0512workout,ziho0512workout,ziho0512workout,db_biceps_curl,1,0,5.0,4.228461589761926,,,,5,4,5-6,3-4
M1_exercise_plus_rep_progress,ridge,7,hsianshun0514workout|tsenyu0515workout|yanz0510workout|yoru0511workout|yushuan0513workout,haoyu0512workout,ziho0512workout,ziho0512workout,db_biceps_curl,1,1,5.0,4.552749120579337,,,,5,5,5-6,5-6
M1_exercise_plus_rep_progress,ridge,7,hsianshun0514workout|tsenyu0515workout|yanz0510workout|yoru0511workout|yushuan0513workout,haoyu0512workout,ziho0512workout,ziho0512workout,db_biceps_curl,1,2,6.0,4.8770366513967485,,,,6,5,5-6,5-6
M1_exercise_plus_rep_progress,ridge,7,hsianshun0514workout|tsenyu0515workout|yanz0510workout|yoru0511workout|yushuan0513workout,haoyu0512workout,ziho0512workout,ziho0512workout,db_biceps_curl,1,3,6.0,5.20132418221416,,,,6,5,5-6,5-6
M1_exercise_plus_rep_progress,ridge,7,hsianshun0514workout|tsenyu0515workout|yanz0510workout|yoru0511workout|yushuan0513workout,haoyu0512workout,ziho0512workout,ziho0512workout,db_biceps_curl,1,4,6.0,5.525611713031572,,,,6,6,5-6,5-6
M1_exercise_plus_rep_progress,ridge,7,hsianshun0514workout|tsenyu0515workout|yanz0510workout|yoru0511workout|yushuan0513workout,haoyu0512workout,ziho0512workout,ziho0512workout,db_biceps_curl,1,5,7.0,5.849899243848983,,,,7,6,7-8,5-6
M1_exercise_plus_rep_progress,ridge,7,hsianshun0514workout|tsenyu0515workout|yanz0510workout|yoru0511workout|yushuan0513workout,haoyu0512workout,ziho0512workout,ziho0512workout,db_biceps_curl,1,6,7.0,6.174186774666395,,,,7,6,7-8,5-6
M1_exercise_plus_rep_progress,ridge,7,hsianshun0514workout|tsenyu0515workout|yanz0510workout|yoru0511workout|yushuan0513workout,haoyu0512workout,ziho0512workout,ziho0512workout,db_biceps_curl,1,7,7.0,6.498474305483807,,,,7,6,7-8,5-6
M1_exercise_plus_rep_progress,ridge,7,hsianshun0514workout|tsenyu0515workout|yanz0510workout|yoru0511workout|yushuan0513workout,haoyu0512workout,ziho0512workout,ziho0512workout,db_biceps_curl,1,8,8.0,6.822761836301218,,,,8,7,7-8,7-8
M1_exercise_plus_rep_progress,ridge,7,hsianshun0514workout|tsenyu0515workout|yanz0510workout|yoru0511workout|yushuan0513workout,haoyu0512workout,ziho0512workout,ziho0512workout,db_biceps_curl,1,9,9.0,7.14704936711863,,,,9,7,9-10,7-8
M1_exercise_plus_rep_progress,ridge,7,hsianshun0514workout|tsenyu0515workout|yanz0510workout|yoru0511workout|yushuan0513workout,haoyu0512workout,ziho0512workout,ziho0512workout,db_biceps_curl,1,10,9.0,7.471336897936041,,,,9,7,9-10,7-8
M1_exercise_plus_rep_progress,ridge,7,hsianshun0514workout|tsenyu0515workout|yanz0510workout|yoru0511workout|yushuan0513workout,haoyu0512workout,ziho0512workout,ziho0512workout,db_biceps_curl,1,11,9.0,7.795624428753452,,,,9,8,9-10,7-8
M1_exercise_plus_rep_progress,ridge,7,hsianshun0514workout|tsenyu0515workout|yanz0510workout|yoru0511workout|yushuan0513workout,haoyu0512workout,ziho0512workout,ziho0512workout,db_biceps_curl,2,0,5.0,4.228461589761926,,,,5,4,5-6,3-4
M1_exercise_plus_rep_progress,ridge,7,hsianshun0514workout|tsenyu0515workout|yanz0510workout|yoru0511workout|yushuan0513workout,haoyu0512workout,ziho0512workout,ziho0512workout,db_biceps_curl,2,1,5.0,4.552749120579337,,,,5,5,5-6,5-6
M1_exercise_plus_rep_progress,ridge,7,hsianshun0514workout|tsenyu0515workout|yanz0510workout|yoru0511workout|yushuan0513workout,haoyu0512workout,ziho0512workout,ziho0512workout,db_biceps_curl,2,2,6.0,4.8770366513967485,,,,6,5,5-6,5-6
M1_exercise_plus_rep_progress,ridge,7,hsianshun0514workout|tsenyu0515workout|yanz0510workout|yoru0511workout|yushuan0513workout,haoyu0512workout,ziho0512workout,ziho0512workout,db_biceps_curl,2,3,6.0,5.20132418221416,,,,6,5,5-6,5-6
M1_exercise_plus_rep_progress,ridge,7,hsianshun0514workout|tsenyu0515workout|yanz0510workout|yoru0511workout|yushuan0513workout,haoyu0512workout,ziho0512workout,ziho0512workout,db_biceps_curl,2,4,6.0,5.525611713031572,,,,6,6,5-6,5-6
M1_exercise_plus_rep_progress,ridge,7,hsianshun0514workout|tsenyu0515workout|yanz0510workout|yoru0511workout|yushuan0513workout,haoyu0512workout,ziho0512workout,ziho0512workout,db_biceps_curl,2,5,7.0,5.849899243848983,,,,7,6,7-8,5-6
M1_exercise_plus_rep_progress,ridge,7,hsianshun0514workout|tsenyu0515workout|yanz0510workout|yoru0511workout|yushuan0513workout,haoyu0512workout,ziho0512workout,ziho0512workout,db_biceps_curl,2,6,8.0,6.174186774666395,,,,8,6,7-8,5-6
M1_exercise_plus_rep_progress,ridge,7,hsianshun0514workout|tsenyu0515workout|yanz0510workout|yoru0511workout|yushuan0513workout,haoyu0512workout,ziho0512workout,ziho0512workout,db_biceps_curl,2,7,8.0,6.498474305483807,,,,8,6,7-8,5-6
M1_exercise_plus_rep_progress,ridge,7,hsianshun0514workout|tsenyu0515workout|yanz0510workout|yoru0511workout|yushuan0513workout,haoyu0512workout,ziho0512workout,ziho0512workout,db_biceps_curl,2,8,8.0,6.822761836301218,,,,8,7,7-8,7-8
M1_exercise_plus_rep_progress,ridge,7,hsianshun0514workout|tsenyu0515workout|yanz0510workout|yoru0511workout|yushuan0513workout,haoyu0512workout,ziho0512workout,ziho0512workout,db_biceps_curl,2,9,9.0,7.14704936711863,,,,9,7,9-10,7-8
M1_exercise_plus_rep_progress,ridge,7,hsianshun0514workout|tsenyu0515workout|yanz0510workout|yoru0511workout|yushuan0513workout,haoyu0512workout,ziho0512workout,ziho0512workout,db_biceps_curl,2,10,9.0,7.471336897936041,,,,9,7,9-10,7-8
M1_exercise_plus_rep_progress,ridge,7,hsianshun0514workout|tsenyu0515workout|yanz0510workout|yoru0511workout|yushuan0513workout,haoyu0512workout,ziho0512workout,ziho0512workout,db_biceps_curl,2,11,9.0,7.795624428753452,,,,9,8,9-10,7-8
M1_exercise_plus_rep_progress,ridge,7,hsianshun0514workout|tsenyu0515workout|yanz0510workout|yoru0511workout|yushuan0513workout,haoyu0512workout,ziho0512workout,ziho0512workout,db_rdl,0,0,1.0,3.233661078910802,,,,1,3,1-2,3-4
M1_exercise_plus_rep_progress,ridge,7,hsianshun0514workout|tsenyu0515workout|yanz0510workout|yoru0511workout|yushuan0513workout,haoyu0512workout,ziho0512workout,ziho0512workout,db_rdl,0,1,4.0,3.557948609728214,,,,4,4,3-4,3-4
M1_exercise_plus_rep_progress,ridge,7,hsianshun0514workout|tsenyu0515workout|yanz0510workout|yoru0511workout|yushuan0513workout,haoyu0512workout,ziho0512workout,ziho0512workout,db_rdl,0,2,4.0,3.8822361405456247,,,,4,4,3-4,3-4
M1_exercise_plus_rep_progress,ridge,7,hsianshun0514workout|tsenyu0515workout|yanz0510workout|yoru0511workout|yushuan0513workout,haoyu0512workout,ziho0512workout,ziho0512workout,db_rdl,0,3,4.0,4.206523671363037,,,,4,4,3-4,3-4
M1_exercise_plus_rep_progress,ridge,7,hsianshun0514workout|tsenyu0515workout|yanz0510workout|yoru0511workout|yushuan0513workout,haoyu0512workout,ziho0512workout,ziho0512workout,db_rdl,0,4,6.0,4.530811202180448,,,,6,5,5-6,5-6
M1_exercise_plus_rep_progress,ridge,7,hsianshun0514workout|tsenyu0515workout|yanz0510workout|yoru0511workout|yushuan0513workout,haoyu0512workout,ziho0512workout,ziho0512workout,db_rdl,0,5,6.0,4.85509873299786,,,,6,5,5-6,5-6
M1_exercise_plus_rep_progress,ridge,7,hsianshun0514workout|tsenyu0515workout|yanz0510workout|yoru0511workout|yushuan0513workout,haoyu0512workout,ziho0512workout,ziho0512workout,db_rdl,0,6,6.0,5.179386263815272,,,,6,5,5-6,5-6
M1_exercise_plus_rep_progress,ridge,7,hsianshun0514workout|tsenyu0515workout|yanz0510workout|yoru0511workout|yushuan0513workout,haoyu0512workout,ziho0512workout,ziho0512workout,db_rdl,0,7,7.0,5.503673794632683,,,,7,6,7-8,5-6
M1_exercise_plus_rep_progress,ridge,7,hsianshun0514workout|tsenyu0515workout|yanz0510workout|yoru0511workout|yushuan0513workout,haoyu0512workout,ziho0512workout,ziho0512workout,db_rdl,0,8,7.0,5.827961325450095,,,,7,6,7-8,5-6
M1_exercise_plus_rep_progress,ridge,7,hsianshun0514workout|tsenyu0515workout|yanz0510workout|yoru0511workout|yushuan0513workout,haoyu0512workout,ziho0512workout,ziho0512workout,db_rdl,0,9,7.0,6.152248856267507,,,,7,6,7-8,5-6
M1_exercise_plus_rep_progress,ridge,7,hsianshun0514workout|tsenyu0515workout|yanz0510workout|yoru0511workout|yushuan0513workout,haoyu0512workout,ziho0512workout,ziho0512workout,db_rdl,0,10,8.0,6.476536387084918,,,,8,6,7-8,5-6
M1_exercise_plus_rep_progress,ridge,7,hsianshun0514workout|tsenyu0515workout|yanz0510workout|yoru0511workout|yushuan0513workout,haoyu0512workout,ziho0512workout,ziho0512workout,db_rdl,0,11,8.0,6.8008239179023295,,,,8,7,7-8,7-8
M1_exercise_plus_rep_progress,ridge,7,hsianshun0514workout|tsenyu0515workout|yanz0510workout|yoru0511workout|yushuan0513workout,haoyu0512workout,ziho0512workout,ziho0512workout,db_rdl,2,0,5.0,3.233661078910802,,,,5,3,5-6,3-4
M1_exercise_plus_rep_progress,ridge,7,hsianshun0514workout|tsenyu0515workout|yanz0510workout|yoru0511workout|yushuan0513workout,haoyu0512workout,ziho0512workout,ziho0512workout,db_rdl,2,1,5.0,3.557948609728214,,,,5,4,5-6,3-4
M1_exercise_plus_rep_progress,ridge,7,hsianshun0514workout|tsenyu0515workout|yanz0510workout|yoru0511workout|yushuan0513workout,haoyu0512workout,ziho0512workout,ziho0512workout,db_rdl,2,2,5.0,3.8822361405456247,,,,5,4,5-6,3-4
M1_exercise_plus_rep_progress,ridge,7,hsianshun0514workout|tsenyu0515workout|yanz0510workout|yoru0511workout|yushuan0513workout,haoyu0512workout,ziho0512workout,ziho0512workout,db_rdl,2,3,6.0,4.206523671363037,,,,6,4,5-6,3-4
M1_exercise_plus_rep_progress,ridge,7,hsianshun0514workout|tsenyu0515workout|yanz0510workout|yoru0511workout|yushuan0513workout,haoyu0512workout,ziho0512workout,ziho0512workout,db_rdl,2,4,6.0,4.530811202180448,,,,6,5,5-6,5-6
M1_exercise_plus_rep_progress,ridge,7,hsianshun0514workout|tsenyu0515workout|yanz0510workout|yoru0511workout|yushuan0513workout,haoyu0512workout,ziho0512workout,ziho0512workout,db_rdl,2,5,7.0,4.85509873299786,,,,7,5,7-8,5-6
M1_exercise_plus_rep_progress,ridge,7,hsianshun0514workout|tsenyu0515workout|yanz0510workout|yoru0511workout|yushuan0513workout,haoyu0512workout,ziho0512workout,ziho0512workout,db_rdl,2,6,7.0,5.179386263815272,,,,7,5,7-8,5-6
M1_exercise_plus_rep_progress,ridge,7,hsianshun0514workout|tsenyu0515workout|yanz0510workout|yoru0511workout|yushuan0513workout,haoyu0512workout,ziho0512workout,ziho0512workout,db_rdl,2,7,7.0,5.503673794632683,,,,7,6,7-8,5-6
M1_exercise_plus_rep_progress,ridge,7,hsianshun0514workout|tsenyu0515workout|yanz0510workout|yoru0511workout|yushuan0513workout,haoyu0512workout,ziho0512workout,ziho0512workout,db_rdl,2,8,8.0,5.827961325450095,,,,8,6,7-8,5-6
M1_exercise_plus_rep_progress,ridge,7,hsianshun0514workout|tsenyu0515workout|yanz0510workout|yoru0511workout|yushuan0513workout,haoyu0512workout,ziho0512workout,ziho0512workout,db_rdl,2,9,8.0,6.152248856267507,,,,8,6,7-8,5-6
M1_exercise_plus_rep_progress,ridge,7,hsianshun0514workout|tsenyu0515workout|yanz0510workout|yoru0511workout|yushuan0513workout,haoyu0512workout,ziho0512workout,ziho0512workout,db_rdl,2,10,9.0,6.476536387084918,,,,9,6,9-10,5-6
M1_exercise_plus_rep_progress,ridge,7,hsianshun0514workout|tsenyu0515workout|yanz0510workout|yoru0511workout|yushuan0513workout,haoyu0512workout,ziho0512workout,ziho0512workout,db_rdl,2,11,9.0,6.8008239179023295,,,,9,7,9-10,7-8
M1_exercise_plus_rep_progress,ridge,7,hsianshun0514workout|tsenyu0515workout|yanz0510workout|yoru0511workout|yushuan0513workout,haoyu0512workout,ziho0512workout,ziho0512workout,db_shoulder_press,0,0,1.0,4.173989496122066,,,,1,4,1-2,3-4
M1_exercise_plus_rep_progress,ridge,7,hsianshun0514workout|tsenyu0515workout|yanz0510workout|yoru0511workout|yushuan0513workout,haoyu0512workout,ziho0512workout,ziho0512workout,db_shoulder_press,0,1,4.0,4.5307057800212185,,,,4,5,3-4,5-6
M1_exercise_plus_rep_progress,ridge,7,hsianshun0514workout|tsenyu0515workout|yanz0510workout|yoru0511workout|yushuan0513workout,haoyu0512workout,ziho0512workout,ziho0512workout,db_shoulder_press,0,2,5.0,4.887422063920371,,,,5,5,5-6,5-6
M1_exercise_plus_rep_progress,ridge,7,hsianshun0514workout|tsenyu0515workout|yanz0510workout|yoru0511workout|yushuan0513workout,haoyu0512workout,ziho0512workout,ziho0512workout,db_shoulder_press,0,3,5.0,5.244138347819524,,,,5,5,5-6,5-6
M1_exercise_plus_rep_progress,ridge,7,hsianshun0514workout|tsenyu0515workout|yanz0510workout|yoru0511workout|yushuan0513workout,haoyu0512workout,ziho0512workout,ziho0512workout,db_shoulder_press,0,4,6.0,5.6008546317186765,,,,6,6,5-6,5-6
M1_exercise_plus_rep_progress,ridge,7,hsianshun0514workout|tsenyu0515workout|yanz0510workout|yoru0511workout|yushuan0513workout,haoyu0512workout,ziho0512workout,ziho0512workout,db_shoulder_press,0,5,6.0,5.957570915617829,,,,6,6,5-6,5-6
M1_exercise_plus_rep_progress,ridge,7,hsianshun0514workout|tsenyu0515workout|yanz0510workout|yoru0511workout|yushuan0513workout,haoyu0512workout,ziho0512workout,ziho0512workout,db_shoulder_press,0,6,7.0,6.314287199516983,,,,7,6,7-8,5-6
M1_exercise_plus_rep_progress,ridge,7,hsianshun0514workout|tsenyu0515workout|yanz0510workout|yoru0511workout|yushuan0513workout,haoyu0512workout,ziho0512workout,ziho0512workout,db_shoulder_press,0,7,7.0,6.671003483416135,,,,7,7,7-8,7-8
M1_exercise_plus_rep_progress,ridge,7,hsianshun0514workout|tsenyu0515workout|yanz0510workout|yoru0511workout|yushuan0513workout,haoyu0512workout,ziho0512workout,ziho0512workout,db_shoulder_press,0,8,8.0,7.027719767315288,,,,8,7,7-8,7-8
M1_exercise_plus_rep_progress,ridge,7,hsianshun0514workout|tsenyu0515workout|yanz0510workout|yoru0511workout|yushuan0513workout,haoyu0512workout,ziho0512workout,ziho0512workout,db_shoulder_press,0,9,9.0,7.384436051214441,,,,9,7,9-10,7-8
M1_exercise_plus_rep_progress,ridge,7,hsianshun0514workout|tsenyu0515workout|yanz0510workout|yoru0511workout|yushuan0513workout,haoyu0512workout,ziho0512workout,ziho0512workout,db_shoulder_press,0,10,10.0,7.741152335113593,,,,10,8,9-10,7-8
M1_exercise_plus_rep_progress,ridge,7,hsianshun0514workout|tsenyu0515workout|yanz0510workout|yoru0511workout|yushuan0513workout,haoyu0512workout,ziho0512workout,ziho0512workout,db_shoulder_press,1,0,5.0,4.173989496122066,,,,5,4,5-6,3-4
M1_exercise_plus_rep_progress,ridge,7,hsianshun0514workout|tsenyu0515workout|yanz0510workout|yoru0511workout|yushuan0513workout,haoyu0512workout,ziho0512workout,ziho0512workout,db_shoulder_press,1,1,6.0,4.5307057800212185,,,,6,5,5-6,5-6
M1_exercise_plus_rep_progress,ridge,7,hsianshun0514workout|tsenyu0515workout|yanz0510workout|yoru0511workout|yushuan0513workout,haoyu0512workout,ziho0512workout,ziho0512workout,db_shoulder_press,1,2,6.0,4.887422063920371,,,,6,5,5-6,5-6
M1_exercise_plus_rep_progress,ridge,7,hsianshun0514workout|tsenyu0515workout|yanz0510workout|yoru0511workout|yushuan0513workout,haoyu0512workout,ziho0512workout,ziho0512workout,db_shoulder_press,1,3,7.0,5.244138347819524,,,,7,5,7-8,5-6
M1_exercise_plus_rep_progress,ridge,7,hsianshun0514workout|tsenyu0515workout|yanz0510workout|yoru0511workout|yushuan0513workout,haoyu0512workout,ziho0512workout,ziho0512workout,db_shoulder_press,1,4,7.0,5.6008546317186765,,,,7,6,7-8,5-6
M1_exercise_plus_rep_progress,ridge,7,hsianshun0514workout|tsenyu0515workout|yanz0510workout|yoru0511workout|yushuan0513workout,haoyu0512workout,ziho0512workout,ziho0512workout,db_shoulder_press,1,5,7.0,5.957570915617829,,,,7,6,7-8,5-6
M1_exercise_plus_rep_progress,ridge,7,hsianshun0514workout|tsenyu0515workout|yanz0510workout|yoru0511workout|yushuan0513workout,haoyu0512workout,ziho0512workout,ziho0512workout,db_shoulder_press,1,6,8.0,6.314287199516983,,,,8,6,7-8,5-6
M1_exercise_plus_rep_progress,ridge,7,hsianshun0514workout|tsenyu0515workout|yanz0510workout|yoru0511workout|yushuan0513workout,haoyu0512workout,ziho0512workout,ziho0512workout,db_shoulder_press,1,7,8.0,6.671003483416135,,,,8,7,7-8,7-8
M1_exercise_plus_rep_progress,ridge,7,hsianshun0514workout|tsenyu0515workout|yanz0510workout|yoru0511workout|yushuan0513workout,haoyu0512workout,ziho0512workout,ziho0512workout,db_shoulder_press,1,8,8.0,7.027719767315288,,,,8,7,7-8,7-8
M1_exercise_plus_rep_progress,ridge,7,hsianshun0514workout|tsenyu0515workout|yanz0510workout|yoru0511workout|yushuan0513workout,haoyu0512workout,ziho0512workout,ziho0512workout,db_shoulder_press,1,9,9.0,7.384436051214441,,,,9,7,9-10,7-8
M1_exercise_plus_rep_progress,ridge,7,hsianshun0514workout|tsenyu0515workout|yanz0510workout|yoru0511workout|yushuan0513workout,haoyu0512workout,ziho0512workout,ziho0512workout,db_shoulder_press,1,10,10.0,7.741152335113593,,,,10,8,9-10,7-8
M1_exercise_plus_rep_progress,ridge,7,hsianshun0514workout|tsenyu0515workout|yanz0510workout|yoru0511workout|yushuan0513workout,haoyu0512workout,ziho0512workout,ziho0512workout,db_shoulder_press,2,0,6.0,4.173989496122066,,,,6,4,5-6,3-4
M1_exercise_plus_rep_progress,ridge,7,hsianshun0514workout|tsenyu0515workout|yanz0510workout|yoru0511workout|yushuan0513workout,haoyu0512workout,ziho0512workout,ziho0512workout,db_shoulder_press,2,1,6.0,4.619884850996007,,,,6,5,5-6,5-6
M1_exercise_plus_rep_progress,ridge,7,hsianshun0514workout|tsenyu0515workout|yanz0510workout|yoru0511workout|yushuan0513workout,haoyu0512workout,ziho0512workout,ziho0512workout,db_shoulder_press,2,2,7.0,5.065780205869948,,,,7,5,7-8,5-6
M1_exercise_plus_rep_progress,ridge,7,hsianshun0514workout|tsenyu0515workout|yanz0510workout|yoru0511workout|yushuan0513workout,haoyu0512workout,ziho0512workout,ziho0512workout,db_shoulder_press,2,3,7.0,5.511675560743889,,,,7,6,7-8,5-6
M1_exercise_plus_rep_progress,ridge,7,hsianshun0514workout|tsenyu0515workout|yanz0510workout|yoru0511workout|yushuan0513workout,haoyu0512workout,ziho0512workout,ziho0512workout,db_shoulder_press,2,4,8.0,5.957570915617829,,,,8,6,7-8,5-6
M1_exercise_plus_rep_progress,ridge,7,hsianshun0514workout|tsenyu0515workout|yanz0510workout|yoru0511workout|yushuan0513workout,haoyu0512workout,ziho0512workout,ziho0512workout,db_shoulder_press,2,5,9.0,6.403466270491771,,,,9,6,9-10,5-6
M1_exercise_plus_rep_progress,ridge,7,hsianshun0514workout|tsenyu0515workout|yanz0510workout|yoru0511workout|yushuan0513workout,haoyu0512workout,ziho0512workout,ziho0512workout,db_shoulder_press,2,6,9.0,6.849361625365711,,,,9,7,9-10,7-8
M1_exercise_plus_rep_progress,ridge,7,hsianshun0514workout|tsenyu0515workout|yanz0510workout|yoru0511workout|yushuan0513workout,haoyu0512workout,ziho0512workout,ziho0512workout,db_shoulder_press,2,7,9.0,7.295256980239653,,,,9,7,9-10,7-8
M1_exercise_plus_rep_progress,ridge,7,hsianshun0514workout|tsenyu0515workout|yanz0510workout|yoru0511workout|yushuan0513workout,haoyu0512workout,ziho0512workout,ziho0512workout,db_shoulder_press,2,8,10.0,7.741152335113593,,,,10,8,9-10,7-8
M1_exercise_plus_rep_progress,ridge,7,hsianshun0514workout|tsenyu0515workout|yanz0510workout|yoru0511workout|yushuan0513workout,haoyu0512workout,ziho0512workout,ziho0512workout,db_squat,0,0,1.0,2.92753272469583,,,,1,3,1-2,3-4
M1_exercise_plus_rep_progress,ridge,7,hsianshun0514workout|tsenyu0515workout|yanz0510workout|yoru0511workout|yushuan0513workout,haoyu0512workout,ziho0512workout,ziho0512workout,db_squat,0,1,4.0,3.2518202555132407,,,,4,3,3-4,3-4
M1_exercise_plus_rep_progress,ridge,7,hsianshun0514workout|tsenyu0515workout|yanz0510workout|yoru0511workout|yushuan0513workout,haoyu0512workout,ziho0512workout,ziho0512workout,db_squat,0,2,4.0,3.5761077863306525,,,,4,4,3-4,3-4
M1_exercise_plus_rep_progress,ridge,7,hsianshun0514workout|tsenyu0515workout|yanz0510workout|yoru0511workout|yushuan0513workout,haoyu0512workout,ziho0512workout,ziho0512workout,db_squat,0,3,4.0,3.900395317148064,,,,4,4,3-4,3-4
M1_exercise_plus_rep_progress,ridge,7,hsianshun0514workout|tsenyu0515workout|yanz0510workout|yoru0511workout|yushuan0513workout,haoyu0512workout,ziho0512workout,ziho0512workout,db_squat,0,4,4.0,4.224682847965475,,,,4,4,3-4,3-4
M1_exercise_plus_rep_progress,ridge,7,hsianshun0514workout|tsenyu0515workout|yanz0510workout|yoru0511workout|yushuan0513workout,haoyu0512workout,ziho0512workout,ziho0512workout,db_squat,0,5,4.0,4.548970378782887,,,,4,5,3-4,5-6
M1_exercise_plus_rep_progress,ridge,7,hsianshun0514workout|tsenyu0515workout|yanz0510workout|yoru0511workout|yushuan0513workout,haoyu0512workout,ziho0512workout,ziho0512workout,db_squat,0,6,6.0,4.873257909600299,,,,6,5,5-6,5-6
M1_exercise_plus_rep_progress,ridge,7,hsianshun0514workout|tsenyu0515workout|yanz0510workout|yoru0511workout|yushuan0513workout,haoyu0512workout,ziho0512workout,ziho0512workout,db_squat,0,7,6.0,5.19754544041771,,,,6,5,5-6,5-6
M1_exercise_plus_rep_progress,ridge,7,hsianshun0514workout|tsenyu0515workout|yanz0510workout|yoru0511workout|yushuan0513workout,haoyu0512workout,ziho0512workout,ziho0512workout,db_squat,0,8,6.0,5.521832971235122,,,,6,6,5-6,5-6
M1_exercise_plus_rep_progress,ridge,7,hsianshun0514workout|tsenyu0515workout|yanz0510workout|yoru0511workout|yushuan0513workout,haoyu0512workout,ziho0512workout,ziho0512workout,db_squat,0,9,6.0,5.846120502052534,,,,6,6,5-6,5-6
M1_exercise_plus_rep_progress,ridge,7,hsianshun0514workout|tsenyu0515workout|yanz0510workout|yoru0511workout|yushuan0513workout,haoyu0512workout,ziho0512workout,ziho0512workout,db_squat,0,10,7.0,6.170408032869946,,,,7,6,7-8,5-6
M1_exercise_plus_rep_progress,ridge,7,hsianshun0514workout|tsenyu0515workout|yanz0510workout|yoru0511workout|yushuan0513workout,haoyu0512workout,ziho0512workout,ziho0512workout,db_squat,0,11,7.0,6.494695563687357,,,,7,6,7-8,5-6
M1_exercise_plus_rep_progress,ridge,7,hsianshun0514workout|tsenyu0515workout|yanz0510workout|yoru0511workout|yushuan0513workout,haoyu0512workout,ziho0512workout,ziho0512workout,db_squat,1,0,5.0,2.92753272469583,,,,5,3,5-6,3-4
M1_exercise_plus_rep_progress,ridge,7,hsianshun0514workout|tsenyu0515workout|yanz0510workout|yoru0511workout|yushuan0513workout,haoyu0512workout,ziho0512workout,ziho0512workout,db_squat,1,1,6.0,3.2518202555132407,,,,6,3,5-6,3-4
M1_exercise_plus_rep_progress,ridge,7,hsianshun0514workout|tsenyu0515workout|yanz0510workout|yoru0511workout|yushuan0513workout,haoyu0512workout,ziho0512workout,ziho0512workout,db_squat,1,2,6.0,3.5761077863306525,,,,6,4,5-6,3-4
M1_exercise_plus_rep_progress,ridge,7,hsianshun0514workout|tsenyu0515workout|yanz0510workout|yoru0511workout|yushuan0513workout,haoyu0512workout,ziho0512workout,ziho0512workout,db_squat,1,3,6.0,3.900395317148064,,,,6,4,5-6,3-4
M1_exercise_plus_rep_progress,ridge,7,hsianshun0514workout|tsenyu0515workout|yanz0510workout|yoru0511workout|yushuan0513workout,haoyu0512workout,ziho0512workout,ziho0512workout,db_squat,1,4,6.0,4.224682847965475,,,,6,4,5-6,3-4
M1_exercise_plus_rep_progress,ridge,7,hsianshun0514workout|tsenyu0515workout|yanz0510workout|yoru0511workout|yushuan0513workout,haoyu0512workout,ziho0512workout,ziho0512workout,db_squat,1,5,7.0,4.548970378782887,,,,7,5,7-8,5-6
M1_exercise_plus_rep_progress,ridge,7,hsianshun0514workout|tsenyu0515workout|yanz0510workout|yoru0511workout|yushuan0513workout,haoyu0512workout,ziho0512workout,ziho0512workout,db_squat,1,6,7.0,4.873257909600299,,,,7,5,7-8,5-6
M1_exercise_plus_rep_progress,ridge,7,hsianshun0514workout|tsenyu0515workout|yanz0510workout|yoru0511workout|yushuan0513workout,haoyu0512workout,ziho0512workout,ziho0512workout,db_squat,1,7,7.0,5.19754544041771,,,,7,5,7-8,5-6
M1_exercise_plus_rep_progress,ridge,7,hsianshun0514workout|tsenyu0515workout|yanz0510workout|yoru0511workout|yushuan0513workout,haoyu0512workout,ziho0512workout,ziho0512workout,db_squat,1,8,7.0,5.521832971235122,,,,7,6,7-8,5-6
M1_exercise_plus_rep_progress,ridge,7,hsianshun0514workout|tsenyu0515workout|yanz0510workout|yoru0511workout|yushuan0513workout,haoyu0512workout,ziho0512workout,ziho0512workout,db_squat,1,9,8.0,5.846120502052534,,,,8,6,7-8,5-6
M1_exercise_plus_rep_progress,ridge,7,hsianshun0514workout|tsenyu0515workout|yanz0510workout|yoru0511workout|yushuan0513workout,haoyu0512workout,ziho0512workout,ziho0512workout,db_squat,1,10,8.0,6.170408032869946,,,,8,6,7-8,5-6
M1_exercise_plus_rep_progress,ridge,7,hsianshun0514workout|tsenyu0515workout|yanz0510workout|yoru0511workout|yushuan0513workout,haoyu0512workout,ziho0512workout,ziho0512workout,db_squat,1,11,8.0,6.494695563687357,,,,8,6,7-8,5-6
M1_exercise_plus_rep_progress,ridge,7,hsianshun0514workout|tsenyu0515workout|yanz0510workout|yoru0511workout|yushuan0513workout,haoyu0512workout,ziho0512workout,ziho0512workout,db_squat,2,0,5.0,2.92753272469583,,,,5,3,5-6,3-4
M1_exercise_plus_rep_progress,ridge,7,hsianshun0514workout|tsenyu0515workout|yanz0510workout|yoru0511workout|yushuan0513workout,haoyu0512workout,ziho0512workout,ziho0512workout,db_squat,2,1,5.0,3.2518202555132407,,,,5,3,5-6,3-4
M1_exercise_plus_rep_progress,ridge,7,hsianshun0514workout|tsenyu0515workout|yanz0510workout|yoru0511workout|yushuan0513workout,haoyu0512workout,ziho0512workout,ziho0512workout,db_squat,2,2,6.0,3.5761077863306525,,,,6,4,5-6,3-4
M1_exercise_plus_rep_progress,ridge,7,hsianshun0514workout|tsenyu0515workout|yanz0510workout|yoru0511workout|yushuan0513workout,haoyu0512workout,ziho0512workout,ziho0512workout,db_squat,2,3,6.0,3.900395317148064,,,,6,4,5-6,3-4
M1_exercise_plus_rep_progress,ridge,7,hsianshun0514workout|tsenyu0515workout|yanz0510workout|yoru0511workout|yushuan0513workout,haoyu0512workout,ziho0512workout,ziho0512workout,db_squat,2,4,7.0,4.224682847965475,,,,7,4,7-8,3-4
M1_exercise_plus_rep_progress,ridge,7,hsianshun0514workout|tsenyu0515workout|yanz0510workout|yoru0511workout|yushuan0513workout,haoyu0512workout,ziho0512workout,ziho0512workout,db_squat,2,5,7.0,4.548970378782887,,,,7,5,7-8,5-6
M1_exercise_plus_rep_progress,ridge,7,hsianshun0514workout|tsenyu0515workout|yanz0510workout|yoru0511workout|yushuan0513workout,haoyu0512workout,ziho0512workout,ziho0512workout,db_squat,2,6,7.0,4.873257909600299,,,,7,5,7-8,5-6
M1_exercise_plus_rep_progress,ridge,7,hsianshun0514workout|tsenyu0515workout|yanz0510workout|yoru0511workout|yushuan0513workout,haoyu0512workout,ziho0512workout,ziho0512workout,db_squat,2,7,7.0,5.19754544041771,,,,7,5,7-8,5-6
M1_exercise_plus_rep_progress,ridge,7,hsianshun0514workout|tsenyu0515workout|yanz0510workout|yoru0511workout|yushuan0513workout,haoyu0512workout,ziho0512workout,ziho0512workout,db_squat,2,8,8.0,5.521832971235122,,,,8,6,7-8,5-6
M1_exercise_plus_rep_progress,ridge,7,hsianshun0514workout|tsenyu0515workout|yanz0510workout|yoru0511workout|yushuan0513workout,haoyu0512workout,ziho0512workout,ziho0512workout,db_squat,2,9,8.0,5.846120502052534,,,,8,6,7-8,5-6
M1_exercise_plus_rep_progress,ridge,7,hsianshun0514workout|tsenyu0515workout|yanz0510workout|yoru0511workout|yushuan0513workout,haoyu0512workout,ziho0512workout,ziho0512workout,db_squat,2,10,8.0,6.170408032869946,,,,8,6,7-8,5-6
M1_exercise_plus_rep_progress,ridge,7,hsianshun0514workout|tsenyu0515workout|yanz0510workout|yoru0511workout|yushuan0513workout,haoyu0512workout,ziho0512workout,ziho0512workout,db_squat,2,11,9.0,6.494695563687357,,,,9,6,9-10,5-6
M1_exercise_plus_rep_progress,ridge,7,hsianshun0514workout|tsenyu0515workout|yanz0510workout|yoru0511workout|yushuan0513workout,haoyu0512workout,ziho0512workout,ziho0512workout,db_triceps_curl,0,0,1.0,3.1829004604662576,,,,1,3,1-2,3-4
M1_exercise_plus_rep_progress,ridge,7,hsianshun0514workout|tsenyu0515workout|yanz0510workout|yoru0511workout|yushuan0513workout,haoyu0512workout,ziho0512workout,ziho0512workout,db_triceps_curl,0,1,3.0,3.5071879912836694,,,,3,4,3-4,3-4
M1_exercise_plus_rep_progress,ridge,7,hsianshun0514workout|tsenyu0515workout|yanz0510workout|yoru0511workout|yushuan0513workout,haoyu0512workout,ziho0512workout,ziho0512workout,db_triceps_curl,0,2,5.0,3.8314755221010808,,,,5,4,5-6,3-4
M1_exercise_plus_rep_progress,ridge,7,hsianshun0514workout|tsenyu0515workout|yanz0510workout|yoru0511workout|yushuan0513workout,haoyu0512workout,ziho0512workout,ziho0512workout,db_triceps_curl,0,3,5.0,4.155763052918493,,,,5,4,5-6,3-4
M1_exercise_plus_rep_progress,ridge,7,hsianshun0514workout|tsenyu0515workout|yanz0510workout|yoru0511workout|yushuan0513workout,haoyu0512workout,ziho0512workout,ziho0512workout,db_triceps_curl,0,4,5.0,4.480050583735904,,,,5,4,5-6,3-4
M1_exercise_plus_rep_progress,ridge,7,hsianshun0514workout|tsenyu0515workout|yanz0510workout|yoru0511workout|yushuan0513workout,haoyu0512workout,ziho0512workout,ziho0512workout,db_triceps_curl,0,5,6.0,4.804338114553316,,,,6,5,5-6,5-6
M1_exercise_plus_rep_progress,ridge,7,hsianshun0514workout|tsenyu0515workout|yanz0510workout|yoru0511workout|yushuan0513workout,haoyu0512workout,ziho0512workout,ziho0512workout,db_triceps_curl,0,6,6.0,5.128625645370727,,,,6,5,5-6,5-6
M1_exercise_plus_rep_progress,ridge,7,hsianshun0514workout|tsenyu0515workout|yanz0510workout|yoru0511workout|yushuan0513workout,haoyu0512workout,ziho0512workout,ziho0512workout,db_triceps_curl,0,7,7.0,5.452913176188139,,,,7,5,7-8,5-6
M1_exercise_plus_rep_progress,ridge,7,hsianshun0514workout|tsenyu0515workout|yanz0510workout|yoru0511workout|yushuan0513workout,haoyu0512workout,ziho0512workout,ziho0512workout,db_triceps_curl,0,8,7.0,5.777200707005551,,,,7,6,7-8,5-6
M1_exercise_plus_rep_progress,ridge,7,hsianshun0514workout|tsenyu0515workout|yanz0510workout|yoru0511workout|yushuan0513workout,haoyu0512workout,ziho0512workout,ziho0512workout,db_triceps_curl,0,9,7.0,6.101488237822963,,,,7,6,7-8,5-6
M1_exercise_plus_rep_progress,ridge,7,hsianshun0514workout|tsenyu0515workout|yanz0510workout|yoru0511workout|yushuan0513workout,haoyu0512workout,ziho0512workout,ziho0512workout,db_triceps_curl,0,10,8.0,6.425775768640374,,,,8,6,7-8,5-6
M1_exercise_plus_rep_progress,ridge,7,hsianshun0514workout|tsenyu0515workout|yanz0510workout|yoru0511workout|yushuan0513workout,haoyu0512workout,ziho0512workout,ziho0512workout,db_triceps_curl,0,11,8.0,6.750063299457786,,,,8,7,7-8,7-8
M1_exercise_plus_rep_progress,ridge,7,hsianshun0514workout|tsenyu0515workout|yanz0510workout|yoru0511workout|yushuan0513workout,haoyu0512workout,ziho0512workout,ziho0512workout,db_triceps_curl,1,0,5.0,3.1829004604662576,,,,5,3,5-6,3-4
M1_exercise_plus_rep_progress,ridge,7,hsianshun0514workout|tsenyu0515workout|yanz0510workout|yoru0511workout|yushuan0513workout,haoyu0512workout,ziho0512workout,ziho0512workout,db_triceps_curl,1,1,5.0,3.5071879912836694,,,,5,4,5-6,3-4
M1_exercise_plus_rep_progress,ridge,7,hsianshun0514workout|tsenyu0515workout|yanz0510workout|yoru0511workout|yushuan0513workout,haoyu0512workout,ziho0512workout,ziho0512workout,db_triceps_curl,1,2,6.0,3.8314755221010808,,,,6,4,5-6,3-4
M1_exercise_plus_rep_progress,ridge,7,hsianshun0514workout|tsenyu0515workout|yanz0510workout|yoru0511workout|yushuan0513workout,haoyu0512workout,ziho0512workout,ziho0512workout,db_triceps_curl,1,3,6.0,4.155763052918493,,,,6,4,5-6,3-4
M1_exercise_plus_rep_progress,ridge,7,hsianshun0514workout|tsenyu0515workout|yanz0510workout|yoru0511workout|yushuan0513workout,haoyu0512workout,ziho0512workout,ziho0512workout,db_triceps_curl,1,4,6.0,4.480050583735904,,,,6,4,5-6,3-4
M1_exercise_plus_rep_progress,ridge,7,hsianshun0514workout|tsenyu0515workout|yanz0510workout|yoru0511workout|yushuan0513workout,haoyu0512workout,ziho0512workout,ziho0512workout,db_triceps_curl,1,5,7.0,4.804338114553316,,,,7,5,7-8,5-6
M1_exercise_plus_rep_progress,ridge,7,hsianshun0514workout|tsenyu0515workout|yanz0510workout|yoru0511workout|yushuan0513workout,haoyu0512workout,ziho0512workout,ziho0512workout,db_triceps_curl,1,6,7.0,5.128625645370727,,,,7,5,7-8,5-6
M1_exercise_plus_rep_progress,ridge,7,hsianshun0514workout|tsenyu0515workout|yanz0510workout|yoru0511workout|yushuan0513workout,haoyu0512workout,ziho0512workout,ziho0512workout,db_triceps_curl,1,7,8.0,5.452913176188139,,,,8,5,7-8,5-6
M1_exercise_plus_rep_progress,ridge,7,hsianshun0514workout|tsenyu0515workout|yanz0510workout|yoru0511workout|yushuan0513workout,haoyu0512workout,ziho0512workout,ziho0512workout,db_triceps_curl,1,8,8.0,5.777200707005551,,,,8,6,7-8,5-6
M1_exercise_plus_rep_progress,ridge,7,hsianshun0514workout|tsenyu0515workout|yanz0510workout|yoru0511workout|yushuan0513workout,haoyu0512workout,ziho0512workout,ziho0512workout,db_triceps_curl,1,9,9.0,6.101488237822963,,,,9,6,9-10,5-6
M1_exercise_plus_rep_progress,ridge,7,hsianshun0514workout|tsenyu0515workout|yanz0510workout|yoru0511workout|yushuan0513workout,haoyu0512workout,ziho0512workout,ziho0512workout,db_triceps_curl,1,10,9.0,6.425775768640374,,,,9,6,9-10,5-6
M1_exercise_plus_rep_progress,ridge,7,hsianshun0514workout|tsenyu0515workout|yanz0510workout|yoru0511workout|yushuan0513workout,haoyu0512workout,ziho0512workout,ziho0512workout,db_triceps_curl,1,11,9.0,6.750063299457786,,,,9,7,9-10,7-8
M1_exercise_plus_rep_progress,ridge,7,hsianshun0514workout|tsenyu0515workout|yanz0510workout|yoru0511workout|yushuan0513workout,haoyu0512workout,ziho0512workout,ziho0512workout,db_triceps_curl,2,0,6.0,3.1829004604662576,,,,6,3,5-6,3-4
M1_exercise_plus_rep_progress,ridge,7,hsianshun0514workout|tsenyu0515workout|yanz0510workout|yoru0511workout|yushuan0513workout,haoyu0512workout,ziho0512workout,ziho0512workout,db_triceps_curl,2,1,6.0,3.5071879912836694,,,,6,4,5-6,3-4
M1_exercise_plus_rep_progress,ridge,7,hsianshun0514workout|tsenyu0515workout|yanz0510workout|yoru0511workout|yushuan0513workout,haoyu0512workout,ziho0512workout,ziho0512workout,db_triceps_curl,2,2,6.0,3.8314755221010808,,,,6,4,5-6,3-4
M1_exercise_plus_rep_progress,ridge,7,hsianshun0514workout|tsenyu0515workout|yanz0510workout|yoru0511workout|yushuan0513workout,haoyu0512workout,ziho0512workout,ziho0512workout,db_triceps_curl,2,3,6.0,4.155763052918493,,,,6,4,5-6,3-4
M1_exercise_plus_rep_progress,ridge,7,hsianshun0514workout|tsenyu0515workout|yanz0510workout|yoru0511workout|yushuan0513workout,haoyu0512workout,ziho0512workout,ziho0512workout,db_triceps_curl,2,4,7.0,4.480050583735904,,,,7,4,7-8,3-4
M1_exercise_plus_rep_progress,ridge,7,hsianshun0514workout|tsenyu0515workout|yanz0510workout|yoru0511workout|yushuan0513workout,haoyu0512workout,ziho0512workout,ziho0512workout,db_triceps_curl,2,5,7.0,4.804338114553316,,,,7,5,7-8,5-6
M1_exercise_plus_rep_progress,ridge,7,hsianshun0514workout|tsenyu0515workout|yanz0510workout|yoru0511workout|yushuan0513workout,haoyu0512workout,ziho0512workout,ziho0512workout,db_triceps_curl,2,6,7.0,5.128625645370727,,,,7,5,7-8,5-6
M1_exercise_plus_rep_progress,ridge,7,hsianshun0514workout|tsenyu0515workout|yanz0510workout|yoru0511workout|yushuan0513workout,haoyu0512workout,ziho0512workout,ziho0512workout,db_triceps_curl,2,7,8.0,5.452913176188139,,,,8,5,7-8,5-6
M1_exercise_plus_rep_progress,ridge,7,hsianshun0514workout|tsenyu0515workout|yanz0510workout|yoru0511workout|yushuan0513workout,haoyu0512workout,ziho0512workout,ziho0512workout,db_triceps_curl,2,8,8.0,5.777200707005551,,,,8,6,7-8,5-6
M1_exercise_plus_rep_progress,ridge,7,hsianshun0514workout|tsenyu0515workout|yanz0510workout|yoru0511workout|yushuan0513workout,haoyu0512workout,ziho0512workout,ziho0512workout,db_triceps_curl,2,9,8.0,6.101488237822963,,,,8,6,7-8,5-6
M1_exercise_plus_rep_progress,ridge,7,hsianshun0514workout|tsenyu0515workout|yanz0510workout|yoru0511workout|yushuan0513workout,haoyu0512workout,ziho0512workout,ziho0512workout,db_triceps_curl,2,10,9.0,6.425775768640374,,,,9,6,9-10,5-6
M1_exercise_plus_rep_progress,ridge,7,hsianshun0514workout|tsenyu0515workout|yanz0510workout|yoru0511workout|yushuan0513workout,haoyu0512workout,ziho0512workout,ziho0512workout,db_triceps_curl,2,11,9.0,6.750063299457786,,,,9,7,9-10,7-8
M1_exercise_plus_rep_progress,ridge,7,hsianshun0514workout|tsenyu0515workout|yanz0510workout|yoru0511workout|yushuan0513workout,haoyu0512workout,ziho0512workout,ziho0512workout,db_weighted_crunch,0,0,1.0,2.8997551210918315,,,,1,3,1-2,3-4
M1_exercise_plus_rep_progress,ridge,7,hsianshun0514workout|tsenyu0515workout|yanz0510workout|yoru0511workout|yushuan0513workout,haoyu0512workout,ziho0512workout,ziho0512workout,db_weighted_crunch,0,1,2.0,3.224042651909243,,,,2,3,1-2,3-4
M1_exercise_plus_rep_progress,ridge,7,hsianshun0514workout|tsenyu0515workout|yanz0510workout|yoru0511workout|yushuan0513workout,haoyu0512workout,ziho0512workout,ziho0512workout,db_weighted_crunch,0,2,2.0,3.5483301827266542,,,,2,4,1-2,3-4
M1_exercise_plus_rep_progress,ridge,7,hsianshun0514workout|tsenyu0515workout|yanz0510workout|yoru0511workout|yushuan0513workout,haoyu0512workout,ziho0512workout,ziho0512workout,db_weighted_crunch,0,3,2.0,3.872617713544066,,,,2,4,1-2,3-4
M1_exercise_plus_rep_progress,ridge,7,hsianshun0514workout|tsenyu0515workout|yanz0510workout|yoru0511workout|yushuan0513workout,haoyu0512workout,ziho0512workout,ziho0512workout,db_weighted_crunch,0,4,3.0,4.196905244361478,,,,3,4,3-4,3-4
M1_exercise_plus_rep_progress,ridge,7,hsianshun0514workout|tsenyu0515workout|yanz0510workout|yoru0511workout|yushuan0513workout,haoyu0512workout,ziho0512workout,ziho0512workout,db_weighted_crunch,0,5,4.0,4.521192775178889,,,,4,5,3-4,5-6
M1_exercise_plus_rep_progress,ridge,7,hsianshun0514workout|tsenyu0515workout|yanz0510workout|yoru0511workout|yushuan0513workout,haoyu0512workout,ziho0512workout,ziho0512workout,db_weighted_crunch,0,6,4.0,4.8454803059963005,,,,4,5,3-4,5-6
M1_exercise_plus_rep_progress,ridge,7,hsianshun0514workout|tsenyu0515workout|yanz0510workout|yoru0511workout|yushuan0513workout,haoyu0512workout,ziho0512workout,ziho0512workout,db_weighted_crunch,0,7,4.0,5.169767836813713,,,,4,5,3-4,5-6
M1_exercise_plus_rep_progress,ridge,7,hsianshun0514workout|tsenyu0515workout|yanz0510workout|yoru0511workout|yushuan0513workout,haoyu0512workout,ziho0512workout,ziho0512workout,db_weighted_crunch,0,8,5.0,5.494055367631124,,,,5,5,5-6,5-6
M1_exercise_plus_rep_progress,ridge,7,hsianshun0514workout|tsenyu0515workout|yanz0510workout|yoru0511workout|yushuan0513workout,haoyu0512workout,ziho0512workout,ziho0512workout,db_weighted_crunch,0,9,5.0,5.818342898448536,,,,5,6,5-6,5-6
M1_exercise_plus_rep_progress,ridge,7,hsianshun0514workout|tsenyu0515workout|yanz0510workout|yoru0511workout|yushuan0513workout,haoyu0512workout,ziho0512workout,ziho0512workout,db_weighted_crunch,0,10,5.0,6.142630429265948,,,,5,6,5-6,5-6
M1_exercise_plus_rep_progress,ridge,7,hsianshun0514workout|tsenyu0515workout|yanz0510workout|yoru0511workout|yushuan0513workout,haoyu0512workout,ziho0512workout,ziho0512workout,db_weighted_crunch,0,11,6.0,6.466917960083359,,,,6,6,5-6,5-6
M1_exercise_plus_rep_progress,ridge,7,hsianshun0514workout|tsenyu0515workout|yanz0510workout|yoru0511workout|yushuan0513workout,haoyu0512workout,ziho0512workout,ziho0512workout,db_weighted_crunch,1,0,4.0,2.8997551210918315,,,,4,3,3-4,3-4
M1_exercise_plus_rep_progress,ridge,7,hsianshun0514workout|tsenyu0515workout|yanz0510workout|yoru0511workout|yushuan0513workout,haoyu0512workout,ziho0512workout,ziho0512workout,db_weighted_crunch,1,1,4.0,3.224042651909243,,,,4,3,3-4,3-4
M1_exercise_plus_rep_progress,ridge,7,hsianshun0514workout|tsenyu0515workout|yanz0510workout|yoru0511workout|yushuan0513workout,haoyu0512workout,ziho0512workout,ziho0512workout,db_weighted_crunch,1,2,5.0,3.5483301827266542,,,,5,4,5-6,3-4
M1_exercise_plus_rep_progress,ridge,7,hsianshun0514workout|tsenyu0515workout|yanz0510workout|yoru0511workout|yushuan0513workout,haoyu0512workout,ziho0512workout,ziho0512workout,db_weighted_crunch,1,3,5.0,3.872617713544066,,,,5,4,5-6,3-4
M1_exercise_plus_rep_progress,ridge,7,hsianshun0514workout|tsenyu0515workout|yanz0510workout|yoru0511workout|yushuan0513workout,haoyu0512workout,ziho0512workout,ziho0512workout,db_weighted_crunch,1,4,5.0,4.196905244361478,,,,5,4,5-6,3-4
M1_exercise_plus_rep_progress,ridge,7,hsianshun0514workout|tsenyu0515workout|yanz0510workout|yoru0511workout|yushuan0513workout,haoyu0512workout,ziho0512workout,ziho0512workout,db_weighted_crunch,1,5,6.0,4.521192775178889,,,,6,5,5-6,5-6
M1_exercise_plus_rep_progress,ridge,7,hsianshun0514workout|tsenyu0515workout|yanz0510workout|yoru0511workout|yushuan0513workout,haoyu0512workout,ziho0512workout,ziho0512workout,db_weighted_crunch,1,6,6.0,4.8454803059963005,,,,6,5,5-6,5-6
M1_exercise_plus_rep_progress,ridge,7,hsianshun0514workout|tsenyu0515workout|yanz0510workout|yoru0511workout|yushuan0513workout,haoyu0512workout,ziho0512workout,ziho0512workout,db_weighted_crunch,1,7,6.0,5.169767836813713,,,,6,5,5-6,5-6
M1_exercise_plus_rep_progress,ridge,7,hsianshun0514workout|tsenyu0515workout|yanz0510workout|yoru0511workout|yushuan0513workout,haoyu0512workout,ziho0512workout,ziho0512workout,db_weighted_crunch,1,8,6.0,5.494055367631124,,,,6,5,5-6,5-6
M1_exercise_plus_rep_progress,ridge,7,hsianshun0514workout|tsenyu0515workout|yanz0510workout|yoru0511workout|yushuan0513workout,haoyu0512workout,ziho0512workout,ziho0512workout,db_weighted_crunch,1,9,7.0,5.818342898448536,,,,7,6,7-8,5-6
M1_exercise_plus_rep_progress,ridge,7,hsianshun0514workout|tsenyu0515workout|yanz0510workout|yoru0511workout|yushuan0513workout,haoyu0512workout,ziho0512workout,ziho0512workout,db_weighted_crunch,1,10,7.0,6.142630429265948,,,,7,6,7-8,5-6
M1_exercise_plus_rep_progress,ridge,7,hsianshun0514workout|tsenyu0515workout|yanz0510workout|yoru0511workout|yushuan0513workout,haoyu0512workout,ziho0512workout,ziho0512workout,db_weighted_crunch,1,11,8.0,6.466917960083359,,,,8,6,7-8,5-6
M1_exercise_plus_rep_progress,ridge,7,hsianshun0514workout|tsenyu0515workout|yanz0510workout|yoru0511workout|yushuan0513workout,haoyu0512workout,ziho0512workout,ziho0512workout,db_weighted_crunch,2,0,5.0,2.8997551210918315,,,,5,3,5-6,3-4
M1_exercise_plus_rep_progress,ridge,7,hsianshun0514workout|tsenyu0515workout|yanz0510workout|yoru0511workout|yushuan0513workout,haoyu0512workout,ziho0512workout,ziho0512workout,db_weighted_crunch,2,1,5.0,3.224042651909243,,,,5,3,5-6,3-4
M1_exercise_plus_rep_progress,ridge,7,hsianshun0514workout|tsenyu0515workout|yanz0510workout|yoru0511workout|yushuan0513workout,haoyu0512workout,ziho0512workout,ziho0512workout,db_weighted_crunch,2,2,5.0,3.5483301827266542,,,,5,4,5-6,3-4
M1_exercise_plus_rep_progress,ridge,7,hsianshun0514workout|tsenyu0515workout|yanz0510workout|yoru0511workout|yushuan0513workout,haoyu0512workout,ziho0512workout,ziho0512workout,db_weighted_crunch,2,3,6.0,3.872617713544066,,,,6,4,5-6,3-4
M1_exercise_plus_rep_progress,ridge,7,hsianshun0514workout|tsenyu0515workout|yanz0510workout|yoru0511workout|yushuan0513workout,haoyu0512workout,ziho0512workout,ziho0512workout,db_weighted_crunch,2,4,6.0,4.196905244361478,,,,6,4,5-6,3-4
M1_exercise_plus_rep_progress,ridge,7,hsianshun0514workout|tsenyu0515workout|yanz0510workout|yoru0511workout|yushuan0513workout,haoyu0512workout,ziho0512workout,ziho0512workout,db_weighted_crunch,2,5,7.0,4.521192775178889,,,,7,5,7-8,5-6
M1_exercise_plus_rep_progress,ridge,7,hsianshun0514workout|tsenyu0515workout|yanz0510workout|yoru0511workout|yushuan0513workout,haoyu0512workout,ziho0512workout,ziho0512workout,db_weighted_crunch,2,6,7.0,4.8454803059963005,,,,7,5,7-8,5-6
M1_exercise_plus_rep_progress,ridge,7,hsianshun0514workout|tsenyu0515workout|yanz0510workout|yoru0511workout|yushuan0513workout,haoyu0512workout,ziho0512workout,ziho0512workout,db_weighted_crunch,2,7,7.0,5.169767836813713,,,,7,5,7-8,5-6
M1_exercise_plus_rep_progress,ridge,7,hsianshun0514workout|tsenyu0515workout|yanz0510workout|yoru0511workout|yushuan0513workout,haoyu0512workout,ziho0512workout,ziho0512workout,db_weighted_crunch,2,8,8.0,5.494055367631124,,,,8,5,7-8,5-6
M1_exercise_plus_rep_progress,ridge,7,hsianshun0514workout|tsenyu0515workout|yanz0510workout|yoru0511workout|yushuan0513workout,haoyu0512workout,ziho0512workout,ziho0512workout,db_weighted_crunch,2,9,8.0,5.818342898448536,,,,8,6,7-8,5-6
M1_exercise_plus_rep_progress,ridge,7,hsianshun0514workout|tsenyu0515workout|yanz0510workout|yoru0511workout|yushuan0513workout,haoyu0512workout,ziho0512workout,ziho0512workout,db_weighted_crunch,2,10,9.0,6.142630429265948,,,,9,6,9-10,5-6
M1_exercise_plus_rep_progress,ridge,7,hsianshun0514workout|tsenyu0515workout|yanz0510workout|yoru0511workout|yushuan0513workout,haoyu0512workout,ziho0512workout,ziho0512workout,db_weighted_crunch,2,11,9.0,6.466917960083359,,,,9,6,9-10,5-6
M1_exercise_plus_rep_progress,ridge,7,hsianshun0514workout|tsenyu0515workout|yanz0510workout|yoru0511workout|yushuan0513workout,haoyu0512workout,ziho0512workout,ziho0512workout,one_arm_db_row,0,0,1.0,3.889034602543152,,,,1,4,1-2,3-4
M1_exercise_plus_rep_progress,ridge,7,hsianshun0514workout|tsenyu0515workout|yanz0510workout|yoru0511workout|yushuan0513workout,haoyu0512workout,ziho0512workout,ziho0512workout,one_arm_db_row,0,1,1.0,4.213322133360563,,,,1,4,1-2,3-4
M1_exercise_plus_rep_progress,ridge,7,hsianshun0514workout|tsenyu0515workout|yanz0510workout|yoru0511workout|yushuan0513workout,haoyu0512workout,ziho0512workout,ziho0512workout,one_arm_db_row,0,2,1.0,4.5376096641779755,,,,1,5,1-2,5-6
M1_exercise_plus_rep_progress,ridge,7,hsianshun0514workout|tsenyu0515workout|yanz0510workout|yoru0511workout|yushuan0513workout,haoyu0512workout,ziho0512workout,ziho0512workout,one_arm_db_row,0,3,3.0,4.861897194995387,,,,3,5,3-4,5-6
M1_exercise_plus_rep_progress,ridge,7,hsianshun0514workout|tsenyu0515workout|yanz0510workout|yoru0511workout|yushuan0513workout,haoyu0512workout,ziho0512workout,ziho0512workout,one_arm_db_row,0,4,3.0,5.186184725812798,,,,3,5,3-4,5-6
M1_exercise_plus_rep_progress,ridge,7,hsianshun0514workout|tsenyu0515workout|yanz0510workout|yoru0511workout|yushuan0513workout,haoyu0512workout,ziho0512workout,ziho0512workout,one_arm_db_row,0,5,3.0,5.5104722566302105,,,,3,6,3-4,5-6
M1_exercise_plus_rep_progress,ridge,7,hsianshun0514workout|tsenyu0515workout|yanz0510workout|yoru0511workout|yushuan0513workout,haoyu0512workout,ziho0512workout,ziho0512workout,one_arm_db_row,0,6,3.0,5.834759787447622,,,,3,6,3-4,5-6
M1_exercise_plus_rep_progress,ridge,7,hsianshun0514workout|tsenyu0515workout|yanz0510workout|yoru0511workout|yushuan0513workout,haoyu0512workout,ziho0512workout,ziho0512workout,one_arm_db_row,0,7,5.0,6.159047318265033,,,,5,6,5-6,5-6
M1_exercise_plus_rep_progress,ridge,7,hsianshun0514workout|tsenyu0515workout|yanz0510workout|yoru0511workout|yushuan0513workout,haoyu0512workout,ziho0512workout,ziho0512workout,one_arm_db_row,0,8,5.0,6.483334849082445,,,,5,6,5-6,5-6
M1_exercise_plus_rep_progress,ridge,7,hsianshun0514workout|tsenyu0515workout|yanz0510workout|yoru0511workout|yushuan0513workout,haoyu0512workout,ziho0512workout,ziho0512workout,one_arm_db_row,0,9,5.0,6.807622379899857,,,,5,7,5-6,7-8
M1_exercise_plus_rep_progress,ridge,7,hsianshun0514workout|tsenyu0515workout|yanz0510workout|yoru0511workout|yushuan0513workout,haoyu0512workout,ziho0512workout,ziho0512workout,one_arm_db_row,0,10,5.0,7.131909910717269,,,,5,7,5-6,7-8
M1_exercise_plus_rep_progress,ridge,7,hsianshun0514workout|tsenyu0515workout|yanz0510workout|yoru0511workout|yushuan0513workout,haoyu0512workout,ziho0512workout,ziho0512workout,one_arm_db_row,0,11,6.0,7.45619744153468,,,,6,7,5-6,7-8
M1_exercise_plus_rep_progress,ridge,7,hsianshun0514workout|tsenyu0515workout|yanz0510workout|yoru0511workout|yushuan0513workout,haoyu0512workout,ziho0512workout,ziho0512workout,one_arm_db_row,1,0,5.0,3.889034602543152,,,,5,4,5-6,3-4
M1_exercise_plus_rep_progress,ridge,7,hsianshun0514workout|tsenyu0515workout|yanz0510workout|yoru0511workout|yushuan0513workout,haoyu0512workout,ziho0512workout,ziho0512workout,one_arm_db_row,1,1,5.0,4.213322133360563,,,,5,4,5-6,3-4
M1_exercise_plus_rep_progress,ridge,7,hsianshun0514workout|tsenyu0515workout|yanz0510workout|yoru0511workout|yushuan0513workout,haoyu0512workout,ziho0512workout,ziho0512workout,one_arm_db_row,1,2,5.0,4.5376096641779755,,,,5,5,5-6,5-6
M1_exercise_plus_rep_progress,ridge,7,hsianshun0514workout|tsenyu0515workout|yanz0510workout|yoru0511workout|yushuan0513workout,haoyu0512workout,ziho0512workout,ziho0512workout,one_arm_db_row,1,3,5.0,4.861897194995387,,,,5,5,5-6,5-6
M1_exercise_plus_rep_progress,ridge,7,hsianshun0514workout|tsenyu0515workout|yanz0510workout|yoru0511workout|yushuan0513workout,haoyu0512workout,ziho0512workout,ziho0512workout,one_arm_db_row,1,4,6.0,5.186184725812798,,,,6,5,5-6,5-6
M1_exercise_plus_rep_progress,ridge,7,hsianshun0514workout|tsenyu0515workout|yanz0510workout|yoru0511workout|yushuan0513workout,haoyu0512workout,ziho0512workout,ziho0512workout,one_arm_db_row,1,5,6.0,5.5104722566302105,,,,6,6,5-6,5-6
M1_exercise_plus_rep_progress,ridge,7,hsianshun0514workout|tsenyu0515workout|yanz0510workout|yoru0511workout|yushuan0513workout,haoyu0512workout,ziho0512workout,ziho0512workout,one_arm_db_row,1,6,6.0,5.834759787447622,,,,6,6,5-6,5-6
M1_exercise_plus_rep_progress,ridge,7,hsianshun0514workout|tsenyu0515workout|yanz0510workout|yoru0511workout|yushuan0513workout,haoyu0512workout,ziho0512workout,ziho0512workout,one_arm_db_row,1,7,6.0,6.159047318265033,,,,6,6,5-6,5-6
M1_exercise_plus_rep_progress,ridge,7,hsianshun0514workout|tsenyu0515workout|yanz0510workout|yoru0511workout|yushuan0513workout,haoyu0512workout,ziho0512workout,ziho0512workout,one_arm_db_row,1,8,7.0,6.483334849082445,,,,7,6,7-8,5-6
M1_exercise_plus_rep_progress,ridge,7,hsianshun0514workout|tsenyu0515workout|yanz0510workout|yoru0511workout|yushuan0513workout,haoyu0512workout,ziho0512workout,ziho0512workout,one_arm_db_row,1,9,7.0,6.807622379899857,,,,7,7,7-8,7-8
M1_exercise_plus_rep_progress,ridge,7,hsianshun0514workout|tsenyu0515workout|yanz0510workout|yoru0511workout|yushuan0513workout,haoyu0512workout,ziho0512workout,ziho0512workout,one_arm_db_row,1,10,7.0,7.131909910717269,,,,7,7,7-8,7-8
M1_exercise_plus_rep_progress,ridge,7,hsianshun0514workout|tsenyu0515workout|yanz0510workout|yoru0511workout|yushuan0513workout,haoyu0512workout,ziho0512workout,ziho0512workout,one_arm_db_row,1,11,8.0,7.45619744153468,,,,8,7,7-8,7-8
M1_exercise_plus_rep_progress,ridge,7,hsianshun0514workout|tsenyu0515workout|yanz0510workout|yoru0511workout|yushuan0513workout,haoyu0512workout,ziho0512workout,ziho0512workout,one_arm_db_row,2,0,6.0,3.889034602543152,,,,6,4,5-6,3-4
M1_exercise_plus_rep_progress,ridge,7,hsianshun0514workout|tsenyu0515workout|yanz0510workout|yoru0511workout|yushuan0513workout,haoyu0512workout,ziho0512workout,ziho0512workout,one_arm_db_row,2,1,6.0,4.213322133360563,,,,6,4,5-6,3-4
M1_exercise_plus_rep_progress,ridge,7,hsianshun0514workout|tsenyu0515workout|yanz0510workout|yoru0511workout|yushuan0513workout,haoyu0512workout,ziho0512workout,ziho0512workout,one_arm_db_row,2,2,6.0,4.5376096641779755,,,,6,5,5-6,5-6
M1_exercise_plus_rep_progress,ridge,7,hsianshun0514workout|tsenyu0515workout|yanz0510workout|yoru0511workout|yushuan0513workout,haoyu0512workout,ziho0512workout,ziho0512workout,one_arm_db_row,2,3,7.0,4.861897194995387,,,,7,5,7-8,5-6
M1_exercise_plus_rep_progress,ridge,7,hsianshun0514workout|tsenyu0515workout|yanz0510workout|yoru0511workout|yushuan0513workout,haoyu0512workout,ziho0512workout,ziho0512workout,one_arm_db_row,2,4,7.0,5.186184725812798,,,,7,5,7-8,5-6
M1_exercise_plus_rep_progress,ridge,7,hsianshun0514workout|tsenyu0515workout|yanz0510workout|yoru0511workout|yushuan0513workout,haoyu0512workout,ziho0512workout,ziho0512workout,one_arm_db_row,2,5,7.0,5.5104722566302105,,,,7,6,7-8,5-6
M1_exercise_plus_rep_progress,ridge,7,hsianshun0514workout|tsenyu0515workout|yanz0510workout|yoru0511workout|yushuan0513workout,haoyu0512workout,ziho0512workout,ziho0512workout,one_arm_db_row,2,6,7.0,5.834759787447622,,,,7,6,7-8,5-6
M1_exercise_plus_rep_progress,ridge,7,hsianshun0514workout|tsenyu0515workout|yanz0510workout|yoru0511workout|yushuan0513workout,haoyu0512workout,ziho0512workout,ziho0512workout,one_arm_db_row,2,7,7.0,6.159047318265033,,,,7,6,7-8,5-6
M1_exercise_plus_rep_progress,ridge,7,hsianshun0514workout|tsenyu0515workout|yanz0510workout|yoru0511workout|yushuan0513workout,haoyu0512workout,ziho0512workout,ziho0512workout,one_arm_db_row,2,8,8.0,6.483334849082445,,,,8,6,7-8,5-6
M1_exercise_plus_rep_progress,ridge,7,hsianshun0514workout|tsenyu0515workout|yanz0510workout|yoru0511workout|yushuan0513workout,haoyu0512workout,ziho0512workout,ziho0512workout,one_arm_db_row,2,9,8.0,6.807622379899857,,,,8,7,7-8,7-8
M1_exercise_plus_rep_progress,ridge,7,hsianshun0514workout|tsenyu0515workout|yanz0510workout|yoru0511workout|yushuan0513workout,haoyu0512workout,ziho0512workout,ziho0512workout,one_arm_db_row,2,10,8.0,7.131909910717269,,,,8,7,7-8,7-8
M1_exercise_plus_rep_progress,ridge,7,hsianshun0514workout|tsenyu0515workout|yanz0510workout|yoru0511workout|yushuan0513workout,haoyu0512workout,ziho0512workout,ziho0512workout,one_arm_db_row,2,11,9.0,7.45619744153468,,,,9,7,9-10,7-8
