stage,model_type,fold,train_subjects,val_subject,test_subject,folder,exercise,set_id,rep_id,borg_true,borg_pred,added_feature,added_feature_family,claim_role,true_round,pred_round,true_5class,pred_5class
M4_add_one__movement_rate,ridge,1,tsenyu0515workout|yanz0510workout|yoru0511workout|yushuan0513workout|ziho0512workout,hsianshun0514workout,haoyu0512workout,haoyu0512workout,db_bench_press,0,0,1.0,1.274459520389013,movement_rate,velocity_proxy,velocity proxy,1,1,1-2,1-2
M4_add_one__movement_rate,ridge,1,tsenyu0515workout|yanz0510workout|yoru0511workout|yushuan0513workout|ziho0512workout,hsianshun0514workout,haoyu0512workout,haoyu0512workout,db_bench_press,0,1,1.0,1.6291503152365552,movement_rate,velocity_proxy,velocity proxy,1,2,1-2,1-2
M4_add_one__movement_rate,ridge,1,tsenyu0515workout|yanz0510workout|yoru0511workout|yushuan0513workout|ziho0512workout,hsianshun0514workout,haoyu0512workout,haoyu0512workout,db_bench_press,0,2,3.0,1.895537831211876,movement_rate,velocity_proxy,velocity proxy,3,2,3-4,1-2
M4_add_one__movement_rate,ridge,1,tsenyu0515workout|yanz0510workout|yoru0511workout|yushuan0513workout|ziho0512workout,hsianshun0514workout,haoyu0512workout,haoyu0512workout,db_bench_press,0,3,3.0,2.1032977742521446,movement_rate,velocity_proxy,velocity proxy,3,2,3-4,1-2
M4_add_one__movement_rate,ridge,1,tsenyu0515workout|yanz0510workout|yoru0511workout|yushuan0513workout|ziho0512workout,hsianshun0514workout,haoyu0512workout,haoyu0512workout,db_bench_press,0,4,5.0,2.4339566129629913,movement_rate,velocity_proxy,velocity proxy,5,2,5-6,1-2
M4_add_one__movement_rate,ridge,1,tsenyu0515workout|yanz0510workout|yoru0511workout|yushuan0513workout|ziho0512workout,hsianshun0514workout,haoyu0512workout,haoyu0512workout,db_bench_press,0,5,5.0,2.6908255739400215,movement_rate,velocity_proxy,velocity proxy,5,3,5-6,3-4
M4_add_one__movement_rate,ridge,1,tsenyu0515workout|yanz0510workout|yoru0511workout|yushuan0513workout|ziho0512workout,hsianshun0514workout,haoyu0512workout,haoyu0512workout,db_bench_press,0,6,6.0,3.0429837860670705,movement_rate,velocity_proxy,velocity proxy,6,3,5-6,3-4
M4_add_one__movement_rate,ridge,1,tsenyu0515workout|yanz0510workout|yoru0511workout|yushuan0513workout|ziho0512workout,hsianshun0514workout,haoyu0512workout,haoyu0512workout,db_bench_press,0,7,6.0,3.351995261427194,movement_rate,velocity_proxy,velocity proxy,6,3,5-6,3-4
M4_add_one__movement_rate,ridge,1,tsenyu0515workout|yanz0510workout|yoru0511workout|yushuan0513workout|ziho0512workout,hsianshun0514workout,haoyu0512workout,haoyu0512workout,db_bench_press,0,8,7.0,3.570222459875513,movement_rate,velocity_proxy,velocity proxy,7,4,7-8,3-4
M4_add_one__movement_rate,ridge,1,tsenyu0515workout|yanz0510workout|yoru0511workout|yushuan0513workout|ziho0512workout,hsianshun0514workout,haoyu0512workout,haoyu0512workout,db_bench_press,0,9,7.0,3.9551462053123063,movement_rate,velocity_proxy,velocity proxy,7,4,7-8,3-4
M4_add_one__movement_rate,ridge,1,tsenyu0515workout|yanz0510workout|yoru0511workout|yushuan0513workout|ziho0512workout,hsianshun0514workout,haoyu0512workout,haoyu0512workout,db_bench_press,0,10,8.0,4.078510693971256,movement_rate,velocity_proxy,velocity proxy,8,4,7-8,3-4
M4_add_one__movement_rate,ridge,1,tsenyu0515workout|yanz0510workout|yoru0511workout|yushuan0513workout|ziho0512workout,hsianshun0514workout,haoyu0512workout,haoyu0512workout,db_bench_press,0,11,8.0,4.417692606716088,movement_rate,velocity_proxy,velocity proxy,8,4,7-8,3-4
M4_add_one__movement_rate,ridge,1,tsenyu0515workout|yanz0510workout|yoru0511workout|yushuan0513workout|ziho0512workout,hsianshun0514workout,haoyu0512workout,haoyu0512workout,db_bench_press,0,11,8.0,4.502724452887398,movement_rate,velocity_proxy,velocity proxy,8,5,7-8,5-6
M4_add_one__movement_rate,ridge,1,tsenyu0515workout|yanz0510workout|yoru0511workout|yushuan0513workout|ziho0512workout,hsianshun0514workout,haoyu0512workout,haoyu0512workout,db_bench_press,1,0,3.0,2.413271585870916,movement_rate,velocity_proxy,velocity proxy,3,2,3-4,1-2
M4_add_one__movement_rate,ridge,1,tsenyu0515workout|yanz0510workout|yoru0511workout|yushuan0513workout|ziho0512workout,hsianshun0514workout,haoyu0512workout,haoyu0512workout,db_bench_press,1,1,3.0,2.6130443227643783,movement_rate,velocity_proxy,velocity proxy,3,3,3-4,3-4
M4_add_one__movement_rate,ridge,1,tsenyu0515workout|yanz0510workout|yoru0511workout|yushuan0513workout|ziho0512workout,hsianshun0514workout,haoyu0512workout,haoyu0512workout,db_bench_press,1,2,5.0,2.9814168786090565,movement_rate,velocity_proxy,velocity proxy,5,3,5-6,3-4
M4_add_one__movement_rate,ridge,1,tsenyu0515workout|yanz0510workout|yoru0511workout|yushuan0513workout|ziho0512workout,hsianshun0514workout,haoyu0512workout,haoyu0512workout,db_bench_press,1,3,5.0,3.3010761637797397,movement_rate,velocity_proxy,velocity proxy,5,3,5-6,3-4
M4_add_one__movement_rate,ridge,1,tsenyu0515workout|yanz0510workout|yoru0511workout|yushuan0513workout|ziho0512workout,hsianshun0514workout,haoyu0512workout,haoyu0512workout,db_bench_press,1,4,6.0,3.519647862558722,movement_rate,velocity_proxy,velocity proxy,6,4,5-6,3-4
M4_add_one__movement_rate,ridge,1,tsenyu0515workout|yanz0510workout|yoru0511workout|yushuan0513workout|ziho0512workout,hsianshun0514workout,haoyu0512workout,haoyu0512workout,db_bench_press,1,5,6.0,3.8952944164562977,movement_rate,velocity_proxy,velocity proxy,6,4,5-6,3-4
M4_add_one__movement_rate,ridge,1,tsenyu0515workout|yanz0510workout|yoru0511workout|yushuan0513workout|ziho0512workout,hsianshun0514workout,haoyu0512workout,haoyu0512workout,db_bench_press,1,6,7.0,4.202483873230773,movement_rate,velocity_proxy,velocity proxy,7,4,7-8,3-4
M4_add_one__movement_rate,ridge,1,tsenyu0515workout|yanz0510workout|yoru0511workout|yushuan0513workout|ziho0512workout,hsianshun0514workout,haoyu0512workout,haoyu0512workout,db_bench_press,1,7,7.0,4.535152389590727,movement_rate,velocity_proxy,velocity proxy,7,5,7-8,5-6
M4_add_one__movement_rate,ridge,1,tsenyu0515workout|yanz0510workout|yoru0511workout|yushuan0513workout|ziho0512workout,hsianshun0514workout,haoyu0512workout,haoyu0512workout,db_bench_press,1,8,8.0,4.871469488671041,movement_rate,velocity_proxy,velocity proxy,8,5,7-8,5-6
M4_add_one__movement_rate,ridge,1,tsenyu0515workout|yanz0510workout|yoru0511workout|yushuan0513workout|ziho0512workout,hsianshun0514workout,haoyu0512workout,haoyu0512workout,db_bench_press,1,9,8.0,5.107060578615138,movement_rate,velocity_proxy,velocity proxy,8,5,7-8,5-6
M4_add_one__movement_rate,ridge,1,tsenyu0515workout|yanz0510workout|yoru0511workout|yushuan0513workout|ziho0512workout,hsianshun0514workout,haoyu0512workout,haoyu0512workout,db_bench_press,1,10,9.0,5.418536617636819,movement_rate,velocity_proxy,velocity proxy,9,5,9-10,5-6
M4_add_one__movement_rate,ridge,1,tsenyu0515workout|yanz0510workout|yoru0511workout|yushuan0513workout|ziho0512workout,hsianshun0514workout,haoyu0512workout,haoyu0512workout,db_bench_press,1,11,9.0,5.805396690213689,movement_rate,velocity_proxy,velocity proxy,9,6,9-10,5-6
M4_add_one__movement_rate,ridge,1,tsenyu0515workout|yanz0510workout|yoru0511workout|yushuan0513workout|ziho0512workout,hsianshun0514workout,haoyu0512workout,haoyu0512workout,db_bench_press,2,0,5.0,3.399704011384157,movement_rate,velocity_proxy,velocity proxy,5,3,5-6,3-4
M4_add_one__movement_rate,ridge,1,tsenyu0515workout|yanz0510workout|yoru0511workout|yushuan0513workout|ziho0512workout,hsianshun0514workout,haoyu0512workout,haoyu0512workout,db_bench_press,2,1,5.0,3.6993060784748697,movement_rate,velocity_proxy,velocity proxy,5,4,5-6,3-4
M4_add_one__movement_rate,ridge,1,tsenyu0515workout|yanz0510workout|yoru0511workout|yushuan0513workout|ziho0512workout,hsianshun0514workout,haoyu0512workout,haoyu0512workout,db_bench_press,2,2,6.0,4.06787771782896,movement_rate,velocity_proxy,velocity proxy,6,4,5-6,3-4
M4_add_one__movement_rate,ridge,1,tsenyu0515workout|yanz0510workout|yoru0511workout|yushuan0513workout|ziho0512workout,hsianshun0514workout,haoyu0512workout,haoyu0512workout,db_bench_press,2,3,6.0,4.451675275852178,movement_rate,velocity_proxy,velocity proxy,6,4,5-6,3-4
M4_add_one__movement_rate,ridge,1,tsenyu0515workout|yanz0510workout|yoru0511workout|yushuan0513workout|ziho0512workout,hsianshun0514workout,haoyu0512workout,haoyu0512workout,db_bench_press,2,4,7.0,4.687514442482379,movement_rate,velocity_proxy,velocity proxy,7,5,7-8,5-6
M4_add_one__movement_rate,ridge,1,tsenyu0515workout|yanz0510workout|yoru0511workout|yushuan0513workout|ziho0512workout,hsianshun0514workout,haoyu0512workout,haoyu0512workout,db_bench_press,2,5,7.0,4.964763162770803,movement_rate,velocity_proxy,velocity proxy,7,5,7-8,5-6
M4_add_one__movement_rate,ridge,1,tsenyu0515workout|yanz0510workout|yoru0511workout|yushuan0513workout|ziho0512workout,hsianshun0514workout,haoyu0512workout,haoyu0512workout,db_bench_press,2,6,7.0,5.303903878348459,movement_rate,velocity_proxy,velocity proxy,7,5,7-8,5-6
M4_add_one__movement_rate,ridge,1,tsenyu0515workout|yanz0510workout|yoru0511workout|yushuan0513workout|ziho0512workout,hsianshun0514workout,haoyu0512workout,haoyu0512workout,db_bench_press,2,7,8.0,5.581875242866117,movement_rate,velocity_proxy,velocity proxy,8,6,7-8,5-6
M4_add_one__movement_rate,ridge,1,tsenyu0515workout|yanz0510workout|yoru0511workout|yushuan0513workout|ziho0512workout,hsianshun0514workout,haoyu0512workout,haoyu0512workout,db_bench_press,2,8,8.0,5.977242707813109,movement_rate,velocity_proxy,velocity proxy,8,6,7-8,5-6
M4_add_one__movement_rate,ridge,1,tsenyu0515workout|yanz0510workout|yoru0511workout|yushuan0513workout|ziho0512workout,hsianshun0514workout,haoyu0512workout,haoyu0512workout,db_bench_press,2,9,9.0,6.319185117658018,movement_rate,velocity_proxy,velocity proxy,9,6,9-10,5-6
M4_add_one__movement_rate,ridge,1,tsenyu0515workout|yanz0510workout|yoru0511workout|yushuan0513workout|ziho0512workout,hsianshun0514workout,haoyu0512workout,haoyu0512workout,db_bench_press,2,10,9.0,6.5615946915088745,movement_rate,velocity_proxy,velocity proxy,9,7,9-10,7-8
M4_add_one__movement_rate,ridge,1,tsenyu0515workout|yanz0510workout|yoru0511workout|yushuan0513workout|ziho0512workout,hsianshun0514workout,haoyu0512workout,haoyu0512workout,db_bench_press,2,11,9.0,6.712105799137887,movement_rate,velocity_proxy,velocity proxy,9,7,9-10,7-8
M4_add_one__movement_rate,ridge,1,tsenyu0515workout|yanz0510workout|yoru0511workout|yushuan0513workout|ziho0512workout,hsianshun0514workout,haoyu0512workout,haoyu0512workout,db_biceps_curl,0,0,1.0,3.3139280295735185,movement_rate,velocity_proxy,velocity proxy,1,3,1-2,3-4
M4_add_one__movement_rate,ridge,1,tsenyu0515workout|yanz0510workout|yoru0511workout|yushuan0513workout|ziho0512workout,hsianshun0514workout,haoyu0512workout,haoyu0512workout,db_biceps_curl,0,1,1.0,3.525396537035693,movement_rate,velocity_proxy,velocity proxy,1,4,1-2,3-4
M4_add_one__movement_rate,ridge,1,tsenyu0515workout|yanz0510workout|yoru0511workout|yushuan0513workout|ziho0512workout,hsianshun0514workout,haoyu0512workout,haoyu0512workout,db_biceps_curl,0,2,1.0,3.837005977784649,movement_rate,velocity_proxy,velocity proxy,1,4,1-2,3-4
M4_add_one__movement_rate,ridge,1,tsenyu0515workout|yanz0510workout|yoru0511workout|yushuan0513workout|ziho0512workout,hsianshun0514workout,haoyu0512workout,haoyu0512workout,db_biceps_curl,0,3,4.0,4.184860794084639,movement_rate,velocity_proxy,velocity proxy,4,4,3-4,3-4
M4_add_one__movement_rate,ridge,1,tsenyu0515workout|yanz0510workout|yoru0511workout|yushuan0513workout|ziho0512workout,hsianshun0514workout,haoyu0512workout,haoyu0512workout,db_biceps_curl,0,4,5.0,4.45973261117523,movement_rate,velocity_proxy,velocity proxy,5,4,5-6,3-4
M4_add_one__movement_rate,ridge,1,tsenyu0515workout|yanz0510workout|yoru0511workout|yushuan0513workout|ziho0512workout,hsianshun0514workout,haoyu0512workout,haoyu0512workout,db_biceps_curl,0,5,5.0,4.912232614332858,movement_rate,velocity_proxy,velocity proxy,5,5,5-6,5-6
M4_add_one__movement_rate,ridge,1,tsenyu0515workout|yanz0510workout|yoru0511workout|yushuan0513workout|ziho0512workout,hsianshun0514workout,haoyu0512workout,haoyu0512workout,db_biceps_curl,0,6,6.0,5.150920056647723,movement_rate,velocity_proxy,velocity proxy,6,5,5-6,5-6
M4_add_one__movement_rate,ridge,1,tsenyu0515workout|yanz0510workout|yoru0511workout|yushuan0513workout|ziho0512workout,hsianshun0514workout,haoyu0512workout,haoyu0512workout,db_biceps_curl,0,7,7.0,5.518084192106106,movement_rate,velocity_proxy,velocity proxy,7,6,7-8,5-6
M4_add_one__movement_rate,ridge,1,tsenyu0515workout|yanz0510workout|yoru0511workout|yushuan0513workout|ziho0512workout,hsianshun0514workout,haoyu0512workout,haoyu0512workout,db_biceps_curl,0,8,8.0,5.847084656687707,movement_rate,velocity_proxy,velocity proxy,8,6,7-8,5-6
M4_add_one__movement_rate,ridge,1,tsenyu0515workout|yanz0510workout|yoru0511workout|yushuan0513workout|ziho0512workout,hsianshun0514workout,haoyu0512workout,haoyu0512workout,db_biceps_curl,0,9,8.0,6.19277481412096,movement_rate,velocity_proxy,velocity proxy,8,6,7-8,5-6
M4_add_one__movement_rate,ridge,1,tsenyu0515workout|yanz0510workout|yoru0511workout|yushuan0513workout|ziho0512workout,hsianshun0514workout,haoyu0512workout,haoyu0512workout,db_biceps_curl,0,10,8.0,6.557122790279947,movement_rate,velocity_proxy,velocity proxy,8,7,7-8,7-8
M4_add_one__movement_rate,ridge,1,tsenyu0515workout|yanz0510workout|yoru0511workout|yushuan0513workout|ziho0512workout,hsianshun0514workout,haoyu0512workout,haoyu0512workout,db_biceps_curl,0,11,9.0,6.935450265713109,movement_rate,velocity_proxy,velocity proxy,9,7,9-10,7-8
M4_add_one__movement_rate,ridge,1,tsenyu0515workout|yanz0510workout|yoru0511workout|yushuan0513workout|ziho0512workout,hsianshun0514workout,haoyu0512workout,haoyu0512workout,db_biceps_curl,1,0,4.0,4.343376772076015,movement_rate,velocity_proxy,velocity proxy,4,4,3-4,3-4
M4_add_one__movement_rate,ridge,1,tsenyu0515workout|yanz0510workout|yoru0511workout|yushuan0513workout|ziho0512workout,hsianshun0514workout,haoyu0512workout,haoyu0512workout,db_biceps_curl,1,1,4.0,4.624120162377716,movement_rate,velocity_proxy,velocity proxy,4,5,3-4,5-6
M4_add_one__movement_rate,ridge,1,tsenyu0515workout|yanz0510workout|yoru0511workout|yushuan0513workout|ziho0512workout,hsianshun0514workout,haoyu0512workout,haoyu0512workout,db_biceps_curl,1,2,5.0,4.959764227439032,movement_rate,velocity_proxy,velocity proxy,5,5,5-6,5-6
M4_add_one__movement_rate,ridge,1,tsenyu0515workout|yanz0510workout|yoru0511workout|yushuan0513workout|ziho0512workout,hsianshun0514workout,haoyu0512workout,haoyu0512workout,db_biceps_curl,1,3,5.0,5.3275030575051945,movement_rate,velocity_proxy,velocity proxy,5,5,5-6,5-6
M4_add_one__movement_rate,ridge,1,tsenyu0515workout|yanz0510workout|yoru0511workout|yushuan0513workout|ziho0512workout,hsianshun0514workout,haoyu0512workout,haoyu0512workout,db_biceps_curl,1,4,6.0,5.644580578896292,movement_rate,velocity_proxy,velocity proxy,6,6,5-6,5-6
M4_add_one__movement_rate,ridge,1,tsenyu0515workout|yanz0510workout|yoru0511workout|yushuan0513workout|ziho0512workout,hsianshun0514workout,haoyu0512workout,haoyu0512workout,db_biceps_curl,1,5,6.0,6.010566371067663,movement_rate,velocity_proxy,velocity proxy,6,6,5-6,5-6
M4_add_one__movement_rate,ridge,1,tsenyu0515workout|yanz0510workout|yoru0511workout|yushuan0513workout|ziho0512workout,hsianshun0514workout,haoyu0512workout,haoyu0512workout,db_biceps_curl,1,6,7.0,6.296866324550657,movement_rate,velocity_proxy,velocity proxy,7,6,7-8,5-6
M4_add_one__movement_rate,ridge,1,tsenyu0515workout|yanz0510workout|yoru0511workout|yushuan0513workout|ziho0512workout,hsianshun0514workout,haoyu0512workout,haoyu0512workout,db_biceps_curl,1,7,8.0,6.6422724970441624,movement_rate,velocity_proxy,velocity proxy,8,7,7-8,7-8
M4_add_one__movement_rate,ridge,1,tsenyu0515workout|yanz0510workout|yoru0511workout|yushuan0513workout|ziho0512workout,hsianshun0514workout,haoyu0512workout,haoyu0512workout,db_biceps_curl,1,8,8.0,6.978862283573717,movement_rate,velocity_proxy,velocity proxy,8,7,7-8,7-8
M4_add_one__movement_rate,ridge,1,tsenyu0515workout|yanz0510workout|yoru0511workout|yushuan0513workout|ziho0512workout,hsianshun0514workout,haoyu0512workout,haoyu0512workout,db_biceps_curl,1,9,9.0,7.26862068090654,movement_rate,velocity_proxy,velocity proxy,9,7,9-10,7-8
M4_add_one__movement_rate,ridge,1,tsenyu0515workout|yanz0510workout|yoru0511workout|yushuan0513workout|ziho0512workout,hsianshun0514workout,haoyu0512workout,haoyu0512workout,db_biceps_curl,1,10,9.0,7.614614486202914,movement_rate,velocity_proxy,velocity proxy,9,8,9-10,7-8
M4_add_one__movement_rate,ridge,1,tsenyu0515workout|yanz0510workout|yoru0511workout|yushuan0513workout|ziho0512workout,hsianshun0514workout,haoyu0512workout,haoyu0512workout,db_biceps_curl,1,11,9.0,7.940675339711851,movement_rate,velocity_proxy,velocity proxy,9,8,9-10,7-8
M4_add_one__movement_rate,ridge,1,tsenyu0515workout|yanz0510workout|yoru0511workout|yushuan0513workout|ziho0512workout,hsianshun0514workout,haoyu0512workout,haoyu0512workout,db_biceps_curl,3,0,5.0,6.444898033215852,movement_rate,velocity_proxy,velocity proxy,5,6,5-6,5-6
M4_add_one__movement_rate,ridge,1,tsenyu0515workout|yanz0510workout|yoru0511workout|yushuan0513workout|ziho0512workout,hsianshun0514workout,haoyu0512workout,haoyu0512workout,db_biceps_curl,3,1,5.0,6.7947767507798265,movement_rate,velocity_proxy,velocity proxy,5,7,5-6,7-8
M4_add_one__movement_rate,ridge,1,tsenyu0515workout|yanz0510workout|yoru0511workout|yushuan0513workout|ziho0512workout,hsianshun0514workout,haoyu0512workout,haoyu0512workout,db_biceps_curl,3,2,6.0,7.121811100304482,movement_rate,velocity_proxy,velocity proxy,6,7,5-6,7-8
M4_add_one__movement_rate,ridge,1,tsenyu0515workout|yanz0510workout|yoru0511workout|yushuan0513workout|ziho0512workout,hsianshun0514workout,haoyu0512workout,haoyu0512workout,db_biceps_curl,3,3,6.0,7.419792894440483,movement_rate,velocity_proxy,velocity proxy,6,7,5-6,7-8
M4_add_one__movement_rate,ridge,1,tsenyu0515workout|yanz0510workout|yoru0511workout|yushuan0513workout|ziho0512workout,hsianshun0514workout,haoyu0512workout,haoyu0512workout,db_biceps_curl,3,4,7.0,7.778631889424259,movement_rate,velocity_proxy,velocity proxy,7,8,7-8,7-8
M4_add_one__movement_rate,ridge,1,tsenyu0515workout|yanz0510workout|yoru0511workout|yushuan0513workout|ziho0512workout,hsianshun0514workout,haoyu0512workout,haoyu0512workout,db_biceps_curl,3,5,7.0,8.106391333942728,movement_rate,velocity_proxy,velocity proxy,7,8,7-8,7-8
M4_add_one__movement_rate,ridge,1,tsenyu0515workout|yanz0510workout|yoru0511workout|yushuan0513workout|ziho0512workout,hsianshun0514workout,haoyu0512workout,haoyu0512workout,db_biceps_curl,3,6,8.0,8.449103305432647,movement_rate,velocity_proxy,velocity proxy,8,8,7-8,7-8
M4_add_one__movement_rate,ridge,1,tsenyu0515workout|yanz0510workout|yoru0511workout|yushuan0513workout|ziho0512workout,hsianshun0514workout,haoyu0512workout,haoyu0512workout,db_biceps_curl,3,7,8.0,8.76756217036582,movement_rate,velocity_proxy,velocity proxy,8,9,7-8,9-10
M4_add_one__movement_rate,ridge,1,tsenyu0515workout|yanz0510workout|yoru0511workout|yushuan0513workout|ziho0512workout,hsianshun0514workout,haoyu0512workout,haoyu0512workout,db_biceps_curl,3,8,9.0,9.098609608255732,movement_rate,velocity_proxy,velocity proxy,9,9,9-10,9-10
M4_add_one__movement_rate,ridge,1,tsenyu0515workout|yanz0510workout|yoru0511workout|yushuan0513workout|ziho0512workout,hsianshun0514workout,haoyu0512workout,haoyu0512workout,db_biceps_curl,3,9,9.0,9.41548981583608,movement_rate,velocity_proxy,velocity proxy,9,9,9-10,9-10
M4_add_one__movement_rate,ridge,1,tsenyu0515workout|yanz0510workout|yoru0511workout|yushuan0513workout|ziho0512workout,hsianshun0514workout,haoyu0512workout,haoyu0512workout,db_biceps_curl,3,10,9.0,9.758951038047131,movement_rate,velocity_proxy,velocity proxy,9,10,9-10,9-10
M4_add_one__movement_rate,ridge,1,tsenyu0515workout|yanz0510workout|yoru0511workout|yushuan0513workout|ziho0512workout,hsianshun0514workout,haoyu0512workout,haoyu0512workout,db_biceps_curl,3,11,9.0,10.026194341532872,movement_rate,velocity_proxy,velocity proxy,9,10,9-10,9-10
M4_add_one__movement_rate,ridge,1,tsenyu0515workout|yanz0510workout|yoru0511workout|yushuan0513workout|ziho0512workout,hsianshun0514workout,haoyu0512workout,haoyu0512workout,db_rdl,0,0,1.0,2.476347451565065,movement_rate,velocity_proxy,velocity proxy,1,2,1-2,1-2
M4_add_one__movement_rate,ridge,1,tsenyu0515workout|yanz0510workout|yoru0511workout|yushuan0513workout|ziho0512workout,hsianshun0514workout,haoyu0512workout,haoyu0512workout,db_rdl,0,1,1.0,2.876131952420793,movement_rate,velocity_proxy,velocity proxy,1,3,1-2,3-4
M4_add_one__movement_rate,ridge,1,tsenyu0515workout|yanz0510workout|yoru0511workout|yushuan0513workout|ziho0512workout,hsianshun0514workout,haoyu0512workout,haoyu0512workout,db_rdl,0,2,3.0,3.1387435762379035,movement_rate,velocity_proxy,velocity proxy,3,3,3-4,3-4
M4_add_one__movement_rate,ridge,1,tsenyu0515workout|yanz0510workout|yoru0511workout|yushuan0513workout|ziho0512workout,hsianshun0514workout,haoyu0512workout,haoyu0512workout,db_rdl,0,3,3.0,3.468182604184039,movement_rate,velocity_proxy,velocity proxy,3,3,3-4,3-4
M4_add_one__movement_rate,ridge,1,tsenyu0515workout|yanz0510workout|yoru0511workout|yushuan0513workout|ziho0512workout,hsianshun0514workout,haoyu0512workout,haoyu0512workout,db_rdl,0,4,5.0,3.855528195050841,movement_rate,velocity_proxy,velocity proxy,5,4,5-6,3-4
M4_add_one__movement_rate,ridge,1,tsenyu0515workout|yanz0510workout|yoru0511workout|yushuan0513workout|ziho0512workout,hsianshun0514workout,haoyu0512workout,haoyu0512workout,db_rdl,0,5,5.0,4.15649665041734,movement_rate,velocity_proxy,velocity proxy,5,4,5-6,3-4
M4_add_one__movement_rate,ridge,1,tsenyu0515workout|yanz0510workout|yoru0511workout|yushuan0513workout|ziho0512workout,hsianshun0514workout,haoyu0512workout,haoyu0512workout,db_rdl,0,6,6.0,4.414536100653236,movement_rate,velocity_proxy,velocity proxy,6,4,5-6,3-4
M4_add_one__movement_rate,ridge,1,tsenyu0515workout|yanz0510workout|yoru0511workout|yushuan0513workout|ziho0512workout,hsianshun0514workout,haoyu0512workout,haoyu0512workout,db_rdl,0,7,6.0,4.766693973654604,movement_rate,velocity_proxy,velocity proxy,6,5,5-6,5-6
M4_add_one__movement_rate,ridge,1,tsenyu0515workout|yanz0510workout|yoru0511workout|yushuan0513workout|ziho0512workout,hsianshun0514workout,haoyu0512workout,haoyu0512workout,db_rdl,0,8,8.0,5.069781416961254,movement_rate,velocity_proxy,velocity proxy,8,5,7-8,5-6
M4_add_one__movement_rate,ridge,1,tsenyu0515workout|yanz0510workout|yoru0511workout|yushuan0513workout|ziho0512workout,hsianshun0514workout,haoyu0512workout,haoyu0512workout,db_rdl,0,9,8.0,5.363402143907512,movement_rate,velocity_proxy,velocity proxy,8,5,7-8,5-6
M4_add_one__movement_rate,ridge,1,tsenyu0515workout|yanz0510workout|yoru0511workout|yushuan0513workout|ziho0512workout,hsianshun0514workout,haoyu0512workout,haoyu0512workout,db_rdl,0,10,9.0,5.690165833139009,movement_rate,velocity_proxy,velocity proxy,9,6,9-10,5-6
M4_add_one__movement_rate,ridge,1,tsenyu0515workout|yanz0510workout|yoru0511workout|yushuan0513workout|ziho0512workout,hsianshun0514workout,haoyu0512workout,haoyu0512workout,db_rdl,0,11,9.0,5.931223368448478,movement_rate,velocity_proxy,velocity proxy,9,6,9-10,5-6
M4_add_one__movement_rate,ridge,1,tsenyu0515workout|yanz0510workout|yoru0511workout|yushuan0513workout|ziho0512workout,hsianshun0514workout,haoyu0512workout,haoyu0512workout,db_rdl,1,0,5.0,3.5841416032066378,movement_rate,velocity_proxy,velocity proxy,5,4,5-6,3-4
M4_add_one__movement_rate,ridge,1,tsenyu0515workout|yanz0510workout|yoru0511workout|yushuan0513workout|ziho0512workout,hsianshun0514workout,haoyu0512workout,haoyu0512workout,db_rdl,1,1,5.0,3.899434339934612,movement_rate,velocity_proxy,velocity proxy,5,4,5-6,3-4
M4_add_one__movement_rate,ridge,1,tsenyu0515workout|yanz0510workout|yoru0511workout|yushuan0513workout|ziho0512workout,hsianshun0514workout,haoyu0512workout,haoyu0512workout,db_rdl,1,2,5.0,4.299371953118362,movement_rate,velocity_proxy,velocity proxy,5,4,5-6,3-4
M4_add_one__movement_rate,ridge,1,tsenyu0515workout|yanz0510workout|yoru0511workout|yushuan0513workout|ziho0512workout,hsianshun0514workout,haoyu0512workout,haoyu0512workout,db_rdl,1,3,5.0,4.546046418932405,movement_rate,velocity_proxy,velocity proxy,5,5,5-6,5-6
M4_add_one__movement_rate,ridge,1,tsenyu0515workout|yanz0510workout|yoru0511workout|yushuan0513workout|ziho0512workout,hsianshun0514workout,haoyu0512workout,haoyu0512workout,db_rdl,1,4,6.0,4.914084476182715,movement_rate,velocity_proxy,velocity proxy,6,5,5-6,5-6
M4_add_one__movement_rate,ridge,1,tsenyu0515workout|yanz0510workout|yoru0511workout|yushuan0513workout|ziho0512workout,hsianshun0514workout,haoyu0512workout,haoyu0512workout,db_rdl,1,5,6.0,5.212908804800927,movement_rate,velocity_proxy,velocity proxy,6,5,5-6,5-6
M4_add_one__movement_rate,ridge,1,tsenyu0515workout|yanz0510workout|yoru0511workout|yushuan0513workout|ziho0512workout,hsianshun0514workout,haoyu0512workout,haoyu0512workout,db_rdl,1,6,6.0,5.577030726774049,movement_rate,velocity_proxy,velocity proxy,6,6,5-6,5-6
M4_add_one__movement_rate,ridge,1,tsenyu0515workout|yanz0510workout|yoru0511workout|yushuan0513workout|ziho0512workout,hsianshun0514workout,haoyu0512workout,haoyu0512workout,db_rdl,1,7,7.0,5.893879292137494,movement_rate,velocity_proxy,velocity proxy,7,6,7-8,5-6
M4_add_one__movement_rate,ridge,1,tsenyu0515workout|yanz0510workout|yoru0511workout|yushuan0513workout|ziho0512workout,hsianshun0514workout,haoyu0512workout,haoyu0512workout,db_rdl,1,8,7.0,6.175138342520011,movement_rate,velocity_proxy,velocity proxy,7,6,7-8,5-6
M4_add_one__movement_rate,ridge,1,tsenyu0515workout|yanz0510workout|yoru0511workout|yushuan0513workout|ziho0512workout,hsianshun0514workout,haoyu0512workout,haoyu0512workout,db_rdl,1,9,8.0,6.4834624050789635,movement_rate,velocity_proxy,velocity proxy,8,6,7-8,5-6
M4_add_one__movement_rate,ridge,1,tsenyu0515workout|yanz0510workout|yoru0511workout|yushuan0513workout|ziho0512workout,hsianshun0514workout,haoyu0512workout,haoyu0512workout,db_rdl,1,10,8.0,6.850154253423238,movement_rate,velocity_proxy,velocity proxy,8,7,7-8,7-8
M4_add_one__movement_rate,ridge,1,tsenyu0515workout|yanz0510workout|yoru0511workout|yushuan0513workout|ziho0512workout,hsianshun0514workout,haoyu0512workout,haoyu0512workout,db_rdl,1,11,9.0,7.131663498214504,movement_rate,velocity_proxy,velocity proxy,9,7,9-10,7-8
M4_add_one__movement_rate,ridge,1,tsenyu0515workout|yanz0510workout|yoru0511workout|yushuan0513workout|ziho0512workout,hsianshun0514workout,haoyu0512workout,haoyu0512workout,db_rdl,2,0,5.0,4.738961574591716,movement_rate,velocity_proxy,velocity proxy,5,5,5-6,5-6
M4_add_one__movement_rate,ridge,1,tsenyu0515workout|yanz0510workout|yoru0511workout|yushuan0513workout|ziho0512workout,hsianshun0514workout,haoyu0512workout,haoyu0512workout,db_rdl,2,1,5.0,5.031721667722382,movement_rate,velocity_proxy,velocity proxy,5,5,5-6,5-6
M4_add_one__movement_rate,ridge,1,tsenyu0515workout|yanz0510workout|yoru0511workout|yushuan0513workout|ziho0512workout,hsianshun0514workout,haoyu0512workout,haoyu0512workout,db_rdl,2,2,5.0,5.239283283158341,movement_rate,velocity_proxy,velocity proxy,5,5,5-6,5-6
M4_add_one__movement_rate,ridge,1,tsenyu0515workout|yanz0510workout|yoru0511workout|yushuan0513workout|ziho0512workout,hsianshun0514workout,haoyu0512workout,haoyu0512workout,db_rdl,2,3,5.0,5.598454672170939,movement_rate,velocity_proxy,velocity proxy,5,6,5-6,5-6
M4_add_one__movement_rate,ridge,1,tsenyu0515workout|yanz0510workout|yoru0511workout|yushuan0513workout|ziho0512workout,hsianshun0514workout,haoyu0512workout,haoyu0512workout,db_rdl,2,4,6.0,5.95918989098964,movement_rate,velocity_proxy,velocity proxy,6,6,5-6,5-6
M4_add_one__movement_rate,ridge,1,tsenyu0515workout|yanz0510workout|yoru0511workout|yushuan0513workout|ziho0512workout,hsianshun0514workout,haoyu0512workout,haoyu0512workout,db_rdl,2,5,6.0,6.240159148515191,movement_rate,velocity_proxy,velocity proxy,6,6,5-6,5-6
M4_add_one__movement_rate,ridge,1,tsenyu0515workout|yanz0510workout|yoru0511workout|yushuan0513workout|ziho0512workout,hsianshun0514workout,haoyu0512workout,haoyu0512workout,db_rdl,2,6,7.0,6.531487232413091,movement_rate,velocity_proxy,velocity proxy,7,7,7-8,7-8
M4_add_one__movement_rate,ridge,1,tsenyu0515workout|yanz0510workout|yoru0511workout|yushuan0513workout|ziho0512workout,hsianshun0514workout,haoyu0512workout,haoyu0512workout,db_rdl,2,7,7.0,6.841789416861198,movement_rate,velocity_proxy,velocity proxy,7,7,7-8,7-8
M4_add_one__movement_rate,ridge,1,tsenyu0515workout|yanz0510workout|yoru0511workout|yushuan0513workout|ziho0512workout,hsianshun0514workout,haoyu0512workout,haoyu0512workout,db_rdl,2,8,8.0,7.147253645641107,movement_rate,velocity_proxy,velocity proxy,8,7,7-8,7-8
M4_add_one__movement_rate,ridge,1,tsenyu0515workout|yanz0510workout|yoru0511workout|yushuan0513workout|ziho0512workout,hsianshun0514workout,haoyu0512workout,haoyu0512workout,db_rdl,2,9,8.0,7.417944245151372,movement_rate,velocity_proxy,velocity proxy,8,7,7-8,7-8
M4_add_one__movement_rate,ridge,1,tsenyu0515workout|yanz0510workout|yoru0511workout|yushuan0513workout|ziho0512workout,hsianshun0514workout,haoyu0512workout,haoyu0512workout,db_rdl,2,10,9.0,7.7500190279543615,movement_rate,velocity_proxy,velocity proxy,9,8,9-10,7-8
M4_add_one__movement_rate,ridge,1,tsenyu0515workout|yanz0510workout|yoru0511workout|yushuan0513workout|ziho0512workout,hsianshun0514workout,haoyu0512workout,haoyu0512workout,db_rdl,2,11,9.0,8.033109934425385,movement_rate,velocity_proxy,velocity proxy,9,8,9-10,7-8
M4_add_one__movement_rate,ridge,1,tsenyu0515workout|yanz0510workout|yoru0511workout|yushuan0513workout|ziho0512workout,hsianshun0514workout,haoyu0512workout,haoyu0512workout,db_shoulder_press,0,0,1.0,3.193991495686534,movement_rate,velocity_proxy,velocity proxy,1,3,1-2,3-4
M4_add_one__movement_rate,ridge,1,tsenyu0515workout|yanz0510workout|yoru0511workout|yushuan0513workout|ziho0512workout,hsianshun0514workout,haoyu0512workout,haoyu0512workout,db_shoulder_press,0,1,1.0,3.3185051987396896,movement_rate,velocity_proxy,velocity proxy,1,3,1-2,3-4
M4_add_one__movement_rate,ridge,1,tsenyu0515workout|yanz0510workout|yoru0511workout|yushuan0513workout|ziho0512workout,hsianshun0514workout,haoyu0512workout,haoyu0512workout,db_shoulder_press,0,2,3.0,3.721030867228285,movement_rate,velocity_proxy,velocity proxy,3,4,3-4,3-4
M4_add_one__movement_rate,ridge,1,tsenyu0515workout|yanz0510workout|yoru0511workout|yushuan0513workout|ziho0512workout,hsianshun0514workout,haoyu0512workout,haoyu0512workout,db_shoulder_press,0,3,3.0,4.042650454322985,movement_rate,velocity_proxy,velocity proxy,3,4,3-4,3-4
M4_add_one__movement_rate,ridge,1,tsenyu0515workout|yanz0510workout|yoru0511workout|yushuan0513workout|ziho0512workout,hsianshun0514workout,haoyu0512workout,haoyu0512workout,db_shoulder_press,0,4,4.0,4.3796205896237925,movement_rate,velocity_proxy,velocity proxy,4,4,3-4,3-4
M4_add_one__movement_rate,ridge,1,tsenyu0515workout|yanz0510workout|yoru0511workout|yushuan0513workout|ziho0512workout,hsianshun0514workout,haoyu0512workout,haoyu0512workout,db_shoulder_press,0,5,4.0,4.645993955433836,movement_rate,velocity_proxy,velocity proxy,4,5,3-4,5-6
M4_add_one__movement_rate,ridge,1,tsenyu0515workout|yanz0510workout|yoru0511workout|yushuan0513workout|ziho0512workout,hsianshun0514workout,haoyu0512workout,haoyu0512workout,db_shoulder_press,0,6,5.0,4.955017783353182,movement_rate,velocity_proxy,velocity proxy,5,5,5-6,5-6
M4_add_one__movement_rate,ridge,1,tsenyu0515workout|yanz0510workout|yoru0511workout|yushuan0513workout|ziho0512workout,hsianshun0514workout,haoyu0512workout,haoyu0512workout,db_shoulder_press,0,7,5.0,5.312525084567804,movement_rate,velocity_proxy,velocity proxy,5,5,5-6,5-6
M4_add_one__movement_rate,ridge,1,tsenyu0515workout|yanz0510workout|yoru0511workout|yushuan0513workout|ziho0512workout,hsianshun0514workout,haoyu0512workout,haoyu0512workout,db_shoulder_press,0,8,5.0,5.505262942550505,movement_rate,velocity_proxy,velocity proxy,5,6,5-6,5-6
M4_add_one__movement_rate,ridge,1,tsenyu0515workout|yanz0510workout|yoru0511workout|yushuan0513workout|ziho0512workout,hsianshun0514workout,haoyu0512workout,haoyu0512workout,db_shoulder_press,0,9,6.0,6.013199669280037,movement_rate,velocity_proxy,velocity proxy,6,6,5-6,5-6
M4_add_one__movement_rate,ridge,1,tsenyu0515workout|yanz0510workout|yoru0511workout|yushuan0513workout|ziho0512workout,hsianshun0514workout,haoyu0512workout,haoyu0512workout,db_shoulder_press,0,10,6.0,6.215818141184371,movement_rate,velocity_proxy,velocity proxy,6,6,5-6,5-6
M4_add_one__movement_rate,ridge,1,tsenyu0515workout|yanz0510workout|yoru0511workout|yushuan0513workout|ziho0512workout,hsianshun0514workout,haoyu0512workout,haoyu0512workout,db_shoulder_press,0,11,7.0,6.606526933181664,movement_rate,velocity_proxy,velocity proxy,7,7,7-8,7-8
M4_add_one__movement_rate,ridge,1,tsenyu0515workout|yanz0510workout|yoru0511workout|yushuan0513workout|ziho0512workout,hsianshun0514workout,haoyu0512workout,haoyu0512workout,db_shoulder_press,1,0,3.0,4.115690984756223,movement_rate,velocity_proxy,velocity proxy,3,4,3-4,3-4
M4_add_one__movement_rate,ridge,1,tsenyu0515workout|yanz0510workout|yoru0511workout|yushuan0513workout|ziho0512workout,hsianshun0514workout,haoyu0512workout,haoyu0512workout,db_shoulder_press,1,1,3.0,4.458183037112738,movement_rate,velocity_proxy,velocity proxy,3,4,3-4,3-4
M4_add_one__movement_rate,ridge,1,tsenyu0515workout|yanz0510workout|yoru0511workout|yushuan0513workout|ziho0512workout,hsianshun0514workout,haoyu0512workout,haoyu0512workout,db_shoulder_press,1,2,4.0,4.879129493606686,movement_rate,velocity_proxy,velocity proxy,4,5,3-4,5-6
M4_add_one__movement_rate,ridge,1,tsenyu0515workout|yanz0510workout|yoru0511workout|yushuan0513workout|ziho0512workout,hsianshun0514workout,haoyu0512workout,haoyu0512workout,db_shoulder_press,1,3,4.0,5.14568570696794,movement_rate,velocity_proxy,velocity proxy,4,5,3-4,5-6
M4_add_one__movement_rate,ridge,1,tsenyu0515workout|yanz0510workout|yoru0511workout|yushuan0513workout|ziho0512workout,hsianshun0514workout,haoyu0512workout,haoyu0512workout,db_shoulder_press,1,4,4.0,5.42071367361598,movement_rate,velocity_proxy,velocity proxy,4,5,3-4,5-6
M4_add_one__movement_rate,ridge,1,tsenyu0515workout|yanz0510workout|yoru0511workout|yushuan0513workout|ziho0512workout,hsianshun0514workout,haoyu0512workout,haoyu0512workout,db_shoulder_press,1,5,6.0,5.747616568457515,movement_rate,velocity_proxy,velocity proxy,6,6,5-6,5-6
M4_add_one__movement_rate,ridge,1,tsenyu0515workout|yanz0510workout|yoru0511workout|yushuan0513workout|ziho0512workout,hsianshun0514workout,haoyu0512workout,haoyu0512workout,db_shoulder_press,1,6,6.0,6.137185845751603,movement_rate,velocity_proxy,velocity proxy,6,6,5-6,5-6
M4_add_one__movement_rate,ridge,1,tsenyu0515workout|yanz0510workout|yoru0511workout|yushuan0513workout|ziho0512workout,hsianshun0514workout,haoyu0512workout,haoyu0512workout,db_shoulder_press,1,7,7.0,6.430723537481612,movement_rate,velocity_proxy,velocity proxy,7,6,7-8,5-6
M4_add_one__movement_rate,ridge,1,tsenyu0515workout|yanz0510workout|yoru0511workout|yushuan0513workout|ziho0512workout,hsianshun0514workout,haoyu0512workout,haoyu0512workout,db_shoulder_press,1,8,8.0,6.822863246367696,movement_rate,velocity_proxy,velocity proxy,8,7,7-8,7-8
M4_add_one__movement_rate,ridge,1,tsenyu0515workout|yanz0510workout|yoru0511workout|yushuan0513workout|ziho0512workout,hsianshun0514workout,haoyu0512workout,haoyu0512workout,db_shoulder_press,1,9,8.0,7.152813509115608,movement_rate,velocity_proxy,velocity proxy,8,7,7-8,7-8
M4_add_one__movement_rate,ridge,1,tsenyu0515workout|yanz0510workout|yoru0511workout|yushuan0513workout|ziho0512workout,hsianshun0514workout,haoyu0512workout,haoyu0512workout,db_shoulder_press,1,10,8.0,7.484729979674659,movement_rate,velocity_proxy,velocity proxy,8,7,7-8,7-8
M4_add_one__movement_rate,ridge,1,tsenyu0515workout|yanz0510workout|yoru0511workout|yushuan0513workout|ziho0512workout,hsianshun0514workout,haoyu0512workout,haoyu0512workout,db_shoulder_press,1,11,9.0,7.747354339299235,movement_rate,velocity_proxy,velocity proxy,9,8,9-10,7-8
M4_add_one__movement_rate,ridge,1,tsenyu0515workout|yanz0510workout|yoru0511workout|yushuan0513workout|ziho0512workout,hsianshun0514workout,haoyu0512workout,haoyu0512workout,db_shoulder_press,2,0,4.0,5.296657021833391,movement_rate,velocity_proxy,velocity proxy,4,5,3-4,5-6
M4_add_one__movement_rate,ridge,1,tsenyu0515workout|yanz0510workout|yoru0511workout|yushuan0513workout|ziho0512workout,hsianshun0514workout,haoyu0512workout,haoyu0512workout,db_shoulder_press,2,1,4.0,5.512004141146771,movement_rate,velocity_proxy,velocity proxy,4,6,3-4,5-6
M4_add_one__movement_rate,ridge,1,tsenyu0515workout|yanz0510workout|yoru0511workout|yushuan0513workout|ziho0512workout,hsianshun0514workout,haoyu0512workout,haoyu0512workout,db_shoulder_press,2,2,4.0,5.884886713280105,movement_rate,velocity_proxy,velocity proxy,4,6,3-4,5-6
M4_add_one__movement_rate,ridge,1,tsenyu0515workout|yanz0510workout|yoru0511workout|yushuan0513workout|ziho0512workout,hsianshun0514workout,haoyu0512workout,haoyu0512workout,db_shoulder_press,2,3,4.0,6.209658275253589,movement_rate,velocity_proxy,velocity proxy,4,6,3-4,5-6
M4_add_one__movement_rate,ridge,1,tsenyu0515workout|yanz0510workout|yoru0511workout|yushuan0513workout|ziho0512workout,hsianshun0514workout,haoyu0512workout,haoyu0512workout,db_shoulder_press,2,4,5.0,6.564705258386486,movement_rate,velocity_proxy,velocity proxy,5,7,5-6,7-8
M4_add_one__movement_rate,ridge,1,tsenyu0515workout|yanz0510workout|yoru0511workout|yushuan0513workout|ziho0512workout,hsianshun0514workout,haoyu0512workout,haoyu0512workout,db_shoulder_press,2,5,6.0,6.9042714722723835,movement_rate,velocity_proxy,velocity proxy,6,7,5-6,7-8
M4_add_one__movement_rate,ridge,1,tsenyu0515workout|yanz0510workout|yoru0511workout|yushuan0513workout|ziho0512workout,hsianshun0514workout,haoyu0512workout,haoyu0512workout,db_shoulder_press,2,6,6.0,7.093509075514803,movement_rate,velocity_proxy,velocity proxy,6,7,5-6,7-8
M4_add_one__movement_rate,ridge,1,tsenyu0515workout|yanz0510workout|yoru0511workout|yushuan0513workout|ziho0512workout,hsianshun0514workout,haoyu0512workout,haoyu0512workout,db_shoulder_press,2,7,7.0,7.48117929671142,movement_rate,velocity_proxy,velocity proxy,7,7,7-8,7-8
M4_add_one__movement_rate,ridge,1,tsenyu0515workout|yanz0510workout|yoru0511workout|yushuan0513workout|ziho0512workout,hsianshun0514workout,haoyu0512workout,haoyu0512workout,db_shoulder_press,2,8,8.0,7.77161701738499,movement_rate,velocity_proxy,velocity proxy,8,8,7-8,7-8
M4_add_one__movement_rate,ridge,1,tsenyu0515workout|yanz0510workout|yoru0511workout|yushuan0513workout|ziho0512workout,hsianshun0514workout,haoyu0512workout,haoyu0512workout,db_shoulder_press,2,9,9.0,8.117350453424084,movement_rate,velocity_proxy,velocity proxy,9,8,9-10,7-8
M4_add_one__movement_rate,ridge,1,tsenyu0515workout|yanz0510workout|yoru0511workout|yushuan0513workout|ziho0512workout,hsianshun0514workout,haoyu0512workout,haoyu0512workout,db_shoulder_press,2,10,9.0,8.325408290326724,movement_rate,velocity_proxy,velocity proxy,9,8,9-10,7-8
M4_add_one__movement_rate,ridge,1,tsenyu0515workout|yanz0510workout|yoru0511workout|yushuan0513workout|ziho0512workout,hsianshun0514workout,haoyu0512workout,haoyu0512workout,db_shoulder_press,2,11,9.0,8.725482783966775,movement_rate,velocity_proxy,velocity proxy,9,9,9-10,9-10
M4_add_one__movement_rate,ridge,1,tsenyu0515workout|yanz0510workout|yoru0511workout|yushuan0513workout|ziho0512workout,hsianshun0514workout,haoyu0512workout,haoyu0512workout,db_squat,0,0,1.0,1.9942663801635767,movement_rate,velocity_proxy,velocity proxy,1,2,1-2,1-2
M4_add_one__movement_rate,ridge,1,tsenyu0515workout|yanz0510workout|yoru0511workout|yushuan0513workout|ziho0512workout,hsianshun0514workout,haoyu0512workout,haoyu0512workout,db_squat,0,1,1.0,2.246067152481163,movement_rate,velocity_proxy,velocity proxy,1,2,1-2,1-2
M4_add_one__movement_rate,ridge,1,tsenyu0515workout|yanz0510workout|yoru0511workout|yushuan0513workout|ziho0512workout,hsianshun0514workout,haoyu0512workout,haoyu0512workout,db_squat,0,2,1.0,2.626640958140534,movement_rate,velocity_proxy,velocity proxy,1,3,1-2,3-4
M4_add_one__movement_rate,ridge,1,tsenyu0515workout|yanz0510workout|yoru0511workout|yushuan0513workout|ziho0512workout,hsianshun0514workout,haoyu0512workout,haoyu0512workout,db_squat,0,3,1.0,2.935150287860484,movement_rate,velocity_proxy,velocity proxy,1,3,1-2,3-4
M4_add_one__movement_rate,ridge,1,tsenyu0515workout|yanz0510workout|yoru0511workout|yushuan0513workout|ziho0512workout,hsianshun0514workout,haoyu0512workout,haoyu0512workout,db_squat,0,4,1.0,3.3597104682581316,movement_rate,velocity_proxy,velocity proxy,1,3,1-2,3-4
M4_add_one__movement_rate,ridge,1,tsenyu0515workout|yanz0510workout|yoru0511workout|yushuan0513workout|ziho0512workout,hsianshun0514workout,haoyu0512workout,haoyu0512workout,db_squat,0,5,4.0,3.7851376058043926,movement_rate,velocity_proxy,velocity proxy,4,4,3-4,3-4
M4_add_one__movement_rate,ridge,1,tsenyu0515workout|yanz0510workout|yoru0511workout|yushuan0513workout|ziho0512workout,hsianshun0514workout,haoyu0512workout,haoyu0512workout,db_squat,0,6,4.0,3.9813131144861624,movement_rate,velocity_proxy,velocity proxy,4,4,3-4,3-4
M4_add_one__movement_rate,ridge,1,tsenyu0515workout|yanz0510workout|yoru0511workout|yushuan0513workout|ziho0512workout,hsianshun0514workout,haoyu0512workout,haoyu0512workout,db_squat,0,7,5.0,4.255241103200554,movement_rate,velocity_proxy,velocity proxy,5,4,5-6,3-4
M4_add_one__movement_rate,ridge,1,tsenyu0515workout|yanz0510workout|yoru0511workout|yushuan0513workout|ziho0512workout,hsianshun0514workout,haoyu0512workout,haoyu0512workout,db_squat,0,8,5.0,4.60529023321044,movement_rate,velocity_proxy,velocity proxy,5,5,5-6,5-6
M4_add_one__movement_rate,ridge,1,tsenyu0515workout|yanz0510workout|yoru0511workout|yushuan0513workout|ziho0512workout,hsianshun0514workout,haoyu0512workout,haoyu0512workout,db_squat,0,9,5.0,4.951115689944859,movement_rate,velocity_proxy,velocity proxy,5,5,5-6,5-6
M4_add_one__movement_rate,ridge,1,tsenyu0515workout|yanz0510workout|yoru0511workout|yushuan0513workout|ziho0512workout,hsianshun0514workout,haoyu0512workout,haoyu0512workout,db_squat,0,10,6.0,5.272283812247673,movement_rate,velocity_proxy,velocity proxy,6,5,5-6,5-6
M4_add_one__movement_rate,ridge,1,tsenyu0515workout|yanz0510workout|yoru0511workout|yushuan0513workout|ziho0512workout,hsianshun0514workout,haoyu0512workout,haoyu0512workout,db_squat,0,11,6.0,5.627346455357058,movement_rate,velocity_proxy,velocity proxy,6,6,5-6,5-6
M4_add_one__movement_rate,ridge,1,tsenyu0515workout|yanz0510workout|yoru0511workout|yushuan0513workout|ziho0512workout,hsianshun0514workout,haoyu0512workout,haoyu0512workout,db_squat,1,0,4.0,2.9536351454129486,movement_rate,velocity_proxy,velocity proxy,4,3,3-4,3-4
M4_add_one__movement_rate,ridge,1,tsenyu0515workout|yanz0510workout|yoru0511workout|yushuan0513workout|ziho0512workout,hsianshun0514workout,haoyu0512workout,haoyu0512workout,db_squat,1,1,4.0,3.37008688449781,movement_rate,velocity_proxy,velocity proxy,4,3,3-4,3-4
M4_add_one__movement_rate,ridge,1,tsenyu0515workout|yanz0510workout|yoru0511workout|yushuan0513workout|ziho0512workout,hsianshun0514workout,haoyu0512workout,haoyu0512workout,db_squat,1,2,4.0,3.749371751201043,movement_rate,velocity_proxy,velocity proxy,4,4,3-4,3-4
M4_add_one__movement_rate,ridge,1,tsenyu0515workout|yanz0510workout|yoru0511workout|yushuan0513workout|ziho0512workout,hsianshun0514workout,haoyu0512workout,haoyu0512workout,db_squat,1,3,5.0,4.054798140942964,movement_rate,velocity_proxy,velocity proxy,5,4,5-6,3-4
M4_add_one__movement_rate,ridge,1,tsenyu0515workout|yanz0510workout|yoru0511workout|yushuan0513workout|ziho0512workout,hsianshun0514workout,haoyu0512workout,haoyu0512workout,db_squat,1,4,5.0,4.402652131799709,movement_rate,velocity_proxy,velocity proxy,5,4,5-6,3-4
M4_add_one__movement_rate,ridge,1,tsenyu0515workout|yanz0510workout|yoru0511workout|yushuan0513workout|ziho0512workout,hsianshun0514workout,haoyu0512workout,haoyu0512workout,db_squat,1,5,6.0,4.780187770365489,movement_rate,velocity_proxy,velocity proxy,6,5,5-6,5-6
M4_add_one__movement_rate,ridge,1,tsenyu0515workout|yanz0510workout|yoru0511workout|yushuan0513workout|ziho0512workout,hsianshun0514workout,haoyu0512workout,haoyu0512workout,db_squat,1,6,6.0,5.1856579915267265,movement_rate,velocity_proxy,velocity proxy,6,5,5-6,5-6
M4_add_one__movement_rate,ridge,1,tsenyu0515workout|yanz0510workout|yoru0511workout|yushuan0513workout|ziho0512workout,hsianshun0514workout,haoyu0512workout,haoyu0512workout,db_squat,1,7,7.0,5.465035796637108,movement_rate,velocity_proxy,velocity proxy,7,5,7-8,5-6
M4_add_one__movement_rate,ridge,1,tsenyu0515workout|yanz0510workout|yoru0511workout|yushuan0513workout|ziho0512workout,hsianshun0514workout,haoyu0512workout,haoyu0512workout,db_squat,1,8,7.0,5.730445767716407,movement_rate,velocity_proxy,velocity proxy,7,6,7-8,5-6
M4_add_one__movement_rate,ridge,1,tsenyu0515workout|yanz0510workout|yoru0511workout|yushuan0513workout|ziho0512workout,hsianshun0514workout,haoyu0512workout,haoyu0512workout,db_squat,1,9,8.0,6.120283553980395,movement_rate,velocity_proxy,velocity proxy,8,6,7-8,5-6
M4_add_one__movement_rate,ridge,1,tsenyu0515workout|yanz0510workout|yoru0511workout|yushuan0513workout|ziho0512workout,hsianshun0514workout,haoyu0512workout,haoyu0512workout,db_squat,1,10,8.0,6.409755039735542,movement_rate,velocity_proxy,velocity proxy,8,6,7-8,5-6
M4_add_one__movement_rate,ridge,1,tsenyu0515workout|yanz0510workout|yoru0511workout|yushuan0513workout|ziho0512workout,hsianshun0514workout,haoyu0512workout,haoyu0512workout,db_squat,1,11,9.0,6.775791687939924,movement_rate,velocity_proxy,velocity proxy,9,7,9-10,7-8
M4_add_one__movement_rate,ridge,1,tsenyu0515workout|yanz0510workout|yoru0511workout|yushuan0513workout|ziho0512workout,hsianshun0514workout,haoyu0512workout,haoyu0512workout,db_squat,2,0,5.0,4.057155857862765,movement_rate,velocity_proxy,velocity proxy,5,4,5-6,3-4
M4_add_one__movement_rate,ridge,1,tsenyu0515workout|yanz0510workout|yoru0511workout|yushuan0513workout|ziho0512workout,hsianshun0514workout,haoyu0512workout,haoyu0512workout,db_squat,2,1,5.0,4.420493032211359,movement_rate,velocity_proxy,velocity proxy,5,4,5-6,3-4
M4_add_one__movement_rate,ridge,1,tsenyu0515workout|yanz0510workout|yoru0511workout|yushuan0513workout|ziho0512workout,hsianshun0514workout,haoyu0512workout,haoyu0512workout,db_squat,2,2,5.0,4.7201300562552495,movement_rate,velocity_proxy,velocity proxy,5,5,5-6,5-6
M4_add_one__movement_rate,ridge,1,tsenyu0515workout|yanz0510workout|yoru0511workout|yushuan0513workout|ziho0512workout,hsianshun0514workout,haoyu0512workout,haoyu0512workout,db_squat,2,3,6.0,5.187776363542325,movement_rate,velocity_proxy,velocity proxy,6,5,5-6,5-6
M4_add_one__movement_rate,ridge,1,tsenyu0515workout|yanz0510workout|yoru0511workout|yushuan0513workout|ziho0512workout,hsianshun0514workout,haoyu0512workout,haoyu0512workout,db_squat,2,4,6.0,5.485025817503838,movement_rate,velocity_proxy,velocity proxy,6,5,5-6,5-6
M4_add_one__movement_rate,ridge,1,tsenyu0515workout|yanz0510workout|yoru0511workout|yushuan0513workout|ziho0512workout,hsianshun0514workout,haoyu0512workout,haoyu0512workout,db_squat,2,5,6.0,5.7893353491028625,movement_rate,velocity_proxy,velocity proxy,6,6,5-6,5-6
M4_add_one__movement_rate,ridge,1,tsenyu0515workout|yanz0510workout|yoru0511workout|yushuan0513workout|ziho0512workout,hsianshun0514workout,haoyu0512workout,haoyu0512workout,db_squat,2,6,6.0,6.113056307680323,movement_rate,velocity_proxy,velocity proxy,6,6,5-6,5-6
M4_add_one__movement_rate,ridge,1,tsenyu0515workout|yanz0510workout|yoru0511workout|yushuan0513workout|ziho0512workout,hsianshun0514workout,haoyu0512workout,haoyu0512workout,db_squat,2,7,7.0,6.481021647080743,movement_rate,velocity_proxy,velocity proxy,7,6,7-8,5-6
M4_add_one__movement_rate,ridge,1,tsenyu0515workout|yanz0510workout|yoru0511workout|yushuan0513workout|ziho0512workout,hsianshun0514workout,haoyu0512workout,haoyu0512workout,db_squat,2,8,7.0,6.876741242375601,movement_rate,velocity_proxy,velocity proxy,7,7,7-8,7-8
M4_add_one__movement_rate,ridge,1,tsenyu0515workout|yanz0510workout|yoru0511workout|yushuan0513workout|ziho0512workout,hsianshun0514workout,haoyu0512workout,haoyu0512workout,db_squat,2,9,7.0,7.172947579015174,movement_rate,velocity_proxy,velocity proxy,7,7,7-8,7-8
M4_add_one__movement_rate,ridge,1,tsenyu0515workout|yanz0510workout|yoru0511workout|yushuan0513workout|ziho0512workout,hsianshun0514workout,haoyu0512workout,haoyu0512workout,db_squat,2,10,8.0,7.539198499067135,movement_rate,velocity_proxy,velocity proxy,8,8,7-8,7-8
M4_add_one__movement_rate,ridge,1,tsenyu0515workout|yanz0510workout|yoru0511workout|yushuan0513workout|ziho0512workout,hsianshun0514workout,haoyu0512workout,haoyu0512workout,db_squat,2,11,8.0,7.884023602382024,movement_rate,velocity_proxy,velocity proxy,8,8,7-8,7-8
M4_add_one__movement_rate,ridge,1,tsenyu0515workout|yanz0510workout|yoru0511workout|yushuan0513workout|ziho0512workout,hsianshun0514workout,haoyu0512workout,haoyu0512workout,db_triceps_curl,0,0,1.0,2.2750259800436736,movement_rate,velocity_proxy,velocity proxy,1,2,1-2,1-2
M4_add_one__movement_rate,ridge,1,tsenyu0515workout|yanz0510workout|yoru0511workout|yushuan0513workout|ziho0512workout,hsianshun0514workout,haoyu0512workout,haoyu0512workout,db_triceps_curl,0,1,1.0,2.6743663509828353,movement_rate,velocity_proxy,velocity proxy,1,3,1-2,3-4
M4_add_one__movement_rate,ridge,1,tsenyu0515workout|yanz0510workout|yoru0511workout|yushuan0513workout|ziho0512workout,hsianshun0514workout,haoyu0512workout,haoyu0512workout,db_triceps_curl,0,2,3.0,2.9597833730177396,movement_rate,velocity_proxy,velocity proxy,3,3,3-4,3-4
M4_add_one__movement_rate,ridge,1,tsenyu0515workout|yanz0510workout|yoru0511workout|yushuan0513workout|ziho0512workout,hsianshun0514workout,haoyu0512workout,haoyu0512workout,db_triceps_curl,0,3,3.0,3.3218080023344987,movement_rate,velocity_proxy,velocity proxy,3,3,3-4,3-4
M4_add_one__movement_rate,ridge,1,tsenyu0515workout|yanz0510workout|yoru0511workout|yushuan0513workout|ziho0512workout,hsianshun0514workout,haoyu0512workout,haoyu0512workout,db_triceps_curl,0,4,4.0,3.708801426097188,movement_rate,velocity_proxy,velocity proxy,4,4,3-4,3-4
M4_add_one__movement_rate,ridge,1,tsenyu0515workout|yanz0510workout|yoru0511workout|yushuan0513workout|ziho0512workout,hsianshun0514workout,haoyu0512workout,haoyu0512workout,db_triceps_curl,0,5,4.0,3.9886404432163625,movement_rate,velocity_proxy,velocity proxy,4,4,3-4,3-4
M4_add_one__movement_rate,ridge,1,tsenyu0515workout|yanz0510workout|yoru0511workout|yushuan0513workout|ziho0512workout,hsianshun0514workout,haoyu0512workout,haoyu0512workout,db_triceps_curl,0,6,5.0,4.303039445337763,movement_rate,velocity_proxy,velocity proxy,5,4,5-6,3-4
M4_add_one__movement_rate,ridge,1,tsenyu0515workout|yanz0510workout|yoru0511workout|yushuan0513workout|ziho0512workout,hsianshun0514workout,haoyu0512workout,haoyu0512workout,db_triceps_curl,0,7,5.0,4.571501848132986,movement_rate,velocity_proxy,velocity proxy,5,5,5-6,5-6
M4_add_one__movement_rate,ridge,1,tsenyu0515workout|yanz0510workout|yoru0511workout|yushuan0513workout|ziho0512workout,hsianshun0514workout,haoyu0512workout,haoyu0512workout,db_triceps_curl,0,8,6.0,4.9331172472455,movement_rate,velocity_proxy,velocity proxy,6,5,5-6,5-6
M4_add_one__movement_rate,ridge,1,tsenyu0515workout|yanz0510workout|yoru0511workout|yushuan0513workout|ziho0512workout,hsianshun0514workout,haoyu0512workout,haoyu0512workout,db_triceps_curl,0,9,6.0,5.199477767911596,movement_rate,velocity_proxy,velocity proxy,6,5,5-6,5-6
M4_add_one__movement_rate,ridge,1,tsenyu0515workout|yanz0510workout|yoru0511workout|yushuan0513workout|ziho0512workout,hsianshun0514workout,haoyu0512workout,haoyu0512workout,db_triceps_curl,0,10,6.0,5.5667767643545725,movement_rate,velocity_proxy,velocity proxy,6,6,5-6,5-6
M4_add_one__movement_rate,ridge,1,tsenyu0515workout|yanz0510workout|yoru0511workout|yushuan0513workout|ziho0512workout,hsianshun0514workout,haoyu0512workout,haoyu0512workout,db_triceps_curl,0,11,7.0,5.8453119246266,movement_rate,velocity_proxy,velocity proxy,7,6,7-8,5-6
M4_add_one__movement_rate,ridge,1,tsenyu0515workout|yanz0510workout|yoru0511workout|yushuan0513workout|ziho0512workout,hsianshun0514workout,haoyu0512workout,haoyu0512workout,db_triceps_curl,1,0,4.0,3.3649036783330413,movement_rate,velocity_proxy,velocity proxy,4,3,3-4,3-4
M4_add_one__movement_rate,ridge,1,tsenyu0515workout|yanz0510workout|yoru0511workout|yushuan0513workout|ziho0512workout,hsianshun0514workout,haoyu0512workout,haoyu0512workout,db_triceps_curl,1,1,4.0,3.757843383282923,movement_rate,velocity_proxy,velocity proxy,4,4,3-4,3-4
M4_add_one__movement_rate,ridge,1,tsenyu0515workout|yanz0510workout|yoru0511workout|yushuan0513workout|ziho0512workout,hsianshun0514workout,haoyu0512workout,haoyu0512workout,db_triceps_curl,1,2,4.0,4.074663449832121,movement_rate,velocity_proxy,velocity proxy,4,4,3-4,3-4
M4_add_one__movement_rate,ridge,1,tsenyu0515workout|yanz0510workout|yoru0511workout|yushuan0513workout|ziho0512workout,hsianshun0514workout,haoyu0512workout,haoyu0512workout,db_triceps_curl,1,3,4.0,4.37060473310861,movement_rate,velocity_proxy,velocity proxy,4,4,3-4,3-4
M4_add_one__movement_rate,ridge,1,tsenyu0515workout|yanz0510workout|yoru0511workout|yushuan0513workout|ziho0512workout,hsianshun0514workout,haoyu0512workout,haoyu0512workout,db_triceps_curl,1,4,5.0,4.603142356648394,movement_rate,velocity_proxy,velocity proxy,5,5,5-6,5-6
M4_add_one__movement_rate,ridge,1,tsenyu0515workout|yanz0510workout|yoru0511workout|yushuan0513workout|ziho0512workout,hsianshun0514workout,haoyu0512workout,haoyu0512workout,db_triceps_curl,1,5,5.0,4.952299542458325,movement_rate,velocity_proxy,velocity proxy,5,5,5-6,5-6
M4_add_one__movement_rate,ridge,1,tsenyu0515workout|yanz0510workout|yoru0511workout|yushuan0513workout|ziho0512workout,hsianshun0514workout,haoyu0512workout,haoyu0512workout,db_triceps_curl,1,6,6.0,5.329369970157768,movement_rate,velocity_proxy,velocity proxy,6,5,5-6,5-6
M4_add_one__movement_rate,ridge,1,tsenyu0515workout|yanz0510workout|yoru0511workout|yushuan0513workout|ziho0512workout,hsianshun0514workout,haoyu0512workout,haoyu0512workout,db_triceps_curl,1,7,6.0,5.568717862486383,movement_rate,velocity_proxy,velocity proxy,6,6,5-6,5-6
M4_add_one__movement_rate,ridge,1,tsenyu0515workout|yanz0510workout|yoru0511workout|yushuan0513workout|ziho0512workout,hsianshun0514workout,haoyu0512workout,haoyu0512workout,db_triceps_curl,1,8,7.0,5.918078407375029,movement_rate,velocity_proxy,velocity proxy,7,6,7-8,5-6
M4_add_one__movement_rate,ridge,1,tsenyu0515workout|yanz0510workout|yoru0511workout|yushuan0513workout|ziho0512workout,hsianshun0514workout,haoyu0512workout,haoyu0512workout,db_triceps_curl,1,9,7.0,6.303134411969143,movement_rate,velocity_proxy,velocity proxy,7,6,7-8,5-6
M4_add_one__movement_rate,ridge,1,tsenyu0515workout|yanz0510workout|yoru0511workout|yushuan0513workout|ziho0512workout,hsianshun0514workout,haoyu0512workout,haoyu0512workout,db_triceps_curl,1,10,8.0,6.664114758699424,movement_rate,velocity_proxy,velocity proxy,8,7,7-8,7-8
M4_add_one__movement_rate,ridge,1,tsenyu0515workout|yanz0510workout|yoru0511workout|yushuan0513workout|ziho0512workout,hsianshun0514workout,haoyu0512workout,haoyu0512workout,db_triceps_curl,1,11,9.0,6.93327753327052,movement_rate,velocity_proxy,velocity proxy,9,7,9-10,7-8
M4_add_one__movement_rate,ridge,1,tsenyu0515workout|yanz0510workout|yoru0511workout|yushuan0513workout|ziho0512workout,hsianshun0514workout,haoyu0512workout,haoyu0512workout,db_triceps_curl,2,0,5.0,4.419183789076049,movement_rate,velocity_proxy,velocity proxy,5,4,5-6,3-4
M4_add_one__movement_rate,ridge,1,tsenyu0515workout|yanz0510workout|yoru0511workout|yushuan0513workout|ziho0512workout,hsianshun0514workout,haoyu0512workout,haoyu0512workout,db_triceps_curl,2,1,5.0,4.783726580020217,movement_rate,velocity_proxy,velocity proxy,5,5,5-6,5-6
M4_add_one__movement_rate,ridge,1,tsenyu0515workout|yanz0510workout|yoru0511workout|yushuan0513workout|ziho0512workout,hsianshun0514workout,haoyu0512workout,haoyu0512workout,db_triceps_curl,2,2,5.0,5.194493408839372,movement_rate,velocity_proxy,velocity proxy,5,5,5-6,5-6
M4_add_one__movement_rate,ridge,1,tsenyu0515workout|yanz0510workout|yoru0511workout|yushuan0513workout|ziho0512workout,hsianshun0514workout,haoyu0512workout,haoyu0512workout,db_triceps_curl,2,3,6.0,5.413469435290507,movement_rate,velocity_proxy,velocity proxy,6,5,5-6,5-6
M4_add_one__movement_rate,ridge,1,tsenyu0515workout|yanz0510workout|yoru0511workout|yushuan0513workout|ziho0512workout,hsianshun0514workout,haoyu0512workout,haoyu0512workout,db_triceps_curl,2,4,6.0,5.821786544939778,movement_rate,velocity_proxy,velocity proxy,6,6,5-6,5-6
M4_add_one__movement_rate,ridge,1,tsenyu0515workout|yanz0510workout|yoru0511workout|yushuan0513workout|ziho0512workout,hsianshun0514workout,haoyu0512workout,haoyu0512workout,db_triceps_curl,2,5,6.0,6.155938874837012,movement_rate,velocity_proxy,velocity proxy,6,6,5-6,5-6
M4_add_one__movement_rate,ridge,1,tsenyu0515workout|yanz0510workout|yoru0511workout|yushuan0513workout|ziho0512workout,hsianshun0514workout,haoyu0512workout,haoyu0512workout,db_triceps_curl,2,6,7.0,6.481387676222402,movement_rate,velocity_proxy,velocity proxy,7,6,7-8,5-6
M4_add_one__movement_rate,ridge,1,tsenyu0515workout|yanz0510workout|yoru0511workout|yushuan0513workout|ziho0512workout,hsianshun0514workout,haoyu0512workout,haoyu0512workout,db_triceps_curl,2,7,7.0,6.76471423397237,movement_rate,velocity_proxy,velocity proxy,7,7,7-8,7-8
M4_add_one__movement_rate,ridge,1,tsenyu0515workout|yanz0510workout|yoru0511workout|yushuan0513workout|ziho0512workout,hsianshun0514workout,haoyu0512workout,haoyu0512workout,db_triceps_curl,2,8,8.0,7.111485348569891,movement_rate,velocity_proxy,velocity proxy,8,7,7-8,7-8
M4_add_one__movement_rate,ridge,1,tsenyu0515workout|yanz0510workout|yoru0511workout|yushuan0513workout|ziho0512workout,hsianshun0514workout,haoyu0512workout,haoyu0512workout,db_triceps_curl,2,9,8.0,7.447122382647926,movement_rate,velocity_proxy,velocity proxy,8,7,7-8,7-8
M4_add_one__movement_rate,ridge,1,tsenyu0515workout|yanz0510workout|yoru0511workout|yushuan0513workout|ziho0512workout,hsianshun0514workout,haoyu0512workout,haoyu0512workout,db_triceps_curl,2,10,8.0,7.770013870482378,movement_rate,velocity_proxy,velocity proxy,8,8,7-8,7-8
M4_add_one__movement_rate,ridge,1,tsenyu0515workout|yanz0510workout|yoru0511workout|yushuan0513workout|ziho0512workout,hsianshun0514workout,haoyu0512workout,haoyu0512workout,db_triceps_curl,2,11,9.0,8.111201009171362,movement_rate,velocity_proxy,velocity proxy,9,8,9-10,7-8
M4_add_one__movement_rate,ridge,1,tsenyu0515workout|yanz0510workout|yoru0511workout|yushuan0513workout|ziho0512workout,hsianshun0514workout,haoyu0512workout,haoyu0512workout,db_weighted_crunch,0,0,1.0,1.8369596401568768,movement_rate,velocity_proxy,velocity proxy,1,2,1-2,1-2
M4_add_one__movement_rate,ridge,1,tsenyu0515workout|yanz0510workout|yoru0511workout|yushuan0513workout|ziho0512workout,hsianshun0514workout,haoyu0512workout,haoyu0512workout,db_weighted_crunch,0,1,1.0,2.1209129900766652,movement_rate,velocity_proxy,velocity proxy,1,2,1-2,1-2
M4_add_one__movement_rate,ridge,1,tsenyu0515workout|yanz0510workout|yoru0511workout|yushuan0513workout|ziho0512workout,hsianshun0514workout,haoyu0512workout,haoyu0512workout,db_weighted_crunch,0,2,3.0,2.4255341193814086,movement_rate,velocity_proxy,velocity proxy,3,2,3-4,1-2
M4_add_one__movement_rate,ridge,1,tsenyu0515workout|yanz0510workout|yoru0511workout|yushuan0513workout|ziho0512workout,hsianshun0514workout,haoyu0512workout,haoyu0512workout,db_weighted_crunch,0,3,3.0,2.8164769612994753,movement_rate,velocity_proxy,velocity proxy,3,3,3-4,3-4
M4_add_one__movement_rate,ridge,1,tsenyu0515workout|yanz0510workout|yoru0511workout|yushuan0513workout|ziho0512workout,hsianshun0514workout,haoyu0512workout,haoyu0512workout,db_weighted_crunch,0,4,3.0,2.9966765916712816,movement_rate,velocity_proxy,velocity proxy,3,3,3-4,3-4
M4_add_one__movement_rate,ridge,1,tsenyu0515workout|yanz0510workout|yoru0511workout|yushuan0513workout|ziho0512workout,hsianshun0514workout,haoyu0512workout,haoyu0512workout,db_weighted_crunch,0,5,3.0,3.4277967813641292,movement_rate,velocity_proxy,velocity proxy,3,3,3-4,3-4
M4_add_one__movement_rate,ridge,1,tsenyu0515workout|yanz0510workout|yoru0511workout|yushuan0513workout|ziho0512workout,hsianshun0514workout,haoyu0512workout,haoyu0512workout,db_weighted_crunch,0,6,4.0,3.845628411076371,movement_rate,velocity_proxy,velocity proxy,4,4,3-4,3-4
M4_add_one__movement_rate,ridge,1,tsenyu0515workout|yanz0510workout|yoru0511workout|yushuan0513workout|ziho0512workout,hsianshun0514workout,haoyu0512workout,haoyu0512workout,db_weighted_crunch,0,7,4.0,4.077874972186862,movement_rate,velocity_proxy,velocity proxy,4,4,3-4,3-4
M4_add_one__movement_rate,ridge,1,tsenyu0515workout|yanz0510workout|yoru0511workout|yushuan0513workout|ziho0512workout,hsianshun0514workout,haoyu0512workout,haoyu0512workout,db_weighted_crunch,0,8,5.0,4.462657254256898,movement_rate,velocity_proxy,velocity proxy,5,4,5-6,3-4
M4_add_one__movement_rate,ridge,1,tsenyu0515workout|yanz0510workout|yoru0511workout|yushuan0513workout|ziho0512workout,hsianshun0514workout,haoyu0512workout,haoyu0512workout,db_weighted_crunch,0,9,5.0,4.795236851144034,movement_rate,velocity_proxy,velocity proxy,5,5,5-6,5-6
M4_add_one__movement_rate,ridge,1,tsenyu0515workout|yanz0510workout|yoru0511workout|yushuan0513workout|ziho0512workout,hsianshun0514workout,haoyu0512workout,haoyu0512workout,db_weighted_crunch,0,10,5.0,5.034925784196706,movement_rate,velocity_proxy,velocity proxy,5,5,5-6,5-6
M4_add_one__movement_rate,ridge,1,tsenyu0515workout|yanz0510workout|yoru0511workout|yushuan0513workout|ziho0512workout,hsianshun0514workout,haoyu0512workout,haoyu0512workout,db_weighted_crunch,0,11,6.0,5.386774992065009,movement_rate,velocity_proxy,velocity proxy,6,5,5-6,5-6
M4_add_one__movement_rate,ridge,1,tsenyu0515workout|yanz0510workout|yoru0511workout|yushuan0513workout|ziho0512workout,hsianshun0514workout,haoyu0512workout,haoyu0512workout,db_weighted_crunch,1,0,3.0,2.926511054075497,movement_rate,velocity_proxy,velocity proxy,3,3,3-4,3-4
M4_add_one__movement_rate,ridge,1,tsenyu0515workout|yanz0510workout|yoru0511workout|yushuan0513workout|ziho0512workout,hsianshun0514workout,haoyu0512workout,haoyu0512workout,db_weighted_crunch,1,1,3.0,3.0772944290746667,movement_rate,velocity_proxy,velocity proxy,3,3,3-4,3-4
M4_add_one__movement_rate,ridge,1,tsenyu0515workout|yanz0510workout|yoru0511workout|yushuan0513workout|ziho0512workout,hsianshun0514workout,haoyu0512workout,haoyu0512workout,db_weighted_crunch,1,2,4.0,3.5444358865441186,movement_rate,velocity_proxy,velocity proxy,4,4,3-4,3-4
M4_add_one__movement_rate,ridge,1,tsenyu0515workout|yanz0510workout|yoru0511workout|yushuan0513workout|ziho0512workout,hsianshun0514workout,haoyu0512workout,haoyu0512workout,db_weighted_crunch,1,3,4.0,3.8463845464768966,movement_rate,velocity_proxy,velocity proxy,4,4,3-4,3-4
M4_add_one__movement_rate,ridge,1,tsenyu0515workout|yanz0510workout|yoru0511workout|yushuan0513workout|ziho0512workout,hsianshun0514workout,haoyu0512workout,haoyu0512workout,db_weighted_crunch,1,4,4.0,4.1353613165468435,movement_rate,velocity_proxy,velocity proxy,4,4,3-4,3-4
M4_add_one__movement_rate,ridge,1,tsenyu0515workout|yanz0510workout|yoru0511workout|yushuan0513workout|ziho0512workout,hsianshun0514workout,haoyu0512workout,haoyu0512workout,db_weighted_crunch,1,5,5.0,4.568814160453375,movement_rate,velocity_proxy,velocity proxy,5,5,5-6,5-6
M4_add_one__movement_rate,ridge,1,tsenyu0515workout|yanz0510workout|yoru0511workout|yushuan0513workout|ziho0512workout,hsianshun0514workout,haoyu0512workout,haoyu0512workout,db_weighted_crunch,1,6,5.0,4.808851935299061,movement_rate,velocity_proxy,velocity proxy,5,5,5-6,5-6
M4_add_one__movement_rate,ridge,1,tsenyu0515workout|yanz0510workout|yoru0511workout|yushuan0513workout|ziho0512workout,hsianshun0514workout,haoyu0512workout,haoyu0512workout,db_weighted_crunch,1,7,6.0,5.209174028214391,movement_rate,velocity_proxy,velocity proxy,6,5,5-6,5-6
M4_add_one__movement_rate,ridge,1,tsenyu0515workout|yanz0510workout|yoru0511workout|yushuan0513workout|ziho0512workout,hsianshun0514workout,haoyu0512workout,haoyu0512workout,db_weighted_crunch,1,8,6.0,5.552890286581426,movement_rate,velocity_proxy,velocity proxy,6,6,5-6,5-6
M4_add_one__movement_rate,ridge,1,tsenyu0515workout|yanz0510workout|yoru0511workout|yushuan0513workout|ziho0512workout,hsianshun0514workout,haoyu0512workout,haoyu0512workout,db_weighted_crunch,1,9,6.0,5.871041223289841,movement_rate,velocity_proxy,velocity proxy,6,6,5-6,5-6
M4_add_one__movement_rate,ridge,1,tsenyu0515workout|yanz0510workout|yoru0511workout|yushuan0513workout|ziho0512workout,hsianshun0514workout,haoyu0512workout,haoyu0512workout,db_weighted_crunch,1,10,7.0,6.211075340452672,movement_rate,velocity_proxy,velocity proxy,7,6,7-8,5-6
M4_add_one__movement_rate,ridge,1,tsenyu0515workout|yanz0510workout|yoru0511workout|yushuan0513workout|ziho0512workout,hsianshun0514workout,haoyu0512workout,haoyu0512workout,db_weighted_crunch,1,11,7.0,6.512958719662293,movement_rate,velocity_proxy,velocity proxy,7,7,7-8,7-8
M4_add_one__movement_rate,ridge,1,tsenyu0515workout|yanz0510workout|yoru0511workout|yushuan0513workout|ziho0512workout,hsianshun0514workout,haoyu0512workout,haoyu0512workout,db_weighted_crunch,2,0,3.0,4.022091917107607,movement_rate,velocity_proxy,velocity proxy,3,4,3-4,3-4
M4_add_one__movement_rate,ridge,1,tsenyu0515workout|yanz0510workout|yoru0511workout|yushuan0513workout|ziho0512workout,hsianshun0514workout,haoyu0512workout,haoyu0512workout,db_weighted_crunch,2,1,3.0,4.1870385048877825,movement_rate,velocity_proxy,velocity proxy,3,4,3-4,3-4
M4_add_one__movement_rate,ridge,1,tsenyu0515workout|yanz0510workout|yoru0511workout|yushuan0513workout|ziho0512workout,hsianshun0514workout,haoyu0512workout,haoyu0512workout,db_weighted_crunch,2,2,3.0,4.566716147872676,movement_rate,velocity_proxy,velocity proxy,3,5,3-4,5-6
M4_add_one__movement_rate,ridge,1,tsenyu0515workout|yanz0510workout|yoru0511workout|yushuan0513workout|ziho0512workout,hsianshun0514workout,haoyu0512workout,haoyu0512workout,db_weighted_crunch,2,3,5.0,4.969483340787859,movement_rate,velocity_proxy,velocity proxy,5,5,5-6,5-6
M4_add_one__movement_rate,ridge,1,tsenyu0515workout|yanz0510workout|yoru0511workout|yushuan0513workout|ziho0512workout,hsianshun0514workout,haoyu0512workout,haoyu0512workout,db_weighted_crunch,2,4,5.0,5.1516792686931705,movement_rate,velocity_proxy,velocity proxy,5,5,5-6,5-6
M4_add_one__movement_rate,ridge,1,tsenyu0515workout|yanz0510workout|yoru0511workout|yushuan0513workout|ziho0512workout,hsianshun0514workout,haoyu0512workout,haoyu0512workout,db_weighted_crunch,2,5,5.0,5.623330842615239,movement_rate,velocity_proxy,velocity proxy,5,6,5-6,5-6
M4_add_one__movement_rate,ridge,1,tsenyu0515workout|yanz0510workout|yoru0511workout|yushuan0513workout|ziho0512workout,hsianshun0514workout,haoyu0512workout,haoyu0512workout,db_weighted_crunch,2,6,6.0,5.924756131337872,movement_rate,velocity_proxy,velocity proxy,6,6,5-6,5-6
M4_add_one__movement_rate,ridge,1,tsenyu0515workout|yanz0510workout|yoru0511workout|yushuan0513workout|ziho0512workout,hsianshun0514workout,haoyu0512workout,haoyu0512workout,db_weighted_crunch,2,7,6.0,6.300253579493717,movement_rate,velocity_proxy,velocity proxy,6,6,5-6,5-6
M4_add_one__movement_rate,ridge,1,tsenyu0515workout|yanz0510workout|yoru0511workout|yushuan0513workout|ziho0512workout,hsianshun0514workout,haoyu0512workout,haoyu0512workout,db_weighted_crunch,2,8,6.0,6.517814978545599,movement_rate,velocity_proxy,velocity proxy,6,7,5-6,7-8
M4_add_one__movement_rate,ridge,1,tsenyu0515workout|yanz0510workout|yoru0511workout|yushuan0513workout|ziho0512workout,hsianshun0514workout,haoyu0512workout,haoyu0512workout,db_weighted_crunch,2,9,7.0,6.9048452311071244,movement_rate,velocity_proxy,velocity proxy,7,7,7-8,7-8
M4_add_one__movement_rate,ridge,1,tsenyu0515workout|yanz0510workout|yoru0511workout|yushuan0513workout|ziho0512workout,hsianshun0514workout,haoyu0512workout,haoyu0512workout,db_weighted_crunch,2,10,7.0,7.247541226900741,movement_rate,velocity_proxy,velocity proxy,7,7,7-8,7-8
M4_add_one__movement_rate,ridge,1,tsenyu0515workout|yanz0510workout|yoru0511workout|yushuan0513workout|ziho0512workout,hsianshun0514workout,haoyu0512workout,haoyu0512workout,db_weighted_crunch,2,11,9.0,7.591263416358558,movement_rate,velocity_proxy,velocity proxy,9,8,9-10,7-8
M4_add_one__movement_rate,ridge,1,tsenyu0515workout|yanz0510workout|yoru0511workout|yushuan0513workout|ziho0512workout,hsianshun0514workout,haoyu0512workout,haoyu0512workout,one_arm_db_row,0,0,1.0,2.7345942895527875,movement_rate,velocity_proxy,velocity proxy,1,3,1-2,3-4
M4_add_one__movement_rate,ridge,1,tsenyu0515workout|yanz0510workout|yoru0511workout|yushuan0513workout|ziho0512workout,hsianshun0514workout,haoyu0512workout,haoyu0512workout,one_arm_db_row,0,1,1.0,3.078066399699262,movement_rate,velocity_proxy,velocity proxy,1,3,1-2,3-4
M4_add_one__movement_rate,ridge,1,tsenyu0515workout|yanz0510workout|yoru0511workout|yushuan0513workout|ziho0512workout,hsianshun0514workout,haoyu0512workout,haoyu0512workout,one_arm_db_row,0,2,3.0,3.4469339145576443,movement_rate,velocity_proxy,velocity proxy,3,3,3-4,3-4
M4_add_one__movement_rate,ridge,1,tsenyu0515workout|yanz0510workout|yoru0511workout|yushuan0513workout|ziho0512workout,hsianshun0514workout,haoyu0512workout,haoyu0512workout,one_arm_db_row,0,3,5.0,3.706173287436376,movement_rate,velocity_proxy,velocity proxy,5,4,5-6,3-4
M4_add_one__movement_rate,ridge,1,tsenyu0515workout|yanz0510workout|yoru0511workout|yushuan0513workout|ziho0512workout,hsianshun0514workout,haoyu0512workout,haoyu0512workout,one_arm_db_row,0,4,6.0,4.010570341102958,movement_rate,velocity_proxy,velocity proxy,6,4,5-6,3-4
M4_add_one__movement_rate,ridge,1,tsenyu0515workout|yanz0510workout|yoru0511workout|yushuan0513workout|ziho0512workout,hsianshun0514workout,haoyu0512workout,haoyu0512workout,one_arm_db_row,0,5,6.0,4.306434422900429,movement_rate,velocity_proxy,velocity proxy,6,4,5-6,3-4
M4_add_one__movement_rate,ridge,1,tsenyu0515workout|yanz0510workout|yoru0511workout|yushuan0513workout|ziho0512workout,hsianshun0514workout,haoyu0512workout,haoyu0512workout,one_arm_db_row,0,6,6.0,4.66317612633277,movement_rate,velocity_proxy,velocity proxy,6,5,5-6,5-6
M4_add_one__movement_rate,ridge,1,tsenyu0515workout|yanz0510workout|yoru0511workout|yushuan0513workout|ziho0512workout,hsianshun0514workout,haoyu0512workout,haoyu0512workout,one_arm_db_row,0,7,7.0,4.937174250937681,movement_rate,velocity_proxy,velocity proxy,7,5,7-8,5-6
M4_add_one__movement_rate,ridge,1,tsenyu0515workout|yanz0510workout|yoru0511workout|yushuan0513workout|ziho0512workout,hsianshun0514workout,haoyu0512workout,haoyu0512workout,one_arm_db_row,0,8,7.0,5.26952277459373,movement_rate,velocity_proxy,velocity proxy,7,5,7-8,5-6
M4_add_one__movement_rate,ridge,1,tsenyu0515workout|yanz0510workout|yoru0511workout|yushuan0513workout|ziho0512workout,hsianshun0514workout,haoyu0512workout,haoyu0512workout,one_arm_db_row,0,9,8.0,5.593202327152648,movement_rate,velocity_proxy,velocity proxy,8,6,7-8,5-6
M4_add_one__movement_rate,ridge,1,tsenyu0515workout|yanz0510workout|yoru0511workout|yushuan0513workout|ziho0512workout,hsianshun0514workout,haoyu0512workout,haoyu0512workout,one_arm_db_row,0,10,8.0,5.917327069352828,movement_rate,velocity_proxy,velocity proxy,8,6,7-8,5-6
M4_add_one__movement_rate,ridge,1,tsenyu0515workout|yanz0510workout|yoru0511workout|yushuan0513workout|ziho0512workout,hsianshun0514workout,haoyu0512workout,haoyu0512workout,one_arm_db_row,0,11,9.0,6.146254514933004,movement_rate,velocity_proxy,velocity proxy,9,6,9-10,5-6
M4_add_one__movement_rate,ridge,1,tsenyu0515workout|yanz0510workout|yoru0511workout|yushuan0513workout|ziho0512workout,hsianshun0514workout,haoyu0512workout,haoyu0512workout,one_arm_db_row,1,0,4.0,3.819977169630599,movement_rate,velocity_proxy,velocity proxy,4,4,3-4,3-4
M4_add_one__movement_rate,ridge,1,tsenyu0515workout|yanz0510workout|yoru0511workout|yushuan0513workout|ziho0512workout,hsianshun0514workout,haoyu0512workout,haoyu0512workout,one_arm_db_row,1,1,4.0,4.065442579718038,movement_rate,velocity_proxy,velocity proxy,4,4,3-4,3-4
M4_add_one__movement_rate,ridge,1,tsenyu0515workout|yanz0510workout|yoru0511workout|yushuan0513workout|ziho0512workout,hsianshun0514workout,haoyu0512workout,haoyu0512workout,one_arm_db_row,1,2,6.0,4.474656876772252,movement_rate,velocity_proxy,velocity proxy,6,4,5-6,3-4
M4_add_one__movement_rate,ridge,1,tsenyu0515workout|yanz0510workout|yoru0511workout|yushuan0513workout|ziho0512workout,hsianshun0514workout,haoyu0512workout,haoyu0512workout,one_arm_db_row,1,3,6.0,4.767583633551809,movement_rate,velocity_proxy,velocity proxy,6,5,5-6,5-6
M4_add_one__movement_rate,ridge,1,tsenyu0515workout|yanz0510workout|yoru0511workout|yushuan0513workout|ziho0512workout,hsianshun0514workout,haoyu0512workout,haoyu0512workout,one_arm_db_row,1,4,6.0,5.050545173367034,movement_rate,velocity_proxy,velocity proxy,6,5,5-6,5-6
M4_add_one__movement_rate,ridge,1,tsenyu0515workout|yanz0510workout|yoru0511workout|yushuan0513workout|ziho0512workout,hsianshun0514workout,haoyu0512workout,haoyu0512workout,one_arm_db_row,1,5,7.0,5.406398921320091,movement_rate,velocity_proxy,velocity proxy,7,5,7-8,5-6
M4_add_one__movement_rate,ridge,1,tsenyu0515workout|yanz0510workout|yoru0511workout|yushuan0513workout|ziho0512workout,hsianshun0514workout,haoyu0512workout,haoyu0512workout,one_arm_db_row,1,6,7.0,5.737336092591932,movement_rate,velocity_proxy,velocity proxy,7,6,7-8,5-6
M4_add_one__movement_rate,ridge,1,tsenyu0515workout|yanz0510workout|yoru0511workout|yushuan0513workout|ziho0512workout,hsianshun0514workout,haoyu0512workout,haoyu0512workout,one_arm_db_row,1,7,7.0,6.056806785957686,movement_rate,velocity_proxy,velocity proxy,7,6,7-8,5-6
M4_add_one__movement_rate,ridge,1,tsenyu0515workout|yanz0510workout|yoru0511workout|yushuan0513workout|ziho0512workout,hsianshun0514workout,haoyu0512workout,haoyu0512workout,one_arm_db_row,1,8,8.0,6.401087193738866,movement_rate,velocity_proxy,velocity proxy,8,6,7-8,5-6
M4_add_one__movement_rate,ridge,1,tsenyu0515workout|yanz0510workout|yoru0511workout|yushuan0513workout|ziho0512workout,hsianshun0514workout,haoyu0512workout,haoyu0512workout,one_arm_db_row,1,9,8.0,6.691875826379555,movement_rate,velocity_proxy,velocity proxy,8,7,7-8,7-8
M4_add_one__movement_rate,ridge,1,tsenyu0515workout|yanz0510workout|yoru0511workout|yushuan0513workout|ziho0512workout,hsianshun0514workout,haoyu0512workout,haoyu0512workout,one_arm_db_row,1,10,8.0,6.995301926949823,movement_rate,velocity_proxy,velocity proxy,8,7,7-8,7-8
M4_add_one__movement_rate,ridge,1,tsenyu0515workout|yanz0510workout|yoru0511workout|yushuan0513workout|ziho0512workout,hsianshun0514workout,haoyu0512workout,haoyu0512workout,one_arm_db_row,1,11,9.0,7.398273602562908,movement_rate,velocity_proxy,velocity proxy,9,7,9-10,7-8
M4_add_one__movement_rate,ridge,1,tsenyu0515workout|yanz0510workout|yoru0511workout|yushuan0513workout|ziho0512workout,hsianshun0514workout,haoyu0512workout,haoyu0512workout,one_arm_db_row,2,0,5.0,4.899069144351488,movement_rate,velocity_proxy,velocity proxy,5,5,5-6,5-6
M4_add_one__movement_rate,ridge,1,tsenyu0515workout|yanz0510workout|yoru0511workout|yushuan0513workout|ziho0512workout,hsianshun0514workout,haoyu0512workout,haoyu0512workout,one_arm_db_row,2,1,5.0,5.117571932659844,movement_rate,velocity_proxy,velocity proxy,5,5,5-6,5-6
M4_add_one__movement_rate,ridge,1,tsenyu0515workout|yanz0510workout|yoru0511workout|yushuan0513workout|ziho0512workout,hsianshun0514workout,haoyu0512workout,haoyu0512workout,one_arm_db_row,2,2,7.0,5.433083708669104,movement_rate,velocity_proxy,velocity proxy,7,5,7-8,5-6
M4_add_one__movement_rate,ridge,1,tsenyu0515workout|yanz0510workout|yoru0511workout|yushuan0513workout|ziho0512workout,hsianshun0514workout,haoyu0512workout,haoyu0512workout,one_arm_db_row,2,3,7.0,5.842201934859079,movement_rate,velocity_proxy,velocity proxy,7,6,7-8,5-6
M4_add_one__movement_rate,ridge,1,tsenyu0515workout|yanz0510workout|yoru0511workout|yushuan0513workout|ziho0512workout,hsianshun0514workout,haoyu0512workout,haoyu0512workout,one_arm_db_row,2,4,7.0,6.139823133099588,movement_rate,velocity_proxy,velocity proxy,7,6,7-8,5-6
M4_add_one__movement_rate,ridge,1,tsenyu0515workout|yanz0510workout|yoru0511workout|yushuan0513workout|ziho0512workout,hsianshun0514workout,haoyu0512workout,haoyu0512workout,one_arm_db_row,2,5,7.0,6.421790116551194,movement_rate,velocity_proxy,velocity proxy,7,6,7-8,5-6
M4_add_one__movement_rate,ridge,1,tsenyu0515workout|yanz0510workout|yoru0511workout|yushuan0513workout|ziho0512workout,hsianshun0514workout,haoyu0512workout,haoyu0512workout,one_arm_db_row,2,6,8.0,6.881441544604789,movement_rate,velocity_proxy,velocity proxy,8,7,7-8,7-8
M4_add_one__movement_rate,ridge,1,tsenyu0515workout|yanz0510workout|yoru0511workout|yushuan0513workout|ziho0512workout,hsianshun0514workout,haoyu0512workout,haoyu0512workout,one_arm_db_row,2,7,8.0,7.125273201190992,movement_rate,velocity_proxy,velocity proxy,8,7,7-8,7-8
M4_add_one__movement_rate,ridge,1,tsenyu0515workout|yanz0510workout|yoru0511workout|yushuan0513workout|ziho0512workout,hsianshun0514workout,haoyu0512workout,haoyu0512workout,one_arm_db_row,2,8,9.0,7.458071178678462,movement_rate,velocity_proxy,velocity proxy,9,7,9-10,7-8
M4_add_one__movement_rate,ridge,1,tsenyu0515workout|yanz0510workout|yoru0511workout|yushuan0513workout|ziho0512workout,hsianshun0514workout,haoyu0512workout,haoyu0512workout,one_arm_db_row,2,9,9.0,7.835263312550435,movement_rate,velocity_proxy,velocity proxy,9,8,9-10,7-8
M4_add_one__movement_rate,ridge,1,tsenyu0515workout|yanz0510workout|yoru0511workout|yushuan0513workout|ziho0512workout,hsianshun0514workout,haoyu0512workout,haoyu0512workout,one_arm_db_row,2,10,9.0,8.196978461326738,movement_rate,velocity_proxy,velocity proxy,9,8,9-10,7-8
M4_add_one__movement_rate,ridge,1,tsenyu0515workout|yanz0510workout|yoru0511workout|yushuan0513workout|ziho0512workout,hsianshun0514workout,haoyu0512workout,haoyu0512workout,one_arm_db_row,2,11,9.0,8.425391310940533,movement_rate,velocity_proxy,velocity proxy,9,8,9-10,7-8
M4_add_one__movement_rate,ridge,2,haoyu0512workout|yanz0510workout|yoru0511workout|yushuan0513workout|ziho0512workout,tsenyu0515workout,hsianshun0514workout,hsianshun0514workout,db_bench_press,0,0,1.0,1.585224100321356,movement_rate,velocity_proxy,velocity proxy,1,2,1-2,1-2
M4_add_one__movement_rate,ridge,2,haoyu0512workout|yanz0510workout|yoru0511workout|yushuan0513workout|ziho0512workout,tsenyu0515workout,hsianshun0514workout,hsianshun0514workout,db_bench_press,0,1,1.0,1.953463423231382,movement_rate,velocity_proxy,velocity proxy,1,2,1-2,1-2
M4_add_one__movement_rate,ridge,2,haoyu0512workout|yanz0510workout|yoru0511workout|yushuan0513workout|ziho0512workout,tsenyu0515workout,hsianshun0514workout,hsianshun0514workout,db_bench_press,0,2,1.0,2.4191908370277773,movement_rate,velocity_proxy,velocity proxy,1,2,1-2,1-2
M4_add_one__movement_rate,ridge,2,haoyu0512workout|yanz0510workout|yoru0511workout|yushuan0513workout|ziho0512workout,tsenyu0515workout,hsianshun0514workout,hsianshun0514workout,db_bench_press,0,3,2.0,2.8038339998186332,movement_rate,velocity_proxy,velocity proxy,2,3,1-2,3-4
M4_add_one__movement_rate,ridge,2,haoyu0512workout|yanz0510workout|yoru0511workout|yushuan0513workout|ziho0512workout,tsenyu0515workout,hsianshun0514workout,hsianshun0514workout,db_bench_press,0,4,3.0,3.185498261662727,movement_rate,velocity_proxy,velocity proxy,3,3,3-4,3-4
M4_add_one__movement_rate,ridge,2,haoyu0512workout|yanz0510workout|yoru0511workout|yushuan0513workout|ziho0512workout,tsenyu0515workout,hsianshun0514workout,hsianshun0514workout,db_bench_press,0,5,3.0,3.616368424278353,movement_rate,velocity_proxy,velocity proxy,3,4,3-4,3-4
M4_add_one__movement_rate,ridge,2,haoyu0512workout|yanz0510workout|yoru0511workout|yushuan0513workout|ziho0512workout,tsenyu0515workout,hsianshun0514workout,hsianshun0514workout,db_bench_press,0,6,4.0,4.099913202812435,movement_rate,velocity_proxy,velocity proxy,4,4,3-4,3-4
M4_add_one__movement_rate,ridge,2,haoyu0512workout|yanz0510workout|yoru0511workout|yushuan0513workout|ziho0512workout,tsenyu0515workout,hsianshun0514workout,hsianshun0514workout,db_bench_press,0,7,4.0,4.471027038208784,movement_rate,velocity_proxy,velocity proxy,4,4,3-4,3-4
M4_add_one__movement_rate,ridge,2,haoyu0512workout|yanz0510workout|yoru0511workout|yushuan0513workout|ziho0512workout,tsenyu0515workout,hsianshun0514workout,hsianshun0514workout,db_bench_press,0,8,4.0,5.00839788573962,movement_rate,velocity_proxy,velocity proxy,4,5,3-4,5-6
M4_add_one__movement_rate,ridge,2,haoyu0512workout|yanz0510workout|yoru0511workout|yushuan0513workout|ziho0512workout,tsenyu0515workout,hsianshun0514workout,hsianshun0514workout,db_bench_press,0,9,4.0,5.407657801737697,movement_rate,velocity_proxy,velocity proxy,4,5,3-4,5-6
M4_add_one__movement_rate,ridge,2,haoyu0512workout|yanz0510workout|yoru0511workout|yushuan0513workout|ziho0512workout,tsenyu0515workout,hsianshun0514workout,hsianshun0514workout,db_bench_press,0,10,4.0,5.812232474301003,movement_rate,velocity_proxy,velocity proxy,4,6,3-4,5-6
M4_add_one__movement_rate,ridge,2,haoyu0512workout|yanz0510workout|yoru0511workout|yushuan0513workout|ziho0512workout,tsenyu0515workout,hsianshun0514workout,hsianshun0514workout,db_bench_press,0,11,4.0,6.102835285569634,movement_rate,velocity_proxy,velocity proxy,4,6,3-4,5-6
M4_add_one__movement_rate,ridge,2,haoyu0512workout|yanz0510workout|yoru0511workout|yushuan0513workout|ziho0512workout,tsenyu0515workout,hsianshun0514workout,hsianshun0514workout,db_bench_press,1,0,3.0,2.6022709520401133,movement_rate,velocity_proxy,velocity proxy,3,3,3-4,3-4
M4_add_one__movement_rate,ridge,2,haoyu0512workout|yanz0510workout|yoru0511workout|yushuan0513workout|ziho0512workout,tsenyu0515workout,hsianshun0514workout,hsianshun0514workout,db_bench_press,1,1,3.0,3.107544264712001,movement_rate,velocity_proxy,velocity proxy,3,3,3-4,3-4
M4_add_one__movement_rate,ridge,2,haoyu0512workout|yanz0510workout|yoru0511workout|yushuan0513workout|ziho0512workout,tsenyu0515workout,hsianshun0514workout,hsianshun0514workout,db_bench_press,1,2,3.0,3.4429065471159612,movement_rate,velocity_proxy,velocity proxy,3,3,3-4,3-4
M4_add_one__movement_rate,ridge,2,haoyu0512workout|yanz0510workout|yoru0511workout|yushuan0513workout|ziho0512workout,tsenyu0515workout,hsianshun0514workout,hsianshun0514workout,db_bench_press,1,3,3.0,3.82635629991082,movement_rate,velocity_proxy,velocity proxy,3,4,3-4,3-4
M4_add_one__movement_rate,ridge,2,haoyu0512workout|yanz0510workout|yoru0511workout|yushuan0513workout|ziho0512workout,tsenyu0515workout,hsianshun0514workout,hsianshun0514workout,db_bench_press,1,4,3.0,4.205776721216596,movement_rate,velocity_proxy,velocity proxy,3,4,3-4,3-4
M4_add_one__movement_rate,ridge,2,haoyu0512workout|yanz0510workout|yoru0511workout|yushuan0513workout|ziho0512workout,tsenyu0515workout,hsianshun0514workout,hsianshun0514workout,db_bench_press,1,5,3.0,4.582752542480979,movement_rate,velocity_proxy,velocity proxy,3,5,3-4,5-6
M4_add_one__movement_rate,ridge,2,haoyu0512workout|yanz0510workout|yoru0511workout|yushuan0513workout|ziho0512workout,tsenyu0515workout,hsianshun0514workout,hsianshun0514workout,db_bench_press,1,6,3.0,5.066106966855553,movement_rate,velocity_proxy,velocity proxy,3,5,3-4,5-6
M4_add_one__movement_rate,ridge,2,haoyu0512workout|yanz0510workout|yoru0511workout|yushuan0513workout|ziho0512workout,tsenyu0515workout,hsianshun0514workout,hsianshun0514workout,db_bench_press,1,7,3.0,5.526740545391836,movement_rate,velocity_proxy,velocity proxy,3,6,3-4,5-6
M4_add_one__movement_rate,ridge,2,haoyu0512workout|yanz0510workout|yoru0511workout|yushuan0513workout|ziho0512workout,tsenyu0515workout,hsianshun0514workout,hsianshun0514workout,db_bench_press,1,8,4.0,6.011673066343391,movement_rate,velocity_proxy,velocity proxy,4,6,3-4,5-6
M4_add_one__movement_rate,ridge,2,haoyu0512workout|yanz0510workout|yoru0511workout|yushuan0513workout|ziho0512workout,tsenyu0515workout,hsianshun0514workout,hsianshun0514workout,db_bench_press,1,9,5.0,6.434206480985748,movement_rate,velocity_proxy,velocity proxy,5,6,5-6,5-6
M4_add_one__movement_rate,ridge,2,haoyu0512workout|yanz0510workout|yoru0511workout|yushuan0513workout|ziho0512workout,tsenyu0515workout,hsianshun0514workout,hsianshun0514workout,db_bench_press,1,10,5.0,6.76443417179343,movement_rate,velocity_proxy,velocity proxy,5,7,5-6,7-8
M4_add_one__movement_rate,ridge,2,haoyu0512workout|yanz0510workout|yoru0511workout|yushuan0513workout|ziho0512workout,tsenyu0515workout,hsianshun0514workout,hsianshun0514workout,db_bench_press,1,11,6.0,7.150264964856396,movement_rate,velocity_proxy,velocity proxy,6,7,5-6,7-8
M4_add_one__movement_rate,ridge,2,haoyu0512workout|yanz0510workout|yoru0511workout|yushuan0513workout|ziho0512workout,tsenyu0515workout,hsianshun0514workout,hsianshun0514workout,db_bench_press,2,0,5.0,3.674647948726411,movement_rate,velocity_proxy,velocity proxy,5,4,5-6,3-4
M4_add_one__movement_rate,ridge,2,haoyu0512workout|yanz0510workout|yoru0511workout|yushuan0513workout|ziho0512workout,tsenyu0515workout,hsianshun0514workout,hsianshun0514workout,db_bench_press,2,1,5.0,3.991781060362336,movement_rate,velocity_proxy,velocity proxy,5,4,5-6,3-4
M4_add_one__movement_rate,ridge,2,haoyu0512workout|yanz0510workout|yoru0511workout|yushuan0513workout|ziho0512workout,tsenyu0515workout,hsianshun0514workout,hsianshun0514workout,db_bench_press,2,2,5.0,4.342563759724068,movement_rate,velocity_proxy,velocity proxy,5,4,5-6,3-4
M4_add_one__movement_rate,ridge,2,haoyu0512workout|yanz0510workout|yoru0511workout|yushuan0513workout|ziho0512workout,tsenyu0515workout,hsianshun0514workout,hsianshun0514workout,db_bench_press,2,3,5.0,4.807922710962692,movement_rate,velocity_proxy,velocity proxy,5,5,5-6,5-6
M4_add_one__movement_rate,ridge,2,haoyu0512workout|yanz0510workout|yoru0511workout|yushuan0513workout|ziho0512workout,tsenyu0515workout,hsianshun0514workout,hsianshun0514workout,db_bench_press,2,4,5.0,5.295962906485332,movement_rate,velocity_proxy,velocity proxy,5,5,5-6,5-6
M4_add_one__movement_rate,ridge,2,haoyu0512workout|yanz0510workout|yoru0511workout|yushuan0513workout|ziho0512workout,tsenyu0515workout,hsianshun0514workout,hsianshun0514workout,db_bench_press,2,5,5.0,5.5486509948906315,movement_rate,velocity_proxy,velocity proxy,5,6,5-6,5-6
M4_add_one__movement_rate,ridge,2,haoyu0512workout|yanz0510workout|yoru0511workout|yushuan0513workout|ziho0512workout,tsenyu0515workout,hsianshun0514workout,hsianshun0514workout,db_bench_press,2,6,5.0,6.14972635596308,movement_rate,velocity_proxy,velocity proxy,5,6,5-6,5-6
M4_add_one__movement_rate,ridge,2,haoyu0512workout|yanz0510workout|yoru0511workout|yushuan0513workout|ziho0512workout,tsenyu0515workout,hsianshun0514workout,hsianshun0514workout,db_bench_press,2,7,6.0,6.601872266998147,movement_rate,velocity_proxy,velocity proxy,6,7,5-6,7-8
M4_add_one__movement_rate,ridge,2,haoyu0512workout|yanz0510workout|yoru0511workout|yushuan0513workout|ziho0512workout,tsenyu0515workout,hsianshun0514workout,hsianshun0514workout,db_bench_press,2,8,6.0,6.918826554051044,movement_rate,velocity_proxy,velocity proxy,6,7,5-6,7-8
M4_add_one__movement_rate,ridge,2,haoyu0512workout|yanz0510workout|yoru0511workout|yushuan0513workout|ziho0512workout,tsenyu0515workout,hsianshun0514workout,hsianshun0514workout,db_bench_press,2,9,6.0,7.381979716358446,movement_rate,velocity_proxy,velocity proxy,6,7,5-6,7-8
M4_add_one__movement_rate,ridge,2,haoyu0512workout|yanz0510workout|yoru0511workout|yushuan0513workout|ziho0512workout,tsenyu0515workout,hsianshun0514workout,hsianshun0514workout,db_bench_press,2,10,7.0,7.8428110158329485,movement_rate,velocity_proxy,velocity proxy,7,8,7-8,7-8
M4_add_one__movement_rate,ridge,2,haoyu0512workout|yanz0510workout|yoru0511workout|yushuan0513workout|ziho0512workout,tsenyu0515workout,hsianshun0514workout,hsianshun0514workout,db_bench_press,2,11,7.0,8.20881143423039,movement_rate,velocity_proxy,velocity proxy,7,8,7-8,7-8
M4_add_one__movement_rate,ridge,2,haoyu0512workout|yanz0510workout|yoru0511workout|yushuan0513workout|ziho0512workout,tsenyu0515workout,hsianshun0514workout,hsianshun0514workout,db_biceps_curl,0,0,1.0,3.084646299944247,movement_rate,velocity_proxy,velocity proxy,1,3,1-2,3-4
M4_add_one__movement_rate,ridge,2,haoyu0512workout|yanz0510workout|yoru0511workout|yushuan0513workout|ziho0512workout,tsenyu0515workout,hsianshun0514workout,hsianshun0514workout,db_biceps_curl,0,1,1.0,3.552595673019187,movement_rate,velocity_proxy,velocity proxy,1,4,1-2,3-4
M4_add_one__movement_rate,ridge,2,haoyu0512workout|yanz0510workout|yoru0511workout|yushuan0513workout|ziho0512workout,tsenyu0515workout,hsianshun0514workout,hsianshun0514workout,db_biceps_curl,0,2,3.0,3.9683603608766544,movement_rate,velocity_proxy,velocity proxy,3,4,3-4,3-4
M4_add_one__movement_rate,ridge,2,haoyu0512workout|yanz0510workout|yoru0511workout|yushuan0513workout|ziho0512workout,tsenyu0515workout,hsianshun0514workout,hsianshun0514workout,db_biceps_curl,0,3,3.0,4.111607859838548,movement_rate,velocity_proxy,velocity proxy,3,4,3-4,3-4
M4_add_one__movement_rate,ridge,2,haoyu0512workout|yanz0510workout|yoru0511workout|yushuan0513workout|ziho0512workout,tsenyu0515workout,hsianshun0514workout,hsianshun0514workout,db_biceps_curl,0,4,4.0,4.751285805243937,movement_rate,velocity_proxy,velocity proxy,4,5,3-4,5-6
M4_add_one__movement_rate,ridge,2,haoyu0512workout|yanz0510workout|yoru0511workout|yushuan0513workout|ziho0512workout,tsenyu0515workout,hsianshun0514workout,hsianshun0514workout,db_biceps_curl,0,5,5.0,5.1739967038699355,movement_rate,velocity_proxy,velocity proxy,5,5,5-6,5-6
M4_add_one__movement_rate,ridge,2,haoyu0512workout|yanz0510workout|yoru0511workout|yushuan0513workout|ziho0512workout,tsenyu0515workout,hsianshun0514workout,hsianshun0514workout,db_biceps_curl,0,6,6.0,5.65505465603226,movement_rate,velocity_proxy,velocity proxy,6,6,5-6,5-6
M4_add_one__movement_rate,ridge,2,haoyu0512workout|yanz0510workout|yoru0511workout|yushuan0513workout|ziho0512workout,tsenyu0515workout,hsianshun0514workout,hsianshun0514workout,db_biceps_curl,0,7,7.0,6.0775214813842116,movement_rate,velocity_proxy,velocity proxy,7,6,7-8,5-6
M4_add_one__movement_rate,ridge,2,haoyu0512workout|yanz0510workout|yoru0511workout|yushuan0513workout|ziho0512workout,tsenyu0515workout,hsianshun0514workout,hsianshun0514workout,db_biceps_curl,0,8,8.0,6.689775895205013,movement_rate,velocity_proxy,velocity proxy,8,7,7-8,7-8
M4_add_one__movement_rate,ridge,2,haoyu0512workout|yanz0510workout|yoru0511workout|yushuan0513workout|ziho0512workout,tsenyu0515workout,hsianshun0514workout,hsianshun0514workout,db_biceps_curl,0,9,9.0,7.160418225935086,movement_rate,velocity_proxy,velocity proxy,9,7,9-10,7-8
M4_add_one__movement_rate,ridge,2,haoyu0512workout|yanz0510workout|yoru0511workout|yushuan0513workout|ziho0512workout,tsenyu0515workout,hsianshun0514workout,hsianshun0514workout,db_biceps_curl,0,10,9.0,7.516645601586777,movement_rate,velocity_proxy,velocity proxy,9,8,9-10,7-8
M4_add_one__movement_rate,ridge,2,haoyu0512workout|yanz0510workout|yoru0511workout|yushuan0513workout|ziho0512workout,tsenyu0515workout,hsianshun0514workout,hsianshun0514workout,db_biceps_curl,1,0,5.0,4.323189908647869,movement_rate,velocity_proxy,velocity proxy,5,4,5-6,3-4
M4_add_one__movement_rate,ridge,2,haoyu0512workout|yanz0510workout|yoru0511workout|yushuan0513workout|ziho0512workout,tsenyu0515workout,hsianshun0514workout,hsianshun0514workout,db_biceps_curl,1,1,5.0,4.81523142985129,movement_rate,velocity_proxy,velocity proxy,5,5,5-6,5-6
M4_add_one__movement_rate,ridge,2,haoyu0512workout|yanz0510workout|yoru0511workout|yushuan0513workout|ziho0512workout,tsenyu0515workout,hsianshun0514workout,hsianshun0514workout,db_biceps_curl,1,2,5.0,5.395490577142637,movement_rate,velocity_proxy,velocity proxy,5,5,5-6,5-6
M4_add_one__movement_rate,ridge,2,haoyu0512workout|yanz0510workout|yoru0511workout|yushuan0513workout|ziho0512workout,tsenyu0515workout,hsianshun0514workout,hsianshun0514workout,db_biceps_curl,1,3,6.0,5.871886711012027,movement_rate,velocity_proxy,velocity proxy,6,6,5-6,5-6
M4_add_one__movement_rate,ridge,2,haoyu0512workout|yanz0510workout|yoru0511workout|yushuan0513workout|ziho0512workout,tsenyu0515workout,hsianshun0514workout,hsianshun0514workout,db_biceps_curl,1,4,7.0,6.499887635985682,movement_rate,velocity_proxy,velocity proxy,7,6,7-8,5-6
M4_add_one__movement_rate,ridge,2,haoyu0512workout|yanz0510workout|yoru0511workout|yushuan0513workout|ziho0512workout,tsenyu0515workout,hsianshun0514workout,hsianshun0514workout,db_biceps_curl,1,5,8.0,7.272038466599978,movement_rate,velocity_proxy,velocity proxy,8,7,7-8,7-8
M4_add_one__movement_rate,ridge,2,haoyu0512workout|yanz0510workout|yoru0511workout|yushuan0513workout|ziho0512workout,tsenyu0515workout,hsianshun0514workout,hsianshun0514workout,db_biceps_curl,1,6,10.0,7.85634771363989,movement_rate,velocity_proxy,velocity proxy,10,8,9-10,7-8
M4_add_one__movement_rate,ridge,2,haoyu0512workout|yanz0510workout|yoru0511workout|yushuan0513workout|ziho0512workout,tsenyu0515workout,hsianshun0514workout,hsianshun0514workout,db_biceps_curl,2,0,5.0,5.34526339127118,movement_rate,velocity_proxy,velocity proxy,5,5,5-6,5-6
M4_add_one__movement_rate,ridge,2,haoyu0512workout|yanz0510workout|yoru0511workout|yushuan0513workout|ziho0512workout,tsenyu0515workout,hsianshun0514workout,hsianshun0514workout,db_biceps_curl,2,1,5.0,5.558669246955206,movement_rate,velocity_proxy,velocity proxy,5,6,5-6,5-6
M4_add_one__movement_rate,ridge,2,haoyu0512workout|yanz0510workout|yoru0511workout|yushuan0513workout|ziho0512workout,tsenyu0515workout,hsianshun0514workout,hsianshun0514workout,db_biceps_curl,2,2,5.0,5.9283492404233105,movement_rate,velocity_proxy,velocity proxy,5,6,5-6,5-6
M4_add_one__movement_rate,ridge,2,haoyu0512workout|yanz0510workout|yoru0511workout|yushuan0513workout|ziho0512workout,tsenyu0515workout,hsianshun0514workout,hsianshun0514workout,db_biceps_curl,2,3,6.0,6.307799005173498,movement_rate,velocity_proxy,velocity proxy,6,6,5-6,5-6
M4_add_one__movement_rate,ridge,2,haoyu0512workout|yanz0510workout|yoru0511workout|yushuan0513workout|ziho0512workout,tsenyu0515workout,hsianshun0514workout,hsianshun0514workout,db_biceps_curl,2,4,7.0,6.649300757307532,movement_rate,velocity_proxy,velocity proxy,7,7,7-8,7-8
M4_add_one__movement_rate,ridge,2,haoyu0512workout|yanz0510workout|yoru0511workout|yushuan0513workout|ziho0512workout,tsenyu0515workout,hsianshun0514workout,hsianshun0514workout,db_biceps_curl,2,5,7.0,7.043611332762265,movement_rate,velocity_proxy,velocity proxy,7,7,7-8,7-8
M4_add_one__movement_rate,ridge,2,haoyu0512workout|yanz0510workout|yoru0511workout|yushuan0513workout|ziho0512workout,tsenyu0515workout,hsianshun0514workout,hsianshun0514workout,db_biceps_curl,2,6,7.0,7.495581776533392,movement_rate,velocity_proxy,velocity proxy,7,7,7-8,7-8
M4_add_one__movement_rate,ridge,2,haoyu0512workout|yanz0510workout|yoru0511workout|yushuan0513workout|ziho0512workout,tsenyu0515workout,hsianshun0514workout,hsianshun0514workout,db_biceps_curl,2,7,8.0,7.811183729116129,movement_rate,velocity_proxy,velocity proxy,8,8,7-8,7-8
M4_add_one__movement_rate,ridge,2,haoyu0512workout|yanz0510workout|yoru0511workout|yushuan0513workout|ziho0512workout,tsenyu0515workout,hsianshun0514workout,hsianshun0514workout,db_biceps_curl,2,8,9.0,8.259365864509242,movement_rate,velocity_proxy,velocity proxy,9,8,9-10,7-8
M4_add_one__movement_rate,ridge,2,haoyu0512workout|yanz0510workout|yoru0511workout|yushuan0513workout|ziho0512workout,tsenyu0515workout,hsianshun0514workout,hsianshun0514workout,db_biceps_curl,2,9,9.0,8.751927275378684,movement_rate,velocity_proxy,velocity proxy,9,9,9-10,9-10
M4_add_one__movement_rate,ridge,2,haoyu0512workout|yanz0510workout|yoru0511workout|yushuan0513workout|ziho0512workout,tsenyu0515workout,hsianshun0514workout,hsianshun0514workout,db_biceps_curl,2,10,10.0,9.244492308854923,movement_rate,velocity_proxy,velocity proxy,10,9,9-10,9-10
M4_add_one__movement_rate,ridge,2,haoyu0512workout|yanz0510workout|yoru0511workout|yushuan0513workout|ziho0512workout,tsenyu0515workout,hsianshun0514workout,hsianshun0514workout,db_rdl,0,0,1.0,2.3615530817450665,movement_rate,velocity_proxy,velocity proxy,1,2,1-2,1-2
M4_add_one__movement_rate,ridge,2,haoyu0512workout|yanz0510workout|yoru0511workout|yushuan0513workout|ziho0512workout,tsenyu0515workout,hsianshun0514workout,hsianshun0514workout,db_rdl,0,1,1.0,2.539504986059538,movement_rate,velocity_proxy,velocity proxy,1,3,1-2,3-4
M4_add_one__movement_rate,ridge,2,haoyu0512workout|yanz0510workout|yoru0511workout|yushuan0513workout|ziho0512workout,tsenyu0515workout,hsianshun0514workout,hsianshun0514workout,db_rdl,0,2,2.0,2.9935408353070425,movement_rate,velocity_proxy,velocity proxy,2,3,1-2,3-4
M4_add_one__movement_rate,ridge,2,haoyu0512workout|yanz0510workout|yoru0511workout|yushuan0513workout|ziho0512workout,tsenyu0515workout,hsianshun0514workout,hsianshun0514workout,db_rdl,0,3,2.0,3.296055378201096,movement_rate,velocity_proxy,velocity proxy,2,3,1-2,3-4
M4_add_one__movement_rate,ridge,2,haoyu0512workout|yanz0510workout|yoru0511workout|yushuan0513workout|ziho0512workout,tsenyu0515workout,hsianshun0514workout,hsianshun0514workout,db_rdl,0,4,2.0,3.843688206467121,movement_rate,velocity_proxy,velocity proxy,2,4,1-2,3-4
M4_add_one__movement_rate,ridge,2,haoyu0512workout|yanz0510workout|yoru0511workout|yushuan0513workout|ziho0512workout,tsenyu0515workout,hsianshun0514workout,hsianshun0514workout,db_rdl,0,5,2.0,4.079184344333631,movement_rate,velocity_proxy,velocity proxy,2,4,1-2,3-4
M4_add_one__movement_rate,ridge,2,haoyu0512workout|yanz0510workout|yoru0511workout|yushuan0513workout|ziho0512workout,tsenyu0515workout,hsianshun0514workout,hsianshun0514workout,db_rdl,0,6,2.0,4.5429901024165655,movement_rate,velocity_proxy,velocity proxy,2,5,1-2,5-6
M4_add_one__movement_rate,ridge,2,haoyu0512workout|yanz0510workout|yoru0511workout|yushuan0513workout|ziho0512workout,tsenyu0515workout,hsianshun0514workout,hsianshun0514workout,db_rdl,0,7,3.0,4.811439329203911,movement_rate,velocity_proxy,velocity proxy,3,5,3-4,5-6
M4_add_one__movement_rate,ridge,2,haoyu0512workout|yanz0510workout|yoru0511workout|yushuan0513workout|ziho0512workout,tsenyu0515workout,hsianshun0514workout,hsianshun0514workout,db_rdl,0,8,3.0,5.315777916534546,movement_rate,velocity_proxy,velocity proxy,3,5,3-4,5-6
M4_add_one__movement_rate,ridge,2,haoyu0512workout|yanz0510workout|yoru0511workout|yushuan0513workout|ziho0512workout,tsenyu0515workout,hsianshun0514workout,hsianshun0514workout,db_rdl,0,9,3.0,5.6338800662799065,movement_rate,velocity_proxy,velocity proxy,3,6,3-4,5-6
M4_add_one__movement_rate,ridge,2,haoyu0512workout|yanz0510workout|yoru0511workout|yushuan0513workout|ziho0512workout,tsenyu0515workout,hsianshun0514workout,hsianshun0514workout,db_rdl,0,10,3.0,5.970774232920077,movement_rate,velocity_proxy,velocity proxy,3,6,3-4,5-6
M4_add_one__movement_rate,ridge,2,haoyu0512workout|yanz0510workout|yoru0511workout|yushuan0513workout|ziho0512workout,tsenyu0515workout,hsianshun0514workout,hsianshun0514workout,db_rdl,0,11,4.0,6.241649107657767,movement_rate,velocity_proxy,velocity proxy,4,6,3-4,5-6
M4_add_one__movement_rate,ridge,2,haoyu0512workout|yanz0510workout|yoru0511workout|yushuan0513workout|ziho0512workout,tsenyu0515workout,hsianshun0514workout,hsianshun0514workout,db_rdl,1,0,3.0,3.258017948377227,movement_rate,velocity_proxy,velocity proxy,3,3,3-4,3-4
M4_add_one__movement_rate,ridge,2,haoyu0512workout|yanz0510workout|yoru0511workout|yushuan0513workout|ziho0512workout,tsenyu0515workout,hsianshun0514workout,hsianshun0514workout,db_rdl,1,1,3.0,3.5971033137404445,movement_rate,velocity_proxy,velocity proxy,3,4,3-4,3-4
M4_add_one__movement_rate,ridge,2,haoyu0512workout|yanz0510workout|yoru0511workout|yushuan0513workout|ziho0512workout,tsenyu0515workout,hsianshun0514workout,hsianshun0514workout,db_rdl,1,2,3.0,3.878100034890685,movement_rate,velocity_proxy,velocity proxy,3,4,3-4,3-4
M4_add_one__movement_rate,ridge,2,haoyu0512workout|yanz0510workout|yoru0511workout|yushuan0513workout|ziho0512workout,tsenyu0515workout,hsianshun0514workout,hsianshun0514workout,db_rdl,1,3,3.0,4.379702637406461,movement_rate,velocity_proxy,velocity proxy,3,4,3-4,3-4
M4_add_one__movement_rate,ridge,2,haoyu0512workout|yanz0510workout|yoru0511workout|yushuan0513workout|ziho0512workout,tsenyu0515workout,hsianshun0514workout,hsianshun0514workout,db_rdl,1,4,3.0,4.647341111326881,movement_rate,velocity_proxy,velocity proxy,3,5,3-4,5-6
M4_add_one__movement_rate,ridge,2,haoyu0512workout|yanz0510workout|yoru0511workout|yushuan0513workout|ziho0512workout,tsenyu0515workout,hsianshun0514workout,hsianshun0514workout,db_rdl,1,5,4.0,5.199447428300639,movement_rate,velocity_proxy,velocity proxy,4,5,3-4,5-6
M4_add_one__movement_rate,ridge,2,haoyu0512workout|yanz0510workout|yoru0511workout|yushuan0513workout|ziho0512workout,tsenyu0515workout,hsianshun0514workout,hsianshun0514workout,db_rdl,1,6,4.0,5.539716630017642,movement_rate,velocity_proxy,velocity proxy,4,6,3-4,5-6
M4_add_one__movement_rate,ridge,2,haoyu0512workout|yanz0510workout|yoru0511workout|yushuan0513workout|ziho0512workout,tsenyu0515workout,hsianshun0514workout,hsianshun0514workout,db_rdl,1,7,5.0,5.737318767548116,movement_rate,velocity_proxy,velocity proxy,5,6,5-6,5-6
M4_add_one__movement_rate,ridge,2,haoyu0512workout|yanz0510workout|yoru0511workout|yushuan0513workout|ziho0512workout,tsenyu0515workout,hsianshun0514workout,hsianshun0514workout,db_rdl,1,8,5.0,6.17957835966767,movement_rate,velocity_proxy,velocity proxy,5,6,5-6,5-6
M4_add_one__movement_rate,ridge,2,haoyu0512workout|yanz0510workout|yoru0511workout|yushuan0513workout|ziho0512workout,tsenyu0515workout,hsianshun0514workout,hsianshun0514workout,db_rdl,1,9,5.0,6.543019402163597,movement_rate,velocity_proxy,velocity proxy,5,7,5-6,7-8
M4_add_one__movement_rate,ridge,2,haoyu0512workout|yanz0510workout|yoru0511workout|yushuan0513workout|ziho0512workout,tsenyu0515workout,hsianshun0514workout,hsianshun0514workout,db_rdl,1,10,6.0,6.876634440792678,movement_rate,velocity_proxy,velocity proxy,6,7,5-6,7-8
M4_add_one__movement_rate,ridge,2,haoyu0512workout|yanz0510workout|yoru0511workout|yushuan0513workout|ziho0512workout,tsenyu0515workout,hsianshun0514workout,hsianshun0514workout,db_rdl,1,11,6.0,7.151024924289432,movement_rate,velocity_proxy,velocity proxy,6,7,5-6,7-8
M4_add_one__movement_rate,ridge,2,haoyu0512workout|yanz0510workout|yoru0511workout|yushuan0513workout|ziho0512workout,tsenyu0515workout,hsianshun0514workout,hsianshun0514workout,db_rdl,2,0,5.0,4.413175704336122,movement_rate,velocity_proxy,velocity proxy,5,4,5-6,3-4
M4_add_one__movement_rate,ridge,2,haoyu0512workout|yanz0510workout|yoru0511workout|yushuan0513workout|ziho0512workout,tsenyu0515workout,hsianshun0514workout,hsianshun0514workout,db_rdl,2,1,5.0,4.609684553190337,movement_rate,velocity_proxy,velocity proxy,5,5,5-6,5-6
M4_add_one__movement_rate,ridge,2,haoyu0512workout|yanz0510workout|yoru0511workout|yushuan0513workout|ziho0512workout,tsenyu0515workout,hsianshun0514workout,hsianshun0514workout,db_rdl,2,2,5.0,5.141318572010254,movement_rate,velocity_proxy,velocity proxy,5,5,5-6,5-6
M4_add_one__movement_rate,ridge,2,haoyu0512workout|yanz0510workout|yoru0511workout|yushuan0513workout|ziho0512workout,tsenyu0515workout,hsianshun0514workout,hsianshun0514workout,db_rdl,2,3,6.0,5.4826251461868605,movement_rate,velocity_proxy,velocity proxy,6,5,5-6,5-6
M4_add_one__movement_rate,ridge,2,haoyu0512workout|yanz0510workout|yoru0511workout|yushuan0513workout|ziho0512workout,tsenyu0515workout,hsianshun0514workout,hsianshun0514workout,db_rdl,2,4,6.0,5.880318266064604,movement_rate,velocity_proxy,velocity proxy,6,6,5-6,5-6
M4_add_one__movement_rate,ridge,2,haoyu0512workout|yanz0510workout|yoru0511workout|yushuan0513workout|ziho0512workout,tsenyu0515workout,hsianshun0514workout,hsianshun0514workout,db_rdl,2,5,6.0,6.176748087894281,movement_rate,velocity_proxy,velocity proxy,6,6,5-6,5-6
M4_add_one__movement_rate,ridge,2,haoyu0512workout|yanz0510workout|yoru0511workout|yushuan0513workout|ziho0512workout,tsenyu0515workout,hsianshun0514workout,hsianshun0514workout,db_rdl,2,6,7.0,6.603760389110935,movement_rate,velocity_proxy,velocity proxy,7,7,7-8,7-8
M4_add_one__movement_rate,ridge,2,haoyu0512workout|yanz0510workout|yoru0511workout|yushuan0513workout|ziho0512workout,tsenyu0515workout,hsianshun0514workout,hsianshun0514workout,db_rdl,2,7,7.0,6.687850392264116,movement_rate,velocity_proxy,velocity proxy,7,7,7-8,7-8
M4_add_one__movement_rate,ridge,2,haoyu0512workout|yanz0510workout|yoru0511workout|yushuan0513workout|ziho0512workout,tsenyu0515workout,hsianshun0514workout,hsianshun0514workout,db_rdl,2,8,7.0,7.237192195908447,movement_rate,velocity_proxy,velocity proxy,7,7,7-8,7-8
M4_add_one__movement_rate,ridge,2,haoyu0512workout|yanz0510workout|yoru0511workout|yushuan0513workout|ziho0512workout,tsenyu0515workout,hsianshun0514workout,hsianshun0514workout,db_rdl,2,9,7.0,7.579425151315603,movement_rate,velocity_proxy,velocity proxy,7,8,7-8,7-8
M4_add_one__movement_rate,ridge,2,haoyu0512workout|yanz0510workout|yoru0511workout|yushuan0513workout|ziho0512workout,tsenyu0515workout,hsianshun0514workout,hsianshun0514workout,db_rdl,2,10,7.0,7.947489922486144,movement_rate,velocity_proxy,velocity proxy,7,8,7-8,7-8
M4_add_one__movement_rate,ridge,2,haoyu0512workout|yanz0510workout|yoru0511workout|yushuan0513workout|ziho0512workout,tsenyu0515workout,hsianshun0514workout,hsianshun0514workout,db_rdl,2,11,8.0,8.20029261813048,movement_rate,velocity_proxy,velocity proxy,8,8,7-8,7-8
M4_add_one__movement_rate,ridge,2,haoyu0512workout|yanz0510workout|yoru0511workout|yushuan0513workout|ziho0512workout,tsenyu0515workout,hsianshun0514workout,hsianshun0514workout,db_shoulder_press,1,0,1.0,3.7669037214965706,movement_rate,velocity_proxy,velocity proxy,1,4,1-2,3-4
M4_add_one__movement_rate,ridge,2,haoyu0512workout|yanz0510workout|yoru0511workout|yushuan0513workout|ziho0512workout,tsenyu0515workout,hsianshun0514workout,hsianshun0514workout,db_shoulder_press,1,1,1.0,4.123883857876438,movement_rate,velocity_proxy,velocity proxy,1,4,1-2,3-4
M4_add_one__movement_rate,ridge,2,haoyu0512workout|yanz0510workout|yoru0511workout|yushuan0513workout|ziho0512workout,tsenyu0515workout,hsianshun0514workout,hsianshun0514workout,db_shoulder_press,1,2,2.0,4.6350149301734085,movement_rate,velocity_proxy,velocity proxy,2,5,1-2,5-6
M4_add_one__movement_rate,ridge,2,haoyu0512workout|yanz0510workout|yoru0511workout|yushuan0513workout|ziho0512workout,tsenyu0515workout,hsianshun0514workout,hsianshun0514workout,db_shoulder_press,1,3,3.0,5.034974186604838,movement_rate,velocity_proxy,velocity proxy,3,5,3-4,5-6
M4_add_one__movement_rate,ridge,2,haoyu0512workout|yanz0510workout|yoru0511workout|yushuan0513workout|ziho0512workout,tsenyu0515workout,hsianshun0514workout,hsianshun0514workout,db_shoulder_press,1,4,5.0,5.323745322754868,movement_rate,velocity_proxy,velocity proxy,5,5,5-6,5-6
M4_add_one__movement_rate,ridge,2,haoyu0512workout|yanz0510workout|yoru0511workout|yushuan0513workout|ziho0512workout,tsenyu0515workout,hsianshun0514workout,hsianshun0514workout,db_shoulder_press,1,5,5.0,5.878035849457747,movement_rate,velocity_proxy,velocity proxy,5,6,5-6,5-6
M4_add_one__movement_rate,ridge,2,haoyu0512workout|yanz0510workout|yoru0511workout|yushuan0513workout|ziho0512workout,tsenyu0515workout,hsianshun0514workout,hsianshun0514workout,db_shoulder_press,1,6,5.0,6.172198848311625,movement_rate,velocity_proxy,velocity proxy,5,6,5-6,5-6
M4_add_one__movement_rate,ridge,2,haoyu0512workout|yanz0510workout|yoru0511workout|yushuan0513workout|ziho0512workout,tsenyu0515workout,hsianshun0514workout,hsianshun0514workout,db_shoulder_press,1,7,7.0,6.609432325981863,movement_rate,velocity_proxy,velocity proxy,7,7,7-8,7-8
M4_add_one__movement_rate,ridge,2,haoyu0512workout|yanz0510workout|yoru0511workout|yushuan0513workout|ziho0512workout,tsenyu0515workout,hsianshun0514workout,hsianshun0514workout,db_shoulder_press,1,8,8.0,6.949822232944734,movement_rate,velocity_proxy,velocity proxy,8,7,7-8,7-8
M4_add_one__movement_rate,ridge,2,haoyu0512workout|yanz0510workout|yoru0511workout|yushuan0513workout|ziho0512workout,tsenyu0515workout,hsianshun0514workout,hsianshun0514workout,db_shoulder_press,1,9,8.0,7.304656618324046,movement_rate,velocity_proxy,velocity proxy,8,7,7-8,7-8
M4_add_one__movement_rate,ridge,2,haoyu0512workout|yanz0510workout|yoru0511workout|yushuan0513workout|ziho0512workout,tsenyu0515workout,hsianshun0514workout,hsianshun0514workout,db_shoulder_press,1,10,9.0,7.916377292790687,movement_rate,velocity_proxy,velocity proxy,9,8,9-10,7-8
M4_add_one__movement_rate,ridge,2,haoyu0512workout|yanz0510workout|yoru0511workout|yushuan0513workout|ziho0512workout,tsenyu0515workout,hsianshun0514workout,hsianshun0514workout,db_shoulder_press,1,11,9.0,8.331075820211906,movement_rate,velocity_proxy,velocity proxy,9,8,9-10,7-8
M4_add_one__movement_rate,ridge,2,haoyu0512workout|yanz0510workout|yoru0511workout|yushuan0513workout|ziho0512workout,tsenyu0515workout,hsianshun0514workout,hsianshun0514workout,db_shoulder_press,2,0,6.0,4.795817085987526,movement_rate,velocity_proxy,velocity proxy,6,5,5-6,5-6
M4_add_one__movement_rate,ridge,2,haoyu0512workout|yanz0510workout|yoru0511workout|yushuan0513workout|ziho0512workout,tsenyu0515workout,hsianshun0514workout,hsianshun0514workout,db_shoulder_press,2,1,6.0,5.37068142117195,movement_rate,velocity_proxy,velocity proxy,6,5,5-6,5-6
M4_add_one__movement_rate,ridge,2,haoyu0512workout|yanz0510workout|yoru0511workout|yushuan0513workout|ziho0512workout,tsenyu0515workout,hsianshun0514workout,hsianshun0514workout,db_shoulder_press,2,2,7.0,5.738263286979392,movement_rate,velocity_proxy,velocity proxy,7,6,7-8,5-6
M4_add_one__movement_rate,ridge,2,haoyu0512workout|yanz0510workout|yoru0511workout|yushuan0513workout|ziho0512workout,tsenyu0515workout,hsianshun0514workout,hsianshun0514workout,db_shoulder_press,2,3,7.0,6.0594357324498755,movement_rate,velocity_proxy,velocity proxy,7,6,7-8,5-6
M4_add_one__movement_rate,ridge,2,haoyu0512workout|yanz0510workout|yoru0511workout|yushuan0513workout|ziho0512workout,tsenyu0515workout,hsianshun0514workout,hsianshun0514workout,db_shoulder_press,2,4,7.0,6.182160314007081,movement_rate,velocity_proxy,velocity proxy,7,6,7-8,5-6
M4_add_one__movement_rate,ridge,2,haoyu0512workout|yanz0510workout|yoru0511workout|yushuan0513workout|ziho0512workout,tsenyu0515workout,hsianshun0514workout,hsianshun0514workout,db_shoulder_press,2,5,8.0,6.805922489300462,movement_rate,velocity_proxy,velocity proxy,8,7,7-8,7-8
M4_add_one__movement_rate,ridge,2,haoyu0512workout|yanz0510workout|yoru0511workout|yushuan0513workout|ziho0512workout,tsenyu0515workout,hsianshun0514workout,hsianshun0514workout,db_shoulder_press,2,6,8.0,7.188077091767711,movement_rate,velocity_proxy,velocity proxy,8,7,7-8,7-8
M4_add_one__movement_rate,ridge,2,haoyu0512workout|yanz0510workout|yoru0511workout|yushuan0513workout|ziho0512workout,tsenyu0515workout,hsianshun0514workout,hsianshun0514workout,db_shoulder_press,2,7,8.0,7.504846224424903,movement_rate,velocity_proxy,velocity proxy,8,8,7-8,7-8
M4_add_one__movement_rate,ridge,2,haoyu0512workout|yanz0510workout|yoru0511workout|yushuan0513workout|ziho0512workout,tsenyu0515workout,hsianshun0514workout,hsianshun0514workout,db_shoulder_press,2,8,9.0,7.844910263857763,movement_rate,velocity_proxy,velocity proxy,9,8,9-10,7-8
M4_add_one__movement_rate,ridge,2,haoyu0512workout|yanz0510workout|yoru0511workout|yushuan0513workout|ziho0512workout,tsenyu0515workout,hsianshun0514workout,hsianshun0514workout,db_shoulder_press,2,9,9.0,8.225910653590748,movement_rate,velocity_proxy,velocity proxy,9,8,9-10,7-8
M4_add_one__movement_rate,ridge,2,haoyu0512workout|yanz0510workout|yoru0511workout|yushuan0513workout|ziho0512workout,tsenyu0515workout,hsianshun0514workout,hsianshun0514workout,db_shoulder_press,2,10,9.0,8.772274657539121,movement_rate,velocity_proxy,velocity proxy,9,9,9-10,9-10
M4_add_one__movement_rate,ridge,2,haoyu0512workout|yanz0510workout|yoru0511workout|yushuan0513workout|ziho0512workout,tsenyu0515workout,hsianshun0514workout,hsianshun0514workout,db_shoulder_press,2,11,10.0,8.954586384920727,movement_rate,velocity_proxy,velocity proxy,10,9,9-10,9-10
M4_add_one__movement_rate,ridge,2,haoyu0512workout|yanz0510workout|yoru0511workout|yushuan0513workout|ziho0512workout,tsenyu0515workout,hsianshun0514workout,hsianshun0514workout,db_shoulder_press,3,0,7.0,5.896486417195495,movement_rate,velocity_proxy,velocity proxy,7,6,7-8,5-6
M4_add_one__movement_rate,ridge,2,haoyu0512workout|yanz0510workout|yoru0511workout|yushuan0513workout|ziho0512workout,tsenyu0515workout,hsianshun0514workout,hsianshun0514workout,db_shoulder_press,3,1,7.0,6.198306290358069,movement_rate,velocity_proxy,velocity proxy,7,6,7-8,5-6
M4_add_one__movement_rate,ridge,2,haoyu0512workout|yanz0510workout|yoru0511workout|yushuan0513workout|ziho0512workout,tsenyu0515workout,hsianshun0514workout,hsianshun0514workout,db_shoulder_press,3,2,7.0,6.837272833681125,movement_rate,velocity_proxy,velocity proxy,7,7,7-8,7-8
M4_add_one__movement_rate,ridge,2,haoyu0512workout|yanz0510workout|yoru0511workout|yushuan0513workout|ziho0512workout,tsenyu0515workout,hsianshun0514workout,hsianshun0514workout,db_shoulder_press,3,3,8.0,7.265141750040109,movement_rate,velocity_proxy,velocity proxy,8,7,7-8,7-8
M4_add_one__movement_rate,ridge,2,haoyu0512workout|yanz0510workout|yoru0511workout|yushuan0513workout|ziho0512workout,tsenyu0515workout,hsianshun0514workout,hsianshun0514workout,db_shoulder_press,3,4,8.0,7.611631280366735,movement_rate,velocity_proxy,velocity proxy,8,8,7-8,7-8
M4_add_one__movement_rate,ridge,2,haoyu0512workout|yanz0510workout|yoru0511workout|yushuan0513workout|ziho0512workout,tsenyu0515workout,hsianshun0514workout,hsianshun0514workout,db_shoulder_press,3,5,8.0,8.039388947487378,movement_rate,velocity_proxy,velocity proxy,8,8,7-8,7-8
M4_add_one__movement_rate,ridge,2,haoyu0512workout|yanz0510workout|yoru0511workout|yushuan0513workout|ziho0512workout,tsenyu0515workout,hsianshun0514workout,hsianshun0514workout,db_shoulder_press,3,6,8.0,8.456858970244365,movement_rate,velocity_proxy,velocity proxy,8,8,7-8,7-8
M4_add_one__movement_rate,ridge,2,haoyu0512workout|yanz0510workout|yoru0511workout|yushuan0513workout|ziho0512workout,tsenyu0515workout,hsianshun0514workout,hsianshun0514workout,db_shoulder_press,3,7,8.0,8.917490939178599,movement_rate,velocity_proxy,velocity proxy,8,9,7-8,9-10
M4_add_one__movement_rate,ridge,2,haoyu0512workout|yanz0510workout|yoru0511workout|yushuan0513workout|ziho0512workout,tsenyu0515workout,hsianshun0514workout,hsianshun0514workout,db_shoulder_press,3,8,9.0,9.359848961167586,movement_rate,velocity_proxy,velocity proxy,9,9,9-10,9-10
M4_add_one__movement_rate,ridge,2,haoyu0512workout|yanz0510workout|yoru0511workout|yushuan0513workout|ziho0512workout,tsenyu0515workout,hsianshun0514workout,hsianshun0514workout,db_shoulder_press,3,9,10.0,10.251618688588088,movement_rate,velocity_proxy,velocity proxy,10,10,9-10,9-10
M4_add_one__movement_rate,ridge,2,haoyu0512workout|yanz0510workout|yoru0511workout|yushuan0513workout|ziho0512workout,tsenyu0515workout,hsianshun0514workout,hsianshun0514workout,db_squat,0,0,1.0,2.3017987175988046,movement_rate,velocity_proxy,velocity proxy,1,2,1-2,1-2
M4_add_one__movement_rate,ridge,2,haoyu0512workout|yanz0510workout|yoru0511workout|yushuan0513workout|ziho0512workout,tsenyu0515workout,hsianshun0514workout,hsianshun0514workout,db_squat,0,1,1.0,2.750265570802333,movement_rate,velocity_proxy,velocity proxy,1,3,1-2,3-4
M4_add_one__movement_rate,ridge,2,haoyu0512workout|yanz0510workout|yoru0511workout|yushuan0513workout|ziho0512workout,tsenyu0515workout,hsianshun0514workout,hsianshun0514workout,db_squat,0,2,1.0,3.0534614241751568,movement_rate,velocity_proxy,velocity proxy,1,3,1-2,3-4
M4_add_one__movement_rate,ridge,2,haoyu0512workout|yanz0510workout|yoru0511workout|yushuan0513workout|ziho0512workout,tsenyu0515workout,hsianshun0514workout,hsianshun0514workout,db_squat,0,3,1.0,3.396780741242498,movement_rate,velocity_proxy,velocity proxy,1,3,1-2,3-4
M4_add_one__movement_rate,ridge,2,haoyu0512workout|yanz0510workout|yoru0511workout|yushuan0513workout|ziho0512workout,tsenyu0515workout,hsianshun0514workout,hsianshun0514workout,db_squat,0,4,3.0,3.706848802870872,movement_rate,velocity_proxy,velocity proxy,3,4,3-4,3-4
M4_add_one__movement_rate,ridge,2,haoyu0512workout|yanz0510workout|yoru0511workout|yushuan0513workout|ziho0512workout,tsenyu0515workout,hsianshun0514workout,hsianshun0514workout,db_squat,0,5,3.0,4.09503211306636,movement_rate,velocity_proxy,velocity proxy,3,4,3-4,3-4
M4_add_one__movement_rate,ridge,2,haoyu0512workout|yanz0510workout|yoru0511workout|yushuan0513workout|ziho0512workout,tsenyu0515workout,hsianshun0514workout,hsianshun0514workout,db_squat,0,6,3.0,4.464172292009952,movement_rate,velocity_proxy,velocity proxy,3,4,3-4,3-4
M4_add_one__movement_rate,ridge,2,haoyu0512workout|yanz0510workout|yoru0511workout|yushuan0513workout|ziho0512workout,tsenyu0515workout,hsianshun0514workout,hsianshun0514workout,db_squat,0,7,3.0,4.773016212272428,movement_rate,velocity_proxy,velocity proxy,3,5,3-4,5-6
M4_add_one__movement_rate,ridge,2,haoyu0512workout|yanz0510workout|yoru0511workout|yushuan0513workout|ziho0512workout,tsenyu0515workout,hsianshun0514workout,hsianshun0514workout,db_squat,0,8,3.0,5.136686290392759,movement_rate,velocity_proxy,velocity proxy,3,5,3-4,5-6
M4_add_one__movement_rate,ridge,2,haoyu0512workout|yanz0510workout|yoru0511workout|yushuan0513workout|ziho0512workout,tsenyu0515workout,hsianshun0514workout,hsianshun0514workout,db_squat,0,9,4.0,5.408610269002554,movement_rate,velocity_proxy,velocity proxy,4,5,3-4,5-6
M4_add_one__movement_rate,ridge,2,haoyu0512workout|yanz0510workout|yoru0511workout|yushuan0513workout|ziho0512workout,tsenyu0515workout,hsianshun0514workout,hsianshun0514workout,db_squat,0,10,4.0,5.873367609869556,movement_rate,velocity_proxy,velocity proxy,4,6,3-4,5-6
M4_add_one__movement_rate,ridge,2,haoyu0512workout|yanz0510workout|yoru0511workout|yushuan0513workout|ziho0512workout,tsenyu0515workout,hsianshun0514workout,hsianshun0514workout,db_squat,0,11,4.0,5.803948414226721,movement_rate,velocity_proxy,velocity proxy,4,6,3-4,5-6
M4_add_one__movement_rate,ridge,2,haoyu0512workout|yanz0510workout|yoru0511workout|yushuan0513workout|ziho0512workout,tsenyu0515workout,hsianshun0514workout,hsianshun0514workout,db_squat,1,0,3.0,3.461144769976447,movement_rate,velocity_proxy,velocity proxy,3,3,3-4,3-4
M4_add_one__movement_rate,ridge,2,haoyu0512workout|yanz0510workout|yoru0511workout|yushuan0513workout|ziho0512workout,tsenyu0515workout,hsianshun0514workout,hsianshun0514workout,db_squat,1,1,3.0,3.680183656166966,movement_rate,velocity_proxy,velocity proxy,3,4,3-4,3-4
M4_add_one__movement_rate,ridge,2,haoyu0512workout|yanz0510workout|yoru0511workout|yushuan0513workout|ziho0512workout,tsenyu0515workout,hsianshun0514workout,hsianshun0514workout,db_squat,1,2,3.0,4.131302708204519,movement_rate,velocity_proxy,velocity proxy,3,4,3-4,3-4
M4_add_one__movement_rate,ridge,2,haoyu0512workout|yanz0510workout|yoru0511workout|yushuan0513workout|ziho0512workout,tsenyu0515workout,hsianshun0514workout,hsianshun0514workout,db_squat,1,3,3.0,4.377225176414835,movement_rate,velocity_proxy,velocity proxy,3,4,3-4,3-4
M4_add_one__movement_rate,ridge,2,haoyu0512workout|yanz0510workout|yoru0511workout|yushuan0513workout|ziho0512workout,tsenyu0515workout,hsianshun0514workout,hsianshun0514workout,db_squat,1,4,3.0,4.610962211076186,movement_rate,velocity_proxy,velocity proxy,3,5,3-4,5-6
M4_add_one__movement_rate,ridge,2,haoyu0512workout|yanz0510workout|yoru0511workout|yushuan0513workout|ziho0512workout,tsenyu0515workout,hsianshun0514workout,hsianshun0514workout,db_squat,1,5,5.0,5.0236567019143745,movement_rate,velocity_proxy,velocity proxy,5,5,5-6,5-6
M4_add_one__movement_rate,ridge,2,haoyu0512workout|yanz0510workout|yoru0511workout|yushuan0513workout|ziho0512workout,tsenyu0515workout,hsianshun0514workout,hsianshun0514workout,db_squat,1,6,5.0,5.49197201821284,movement_rate,velocity_proxy,velocity proxy,5,5,5-6,5-6
M4_add_one__movement_rate,ridge,2,haoyu0512workout|yanz0510workout|yoru0511workout|yushuan0513workout|ziho0512workout,tsenyu0515workout,hsianshun0514workout,hsianshun0514workout,db_squat,1,7,5.0,5.7566944512526685,movement_rate,velocity_proxy,velocity proxy,5,6,5-6,5-6
M4_add_one__movement_rate,ridge,2,haoyu0512workout|yanz0510workout|yoru0511workout|yushuan0513workout|ziho0512workout,tsenyu0515workout,hsianshun0514workout,hsianshun0514workout,db_squat,1,8,5.0,6.24738003137814,movement_rate,velocity_proxy,velocity proxy,5,6,5-6,5-6
M4_add_one__movement_rate,ridge,2,haoyu0512workout|yanz0510workout|yoru0511workout|yushuan0513workout|ziho0512workout,tsenyu0515workout,hsianshun0514workout,hsianshun0514workout,db_squat,1,9,6.0,6.458193621262897,movement_rate,velocity_proxy,velocity proxy,6,6,5-6,5-6
M4_add_one__movement_rate,ridge,2,haoyu0512workout|yanz0510workout|yoru0511workout|yushuan0513workout|ziho0512workout,tsenyu0515workout,hsianshun0514workout,hsianshun0514workout,db_squat,1,10,6.0,6.848900402115021,movement_rate,velocity_proxy,velocity proxy,6,7,5-6,7-8
M4_add_one__movement_rate,ridge,2,haoyu0512workout|yanz0510workout|yoru0511workout|yushuan0513workout|ziho0512workout,tsenyu0515workout,hsianshun0514workout,hsianshun0514workout,db_squat,1,11,6.0,7.116795235296296,movement_rate,velocity_proxy,velocity proxy,6,7,5-6,7-8
M4_add_one__movement_rate,ridge,2,haoyu0512workout|yanz0510workout|yoru0511workout|yushuan0513workout|ziho0512workout,tsenyu0515workout,hsianshun0514workout,hsianshun0514workout,db_squat,2,0,4.0,4.521693989566205,movement_rate,velocity_proxy,velocity proxy,4,5,3-4,5-6
M4_add_one__movement_rate,ridge,2,haoyu0512workout|yanz0510workout|yoru0511workout|yushuan0513workout|ziho0512workout,tsenyu0515workout,hsianshun0514workout,hsianshun0514workout,db_squat,2,1,4.0,4.7021736031454715,movement_rate,velocity_proxy,velocity proxy,4,5,3-4,5-6
M4_add_one__movement_rate,ridge,2,haoyu0512workout|yanz0510workout|yoru0511workout|yushuan0513workout|ziho0512workout,tsenyu0515workout,hsianshun0514workout,hsianshun0514workout,db_squat,2,2,4.0,4.801467134217606,movement_rate,velocity_proxy,velocity proxy,4,5,3-4,5-6
M4_add_one__movement_rate,ridge,2,haoyu0512workout|yanz0510workout|yoru0511workout|yushuan0513workout|ziho0512workout,tsenyu0515workout,hsianshun0514workout,hsianshun0514workout,db_squat,2,3,4.0,5.331456571049004,movement_rate,velocity_proxy,velocity proxy,4,5,3-4,5-6
M4_add_one__movement_rate,ridge,2,haoyu0512workout|yanz0510workout|yoru0511workout|yushuan0513workout|ziho0512workout,tsenyu0515workout,hsianshun0514workout,hsianshun0514workout,db_squat,2,4,5.0,5.789634540512723,movement_rate,velocity_proxy,velocity proxy,5,6,5-6,5-6
M4_add_one__movement_rate,ridge,2,haoyu0512workout|yanz0510workout|yoru0511workout|yushuan0513workout|ziho0512workout,tsenyu0515workout,hsianshun0514workout,hsianshun0514workout,db_squat,2,5,5.0,6.021029568128802,movement_rate,velocity_proxy,velocity proxy,5,6,5-6,5-6
M4_add_one__movement_rate,ridge,2,haoyu0512workout|yanz0510workout|yoru0511workout|yushuan0513workout|ziho0512workout,tsenyu0515workout,hsianshun0514workout,hsianshun0514workout,db_squat,2,6,5.0,6.314503788941763,movement_rate,velocity_proxy,velocity proxy,5,6,5-6,5-6
M4_add_one__movement_rate,ridge,2,haoyu0512workout|yanz0510workout|yoru0511workout|yushuan0513workout|ziho0512workout,tsenyu0515workout,hsianshun0514workout,hsianshun0514workout,db_squat,2,7,5.0,6.6070101847106955,movement_rate,velocity_proxy,velocity proxy,5,7,5-6,7-8
M4_add_one__movement_rate,ridge,2,haoyu0512workout|yanz0510workout|yoru0511workout|yushuan0513workout|ziho0512workout,tsenyu0515workout,hsianshun0514workout,hsianshun0514workout,db_squat,2,8,5.0,6.792135827718628,movement_rate,velocity_proxy,velocity proxy,5,7,5-6,7-8
M4_add_one__movement_rate,ridge,2,haoyu0512workout|yanz0510workout|yoru0511workout|yushuan0513workout|ziho0512workout,tsenyu0515workout,hsianshun0514workout,hsianshun0514workout,db_squat,2,9,7.0,7.32749571214762,movement_rate,velocity_proxy,velocity proxy,7,7,7-8,7-8
M4_add_one__movement_rate,ridge,2,haoyu0512workout|yanz0510workout|yoru0511workout|yushuan0513workout|ziho0512workout,tsenyu0515workout,hsianshun0514workout,hsianshun0514workout,db_squat,2,10,7.0,7.604362277913548,movement_rate,velocity_proxy,velocity proxy,7,8,7-8,7-8
M4_add_one__movement_rate,ridge,2,haoyu0512workout|yanz0510workout|yoru0511workout|yushuan0513workout|ziho0512workout,tsenyu0515workout,hsianshun0514workout,hsianshun0514workout,db_squat,2,11,7.0,8.169041594937923,movement_rate,velocity_proxy,velocity proxy,7,8,7-8,7-8
M4_add_one__movement_rate,ridge,2,haoyu0512workout|yanz0510workout|yoru0511workout|yushuan0513workout|ziho0512workout,tsenyu0515workout,hsianshun0514workout,hsianshun0514workout,db_triceps_curl,0,0,1.0,2.3305590141882013,movement_rate,velocity_proxy,velocity proxy,1,2,1-2,1-2
M4_add_one__movement_rate,ridge,2,haoyu0512workout|yanz0510workout|yoru0511workout|yushuan0513workout|ziho0512workout,tsenyu0515workout,hsianshun0514workout,hsianshun0514workout,db_triceps_curl,0,1,1.0,2.7990601865120905,movement_rate,velocity_proxy,velocity proxy,1,3,1-2,3-4
M4_add_one__movement_rate,ridge,2,haoyu0512workout|yanz0510workout|yoru0511workout|yushuan0513workout|ziho0512workout,tsenyu0515workout,hsianshun0514workout,hsianshun0514workout,db_triceps_curl,0,2,2.0,3.219604861353064,movement_rate,velocity_proxy,velocity proxy,2,3,1-2,3-4
M4_add_one__movement_rate,ridge,2,haoyu0512workout|yanz0510workout|yoru0511workout|yushuan0513workout|ziho0512workout,tsenyu0515workout,hsianshun0514workout,hsianshun0514workout,db_triceps_curl,0,3,2.0,3.609150879507318,movement_rate,velocity_proxy,velocity proxy,2,4,1-2,3-4
M4_add_one__movement_rate,ridge,2,haoyu0512workout|yanz0510workout|yoru0511workout|yushuan0513workout|ziho0512workout,tsenyu0515workout,hsianshun0514workout,hsianshun0514workout,db_triceps_curl,0,4,2.0,3.956669289683044,movement_rate,velocity_proxy,velocity proxy,2,4,1-2,3-4
M4_add_one__movement_rate,ridge,2,haoyu0512workout|yanz0510workout|yoru0511workout|yushuan0513workout|ziho0512workout,tsenyu0515workout,hsianshun0514workout,hsianshun0514workout,db_triceps_curl,0,5,3.0,4.316581323492173,movement_rate,velocity_proxy,velocity proxy,3,4,3-4,3-4
M4_add_one__movement_rate,ridge,2,haoyu0512workout|yanz0510workout|yoru0511workout|yushuan0513workout|ziho0512workout,tsenyu0515workout,hsianshun0514workout,hsianshun0514workout,db_triceps_curl,0,6,3.0,4.745823568248785,movement_rate,velocity_proxy,velocity proxy,3,5,3-4,5-6
M4_add_one__movement_rate,ridge,2,haoyu0512workout|yanz0510workout|yoru0511workout|yushuan0513workout|ziho0512workout,tsenyu0515workout,hsianshun0514workout,hsianshun0514workout,db_triceps_curl,0,7,3.0,5.1488074883023165,movement_rate,velocity_proxy,velocity proxy,3,5,3-4,5-6
M4_add_one__movement_rate,ridge,2,haoyu0512workout|yanz0510workout|yoru0511workout|yushuan0513workout|ziho0512workout,tsenyu0515workout,hsianshun0514workout,hsianshun0514workout,db_triceps_curl,0,8,3.0,5.5308674053954245,movement_rate,velocity_proxy,velocity proxy,3,6,3-4,5-6
M4_add_one__movement_rate,ridge,2,haoyu0512workout|yanz0510workout|yoru0511workout|yushuan0513workout|ziho0512workout,tsenyu0515workout,hsianshun0514workout,hsianshun0514workout,db_triceps_curl,0,9,4.0,5.998624049017336,movement_rate,velocity_proxy,velocity proxy,4,6,3-4,5-6
M4_add_one__movement_rate,ridge,2,haoyu0512workout|yanz0510workout|yoru0511workout|yushuan0513workout|ziho0512workout,tsenyu0515workout,hsianshun0514workout,hsianshun0514workout,db_triceps_curl,0,10,4.0,2.8583956553369503,movement_rate,velocity_proxy,velocity proxy,4,3,3-4,3-4
M4_add_one__movement_rate,ridge,2,haoyu0512workout|yanz0510workout|yoru0511workout|yushuan0513workout|ziho0512workout,tsenyu0515workout,hsianshun0514workout,hsianshun0514workout,db_triceps_curl,1,0,3.0,3.594428809239151,movement_rate,velocity_proxy,velocity proxy,3,4,3-4,3-4
M4_add_one__movement_rate,ridge,2,haoyu0512workout|yanz0510workout|yoru0511workout|yushuan0513workout|ziho0512workout,tsenyu0515workout,hsianshun0514workout,hsianshun0514workout,db_triceps_curl,1,1,3.0,3.9724003653288182,movement_rate,velocity_proxy,velocity proxy,3,4,3-4,3-4
M4_add_one__movement_rate,ridge,2,haoyu0512workout|yanz0510workout|yoru0511workout|yushuan0513workout|ziho0512workout,tsenyu0515workout,hsianshun0514workout,hsianshun0514workout,db_triceps_curl,1,2,3.0,4.320095859848332,movement_rate,velocity_proxy,velocity proxy,3,4,3-4,3-4
M4_add_one__movement_rate,ridge,2,haoyu0512workout|yanz0510workout|yoru0511workout|yushuan0513workout|ziho0512workout,tsenyu0515workout,hsianshun0514workout,hsianshun0514workout,db_triceps_curl,1,3,3.0,4.584809619513643,movement_rate,velocity_proxy,velocity proxy,3,5,3-4,5-6
M4_add_one__movement_rate,ridge,2,haoyu0512workout|yanz0510workout|yoru0511workout|yushuan0513workout|ziho0512workout,tsenyu0515workout,hsianshun0514workout,hsianshun0514workout,db_triceps_curl,1,4,4.0,4.9460400821925825,movement_rate,velocity_proxy,velocity proxy,4,5,3-4,5-6
M4_add_one__movement_rate,ridge,2,haoyu0512workout|yanz0510workout|yoru0511workout|yushuan0513workout|ziho0512workout,tsenyu0515workout,hsianshun0514workout,hsianshun0514workout,db_triceps_curl,1,5,4.0,5.3096823006595715,movement_rate,velocity_proxy,velocity proxy,4,5,3-4,5-6
M4_add_one__movement_rate,ridge,2,haoyu0512workout|yanz0510workout|yoru0511workout|yushuan0513workout|ziho0512workout,tsenyu0515workout,hsianshun0514workout,hsianshun0514workout,db_triceps_curl,1,6,4.0,5.692517648629761,movement_rate,velocity_proxy,velocity proxy,4,6,3-4,5-6
M4_add_one__movement_rate,ridge,2,haoyu0512workout|yanz0510workout|yoru0511workout|yushuan0513workout|ziho0512workout,tsenyu0515workout,hsianshun0514workout,hsianshun0514workout,db_triceps_curl,1,7,5.0,6.071679087566939,movement_rate,velocity_proxy,velocity proxy,5,6,5-6,5-6
M4_add_one__movement_rate,ridge,2,haoyu0512workout|yanz0510workout|yoru0511workout|yushuan0513workout|ziho0512workout,tsenyu0515workout,hsianshun0514workout,hsianshun0514workout,db_triceps_curl,1,8,5.0,6.396376864477363,movement_rate,velocity_proxy,velocity proxy,5,6,5-6,5-6
M4_add_one__movement_rate,ridge,2,haoyu0512workout|yanz0510workout|yoru0511workout|yushuan0513workout|ziho0512workout,tsenyu0515workout,hsianshun0514workout,hsianshun0514workout,db_triceps_curl,1,9,6.0,6.740755332176396,movement_rate,velocity_proxy,velocity proxy,6,7,5-6,7-8
M4_add_one__movement_rate,ridge,2,haoyu0512workout|yanz0510workout|yoru0511workout|yushuan0513workout|ziho0512workout,tsenyu0515workout,hsianshun0514workout,hsianshun0514workout,db_triceps_curl,1,10,6.0,7.130660247062728,movement_rate,velocity_proxy,velocity proxy,6,7,5-6,7-8
M4_add_one__movement_rate,ridge,2,haoyu0512workout|yanz0510workout|yoru0511workout|yushuan0513workout|ziho0512workout,tsenyu0515workout,hsianshun0514workout,hsianshun0514workout,db_triceps_curl,1,11,7.0,7.494217808797942,movement_rate,velocity_proxy,velocity proxy,7,7,7-8,7-8
M4_add_one__movement_rate,ridge,2,haoyu0512workout|yanz0510workout|yoru0511workout|yushuan0513workout|ziho0512workout,tsenyu0515workout,hsianshun0514workout,hsianshun0514workout,db_triceps_curl,2,0,5.0,4.434340241798291,movement_rate,velocity_proxy,velocity proxy,5,4,5-6,3-4
M4_add_one__movement_rate,ridge,2,haoyu0512workout|yanz0510workout|yoru0511workout|yushuan0513workout|ziho0512workout,tsenyu0515workout,hsianshun0514workout,hsianshun0514workout,db_triceps_curl,2,1,5.0,4.824656609005447,movement_rate,velocity_proxy,velocity proxy,5,5,5-6,5-6
M4_add_one__movement_rate,ridge,2,haoyu0512workout|yanz0510workout|yoru0511workout|yushuan0513workout|ziho0512workout,tsenyu0515workout,hsianshun0514workout,hsianshun0514workout,db_triceps_curl,2,2,5.0,5.165607357195477,movement_rate,velocity_proxy,velocity proxy,5,5,5-6,5-6
M4_add_one__movement_rate,ridge,2,haoyu0512workout|yanz0510workout|yoru0511workout|yushuan0513workout|ziho0512workout,tsenyu0515workout,hsianshun0514workout,hsianshun0514workout,db_triceps_curl,2,3,5.0,5.472117031778267,movement_rate,velocity_proxy,velocity proxy,5,5,5-6,5-6
M4_add_one__movement_rate,ridge,2,haoyu0512workout|yanz0510workout|yoru0511workout|yushuan0513workout|ziho0512workout,tsenyu0515workout,hsianshun0514workout,hsianshun0514workout,db_triceps_curl,2,4,6.0,5.868063420090427,movement_rate,velocity_proxy,velocity proxy,6,6,5-6,5-6
M4_add_one__movement_rate,ridge,2,haoyu0512workout|yanz0510workout|yoru0511workout|yushuan0513workout|ziho0512workout,tsenyu0515workout,hsianshun0514workout,hsianshun0514workout,db_triceps_curl,2,5,6.0,6.21751446974797,movement_rate,velocity_proxy,velocity proxy,6,6,5-6,5-6
M4_add_one__movement_rate,ridge,2,haoyu0512workout|yanz0510workout|yoru0511workout|yushuan0513workout|ziho0512workout,tsenyu0515workout,hsianshun0514workout,hsianshun0514workout,db_triceps_curl,2,6,6.0,6.564764897654307,movement_rate,velocity_proxy,velocity proxy,6,7,5-6,7-8
M4_add_one__movement_rate,ridge,2,haoyu0512workout|yanz0510workout|yoru0511workout|yushuan0513workout|ziho0512workout,tsenyu0515workout,hsianshun0514workout,hsianshun0514workout,db_triceps_curl,2,7,7.0,6.897121077420329,movement_rate,velocity_proxy,velocity proxy,7,7,7-8,7-8
M4_add_one__movement_rate,ridge,2,haoyu0512workout|yanz0510workout|yoru0511workout|yushuan0513workout|ziho0512workout,tsenyu0515workout,hsianshun0514workout,hsianshun0514workout,db_triceps_curl,2,8,7.0,7.330500672218194,movement_rate,velocity_proxy,velocity proxy,7,7,7-8,7-8
M4_add_one__movement_rate,ridge,2,haoyu0512workout|yanz0510workout|yoru0511workout|yushuan0513workout|ziho0512workout,tsenyu0515workout,hsianshun0514workout,hsianshun0514workout,db_triceps_curl,2,9,8.0,7.576113893368875,movement_rate,velocity_proxy,velocity proxy,8,8,7-8,7-8
M4_add_one__movement_rate,ridge,2,haoyu0512workout|yanz0510workout|yoru0511workout|yushuan0513workout|ziho0512workout,tsenyu0515workout,hsianshun0514workout,hsianshun0514workout,db_triceps_curl,2,10,8.0,7.955715004362353,movement_rate,velocity_proxy,velocity proxy,8,8,7-8,7-8
M4_add_one__movement_rate,ridge,2,haoyu0512workout|yanz0510workout|yoru0511workout|yushuan0513workout|ziho0512workout,tsenyu0515workout,hsianshun0514workout,hsianshun0514workout,db_triceps_curl,2,11,8.0,8.41262733934513,movement_rate,velocity_proxy,velocity proxy,8,8,7-8,7-8
M4_add_one__movement_rate,ridge,2,haoyu0512workout|yanz0510workout|yoru0511workout|yushuan0513workout|ziho0512workout,tsenyu0515workout,hsianshun0514workout,hsianshun0514workout,db_weighted_crunch,0,0,1.0,1.696234440879211,movement_rate,velocity_proxy,velocity proxy,1,2,1-2,1-2
M4_add_one__movement_rate,ridge,2,haoyu0512workout|yanz0510workout|yoru0511workout|yushuan0513workout|ziho0512workout,tsenyu0515workout,hsianshun0514workout,hsianshun0514workout,db_weighted_crunch,0,1,1.0,1.9141288386527229,movement_rate,velocity_proxy,velocity proxy,1,2,1-2,1-2
M4_add_one__movement_rate,ridge,2,haoyu0512workout|yanz0510workout|yoru0511workout|yushuan0513workout|ziho0512workout,tsenyu0515workout,hsianshun0514workout,hsianshun0514workout,db_weighted_crunch,0,2,1.0,2.541647227774801,movement_rate,velocity_proxy,velocity proxy,1,3,1-2,3-4
M4_add_one__movement_rate,ridge,2,haoyu0512workout|yanz0510workout|yoru0511workout|yushuan0513workout|ziho0512workout,tsenyu0515workout,hsianshun0514workout,hsianshun0514workout,db_weighted_crunch,0,3,2.0,2.947748526585447,movement_rate,velocity_proxy,velocity proxy,2,3,1-2,3-4
M4_add_one__movement_rate,ridge,2,haoyu0512workout|yanz0510workout|yoru0511workout|yushuan0513workout|ziho0512workout,tsenyu0515workout,hsianshun0514workout,hsianshun0514workout,db_weighted_crunch,0,4,2.0,3.298458838900577,movement_rate,velocity_proxy,velocity proxy,2,3,1-2,3-4
M4_add_one__movement_rate,ridge,2,haoyu0512workout|yanz0510workout|yoru0511workout|yushuan0513workout|ziho0512workout,tsenyu0515workout,hsianshun0514workout,hsianshun0514workout,db_weighted_crunch,0,5,3.0,3.796706380674691,movement_rate,velocity_proxy,velocity proxy,3,4,3-4,3-4
M4_add_one__movement_rate,ridge,2,haoyu0512workout|yanz0510workout|yoru0511workout|yushuan0513workout|ziho0512workout,tsenyu0515workout,hsianshun0514workout,hsianshun0514workout,db_weighted_crunch,0,6,3.0,4.130389437375786,movement_rate,velocity_proxy,velocity proxy,3,4,3-4,3-4
M4_add_one__movement_rate,ridge,2,haoyu0512workout|yanz0510workout|yoru0511workout|yushuan0513workout|ziho0512workout,tsenyu0515workout,hsianshun0514workout,hsianshun0514workout,db_weighted_crunch,0,7,3.0,4.526476833505524,movement_rate,velocity_proxy,velocity proxy,3,5,3-4,5-6
M4_add_one__movement_rate,ridge,2,haoyu0512workout|yanz0510workout|yoru0511workout|yushuan0513workout|ziho0512workout,tsenyu0515workout,hsianshun0514workout,hsianshun0514workout,db_weighted_crunch,0,8,3.0,4.88542862532084,movement_rate,velocity_proxy,velocity proxy,3,5,3-4,5-6
M4_add_one__movement_rate,ridge,2,haoyu0512workout|yanz0510workout|yoru0511workout|yushuan0513workout|ziho0512workout,tsenyu0515workout,hsianshun0514workout,hsianshun0514workout,db_weighted_crunch,0,9,5.0,5.30986608630187,movement_rate,velocity_proxy,velocity proxy,5,5,5-6,5-6
M4_add_one__movement_rate,ridge,2,haoyu0512workout|yanz0510workout|yoru0511workout|yushuan0513workout|ziho0512workout,tsenyu0515workout,hsianshun0514workout,hsianshun0514workout,db_weighted_crunch,0,10,5.0,5.724760905392745,movement_rate,velocity_proxy,velocity proxy,5,6,5-6,5-6
M4_add_one__movement_rate,ridge,2,haoyu0512workout|yanz0510workout|yoru0511workout|yushuan0513workout|ziho0512workout,tsenyu0515workout,hsianshun0514workout,hsianshun0514workout,db_weighted_crunch,0,11,5.0,5.9503613669522695,movement_rate,velocity_proxy,velocity proxy,5,6,5-6,5-6
M4_add_one__movement_rate,ridge,2,haoyu0512workout|yanz0510workout|yoru0511workout|yushuan0513workout|ziho0512workout,tsenyu0515workout,hsianshun0514workout,hsianshun0514workout,db_weighted_crunch,2,0,4.0,3.6873183761522608,movement_rate,velocity_proxy,velocity proxy,4,4,3-4,3-4
M4_add_one__movement_rate,ridge,2,haoyu0512workout|yanz0510workout|yoru0511workout|yushuan0513workout|ziho0512workout,tsenyu0515workout,hsianshun0514workout,hsianshun0514workout,db_weighted_crunch,2,1,4.0,4.233134341345814,movement_rate,velocity_proxy,velocity proxy,4,4,3-4,3-4
M4_add_one__movement_rate,ridge,2,haoyu0512workout|yanz0510workout|yoru0511workout|yushuan0513workout|ziho0512workout,tsenyu0515workout,hsianshun0514workout,hsianshun0514workout,db_weighted_crunch,2,2,4.0,4.730735366905078,movement_rate,velocity_proxy,velocity proxy,4,5,3-4,5-6
M4_add_one__movement_rate,ridge,2,haoyu0512workout|yanz0510workout|yoru0511workout|yushuan0513workout|ziho0512workout,tsenyu0515workout,hsianshun0514workout,hsianshun0514workout,db_weighted_crunch,2,3,4.0,5.091053269382603,movement_rate,velocity_proxy,velocity proxy,4,5,3-4,5-6
M4_add_one__movement_rate,ridge,2,haoyu0512workout|yanz0510workout|yoru0511workout|yushuan0513workout|ziho0512workout,tsenyu0515workout,hsianshun0514workout,hsianshun0514workout,db_weighted_crunch,2,4,4.0,5.1016193865301975,movement_rate,velocity_proxy,velocity proxy,4,5,3-4,5-6
M4_add_one__movement_rate,ridge,2,haoyu0512workout|yanz0510workout|yoru0511workout|yushuan0513workout|ziho0512workout,tsenyu0515workout,hsianshun0514workout,hsianshun0514workout,db_weighted_crunch,2,5,5.0,5.6285357303956385,movement_rate,velocity_proxy,velocity proxy,5,6,5-6,5-6
M4_add_one__movement_rate,ridge,2,haoyu0512workout|yanz0510workout|yoru0511workout|yushuan0513workout|ziho0512workout,tsenyu0515workout,hsianshun0514workout,hsianshun0514workout,db_weighted_crunch,2,6,5.0,6.041814093295793,movement_rate,velocity_proxy,velocity proxy,5,6,5-6,5-6
M4_add_one__movement_rate,ridge,2,haoyu0512workout|yanz0510workout|yoru0511workout|yushuan0513workout|ziho0512workout,tsenyu0515workout,hsianshun0514workout,hsianshun0514workout,db_weighted_crunch,2,7,6.0,6.412832265723948,movement_rate,velocity_proxy,velocity proxy,6,6,5-6,5-6
M4_add_one__movement_rate,ridge,2,haoyu0512workout|yanz0510workout|yoru0511workout|yushuan0513workout|ziho0512workout,tsenyu0515workout,hsianshun0514workout,hsianshun0514workout,db_weighted_crunch,2,8,6.0,6.828187126417725,movement_rate,velocity_proxy,velocity proxy,6,7,5-6,7-8
M4_add_one__movement_rate,ridge,2,haoyu0512workout|yanz0510workout|yoru0511workout|yushuan0513workout|ziho0512workout,tsenyu0515workout,hsianshun0514workout,hsianshun0514workout,db_weighted_crunch,2,9,6.0,7.184319636486293,movement_rate,velocity_proxy,velocity proxy,6,7,5-6,7-8
M4_add_one__movement_rate,ridge,2,haoyu0512workout|yanz0510workout|yoru0511workout|yushuan0513workout|ziho0512workout,tsenyu0515workout,hsianshun0514workout,hsianshun0514workout,db_weighted_crunch,2,10,7.0,7.806257398783023,movement_rate,velocity_proxy,velocity proxy,7,8,7-8,7-8
M4_add_one__movement_rate,ridge,2,haoyu0512workout|yanz0510workout|yoru0511workout|yushuan0513workout|ziho0512workout,tsenyu0515workout,hsianshun0514workout,hsianshun0514workout,db_weighted_crunch,2,11,7.0,8.049263287088198,movement_rate,velocity_proxy,velocity proxy,7,8,7-8,7-8
M4_add_one__movement_rate,ridge,2,haoyu0512workout|yanz0510workout|yoru0511workout|yushuan0513workout|ziho0512workout,tsenyu0515workout,hsianshun0514workout,hsianshun0514workout,db_weighted_crunch,3,0,5.0,4.84113496025357,movement_rate,velocity_proxy,velocity proxy,5,5,5-6,5-6
M4_add_one__movement_rate,ridge,2,haoyu0512workout|yanz0510workout|yoru0511workout|yushuan0513workout|ziho0512workout,tsenyu0515workout,hsianshun0514workout,hsianshun0514workout,db_weighted_crunch,3,1,5.0,5.310224962121811,movement_rate,velocity_proxy,velocity proxy,5,5,5-6,5-6
M4_add_one__movement_rate,ridge,2,haoyu0512workout|yanz0510workout|yoru0511workout|yushuan0513workout|ziho0512workout,tsenyu0515workout,hsianshun0514workout,hsianshun0514workout,db_weighted_crunch,3,2,5.0,5.612038318272091,movement_rate,velocity_proxy,velocity proxy,5,6,5-6,5-6
M4_add_one__movement_rate,ridge,2,haoyu0512workout|yanz0510workout|yoru0511workout|yushuan0513workout|ziho0512workout,tsenyu0515workout,hsianshun0514workout,hsianshun0514workout,db_weighted_crunch,3,3,6.0,5.970578949502394,movement_rate,velocity_proxy,velocity proxy,6,6,5-6,5-6
M4_add_one__movement_rate,ridge,2,haoyu0512workout|yanz0510workout|yoru0511workout|yushuan0513workout|ziho0512workout,tsenyu0515workout,hsianshun0514workout,hsianshun0514workout,db_weighted_crunch,3,4,6.0,6.500065218919408,movement_rate,velocity_proxy,velocity proxy,6,7,5-6,7-8
M4_add_one__movement_rate,ridge,2,haoyu0512workout|yanz0510workout|yoru0511workout|yushuan0513workout|ziho0512workout,tsenyu0515workout,hsianshun0514workout,hsianshun0514workout,db_weighted_crunch,3,5,6.0,6.873888980871467,movement_rate,velocity_proxy,velocity proxy,6,7,5-6,7-8
M4_add_one__movement_rate,ridge,2,haoyu0512workout|yanz0510workout|yoru0511workout|yushuan0513workout|ziho0512workout,tsenyu0515workout,hsianshun0514workout,hsianshun0514workout,db_weighted_crunch,3,6,7.0,7.353091361999779,movement_rate,velocity_proxy,velocity proxy,7,7,7-8,7-8
M4_add_one__movement_rate,ridge,2,haoyu0512workout|yanz0510workout|yoru0511workout|yushuan0513workout|ziho0512workout,tsenyu0515workout,hsianshun0514workout,hsianshun0514workout,db_weighted_crunch,3,7,7.0,7.701032291386467,movement_rate,velocity_proxy,velocity proxy,7,8,7-8,7-8
M4_add_one__movement_rate,ridge,2,haoyu0512workout|yanz0510workout|yoru0511workout|yushuan0513workout|ziho0512workout,tsenyu0515workout,hsianshun0514workout,hsianshun0514workout,db_weighted_crunch,3,8,7.0,8.148409963443566,movement_rate,velocity_proxy,velocity proxy,7,8,7-8,7-8
M4_add_one__movement_rate,ridge,2,haoyu0512workout|yanz0510workout|yoru0511workout|yushuan0513workout|ziho0512workout,tsenyu0515workout,hsianshun0514workout,hsianshun0514workout,db_weighted_crunch,3,9,7.0,8.554458798306628,movement_rate,velocity_proxy,velocity proxy,7,9,7-8,9-10
M4_add_one__movement_rate,ridge,2,haoyu0512workout|yanz0510workout|yoru0511workout|yushuan0513workout|ziho0512workout,tsenyu0515workout,hsianshun0514workout,hsianshun0514workout,db_weighted_crunch,3,10,7.0,8.780088025888858,movement_rate,velocity_proxy,velocity proxy,7,9,7-8,9-10
M4_add_one__movement_rate,ridge,2,haoyu0512workout|yanz0510workout|yoru0511workout|yushuan0513workout|ziho0512workout,tsenyu0515workout,hsianshun0514workout,hsianshun0514workout,db_weighted_crunch,3,11,7.0,9.191741302838247,movement_rate,velocity_proxy,velocity proxy,7,9,7-8,9-10
M4_add_one__movement_rate,ridge,2,haoyu0512workout|yanz0510workout|yoru0511workout|yushuan0513workout|ziho0512workout,tsenyu0515workout,hsianshun0514workout,hsianshun0514workout,one_arm_db_row,1,0,4.0,3.6968084439737208,movement_rate,velocity_proxy,velocity proxy,4,4,3-4,3-4
M4_add_one__movement_rate,ridge,2,haoyu0512workout|yanz0510workout|yoru0511workout|yushuan0513workout|ziho0512workout,tsenyu0515workout,hsianshun0514workout,hsianshun0514workout,one_arm_db_row,1,1,4.0,3.8406623422879,movement_rate,velocity_proxy,velocity proxy,4,4,3-4,3-4
M4_add_one__movement_rate,ridge,2,haoyu0512workout|yanz0510workout|yoru0511workout|yushuan0513workout|ziho0512workout,tsenyu0515workout,hsianshun0514workout,hsianshun0514workout,one_arm_db_row,1,2,4.0,4.204551261129603,movement_rate,velocity_proxy,velocity proxy,4,4,3-4,3-4
M4_add_one__movement_rate,ridge,2,haoyu0512workout|yanz0510workout|yoru0511workout|yushuan0513workout|ziho0512workout,tsenyu0515workout,hsianshun0514workout,hsianshun0514workout,one_arm_db_row,1,3,4.0,4.660769501911834,movement_rate,velocity_proxy,velocity proxy,4,5,3-4,5-6
M4_add_one__movement_rate,ridge,2,haoyu0512workout|yanz0510workout|yoru0511workout|yushuan0513workout|ziho0512workout,tsenyu0515workout,hsianshun0514workout,hsianshun0514workout,one_arm_db_row,1,4,5.0,4.946287421359005,movement_rate,velocity_proxy,velocity proxy,5,5,5-6,5-6
M4_add_one__movement_rate,ridge,2,haoyu0512workout|yanz0510workout|yoru0511workout|yushuan0513workout|ziho0512workout,tsenyu0515workout,hsianshun0514workout,hsianshun0514workout,one_arm_db_row,1,5,5.0,5.4280345720771335,movement_rate,velocity_proxy,velocity proxy,5,5,5-6,5-6
M4_add_one__movement_rate,ridge,2,haoyu0512workout|yanz0510workout|yoru0511workout|yushuan0513workout|ziho0512workout,tsenyu0515workout,hsianshun0514workout,hsianshun0514workout,one_arm_db_row,1,6,5.0,5.665550606788849,movement_rate,velocity_proxy,velocity proxy,5,6,5-6,5-6
M4_add_one__movement_rate,ridge,2,haoyu0512workout|yanz0510workout|yoru0511workout|yushuan0513workout|ziho0512workout,tsenyu0515workout,hsianshun0514workout,hsianshun0514workout,one_arm_db_row,1,7,6.0,6.024012253284165,movement_rate,velocity_proxy,velocity proxy,6,6,5-6,5-6
M4_add_one__movement_rate,ridge,2,haoyu0512workout|yanz0510workout|yoru0511workout|yushuan0513workout|ziho0512workout,tsenyu0515workout,hsianshun0514workout,hsianshun0514workout,one_arm_db_row,1,8,6.0,6.462674844398884,movement_rate,velocity_proxy,velocity proxy,6,6,5-6,5-6
M4_add_one__movement_rate,ridge,2,haoyu0512workout|yanz0510workout|yoru0511workout|yushuan0513workout|ziho0512workout,tsenyu0515workout,hsianshun0514workout,hsianshun0514workout,one_arm_db_row,1,9,6.0,6.819007772080495,movement_rate,velocity_proxy,velocity proxy,6,7,5-6,7-8
M4_add_one__movement_rate,ridge,2,haoyu0512workout|yanz0510workout|yoru0511workout|yushuan0513workout|ziho0512workout,tsenyu0515workout,hsianshun0514workout,hsianshun0514workout,one_arm_db_row,1,10,6.0,7.120984377252984,movement_rate,velocity_proxy,velocity proxy,6,7,5-6,7-8
M4_add_one__movement_rate,ridge,2,haoyu0512workout|yanz0510workout|yoru0511workout|yushuan0513workout|ziho0512workout,tsenyu0515workout,hsianshun0514workout,hsianshun0514workout,one_arm_db_row,1,11,7.0,7.548361032017393,movement_rate,velocity_proxy,velocity proxy,7,8,7-8,7-8
M4_add_one__movement_rate,ridge,2,haoyu0512workout|yanz0510workout|yoru0511workout|yushuan0513workout|ziho0512workout,tsenyu0515workout,hsianshun0514workout,hsianshun0514workout,one_arm_db_row,2,0,5.0,4.678899289805361,movement_rate,velocity_proxy,velocity proxy,5,5,5-6,5-6
M4_add_one__movement_rate,ridge,2,haoyu0512workout|yanz0510workout|yoru0511workout|yushuan0513workout|ziho0512workout,tsenyu0515workout,hsianshun0514workout,hsianshun0514workout,one_arm_db_row,2,1,5.0,5.054211413978737,movement_rate,velocity_proxy,velocity proxy,5,5,5-6,5-6
M4_add_one__movement_rate,ridge,2,haoyu0512workout|yanz0510workout|yoru0511workout|yushuan0513workout|ziho0512workout,tsenyu0515workout,hsianshun0514workout,hsianshun0514workout,one_arm_db_row,2,2,5.0,5.44516787615936,movement_rate,velocity_proxy,velocity proxy,5,5,5-6,5-6
M4_add_one__movement_rate,ridge,2,haoyu0512workout|yanz0510workout|yoru0511workout|yushuan0513workout|ziho0512workout,tsenyu0515workout,hsianshun0514workout,hsianshun0514workout,one_arm_db_row,2,3,5.0,5.657596809253622,movement_rate,velocity_proxy,velocity proxy,5,6,5-6,5-6
M4_add_one__movement_rate,ridge,2,haoyu0512workout|yanz0510workout|yoru0511workout|yushuan0513workout|ziho0512workout,tsenyu0515workout,hsianshun0514workout,hsianshun0514workout,one_arm_db_row,2,4,6.0,6.007167921298482,movement_rate,velocity_proxy,velocity proxy,6,6,5-6,5-6
M4_add_one__movement_rate,ridge,2,haoyu0512workout|yanz0510workout|yoru0511workout|yushuan0513workout|ziho0512workout,tsenyu0515workout,hsianshun0514workout,hsianshun0514workout,one_arm_db_row,2,5,6.0,6.327461543659222,movement_rate,velocity_proxy,velocity proxy,6,6,5-6,5-6
M4_add_one__movement_rate,ridge,2,haoyu0512workout|yanz0510workout|yoru0511workout|yushuan0513workout|ziho0512workout,tsenyu0515workout,hsianshun0514workout,hsianshun0514workout,one_arm_db_row,2,6,6.0,6.738769300364286,movement_rate,velocity_proxy,velocity proxy,6,7,5-6,7-8
M4_add_one__movement_rate,ridge,2,haoyu0512workout|yanz0510workout|yoru0511workout|yushuan0513workout|ziho0512workout,tsenyu0515workout,hsianshun0514workout,hsianshun0514workout,one_arm_db_row,2,7,7.0,6.957027214515437,movement_rate,velocity_proxy,velocity proxy,7,7,7-8,7-8
M4_add_one__movement_rate,ridge,2,haoyu0512workout|yanz0510workout|yoru0511workout|yushuan0513workout|ziho0512workout,tsenyu0515workout,hsianshun0514workout,hsianshun0514workout,one_arm_db_row,2,8,7.0,7.477295282216955,movement_rate,velocity_proxy,velocity proxy,7,7,7-8,7-8
M4_add_one__movement_rate,ridge,2,haoyu0512workout|yanz0510workout|yoru0511workout|yushuan0513workout|ziho0512workout,tsenyu0515workout,hsianshun0514workout,hsianshun0514workout,one_arm_db_row,2,9,7.0,7.767149190821519,movement_rate,velocity_proxy,velocity proxy,7,8,7-8,7-8
M4_add_one__movement_rate,ridge,2,haoyu0512workout|yanz0510workout|yoru0511workout|yushuan0513workout|ziho0512workout,tsenyu0515workout,hsianshun0514workout,hsianshun0514workout,one_arm_db_row,2,10,7.0,8.068879826057245,movement_rate,velocity_proxy,velocity proxy,7,8,7-8,7-8
M4_add_one__movement_rate,ridge,2,haoyu0512workout|yanz0510workout|yoru0511workout|yushuan0513workout|ziho0512workout,tsenyu0515workout,hsianshun0514workout,hsianshun0514workout,one_arm_db_row,2,11,8.0,8.441597109142066,movement_rate,velocity_proxy,velocity proxy,8,8,7-8,7-8
M4_add_one__movement_rate,ridge,3,haoyu0512workout|hsianshun0514workout|yoru0511workout|yushuan0513workout|ziho0512workout,yanz0510workout,tsenyu0515workout,tsenyu0515workout,db_bench_press,0,0,1.0,1.2782452115657517,movement_rate,velocity_proxy,velocity proxy,1,1,1-2,1-2
M4_add_one__movement_rate,ridge,3,haoyu0512workout|hsianshun0514workout|yoru0511workout|yushuan0513workout|ziho0512workout,yanz0510workout,tsenyu0515workout,tsenyu0515workout,db_bench_press,0,1,1.0,1.8482801591945988,movement_rate,velocity_proxy,velocity proxy,1,2,1-2,1-2
M4_add_one__movement_rate,ridge,3,haoyu0512workout|hsianshun0514workout|yoru0511workout|yushuan0513workout|ziho0512workout,yanz0510workout,tsenyu0515workout,tsenyu0515workout,db_bench_press,0,2,1.0,2.206739933166949,movement_rate,velocity_proxy,velocity proxy,1,2,1-2,1-2
M4_add_one__movement_rate,ridge,3,haoyu0512workout|hsianshun0514workout|yoru0511workout|yushuan0513workout|ziho0512workout,yanz0510workout,tsenyu0515workout,tsenyu0515workout,db_bench_press,0,3,1.0,2.8065020368074114,movement_rate,velocity_proxy,velocity proxy,1,3,1-2,3-4
M4_add_one__movement_rate,ridge,3,haoyu0512workout|hsianshun0514workout|yoru0511workout|yushuan0513workout|ziho0512workout,yanz0510workout,tsenyu0515workout,tsenyu0515workout,db_bench_press,0,4,1.0,2.9722309477816116,movement_rate,velocity_proxy,velocity proxy,1,3,1-2,3-4
M4_add_one__movement_rate,ridge,3,haoyu0512workout|hsianshun0514workout|yoru0511workout|yushuan0513workout|ziho0512workout,yanz0510workout,tsenyu0515workout,tsenyu0515workout,db_bench_press,0,5,1.0,3.634387701407856,movement_rate,velocity_proxy,velocity proxy,1,4,1-2,3-4
M4_add_one__movement_rate,ridge,3,haoyu0512workout|hsianshun0514workout|yoru0511workout|yushuan0513workout|ziho0512workout,yanz0510workout,tsenyu0515workout,tsenyu0515workout,db_bench_press,0,6,2.0,3.789867574833272,movement_rate,velocity_proxy,velocity proxy,2,4,1-2,3-4
M4_add_one__movement_rate,ridge,3,haoyu0512workout|hsianshun0514workout|yoru0511workout|yushuan0513workout|ziho0512workout,yanz0510workout,tsenyu0515workout,tsenyu0515workout,db_bench_press,0,7,2.0,4.317866228490949,movement_rate,velocity_proxy,velocity proxy,2,4,1-2,3-4
M4_add_one__movement_rate,ridge,3,haoyu0512workout|hsianshun0514workout|yoru0511workout|yushuan0513workout|ziho0512workout,yanz0510workout,tsenyu0515workout,tsenyu0515workout,db_bench_press,0,8,2.0,4.823807839991952,movement_rate,velocity_proxy,velocity proxy,2,5,1-2,5-6
M4_add_one__movement_rate,ridge,3,haoyu0512workout|hsianshun0514workout|yoru0511workout|yushuan0513workout|ziho0512workout,yanz0510workout,tsenyu0515workout,tsenyu0515workout,db_bench_press,0,9,2.0,5.185947751276448,movement_rate,velocity_proxy,velocity proxy,2,5,1-2,5-6
M4_add_one__movement_rate,ridge,3,haoyu0512workout|hsianshun0514workout|yoru0511workout|yushuan0513workout|ziho0512workout,yanz0510workout,tsenyu0515workout,tsenyu0515workout,db_bench_press,0,10,3.0,5.6605401578481995,movement_rate,velocity_proxy,velocity proxy,3,6,3-4,5-6
M4_add_one__movement_rate,ridge,3,haoyu0512workout|hsianshun0514workout|yoru0511workout|yushuan0513workout|ziho0512workout,yanz0510workout,tsenyu0515workout,tsenyu0515workout,db_bench_press,0,11,3.0,5.89711872207411,movement_rate,velocity_proxy,velocity proxy,3,6,3-4,5-6
M4_add_one__movement_rate,ridge,3,haoyu0512workout|hsianshun0514workout|yoru0511workout|yushuan0513workout|ziho0512workout,yanz0510workout,tsenyu0515workout,tsenyu0515workout,db_bench_press,1,0,2.0,2.8701061755763604,movement_rate,velocity_proxy,velocity proxy,2,3,1-2,3-4
M4_add_one__movement_rate,ridge,3,haoyu0512workout|hsianshun0514workout|yoru0511workout|yushuan0513workout|ziho0512workout,yanz0510workout,tsenyu0515workout,tsenyu0515workout,db_bench_press,1,1,2.0,3.131878527826027,movement_rate,velocity_proxy,velocity proxy,2,3,1-2,3-4
M4_add_one__movement_rate,ridge,3,haoyu0512workout|hsianshun0514workout|yoru0511workout|yushuan0513workout|ziho0512workout,yanz0510workout,tsenyu0515workout,tsenyu0515workout,db_bench_press,1,2,3.0,3.676121410528503,movement_rate,velocity_proxy,velocity proxy,3,4,3-4,3-4
M4_add_one__movement_rate,ridge,3,haoyu0512workout|hsianshun0514workout|yoru0511workout|yushuan0513workout|ziho0512workout,yanz0510workout,tsenyu0515workout,tsenyu0515workout,db_bench_press,1,3,3.0,4.053994854258555,movement_rate,velocity_proxy,velocity proxy,3,4,3-4,3-4
M4_add_one__movement_rate,ridge,3,haoyu0512workout|hsianshun0514workout|yoru0511workout|yushuan0513workout|ziho0512workout,yanz0510workout,tsenyu0515workout,tsenyu0515workout,db_bench_press,1,4,3.0,4.528484030495283,movement_rate,velocity_proxy,velocity proxy,3,5,3-4,5-6
M4_add_one__movement_rate,ridge,3,haoyu0512workout|hsianshun0514workout|yoru0511workout|yushuan0513workout|ziho0512workout,yanz0510workout,tsenyu0515workout,tsenyu0515workout,db_bench_press,1,5,4.0,4.94314502564991,movement_rate,velocity_proxy,velocity proxy,4,5,3-4,5-6
M4_add_one__movement_rate,ridge,3,haoyu0512workout|hsianshun0514workout|yoru0511workout|yushuan0513workout|ziho0512workout,yanz0510workout,tsenyu0515workout,tsenyu0515workout,db_bench_press,1,6,4.0,5.278985901436874,movement_rate,velocity_proxy,velocity proxy,4,5,3-4,5-6
M4_add_one__movement_rate,ridge,3,haoyu0512workout|hsianshun0514workout|yoru0511workout|yushuan0513workout|ziho0512workout,yanz0510workout,tsenyu0515workout,tsenyu0515workout,db_bench_press,1,7,4.0,5.6989240114077235,movement_rate,velocity_proxy,velocity proxy,4,6,3-4,5-6
M4_add_one__movement_rate,ridge,3,haoyu0512workout|hsianshun0514workout|yoru0511workout|yushuan0513workout|ziho0512workout,yanz0510workout,tsenyu0515workout,tsenyu0515workout,db_bench_press,1,8,5.0,6.370815307073926,movement_rate,velocity_proxy,velocity proxy,5,6,5-6,5-6
M4_add_one__movement_rate,ridge,3,haoyu0512workout|hsianshun0514workout|yoru0511workout|yushuan0513workout|ziho0512workout,yanz0510workout,tsenyu0515workout,tsenyu0515workout,db_bench_press,1,9,5.0,6.697346985216159,movement_rate,velocity_proxy,velocity proxy,5,7,5-6,7-8
M4_add_one__movement_rate,ridge,3,haoyu0512workout|hsianshun0514workout|yoru0511workout|yushuan0513workout|ziho0512workout,yanz0510workout,tsenyu0515workout,tsenyu0515workout,db_bench_press,1,10,5.0,7.150869721328882,movement_rate,velocity_proxy,velocity proxy,5,7,5-6,7-8
M4_add_one__movement_rate,ridge,3,haoyu0512workout|hsianshun0514workout|yoru0511workout|yushuan0513workout|ziho0512workout,yanz0510workout,tsenyu0515workout,tsenyu0515workout,db_bench_press,1,11,6.0,7.665076262293357,movement_rate,velocity_proxy,velocity proxy,6,8,5-6,7-8
M4_add_one__movement_rate,ridge,3,haoyu0512workout|hsianshun0514workout|yoru0511workout|yushuan0513workout|ziho0512workout,yanz0510workout,tsenyu0515workout,tsenyu0515workout,db_bench_press,2,0,4.0,3.520788936540354,movement_rate,velocity_proxy,velocity proxy,4,4,3-4,3-4
M4_add_one__movement_rate,ridge,3,haoyu0512workout|hsianshun0514workout|yoru0511workout|yushuan0513workout|ziho0512workout,yanz0510workout,tsenyu0515workout,tsenyu0515workout,db_bench_press,2,1,4.0,4.222396955289012,movement_rate,velocity_proxy,velocity proxy,4,4,3-4,3-4
M4_add_one__movement_rate,ridge,3,haoyu0512workout|hsianshun0514workout|yoru0511workout|yushuan0513workout|ziho0512workout,yanz0510workout,tsenyu0515workout,tsenyu0515workout,db_bench_press,2,2,4.0,4.433857621713973,movement_rate,velocity_proxy,velocity proxy,4,4,3-4,3-4
M4_add_one__movement_rate,ridge,3,haoyu0512workout|hsianshun0514workout|yoru0511workout|yushuan0513workout|ziho0512workout,yanz0510workout,tsenyu0515workout,tsenyu0515workout,db_bench_press,2,3,5.0,4.923265249277096,movement_rate,velocity_proxy,velocity proxy,5,5,5-6,5-6
M4_add_one__movement_rate,ridge,3,haoyu0512workout|hsianshun0514workout|yoru0511workout|yushuan0513workout|ziho0512workout,yanz0510workout,tsenyu0515workout,tsenyu0515workout,db_bench_press,2,4,5.0,5.2179531738789375,movement_rate,velocity_proxy,velocity proxy,5,5,5-6,5-6
M4_add_one__movement_rate,ridge,3,haoyu0512workout|hsianshun0514workout|yoru0511workout|yushuan0513workout|ziho0512workout,yanz0510workout,tsenyu0515workout,tsenyu0515workout,db_bench_press,2,5,5.0,5.806155266612574,movement_rate,velocity_proxy,velocity proxy,5,6,5-6,5-6
M4_add_one__movement_rate,ridge,3,haoyu0512workout|hsianshun0514workout|yoru0511workout|yushuan0513workout|ziho0512workout,yanz0510workout,tsenyu0515workout,tsenyu0515workout,db_bench_press,2,6,6.0,6.40851123180277,movement_rate,velocity_proxy,velocity proxy,6,6,5-6,5-6
M4_add_one__movement_rate,ridge,3,haoyu0512workout|hsianshun0514workout|yoru0511workout|yushuan0513workout|ziho0512workout,yanz0510workout,tsenyu0515workout,tsenyu0515workout,db_bench_press,2,7,6.0,6.721649657769076,movement_rate,velocity_proxy,velocity proxy,6,7,5-6,7-8
M4_add_one__movement_rate,ridge,3,haoyu0512workout|hsianshun0514workout|yoru0511workout|yushuan0513workout|ziho0512workout,yanz0510workout,tsenyu0515workout,tsenyu0515workout,db_bench_press,2,8,6.0,7.296811917810121,movement_rate,velocity_proxy,velocity proxy,6,7,5-6,7-8
M4_add_one__movement_rate,ridge,3,haoyu0512workout|hsianshun0514workout|yoru0511workout|yushuan0513workout|ziho0512workout,yanz0510workout,tsenyu0515workout,tsenyu0515workout,db_bench_press,2,9,7.0,7.982572083550565,movement_rate,velocity_proxy,velocity proxy,7,8,7-8,7-8
M4_add_one__movement_rate,ridge,3,haoyu0512workout|hsianshun0514workout|yoru0511workout|yushuan0513workout|ziho0512workout,yanz0510workout,tsenyu0515workout,tsenyu0515workout,db_bench_press,2,10,7.0,8.278635074805699,movement_rate,velocity_proxy,velocity proxy,7,8,7-8,7-8
M4_add_one__movement_rate,ridge,3,haoyu0512workout|hsianshun0514workout|yoru0511workout|yushuan0513workout|ziho0512workout,yanz0510workout,tsenyu0515workout,tsenyu0515workout,db_bench_press,2,11,8.0,8.975052641651391,movement_rate,velocity_proxy,velocity proxy,8,9,7-8,9-10
M4_add_one__movement_rate,ridge,3,haoyu0512workout|hsianshun0514workout|yoru0511workout|yushuan0513workout|ziho0512workout,yanz0510workout,tsenyu0515workout,tsenyu0515workout,db_biceps_curl,0,0,1.0,3.3227389855688942,movement_rate,velocity_proxy,velocity proxy,1,3,1-2,3-4
M4_add_one__movement_rate,ridge,3,haoyu0512workout|hsianshun0514workout|yoru0511workout|yushuan0513workout|ziho0512workout,yanz0510workout,tsenyu0515workout,tsenyu0515workout,db_biceps_curl,0,1,1.0,3.822317770791554,movement_rate,velocity_proxy,velocity proxy,1,4,1-2,3-4
M4_add_one__movement_rate,ridge,3,haoyu0512workout|hsianshun0514workout|yoru0511workout|yushuan0513workout|ziho0512workout,yanz0510workout,tsenyu0515workout,tsenyu0515workout,db_biceps_curl,0,2,2.0,4.319875319949751,movement_rate,velocity_proxy,velocity proxy,2,4,1-2,3-4
M4_add_one__movement_rate,ridge,3,haoyu0512workout|hsianshun0514workout|yoru0511workout|yushuan0513workout|ziho0512workout,yanz0510workout,tsenyu0515workout,tsenyu0515workout,db_biceps_curl,0,3,2.0,4.850197709547524,movement_rate,velocity_proxy,velocity proxy,2,5,1-2,5-6
M4_add_one__movement_rate,ridge,3,haoyu0512workout|hsianshun0514workout|yoru0511workout|yushuan0513workout|ziho0512workout,yanz0510workout,tsenyu0515workout,tsenyu0515workout,db_biceps_curl,0,4,3.0,5.246886675473852,movement_rate,velocity_proxy,velocity proxy,3,5,3-4,5-6
M4_add_one__movement_rate,ridge,3,haoyu0512workout|hsianshun0514workout|yoru0511workout|yushuan0513workout|ziho0512workout,yanz0510workout,tsenyu0515workout,tsenyu0515workout,db_biceps_curl,0,5,3.0,5.8434504192571115,movement_rate,velocity_proxy,velocity proxy,3,6,3-4,5-6
M4_add_one__movement_rate,ridge,3,haoyu0512workout|hsianshun0514workout|yoru0511workout|yushuan0513workout|ziho0512workout,yanz0510workout,tsenyu0515workout,tsenyu0515workout,db_biceps_curl,0,6,4.0,6.232822070203866,movement_rate,velocity_proxy,velocity proxy,4,6,3-4,5-6
M4_add_one__movement_rate,ridge,3,haoyu0512workout|hsianshun0514workout|yoru0511workout|yushuan0513workout|ziho0512workout,yanz0510workout,tsenyu0515workout,tsenyu0515workout,db_biceps_curl,0,7,4.0,6.836160768169954,movement_rate,velocity_proxy,velocity proxy,4,7,3-4,7-8
M4_add_one__movement_rate,ridge,3,haoyu0512workout|hsianshun0514workout|yoru0511workout|yushuan0513workout|ziho0512workout,yanz0510workout,tsenyu0515workout,tsenyu0515workout,db_biceps_curl,0,8,5.0,7.333557270374734,movement_rate,velocity_proxy,velocity proxy,5,7,5-6,7-8
M4_add_one__movement_rate,ridge,3,haoyu0512workout|hsianshun0514workout|yoru0511workout|yushuan0513workout|ziho0512workout,yanz0510workout,tsenyu0515workout,tsenyu0515workout,db_biceps_curl,0,9,5.0,7.835285140738064,movement_rate,velocity_proxy,velocity proxy,5,8,5-6,7-8
M4_add_one__movement_rate,ridge,3,haoyu0512workout|hsianshun0514workout|yoru0511workout|yushuan0513workout|ziho0512workout,yanz0510workout,tsenyu0515workout,tsenyu0515workout,db_biceps_curl,0,10,5.0,8.352407040515647,movement_rate,velocity_proxy,velocity proxy,5,8,5-6,7-8
M4_add_one__movement_rate,ridge,3,haoyu0512workout|hsianshun0514workout|yoru0511workout|yushuan0513workout|ziho0512workout,yanz0510workout,tsenyu0515workout,tsenyu0515workout,db_biceps_curl,0,11,6.0,8.849430467286226,movement_rate,velocity_proxy,velocity proxy,6,9,5-6,9-10
M4_add_one__movement_rate,ridge,3,haoyu0512workout|hsianshun0514workout|yoru0511workout|yushuan0513workout|ziho0512workout,yanz0510workout,tsenyu0515workout,tsenyu0515workout,db_biceps_curl,1,0,5.0,4.284000588723986,movement_rate,velocity_proxy,velocity proxy,5,4,5-6,3-4
M4_add_one__movement_rate,ridge,3,haoyu0512workout|hsianshun0514workout|yoru0511workout|yushuan0513workout|ziho0512workout,yanz0510workout,tsenyu0515workout,tsenyu0515workout,db_biceps_curl,1,1,5.0,4.853308285320312,movement_rate,velocity_proxy,velocity proxy,5,5,5-6,5-6
M4_add_one__movement_rate,ridge,3,haoyu0512workout|hsianshun0514workout|yoru0511workout|yushuan0513workout|ziho0512workout,yanz0510workout,tsenyu0515workout,tsenyu0515workout,db_biceps_curl,1,2,5.0,5.293290874623464,movement_rate,velocity_proxy,velocity proxy,5,5,5-6,5-6
M4_add_one__movement_rate,ridge,3,haoyu0512workout|hsianshun0514workout|yoru0511workout|yushuan0513workout|ziho0512workout,yanz0510workout,tsenyu0515workout,tsenyu0515workout,db_biceps_curl,1,3,5.0,5.768644720330438,movement_rate,velocity_proxy,velocity proxy,5,6,5-6,5-6
M4_add_one__movement_rate,ridge,3,haoyu0512workout|hsianshun0514workout|yoru0511workout|yushuan0513workout|ziho0512workout,yanz0510workout,tsenyu0515workout,tsenyu0515workout,db_biceps_curl,1,4,6.0,6.264492090955133,movement_rate,velocity_proxy,velocity proxy,6,6,5-6,5-6
M4_add_one__movement_rate,ridge,3,haoyu0512workout|hsianshun0514workout|yoru0511workout|yushuan0513workout|ziho0512workout,yanz0510workout,tsenyu0515workout,tsenyu0515workout,db_biceps_curl,1,5,6.0,6.861135087768112,movement_rate,velocity_proxy,velocity proxy,6,7,5-6,7-8
M4_add_one__movement_rate,ridge,3,haoyu0512workout|hsianshun0514workout|yoru0511workout|yushuan0513workout|ziho0512workout,yanz0510workout,tsenyu0515workout,tsenyu0515workout,db_biceps_curl,1,6,6.0,7.312565515479534,movement_rate,velocity_proxy,velocity proxy,6,7,5-6,7-8
M4_add_one__movement_rate,ridge,3,haoyu0512workout|hsianshun0514workout|yoru0511workout|yushuan0513workout|ziho0512workout,yanz0510workout,tsenyu0515workout,tsenyu0515workout,db_biceps_curl,1,7,7.0,7.907891261931545,movement_rate,velocity_proxy,velocity proxy,7,8,7-8,7-8
M4_add_one__movement_rate,ridge,3,haoyu0512workout|hsianshun0514workout|yoru0511workout|yushuan0513workout|ziho0512workout,yanz0510workout,tsenyu0515workout,tsenyu0515workout,db_biceps_curl,1,8,8.0,8.496514605598323,movement_rate,velocity_proxy,velocity proxy,8,8,7-8,7-8
M4_add_one__movement_rate,ridge,3,haoyu0512workout|hsianshun0514workout|yoru0511workout|yushuan0513workout|ziho0512workout,yanz0510workout,tsenyu0515workout,tsenyu0515workout,db_biceps_curl,1,9,8.0,9.046831496749816,movement_rate,velocity_proxy,velocity proxy,8,9,7-8,9-10
M4_add_one__movement_rate,ridge,3,haoyu0512workout|hsianshun0514workout|yoru0511workout|yushuan0513workout|ziho0512workout,yanz0510workout,tsenyu0515workout,tsenyu0515workout,db_biceps_curl,1,10,9.0,8.71320350258165,movement_rate,velocity_proxy,velocity proxy,9,9,9-10,9-10
M4_add_one__movement_rate,ridge,3,haoyu0512workout|hsianshun0514workout|yoru0511workout|yushuan0513workout|ziho0512workout,yanz0510workout,tsenyu0515workout,tsenyu0515workout,db_biceps_curl,2,0,6.0,5.267028192783727,movement_rate,velocity_proxy,velocity proxy,6,5,5-6,5-6
M4_add_one__movement_rate,ridge,3,haoyu0512workout|hsianshun0514workout|yoru0511workout|yushuan0513workout|ziho0512workout,yanz0510workout,tsenyu0515workout,tsenyu0515workout,db_biceps_curl,2,1,6.0,5.736360117832187,movement_rate,velocity_proxy,velocity proxy,6,6,5-6,5-6
M4_add_one__movement_rate,ridge,3,haoyu0512workout|hsianshun0514workout|yoru0511workout|yushuan0513workout|ziho0512workout,yanz0510workout,tsenyu0515workout,tsenyu0515workout,db_biceps_curl,2,2,6.0,6.2132302156975525,movement_rate,velocity_proxy,velocity proxy,6,6,5-6,5-6
M4_add_one__movement_rate,ridge,3,haoyu0512workout|hsianshun0514workout|yoru0511workout|yushuan0513workout|ziho0512workout,yanz0510workout,tsenyu0515workout,tsenyu0515workout,db_biceps_curl,2,3,6.0,6.666744055092043,movement_rate,velocity_proxy,velocity proxy,6,7,5-6,7-8
M4_add_one__movement_rate,ridge,3,haoyu0512workout|hsianshun0514workout|yoru0511workout|yushuan0513workout|ziho0512workout,yanz0510workout,tsenyu0515workout,tsenyu0515workout,db_biceps_curl,2,4,6.0,7.185129257067532,movement_rate,velocity_proxy,velocity proxy,6,7,5-6,7-8
M4_add_one__movement_rate,ridge,3,haoyu0512workout|hsianshun0514workout|yoru0511workout|yushuan0513workout|ziho0512workout,yanz0510workout,tsenyu0515workout,tsenyu0515workout,db_biceps_curl,2,5,7.0,7.669589414264369,movement_rate,velocity_proxy,velocity proxy,7,8,7-8,7-8
M4_add_one__movement_rate,ridge,3,haoyu0512workout|hsianshun0514workout|yoru0511workout|yushuan0513workout|ziho0512workout,yanz0510workout,tsenyu0515workout,tsenyu0515workout,db_biceps_curl,2,6,7.0,8.350940967396374,movement_rate,velocity_proxy,velocity proxy,7,8,7-8,7-8
M4_add_one__movement_rate,ridge,3,haoyu0512workout|hsianshun0514workout|yoru0511workout|yushuan0513workout|ziho0512workout,yanz0510workout,tsenyu0515workout,tsenyu0515workout,db_biceps_curl,2,7,7.0,8.846935723299302,movement_rate,velocity_proxy,velocity proxy,7,9,7-8,9-10
M4_add_one__movement_rate,ridge,3,haoyu0512workout|hsianshun0514workout|yoru0511workout|yushuan0513workout|ziho0512workout,yanz0510workout,tsenyu0515workout,tsenyu0515workout,db_biceps_curl,2,8,8.0,9.277669815325757,movement_rate,velocity_proxy,velocity proxy,8,9,7-8,9-10
M4_add_one__movement_rate,ridge,3,haoyu0512workout|hsianshun0514workout|yoru0511workout|yushuan0513workout|ziho0512workout,yanz0510workout,tsenyu0515workout,tsenyu0515workout,db_biceps_curl,2,9,8.0,9.755119293251752,movement_rate,velocity_proxy,velocity proxy,8,10,7-8,9-10
M4_add_one__movement_rate,ridge,3,haoyu0512workout|hsianshun0514workout|yoru0511workout|yushuan0513workout|ziho0512workout,yanz0510workout,tsenyu0515workout,tsenyu0515workout,db_biceps_curl,2,10,8.0,10.233835738100248,movement_rate,velocity_proxy,velocity proxy,8,10,7-8,9-10
M4_add_one__movement_rate,ridge,3,haoyu0512workout|hsianshun0514workout|yoru0511workout|yushuan0513workout|ziho0512workout,yanz0510workout,tsenyu0515workout,tsenyu0515workout,db_biceps_curl,2,11,9.0,10.577721746930475,movement_rate,velocity_proxy,velocity proxy,9,10,9-10,9-10
M4_add_one__movement_rate,ridge,3,haoyu0512workout|hsianshun0514workout|yoru0511workout|yushuan0513workout|ziho0512workout,yanz0510workout,tsenyu0515workout,tsenyu0515workout,db_rdl,0,0,1.0,2.19692522742085,movement_rate,velocity_proxy,velocity proxy,1,2,1-2,1-2
M4_add_one__movement_rate,ridge,3,haoyu0512workout|hsianshun0514workout|yoru0511workout|yushuan0513workout|ziho0512workout,yanz0510workout,tsenyu0515workout,tsenyu0515workout,db_rdl,0,1,1.0,2.9166882810038635,movement_rate,velocity_proxy,velocity proxy,1,3,1-2,3-4
M4_add_one__movement_rate,ridge,3,haoyu0512workout|hsianshun0514workout|yoru0511workout|yushuan0513workout|ziho0512workout,yanz0510workout,tsenyu0515workout,tsenyu0515workout,db_rdl,0,2,2.0,3.502396042858498,movement_rate,velocity_proxy,velocity proxy,2,4,1-2,3-4
M4_add_one__movement_rate,ridge,3,haoyu0512workout|hsianshun0514workout|yoru0511workout|yushuan0513workout|ziho0512workout,yanz0510workout,tsenyu0515workout,tsenyu0515workout,db_rdl,0,3,2.0,4.066293751007793,movement_rate,velocity_proxy,velocity proxy,2,4,1-2,3-4
M4_add_one__movement_rate,ridge,3,haoyu0512workout|hsianshun0514workout|yoru0511workout|yushuan0513workout|ziho0512workout,yanz0510workout,tsenyu0515workout,tsenyu0515workout,db_rdl,0,4,2.0,4.6147485263771415,movement_rate,velocity_proxy,velocity proxy,2,5,1-2,5-6
M4_add_one__movement_rate,ridge,3,haoyu0512workout|hsianshun0514workout|yoru0511workout|yushuan0513workout|ziho0512workout,yanz0510workout,tsenyu0515workout,tsenyu0515workout,db_rdl,0,5,3.0,5.210694968438906,movement_rate,velocity_proxy,velocity proxy,3,5,3-4,5-6
M4_add_one__movement_rate,ridge,3,haoyu0512workout|hsianshun0514workout|yoru0511workout|yushuan0513workout|ziho0512workout,yanz0510workout,tsenyu0515workout,tsenyu0515workout,db_rdl,0,6,4.0,5.704059274375363,movement_rate,velocity_proxy,velocity proxy,4,6,3-4,5-6
M4_add_one__movement_rate,ridge,3,haoyu0512workout|hsianshun0514workout|yoru0511workout|yushuan0513workout|ziho0512workout,yanz0510workout,tsenyu0515workout,tsenyu0515workout,db_rdl,0,7,4.0,6.236399224317076,movement_rate,velocity_proxy,velocity proxy,4,6,3-4,5-6
M4_add_one__movement_rate,ridge,3,haoyu0512workout|hsianshun0514workout|yoru0511workout|yushuan0513workout|ziho0512workout,yanz0510workout,tsenyu0515workout,tsenyu0515workout,db_rdl,0,8,5.0,6.888914232534122,movement_rate,velocity_proxy,velocity proxy,5,7,5-6,7-8
M4_add_one__movement_rate,ridge,3,haoyu0512workout|hsianshun0514workout|yoru0511workout|yushuan0513workout|ziho0512workout,yanz0510workout,tsenyu0515workout,tsenyu0515workout,db_rdl,0,9,5.0,7.467235398642442,movement_rate,velocity_proxy,velocity proxy,5,7,5-6,7-8
M4_add_one__movement_rate,ridge,3,haoyu0512workout|hsianshun0514workout|yoru0511workout|yushuan0513workout|ziho0512workout,yanz0510workout,tsenyu0515workout,tsenyu0515workout,db_rdl,0,10,6.0,7.897811769640811,movement_rate,velocity_proxy,velocity proxy,6,8,5-6,7-8
M4_add_one__movement_rate,ridge,3,haoyu0512workout|hsianshun0514workout|yoru0511workout|yushuan0513workout|ziho0512workout,yanz0510workout,tsenyu0515workout,tsenyu0515workout,db_rdl,0,11,6.0,7.9094433430186175,movement_rate,velocity_proxy,velocity proxy,6,8,5-6,7-8
M4_add_one__movement_rate,ridge,3,haoyu0512workout|hsianshun0514workout|yoru0511workout|yushuan0513workout|ziho0512workout,yanz0510workout,tsenyu0515workout,tsenyu0515workout,db_rdl,1,0,4.0,3.3360530815751934,movement_rate,velocity_proxy,velocity proxy,4,3,3-4,3-4
M4_add_one__movement_rate,ridge,3,haoyu0512workout|hsianshun0514workout|yoru0511workout|yushuan0513workout|ziho0512workout,yanz0510workout,tsenyu0515workout,tsenyu0515workout,db_rdl,1,1,4.0,3.898087370188975,movement_rate,velocity_proxy,velocity proxy,4,4,3-4,3-4
M4_add_one__movement_rate,ridge,3,haoyu0512workout|hsianshun0514workout|yoru0511workout|yushuan0513workout|ziho0512workout,yanz0510workout,tsenyu0515workout,tsenyu0515workout,db_rdl,1,2,4.0,4.614810242625294,movement_rate,velocity_proxy,velocity proxy,4,5,3-4,5-6
M4_add_one__movement_rate,ridge,3,haoyu0512workout|hsianshun0514workout|yoru0511workout|yushuan0513workout|ziho0512workout,yanz0510workout,tsenyu0515workout,tsenyu0515workout,db_rdl,1,3,5.0,5.263276690654554,movement_rate,velocity_proxy,velocity proxy,5,5,5-6,5-6
M4_add_one__movement_rate,ridge,3,haoyu0512workout|hsianshun0514workout|yoru0511workout|yushuan0513workout|ziho0512workout,yanz0510workout,tsenyu0515workout,tsenyu0515workout,db_rdl,1,4,5.0,5.872038948519872,movement_rate,velocity_proxy,velocity proxy,5,6,5-6,5-6
M4_add_one__movement_rate,ridge,3,haoyu0512workout|hsianshun0514workout|yoru0511workout|yushuan0513workout|ziho0512workout,yanz0510workout,tsenyu0515workout,tsenyu0515workout,db_rdl,1,5,6.0,6.363170878773056,movement_rate,velocity_proxy,velocity proxy,6,6,5-6,5-6
M4_add_one__movement_rate,ridge,3,haoyu0512workout|hsianshun0514workout|yoru0511workout|yushuan0513workout|ziho0512workout,yanz0510workout,tsenyu0515workout,tsenyu0515workout,db_rdl,1,6,7.0,7.0058230108262425,movement_rate,velocity_proxy,velocity proxy,7,7,7-8,7-8
M4_add_one__movement_rate,ridge,3,haoyu0512workout|hsianshun0514workout|yoru0511workout|yushuan0513workout|ziho0512workout,yanz0510workout,tsenyu0515workout,tsenyu0515workout,db_rdl,1,7,7.0,7.590352775091384,movement_rate,velocity_proxy,velocity proxy,7,8,7-8,7-8
M4_add_one__movement_rate,ridge,3,haoyu0512workout|hsianshun0514workout|yoru0511workout|yushuan0513workout|ziho0512workout,yanz0510workout,tsenyu0515workout,tsenyu0515workout,db_rdl,1,8,8.0,8.229513220732777,movement_rate,velocity_proxy,velocity proxy,8,8,7-8,7-8
M4_add_one__movement_rate,ridge,3,haoyu0512workout|hsianshun0514workout|yoru0511workout|yushuan0513workout|ziho0512workout,yanz0510workout,tsenyu0515workout,tsenyu0515workout,db_rdl,1,9,9.0,8.83249169243221,movement_rate,velocity_proxy,velocity proxy,9,9,9-10,9-10
M4_add_one__movement_rate,ridge,3,haoyu0512workout|hsianshun0514workout|yoru0511workout|yushuan0513workout|ziho0512workout,yanz0510workout,tsenyu0515workout,tsenyu0515workout,db_rdl,1,10,10.0,9.545654725219997,movement_rate,velocity_proxy,velocity proxy,10,10,9-10,9-10
M4_add_one__movement_rate,ridge,3,haoyu0512workout|hsianshun0514workout|yoru0511workout|yushuan0513workout|ziho0512workout,yanz0510workout,tsenyu0515workout,tsenyu0515workout,db_rdl,2,0,5.0,4.208155373011731,movement_rate,velocity_proxy,velocity proxy,5,4,5-6,3-4
M4_add_one__movement_rate,ridge,3,haoyu0512workout|hsianshun0514workout|yoru0511workout|yushuan0513workout|ziho0512workout,yanz0510workout,tsenyu0515workout,tsenyu0515workout,db_rdl,2,1,5.0,5.016691309919188,movement_rate,velocity_proxy,velocity proxy,5,5,5-6,5-6
M4_add_one__movement_rate,ridge,3,haoyu0512workout|hsianshun0514workout|yoru0511workout|yushuan0513workout|ziho0512workout,yanz0510workout,tsenyu0515workout,tsenyu0515workout,db_rdl,2,2,5.0,5.853576472075241,movement_rate,velocity_proxy,velocity proxy,5,6,5-6,5-6
M4_add_one__movement_rate,ridge,3,haoyu0512workout|hsianshun0514workout|yoru0511workout|yushuan0513workout|ziho0512workout,yanz0510workout,tsenyu0515workout,tsenyu0515workout,db_rdl,2,3,6.0,6.5641152687904025,movement_rate,velocity_proxy,velocity proxy,6,7,5-6,7-8
M4_add_one__movement_rate,ridge,3,haoyu0512workout|hsianshun0514workout|yoru0511workout|yushuan0513workout|ziho0512workout,yanz0510workout,tsenyu0515workout,tsenyu0515workout,db_rdl,2,4,6.0,7.385139461128343,movement_rate,velocity_proxy,velocity proxy,6,7,5-6,7-8
M4_add_one__movement_rate,ridge,3,haoyu0512workout|hsianshun0514workout|yoru0511workout|yushuan0513workout|ziho0512workout,yanz0510workout,tsenyu0515workout,tsenyu0515workout,db_rdl,2,5,6.0,8.291262479431957,movement_rate,velocity_proxy,velocity proxy,6,8,5-6,7-8
M4_add_one__movement_rate,ridge,3,haoyu0512workout|hsianshun0514workout|yoru0511workout|yushuan0513workout|ziho0512workout,yanz0510workout,tsenyu0515workout,tsenyu0515workout,db_rdl,2,6,6.0,8.979168495583833,movement_rate,velocity_proxy,velocity proxy,6,9,5-6,9-10
M4_add_one__movement_rate,ridge,3,haoyu0512workout|hsianshun0514workout|yoru0511workout|yushuan0513workout|ziho0512workout,yanz0510workout,tsenyu0515workout,tsenyu0515workout,db_shoulder_press,0,0,1.0,2.9883192133841856,movement_rate,velocity_proxy,velocity proxy,1,3,1-2,3-4
M4_add_one__movement_rate,ridge,3,haoyu0512workout|hsianshun0514workout|yoru0511workout|yushuan0513workout|ziho0512workout,yanz0510workout,tsenyu0515workout,tsenyu0515workout,db_shoulder_press,0,1,1.0,3.3686986483833703,movement_rate,velocity_proxy,velocity proxy,1,3,1-2,3-4
M4_add_one__movement_rate,ridge,3,haoyu0512workout|hsianshun0514workout|yoru0511workout|yushuan0513workout|ziho0512workout,yanz0510workout,tsenyu0515workout,tsenyu0515workout,db_shoulder_press,0,2,1.0,3.741902688185662,movement_rate,velocity_proxy,velocity proxy,1,4,1-2,3-4
M4_add_one__movement_rate,ridge,3,haoyu0512workout|hsianshun0514workout|yoru0511workout|yushuan0513workout|ziho0512workout,yanz0510workout,tsenyu0515workout,tsenyu0515workout,db_shoulder_press,0,3,2.0,4.224176565581759,movement_rate,velocity_proxy,velocity proxy,2,4,1-2,3-4
M4_add_one__movement_rate,ridge,3,haoyu0512workout|hsianshun0514workout|yoru0511workout|yushuan0513workout|ziho0512workout,yanz0510workout,tsenyu0515workout,tsenyu0515workout,db_shoulder_press,0,4,2.0,4.729329714694894,movement_rate,velocity_proxy,velocity proxy,2,5,1-2,5-6
M4_add_one__movement_rate,ridge,3,haoyu0512workout|hsianshun0514workout|yoru0511workout|yushuan0513workout|ziho0512workout,yanz0510workout,tsenyu0515workout,tsenyu0515workout,db_shoulder_press,0,5,2.0,5.212111296579516,movement_rate,velocity_proxy,velocity proxy,2,5,1-2,5-6
M4_add_one__movement_rate,ridge,3,haoyu0512workout|hsianshun0514workout|yoru0511workout|yushuan0513workout|ziho0512workout,yanz0510workout,tsenyu0515workout,tsenyu0515workout,db_shoulder_press,0,6,3.0,5.664732837120251,movement_rate,velocity_proxy,velocity proxy,3,6,3-4,5-6
M4_add_one__movement_rate,ridge,3,haoyu0512workout|hsianshun0514workout|yoru0511workout|yushuan0513workout|ziho0512workout,yanz0510workout,tsenyu0515workout,tsenyu0515workout,db_shoulder_press,0,7,3.0,6.161572810590101,movement_rate,velocity_proxy,velocity proxy,3,6,3-4,5-6
M4_add_one__movement_rate,ridge,3,haoyu0512workout|hsianshun0514workout|yoru0511workout|yushuan0513workout|ziho0512workout,yanz0510workout,tsenyu0515workout,tsenyu0515workout,db_shoulder_press,0,8,4.0,6.484857666119315,movement_rate,velocity_proxy,velocity proxy,4,6,3-4,5-6
M4_add_one__movement_rate,ridge,3,haoyu0512workout|hsianshun0514workout|yoru0511workout|yushuan0513workout|ziho0512workout,yanz0510workout,tsenyu0515workout,tsenyu0515workout,db_shoulder_press,0,9,4.0,6.965882210533206,movement_rate,velocity_proxy,velocity proxy,4,7,3-4,7-8
M4_add_one__movement_rate,ridge,3,haoyu0512workout|hsianshun0514workout|yoru0511workout|yushuan0513workout|ziho0512workout,yanz0510workout,tsenyu0515workout,tsenyu0515workout,db_shoulder_press,0,10,5.0,7.462640513561663,movement_rate,velocity_proxy,velocity proxy,5,7,5-6,7-8
M4_add_one__movement_rate,ridge,3,haoyu0512workout|hsianshun0514workout|yoru0511workout|yushuan0513workout|ziho0512workout,yanz0510workout,tsenyu0515workout,tsenyu0515workout,db_shoulder_press,0,11,5.0,7.836198626694109,movement_rate,velocity_proxy,velocity proxy,5,8,5-6,7-8
M4_add_one__movement_rate,ridge,3,haoyu0512workout|hsianshun0514workout|yoru0511workout|yushuan0513workout|ziho0512workout,yanz0510workout,tsenyu0515workout,tsenyu0515workout,db_shoulder_press,1,0,4.0,3.6682676941164343,movement_rate,velocity_proxy,velocity proxy,4,4,3-4,3-4
M4_add_one__movement_rate,ridge,3,haoyu0512workout|hsianshun0514workout|yoru0511workout|yushuan0513workout|ziho0512workout,yanz0510workout,tsenyu0515workout,tsenyu0515workout,db_shoulder_press,1,1,4.0,4.1877229926024455,movement_rate,velocity_proxy,velocity proxy,4,4,3-4,3-4
M4_add_one__movement_rate,ridge,3,haoyu0512workout|hsianshun0514workout|yoru0511workout|yushuan0513workout|ziho0512workout,yanz0510workout,tsenyu0515workout,tsenyu0515workout,db_shoulder_press,1,2,4.0,4.635132543929528,movement_rate,velocity_proxy,velocity proxy,4,5,3-4,5-6
M4_add_one__movement_rate,ridge,3,haoyu0512workout|hsianshun0514workout|yoru0511workout|yushuan0513workout|ziho0512workout,yanz0510workout,tsenyu0515workout,tsenyu0515workout,db_shoulder_press,1,3,5.0,5.233130671472529,movement_rate,velocity_proxy,velocity proxy,5,5,5-6,5-6
M4_add_one__movement_rate,ridge,3,haoyu0512workout|hsianshun0514workout|yoru0511workout|yushuan0513workout|ziho0512workout,yanz0510workout,tsenyu0515workout,tsenyu0515workout,db_shoulder_press,1,4,5.0,5.890313333747867,movement_rate,velocity_proxy,velocity proxy,5,6,5-6,5-6
M4_add_one__movement_rate,ridge,3,haoyu0512workout|hsianshun0514workout|yoru0511workout|yushuan0513workout|ziho0512workout,yanz0510workout,tsenyu0515workout,tsenyu0515workout,db_shoulder_press,1,5,5.0,6.126355429510591,movement_rate,velocity_proxy,velocity proxy,5,6,5-6,5-6
M4_add_one__movement_rate,ridge,3,haoyu0512workout|hsianshun0514workout|yoru0511workout|yushuan0513workout|ziho0512workout,yanz0510workout,tsenyu0515workout,tsenyu0515workout,db_shoulder_press,1,6,6.0,6.614314059880216,movement_rate,velocity_proxy,velocity proxy,6,7,5-6,7-8
M4_add_one__movement_rate,ridge,3,haoyu0512workout|hsianshun0514workout|yoru0511workout|yushuan0513workout|ziho0512workout,yanz0510workout,tsenyu0515workout,tsenyu0515workout,db_shoulder_press,1,7,6.0,7.244549349833982,movement_rate,velocity_proxy,velocity proxy,6,7,5-6,7-8
M4_add_one__movement_rate,ridge,3,haoyu0512workout|hsianshun0514workout|yoru0511workout|yushuan0513workout|ziho0512workout,yanz0510workout,tsenyu0515workout,tsenyu0515workout,db_shoulder_press,1,8,7.0,7.520040740268344,movement_rate,velocity_proxy,velocity proxy,7,8,7-8,7-8
M4_add_one__movement_rate,ridge,3,haoyu0512workout|hsianshun0514workout|yoru0511workout|yushuan0513workout|ziho0512workout,yanz0510workout,tsenyu0515workout,tsenyu0515workout,db_shoulder_press,1,9,7.0,8.054740034166365,movement_rate,velocity_proxy,velocity proxy,7,8,7-8,7-8
M4_add_one__movement_rate,ridge,3,haoyu0512workout|hsianshun0514workout|yoru0511workout|yushuan0513workout|ziho0512workout,yanz0510workout,tsenyu0515workout,tsenyu0515workout,db_shoulder_press,1,10,8.0,8.590279788670806,movement_rate,velocity_proxy,velocity proxy,8,9,7-8,9-10
M4_add_one__movement_rate,ridge,3,haoyu0512workout|hsianshun0514workout|yoru0511workout|yushuan0513workout|ziho0512workout,yanz0510workout,tsenyu0515workout,tsenyu0515workout,db_shoulder_press,1,11,8.0,8.908340884024563,movement_rate,velocity_proxy,velocity proxy,8,9,7-8,9-10
M4_add_one__movement_rate,ridge,3,haoyu0512workout|hsianshun0514workout|yoru0511workout|yushuan0513workout|ziho0512workout,yanz0510workout,tsenyu0515workout,tsenyu0515workout,db_shoulder_press,2,0,5.0,4.66706552870678,movement_rate,velocity_proxy,velocity proxy,5,5,5-6,5-6
M4_add_one__movement_rate,ridge,3,haoyu0512workout|hsianshun0514workout|yoru0511workout|yushuan0513workout|ziho0512workout,yanz0510workout,tsenyu0515workout,tsenyu0515workout,db_shoulder_press,2,1,5.0,5.1992863901994015,movement_rate,velocity_proxy,velocity proxy,5,5,5-6,5-6
M4_add_one__movement_rate,ridge,3,haoyu0512workout|hsianshun0514workout|yoru0511workout|yushuan0513workout|ziho0512workout,yanz0510workout,tsenyu0515workout,tsenyu0515workout,db_shoulder_press,2,2,5.0,5.748834542708732,movement_rate,velocity_proxy,velocity proxy,5,6,5-6,5-6
M4_add_one__movement_rate,ridge,3,haoyu0512workout|hsianshun0514workout|yoru0511workout|yushuan0513workout|ziho0512workout,yanz0510workout,tsenyu0515workout,tsenyu0515workout,db_shoulder_press,2,3,5.0,6.241940587270337,movement_rate,velocity_proxy,velocity proxy,5,6,5-6,5-6
M4_add_one__movement_rate,ridge,3,haoyu0512workout|hsianshun0514workout|yoru0511workout|yushuan0513workout|ziho0512workout,yanz0510workout,tsenyu0515workout,tsenyu0515workout,db_shoulder_press,2,4,6.0,6.7256117082929565,movement_rate,velocity_proxy,velocity proxy,6,7,5-6,7-8
M4_add_one__movement_rate,ridge,3,haoyu0512workout|hsianshun0514workout|yoru0511workout|yushuan0513workout|ziho0512workout,yanz0510workout,tsenyu0515workout,tsenyu0515workout,db_shoulder_press,2,5,6.0,7.313785561709835,movement_rate,velocity_proxy,velocity proxy,6,7,5-6,7-8
M4_add_one__movement_rate,ridge,3,haoyu0512workout|hsianshun0514workout|yoru0511workout|yushuan0513workout|ziho0512workout,yanz0510workout,tsenyu0515workout,tsenyu0515workout,db_shoulder_press,2,6,6.0,7.682137056059253,movement_rate,velocity_proxy,velocity proxy,6,8,5-6,7-8
M4_add_one__movement_rate,ridge,3,haoyu0512workout|hsianshun0514workout|yoru0511workout|yushuan0513workout|ziho0512workout,yanz0510workout,tsenyu0515workout,tsenyu0515workout,db_shoulder_press,2,7,7.0,8.102123135915345,movement_rate,velocity_proxy,velocity proxy,7,8,7-8,7-8
M4_add_one__movement_rate,ridge,3,haoyu0512workout|hsianshun0514workout|yoru0511workout|yushuan0513workout|ziho0512workout,yanz0510workout,tsenyu0515workout,tsenyu0515workout,db_shoulder_press,2,8,7.0,8.609462783556772,movement_rate,velocity_proxy,velocity proxy,7,9,7-8,9-10
M4_add_one__movement_rate,ridge,3,haoyu0512workout|hsianshun0514workout|yoru0511workout|yushuan0513workout|ziho0512workout,yanz0510workout,tsenyu0515workout,tsenyu0515workout,db_shoulder_press,2,9,7.0,9.138848245688337,movement_rate,velocity_proxy,velocity proxy,7,9,7-8,9-10
M4_add_one__movement_rate,ridge,3,haoyu0512workout|hsianshun0514workout|yoru0511workout|yushuan0513workout|ziho0512workout,yanz0510workout,tsenyu0515workout,tsenyu0515workout,db_shoulder_press,2,10,8.0,9.49261744816965,movement_rate,velocity_proxy,velocity proxy,8,9,7-8,9-10
M4_add_one__movement_rate,ridge,3,haoyu0512workout|hsianshun0514workout|yoru0511workout|yushuan0513workout|ziho0512workout,yanz0510workout,tsenyu0515workout,tsenyu0515workout,db_shoulder_press,2,11,9.0,9.940102022537324,movement_rate,velocity_proxy,velocity proxy,9,10,9-10,9-10
M4_add_one__movement_rate,ridge,3,haoyu0512workout|hsianshun0514workout|yoru0511workout|yushuan0513workout|ziho0512workout,yanz0510workout,tsenyu0515workout,tsenyu0515workout,db_squat,1,0,1.0,2.948244869298824,movement_rate,velocity_proxy,velocity proxy,1,3,1-2,3-4
M4_add_one__movement_rate,ridge,3,haoyu0512workout|hsianshun0514workout|yoru0511workout|yushuan0513workout|ziho0512workout,yanz0510workout,tsenyu0515workout,tsenyu0515workout,db_squat,1,1,1.0,3.4567583758716443,movement_rate,velocity_proxy,velocity proxy,1,3,1-2,3-4
M4_add_one__movement_rate,ridge,3,haoyu0512workout|hsianshun0514workout|yoru0511workout|yushuan0513workout|ziho0512workout,yanz0510workout,tsenyu0515workout,tsenyu0515workout,db_squat,1,2,1.0,3.825992514034747,movement_rate,velocity_proxy,velocity proxy,1,4,1-2,3-4
M4_add_one__movement_rate,ridge,3,haoyu0512workout|hsianshun0514workout|yoru0511workout|yushuan0513workout|ziho0512workout,yanz0510workout,tsenyu0515workout,tsenyu0515workout,db_squat,1,3,2.0,4.335635251587394,movement_rate,velocity_proxy,velocity proxy,2,4,1-2,3-4
M4_add_one__movement_rate,ridge,3,haoyu0512workout|hsianshun0514workout|yoru0511workout|yushuan0513workout|ziho0512workout,yanz0510workout,tsenyu0515workout,tsenyu0515workout,db_squat,1,4,2.0,4.7069779928626705,movement_rate,velocity_proxy,velocity proxy,2,5,1-2,5-6
M4_add_one__movement_rate,ridge,3,haoyu0512workout|hsianshun0514workout|yoru0511workout|yushuan0513workout|ziho0512workout,yanz0510workout,tsenyu0515workout,tsenyu0515workout,db_squat,1,5,2.0,5.280378128810597,movement_rate,velocity_proxy,velocity proxy,2,5,1-2,5-6
M4_add_one__movement_rate,ridge,3,haoyu0512workout|hsianshun0514workout|yoru0511workout|yushuan0513workout|ziho0512workout,yanz0510workout,tsenyu0515workout,tsenyu0515workout,db_squat,1,6,2.0,5.6282730896111675,movement_rate,velocity_proxy,velocity proxy,2,6,1-2,5-6
M4_add_one__movement_rate,ridge,3,haoyu0512workout|hsianshun0514workout|yoru0511workout|yushuan0513workout|ziho0512workout,yanz0510workout,tsenyu0515workout,tsenyu0515workout,db_squat,1,7,3.0,6.120927348626724,movement_rate,velocity_proxy,velocity proxy,3,6,3-4,5-6
M4_add_one__movement_rate,ridge,3,haoyu0512workout|hsianshun0514workout|yoru0511workout|yushuan0513workout|ziho0512workout,yanz0510workout,tsenyu0515workout,tsenyu0515workout,db_squat,1,8,3.0,6.619200149368224,movement_rate,velocity_proxy,velocity proxy,3,7,3-4,7-8
M4_add_one__movement_rate,ridge,3,haoyu0512workout|hsianshun0514workout|yoru0511workout|yushuan0513workout|ziho0512workout,yanz0510workout,tsenyu0515workout,tsenyu0515workout,db_squat,1,9,3.0,7.087047742709531,movement_rate,velocity_proxy,velocity proxy,3,7,3-4,7-8
M4_add_one__movement_rate,ridge,3,haoyu0512workout|hsianshun0514workout|yoru0511workout|yushuan0513workout|ziho0512workout,yanz0510workout,tsenyu0515workout,tsenyu0515workout,db_squat,1,10,4.0,7.470101316097016,movement_rate,velocity_proxy,velocity proxy,4,7,3-4,7-8
M4_add_one__movement_rate,ridge,3,haoyu0512workout|hsianshun0514workout|yoru0511workout|yushuan0513workout|ziho0512workout,yanz0510workout,tsenyu0515workout,tsenyu0515workout,db_squat,1,11,4.0,7.9189961469658146,movement_rate,velocity_proxy,velocity proxy,4,8,3-4,7-8
M4_add_one__movement_rate,ridge,3,haoyu0512workout|hsianshun0514workout|yoru0511workout|yushuan0513workout|ziho0512workout,yanz0510workout,tsenyu0515workout,tsenyu0515workout,db_squat,2,0,4.0,4.0952589638616415,movement_rate,velocity_proxy,velocity proxy,4,4,3-4,3-4
M4_add_one__movement_rate,ridge,3,haoyu0512workout|hsianshun0514workout|yoru0511workout|yushuan0513workout|ziho0512workout,yanz0510workout,tsenyu0515workout,tsenyu0515workout,db_squat,2,1,4.0,4.694549019235612,movement_rate,velocity_proxy,velocity proxy,4,5,3-4,5-6
M4_add_one__movement_rate,ridge,3,haoyu0512workout|hsianshun0514workout|yoru0511workout|yushuan0513workout|ziho0512workout,yanz0510workout,tsenyu0515workout,tsenyu0515workout,db_squat,2,2,4.0,4.971475396181285,movement_rate,velocity_proxy,velocity proxy,4,5,3-4,5-6
M4_add_one__movement_rate,ridge,3,haoyu0512workout|hsianshun0514workout|yoru0511workout|yushuan0513workout|ziho0512workout,yanz0510workout,tsenyu0515workout,tsenyu0515workout,db_squat,2,3,4.0,5.603618322626345,movement_rate,velocity_proxy,velocity proxy,4,6,3-4,5-6
M4_add_one__movement_rate,ridge,3,haoyu0512workout|hsianshun0514workout|yoru0511workout|yushuan0513workout|ziho0512workout,yanz0510workout,tsenyu0515workout,tsenyu0515workout,db_squat,2,4,5.0,5.946464835789179,movement_rate,velocity_proxy,velocity proxy,5,6,5-6,5-6
M4_add_one__movement_rate,ridge,3,haoyu0512workout|hsianshun0514workout|yoru0511workout|yushuan0513workout|ziho0512workout,yanz0510workout,tsenyu0515workout,tsenyu0515workout,db_squat,2,5,5.0,6.339047869091283,movement_rate,velocity_proxy,velocity proxy,5,6,5-6,5-6
M4_add_one__movement_rate,ridge,3,haoyu0512workout|hsianshun0514workout|yoru0511workout|yushuan0513workout|ziho0512workout,yanz0510workout,tsenyu0515workout,tsenyu0515workout,db_squat,2,6,5.0,6.887291242831883,movement_rate,velocity_proxy,velocity proxy,5,7,5-6,7-8
M4_add_one__movement_rate,ridge,3,haoyu0512workout|hsianshun0514workout|yoru0511workout|yushuan0513workout|ziho0512workout,yanz0510workout,tsenyu0515workout,tsenyu0515workout,db_squat,2,7,5.0,7.238784740116354,movement_rate,velocity_proxy,velocity proxy,5,7,5-6,7-8
M4_add_one__movement_rate,ridge,3,haoyu0512workout|hsianshun0514workout|yoru0511workout|yushuan0513workout|ziho0512workout,yanz0510workout,tsenyu0515workout,tsenyu0515workout,db_squat,2,8,5.0,7.740947092153423,movement_rate,velocity_proxy,velocity proxy,5,8,5-6,7-8
M4_add_one__movement_rate,ridge,3,haoyu0512workout|hsianshun0514workout|yoru0511workout|yushuan0513workout|ziho0512workout,yanz0510workout,tsenyu0515workout,tsenyu0515workout,db_squat,2,9,5.0,7.891415798256395,movement_rate,velocity_proxy,velocity proxy,5,8,5-6,7-8
M4_add_one__movement_rate,ridge,3,haoyu0512workout|hsianshun0514workout|yoru0511workout|yushuan0513workout|ziho0512workout,yanz0510workout,tsenyu0515workout,tsenyu0515workout,db_squat,2,10,5.0,8.629202787561523,movement_rate,velocity_proxy,velocity proxy,5,9,5-6,9-10
M4_add_one__movement_rate,ridge,3,haoyu0512workout|hsianshun0514workout|yoru0511workout|yushuan0513workout|ziho0512workout,yanz0510workout,tsenyu0515workout,tsenyu0515workout,db_squat,2,11,6.0,8.840106656875545,movement_rate,velocity_proxy,velocity proxy,6,9,5-6,9-10
M4_add_one__movement_rate,ridge,3,haoyu0512workout|hsianshun0514workout|yoru0511workout|yushuan0513workout|ziho0512workout,yanz0510workout,tsenyu0515workout,tsenyu0515workout,db_squat,3,0,4.0,4.986980002950983,movement_rate,velocity_proxy,velocity proxy,4,5,3-4,5-6
M4_add_one__movement_rate,ridge,3,haoyu0512workout|hsianshun0514workout|yoru0511workout|yushuan0513workout|ziho0512workout,yanz0510workout,tsenyu0515workout,tsenyu0515workout,db_squat,3,1,4.0,5.326659108461102,movement_rate,velocity_proxy,velocity proxy,4,5,3-4,5-6
M4_add_one__movement_rate,ridge,3,haoyu0512workout|hsianshun0514workout|yoru0511workout|yushuan0513workout|ziho0512workout,yanz0510workout,tsenyu0515workout,tsenyu0515workout,db_squat,3,2,4.0,5.830488434627471,movement_rate,velocity_proxy,velocity proxy,4,6,3-4,5-6
M4_add_one__movement_rate,ridge,3,haoyu0512workout|hsianshun0514workout|yoru0511workout|yushuan0513workout|ziho0512workout,yanz0510workout,tsenyu0515workout,tsenyu0515workout,db_squat,3,3,4.0,6.1503904572039785,movement_rate,velocity_proxy,velocity proxy,4,6,3-4,5-6
M4_add_one__movement_rate,ridge,3,haoyu0512workout|hsianshun0514workout|yoru0511workout|yushuan0513workout|ziho0512workout,yanz0510workout,tsenyu0515workout,tsenyu0515workout,db_squat,3,4,4.0,6.5110164001445145,movement_rate,velocity_proxy,velocity proxy,4,7,3-4,7-8
M4_add_one__movement_rate,ridge,3,haoyu0512workout|hsianshun0514workout|yoru0511workout|yushuan0513workout|ziho0512workout,yanz0510workout,tsenyu0515workout,tsenyu0515workout,db_squat,3,5,4.0,6.914521235004731,movement_rate,velocity_proxy,velocity proxy,4,7,3-4,7-8
M4_add_one__movement_rate,ridge,3,haoyu0512workout|hsianshun0514workout|yoru0511workout|yushuan0513workout|ziho0512workout,yanz0510workout,tsenyu0515workout,tsenyu0515workout,db_squat,3,6,4.0,7.378846826910393,movement_rate,velocity_proxy,velocity proxy,4,7,3-4,7-8
M4_add_one__movement_rate,ridge,3,haoyu0512workout|hsianshun0514workout|yoru0511workout|yushuan0513workout|ziho0512workout,yanz0510workout,tsenyu0515workout,tsenyu0515workout,db_squat,3,7,4.0,7.769208962915571,movement_rate,velocity_proxy,velocity proxy,4,8,3-4,7-8
M4_add_one__movement_rate,ridge,3,haoyu0512workout|hsianshun0514workout|yoru0511workout|yushuan0513workout|ziho0512workout,yanz0510workout,tsenyu0515workout,tsenyu0515workout,db_squat,3,8,4.0,8.17911961305844,movement_rate,velocity_proxy,velocity proxy,4,8,3-4,7-8
M4_add_one__movement_rate,ridge,3,haoyu0512workout|hsianshun0514workout|yoru0511workout|yushuan0513workout|ziho0512workout,yanz0510workout,tsenyu0515workout,tsenyu0515workout,db_squat,3,9,4.0,8.648281340390119,movement_rate,velocity_proxy,velocity proxy,4,9,3-4,9-10
M4_add_one__movement_rate,ridge,3,haoyu0512workout|hsianshun0514workout|yoru0511workout|yushuan0513workout|ziho0512workout,yanz0510workout,tsenyu0515workout,tsenyu0515workout,db_squat,3,10,5.0,8.98429814466823,movement_rate,velocity_proxy,velocity proxy,5,9,5-6,9-10
M4_add_one__movement_rate,ridge,3,haoyu0512workout|hsianshun0514workout|yoru0511workout|yushuan0513workout|ziho0512workout,yanz0510workout,tsenyu0515workout,tsenyu0515workout,db_squat,3,11,5.0,9.378334418718028,movement_rate,velocity_proxy,velocity proxy,5,9,5-6,9-10
M4_add_one__movement_rate,ridge,3,haoyu0512workout|hsianshun0514workout|yoru0511workout|yushuan0513workout|ziho0512workout,yanz0510workout,tsenyu0515workout,tsenyu0515workout,db_triceps_curl,0,0,1.0,2.1923269319112357,movement_rate,velocity_proxy,velocity proxy,1,2,1-2,1-2
M4_add_one__movement_rate,ridge,3,haoyu0512workout|hsianshun0514workout|yoru0511workout|yushuan0513workout|ziho0512workout,yanz0510workout,tsenyu0515workout,tsenyu0515workout,db_triceps_curl,0,1,1.0,2.7287185706805146,movement_rate,velocity_proxy,velocity proxy,1,3,1-2,3-4
M4_add_one__movement_rate,ridge,3,haoyu0512workout|hsianshun0514workout|yoru0511workout|yushuan0513workout|ziho0512workout,yanz0510workout,tsenyu0515workout,tsenyu0515workout,db_triceps_curl,0,2,1.0,3.0609596308385543,movement_rate,velocity_proxy,velocity proxy,1,3,1-2,3-4
M4_add_one__movement_rate,ridge,3,haoyu0512workout|hsianshun0514workout|yoru0511workout|yushuan0513workout|ziho0512workout,yanz0510workout,tsenyu0515workout,tsenyu0515workout,db_triceps_curl,0,3,1.0,3.466866206812494,movement_rate,velocity_proxy,velocity proxy,1,3,1-2,3-4
M4_add_one__movement_rate,ridge,3,haoyu0512workout|hsianshun0514workout|yoru0511workout|yushuan0513workout|ziho0512workout,yanz0510workout,tsenyu0515workout,tsenyu0515workout,db_triceps_curl,0,4,2.0,3.91301903751529,movement_rate,velocity_proxy,velocity proxy,2,4,1-2,3-4
M4_add_one__movement_rate,ridge,3,haoyu0512workout|hsianshun0514workout|yoru0511workout|yushuan0513workout|ziho0512workout,yanz0510workout,tsenyu0515workout,tsenyu0515workout,db_triceps_curl,0,5,2.0,4.486445067278158,movement_rate,velocity_proxy,velocity proxy,2,4,1-2,3-4
M4_add_one__movement_rate,ridge,3,haoyu0512workout|hsianshun0514workout|yoru0511workout|yushuan0513workout|ziho0512workout,yanz0510workout,tsenyu0515workout,tsenyu0515workout,db_triceps_curl,0,6,2.0,4.762387374412512,movement_rate,velocity_proxy,velocity proxy,2,5,1-2,5-6
M4_add_one__movement_rate,ridge,3,haoyu0512workout|hsianshun0514workout|yoru0511workout|yushuan0513workout|ziho0512workout,yanz0510workout,tsenyu0515workout,tsenyu0515workout,db_triceps_curl,0,7,3.0,5.259063506361832,movement_rate,velocity_proxy,velocity proxy,3,5,3-4,5-6
M4_add_one__movement_rate,ridge,3,haoyu0512workout|hsianshun0514workout|yoru0511workout|yushuan0513workout|ziho0512workout,yanz0510workout,tsenyu0515workout,tsenyu0515workout,db_triceps_curl,0,8,3.0,5.631889129160755,movement_rate,velocity_proxy,velocity proxy,3,6,3-4,5-6
M4_add_one__movement_rate,ridge,3,haoyu0512workout|hsianshun0514workout|yoru0511workout|yushuan0513workout|ziho0512workout,yanz0510workout,tsenyu0515workout,tsenyu0515workout,db_triceps_curl,0,9,3.0,5.920361593540085,movement_rate,velocity_proxy,velocity proxy,3,6,3-4,5-6
M4_add_one__movement_rate,ridge,3,haoyu0512workout|hsianshun0514workout|yoru0511workout|yushuan0513workout|ziho0512workout,yanz0510workout,tsenyu0515workout,tsenyu0515workout,db_triceps_curl,0,10,4.0,6.443932258802192,movement_rate,velocity_proxy,velocity proxy,4,6,3-4,5-6
M4_add_one__movement_rate,ridge,3,haoyu0512workout|hsianshun0514workout|yoru0511workout|yushuan0513workout|ziho0512workout,yanz0510workout,tsenyu0515workout,tsenyu0515workout,db_triceps_curl,0,11,4.0,6.842839774220735,movement_rate,velocity_proxy,velocity proxy,4,7,3-4,7-8
M4_add_one__movement_rate,ridge,3,haoyu0512workout|hsianshun0514workout|yoru0511workout|yushuan0513workout|ziho0512workout,yanz0510workout,tsenyu0515workout,tsenyu0515workout,db_triceps_curl,1,0,4.0,3.299023071332051,movement_rate,velocity_proxy,velocity proxy,4,3,3-4,3-4
M4_add_one__movement_rate,ridge,3,haoyu0512workout|hsianshun0514workout|yoru0511workout|yushuan0513workout|ziho0512workout,yanz0510workout,tsenyu0515workout,tsenyu0515workout,db_triceps_curl,1,1,4.0,3.5561602077621557,movement_rate,velocity_proxy,velocity proxy,4,4,3-4,3-4
M4_add_one__movement_rate,ridge,3,haoyu0512workout|hsianshun0514workout|yoru0511workout|yushuan0513workout|ziho0512workout,yanz0510workout,tsenyu0515workout,tsenyu0515workout,db_triceps_curl,1,2,4.0,3.9584564949084777,movement_rate,velocity_proxy,velocity proxy,4,4,3-4,3-4
M4_add_one__movement_rate,ridge,3,haoyu0512workout|hsianshun0514workout|yoru0511workout|yushuan0513workout|ziho0512workout,yanz0510workout,tsenyu0515workout,tsenyu0515workout,db_triceps_curl,1,3,4.0,4.444833683938226,movement_rate,velocity_proxy,velocity proxy,4,4,3-4,3-4
M4_add_one__movement_rate,ridge,3,haoyu0512workout|hsianshun0514workout|yoru0511workout|yushuan0513workout|ziho0512workout,yanz0510workout,tsenyu0515workout,tsenyu0515workout,db_triceps_curl,1,4,4.0,4.8484127486726605,movement_rate,velocity_proxy,velocity proxy,4,5,3-4,5-6
M4_add_one__movement_rate,ridge,3,haoyu0512workout|hsianshun0514workout|yoru0511workout|yushuan0513workout|ziho0512workout,yanz0510workout,tsenyu0515workout,tsenyu0515workout,db_triceps_curl,1,5,4.0,5.264824025861234,movement_rate,velocity_proxy,velocity proxy,4,5,3-4,5-6
M4_add_one__movement_rate,ridge,3,haoyu0512workout|hsianshun0514workout|yoru0511workout|yushuan0513workout|ziho0512workout,yanz0510workout,tsenyu0515workout,tsenyu0515workout,db_triceps_curl,1,6,5.0,5.776785671303523,movement_rate,velocity_proxy,velocity proxy,5,6,5-6,5-6
M4_add_one__movement_rate,ridge,3,haoyu0512workout|hsianshun0514workout|yoru0511workout|yushuan0513workout|ziho0512workout,yanz0510workout,tsenyu0515workout,tsenyu0515workout,db_triceps_curl,1,7,5.0,6.161649569014017,movement_rate,velocity_proxy,velocity proxy,5,6,5-6,5-6
M4_add_one__movement_rate,ridge,3,haoyu0512workout|hsianshun0514workout|yoru0511workout|yushuan0513workout|ziho0512workout,yanz0510workout,tsenyu0515workout,tsenyu0515workout,db_triceps_curl,1,8,5.0,6.55932119192868,movement_rate,velocity_proxy,velocity proxy,5,7,5-6,7-8
M4_add_one__movement_rate,ridge,3,haoyu0512workout|hsianshun0514workout|yoru0511workout|yushuan0513workout|ziho0512workout,yanz0510workout,tsenyu0515workout,tsenyu0515workout,db_triceps_curl,1,9,5.0,6.991212567164446,movement_rate,velocity_proxy,velocity proxy,5,7,5-6,7-8
M4_add_one__movement_rate,ridge,3,haoyu0512workout|hsianshun0514workout|yoru0511workout|yushuan0513workout|ziho0512workout,yanz0510workout,tsenyu0515workout,tsenyu0515workout,db_triceps_curl,1,10,6.0,7.433113090234905,movement_rate,velocity_proxy,velocity proxy,6,7,5-6,7-8
M4_add_one__movement_rate,ridge,3,haoyu0512workout|hsianshun0514workout|yoru0511workout|yushuan0513workout|ziho0512workout,yanz0510workout,tsenyu0515workout,tsenyu0515workout,db_triceps_curl,1,11,6.0,7.900784077346381,movement_rate,velocity_proxy,velocity proxy,6,8,5-6,7-8
M4_add_one__movement_rate,ridge,3,haoyu0512workout|hsianshun0514workout|yoru0511workout|yushuan0513workout|ziho0512workout,yanz0510workout,tsenyu0515workout,tsenyu0515workout,db_triceps_curl,2,0,5.0,4.342714194560303,movement_rate,velocity_proxy,velocity proxy,5,4,5-6,3-4
M4_add_one__movement_rate,ridge,3,haoyu0512workout|hsianshun0514workout|yoru0511workout|yushuan0513workout|ziho0512workout,yanz0510workout,tsenyu0515workout,tsenyu0515workout,db_triceps_curl,2,1,5.0,4.572112318565396,movement_rate,velocity_proxy,velocity proxy,5,5,5-6,5-6
M4_add_one__movement_rate,ridge,3,haoyu0512workout|hsianshun0514workout|yoru0511workout|yushuan0513workout|ziho0512workout,yanz0510workout,tsenyu0515workout,tsenyu0515workout,db_triceps_curl,2,2,5.0,5.16973016993444,movement_rate,velocity_proxy,velocity proxy,5,5,5-6,5-6
M4_add_one__movement_rate,ridge,3,haoyu0512workout|hsianshun0514workout|yoru0511workout|yushuan0513workout|ziho0512workout,yanz0510workout,tsenyu0515workout,tsenyu0515workout,db_triceps_curl,2,3,5.0,5.552214187278123,movement_rate,velocity_proxy,velocity proxy,5,6,5-6,5-6
M4_add_one__movement_rate,ridge,3,haoyu0512workout|hsianshun0514workout|yoru0511workout|yushuan0513workout|ziho0512workout,yanz0510workout,tsenyu0515workout,tsenyu0515workout,db_triceps_curl,2,4,5.0,5.952299610267828,movement_rate,velocity_proxy,velocity proxy,5,6,5-6,5-6
M4_add_one__movement_rate,ridge,3,haoyu0512workout|hsianshun0514workout|yoru0511workout|yushuan0513workout|ziho0512workout,yanz0510workout,tsenyu0515workout,tsenyu0515workout,db_triceps_curl,2,5,5.0,6.390354566898837,movement_rate,velocity_proxy,velocity proxy,5,6,5-6,5-6
M4_add_one__movement_rate,ridge,3,haoyu0512workout|hsianshun0514workout|yoru0511workout|yushuan0513workout|ziho0512workout,yanz0510workout,tsenyu0515workout,tsenyu0515workout,db_triceps_curl,2,6,6.0,6.9264797799804265,movement_rate,velocity_proxy,velocity proxy,6,7,5-6,7-8
M4_add_one__movement_rate,ridge,3,haoyu0512workout|hsianshun0514workout|yoru0511workout|yushuan0513workout|ziho0512workout,yanz0510workout,tsenyu0515workout,tsenyu0515workout,db_triceps_curl,2,7,6.0,7.258125342262575,movement_rate,velocity_proxy,velocity proxy,6,7,5-6,7-8
M4_add_one__movement_rate,ridge,3,haoyu0512workout|hsianshun0514workout|yoru0511workout|yushuan0513workout|ziho0512workout,yanz0510workout,tsenyu0515workout,tsenyu0515workout,db_triceps_curl,2,8,6.0,7.651093140841107,movement_rate,velocity_proxy,velocity proxy,6,8,5-6,7-8
M4_add_one__movement_rate,ridge,3,haoyu0512workout|hsianshun0514workout|yoru0511workout|yushuan0513workout|ziho0512workout,yanz0510workout,tsenyu0515workout,tsenyu0515workout,db_triceps_curl,2,9,6.0,8.028051105379719,movement_rate,velocity_proxy,velocity proxy,6,8,5-6,7-8
M4_add_one__movement_rate,ridge,3,haoyu0512workout|hsianshun0514workout|yoru0511workout|yushuan0513workout|ziho0512workout,yanz0510workout,tsenyu0515workout,tsenyu0515workout,db_triceps_curl,2,10,6.0,8.56138248358765,movement_rate,velocity_proxy,velocity proxy,6,9,5-6,9-10
M4_add_one__movement_rate,ridge,3,haoyu0512workout|hsianshun0514workout|yoru0511workout|yushuan0513workout|ziho0512workout,yanz0510workout,tsenyu0515workout,tsenyu0515workout,db_triceps_curl,2,11,7.0,8.943013477460067,movement_rate,velocity_proxy,velocity proxy,7,9,7-8,9-10
M4_add_one__movement_rate,ridge,3,haoyu0512workout|hsianshun0514workout|yoru0511workout|yushuan0513workout|ziho0512workout,yanz0510workout,tsenyu0515workout,tsenyu0515workout,db_weighted_crunch,0,0,1.0,1.2093651836162411,movement_rate,velocity_proxy,velocity proxy,1,1,1-2,1-2
M4_add_one__movement_rate,ridge,3,haoyu0512workout|hsianshun0514workout|yoru0511workout|yushuan0513workout|ziho0512workout,yanz0510workout,tsenyu0515workout,tsenyu0515workout,db_weighted_crunch,0,1,1.0,1.9544690820058777,movement_rate,velocity_proxy,velocity proxy,1,2,1-2,1-2
M4_add_one__movement_rate,ridge,3,haoyu0512workout|hsianshun0514workout|yoru0511workout|yushuan0513workout|ziho0512workout,yanz0510workout,tsenyu0515workout,tsenyu0515workout,db_weighted_crunch,0,2,1.0,2.2936160656419675,movement_rate,velocity_proxy,velocity proxy,1,2,1-2,1-2
M4_add_one__movement_rate,ridge,3,haoyu0512workout|hsianshun0514workout|yoru0511workout|yushuan0513workout|ziho0512workout,yanz0510workout,tsenyu0515workout,tsenyu0515workout,db_weighted_crunch,0,3,1.0,2.3999068150951888,movement_rate,velocity_proxy,velocity proxy,1,2,1-2,1-2
M4_add_one__movement_rate,ridge,3,haoyu0512workout|hsianshun0514workout|yoru0511workout|yushuan0513workout|ziho0512workout,yanz0510workout,tsenyu0515workout,tsenyu0515workout,db_weighted_crunch,0,4,1.0,3.077514069822408,movement_rate,velocity_proxy,velocity proxy,1,3,1-2,3-4
M4_add_one__movement_rate,ridge,3,haoyu0512workout|hsianshun0514workout|yoru0511workout|yushuan0513workout|ziho0512workout,yanz0510workout,tsenyu0515workout,tsenyu0515workout,db_weighted_crunch,0,5,1.0,3.481806817855172,movement_rate,velocity_proxy,velocity proxy,1,3,1-2,3-4
M4_add_one__movement_rate,ridge,3,haoyu0512workout|hsianshun0514workout|yoru0511workout|yushuan0513workout|ziho0512workout,yanz0510workout,tsenyu0515workout,tsenyu0515workout,db_weighted_crunch,0,6,2.0,3.997883528376831,movement_rate,velocity_proxy,velocity proxy,2,4,1-2,3-4
M4_add_one__movement_rate,ridge,3,haoyu0512workout|hsianshun0514workout|yoru0511workout|yushuan0513workout|ziho0512workout,yanz0510workout,tsenyu0515workout,tsenyu0515workout,db_weighted_crunch,0,7,2.0,4.298733020204927,movement_rate,velocity_proxy,velocity proxy,2,4,1-2,3-4
M4_add_one__movement_rate,ridge,3,haoyu0512workout|hsianshun0514workout|yoru0511workout|yushuan0513workout|ziho0512workout,yanz0510workout,tsenyu0515workout,tsenyu0515workout,db_weighted_crunch,0,8,2.0,4.660695236388147,movement_rate,velocity_proxy,velocity proxy,2,5,1-2,5-6
M4_add_one__movement_rate,ridge,3,haoyu0512workout|hsianshun0514workout|yoru0511workout|yushuan0513workout|ziho0512workout,yanz0510workout,tsenyu0515workout,tsenyu0515workout,db_weighted_crunch,0,9,2.0,4.742099925804819,movement_rate,velocity_proxy,velocity proxy,2,5,1-2,5-6
M4_add_one__movement_rate,ridge,3,haoyu0512workout|hsianshun0514workout|yoru0511workout|yushuan0513workout|ziho0512workout,yanz0510workout,tsenyu0515workout,tsenyu0515workout,db_weighted_crunch,0,10,3.0,5.584136071504437,movement_rate,velocity_proxy,velocity proxy,3,6,3-4,5-6
M4_add_one__movement_rate,ridge,3,haoyu0512workout|hsianshun0514workout|yoru0511workout|yushuan0513workout|ziho0512workout,yanz0510workout,tsenyu0515workout,tsenyu0515workout,db_weighted_crunch,0,11,3.0,5.797470756992361,movement_rate,velocity_proxy,velocity proxy,3,6,3-4,5-6
M4_add_one__movement_rate,ridge,3,haoyu0512workout|hsianshun0514workout|yoru0511workout|yushuan0513workout|ziho0512workout,yanz0510workout,tsenyu0515workout,tsenyu0515workout,db_weighted_crunch,1,0,2.0,2.522633012341386,movement_rate,velocity_proxy,velocity proxy,2,3,1-2,3-4
M4_add_one__movement_rate,ridge,3,haoyu0512workout|hsianshun0514workout|yoru0511workout|yushuan0513workout|ziho0512workout,yanz0510workout,tsenyu0515workout,tsenyu0515workout,db_weighted_crunch,1,1,2.0,3.0303127398504612,movement_rate,velocity_proxy,velocity proxy,2,3,1-2,3-4
M4_add_one__movement_rate,ridge,3,haoyu0512workout|hsianshun0514workout|yoru0511workout|yushuan0513workout|ziho0512workout,yanz0510workout,tsenyu0515workout,tsenyu0515workout,db_weighted_crunch,1,2,2.0,3.492320187981654,movement_rate,velocity_proxy,velocity proxy,2,3,1-2,3-4
M4_add_one__movement_rate,ridge,3,haoyu0512workout|hsianshun0514workout|yoru0511workout|yushuan0513workout|ziho0512workout,yanz0510workout,tsenyu0515workout,tsenyu0515workout,db_weighted_crunch,1,3,2.0,3.815170823204733,movement_rate,velocity_proxy,velocity proxy,2,4,1-2,3-4
M4_add_one__movement_rate,ridge,3,haoyu0512workout|hsianshun0514workout|yoru0511workout|yushuan0513workout|ziho0512workout,yanz0510workout,tsenyu0515workout,tsenyu0515workout,db_weighted_crunch,1,4,3.0,4.250844336075511,movement_rate,velocity_proxy,velocity proxy,3,4,3-4,3-4
M4_add_one__movement_rate,ridge,3,haoyu0512workout|hsianshun0514workout|yoru0511workout|yushuan0513workout|ziho0512workout,yanz0510workout,tsenyu0515workout,tsenyu0515workout,db_weighted_crunch,1,5,3.0,4.548772279851088,movement_rate,velocity_proxy,velocity proxy,3,5,3-4,5-6
M4_add_one__movement_rate,ridge,3,haoyu0512workout|hsianshun0514workout|yoru0511workout|yushuan0513workout|ziho0512workout,yanz0510workout,tsenyu0515workout,tsenyu0515workout,db_weighted_crunch,1,6,3.0,4.945836625612494,movement_rate,velocity_proxy,velocity proxy,3,5,3-4,5-6
M4_add_one__movement_rate,ridge,3,haoyu0512workout|hsianshun0514workout|yoru0511workout|yushuan0513workout|ziho0512workout,yanz0510workout,tsenyu0515workout,tsenyu0515workout,db_weighted_crunch,1,7,4.0,5.089126968946535,movement_rate,velocity_proxy,velocity proxy,4,5,3-4,5-6
M4_add_one__movement_rate,ridge,3,haoyu0512workout|hsianshun0514workout|yoru0511workout|yushuan0513workout|ziho0512workout,yanz0510workout,tsenyu0515workout,tsenyu0515workout,db_weighted_crunch,1,8,4.0,5.767342611780567,movement_rate,velocity_proxy,velocity proxy,4,6,3-4,5-6
M4_add_one__movement_rate,ridge,3,haoyu0512workout|hsianshun0514workout|yoru0511workout|yushuan0513workout|ziho0512workout,yanz0510workout,tsenyu0515workout,tsenyu0515workout,db_weighted_crunch,1,9,4.0,6.214964020814085,movement_rate,velocity_proxy,velocity proxy,4,6,3-4,5-6
M4_add_one__movement_rate,ridge,3,haoyu0512workout|hsianshun0514workout|yoru0511workout|yushuan0513workout|ziho0512workout,yanz0510workout,tsenyu0515workout,tsenyu0515workout,db_weighted_crunch,1,10,5.0,6.565103351868322,movement_rate,velocity_proxy,velocity proxy,5,7,5-6,7-8
M4_add_one__movement_rate,ridge,3,haoyu0512workout|hsianshun0514workout|yoru0511workout|yushuan0513workout|ziho0512workout,yanz0510workout,tsenyu0515workout,tsenyu0515workout,db_weighted_crunch,1,11,5.0,6.919981616770096,movement_rate,velocity_proxy,velocity proxy,5,7,5-6,7-8
M4_add_one__movement_rate,ridge,3,haoyu0512workout|hsianshun0514workout|yoru0511workout|yushuan0513workout|ziho0512workout,yanz0510workout,tsenyu0515workout,tsenyu0515workout,db_weighted_crunch,2,0,4.0,3.5125144149945986,movement_rate,velocity_proxy,velocity proxy,4,4,3-4,3-4
M4_add_one__movement_rate,ridge,3,haoyu0512workout|hsianshun0514workout|yoru0511workout|yushuan0513workout|ziho0512workout,yanz0510workout,tsenyu0515workout,tsenyu0515workout,db_weighted_crunch,2,1,4.0,4.043458891847719,movement_rate,velocity_proxy,velocity proxy,4,4,3-4,3-4
M4_add_one__movement_rate,ridge,3,haoyu0512workout|hsianshun0514workout|yoru0511workout|yushuan0513workout|ziho0512workout,yanz0510workout,tsenyu0515workout,tsenyu0515workout,db_weighted_crunch,2,2,4.0,4.376844939730502,movement_rate,velocity_proxy,velocity proxy,4,4,3-4,3-4
M4_add_one__movement_rate,ridge,3,haoyu0512workout|hsianshun0514workout|yoru0511workout|yushuan0513workout|ziho0512workout,yanz0510workout,tsenyu0515workout,tsenyu0515workout,db_weighted_crunch,2,3,4.0,4.740167692417865,movement_rate,velocity_proxy,velocity proxy,4,5,3-4,5-6
M4_add_one__movement_rate,ridge,3,haoyu0512workout|hsianshun0514workout|yoru0511workout|yushuan0513workout|ziho0512workout,yanz0510workout,tsenyu0515workout,tsenyu0515workout,db_weighted_crunch,2,4,5.0,5.1663813864519605,movement_rate,velocity_proxy,velocity proxy,5,5,5-6,5-6
M4_add_one__movement_rate,ridge,3,haoyu0512workout|hsianshun0514workout|yoru0511workout|yushuan0513workout|ziho0512workout,yanz0510workout,tsenyu0515workout,tsenyu0515workout,db_weighted_crunch,2,5,5.0,5.593876856903433,movement_rate,velocity_proxy,velocity proxy,5,6,5-6,5-6
M4_add_one__movement_rate,ridge,3,haoyu0512workout|hsianshun0514workout|yoru0511workout|yushuan0513workout|ziho0512workout,yanz0510workout,tsenyu0515workout,tsenyu0515workout,db_weighted_crunch,2,6,5.0,5.91553968939176,movement_rate,velocity_proxy,velocity proxy,5,6,5-6,5-6
M4_add_one__movement_rate,ridge,3,haoyu0512workout|hsianshun0514workout|yoru0511workout|yushuan0513workout|ziho0512workout,yanz0510workout,tsenyu0515workout,tsenyu0515workout,db_weighted_crunch,2,7,5.0,6.343954420151182,movement_rate,velocity_proxy,velocity proxy,5,6,5-6,5-6
M4_add_one__movement_rate,ridge,3,haoyu0512workout|hsianshun0514workout|yoru0511workout|yushuan0513workout|ziho0512workout,yanz0510workout,tsenyu0515workout,tsenyu0515workout,db_weighted_crunch,2,8,6.0,6.796225243339632,movement_rate,velocity_proxy,velocity proxy,6,7,5-6,7-8
M4_add_one__movement_rate,ridge,3,haoyu0512workout|hsianshun0514workout|yoru0511workout|yushuan0513workout|ziho0512workout,yanz0510workout,tsenyu0515workout,tsenyu0515workout,db_weighted_crunch,2,9,6.0,7.139858997994375,movement_rate,velocity_proxy,velocity proxy,6,7,5-6,7-8
M4_add_one__movement_rate,ridge,3,haoyu0512workout|hsianshun0514workout|yoru0511workout|yushuan0513workout|ziho0512workout,yanz0510workout,tsenyu0515workout,tsenyu0515workout,db_weighted_crunch,2,10,6.0,7.550030019164737,movement_rate,velocity_proxy,velocity proxy,6,8,5-6,7-8
M4_add_one__movement_rate,ridge,3,haoyu0512workout|hsianshun0514workout|yoru0511workout|yushuan0513workout|ziho0512workout,yanz0510workout,tsenyu0515workout,tsenyu0515workout,db_weighted_crunch,2,11,7.0,7.891122028580202,movement_rate,velocity_proxy,velocity proxy,7,8,7-8,7-8
M4_add_one__movement_rate,ridge,3,haoyu0512workout|hsianshun0514workout|yoru0511workout|yushuan0513workout|ziho0512workout,yanz0510workout,tsenyu0515workout,tsenyu0515workout,one_arm_db_row,0,0,1.0,2.7482732486224486,movement_rate,velocity_proxy,velocity proxy,1,3,1-2,3-4
M4_add_one__movement_rate,ridge,3,haoyu0512workout|hsianshun0514workout|yoru0511workout|yushuan0513workout|ziho0512workout,yanz0510workout,tsenyu0515workout,tsenyu0515workout,one_arm_db_row,0,1,1.0,3.2031775811050465,movement_rate,velocity_proxy,velocity proxy,1,3,1-2,3-4
M4_add_one__movement_rate,ridge,3,haoyu0512workout|hsianshun0514workout|yoru0511workout|yushuan0513workout|ziho0512workout,yanz0510workout,tsenyu0515workout,tsenyu0515workout,one_arm_db_row,0,2,2.0,3.664795211044028,movement_rate,velocity_proxy,velocity proxy,2,4,1-2,3-4
M4_add_one__movement_rate,ridge,3,haoyu0512workout|hsianshun0514workout|yoru0511workout|yushuan0513workout|ziho0512workout,yanz0510workout,tsenyu0515workout,tsenyu0515workout,one_arm_db_row,0,3,2.0,4.088285008760408,movement_rate,velocity_proxy,velocity proxy,2,4,1-2,3-4
M4_add_one__movement_rate,ridge,3,haoyu0512workout|hsianshun0514workout|yoru0511workout|yushuan0513workout|ziho0512workout,yanz0510workout,tsenyu0515workout,tsenyu0515workout,one_arm_db_row,0,4,2.0,4.51897801563343,movement_rate,velocity_proxy,velocity proxy,2,5,1-2,5-6
M4_add_one__movement_rate,ridge,3,haoyu0512workout|hsianshun0514workout|yoru0511workout|yushuan0513workout|ziho0512workout,yanz0510workout,tsenyu0515workout,tsenyu0515workout,one_arm_db_row,0,5,2.0,4.949095907947075,movement_rate,velocity_proxy,velocity proxy,2,5,1-2,5-6
M4_add_one__movement_rate,ridge,3,haoyu0512workout|hsianshun0514workout|yoru0511workout|yushuan0513workout|ziho0512workout,yanz0510workout,tsenyu0515workout,tsenyu0515workout,one_arm_db_row,0,6,3.0,5.469303486776692,movement_rate,velocity_proxy,velocity proxy,3,5,3-4,5-6
M4_add_one__movement_rate,ridge,3,haoyu0512workout|hsianshun0514workout|yoru0511workout|yushuan0513workout|ziho0512workout,yanz0510workout,tsenyu0515workout,tsenyu0515workout,one_arm_db_row,0,7,3.0,6.107054161794566,movement_rate,velocity_proxy,velocity proxy,3,6,3-4,5-6
M4_add_one__movement_rate,ridge,3,haoyu0512workout|hsianshun0514workout|yoru0511workout|yushuan0513workout|ziho0512workout,yanz0510workout,tsenyu0515workout,tsenyu0515workout,one_arm_db_row,0,8,4.0,6.3557404784433995,movement_rate,velocity_proxy,velocity proxy,4,6,3-4,5-6
M4_add_one__movement_rate,ridge,3,haoyu0512workout|hsianshun0514workout|yoru0511workout|yushuan0513workout|ziho0512workout,yanz0510workout,tsenyu0515workout,tsenyu0515workout,one_arm_db_row,0,9,4.0,6.818718601650893,movement_rate,velocity_proxy,velocity proxy,4,7,3-4,7-8
M4_add_one__movement_rate,ridge,3,haoyu0512workout|hsianshun0514workout|yoru0511workout|yushuan0513workout|ziho0512workout,yanz0510workout,tsenyu0515workout,tsenyu0515workout,one_arm_db_row,0,10,5.0,7.184678260664201,movement_rate,velocity_proxy,velocity proxy,5,7,5-6,7-8
M4_add_one__movement_rate,ridge,3,haoyu0512workout|hsianshun0514workout|yoru0511workout|yushuan0513workout|ziho0512workout,yanz0510workout,tsenyu0515workout,tsenyu0515workout,one_arm_db_row,0,11,5.0,7.483981453072683,movement_rate,velocity_proxy,velocity proxy,5,7,5-6,7-8
M4_add_one__movement_rate,ridge,3,haoyu0512workout|hsianshun0514workout|yoru0511workout|yushuan0513workout|ziho0512workout,yanz0510workout,tsenyu0515workout,tsenyu0515workout,one_arm_db_row,1,0,5.0,3.667776525089573,movement_rate,velocity_proxy,velocity proxy,5,4,5-6,3-4
M4_add_one__movement_rate,ridge,3,haoyu0512workout|hsianshun0514workout|yoru0511workout|yushuan0513workout|ziho0512workout,yanz0510workout,tsenyu0515workout,tsenyu0515workout,one_arm_db_row,1,1,5.0,4.335795860571032,movement_rate,velocity_proxy,velocity proxy,5,4,5-6,3-4
M4_add_one__movement_rate,ridge,3,haoyu0512workout|hsianshun0514workout|yoru0511workout|yushuan0513workout|ziho0512workout,yanz0510workout,tsenyu0515workout,tsenyu0515workout,one_arm_db_row,1,2,5.0,4.8138865858182465,movement_rate,velocity_proxy,velocity proxy,5,5,5-6,5-6
M4_add_one__movement_rate,ridge,3,haoyu0512workout|hsianshun0514workout|yoru0511workout|yushuan0513workout|ziho0512workout,yanz0510workout,tsenyu0515workout,tsenyu0515workout,one_arm_db_row,1,3,5.0,5.261226425635969,movement_rate,velocity_proxy,velocity proxy,5,5,5-6,5-6
M4_add_one__movement_rate,ridge,3,haoyu0512workout|hsianshun0514workout|yoru0511workout|yushuan0513workout|ziho0512workout,yanz0510workout,tsenyu0515workout,tsenyu0515workout,one_arm_db_row,1,4,6.0,5.721617400391228,movement_rate,velocity_proxy,velocity proxy,6,6,5-6,5-6
M4_add_one__movement_rate,ridge,3,haoyu0512workout|hsianshun0514workout|yoru0511workout|yushuan0513workout|ziho0512workout,yanz0510workout,tsenyu0515workout,tsenyu0515workout,one_arm_db_row,1,5,6.0,5.954155172173096,movement_rate,velocity_proxy,velocity proxy,6,6,5-6,5-6
M4_add_one__movement_rate,ridge,3,haoyu0512workout|hsianshun0514workout|yoru0511workout|yushuan0513workout|ziho0512workout,yanz0510workout,tsenyu0515workout,tsenyu0515workout,one_arm_db_row,1,6,6.0,6.673350243264764,movement_rate,velocity_proxy,velocity proxy,6,7,5-6,7-8
M4_add_one__movement_rate,ridge,3,haoyu0512workout|hsianshun0514workout|yoru0511workout|yushuan0513workout|ziho0512workout,yanz0510workout,tsenyu0515workout,tsenyu0515workout,one_arm_db_row,1,7,6.0,6.843429616354854,movement_rate,velocity_proxy,velocity proxy,6,7,5-6,7-8
M4_add_one__movement_rate,ridge,3,haoyu0512workout|hsianshun0514workout|yoru0511workout|yushuan0513workout|ziho0512workout,yanz0510workout,tsenyu0515workout,tsenyu0515workout,one_arm_db_row,1,8,7.0,7.304989348163836,movement_rate,velocity_proxy,velocity proxy,7,7,7-8,7-8
M4_add_one__movement_rate,ridge,3,haoyu0512workout|hsianshun0514workout|yoru0511workout|yushuan0513workout|ziho0512workout,yanz0510workout,tsenyu0515workout,tsenyu0515workout,one_arm_db_row,1,9,7.0,7.7611373750325505,movement_rate,velocity_proxy,velocity proxy,7,8,7-8,7-8
M4_add_one__movement_rate,ridge,3,haoyu0512workout|hsianshun0514workout|yoru0511workout|yushuan0513workout|ziho0512workout,yanz0510workout,tsenyu0515workout,tsenyu0515workout,one_arm_db_row,1,10,7.0,8.124505960324173,movement_rate,velocity_proxy,velocity proxy,7,8,7-8,7-8
M4_add_one__movement_rate,ridge,3,haoyu0512workout|hsianshun0514workout|yoru0511workout|yushuan0513workout|ziho0512workout,yanz0510workout,tsenyu0515workout,tsenyu0515workout,one_arm_db_row,1,11,8.0,8.501580680833388,movement_rate,velocity_proxy,velocity proxy,8,9,7-8,9-10
M4_add_one__movement_rate,ridge,3,haoyu0512workout|hsianshun0514workout|yoru0511workout|yushuan0513workout|ziho0512workout,yanz0510workout,tsenyu0515workout,tsenyu0515workout,one_arm_db_row,2,0,6.0,4.655703030569689,movement_rate,velocity_proxy,velocity proxy,6,5,5-6,5-6
M4_add_one__movement_rate,ridge,3,haoyu0512workout|hsianshun0514workout|yoru0511workout|yushuan0513workout|ziho0512workout,yanz0510workout,tsenyu0515workout,tsenyu0515workout,one_arm_db_row,2,1,6.0,5.286788389885883,movement_rate,velocity_proxy,velocity proxy,6,5,5-6,5-6
M4_add_one__movement_rate,ridge,3,haoyu0512workout|hsianshun0514workout|yoru0511workout|yushuan0513workout|ziho0512workout,yanz0510workout,tsenyu0515workout,tsenyu0515workout,one_arm_db_row,2,2,6.0,5.762514044519373,movement_rate,velocity_proxy,velocity proxy,6,6,5-6,5-6
M4_add_one__movement_rate,ridge,3,haoyu0512workout|hsianshun0514workout|yoru0511workout|yushuan0513workout|ziho0512workout,yanz0510workout,tsenyu0515workout,tsenyu0515workout,one_arm_db_row,2,3,6.0,6.060602101750611,movement_rate,velocity_proxy,velocity proxy,6,6,5-6,5-6
M4_add_one__movement_rate,ridge,3,haoyu0512workout|hsianshun0514workout|yoru0511workout|yushuan0513workout|ziho0512workout,yanz0510workout,tsenyu0515workout,tsenyu0515workout,one_arm_db_row,2,4,6.0,6.427000226896572,movement_rate,velocity_proxy,velocity proxy,6,6,5-6,5-6
M4_add_one__movement_rate,ridge,3,haoyu0512workout|hsianshun0514workout|yoru0511workout|yushuan0513workout|ziho0512workout,yanz0510workout,tsenyu0515workout,tsenyu0515workout,one_arm_db_row,2,5,6.0,7.1200052644305645,movement_rate,velocity_proxy,velocity proxy,6,7,5-6,7-8
M4_add_one__movement_rate,ridge,3,haoyu0512workout|hsianshun0514workout|yoru0511workout|yushuan0513workout|ziho0512workout,yanz0510workout,tsenyu0515workout,tsenyu0515workout,one_arm_db_row,2,6,7.0,7.353269527604825,movement_rate,velocity_proxy,velocity proxy,7,7,7-8,7-8
M4_add_one__movement_rate,ridge,3,haoyu0512workout|hsianshun0514workout|yoru0511workout|yushuan0513workout|ziho0512workout,yanz0510workout,tsenyu0515workout,tsenyu0515workout,one_arm_db_row,2,7,7.0,8.1969257474112,movement_rate,velocity_proxy,velocity proxy,7,8,7-8,7-8
M4_add_one__movement_rate,ridge,3,haoyu0512workout|hsianshun0514workout|yoru0511workout|yushuan0513workout|ziho0512workout,yanz0510workout,tsenyu0515workout,tsenyu0515workout,one_arm_db_row,2,8,8.0,8.661015634581489,movement_rate,velocity_proxy,velocity proxy,8,9,7-8,9-10
M4_add_one__movement_rate,ridge,3,haoyu0512workout|hsianshun0514workout|yoru0511workout|yushuan0513workout|ziho0512workout,yanz0510workout,tsenyu0515workout,tsenyu0515workout,one_arm_db_row,2,9,8.0,8.890302990846582,movement_rate,velocity_proxy,velocity proxy,8,9,7-8,9-10
M4_add_one__movement_rate,ridge,3,haoyu0512workout|hsianshun0514workout|yoru0511workout|yushuan0513workout|ziho0512workout,yanz0510workout,tsenyu0515workout,tsenyu0515workout,one_arm_db_row,2,10,9.0,9.194837552922696,movement_rate,velocity_proxy,velocity proxy,9,9,9-10,9-10
M4_add_one__movement_rate,ridge,3,haoyu0512workout|hsianshun0514workout|yoru0511workout|yushuan0513workout|ziho0512workout,yanz0510workout,tsenyu0515workout,tsenyu0515workout,one_arm_db_row,2,11,9.0,9.716708493499574,movement_rate,velocity_proxy,velocity proxy,9,10,9-10,9-10
M4_add_one__movement_rate,ridge,4,haoyu0512workout|hsianshun0514workout|tsenyu0515workout|yushuan0513workout|ziho0512workout,yoru0511workout,yanz0510workout,yanz0510workout,db_bench_press,2,0,1.0,4.1854271608640055,movement_rate,velocity_proxy,velocity proxy,1,4,1-2,3-4
M4_add_one__movement_rate,ridge,4,haoyu0512workout|hsianshun0514workout|tsenyu0515workout|yushuan0513workout|ziho0512workout,yoru0511workout,yanz0510workout,yanz0510workout,db_bench_press,2,1,1.0,4.541666687716537,movement_rate,velocity_proxy,velocity proxy,1,5,1-2,5-6
M4_add_one__movement_rate,ridge,4,haoyu0512workout|hsianshun0514workout|tsenyu0515workout|yushuan0513workout|ziho0512workout,yoru0511workout,yanz0510workout,yanz0510workout,db_bench_press,2,2,1.0,4.92487458994934,movement_rate,velocity_proxy,velocity proxy,1,5,1-2,5-6
M4_add_one__movement_rate,ridge,4,haoyu0512workout|hsianshun0514workout|tsenyu0515workout|yushuan0513workout|ziho0512workout,yoru0511workout,yanz0510workout,yanz0510workout,db_bench_press,2,3,3.0,4.983185376251665,movement_rate,velocity_proxy,velocity proxy,3,5,3-4,5-6
M4_add_one__movement_rate,ridge,4,haoyu0512workout|hsianshun0514workout|tsenyu0515workout|yushuan0513workout|ziho0512workout,yoru0511workout,yanz0510workout,yanz0510workout,db_bench_press,2,4,3.0,5.617075606640098,movement_rate,velocity_proxy,velocity proxy,3,6,3-4,5-6
M4_add_one__movement_rate,ridge,4,haoyu0512workout|hsianshun0514workout|tsenyu0515workout|yushuan0513workout|ziho0512workout,yoru0511workout,yanz0510workout,yanz0510workout,db_bench_press,2,5,3.0,6.017805991961142,movement_rate,velocity_proxy,velocity proxy,3,6,3-4,5-6
M4_add_one__movement_rate,ridge,4,haoyu0512workout|hsianshun0514workout|tsenyu0515workout|yushuan0513workout|ziho0512workout,yoru0511workout,yanz0510workout,yanz0510workout,db_bench_press,2,6,3.0,6.382922434985397,movement_rate,velocity_proxy,velocity proxy,3,6,3-4,5-6
M4_add_one__movement_rate,ridge,4,haoyu0512workout|hsianshun0514workout|tsenyu0515workout|yushuan0513workout|ziho0512workout,yoru0511workout,yanz0510workout,yanz0510workout,db_bench_press,2,7,5.0,6.693595165054451,movement_rate,velocity_proxy,velocity proxy,5,7,5-6,7-8
M4_add_one__movement_rate,ridge,4,haoyu0512workout|hsianshun0514workout|tsenyu0515workout|yushuan0513workout|ziho0512workout,yoru0511workout,yanz0510workout,yanz0510workout,db_bench_press,2,8,5.0,7.0309052632480995,movement_rate,velocity_proxy,velocity proxy,5,7,5-6,7-8
M4_add_one__movement_rate,ridge,4,haoyu0512workout|hsianshun0514workout|tsenyu0515workout|yushuan0513workout|ziho0512workout,yoru0511workout,yanz0510workout,yanz0510workout,db_bench_press,2,9,5.0,7.6036891251976835,movement_rate,velocity_proxy,velocity proxy,5,8,5-6,7-8
M4_add_one__movement_rate,ridge,4,haoyu0512workout|hsianshun0514workout|tsenyu0515workout|yushuan0513workout|ziho0512workout,yoru0511workout,yanz0510workout,yanz0510workout,db_bench_press,2,10,5.0,7.760007996799831,movement_rate,velocity_proxy,velocity proxy,5,8,5-6,7-8
M4_add_one__movement_rate,ridge,4,haoyu0512workout|hsianshun0514workout|tsenyu0515workout|yushuan0513workout|ziho0512workout,yoru0511workout,yanz0510workout,yanz0510workout,db_bench_press,2,11,5.0,8.37269151974708,movement_rate,velocity_proxy,velocity proxy,5,8,5-6,7-8
M4_add_one__movement_rate,ridge,4,haoyu0512workout|hsianshun0514workout|tsenyu0515workout|yushuan0513workout|ziho0512workout,yoru0511workout,yanz0510workout,yanz0510workout,db_bench_press,3,0,5.0,5.309658876018637,movement_rate,velocity_proxy,velocity proxy,5,5,5-6,5-6
M4_add_one__movement_rate,ridge,4,haoyu0512workout|hsianshun0514workout|tsenyu0515workout|yushuan0513workout|ziho0512workout,yoru0511workout,yanz0510workout,yanz0510workout,db_bench_press,3,1,5.0,5.702796835401337,movement_rate,velocity_proxy,velocity proxy,5,6,5-6,5-6
M4_add_one__movement_rate,ridge,4,haoyu0512workout|hsianshun0514workout|tsenyu0515workout|yushuan0513workout|ziho0512workout,yoru0511workout,yanz0510workout,yanz0510workout,db_bench_press,3,2,5.0,6.110445872642856,movement_rate,velocity_proxy,velocity proxy,5,6,5-6,5-6
M4_add_one__movement_rate,ridge,4,haoyu0512workout|hsianshun0514workout|tsenyu0515workout|yushuan0513workout|ziho0512workout,yoru0511workout,yanz0510workout,yanz0510workout,db_bench_press,3,3,5.0,6.516858741757776,movement_rate,velocity_proxy,velocity proxy,5,7,5-6,7-8
M4_add_one__movement_rate,ridge,4,haoyu0512workout|hsianshun0514workout|tsenyu0515workout|yushuan0513workout|ziho0512workout,yoru0511workout,yanz0510workout,yanz0510workout,db_bench_press,3,4,5.0,6.735011054421826,movement_rate,velocity_proxy,velocity proxy,5,7,5-6,7-8
M4_add_one__movement_rate,ridge,4,haoyu0512workout|hsianshun0514workout|tsenyu0515workout|yushuan0513workout|ziho0512workout,yoru0511workout,yanz0510workout,yanz0510workout,db_bench_press,3,5,6.0,7.114180692333378,movement_rate,velocity_proxy,velocity proxy,6,7,5-6,7-8
M4_add_one__movement_rate,ridge,4,haoyu0512workout|hsianshun0514workout|tsenyu0515workout|yushuan0513workout|ziho0512workout,yoru0511workout,yanz0510workout,yanz0510workout,db_bench_press,3,6,6.0,7.54952918379233,movement_rate,velocity_proxy,velocity proxy,6,8,5-6,7-8
M4_add_one__movement_rate,ridge,4,haoyu0512workout|hsianshun0514workout|tsenyu0515workout|yushuan0513workout|ziho0512workout,yoru0511workout,yanz0510workout,yanz0510workout,db_bench_press,3,7,6.0,7.903070249288442,movement_rate,velocity_proxy,velocity proxy,6,8,5-6,7-8
M4_add_one__movement_rate,ridge,4,haoyu0512workout|hsianshun0514workout|tsenyu0515workout|yushuan0513workout|ziho0512workout,yoru0511workout,yanz0510workout,yanz0510workout,db_bench_press,3,8,6.0,8.273140061456756,movement_rate,velocity_proxy,velocity proxy,6,8,5-6,7-8
M4_add_one__movement_rate,ridge,4,haoyu0512workout|hsianshun0514workout|tsenyu0515workout|yushuan0513workout|ziho0512workout,yoru0511workout,yanz0510workout,yanz0510workout,db_bench_press,3,9,7.0,8.715100695326754,movement_rate,velocity_proxy,velocity proxy,7,9,7-8,9-10
M4_add_one__movement_rate,ridge,4,haoyu0512workout|hsianshun0514workout|tsenyu0515workout|yushuan0513workout|ziho0512workout,yoru0511workout,yanz0510workout,yanz0510workout,db_bench_press,3,10,7.0,9.108386172513049,movement_rate,velocity_proxy,velocity proxy,7,9,7-8,9-10
M4_add_one__movement_rate,ridge,4,haoyu0512workout|hsianshun0514workout|tsenyu0515workout|yushuan0513workout|ziho0512workout,yoru0511workout,yanz0510workout,yanz0510workout,db_bench_press,3,11,7.0,9.44372620008777,movement_rate,velocity_proxy,velocity proxy,7,9,7-8,9-10
M4_add_one__movement_rate,ridge,4,haoyu0512workout|hsianshun0514workout|tsenyu0515workout|yushuan0513workout|ziho0512workout,yoru0511workout,yanz0510workout,yanz0510workout,db_bench_press,4,0,7.0,6.102306117881782,movement_rate,velocity_proxy,velocity proxy,7,6,7-8,5-6
M4_add_one__movement_rate,ridge,4,haoyu0512workout|hsianshun0514workout|tsenyu0515workout|yushuan0513workout|ziho0512workout,yoru0511workout,yanz0510workout,yanz0510workout,db_bench_press,4,1,7.0,6.807075957029781,movement_rate,velocity_proxy,velocity proxy,7,7,7-8,7-8
M4_add_one__movement_rate,ridge,4,haoyu0512workout|hsianshun0514workout|tsenyu0515workout|yushuan0513workout|ziho0512workout,yoru0511workout,yanz0510workout,yanz0510workout,db_bench_press,4,2,7.0,7.13460661328237,movement_rate,velocity_proxy,velocity proxy,7,7,7-8,7-8
M4_add_one__movement_rate,ridge,4,haoyu0512workout|hsianshun0514workout|tsenyu0515workout|yushuan0513workout|ziho0512workout,yoru0511workout,yanz0510workout,yanz0510workout,db_bench_press,4,3,7.0,7.480062987100745,movement_rate,velocity_proxy,velocity proxy,7,7,7-8,7-8
M4_add_one__movement_rate,ridge,4,haoyu0512workout|hsianshun0514workout|tsenyu0515workout|yushuan0513workout|ziho0512workout,yoru0511workout,yanz0510workout,yanz0510workout,db_bench_press,4,4,7.0,7.839138716944728,movement_rate,velocity_proxy,velocity proxy,7,8,7-8,7-8
M4_add_one__movement_rate,ridge,4,haoyu0512workout|hsianshun0514workout|tsenyu0515workout|yushuan0513workout|ziho0512workout,yoru0511workout,yanz0510workout,yanz0510workout,db_bench_press,4,5,7.0,8.309427847526225,movement_rate,velocity_proxy,velocity proxy,7,8,7-8,7-8
M4_add_one__movement_rate,ridge,4,haoyu0512workout|hsianshun0514workout|tsenyu0515workout|yushuan0513workout|ziho0512workout,yoru0511workout,yanz0510workout,yanz0510workout,db_bench_press,4,6,8.0,8.556688744709685,movement_rate,velocity_proxy,velocity proxy,8,9,7-8,9-10
M4_add_one__movement_rate,ridge,4,haoyu0512workout|hsianshun0514workout|tsenyu0515workout|yushuan0513workout|ziho0512workout,yoru0511workout,yanz0510workout,yanz0510workout,db_bench_press,4,7,8.0,9.002997567957415,movement_rate,velocity_proxy,velocity proxy,8,9,7-8,9-10
M4_add_one__movement_rate,ridge,4,haoyu0512workout|hsianshun0514workout|tsenyu0515workout|yushuan0513workout|ziho0512workout,yoru0511workout,yanz0510workout,yanz0510workout,db_bench_press,4,8,8.0,9.192214855386196,movement_rate,velocity_proxy,velocity proxy,8,9,7-8,9-10
M4_add_one__movement_rate,ridge,4,haoyu0512workout|hsianshun0514workout|tsenyu0515workout|yushuan0513workout|ziho0512workout,yoru0511workout,yanz0510workout,yanz0510workout,db_bench_press,4,9,8.0,9.356640305471297,movement_rate,velocity_proxy,velocity proxy,8,9,7-8,9-10
M4_add_one__movement_rate,ridge,4,haoyu0512workout|hsianshun0514workout|tsenyu0515workout|yushuan0513workout|ziho0512workout,yoru0511workout,yanz0510workout,yanz0510workout,db_bench_press,4,10,8.0,9.977419976904848,movement_rate,velocity_proxy,velocity proxy,8,10,7-8,9-10
M4_add_one__movement_rate,ridge,4,haoyu0512workout|hsianshun0514workout|tsenyu0515workout|yushuan0513workout|ziho0512workout,yoru0511workout,yanz0510workout,yanz0510workout,db_bench_press,4,11,8.0,10.383170737148522,movement_rate,velocity_proxy,velocity proxy,8,10,7-8,9-10
M4_add_one__movement_rate,ridge,4,haoyu0512workout|hsianshun0514workout|tsenyu0515workout|yushuan0513workout|ziho0512workout,yoru0511workout,yanz0510workout,yanz0510workout,db_biceps_curl,0,0,1.0,2.583670113887369,movement_rate,velocity_proxy,velocity proxy,1,3,1-2,3-4
M4_add_one__movement_rate,ridge,4,haoyu0512workout|hsianshun0514workout|tsenyu0515workout|yushuan0513workout|ziho0512workout,yoru0511workout,yanz0510workout,yanz0510workout,db_biceps_curl,0,1,2.0,3.184492205696009,movement_rate,velocity_proxy,velocity proxy,2,3,1-2,3-4
M4_add_one__movement_rate,ridge,4,haoyu0512workout|hsianshun0514workout|tsenyu0515workout|yushuan0513workout|ziho0512workout,yoru0511workout,yanz0510workout,yanz0510workout,db_biceps_curl,0,2,2.0,3.3981141576987435,movement_rate,velocity_proxy,velocity proxy,2,3,1-2,3-4
M4_add_one__movement_rate,ridge,4,haoyu0512workout|hsianshun0514workout|tsenyu0515workout|yushuan0513workout|ziho0512workout,yoru0511workout,yanz0510workout,yanz0510workout,db_biceps_curl,0,3,2.0,3.814599858738982,movement_rate,velocity_proxy,velocity proxy,2,4,1-2,3-4
M4_add_one__movement_rate,ridge,4,haoyu0512workout|hsianshun0514workout|tsenyu0515workout|yushuan0513workout|ziho0512workout,yoru0511workout,yanz0510workout,yanz0510workout,db_biceps_curl,0,4,3.0,4.246690409039298,movement_rate,velocity_proxy,velocity proxy,3,4,3-4,3-4
M4_add_one__movement_rate,ridge,4,haoyu0512workout|hsianshun0514workout|tsenyu0515workout|yushuan0513workout|ziho0512workout,yoru0511workout,yanz0510workout,yanz0510workout,db_biceps_curl,0,5,3.0,4.607426361232484,movement_rate,velocity_proxy,velocity proxy,3,5,3-4,5-6
M4_add_one__movement_rate,ridge,4,haoyu0512workout|hsianshun0514workout|tsenyu0515workout|yushuan0513workout|ziho0512workout,yoru0511workout,yanz0510workout,yanz0510workout,db_biceps_curl,0,6,4.0,4.95773302491081,movement_rate,velocity_proxy,velocity proxy,4,5,3-4,5-6
M4_add_one__movement_rate,ridge,4,haoyu0512workout|hsianshun0514workout|tsenyu0515workout|yushuan0513workout|ziho0512workout,yoru0511workout,yanz0510workout,yanz0510workout,db_biceps_curl,0,7,6.0,5.334642782922032,movement_rate,velocity_proxy,velocity proxy,6,5,5-6,5-6
M4_add_one__movement_rate,ridge,4,haoyu0512workout|hsianshun0514workout|tsenyu0515workout|yushuan0513workout|ziho0512workout,yoru0511workout,yanz0510workout,yanz0510workout,db_biceps_curl,0,8,6.0,5.640070874412519,movement_rate,velocity_proxy,velocity proxy,6,6,5-6,5-6
M4_add_one__movement_rate,ridge,4,haoyu0512workout|hsianshun0514workout|tsenyu0515workout|yushuan0513workout|ziho0512workout,yoru0511workout,yanz0510workout,yanz0510workout,db_biceps_curl,0,9,6.0,6.083341990697577,movement_rate,velocity_proxy,velocity proxy,6,6,5-6,5-6
M4_add_one__movement_rate,ridge,4,haoyu0512workout|hsianshun0514workout|tsenyu0515workout|yushuan0513workout|ziho0512workout,yoru0511workout,yanz0510workout,yanz0510workout,db_biceps_curl,0,10,6.0,6.411056437076351,movement_rate,velocity_proxy,velocity proxy,6,6,5-6,5-6
M4_add_one__movement_rate,ridge,4,haoyu0512workout|hsianshun0514workout|tsenyu0515workout|yushuan0513workout|ziho0512workout,yoru0511workout,yanz0510workout,yanz0510workout,db_biceps_curl,0,11,7.0,6.838099928194138,movement_rate,velocity_proxy,velocity proxy,7,7,7-8,7-8
M4_add_one__movement_rate,ridge,4,haoyu0512workout|hsianshun0514workout|tsenyu0515workout|yushuan0513workout|ziho0512workout,yoru0511workout,yanz0510workout,yanz0510workout,db_biceps_curl,1,0,6.0,3.899754115998082,movement_rate,velocity_proxy,velocity proxy,6,4,5-6,3-4
M4_add_one__movement_rate,ridge,4,haoyu0512workout|hsianshun0514workout|tsenyu0515workout|yushuan0513workout|ziho0512workout,yoru0511workout,yanz0510workout,yanz0510workout,db_biceps_curl,1,1,6.0,4.208076875850059,movement_rate,velocity_proxy,velocity proxy,6,4,5-6,3-4
M4_add_one__movement_rate,ridge,4,haoyu0512workout|hsianshun0514workout|tsenyu0515workout|yushuan0513workout|ziho0512workout,yoru0511workout,yanz0510workout,yanz0510workout,db_biceps_curl,1,2,6.0,4.621309988264313,movement_rate,velocity_proxy,velocity proxy,6,5,5-6,5-6
M4_add_one__movement_rate,ridge,4,haoyu0512workout|hsianshun0514workout|tsenyu0515workout|yushuan0513workout|ziho0512workout,yoru0511workout,yanz0510workout,yanz0510workout,db_biceps_curl,1,3,7.0,4.958264129674501,movement_rate,velocity_proxy,velocity proxy,7,5,7-8,5-6
M4_add_one__movement_rate,ridge,4,haoyu0512workout|hsianshun0514workout|tsenyu0515workout|yushuan0513workout|ziho0512workout,yoru0511workout,yanz0510workout,yanz0510workout,db_biceps_curl,1,4,7.0,5.308488451504937,movement_rate,velocity_proxy,velocity proxy,7,5,7-8,5-6
M4_add_one__movement_rate,ridge,4,haoyu0512workout|hsianshun0514workout|tsenyu0515workout|yushuan0513workout|ziho0512workout,yoru0511workout,yanz0510workout,yanz0510workout,db_biceps_curl,1,5,7.0,5.693620868169087,movement_rate,velocity_proxy,velocity proxy,7,6,7-8,5-6
M4_add_one__movement_rate,ridge,4,haoyu0512workout|hsianshun0514workout|tsenyu0515workout|yushuan0513workout|ziho0512workout,yoru0511workout,yanz0510workout,yanz0510workout,db_biceps_curl,1,6,7.0,6.053686225146085,movement_rate,velocity_proxy,velocity proxy,7,6,7-8,5-6
M4_add_one__movement_rate,ridge,4,haoyu0512workout|hsianshun0514workout|tsenyu0515workout|yushuan0513workout|ziho0512workout,yoru0511workout,yanz0510workout,yanz0510workout,db_biceps_curl,1,7,8.0,6.396142580748512,movement_rate,velocity_proxy,velocity proxy,8,6,7-8,5-6
M4_add_one__movement_rate,ridge,4,haoyu0512workout|hsianshun0514workout|tsenyu0515workout|yushuan0513workout|ziho0512workout,yoru0511workout,yanz0510workout,yanz0510workout,db_biceps_curl,1,8,8.0,6.785292246581054,movement_rate,velocity_proxy,velocity proxy,8,7,7-8,7-8
M4_add_one__movement_rate,ridge,4,haoyu0512workout|hsianshun0514workout|tsenyu0515workout|yushuan0513workout|ziho0512workout,yoru0511workout,yanz0510workout,yanz0510workout,db_biceps_curl,1,9,8.0,7.087573014517526,movement_rate,velocity_proxy,velocity proxy,8,7,7-8,7-8
M4_add_one__movement_rate,ridge,4,haoyu0512workout|hsianshun0514workout|tsenyu0515workout|yushuan0513workout|ziho0512workout,yoru0511workout,yanz0510workout,yanz0510workout,db_biceps_curl,1,10,8.0,7.532100701069753,movement_rate,velocity_proxy,velocity proxy,8,8,7-8,7-8
M4_add_one__movement_rate,ridge,4,haoyu0512workout|hsianshun0514workout|tsenyu0515workout|yushuan0513workout|ziho0512workout,yoru0511workout,yanz0510workout,yanz0510workout,db_biceps_curl,1,11,9.0,7.900731882651735,movement_rate,velocity_proxy,velocity proxy,9,8,9-10,7-8
M4_add_one__movement_rate,ridge,4,haoyu0512workout|hsianshun0514workout|tsenyu0515workout|yushuan0513workout|ziho0512workout,yoru0511workout,yanz0510workout,yanz0510workout,db_biceps_curl,2,0,8.0,4.997677392664927,movement_rate,velocity_proxy,velocity proxy,8,5,7-8,5-6
M4_add_one__movement_rate,ridge,4,haoyu0512workout|hsianshun0514workout|tsenyu0515workout|yushuan0513workout|ziho0512workout,yoru0511workout,yanz0510workout,yanz0510workout,db_biceps_curl,2,1,8.0,5.427471606448406,movement_rate,velocity_proxy,velocity proxy,8,5,7-8,5-6
M4_add_one__movement_rate,ridge,4,haoyu0512workout|hsianshun0514workout|tsenyu0515workout|yushuan0513workout|ziho0512workout,yoru0511workout,yanz0510workout,yanz0510workout,db_biceps_curl,2,2,8.0,5.97169231853734,movement_rate,velocity_proxy,velocity proxy,8,6,7-8,5-6
M4_add_one__movement_rate,ridge,4,haoyu0512workout|hsianshun0514workout|tsenyu0515workout|yushuan0513workout|ziho0512workout,yoru0511workout,yanz0510workout,yanz0510workout,db_biceps_curl,2,3,9.0,6.436645697568128,movement_rate,velocity_proxy,velocity proxy,9,6,9-10,5-6
M4_add_one__movement_rate,ridge,4,haoyu0512workout|hsianshun0514workout|tsenyu0515workout|yushuan0513workout|ziho0512workout,yoru0511workout,yanz0510workout,yanz0510workout,db_biceps_curl,2,4,9.0,6.938962643997742,movement_rate,velocity_proxy,velocity proxy,9,7,9-10,7-8
M4_add_one__movement_rate,ridge,4,haoyu0512workout|hsianshun0514workout|tsenyu0515workout|yushuan0513workout|ziho0512workout,yoru0511workout,yanz0510workout,yanz0510workout,db_biceps_curl,2,5,9.0,7.408573081277668,movement_rate,velocity_proxy,velocity proxy,9,7,9-10,7-8
M4_add_one__movement_rate,ridge,4,haoyu0512workout|hsianshun0514workout|tsenyu0515workout|yushuan0513workout|ziho0512workout,yoru0511workout,yanz0510workout,yanz0510workout,db_biceps_curl,2,6,9.0,7.908747766828318,movement_rate,velocity_proxy,velocity proxy,9,8,9-10,7-8
M4_add_one__movement_rate,ridge,4,haoyu0512workout|hsianshun0514workout|tsenyu0515workout|yushuan0513workout|ziho0512workout,yoru0511workout,yanz0510workout,yanz0510workout,db_biceps_curl,2,7,9.0,8.45481888157536,movement_rate,velocity_proxy,velocity proxy,9,8,9-10,7-8
M4_add_one__movement_rate,ridge,4,haoyu0512workout|hsianshun0514workout|tsenyu0515workout|yushuan0513workout|ziho0512workout,yoru0511workout,yanz0510workout,yanz0510workout,db_biceps_curl,2,8,10.0,8.393178593794534,movement_rate,velocity_proxy,velocity proxy,10,8,9-10,7-8
M4_add_one__movement_rate,ridge,4,haoyu0512workout|hsianshun0514workout|tsenyu0515workout|yushuan0513workout|ziho0512workout,yoru0511workout,yanz0510workout,yanz0510workout,db_rdl,0,0,1.0,2.035840676560848,movement_rate,velocity_proxy,velocity proxy,1,2,1-2,1-2
M4_add_one__movement_rate,ridge,4,haoyu0512workout|hsianshun0514workout|tsenyu0515workout|yushuan0513workout|ziho0512workout,yoru0511workout,yanz0510workout,yanz0510workout,db_rdl,0,1,2.0,2.491061237539799,movement_rate,velocity_proxy,velocity proxy,2,2,1-2,1-2
M4_add_one__movement_rate,ridge,4,haoyu0512workout|hsianshun0514workout|tsenyu0515workout|yushuan0513workout|ziho0512workout,yoru0511workout,yanz0510workout,yanz0510workout,db_rdl,0,2,2.0,2.8571485208107,movement_rate,velocity_proxy,velocity proxy,2,3,1-2,3-4
M4_add_one__movement_rate,ridge,4,haoyu0512workout|hsianshun0514workout|tsenyu0515workout|yushuan0513workout|ziho0512workout,yoru0511workout,yanz0510workout,yanz0510workout,db_rdl,0,3,3.0,3.3190703218505013,movement_rate,velocity_proxy,velocity proxy,3,3,3-4,3-4
M4_add_one__movement_rate,ridge,4,haoyu0512workout|hsianshun0514workout|tsenyu0515workout|yushuan0513workout|ziho0512workout,yoru0511workout,yanz0510workout,yanz0510workout,db_rdl,0,4,3.0,3.6722239323144255,movement_rate,velocity_proxy,velocity proxy,3,4,3-4,3-4
M4_add_one__movement_rate,ridge,4,haoyu0512workout|hsianshun0514workout|tsenyu0515workout|yushuan0513workout|ziho0512workout,yoru0511workout,yanz0510workout,yanz0510workout,db_rdl,0,5,3.0,4.044311017408322,movement_rate,velocity_proxy,velocity proxy,3,4,3-4,3-4
M4_add_one__movement_rate,ridge,4,haoyu0512workout|hsianshun0514workout|tsenyu0515workout|yushuan0513workout|ziho0512workout,yoru0511workout,yanz0510workout,yanz0510workout,db_rdl,0,6,4.0,4.39385110245977,movement_rate,velocity_proxy,velocity proxy,4,4,3-4,3-4
M4_add_one__movement_rate,ridge,4,haoyu0512workout|hsianshun0514workout|tsenyu0515workout|yushuan0513workout|ziho0512workout,yoru0511workout,yanz0510workout,yanz0510workout,db_rdl,0,7,4.0,4.702008614282827,movement_rate,velocity_proxy,velocity proxy,4,5,3-4,5-6
M4_add_one__movement_rate,ridge,4,haoyu0512workout|hsianshun0514workout|tsenyu0515workout|yushuan0513workout|ziho0512workout,yoru0511workout,yanz0510workout,yanz0510workout,db_rdl,0,8,5.0,5.191709725139363,movement_rate,velocity_proxy,velocity proxy,5,5,5-6,5-6
M4_add_one__movement_rate,ridge,4,haoyu0512workout|hsianshun0514workout|tsenyu0515workout|yushuan0513workout|ziho0512workout,yoru0511workout,yanz0510workout,yanz0510workout,db_rdl,0,9,5.0,5.567011293028581,movement_rate,velocity_proxy,velocity proxy,5,6,5-6,5-6
M4_add_one__movement_rate,ridge,4,haoyu0512workout|hsianshun0514workout|tsenyu0515workout|yushuan0513workout|ziho0512workout,yoru0511workout,yanz0510workout,yanz0510workout,db_rdl,0,10,5.0,5.95323809314535,movement_rate,velocity_proxy,velocity proxy,5,6,5-6,5-6
M4_add_one__movement_rate,ridge,4,haoyu0512workout|hsianshun0514workout|tsenyu0515workout|yushuan0513workout|ziho0512workout,yoru0511workout,yanz0510workout,yanz0510workout,db_rdl,0,11,5.0,6.253233191435412,movement_rate,velocity_proxy,velocity proxy,5,6,5-6,5-6
M4_add_one__movement_rate,ridge,4,haoyu0512workout|hsianshun0514workout|tsenyu0515workout|yushuan0513workout|ziho0512workout,yoru0511workout,yanz0510workout,yanz0510workout,db_rdl,1,0,6.0,3.252203572725883,movement_rate,velocity_proxy,velocity proxy,6,3,5-6,3-4
M4_add_one__movement_rate,ridge,4,haoyu0512workout|hsianshun0514workout|tsenyu0515workout|yushuan0513workout|ziho0512workout,yoru0511workout,yanz0510workout,yanz0510workout,db_rdl,1,1,6.0,3.665046126294451,movement_rate,velocity_proxy,velocity proxy,6,4,5-6,3-4
M4_add_one__movement_rate,ridge,4,haoyu0512workout|hsianshun0514workout|tsenyu0515workout|yushuan0513workout|ziho0512workout,yoru0511workout,yanz0510workout,yanz0510workout,db_rdl,1,2,6.0,4.008512508919213,movement_rate,velocity_proxy,velocity proxy,6,4,5-6,3-4
M4_add_one__movement_rate,ridge,4,haoyu0512workout|hsianshun0514workout|tsenyu0515workout|yushuan0513workout|ziho0512workout,yoru0511workout,yanz0510workout,yanz0510workout,db_rdl,1,3,6.0,4.397558726364671,movement_rate,velocity_proxy,velocity proxy,6,4,5-6,3-4
M4_add_one__movement_rate,ridge,4,haoyu0512workout|hsianshun0514workout|tsenyu0515workout|yushuan0513workout|ziho0512workout,yoru0511workout,yanz0510workout,yanz0510workout,db_rdl,1,4,6.0,4.768141118728024,movement_rate,velocity_proxy,velocity proxy,6,5,5-6,5-6
M4_add_one__movement_rate,ridge,4,haoyu0512workout|hsianshun0514workout|tsenyu0515workout|yushuan0513workout|ziho0512workout,yoru0511workout,yanz0510workout,yanz0510workout,db_rdl,1,5,6.0,5.051949654598311,movement_rate,velocity_proxy,velocity proxy,6,5,5-6,5-6
M4_add_one__movement_rate,ridge,4,haoyu0512workout|hsianshun0514workout|tsenyu0515workout|yushuan0513workout|ziho0512workout,yoru0511workout,yanz0510workout,yanz0510workout,db_rdl,1,6,6.0,5.51326940801872,movement_rate,velocity_proxy,velocity proxy,6,6,5-6,5-6
M4_add_one__movement_rate,ridge,4,haoyu0512workout|hsianshun0514workout|tsenyu0515workout|yushuan0513workout|ziho0512workout,yoru0511workout,yanz0510workout,yanz0510workout,db_rdl,1,7,6.0,5.931811359097144,movement_rate,velocity_proxy,velocity proxy,6,6,5-6,5-6
M4_add_one__movement_rate,ridge,4,haoyu0512workout|hsianshun0514workout|tsenyu0515workout|yushuan0513workout|ziho0512workout,yoru0511workout,yanz0510workout,yanz0510workout,db_rdl,1,8,7.0,6.274840299184055,movement_rate,velocity_proxy,velocity proxy,7,6,7-8,5-6
M4_add_one__movement_rate,ridge,4,haoyu0512workout|hsianshun0514workout|tsenyu0515workout|yushuan0513workout|ziho0512workout,yoru0511workout,yanz0510workout,yanz0510workout,db_rdl,1,9,7.0,6.717831674236333,movement_rate,velocity_proxy,velocity proxy,7,7,7-8,7-8
M4_add_one__movement_rate,ridge,4,haoyu0512workout|hsianshun0514workout|tsenyu0515workout|yushuan0513workout|ziho0512workout,yoru0511workout,yanz0510workout,yanz0510workout,db_rdl,1,10,7.0,6.942321860892466,movement_rate,velocity_proxy,velocity proxy,7,7,7-8,7-8
M4_add_one__movement_rate,ridge,4,haoyu0512workout|hsianshun0514workout|tsenyu0515workout|yushuan0513workout|ziho0512workout,yoru0511workout,yanz0510workout,yanz0510workout,db_rdl,1,11,8.0,7.424319784036166,movement_rate,velocity_proxy,velocity proxy,8,7,7-8,7-8
M4_add_one__movement_rate,ridge,4,haoyu0512workout|hsianshun0514workout|tsenyu0515workout|yushuan0513workout|ziho0512workout,yoru0511workout,yanz0510workout,yanz0510workout,db_rdl,2,0,7.0,4.335987697278197,movement_rate,velocity_proxy,velocity proxy,7,4,7-8,3-4
M4_add_one__movement_rate,ridge,4,haoyu0512workout|hsianshun0514workout|tsenyu0515workout|yushuan0513workout|ziho0512workout,yoru0511workout,yanz0510workout,yanz0510workout,db_rdl,2,1,7.0,4.770576265699598,movement_rate,velocity_proxy,velocity proxy,7,5,7-8,5-6
M4_add_one__movement_rate,ridge,4,haoyu0512workout|hsianshun0514workout|tsenyu0515workout|yushuan0513workout|ziho0512workout,yoru0511workout,yanz0510workout,yanz0510workout,db_rdl,2,2,7.0,5.1446371119087795,movement_rate,velocity_proxy,velocity proxy,7,5,7-8,5-6
M4_add_one__movement_rate,ridge,4,haoyu0512workout|hsianshun0514workout|tsenyu0515workout|yushuan0513workout|ziho0512workout,yoru0511workout,yanz0510workout,yanz0510workout,db_rdl,2,3,7.0,5.527981366142191,movement_rate,velocity_proxy,velocity proxy,7,6,7-8,5-6
M4_add_one__movement_rate,ridge,4,haoyu0512workout|hsianshun0514workout|tsenyu0515workout|yushuan0513workout|ziho0512workout,yoru0511workout,yanz0510workout,yanz0510workout,db_rdl,2,4,7.0,5.894322197111443,movement_rate,velocity_proxy,velocity proxy,7,6,7-8,5-6
M4_add_one__movement_rate,ridge,4,haoyu0512workout|hsianshun0514workout|tsenyu0515workout|yushuan0513workout|ziho0512workout,yoru0511workout,yanz0510workout,yanz0510workout,db_rdl,2,5,7.0,6.301547019464849,movement_rate,velocity_proxy,velocity proxy,7,6,7-8,5-6
M4_add_one__movement_rate,ridge,4,haoyu0512workout|hsianshun0514workout|tsenyu0515workout|yushuan0513workout|ziho0512workout,yoru0511workout,yanz0510workout,yanz0510workout,db_rdl,2,6,7.0,6.662385444166771,movement_rate,velocity_proxy,velocity proxy,7,7,7-8,7-8
M4_add_one__movement_rate,ridge,4,haoyu0512workout|hsianshun0514workout|tsenyu0515workout|yushuan0513workout|ziho0512workout,yoru0511workout,yanz0510workout,yanz0510workout,db_rdl,2,7,8.0,7.052909886090416,movement_rate,velocity_proxy,velocity proxy,8,7,7-8,7-8
M4_add_one__movement_rate,ridge,4,haoyu0512workout|hsianshun0514workout|tsenyu0515workout|yushuan0513workout|ziho0512workout,yoru0511workout,yanz0510workout,yanz0510workout,db_rdl,2,8,8.0,7.349980545946378,movement_rate,velocity_proxy,velocity proxy,8,7,7-8,7-8
M4_add_one__movement_rate,ridge,4,haoyu0512workout|hsianshun0514workout|tsenyu0515workout|yushuan0513workout|ziho0512workout,yoru0511workout,yanz0510workout,yanz0510workout,db_rdl,2,9,9.0,7.807071247661751,movement_rate,velocity_proxy,velocity proxy,9,8,9-10,7-8
M4_add_one__movement_rate,ridge,4,haoyu0512workout|hsianshun0514workout|tsenyu0515workout|yushuan0513workout|ziho0512workout,yoru0511workout,yanz0510workout,yanz0510workout,db_rdl,2,10,9.0,8.048651082651245,movement_rate,velocity_proxy,velocity proxy,9,8,9-10,7-8
M4_add_one__movement_rate,ridge,4,haoyu0512workout|hsianshun0514workout|tsenyu0515workout|yushuan0513workout|ziho0512workout,yoru0511workout,yanz0510workout,yanz0510workout,db_rdl,2,11,9.0,8.468882245665263,movement_rate,velocity_proxy,velocity proxy,9,8,9-10,7-8
M4_add_one__movement_rate,ridge,4,haoyu0512workout|hsianshun0514workout|tsenyu0515workout|yushuan0513workout|ziho0512workout,yoru0511workout,yanz0510workout,yanz0510workout,db_shoulder_press,1,0,1.0,3.6950616309566824,movement_rate,velocity_proxy,velocity proxy,1,4,1-2,3-4
M4_add_one__movement_rate,ridge,4,haoyu0512workout|hsianshun0514workout|tsenyu0515workout|yushuan0513workout|ziho0512workout,yoru0511workout,yanz0510workout,yanz0510workout,db_shoulder_press,1,1,2.0,3.935040823260491,movement_rate,velocity_proxy,velocity proxy,2,4,1-2,3-4
M4_add_one__movement_rate,ridge,4,haoyu0512workout|hsianshun0514workout|tsenyu0515workout|yushuan0513workout|ziho0512workout,yoru0511workout,yanz0510workout,yanz0510workout,db_shoulder_press,1,2,2.0,4.497415846219961,movement_rate,velocity_proxy,velocity proxy,2,4,1-2,3-4
M4_add_one__movement_rate,ridge,4,haoyu0512workout|hsianshun0514workout|tsenyu0515workout|yushuan0513workout|ziho0512workout,yoru0511workout,yanz0510workout,yanz0510workout,db_shoulder_press,1,3,3.0,4.768737228289745,movement_rate,velocity_proxy,velocity proxy,3,5,3-4,5-6
M4_add_one__movement_rate,ridge,4,haoyu0512workout|hsianshun0514workout|tsenyu0515workout|yushuan0513workout|ziho0512workout,yoru0511workout,yanz0510workout,yanz0510workout,db_shoulder_press,1,4,3.0,5.215323442929434,movement_rate,velocity_proxy,velocity proxy,3,5,3-4,5-6
M4_add_one__movement_rate,ridge,4,haoyu0512workout|hsianshun0514workout|tsenyu0515workout|yushuan0513workout|ziho0512workout,yoru0511workout,yanz0510workout,yanz0510workout,db_shoulder_press,1,5,4.0,5.482031373382089,movement_rate,velocity_proxy,velocity proxy,4,5,3-4,5-6
M4_add_one__movement_rate,ridge,4,haoyu0512workout|hsianshun0514workout|tsenyu0515workout|yushuan0513workout|ziho0512workout,yoru0511workout,yanz0510workout,yanz0510workout,db_shoulder_press,1,6,4.0,5.863067984590567,movement_rate,velocity_proxy,velocity proxy,4,6,3-4,5-6
M4_add_one__movement_rate,ridge,4,haoyu0512workout|hsianshun0514workout|tsenyu0515workout|yushuan0513workout|ziho0512workout,yoru0511workout,yanz0510workout,yanz0510workout,db_shoulder_press,1,7,5.0,6.240536989841017,movement_rate,velocity_proxy,velocity proxy,5,6,5-6,5-6
M4_add_one__movement_rate,ridge,4,haoyu0512workout|hsianshun0514workout|tsenyu0515workout|yushuan0513workout|ziho0512workout,yoru0511workout,yanz0510workout,yanz0510workout,db_shoulder_press,1,8,5.0,6.539707317765899,movement_rate,velocity_proxy,velocity proxy,5,7,5-6,7-8
M4_add_one__movement_rate,ridge,4,haoyu0512workout|hsianshun0514workout|tsenyu0515workout|yushuan0513workout|ziho0512workout,yoru0511workout,yanz0510workout,yanz0510workout,db_shoulder_press,1,9,6.0,6.966582432397897,movement_rate,velocity_proxy,velocity proxy,6,7,5-6,7-8
M4_add_one__movement_rate,ridge,4,haoyu0512workout|hsianshun0514workout|tsenyu0515workout|yushuan0513workout|ziho0512workout,yoru0511workout,yanz0510workout,yanz0510workout,db_shoulder_press,1,10,6.0,7.2322530004888925,movement_rate,velocity_proxy,velocity proxy,6,7,5-6,7-8
M4_add_one__movement_rate,ridge,4,haoyu0512workout|hsianshun0514workout|tsenyu0515workout|yushuan0513workout|ziho0512workout,yoru0511workout,yanz0510workout,yanz0510workout,db_shoulder_press,1,11,7.0,7.704498076884622,movement_rate,velocity_proxy,velocity proxy,7,8,7-8,7-8
M4_add_one__movement_rate,ridge,4,haoyu0512workout|hsianshun0514workout|tsenyu0515workout|yushuan0513workout|ziho0512workout,yoru0511workout,yanz0510workout,yanz0510workout,db_shoulder_press,2,0,8.0,4.748487162704042,movement_rate,velocity_proxy,velocity proxy,8,5,7-8,5-6
M4_add_one__movement_rate,ridge,4,haoyu0512workout|hsianshun0514workout|tsenyu0515workout|yushuan0513workout|ziho0512workout,yoru0511workout,yanz0510workout,yanz0510workout,db_shoulder_press,2,1,8.0,5.437819082916904,movement_rate,velocity_proxy,velocity proxy,8,5,7-8,5-6
M4_add_one__movement_rate,ridge,4,haoyu0512workout|hsianshun0514workout|tsenyu0515workout|yushuan0513workout|ziho0512workout,yoru0511workout,yanz0510workout,yanz0510workout,db_shoulder_press,2,2,8.0,5.953408113296502,movement_rate,velocity_proxy,velocity proxy,8,6,7-8,5-6
M4_add_one__movement_rate,ridge,4,haoyu0512workout|hsianshun0514workout|tsenyu0515workout|yushuan0513workout|ziho0512workout,yoru0511workout,yanz0510workout,yanz0510workout,db_shoulder_press,2,3,8.0,6.644078597909376,movement_rate,velocity_proxy,velocity proxy,8,7,7-8,7-8
M4_add_one__movement_rate,ridge,4,haoyu0512workout|hsianshun0514workout|tsenyu0515workout|yushuan0513workout|ziho0512workout,yoru0511workout,yanz0510workout,yanz0510workout,db_shoulder_press,2,4,9.0,7.19153233066938,movement_rate,velocity_proxy,velocity proxy,9,7,9-10,7-8
M4_add_one__movement_rate,ridge,4,haoyu0512workout|hsianshun0514workout|tsenyu0515workout|yushuan0513workout|ziho0512workout,yoru0511workout,yanz0510workout,yanz0510workout,db_shoulder_press,2,5,9.0,7.910021854842047,movement_rate,velocity_proxy,velocity proxy,9,8,9-10,7-8
M4_add_one__movement_rate,ridge,4,haoyu0512workout|hsianshun0514workout|tsenyu0515workout|yushuan0513workout|ziho0512workout,yoru0511workout,yanz0510workout,yanz0510workout,db_shoulder_press,2,6,10.0,8.648410790722952,movement_rate,velocity_proxy,velocity proxy,10,9,9-10,9-10
M4_add_one__movement_rate,ridge,4,haoyu0512workout|hsianshun0514workout|tsenyu0515workout|yushuan0513workout|ziho0512workout,yoru0511workout,yanz0510workout,yanz0510workout,db_shoulder_press,3,0,8.0,5.704713205626796,movement_rate,velocity_proxy,velocity proxy,8,6,7-8,5-6
M4_add_one__movement_rate,ridge,4,haoyu0512workout|hsianshun0514workout|tsenyu0515workout|yushuan0513workout|ziho0512workout,yoru0511workout,yanz0510workout,yanz0510workout,db_shoulder_press,3,1,8.0,6.341655648250124,movement_rate,velocity_proxy,velocity proxy,8,6,7-8,5-6
M4_add_one__movement_rate,ridge,4,haoyu0512workout|hsianshun0514workout|tsenyu0515workout|yushuan0513workout|ziho0512workout,yoru0511workout,yanz0510workout,yanz0510workout,db_shoulder_press,3,2,8.0,7.099943858710769,movement_rate,velocity_proxy,velocity proxy,8,7,7-8,7-8
M4_add_one__movement_rate,ridge,4,haoyu0512workout|hsianshun0514workout|tsenyu0515workout|yushuan0513workout|ziho0512workout,yoru0511workout,yanz0510workout,yanz0510workout,db_shoulder_press,3,3,8.0,7.744018029295097,movement_rate,velocity_proxy,velocity proxy,8,8,7-8,7-8
M4_add_one__movement_rate,ridge,4,haoyu0512workout|hsianshun0514workout|tsenyu0515workout|yushuan0513workout|ziho0512workout,yoru0511workout,yanz0510workout,yanz0510workout,db_shoulder_press,3,4,9.0,8.214873616669538,movement_rate,velocity_proxy,velocity proxy,9,8,9-10,7-8
M4_add_one__movement_rate,ridge,4,haoyu0512workout|hsianshun0514workout|tsenyu0515workout|yushuan0513workout|ziho0512workout,yoru0511workout,yanz0510workout,yanz0510workout,db_shoulder_press,3,5,9.0,9.009174411279306,movement_rate,velocity_proxy,velocity proxy,9,9,9-10,9-10
M4_add_one__movement_rate,ridge,4,haoyu0512workout|hsianshun0514workout|tsenyu0515workout|yushuan0513workout|ziho0512workout,yoru0511workout,yanz0510workout,yanz0510workout,db_shoulder_press,3,6,10.0,9.41612936650261,movement_rate,velocity_proxy,velocity proxy,10,9,9-10,9-10
M4_add_one__movement_rate,ridge,4,haoyu0512workout|hsianshun0514workout|tsenyu0515workout|yushuan0513workout|ziho0512workout,yoru0511workout,yanz0510workout,yanz0510workout,db_squat,0,0,1.0,1.763851051195306,movement_rate,velocity_proxy,velocity proxy,1,2,1-2,1-2
M4_add_one__movement_rate,ridge,4,haoyu0512workout|hsianshun0514workout|tsenyu0515workout|yushuan0513workout|ziho0512workout,yoru0511workout,yanz0510workout,yanz0510workout,db_squat,0,1,1.0,1.9650189433899157,movement_rate,velocity_proxy,velocity proxy,1,2,1-2,1-2
M4_add_one__movement_rate,ridge,4,haoyu0512workout|hsianshun0514workout|tsenyu0515workout|yushuan0513workout|ziho0512workout,yoru0511workout,yanz0510workout,yanz0510workout,db_squat,0,2,2.0,2.3253711195720213,movement_rate,velocity_proxy,velocity proxy,2,2,1-2,1-2
M4_add_one__movement_rate,ridge,4,haoyu0512workout|hsianshun0514workout|tsenyu0515workout|yushuan0513workout|ziho0512workout,yoru0511workout,yanz0510workout,yanz0510workout,db_squat,0,3,2.0,2.7610964183353905,movement_rate,velocity_proxy,velocity proxy,2,3,1-2,3-4
M4_add_one__movement_rate,ridge,4,haoyu0512workout|hsianshun0514workout|tsenyu0515workout|yushuan0513workout|ziho0512workout,yoru0511workout,yanz0510workout,yanz0510workout,db_squat,0,4,2.0,3.099471320737168,movement_rate,velocity_proxy,velocity proxy,2,3,1-2,3-4
M4_add_one__movement_rate,ridge,4,haoyu0512workout|hsianshun0514workout|tsenyu0515workout|yushuan0513workout|ziho0512workout,yoru0511workout,yanz0510workout,yanz0510workout,db_squat,0,5,3.0,3.450499867875387,movement_rate,velocity_proxy,velocity proxy,3,3,3-4,3-4
M4_add_one__movement_rate,ridge,4,haoyu0512workout|hsianshun0514workout|tsenyu0515workout|yushuan0513workout|ziho0512workout,yoru0511workout,yanz0510workout,yanz0510workout,db_squat,0,6,3.0,3.8012205465178575,movement_rate,velocity_proxy,velocity proxy,3,4,3-4,3-4
M4_add_one__movement_rate,ridge,4,haoyu0512workout|hsianshun0514workout|tsenyu0515workout|yushuan0513workout|ziho0512workout,yoru0511workout,yanz0510workout,yanz0510workout,db_squat,0,7,4.0,4.135043902622137,movement_rate,velocity_proxy,velocity proxy,4,4,3-4,3-4
M4_add_one__movement_rate,ridge,4,haoyu0512workout|hsianshun0514workout|tsenyu0515workout|yushuan0513workout|ziho0512workout,yoru0511workout,yanz0510workout,yanz0510workout,db_squat,0,8,4.0,4.505598614545462,movement_rate,velocity_proxy,velocity proxy,4,5,3-4,5-6
M4_add_one__movement_rate,ridge,4,haoyu0512workout|hsianshun0514workout|tsenyu0515workout|yushuan0513workout|ziho0512workout,yoru0511workout,yanz0510workout,yanz0510workout,db_squat,0,9,5.0,4.785461205124465,movement_rate,velocity_proxy,velocity proxy,5,5,5-6,5-6
M4_add_one__movement_rate,ridge,4,haoyu0512workout|hsianshun0514workout|tsenyu0515workout|yushuan0513workout|ziho0512workout,yoru0511workout,yanz0510workout,yanz0510workout,db_squat,0,10,7.0,5.165125730483014,movement_rate,velocity_proxy,velocity proxy,7,5,7-8,5-6
M4_add_one__movement_rate,ridge,4,haoyu0512workout|hsianshun0514workout|tsenyu0515workout|yushuan0513workout|ziho0512workout,yoru0511workout,yanz0510workout,yanz0510workout,db_squat,0,11,7.0,5.631850138253753,movement_rate,velocity_proxy,velocity proxy,7,6,7-8,5-6
M4_add_one__movement_rate,ridge,4,haoyu0512workout|hsianshun0514workout|tsenyu0515workout|yushuan0513workout|ziho0512workout,yoru0511workout,yanz0510workout,yanz0510workout,db_squat,1,0,7.0,2.7305261114195325,movement_rate,velocity_proxy,velocity proxy,7,3,7-8,3-4
M4_add_one__movement_rate,ridge,4,haoyu0512workout|hsianshun0514workout|tsenyu0515workout|yushuan0513workout|ziho0512workout,yoru0511workout,yanz0510workout,yanz0510workout,db_squat,1,1,7.0,3.0309665415285916,movement_rate,velocity_proxy,velocity proxy,7,3,7-8,3-4
M4_add_one__movement_rate,ridge,4,haoyu0512workout|hsianshun0514workout|tsenyu0515workout|yushuan0513workout|ziho0512workout,yoru0511workout,yanz0510workout,yanz0510workout,db_squat,1,2,7.0,3.4087942911726,movement_rate,velocity_proxy,velocity proxy,7,3,7-8,3-4
M4_add_one__movement_rate,ridge,4,haoyu0512workout|hsianshun0514workout|tsenyu0515workout|yushuan0513workout|ziho0512workout,yoru0511workout,yanz0510workout,yanz0510workout,db_squat,1,3,7.0,3.8143094528251993,movement_rate,velocity_proxy,velocity proxy,7,4,7-8,3-4
M4_add_one__movement_rate,ridge,4,haoyu0512workout|hsianshun0514workout|tsenyu0515workout|yushuan0513workout|ziho0512workout,yoru0511workout,yanz0510workout,yanz0510workout,db_squat,1,4,7.0,4.13229490549122,movement_rate,velocity_proxy,velocity proxy,7,4,7-8,3-4
M4_add_one__movement_rate,ridge,4,haoyu0512workout|hsianshun0514workout|tsenyu0515workout|yushuan0513workout|ziho0512workout,yoru0511workout,yanz0510workout,yanz0510workout,db_squat,1,5,7.0,4.494915538045351,movement_rate,velocity_proxy,velocity proxy,7,4,7-8,3-4
M4_add_one__movement_rate,ridge,4,haoyu0512workout|hsianshun0514workout|tsenyu0515workout|yushuan0513workout|ziho0512workout,yoru0511workout,yanz0510workout,yanz0510workout,db_squat,1,6,7.0,4.833242216282599,movement_rate,velocity_proxy,velocity proxy,7,5,7-8,5-6
M4_add_one__movement_rate,ridge,4,haoyu0512workout|hsianshun0514workout|tsenyu0515workout|yushuan0513workout|ziho0512workout,yoru0511workout,yanz0510workout,yanz0510workout,db_squat,1,7,7.0,5.183881216392012,movement_rate,velocity_proxy,velocity proxy,7,5,7-8,5-6
M4_add_one__movement_rate,ridge,4,haoyu0512workout|hsianshun0514workout|tsenyu0515workout|yushuan0513workout|ziho0512workout,yoru0511workout,yanz0510workout,yanz0510workout,db_squat,1,8,8.0,5.480462782270351,movement_rate,velocity_proxy,velocity proxy,8,5,7-8,5-6
M4_add_one__movement_rate,ridge,4,haoyu0512workout|hsianshun0514workout|tsenyu0515workout|yushuan0513workout|ziho0512workout,yoru0511workout,yanz0510workout,yanz0510workout,db_squat,1,9,8.0,5.935066315995937,movement_rate,velocity_proxy,velocity proxy,8,6,7-8,5-6
M4_add_one__movement_rate,ridge,4,haoyu0512workout|hsianshun0514workout|tsenyu0515workout|yushuan0513workout|ziho0512workout,yoru0511workout,yanz0510workout,yanz0510workout,db_squat,1,10,8.0,6.204682964492915,movement_rate,velocity_proxy,velocity proxy,8,6,7-8,5-6
M4_add_one__movement_rate,ridge,4,haoyu0512workout|hsianshun0514workout|tsenyu0515workout|yushuan0513workout|ziho0512workout,yoru0511workout,yanz0510workout,yanz0510workout,db_squat,1,11,8.0,6.601124196887988,movement_rate,velocity_proxy,velocity proxy,8,7,7-8,7-8
M4_add_one__movement_rate,ridge,4,haoyu0512workout|hsianshun0514workout|tsenyu0515workout|yushuan0513workout|ziho0512workout,yoru0511workout,yanz0510workout,yanz0510workout,db_squat,2,0,8.0,3.472076007797201,movement_rate,velocity_proxy,velocity proxy,8,3,7-8,3-4
M4_add_one__movement_rate,ridge,4,haoyu0512workout|hsianshun0514workout|tsenyu0515workout|yushuan0513workout|ziho0512workout,yoru0511workout,yanz0510workout,yanz0510workout,db_squat,2,1,8.0,3.717444408957391,movement_rate,velocity_proxy,velocity proxy,8,4,7-8,3-4
M4_add_one__movement_rate,ridge,4,haoyu0512workout|hsianshun0514workout|tsenyu0515workout|yushuan0513workout|ziho0512workout,yoru0511workout,yanz0510workout,yanz0510workout,db_squat,2,2,8.0,4.50832899009408,movement_rate,velocity_proxy,velocity proxy,8,5,7-8,5-6
M4_add_one__movement_rate,ridge,4,haoyu0512workout|hsianshun0514workout|tsenyu0515workout|yushuan0513workout|ziho0512workout,yoru0511workout,yanz0510workout,yanz0510workout,db_squat,2,3,8.0,4.8947444685512895,movement_rate,velocity_proxy,velocity proxy,8,5,7-8,5-6
M4_add_one__movement_rate,ridge,4,haoyu0512workout|hsianshun0514workout|tsenyu0515workout|yushuan0513workout|ziho0512workout,yoru0511workout,yanz0510workout,yanz0510workout,db_squat,2,4,8.0,5.235450119131097,movement_rate,velocity_proxy,velocity proxy,8,5,7-8,5-6
M4_add_one__movement_rate,ridge,4,haoyu0512workout|hsianshun0514workout|tsenyu0515workout|yushuan0513workout|ziho0512workout,yoru0511workout,yanz0510workout,yanz0510workout,db_squat,2,5,8.0,5.585171756273784,movement_rate,velocity_proxy,velocity proxy,8,6,7-8,5-6
M4_add_one__movement_rate,ridge,4,haoyu0512workout|hsianshun0514workout|tsenyu0515workout|yushuan0513workout|ziho0512workout,yoru0511workout,yanz0510workout,yanz0510workout,db_squat,2,6,8.0,5.876713809801955,movement_rate,velocity_proxy,velocity proxy,8,6,7-8,5-6
M4_add_one__movement_rate,ridge,4,haoyu0512workout|hsianshun0514workout|tsenyu0515workout|yushuan0513workout|ziho0512workout,yoru0511workout,yanz0510workout,yanz0510workout,db_squat,2,7,8.0,6.311129357348222,movement_rate,velocity_proxy,velocity proxy,8,6,7-8,5-6
M4_add_one__movement_rate,ridge,4,haoyu0512workout|hsianshun0514workout|tsenyu0515workout|yushuan0513workout|ziho0512workout,yoru0511workout,yanz0510workout,yanz0510workout,db_squat,2,8,8.0,6.6199705500081665,movement_rate,velocity_proxy,velocity proxy,8,7,7-8,7-8
M4_add_one__movement_rate,ridge,4,haoyu0512workout|hsianshun0514workout|tsenyu0515workout|yushuan0513workout|ziho0512workout,yoru0511workout,yanz0510workout,yanz0510workout,db_squat,2,9,9.0,6.981856585210402,movement_rate,velocity_proxy,velocity proxy,9,7,9-10,7-8
M4_add_one__movement_rate,ridge,4,haoyu0512workout|hsianshun0514workout|tsenyu0515workout|yushuan0513workout|ziho0512workout,yoru0511workout,yanz0510workout,yanz0510workout,db_squat,2,10,9.0,7.34188669912238,movement_rate,velocity_proxy,velocity proxy,9,7,9-10,7-8
M4_add_one__movement_rate,ridge,4,haoyu0512workout|hsianshun0514workout|tsenyu0515workout|yushuan0513workout|ziho0512workout,yoru0511workout,yanz0510workout,yanz0510workout,db_squat,2,11,9.0,7.787887974496085,movement_rate,velocity_proxy,velocity proxy,9,8,9-10,7-8
M4_add_one__movement_rate,ridge,4,haoyu0512workout|hsianshun0514workout|tsenyu0515workout|yushuan0513workout|ziho0512workout,yoru0511workout,yanz0510workout,yanz0510workout,db_triceps_curl,0,0,1.0,2.1279939018109584,movement_rate,velocity_proxy,velocity proxy,1,2,1-2,1-2
M4_add_one__movement_rate,ridge,4,haoyu0512workout|hsianshun0514workout|tsenyu0515workout|yushuan0513workout|ziho0512workout,yoru0511workout,yanz0510workout,yanz0510workout,db_triceps_curl,0,1,2.0,2.5023243564675086,movement_rate,velocity_proxy,velocity proxy,2,3,1-2,3-4
M4_add_one__movement_rate,ridge,4,haoyu0512workout|hsianshun0514workout|tsenyu0515workout|yushuan0513workout|ziho0512workout,yoru0511workout,yanz0510workout,yanz0510workout,db_triceps_curl,0,2,2.0,2.8549733021868873,movement_rate,velocity_proxy,velocity proxy,2,3,1-2,3-4
M4_add_one__movement_rate,ridge,4,haoyu0512workout|hsianshun0514workout|tsenyu0515workout|yushuan0513workout|ziho0512workout,yoru0511workout,yanz0510workout,yanz0510workout,db_triceps_curl,0,3,3.0,3.250824196778195,movement_rate,velocity_proxy,velocity proxy,3,3,3-4,3-4
M4_add_one__movement_rate,ridge,4,haoyu0512workout|hsianshun0514workout|tsenyu0515workout|yushuan0513workout|ziho0512workout,yoru0511workout,yanz0510workout,yanz0510workout,db_triceps_curl,0,4,3.0,3.598641113156375,movement_rate,velocity_proxy,velocity proxy,3,4,3-4,3-4
M4_add_one__movement_rate,ridge,4,haoyu0512workout|hsianshun0514workout|tsenyu0515workout|yushuan0513workout|ziho0512workout,yoru0511workout,yanz0510workout,yanz0510workout,db_triceps_curl,0,5,4.0,3.9485753374709094,movement_rate,velocity_proxy,velocity proxy,4,4,3-4,3-4
M4_add_one__movement_rate,ridge,4,haoyu0512workout|hsianshun0514workout|tsenyu0515workout|yushuan0513workout|ziho0512workout,yoru0511workout,yanz0510workout,yanz0510workout,db_triceps_curl,0,6,6.0,4.295772103575913,movement_rate,velocity_proxy,velocity proxy,6,4,5-6,3-4
M4_add_one__movement_rate,ridge,4,haoyu0512workout|hsianshun0514workout|tsenyu0515workout|yushuan0513workout|ziho0512workout,yoru0511workout,yanz0510workout,yanz0510workout,db_triceps_curl,0,7,6.0,4.692226519869541,movement_rate,velocity_proxy,velocity proxy,6,5,5-6,5-6
M4_add_one__movement_rate,ridge,4,haoyu0512workout|hsianshun0514workout|tsenyu0515workout|yushuan0513workout|ziho0512workout,yoru0511workout,yanz0510workout,yanz0510workout,db_triceps_curl,0,8,6.0,5.029002655804974,movement_rate,velocity_proxy,velocity proxy,6,5,5-6,5-6
M4_add_one__movement_rate,ridge,4,haoyu0512workout|hsianshun0514workout|tsenyu0515workout|yushuan0513workout|ziho0512workout,yoru0511workout,yanz0510workout,yanz0510workout,db_triceps_curl,0,9,6.0,5.3968823934930175,movement_rate,velocity_proxy,velocity proxy,6,5,5-6,5-6
M4_add_one__movement_rate,ridge,4,haoyu0512workout|hsianshun0514workout|tsenyu0515workout|yushuan0513workout|ziho0512workout,yoru0511workout,yanz0510workout,yanz0510workout,db_triceps_curl,0,10,7.0,5.757163126644535,movement_rate,velocity_proxy,velocity proxy,7,6,7-8,5-6
M4_add_one__movement_rate,ridge,4,haoyu0512workout|hsianshun0514workout|tsenyu0515workout|yushuan0513workout|ziho0512workout,yoru0511workout,yanz0510workout,yanz0510workout,db_triceps_curl,0,11,7.0,6.132396091005498,movement_rate,velocity_proxy,velocity proxy,7,6,7-8,5-6
M4_add_one__movement_rate,ridge,4,haoyu0512workout|hsianshun0514workout|tsenyu0515workout|yushuan0513workout|ziho0512workout,yoru0511workout,yanz0510workout,yanz0510workout,db_triceps_curl,2,0,7.0,4.143519580848611,movement_rate,velocity_proxy,velocity proxy,7,4,7-8,3-4
M4_add_one__movement_rate,ridge,4,haoyu0512workout|hsianshun0514workout|tsenyu0515workout|yushuan0513workout|ziho0512workout,yoru0511workout,yanz0510workout,yanz0510workout,db_triceps_curl,2,1,7.0,4.6346875771474965,movement_rate,velocity_proxy,velocity proxy,7,5,7-8,5-6
M4_add_one__movement_rate,ridge,4,haoyu0512workout|hsianshun0514workout|tsenyu0515workout|yushuan0513workout|ziho0512workout,yoru0511workout,yanz0510workout,yanz0510workout,db_triceps_curl,2,2,7.0,5.034599314201456,movement_rate,velocity_proxy,velocity proxy,7,5,7-8,5-6
M4_add_one__movement_rate,ridge,4,haoyu0512workout|hsianshun0514workout|tsenyu0515workout|yushuan0513workout|ziho0512workout,yoru0511workout,yanz0510workout,yanz0510workout,db_triceps_curl,2,3,7.0,5.371869668386832,movement_rate,velocity_proxy,velocity proxy,7,5,7-8,5-6
M4_add_one__movement_rate,ridge,4,haoyu0512workout|hsianshun0514workout|tsenyu0515workout|yushuan0513workout|ziho0512workout,yoru0511workout,yanz0510workout,yanz0510workout,db_triceps_curl,2,4,7.0,5.693143765245688,movement_rate,velocity_proxy,velocity proxy,7,6,7-8,5-6
M4_add_one__movement_rate,ridge,4,haoyu0512workout|hsianshun0514workout|tsenyu0515workout|yushuan0513workout|ziho0512workout,yoru0511workout,yanz0510workout,yanz0510workout,db_triceps_curl,2,5,7.0,6.093144020892106,movement_rate,velocity_proxy,velocity proxy,7,6,7-8,5-6
M4_add_one__movement_rate,ridge,4,haoyu0512workout|hsianshun0514workout|tsenyu0515workout|yushuan0513workout|ziho0512workout,yoru0511workout,yanz0510workout,yanz0510workout,db_triceps_curl,2,6,7.0,6.453170944217336,movement_rate,velocity_proxy,velocity proxy,7,6,7-8,5-6
M4_add_one__movement_rate,ridge,4,haoyu0512workout|hsianshun0514workout|tsenyu0515workout|yushuan0513workout|ziho0512workout,yoru0511workout,yanz0510workout,yanz0510workout,db_triceps_curl,2,7,8.0,6.722653816649247,movement_rate,velocity_proxy,velocity proxy,8,7,7-8,7-8
M4_add_one__movement_rate,ridge,4,haoyu0512workout|hsianshun0514workout|tsenyu0515workout|yushuan0513workout|ziho0512workout,yoru0511workout,yanz0510workout,yanz0510workout,db_triceps_curl,2,8,8.0,7.152587516582917,movement_rate,velocity_proxy,velocity proxy,8,7,7-8,7-8
M4_add_one__movement_rate,ridge,4,haoyu0512workout|hsianshun0514workout|tsenyu0515workout|yushuan0513workout|ziho0512workout,yoru0511workout,yanz0510workout,yanz0510workout,db_triceps_curl,2,9,8.0,7.537855867924872,movement_rate,velocity_proxy,velocity proxy,8,8,7-8,7-8
M4_add_one__movement_rate,ridge,4,haoyu0512workout|hsianshun0514workout|tsenyu0515workout|yushuan0513workout|ziho0512workout,yoru0511workout,yanz0510workout,yanz0510workout,db_triceps_curl,2,10,8.0,7.841162992673665,movement_rate,velocity_proxy,velocity proxy,8,8,7-8,7-8
M4_add_one__movement_rate,ridge,4,haoyu0512workout|hsianshun0514workout|tsenyu0515workout|yushuan0513workout|ziho0512workout,yoru0511workout,yanz0510workout,yanz0510workout,db_triceps_curl,2,11,8.0,8.232073694765175,movement_rate,velocity_proxy,velocity proxy,8,8,7-8,7-8
M4_add_one__movement_rate,ridge,4,haoyu0512workout|hsianshun0514workout|tsenyu0515workout|yushuan0513workout|ziho0512workout,yoru0511workout,yanz0510workout,yanz0510workout,db_triceps_curl,4,0,8.0,6.468742078791209,movement_rate,velocity_proxy,velocity proxy,8,6,7-8,5-6
M4_add_one__movement_rate,ridge,4,haoyu0512workout|hsianshun0514workout|tsenyu0515workout|yushuan0513workout|ziho0512workout,yoru0511workout,yanz0510workout,yanz0510workout,db_triceps_curl,4,1,8.0,6.898662094084489,movement_rate,velocity_proxy,velocity proxy,8,7,7-8,7-8
M4_add_one__movement_rate,ridge,4,haoyu0512workout|hsianshun0514workout|tsenyu0515workout|yushuan0513workout|ziho0512workout,yoru0511workout,yanz0510workout,yanz0510workout,db_triceps_curl,4,2,8.0,7.222469297022036,movement_rate,velocity_proxy,velocity proxy,8,7,7-8,7-8
M4_add_one__movement_rate,ridge,4,haoyu0512workout|hsianshun0514workout|tsenyu0515workout|yushuan0513workout|ziho0512workout,yoru0511workout,yanz0510workout,yanz0510workout,db_triceps_curl,4,3,8.0,7.647303668753498,movement_rate,velocity_proxy,velocity proxy,8,8,7-8,7-8
M4_add_one__movement_rate,ridge,4,haoyu0512workout|hsianshun0514workout|tsenyu0515workout|yushuan0513workout|ziho0512workout,yoru0511workout,yanz0510workout,yanz0510workout,db_triceps_curl,4,4,8.0,8.012448315593193,movement_rate,velocity_proxy,velocity proxy,8,8,7-8,7-8
M4_add_one__movement_rate,ridge,4,haoyu0512workout|hsianshun0514workout|tsenyu0515workout|yushuan0513workout|ziho0512workout,yoru0511workout,yanz0510workout,yanz0510workout,db_triceps_curl,4,5,9.0,8.279776586874736,movement_rate,velocity_proxy,velocity proxy,9,8,9-10,7-8
M4_add_one__movement_rate,ridge,4,haoyu0512workout|hsianshun0514workout|tsenyu0515workout|yushuan0513workout|ziho0512workout,yoru0511workout,yanz0510workout,yanz0510workout,db_triceps_curl,4,6,9.0,8.67261126195607,movement_rate,velocity_proxy,velocity proxy,9,9,9-10,9-10
M4_add_one__movement_rate,ridge,4,haoyu0512workout|hsianshun0514workout|tsenyu0515workout|yushuan0513workout|ziho0512workout,yoru0511workout,yanz0510workout,yanz0510workout,db_triceps_curl,4,7,9.0,9.069669515714692,movement_rate,velocity_proxy,velocity proxy,9,9,9-10,9-10
M4_add_one__movement_rate,ridge,4,haoyu0512workout|hsianshun0514workout|tsenyu0515workout|yushuan0513workout|ziho0512workout,yoru0511workout,yanz0510workout,yanz0510workout,db_triceps_curl,4,8,9.0,9.396584496538452,movement_rate,velocity_proxy,velocity proxy,9,9,9-10,9-10
M4_add_one__movement_rate,ridge,4,haoyu0512workout|hsianshun0514workout|tsenyu0515workout|yushuan0513workout|ziho0512workout,yoru0511workout,yanz0510workout,yanz0510workout,db_triceps_curl,4,9,9.0,9.743176234142243,movement_rate,velocity_proxy,velocity proxy,9,10,9-10,9-10
M4_add_one__movement_rate,ridge,4,haoyu0512workout|hsianshun0514workout|tsenyu0515workout|yushuan0513workout|ziho0512workout,yoru0511workout,yanz0510workout,yanz0510workout,db_triceps_curl,4,10,9.0,10.120419821069865,movement_rate,velocity_proxy,velocity proxy,9,10,9-10,9-10
M4_add_one__movement_rate,ridge,4,haoyu0512workout|hsianshun0514workout|tsenyu0515workout|yushuan0513workout|ziho0512workout,yoru0511workout,yanz0510workout,yanz0510workout,db_triceps_curl,4,11,9.0,10.500212645812,movement_rate,velocity_proxy,velocity proxy,9,10,9-10,9-10
M4_add_one__movement_rate,ridge,4,haoyu0512workout|hsianshun0514workout|tsenyu0515workout|yushuan0513workout|ziho0512workout,yoru0511workout,yanz0510workout,yanz0510workout,db_weighted_crunch,0,0,1.0,1.0438758449339265,movement_rate,velocity_proxy,velocity proxy,1,1,1-2,1-2
M4_add_one__movement_rate,ridge,4,haoyu0512workout|hsianshun0514workout|tsenyu0515workout|yushuan0513workout|ziho0512workout,yoru0511workout,yanz0510workout,yanz0510workout,db_weighted_crunch,0,1,2.0,1.6745276897853725,movement_rate,velocity_proxy,velocity proxy,2,2,1-2,1-2
M4_add_one__movement_rate,ridge,4,haoyu0512workout|hsianshun0514workout|tsenyu0515workout|yushuan0513workout|ziho0512workout,yoru0511workout,yanz0510workout,yanz0510workout,db_weighted_crunch,0,2,2.0,2.024985109857233,movement_rate,velocity_proxy,velocity proxy,2,2,1-2,1-2
M4_add_one__movement_rate,ridge,4,haoyu0512workout|hsianshun0514workout|tsenyu0515workout|yushuan0513workout|ziho0512workout,yoru0511workout,yanz0510workout,yanz0510workout,db_weighted_crunch,0,3,3.0,2.263873893481441,movement_rate,velocity_proxy,velocity proxy,3,2,3-4,1-2
M4_add_one__movement_rate,ridge,4,haoyu0512workout|hsianshun0514workout|tsenyu0515workout|yushuan0513workout|ziho0512workout,yoru0511workout,yanz0510workout,yanz0510workout,db_weighted_crunch,0,4,4.0,2.741848270667067,movement_rate,velocity_proxy,velocity proxy,4,3,3-4,3-4
M4_add_one__movement_rate,ridge,4,haoyu0512workout|hsianshun0514workout|tsenyu0515workout|yushuan0513workout|ziho0512workout,yoru0511workout,yanz0510workout,yanz0510workout,db_weighted_crunch,0,5,4.0,3.1291448962551183,movement_rate,velocity_proxy,velocity proxy,4,3,3-4,3-4
M4_add_one__movement_rate,ridge,4,haoyu0512workout|hsianshun0514workout|tsenyu0515workout|yushuan0513workout|ziho0512workout,yoru0511workout,yanz0510workout,yanz0510workout,db_weighted_crunch,0,6,5.0,3.485038715654829,movement_rate,velocity_proxy,velocity proxy,5,3,5-6,3-4
M4_add_one__movement_rate,ridge,4,haoyu0512workout|hsianshun0514workout|tsenyu0515workout|yushuan0513workout|ziho0512workout,yoru0511workout,yanz0510workout,yanz0510workout,db_weighted_crunch,0,7,5.0,3.758817782766928,movement_rate,velocity_proxy,velocity proxy,5,4,5-6,3-4
M4_add_one__movement_rate,ridge,4,haoyu0512workout|hsianshun0514workout|tsenyu0515workout|yushuan0513workout|ziho0512workout,yoru0511workout,yanz0510workout,yanz0510workout,db_weighted_crunch,0,8,5.0,4.212129257717894,movement_rate,velocity_proxy,velocity proxy,5,4,5-6,3-4
M4_add_one__movement_rate,ridge,4,haoyu0512workout|hsianshun0514workout|tsenyu0515workout|yushuan0513workout|ziho0512workout,yoru0511workout,yanz0510workout,yanz0510workout,db_weighted_crunch,0,9,5.0,4.576918606653347,movement_rate,velocity_proxy,velocity proxy,5,5,5-6,5-6
M4_add_one__movement_rate,ridge,4,haoyu0512workout|hsianshun0514workout|tsenyu0515workout|yushuan0513workout|ziho0512workout,yoru0511workout,yanz0510workout,yanz0510workout,db_weighted_crunch,0,10,5.0,4.987651957269204,movement_rate,velocity_proxy,velocity proxy,5,5,5-6,5-6
M4_add_one__movement_rate,ridge,4,haoyu0512workout|hsianshun0514workout|tsenyu0515workout|yushuan0513workout|ziho0512workout,yoru0511workout,yanz0510workout,yanz0510workout,db_weighted_crunch,0,11,6.0,5.374661586471331,movement_rate,velocity_proxy,velocity proxy,6,5,5-6,5-6
M4_add_one__movement_rate,ridge,4,haoyu0512workout|hsianshun0514workout|tsenyu0515workout|yushuan0513workout|ziho0512workout,yoru0511workout,yanz0510workout,yanz0510workout,db_weighted_crunch,2,0,6.0,3.14059174722808,movement_rate,velocity_proxy,velocity proxy,6,3,5-6,3-4
M4_add_one__movement_rate,ridge,4,haoyu0512workout|hsianshun0514workout|tsenyu0515workout|yushuan0513workout|ziho0512workout,yoru0511workout,yanz0510workout,yanz0510workout,db_weighted_crunch,2,1,6.0,3.7496470378260303,movement_rate,velocity_proxy,velocity proxy,6,4,5-6,3-4
M4_add_one__movement_rate,ridge,4,haoyu0512workout|hsianshun0514workout|tsenyu0515workout|yushuan0513workout|ziho0512workout,yoru0511workout,yanz0510workout,yanz0510workout,db_weighted_crunch,2,2,6.0,4.119309245343552,movement_rate,velocity_proxy,velocity proxy,6,4,5-6,3-4
M4_add_one__movement_rate,ridge,4,haoyu0512workout|hsianshun0514workout|tsenyu0515workout|yushuan0513workout|ziho0512workout,yoru0511workout,yanz0510workout,yanz0510workout,db_weighted_crunch,2,3,6.0,4.532273672712695,movement_rate,velocity_proxy,velocity proxy,6,5,5-6,5-6
M4_add_one__movement_rate,ridge,4,haoyu0512workout|hsianshun0514workout|tsenyu0515workout|yushuan0513workout|ziho0512workout,yoru0511workout,yanz0510workout,yanz0510workout,db_weighted_crunch,2,4,6.0,4.798338142843089,movement_rate,velocity_proxy,velocity proxy,6,5,5-6,5-6
M4_add_one__movement_rate,ridge,4,haoyu0512workout|hsianshun0514workout|tsenyu0515workout|yushuan0513workout|ziho0512workout,yoru0511workout,yanz0510workout,yanz0510workout,db_weighted_crunch,2,5,6.0,5.3499941246635485,movement_rate,velocity_proxy,velocity proxy,6,5,5-6,5-6
M4_add_one__movement_rate,ridge,4,haoyu0512workout|hsianshun0514workout|tsenyu0515workout|yushuan0513workout|ziho0512workout,yoru0511workout,yanz0510workout,yanz0510workout,db_weighted_crunch,2,6,6.0,5.658650956307332,movement_rate,velocity_proxy,velocity proxy,6,6,5-6,5-6
M4_add_one__movement_rate,ridge,4,haoyu0512workout|hsianshun0514workout|tsenyu0515workout|yushuan0513workout|ziho0512workout,yoru0511workout,yanz0510workout,yanz0510workout,db_weighted_crunch,2,7,6.0,5.994178664838916,movement_rate,velocity_proxy,velocity proxy,6,6,5-6,5-6
M4_add_one__movement_rate,ridge,4,haoyu0512workout|hsianshun0514workout|tsenyu0515workout|yushuan0513workout|ziho0512workout,yoru0511workout,yanz0510workout,yanz0510workout,db_weighted_crunch,2,8,6.0,6.344665673398803,movement_rate,velocity_proxy,velocity proxy,6,6,5-6,5-6
M4_add_one__movement_rate,ridge,4,haoyu0512workout|hsianshun0514workout|tsenyu0515workout|yushuan0513workout|ziho0512workout,yoru0511workout,yanz0510workout,yanz0510workout,db_weighted_crunch,2,9,6.0,6.7052127676113535,movement_rate,velocity_proxy,velocity proxy,6,7,5-6,7-8
M4_add_one__movement_rate,ridge,4,haoyu0512workout|hsianshun0514workout|tsenyu0515workout|yushuan0513workout|ziho0512workout,yoru0511workout,yanz0510workout,yanz0510workout,db_weighted_crunch,2,10,7.0,7.114463947369226,movement_rate,velocity_proxy,velocity proxy,7,7,7-8,7-8
M4_add_one__movement_rate,ridge,4,haoyu0512workout|hsianshun0514workout|tsenyu0515workout|yushuan0513workout|ziho0512workout,yoru0511workout,yanz0510workout,yanz0510workout,db_weighted_crunch,2,11,7.0,7.547441780171162,movement_rate,velocity_proxy,velocity proxy,7,8,7-8,7-8
M4_add_one__movement_rate,ridge,4,haoyu0512workout|hsianshun0514workout|tsenyu0515workout|yushuan0513workout|ziho0512workout,yoru0511workout,yanz0510workout,yanz0510workout,db_weighted_crunch,3,0,7.0,4.259384011713605,movement_rate,velocity_proxy,velocity proxy,7,4,7-8,3-4
M4_add_one__movement_rate,ridge,4,haoyu0512workout|hsianshun0514workout|tsenyu0515workout|yushuan0513workout|ziho0512workout,yoru0511workout,yanz0510workout,yanz0510workout,db_weighted_crunch,3,1,7.0,4.814750707629305,movement_rate,velocity_proxy,velocity proxy,7,5,7-8,5-6
M4_add_one__movement_rate,ridge,4,haoyu0512workout|hsianshun0514workout|tsenyu0515workout|yushuan0513workout|ziho0512workout,yoru0511workout,yanz0510workout,yanz0510workout,db_weighted_crunch,3,2,7.0,5.241179129331802,movement_rate,velocity_proxy,velocity proxy,7,5,7-8,5-6
M4_add_one__movement_rate,ridge,4,haoyu0512workout|hsianshun0514workout|tsenyu0515workout|yushuan0513workout|ziho0512workout,yoru0511workout,yanz0510workout,yanz0510workout,db_weighted_crunch,3,3,7.0,5.577014477901274,movement_rate,velocity_proxy,velocity proxy,7,6,7-8,5-6
M4_add_one__movement_rate,ridge,4,haoyu0512workout|hsianshun0514workout|tsenyu0515workout|yushuan0513workout|ziho0512workout,yoru0511workout,yanz0510workout,yanz0510workout,db_weighted_crunch,3,4,7.0,5.85514454471129,movement_rate,velocity_proxy,velocity proxy,7,6,7-8,5-6
M4_add_one__movement_rate,ridge,4,haoyu0512workout|hsianshun0514workout|tsenyu0515workout|yushuan0513workout|ziho0512workout,yoru0511workout,yanz0510workout,yanz0510workout,db_weighted_crunch,3,5,7.0,6.393158108309589,movement_rate,velocity_proxy,velocity proxy,7,6,7-8,5-6
M4_add_one__movement_rate,ridge,4,haoyu0512workout|hsianshun0514workout|tsenyu0515workout|yushuan0513workout|ziho0512workout,yoru0511workout,yanz0510workout,yanz0510workout,db_weighted_crunch,3,6,7.0,6.6666710594717244,movement_rate,velocity_proxy,velocity proxy,7,7,7-8,7-8
M4_add_one__movement_rate,ridge,4,haoyu0512workout|hsianshun0514workout|tsenyu0515workout|yushuan0513workout|ziho0512workout,yoru0511workout,yanz0510workout,yanz0510workout,db_weighted_crunch,3,7,7.0,7.076591421233774,movement_rate,velocity_proxy,velocity proxy,7,7,7-8,7-8
M4_add_one__movement_rate,ridge,4,haoyu0512workout|hsianshun0514workout|tsenyu0515workout|yushuan0513workout|ziho0512workout,yoru0511workout,yanz0510workout,yanz0510workout,db_weighted_crunch,3,8,8.0,7.473729036577113,movement_rate,velocity_proxy,velocity proxy,8,7,7-8,7-8
M4_add_one__movement_rate,ridge,4,haoyu0512workout|hsianshun0514workout|tsenyu0515workout|yushuan0513workout|ziho0512workout,yoru0511workout,yanz0510workout,yanz0510workout,db_weighted_crunch,3,9,8.0,7.8068198687206,movement_rate,velocity_proxy,velocity proxy,8,8,7-8,7-8
M4_add_one__movement_rate,ridge,4,haoyu0512workout|hsianshun0514workout|tsenyu0515workout|yushuan0513workout|ziho0512workout,yoru0511workout,yanz0510workout,yanz0510workout,db_weighted_crunch,3,10,8.0,8.192583902634752,movement_rate,velocity_proxy,velocity proxy,8,8,7-8,7-8
M4_add_one__movement_rate,ridge,4,haoyu0512workout|hsianshun0514workout|tsenyu0515workout|yushuan0513workout|ziho0512workout,yoru0511workout,yanz0510workout,yanz0510workout,db_weighted_crunch,3,11,8.0,8.532372196474963,movement_rate,velocity_proxy,velocity proxy,8,9,7-8,9-10
M4_add_one__movement_rate,ridge,4,haoyu0512workout|hsianshun0514workout|tsenyu0515workout|yushuan0513workout|ziho0512workout,yoru0511workout,yanz0510workout,yanz0510workout,one_arm_db_row,0,0,1.0,2.573920501270562,movement_rate,velocity_proxy,velocity proxy,1,3,1-2,3-4
M4_add_one__movement_rate,ridge,4,haoyu0512workout|hsianshun0514workout|tsenyu0515workout|yushuan0513workout|ziho0512workout,yoru0511workout,yanz0510workout,yanz0510workout,one_arm_db_row,0,1,2.0,3.064627767220007,movement_rate,velocity_proxy,velocity proxy,2,3,1-2,3-4
M4_add_one__movement_rate,ridge,4,haoyu0512workout|hsianshun0514workout|tsenyu0515workout|yushuan0513workout|ziho0512workout,yoru0511workout,yanz0510workout,yanz0510workout,one_arm_db_row,0,2,2.0,3.3695803321411013,movement_rate,velocity_proxy,velocity proxy,2,3,1-2,3-4
M4_add_one__movement_rate,ridge,4,haoyu0512workout|hsianshun0514workout|tsenyu0515workout|yushuan0513workout|ziho0512workout,yoru0511workout,yanz0510workout,yanz0510workout,one_arm_db_row,0,3,3.0,3.7120673081185696,movement_rate,velocity_proxy,velocity proxy,3,4,3-4,3-4
M4_add_one__movement_rate,ridge,4,haoyu0512workout|hsianshun0514workout|tsenyu0515workout|yushuan0513workout|ziho0512workout,yoru0511workout,yanz0510workout,yanz0510workout,one_arm_db_row,0,4,3.0,4.057703047557116,movement_rate,velocity_proxy,velocity proxy,3,4,3-4,3-4
M4_add_one__movement_rate,ridge,4,haoyu0512workout|hsianshun0514workout|tsenyu0515workout|yushuan0513workout|ziho0512workout,yoru0511workout,yanz0510workout,yanz0510workout,one_arm_db_row,0,5,5.0,4.447213084254466,movement_rate,velocity_proxy,velocity proxy,5,4,5-6,3-4
M4_add_one__movement_rate,ridge,4,haoyu0512workout|hsianshun0514workout|tsenyu0515workout|yushuan0513workout|ziho0512workout,yoru0511workout,yanz0510workout,yanz0510workout,one_arm_db_row,0,6,5.0,4.835222699973718,movement_rate,velocity_proxy,velocity proxy,5,5,5-6,5-6
M4_add_one__movement_rate,ridge,4,haoyu0512workout|hsianshun0514workout|tsenyu0515workout|yushuan0513workout|ziho0512workout,yoru0511workout,yanz0510workout,yanz0510workout,one_arm_db_row,0,7,5.0,5.182907457811044,movement_rate,velocity_proxy,velocity proxy,5,5,5-6,5-6
M4_add_one__movement_rate,ridge,4,haoyu0512workout|hsianshun0514workout|tsenyu0515workout|yushuan0513workout|ziho0512workout,yoru0511workout,yanz0510workout,yanz0510workout,one_arm_db_row,0,8,5.0,5.480169814986482,movement_rate,velocity_proxy,velocity proxy,5,5,5-6,5-6
M4_add_one__movement_rate,ridge,4,haoyu0512workout|hsianshun0514workout|tsenyu0515workout|yushuan0513workout|ziho0512workout,yoru0511workout,yanz0510workout,yanz0510workout,one_arm_db_row,0,9,5.0,5.823778014827627,movement_rate,velocity_proxy,velocity proxy,5,6,5-6,5-6
M4_add_one__movement_rate,ridge,4,haoyu0512workout|hsianshun0514workout|tsenyu0515workout|yushuan0513workout|ziho0512workout,yoru0511workout,yanz0510workout,yanz0510workout,one_arm_db_row,0,10,5.0,6.262675322735195,movement_rate,velocity_proxy,velocity proxy,5,6,5-6,5-6
M4_add_one__movement_rate,ridge,4,haoyu0512workout|hsianshun0514workout|tsenyu0515workout|yushuan0513workout|ziho0512workout,yoru0511workout,yanz0510workout,yanz0510workout,one_arm_db_row,0,11,6.0,6.567198673275359,movement_rate,velocity_proxy,velocity proxy,6,7,5-6,7-8
M4_add_one__movement_rate,ridge,4,haoyu0512workout|hsianshun0514workout|tsenyu0515workout|yushuan0513workout|ziho0512workout,yoru0511workout,yanz0510workout,yanz0510workout,one_arm_db_row,1,0,5.0,3.615429504961593,movement_rate,velocity_proxy,velocity proxy,5,4,5-6,3-4
M4_add_one__movement_rate,ridge,4,haoyu0512workout|hsianshun0514workout|tsenyu0515workout|yushuan0513workout|ziho0512workout,yoru0511workout,yanz0510workout,yanz0510workout,one_arm_db_row,1,1,5.0,4.020939513499089,movement_rate,velocity_proxy,velocity proxy,5,4,5-6,3-4
M4_add_one__movement_rate,ridge,4,haoyu0512workout|hsianshun0514workout|tsenyu0515workout|yushuan0513workout|ziho0512workout,yoru0511workout,yanz0510workout,yanz0510workout,one_arm_db_row,1,2,5.0,4.263693690474716,movement_rate,velocity_proxy,velocity proxy,5,4,5-6,3-4
M4_add_one__movement_rate,ridge,4,haoyu0512workout|hsianshun0514workout|tsenyu0515workout|yushuan0513workout|ziho0512workout,yoru0511workout,yanz0510workout,yanz0510workout,one_arm_db_row,1,3,5.0,4.664294876862136,movement_rate,velocity_proxy,velocity proxy,5,5,5-6,5-6
M4_add_one__movement_rate,ridge,4,haoyu0512workout|hsianshun0514workout|tsenyu0515workout|yushuan0513workout|ziho0512workout,yoru0511workout,yanz0510workout,yanz0510workout,one_arm_db_row,1,4,5.0,5.1145073765717175,movement_rate,velocity_proxy,velocity proxy,5,5,5-6,5-6
M4_add_one__movement_rate,ridge,4,haoyu0512workout|hsianshun0514workout|tsenyu0515workout|yushuan0513workout|ziho0512workout,yoru0511workout,yanz0510workout,yanz0510workout,one_arm_db_row,1,5,5.0,5.3788205081490394,movement_rate,velocity_proxy,velocity proxy,5,5,5-6,5-6
M4_add_one__movement_rate,ridge,4,haoyu0512workout|hsianshun0514workout|tsenyu0515workout|yushuan0513workout|ziho0512workout,yoru0511workout,yanz0510workout,yanz0510workout,one_arm_db_row,1,6,5.0,5.855814641453805,movement_rate,velocity_proxy,velocity proxy,5,6,5-6,5-6
M4_add_one__movement_rate,ridge,4,haoyu0512workout|hsianshun0514workout|tsenyu0515workout|yushuan0513workout|ziho0512workout,yoru0511workout,yanz0510workout,yanz0510workout,one_arm_db_row,1,7,6.0,6.193213143212087,movement_rate,velocity_proxy,velocity proxy,6,6,5-6,5-6
M4_add_one__movement_rate,ridge,4,haoyu0512workout|hsianshun0514workout|tsenyu0515workout|yushuan0513workout|ziho0512workout,yoru0511workout,yanz0510workout,yanz0510workout,one_arm_db_row,1,8,6.0,6.539248036646439,movement_rate,velocity_proxy,velocity proxy,6,7,5-6,7-8
M4_add_one__movement_rate,ridge,4,haoyu0512workout|hsianshun0514workout|tsenyu0515workout|yushuan0513workout|ziho0512workout,yoru0511workout,yanz0510workout,yanz0510workout,one_arm_db_row,1,9,6.0,6.883564273130688,movement_rate,velocity_proxy,velocity proxy,6,7,5-6,7-8
M4_add_one__movement_rate,ridge,4,haoyu0512workout|hsianshun0514workout|tsenyu0515workout|yushuan0513workout|ziho0512workout,yoru0511workout,yanz0510workout,yanz0510workout,one_arm_db_row,1,10,6.0,7.286827367870365,movement_rate,velocity_proxy,velocity proxy,6,7,5-6,7-8
M4_add_one__movement_rate,ridge,4,haoyu0512workout|hsianshun0514workout|tsenyu0515workout|yushuan0513workout|ziho0512workout,yoru0511workout,yanz0510workout,yanz0510workout,one_arm_db_row,1,11,7.0,7.633632505977824,movement_rate,velocity_proxy,velocity proxy,7,8,7-8,7-8
M4_add_one__movement_rate,ridge,4,haoyu0512workout|hsianshun0514workout|tsenyu0515workout|yushuan0513workout|ziho0512workout,yoru0511workout,yanz0510workout,yanz0510workout,one_arm_db_row,2,0,7.0,4.681687675382734,movement_rate,velocity_proxy,velocity proxy,7,5,7-8,5-6
M4_add_one__movement_rate,ridge,4,haoyu0512workout|hsianshun0514workout|tsenyu0515workout|yushuan0513workout|ziho0512workout,yoru0511workout,yanz0510workout,yanz0510workout,one_arm_db_row,2,1,7.0,5.0993722621427375,movement_rate,velocity_proxy,velocity proxy,7,5,7-8,5-6
M4_add_one__movement_rate,ridge,4,haoyu0512workout|hsianshun0514workout|tsenyu0515workout|yushuan0513workout|ziho0512workout,yoru0511workout,yanz0510workout,yanz0510workout,one_arm_db_row,2,2,7.0,5.4502872607659185,movement_rate,velocity_proxy,velocity proxy,7,5,7-8,5-6
M4_add_one__movement_rate,ridge,4,haoyu0512workout|hsianshun0514workout|tsenyu0515workout|yushuan0513workout|ziho0512workout,yoru0511workout,yanz0510workout,yanz0510workout,one_arm_db_row,2,3,7.0,5.762024842237553,movement_rate,velocity_proxy,velocity proxy,7,6,7-8,5-6
M4_add_one__movement_rate,ridge,4,haoyu0512workout|hsianshun0514workout|tsenyu0515workout|yushuan0513workout|ziho0512workout,yoru0511workout,yanz0510workout,yanz0510workout,one_arm_db_row,2,4,7.0,6.168072334618376,movement_rate,velocity_proxy,velocity proxy,7,6,7-8,5-6
M4_add_one__movement_rate,ridge,4,haoyu0512workout|hsianshun0514workout|tsenyu0515workout|yushuan0513workout|ziho0512workout,yoru0511workout,yanz0510workout,yanz0510workout,one_arm_db_row,2,5,7.0,6.516243886240599,movement_rate,velocity_proxy,velocity proxy,7,7,7-8,7-8
M4_add_one__movement_rate,ridge,4,haoyu0512workout|hsianshun0514workout|tsenyu0515workout|yushuan0513workout|ziho0512workout,yoru0511workout,yanz0510workout,yanz0510workout,one_arm_db_row,2,6,8.0,6.94664683018255,movement_rate,velocity_proxy,velocity proxy,8,7,7-8,7-8
M4_add_one__movement_rate,ridge,4,haoyu0512workout|hsianshun0514workout|tsenyu0515workout|yushuan0513workout|ziho0512workout,yoru0511workout,yanz0510workout,yanz0510workout,one_arm_db_row,2,7,8.0,7.204963607861107,movement_rate,velocity_proxy,velocity proxy,8,7,7-8,7-8
M4_add_one__movement_rate,ridge,4,haoyu0512workout|hsianshun0514workout|tsenyu0515workout|yushuan0513workout|ziho0512workout,yoru0511workout,yanz0510workout,yanz0510workout,one_arm_db_row,2,8,8.0,7.626862245514595,movement_rate,velocity_proxy,velocity proxy,8,8,7-8,7-8
M4_add_one__movement_rate,ridge,4,haoyu0512workout|hsianshun0514workout|tsenyu0515workout|yushuan0513workout|ziho0512workout,yoru0511workout,yanz0510workout,yanz0510workout,one_arm_db_row,2,9,8.0,8.020383081112604,movement_rate,velocity_proxy,velocity proxy,8,8,7-8,7-8
M4_add_one__movement_rate,ridge,4,haoyu0512workout|hsianshun0514workout|tsenyu0515workout|yushuan0513workout|ziho0512workout,yoru0511workout,yanz0510workout,yanz0510workout,one_arm_db_row,2,10,8.0,8.375496218095263,movement_rate,velocity_proxy,velocity proxy,8,8,7-8,7-8
M4_add_one__movement_rate,ridge,4,haoyu0512workout|hsianshun0514workout|tsenyu0515workout|yushuan0513workout|ziho0512workout,yoru0511workout,yanz0510workout,yanz0510workout,one_arm_db_row,2,11,9.0,8.765889909762329,movement_rate,velocity_proxy,velocity proxy,9,9,9-10,9-10
M4_add_one__movement_rate,ridge,5,haoyu0512workout|hsianshun0514workout|tsenyu0515workout|yanz0510workout|ziho0512workout,yushuan0513workout,yoru0511workout,yoru0511workout,db_bench_press,0,0,1.0,1.2676674733617714,movement_rate,velocity_proxy,velocity proxy,1,1,1-2,1-2
M4_add_one__movement_rate,ridge,5,haoyu0512workout|hsianshun0514workout|tsenyu0515workout|yanz0510workout|ziho0512workout,yushuan0513workout,yoru0511workout,yoru0511workout,db_bench_press,0,1,1.0,1.6654641035229378,movement_rate,velocity_proxy,velocity proxy,1,2,1-2,1-2
M4_add_one__movement_rate,ridge,5,haoyu0512workout|hsianshun0514workout|tsenyu0515workout|yanz0510workout|ziho0512workout,yushuan0513workout,yoru0511workout,yoru0511workout,db_bench_press,0,2,2.0,2.1510727249225288,movement_rate,velocity_proxy,velocity proxy,2,2,1-2,1-2
M4_add_one__movement_rate,ridge,5,haoyu0512workout|hsianshun0514workout|tsenyu0515workout|yanz0510workout|ziho0512workout,yushuan0513workout,yoru0511workout,yoru0511workout,db_bench_press,0,3,2.0,2.393493309186849,movement_rate,velocity_proxy,velocity proxy,2,2,1-2,1-2
M4_add_one__movement_rate,ridge,5,haoyu0512workout|hsianshun0514workout|tsenyu0515workout|yanz0510workout|ziho0512workout,yushuan0513workout,yoru0511workout,yoru0511workout,db_bench_press,0,4,2.0,2.747251768834263,movement_rate,velocity_proxy,velocity proxy,2,3,1-2,3-4
M4_add_one__movement_rate,ridge,5,haoyu0512workout|hsianshun0514workout|tsenyu0515workout|yanz0510workout|ziho0512workout,yushuan0513workout,yoru0511workout,yoru0511workout,db_bench_press,0,5,2.0,3.1409955204466735,movement_rate,velocity_proxy,velocity proxy,2,3,1-2,3-4
M4_add_one__movement_rate,ridge,5,haoyu0512workout|hsianshun0514workout|tsenyu0515workout|yanz0510workout|ziho0512workout,yushuan0513workout,yoru0511workout,yoru0511workout,db_bench_press,0,6,2.0,3.5080182833364852,movement_rate,velocity_proxy,velocity proxy,2,4,1-2,3-4
M4_add_one__movement_rate,ridge,5,haoyu0512workout|hsianshun0514workout|tsenyu0515workout|yanz0510workout|ziho0512workout,yushuan0513workout,yoru0511workout,yoru0511workout,db_bench_press,0,7,2.0,3.8921422706652424,movement_rate,velocity_proxy,velocity proxy,2,4,1-2,3-4
M4_add_one__movement_rate,ridge,5,haoyu0512workout|hsianshun0514workout|tsenyu0515workout|yanz0510workout|ziho0512workout,yushuan0513workout,yoru0511workout,yoru0511workout,db_bench_press,0,8,2.0,4.238793099759826,movement_rate,velocity_proxy,velocity proxy,2,4,1-2,3-4
M4_add_one__movement_rate,ridge,5,haoyu0512workout|hsianshun0514workout|tsenyu0515workout|yanz0510workout|ziho0512workout,yushuan0513workout,yoru0511workout,yoru0511workout,db_bench_press,0,9,2.0,4.702517150682935,movement_rate,velocity_proxy,velocity proxy,2,5,1-2,5-6
M4_add_one__movement_rate,ridge,5,haoyu0512workout|hsianshun0514workout|tsenyu0515workout|yanz0510workout|ziho0512workout,yushuan0513workout,yoru0511workout,yoru0511workout,db_bench_press,0,10,3.0,5.030379228126654,movement_rate,velocity_proxy,velocity proxy,3,5,3-4,5-6
M4_add_one__movement_rate,ridge,5,haoyu0512workout|hsianshun0514workout|tsenyu0515workout|yanz0510workout|ziho0512workout,yushuan0513workout,yoru0511workout,yoru0511workout,db_bench_press,0,11,3.0,5.132169358637311,movement_rate,velocity_proxy,velocity proxy,3,5,3-4,5-6
M4_add_one__movement_rate,ridge,5,haoyu0512workout|hsianshun0514workout|tsenyu0515workout|yanz0510workout|ziho0512workout,yushuan0513workout,yoru0511workout,yoru0511workout,db_bench_press,4,0,3.0,5.841334919824389,movement_rate,velocity_proxy,velocity proxy,3,6,3-4,5-6
M4_add_one__movement_rate,ridge,5,haoyu0512workout|hsianshun0514workout|tsenyu0515workout|yanz0510workout|ziho0512workout,yushuan0513workout,yoru0511workout,yoru0511workout,db_bench_press,4,1,3.0,6.3720620160386,movement_rate,velocity_proxy,velocity proxy,3,6,3-4,5-6
M4_add_one__movement_rate,ridge,5,haoyu0512workout|hsianshun0514workout|tsenyu0515workout|yanz0510workout|ziho0512workout,yushuan0513workout,yoru0511workout,yoru0511workout,db_bench_press,4,2,3.0,6.690850510276936,movement_rate,velocity_proxy,velocity proxy,3,7,3-4,7-8
M4_add_one__movement_rate,ridge,5,haoyu0512workout|hsianshun0514workout|tsenyu0515workout|yanz0510workout|ziho0512workout,yushuan0513workout,yoru0511workout,yoru0511workout,db_bench_press,4,3,3.0,7.089973260861873,movement_rate,velocity_proxy,velocity proxy,3,7,3-4,7-8
M4_add_one__movement_rate,ridge,5,haoyu0512workout|hsianshun0514workout|tsenyu0515workout|yanz0510workout|ziho0512workout,yushuan0513workout,yoru0511workout,yoru0511workout,db_bench_press,4,4,3.0,7.537715595705093,movement_rate,velocity_proxy,velocity proxy,3,8,3-4,7-8
M4_add_one__movement_rate,ridge,5,haoyu0512workout|hsianshun0514workout|tsenyu0515workout|yanz0510workout|ziho0512workout,yushuan0513workout,yoru0511workout,yoru0511workout,db_bench_press,4,5,3.0,7.980259556894458,movement_rate,velocity_proxy,velocity proxy,3,8,3-4,7-8
M4_add_one__movement_rate,ridge,5,haoyu0512workout|hsianshun0514workout|tsenyu0515workout|yanz0510workout|ziho0512workout,yushuan0513workout,yoru0511workout,yoru0511workout,db_bench_press,4,6,4.0,8.296457053101552,movement_rate,velocity_proxy,velocity proxy,4,8,3-4,7-8
M4_add_one__movement_rate,ridge,5,haoyu0512workout|hsianshun0514workout|tsenyu0515workout|yanz0510workout|ziho0512workout,yushuan0513workout,yoru0511workout,yoru0511workout,db_bench_press,4,7,4.0,8.688821022170847,movement_rate,velocity_proxy,velocity proxy,4,9,3-4,9-10
M4_add_one__movement_rate,ridge,5,haoyu0512workout|hsianshun0514workout|tsenyu0515workout|yanz0510workout|ziho0512workout,yushuan0513workout,yoru0511workout,yoru0511workout,db_bench_press,4,8,4.0,9.09069459183386,movement_rate,velocity_proxy,velocity proxy,4,9,3-4,9-10
M4_add_one__movement_rate,ridge,5,haoyu0512workout|hsianshun0514workout|tsenyu0515workout|yanz0510workout|ziho0512workout,yushuan0513workout,yoru0511workout,yoru0511workout,db_bench_press,4,9,4.0,9.31892128822831,movement_rate,velocity_proxy,velocity proxy,4,9,3-4,9-10
M4_add_one__movement_rate,ridge,5,haoyu0512workout|hsianshun0514workout|tsenyu0515workout|yanz0510workout|ziho0512workout,yushuan0513workout,yoru0511workout,yoru0511workout,db_bench_press,4,10,5.0,9.784917299150926,movement_rate,velocity_proxy,velocity proxy,5,10,5-6,9-10
M4_add_one__movement_rate,ridge,5,haoyu0512workout|hsianshun0514workout|tsenyu0515workout|yanz0510workout|ziho0512workout,yushuan0513workout,yoru0511workout,yoru0511workout,db_bench_press,4,11,5.0,9.87416151121627,movement_rate,velocity_proxy,velocity proxy,5,10,5-6,9-10
M4_add_one__movement_rate,ridge,5,haoyu0512workout|hsianshun0514workout|tsenyu0515workout|yanz0510workout|ziho0512workout,yushuan0513workout,yoru0511workout,yoru0511workout,db_bench_press,5,0,5.0,7.221752220926862,movement_rate,velocity_proxy,velocity proxy,5,7,5-6,7-8
M4_add_one__movement_rate,ridge,5,haoyu0512workout|hsianshun0514workout|tsenyu0515workout|yanz0510workout|ziho0512workout,yushuan0513workout,yoru0511workout,yoru0511workout,db_bench_press,5,1,5.0,7.506241336854831,movement_rate,velocity_proxy,velocity proxy,5,8,5-6,7-8
M4_add_one__movement_rate,ridge,5,haoyu0512workout|hsianshun0514workout|tsenyu0515workout|yanz0510workout|ziho0512workout,yushuan0513workout,yoru0511workout,yoru0511workout,db_bench_press,5,2,5.0,7.90937330863574,movement_rate,velocity_proxy,velocity proxy,5,8,5-6,7-8
M4_add_one__movement_rate,ridge,5,haoyu0512workout|hsianshun0514workout|tsenyu0515workout|yanz0510workout|ziho0512workout,yushuan0513workout,yoru0511workout,yoru0511workout,db_bench_press,5,3,5.0,8.321941030371484,movement_rate,velocity_proxy,velocity proxy,5,8,5-6,7-8
M4_add_one__movement_rate,ridge,5,haoyu0512workout|hsianshun0514workout|tsenyu0515workout|yanz0510workout|ziho0512workout,yushuan0513workout,yoru0511workout,yoru0511workout,db_bench_press,5,4,5.0,8.661780361752827,movement_rate,velocity_proxy,velocity proxy,5,9,5-6,9-10
M4_add_one__movement_rate,ridge,5,haoyu0512workout|hsianshun0514workout|tsenyu0515workout|yanz0510workout|ziho0512workout,yushuan0513workout,yoru0511workout,yoru0511workout,db_bench_press,5,5,6.0,9.086598816662184,movement_rate,velocity_proxy,velocity proxy,6,9,5-6,9-10
M4_add_one__movement_rate,ridge,5,haoyu0512workout|hsianshun0514workout|tsenyu0515workout|yanz0510workout|ziho0512workout,yushuan0513workout,yoru0511workout,yoru0511workout,db_bench_press,5,6,6.0,9.443192824620462,movement_rate,velocity_proxy,velocity proxy,6,9,5-6,9-10
M4_add_one__movement_rate,ridge,5,haoyu0512workout|hsianshun0514workout|tsenyu0515workout|yanz0510workout|ziho0512workout,yushuan0513workout,yoru0511workout,yoru0511workout,db_bench_press,5,7,6.0,9.757133257025451,movement_rate,velocity_proxy,velocity proxy,6,10,5-6,9-10
M4_add_one__movement_rate,ridge,5,haoyu0512workout|hsianshun0514workout|tsenyu0515workout|yanz0510workout|ziho0512workout,yushuan0513workout,yoru0511workout,yoru0511workout,db_bench_press,5,8,6.0,10.161223811133114,movement_rate,velocity_proxy,velocity proxy,6,10,5-6,9-10
M4_add_one__movement_rate,ridge,5,haoyu0512workout|hsianshun0514workout|tsenyu0515workout|yanz0510workout|ziho0512workout,yushuan0513workout,yoru0511workout,yoru0511workout,db_bench_press,5,9,7.0,10.556671525952812,movement_rate,velocity_proxy,velocity proxy,7,10,7-8,9-10
M4_add_one__movement_rate,ridge,5,haoyu0512workout|hsianshun0514workout|tsenyu0515workout|yanz0510workout|ziho0512workout,yushuan0513workout,yoru0511workout,yoru0511workout,db_bench_press,5,10,7.0,10.89604286780025,movement_rate,velocity_proxy,velocity proxy,7,10,7-8,9-10
M4_add_one__movement_rate,ridge,5,haoyu0512workout|hsianshun0514workout|tsenyu0515workout|yanz0510workout|ziho0512workout,yushuan0513workout,yoru0511workout,yoru0511workout,db_bench_press,5,11,7.0,10.973842160394144,movement_rate,velocity_proxy,velocity proxy,7,10,7-8,9-10
M4_add_one__movement_rate,ridge,5,haoyu0512workout|hsianshun0514workout|tsenyu0515workout|yanz0510workout|ziho0512workout,yushuan0513workout,yoru0511workout,yoru0511workout,db_biceps_curl,0,0,1.0,2.6807281979205992,movement_rate,velocity_proxy,velocity proxy,1,3,1-2,3-4
M4_add_one__movement_rate,ridge,5,haoyu0512workout|hsianshun0514workout|tsenyu0515workout|yanz0510workout|ziho0512workout,yushuan0513workout,yoru0511workout,yoru0511workout,db_biceps_curl,0,1,1.0,3.5203055832994012,movement_rate,velocity_proxy,velocity proxy,1,4,1-2,3-4
M4_add_one__movement_rate,ridge,5,haoyu0512workout|hsianshun0514workout|tsenyu0515workout|yanz0510workout|ziho0512workout,yushuan0513workout,yoru0511workout,yoru0511workout,db_biceps_curl,0,2,1.0,4.077759691182382,movement_rate,velocity_proxy,velocity proxy,1,4,1-2,3-4
M4_add_one__movement_rate,ridge,5,haoyu0512workout|hsianshun0514workout|tsenyu0515workout|yanz0510workout|ziho0512workout,yushuan0513workout,yoru0511workout,yoru0511workout,db_biceps_curl,0,3,3.0,4.631307527334231,movement_rate,velocity_proxy,velocity proxy,3,5,3-4,5-6
M4_add_one__movement_rate,ridge,5,haoyu0512workout|hsianshun0514workout|tsenyu0515workout|yanz0510workout|ziho0512workout,yushuan0513workout,yoru0511workout,yoru0511workout,db_biceps_curl,0,4,3.0,5.119141274543114,movement_rate,velocity_proxy,velocity proxy,3,5,3-4,5-6
M4_add_one__movement_rate,ridge,5,haoyu0512workout|hsianshun0514workout|tsenyu0515workout|yanz0510workout|ziho0512workout,yushuan0513workout,yoru0511workout,yoru0511workout,db_biceps_curl,0,5,5.0,5.6729370333239615,movement_rate,velocity_proxy,velocity proxy,5,6,5-6,5-6
M4_add_one__movement_rate,ridge,5,haoyu0512workout|hsianshun0514workout|tsenyu0515workout|yanz0510workout|ziho0512workout,yushuan0513workout,yoru0511workout,yoru0511workout,db_biceps_curl,0,6,5.0,6.205895342470891,movement_rate,velocity_proxy,velocity proxy,5,6,5-6,5-6
M4_add_one__movement_rate,ridge,5,haoyu0512workout|hsianshun0514workout|tsenyu0515workout|yanz0510workout|ziho0512workout,yushuan0513workout,yoru0511workout,yoru0511workout,db_biceps_curl,0,7,5.0,6.752991361375848,movement_rate,velocity_proxy,velocity proxy,5,7,5-6,7-8
M4_add_one__movement_rate,ridge,5,haoyu0512workout|hsianshun0514workout|tsenyu0515workout|yanz0510workout|ziho0512workout,yushuan0513workout,yoru0511workout,yoru0511workout,db_biceps_curl,0,8,6.0,7.172017137201436,movement_rate,velocity_proxy,velocity proxy,6,7,5-6,7-8
M4_add_one__movement_rate,ridge,5,haoyu0512workout|hsianshun0514workout|tsenyu0515workout|yanz0510workout|ziho0512workout,yushuan0513workout,yoru0511workout,yoru0511workout,db_biceps_curl,1,0,5.0,3.794179686793771,movement_rate,velocity_proxy,velocity proxy,5,4,5-6,3-4
M4_add_one__movement_rate,ridge,5,haoyu0512workout|hsianshun0514workout|tsenyu0515workout|yanz0510workout|ziho0512workout,yushuan0513workout,yoru0511workout,yoru0511workout,db_biceps_curl,1,1,5.0,4.5445176437593835,movement_rate,velocity_proxy,velocity proxy,5,5,5-6,5-6
M4_add_one__movement_rate,ridge,5,haoyu0512workout|hsianshun0514workout|tsenyu0515workout|yanz0510workout|ziho0512workout,yushuan0513workout,yoru0511workout,yoru0511workout,db_biceps_curl,1,2,5.0,4.93038016922984,movement_rate,velocity_proxy,velocity proxy,5,5,5-6,5-6
M4_add_one__movement_rate,ridge,5,haoyu0512workout|hsianshun0514workout|tsenyu0515workout|yanz0510workout|ziho0512workout,yushuan0513workout,yoru0511workout,yoru0511workout,db_biceps_curl,1,3,6.0,5.331784096716596,movement_rate,velocity_proxy,velocity proxy,6,5,5-6,5-6
M4_add_one__movement_rate,ridge,5,haoyu0512workout|hsianshun0514workout|tsenyu0515workout|yanz0510workout|ziho0512workout,yushuan0513workout,yoru0511workout,yoru0511workout,db_biceps_curl,1,4,6.0,5.6583878390602225,movement_rate,velocity_proxy,velocity proxy,6,6,5-6,5-6
M4_add_one__movement_rate,ridge,5,haoyu0512workout|hsianshun0514workout|tsenyu0515workout|yanz0510workout|ziho0512workout,yushuan0513workout,yoru0511workout,yoru0511workout,db_biceps_curl,1,5,6.0,6.092323438688284,movement_rate,velocity_proxy,velocity proxy,6,6,5-6,5-6
M4_add_one__movement_rate,ridge,5,haoyu0512workout|hsianshun0514workout|tsenyu0515workout|yanz0510workout|ziho0512workout,yushuan0513workout,yoru0511workout,yoru0511workout,db_biceps_curl,1,6,7.0,6.428988901316472,movement_rate,velocity_proxy,velocity proxy,7,6,7-8,5-6
M4_add_one__movement_rate,ridge,5,haoyu0512workout|hsianshun0514workout|tsenyu0515workout|yanz0510workout|ziho0512workout,yushuan0513workout,yoru0511workout,yoru0511workout,db_biceps_curl,1,7,7.0,6.861531950309716,movement_rate,velocity_proxy,velocity proxy,7,7,7-8,7-8
M4_add_one__movement_rate,ridge,5,haoyu0512workout|hsianshun0514workout|tsenyu0515workout|yanz0510workout|ziho0512workout,yushuan0513workout,yoru0511workout,yoru0511workout,db_biceps_curl,1,8,7.0,7.24350737745243,movement_rate,velocity_proxy,velocity proxy,7,7,7-8,7-8
M4_add_one__movement_rate,ridge,5,haoyu0512workout|hsianshun0514workout|tsenyu0515workout|yanz0510workout|ziho0512workout,yushuan0513workout,yoru0511workout,yoru0511workout,db_biceps_curl,1,9,8.0,7.5736724658088495,movement_rate,velocity_proxy,velocity proxy,8,8,7-8,7-8
M4_add_one__movement_rate,ridge,5,haoyu0512workout|hsianshun0514workout|tsenyu0515workout|yanz0510workout|ziho0512workout,yushuan0513workout,yoru0511workout,yoru0511workout,db_biceps_curl,1,10,8.0,7.874434534160532,movement_rate,velocity_proxy,velocity proxy,8,8,7-8,7-8
M4_add_one__movement_rate,ridge,5,haoyu0512workout|hsianshun0514workout|tsenyu0515workout|yanz0510workout|ziho0512workout,yushuan0513workout,yoru0511workout,yoru0511workout,db_biceps_curl,1,11,8.0,8.136701492084306,movement_rate,velocity_proxy,velocity proxy,8,8,7-8,7-8
M4_add_one__movement_rate,ridge,5,haoyu0512workout|hsianshun0514workout|tsenyu0515workout|yanz0510workout|ziho0512workout,yushuan0513workout,yoru0511workout,yoru0511workout,db_biceps_curl,2,0,6.0,4.882561994292651,movement_rate,velocity_proxy,velocity proxy,6,5,5-6,5-6
M4_add_one__movement_rate,ridge,5,haoyu0512workout|hsianshun0514workout|tsenyu0515workout|yanz0510workout|ziho0512workout,yushuan0513workout,yoru0511workout,yoru0511workout,db_biceps_curl,2,1,6.0,5.688205082523325,movement_rate,velocity_proxy,velocity proxy,6,6,5-6,5-6
M4_add_one__movement_rate,ridge,5,haoyu0512workout|hsianshun0514workout|tsenyu0515workout|yanz0510workout|ziho0512workout,yushuan0513workout,yoru0511workout,yoru0511workout,db_biceps_curl,2,2,6.0,6.091914318223119,movement_rate,velocity_proxy,velocity proxy,6,6,5-6,5-6
M4_add_one__movement_rate,ridge,5,haoyu0512workout|hsianshun0514workout|tsenyu0515workout|yanz0510workout|ziho0512workout,yushuan0513workout,yoru0511workout,yoru0511workout,db_biceps_curl,2,3,6.0,6.5250390631153365,movement_rate,velocity_proxy,velocity proxy,6,7,5-6,7-8
M4_add_one__movement_rate,ridge,5,haoyu0512workout|hsianshun0514workout|tsenyu0515workout|yanz0510workout|ziho0512workout,yushuan0513workout,yoru0511workout,yoru0511workout,db_biceps_curl,2,4,7.0,6.9010884870943165,movement_rate,velocity_proxy,velocity proxy,7,7,7-8,7-8
M4_add_one__movement_rate,ridge,5,haoyu0512workout|hsianshun0514workout|tsenyu0515workout|yanz0510workout|ziho0512workout,yushuan0513workout,yoru0511workout,yoru0511workout,db_biceps_curl,2,5,7.0,7.283681094258499,movement_rate,velocity_proxy,velocity proxy,7,7,7-8,7-8
M4_add_one__movement_rate,ridge,5,haoyu0512workout|hsianshun0514workout|tsenyu0515workout|yanz0510workout|ziho0512workout,yushuan0513workout,yoru0511workout,yoru0511workout,db_biceps_curl,2,6,7.0,7.6500267598540335,movement_rate,velocity_proxy,velocity proxy,7,8,7-8,7-8
M4_add_one__movement_rate,ridge,5,haoyu0512workout|hsianshun0514workout|tsenyu0515workout|yanz0510workout|ziho0512workout,yushuan0513workout,yoru0511workout,yoru0511workout,db_biceps_curl,2,7,8.0,8.027540279761945,movement_rate,velocity_proxy,velocity proxy,8,8,7-8,7-8
M4_add_one__movement_rate,ridge,5,haoyu0512workout|hsianshun0514workout|tsenyu0515workout|yanz0510workout|ziho0512workout,yushuan0513workout,yoru0511workout,yoru0511workout,db_biceps_curl,2,8,8.0,8.434960960472939,movement_rate,velocity_proxy,velocity proxy,8,8,7-8,7-8
M4_add_one__movement_rate,ridge,5,haoyu0512workout|hsianshun0514workout|tsenyu0515workout|yanz0510workout|ziho0512workout,yushuan0513workout,yoru0511workout,yoru0511workout,db_biceps_curl,2,9,9.0,8.794418801843008,movement_rate,velocity_proxy,velocity proxy,9,9,9-10,9-10
M4_add_one__movement_rate,ridge,5,haoyu0512workout|hsianshun0514workout|tsenyu0515workout|yanz0510workout|ziho0512workout,yushuan0513workout,yoru0511workout,yoru0511workout,db_biceps_curl,2,10,9.0,9.143317693027688,movement_rate,velocity_proxy,velocity proxy,9,9,9-10,9-10
M4_add_one__movement_rate,ridge,5,haoyu0512workout|hsianshun0514workout|tsenyu0515workout|yanz0510workout|ziho0512workout,yushuan0513workout,yoru0511workout,yoru0511workout,db_biceps_curl,2,11,9.0,9.315418413138122,movement_rate,velocity_proxy,velocity proxy,9,9,9-10,9-10
M4_add_one__movement_rate,ridge,5,haoyu0512workout|hsianshun0514workout|tsenyu0515workout|yanz0510workout|ziho0512workout,yushuan0513workout,yoru0511workout,yoru0511workout,db_rdl,0,0,1.0,2.1333335815870544,movement_rate,velocity_proxy,velocity proxy,1,2,1-2,1-2
M4_add_one__movement_rate,ridge,5,haoyu0512workout|hsianshun0514workout|tsenyu0515workout|yanz0510workout|ziho0512workout,yushuan0513workout,yoru0511workout,yoru0511workout,db_rdl,0,1,1.0,2.7440282453632867,movement_rate,velocity_proxy,velocity proxy,1,3,1-2,3-4
M4_add_one__movement_rate,ridge,5,haoyu0512workout|hsianshun0514workout|tsenyu0515workout|yanz0510workout|ziho0512workout,yushuan0513workout,yoru0511workout,yoru0511workout,db_rdl,0,2,3.0,3.040655308561808,movement_rate,velocity_proxy,velocity proxy,3,3,3-4,3-4
M4_add_one__movement_rate,ridge,5,haoyu0512workout|hsianshun0514workout|tsenyu0515workout|yanz0510workout|ziho0512workout,yushuan0513workout,yoru0511workout,yoru0511workout,db_rdl,0,3,3.0,3.45299536150075,movement_rate,velocity_proxy,velocity proxy,3,3,3-4,3-4
M4_add_one__movement_rate,ridge,5,haoyu0512workout|hsianshun0514workout|tsenyu0515workout|yanz0510workout|ziho0512workout,yushuan0513workout,yoru0511workout,yoru0511workout,db_rdl,0,4,3.0,3.8478256830406674,movement_rate,velocity_proxy,velocity proxy,3,4,3-4,3-4
M4_add_one__movement_rate,ridge,5,haoyu0512workout|hsianshun0514workout|tsenyu0515workout|yanz0510workout|ziho0512workout,yushuan0513workout,yoru0511workout,yoru0511workout,db_rdl,0,5,3.0,4.199453096719106,movement_rate,velocity_proxy,velocity proxy,3,4,3-4,3-4
M4_add_one__movement_rate,ridge,5,haoyu0512workout|hsianshun0514workout|tsenyu0515workout|yanz0510workout|ziho0512workout,yushuan0513workout,yoru0511workout,yoru0511workout,db_rdl,0,6,4.0,4.6183786795661135,movement_rate,velocity_proxy,velocity proxy,4,5,3-4,5-6
M4_add_one__movement_rate,ridge,5,haoyu0512workout|hsianshun0514workout|tsenyu0515workout|yanz0510workout|ziho0512workout,yushuan0513workout,yoru0511workout,yoru0511workout,db_rdl,0,7,4.0,4.985222061350652,movement_rate,velocity_proxy,velocity proxy,4,5,3-4,5-6
M4_add_one__movement_rate,ridge,5,haoyu0512workout|hsianshun0514workout|tsenyu0515workout|yanz0510workout|ziho0512workout,yushuan0513workout,yoru0511workout,yoru0511workout,db_rdl,0,8,4.0,5.330838452304556,movement_rate,velocity_proxy,velocity proxy,4,5,3-4,5-6
M4_add_one__movement_rate,ridge,5,haoyu0512workout|hsianshun0514workout|tsenyu0515workout|yanz0510workout|ziho0512workout,yushuan0513workout,yoru0511workout,yoru0511workout,db_rdl,0,9,5.0,5.66790372247241,movement_rate,velocity_proxy,velocity proxy,5,6,5-6,5-6
M4_add_one__movement_rate,ridge,5,haoyu0512workout|hsianshun0514workout|tsenyu0515workout|yanz0510workout|ziho0512workout,yushuan0513workout,yoru0511workout,yoru0511workout,db_rdl,0,10,5.0,6.005746846251275,movement_rate,velocity_proxy,velocity proxy,5,6,5-6,5-6
M4_add_one__movement_rate,ridge,5,haoyu0512workout|hsianshun0514workout|tsenyu0515workout|yanz0510workout|ziho0512workout,yushuan0513workout,yoru0511workout,yoru0511workout,db_rdl,0,11,6.0,6.084192480513131,movement_rate,velocity_proxy,velocity proxy,6,6,5-6,5-6
M4_add_one__movement_rate,ridge,5,haoyu0512workout|hsianshun0514workout|tsenyu0515workout|yanz0510workout|ziho0512workout,yushuan0513workout,yoru0511workout,yoru0511workout,db_rdl,1,0,5.0,3.403657238044874,movement_rate,velocity_proxy,velocity proxy,5,3,5-6,3-4
M4_add_one__movement_rate,ridge,5,haoyu0512workout|hsianshun0514workout|tsenyu0515workout|yanz0510workout|ziho0512workout,yushuan0513workout,yoru0511workout,yoru0511workout,db_rdl,1,1,5.0,3.9194095103398054,movement_rate,velocity_proxy,velocity proxy,5,4,5-6,3-4
M4_add_one__movement_rate,ridge,5,haoyu0512workout|hsianshun0514workout|tsenyu0515workout|yanz0510workout|ziho0512workout,yushuan0513workout,yoru0511workout,yoru0511workout,db_rdl,1,2,5.0,4.251491794570983,movement_rate,velocity_proxy,velocity proxy,5,4,5-6,3-4
M4_add_one__movement_rate,ridge,5,haoyu0512workout|hsianshun0514workout|tsenyu0515workout|yanz0510workout|ziho0512workout,yushuan0513workout,yoru0511workout,yoru0511workout,db_rdl,1,3,5.0,4.700713237335773,movement_rate,velocity_proxy,velocity proxy,5,5,5-6,5-6
M4_add_one__movement_rate,ridge,5,haoyu0512workout|hsianshun0514workout|tsenyu0515workout|yanz0510workout|ziho0512workout,yushuan0513workout,yoru0511workout,yoru0511workout,db_rdl,1,4,5.0,5.064271901796675,movement_rate,velocity_proxy,velocity proxy,5,5,5-6,5-6
M4_add_one__movement_rate,ridge,5,haoyu0512workout|hsianshun0514workout|tsenyu0515workout|yanz0510workout|ziho0512workout,yushuan0513workout,yoru0511workout,yoru0511workout,db_rdl,1,5,6.0,5.4436872606470565,movement_rate,velocity_proxy,velocity proxy,6,5,5-6,5-6
M4_add_one__movement_rate,ridge,5,haoyu0512workout|hsianshun0514workout|tsenyu0515workout|yanz0510workout|ziho0512workout,yushuan0513workout,yoru0511workout,yoru0511workout,db_rdl,1,6,6.0,5.767247570159878,movement_rate,velocity_proxy,velocity proxy,6,6,5-6,5-6
M4_add_one__movement_rate,ridge,5,haoyu0512workout|hsianshun0514workout|tsenyu0515workout|yanz0510workout|ziho0512workout,yushuan0513workout,yoru0511workout,yoru0511workout,db_rdl,1,7,6.0,6.170892224650653,movement_rate,velocity_proxy,velocity proxy,6,6,5-6,5-6
M4_add_one__movement_rate,ridge,5,haoyu0512workout|hsianshun0514workout|tsenyu0515workout|yanz0510workout|ziho0512workout,yushuan0513workout,yoru0511workout,yoru0511workout,db_rdl,1,8,6.0,6.50906124800526,movement_rate,velocity_proxy,velocity proxy,6,7,5-6,7-8
M4_add_one__movement_rate,ridge,5,haoyu0512workout|hsianshun0514workout|tsenyu0515workout|yanz0510workout|ziho0512workout,yushuan0513workout,yoru0511workout,yoru0511workout,db_rdl,1,9,6.0,6.919357422215812,movement_rate,velocity_proxy,velocity proxy,6,7,5-6,7-8
M4_add_one__movement_rate,ridge,5,haoyu0512workout|hsianshun0514workout|tsenyu0515workout|yanz0510workout|ziho0512workout,yushuan0513workout,yoru0511workout,yoru0511workout,db_rdl,1,10,6.0,7.2505118593397775,movement_rate,velocity_proxy,velocity proxy,6,7,5-6,7-8
M4_add_one__movement_rate,ridge,5,haoyu0512workout|hsianshun0514workout|tsenyu0515workout|yanz0510workout|ziho0512workout,yushuan0513workout,yoru0511workout,yoru0511workout,db_rdl,1,11,6.0,7.344807803143983,movement_rate,velocity_proxy,velocity proxy,6,7,5-6,7-8
M4_add_one__movement_rate,ridge,5,haoyu0512workout|hsianshun0514workout|tsenyu0515workout|yanz0510workout|ziho0512workout,yushuan0513workout,yoru0511workout,yoru0511workout,db_rdl,2,0,5.0,4.34483105113512,movement_rate,velocity_proxy,velocity proxy,5,4,5-6,3-4
M4_add_one__movement_rate,ridge,5,haoyu0512workout|hsianshun0514workout|tsenyu0515workout|yanz0510workout|ziho0512workout,yushuan0513workout,yoru0511workout,yoru0511workout,db_rdl,2,1,5.0,5.175942477910562,movement_rate,velocity_proxy,velocity proxy,5,5,5-6,5-6
M4_add_one__movement_rate,ridge,5,haoyu0512workout|hsianshun0514workout|tsenyu0515workout|yanz0510workout|ziho0512workout,yushuan0513workout,yoru0511workout,yoru0511workout,db_rdl,2,2,5.0,5.4859457832698695,movement_rate,velocity_proxy,velocity proxy,5,5,5-6,5-6
M4_add_one__movement_rate,ridge,5,haoyu0512workout|hsianshun0514workout|tsenyu0515workout|yanz0510workout|ziho0512workout,yushuan0513workout,yoru0511workout,yoru0511workout,db_rdl,2,3,5.0,5.880338811636861,movement_rate,velocity_proxy,velocity proxy,5,6,5-6,5-6
M4_add_one__movement_rate,ridge,5,haoyu0512workout|hsianshun0514workout|tsenyu0515workout|yanz0510workout|ziho0512workout,yushuan0513workout,yoru0511workout,yoru0511workout,db_rdl,2,4,5.0,6.2451533211250485,movement_rate,velocity_proxy,velocity proxy,5,6,5-6,5-6
M4_add_one__movement_rate,ridge,5,haoyu0512workout|hsianshun0514workout|tsenyu0515workout|yanz0510workout|ziho0512workout,yushuan0513workout,yoru0511workout,yoru0511workout,db_rdl,2,5,5.0,6.578618692210459,movement_rate,velocity_proxy,velocity proxy,5,7,5-6,7-8
M4_add_one__movement_rate,ridge,5,haoyu0512workout|hsianshun0514workout|tsenyu0515workout|yanz0510workout|ziho0512workout,yushuan0513workout,yoru0511workout,yoru0511workout,db_rdl,2,6,6.0,6.841599163986049,movement_rate,velocity_proxy,velocity proxy,6,7,5-6,7-8
M4_add_one__movement_rate,ridge,5,haoyu0512workout|hsianshun0514workout|tsenyu0515workout|yanz0510workout|ziho0512workout,yushuan0513workout,yoru0511workout,yoru0511workout,db_rdl,2,7,6.0,7.298185851800338,movement_rate,velocity_proxy,velocity proxy,6,7,5-6,7-8
M4_add_one__movement_rate,ridge,5,haoyu0512workout|hsianshun0514workout|tsenyu0515workout|yanz0510workout|ziho0512workout,yushuan0513workout,yoru0511workout,yoru0511workout,db_rdl,2,8,6.0,7.723685828939013,movement_rate,velocity_proxy,velocity proxy,6,8,5-6,7-8
M4_add_one__movement_rate,ridge,5,haoyu0512workout|hsianshun0514workout|tsenyu0515workout|yanz0510workout|ziho0512workout,yushuan0513workout,yoru0511workout,yoru0511workout,db_rdl,2,9,7.0,8.054522481179145,movement_rate,velocity_proxy,velocity proxy,7,8,7-8,7-8
M4_add_one__movement_rate,ridge,5,haoyu0512workout|hsianshun0514workout|tsenyu0515workout|yanz0510workout|ziho0512workout,yushuan0513workout,yoru0511workout,yoru0511workout,db_rdl,2,10,7.0,8.423254817346141,movement_rate,velocity_proxy,velocity proxy,7,8,7-8,7-8
M4_add_one__movement_rate,ridge,5,haoyu0512workout|hsianshun0514workout|tsenyu0515workout|yanz0510workout|ziho0512workout,yushuan0513workout,yoru0511workout,yoru0511workout,db_rdl,2,11,7.0,8.54325911762239,movement_rate,velocity_proxy,velocity proxy,7,9,7-8,9-10
M4_add_one__movement_rate,ridge,5,haoyu0512workout|hsianshun0514workout|tsenyu0515workout|yanz0510workout|ziho0512workout,yushuan0513workout,yoru0511workout,yoru0511workout,db_shoulder_press,0,0,1.0,1.94419289483048,movement_rate,velocity_proxy,velocity proxy,1,2,1-2,1-2
M4_add_one__movement_rate,ridge,5,haoyu0512workout|hsianshun0514workout|tsenyu0515workout|yanz0510workout|ziho0512workout,yushuan0513workout,yoru0511workout,yoru0511workout,db_shoulder_press,0,1,1.0,2.757119301599684,movement_rate,velocity_proxy,velocity proxy,1,3,1-2,3-4
M4_add_one__movement_rate,ridge,5,haoyu0512workout|hsianshun0514workout|tsenyu0515workout|yanz0510workout|ziho0512workout,yushuan0513workout,yoru0511workout,yoru0511workout,db_shoulder_press,0,2,1.0,3.160049199444496,movement_rate,velocity_proxy,velocity proxy,1,3,1-2,3-4
M4_add_one__movement_rate,ridge,5,haoyu0512workout|hsianshun0514workout|tsenyu0515workout|yanz0510workout|ziho0512workout,yushuan0513workout,yoru0511workout,yoru0511workout,db_shoulder_press,0,3,3.0,3.5037773655966906,movement_rate,velocity_proxy,velocity proxy,3,4,3-4,3-4
M4_add_one__movement_rate,ridge,5,haoyu0512workout|hsianshun0514workout|tsenyu0515workout|yanz0510workout|ziho0512workout,yushuan0513workout,yoru0511workout,yoru0511workout,db_shoulder_press,0,4,3.0,3.931926010729945,movement_rate,velocity_proxy,velocity proxy,3,4,3-4,3-4
M4_add_one__movement_rate,ridge,5,haoyu0512workout|hsianshun0514workout|tsenyu0515workout|yanz0510workout|ziho0512workout,yushuan0513workout,yoru0511workout,yoru0511workout,db_shoulder_press,0,5,5.0,4.377586378620736,movement_rate,velocity_proxy,velocity proxy,5,4,5-6,3-4
M4_add_one__movement_rate,ridge,5,haoyu0512workout|hsianshun0514workout|tsenyu0515workout|yanz0510workout|ziho0512workout,yushuan0513workout,yoru0511workout,yoru0511workout,db_shoulder_press,0,6,6.0,4.765499500410724,movement_rate,velocity_proxy,velocity proxy,6,5,5-6,5-6
M4_add_one__movement_rate,ridge,5,haoyu0512workout|hsianshun0514workout|tsenyu0515workout|yanz0510workout|ziho0512workout,yushuan0513workout,yoru0511workout,yoru0511workout,db_shoulder_press,0,7,6.0,5.100649061914434,movement_rate,velocity_proxy,velocity proxy,6,5,5-6,5-6
M4_add_one__movement_rate,ridge,5,haoyu0512workout|hsianshun0514workout|tsenyu0515workout|yanz0510workout|ziho0512workout,yushuan0513workout,yoru0511workout,yoru0511workout,db_shoulder_press,0,8,6.0,5.481423370011542,movement_rate,velocity_proxy,velocity proxy,6,5,5-6,5-6
M4_add_one__movement_rate,ridge,5,haoyu0512workout|hsianshun0514workout|tsenyu0515workout|yanz0510workout|ziho0512workout,yushuan0513workout,yoru0511workout,yoru0511workout,db_shoulder_press,0,9,6.0,5.805653721068605,movement_rate,velocity_proxy,velocity proxy,6,6,5-6,5-6
M4_add_one__movement_rate,ridge,5,haoyu0512workout|hsianshun0514workout|tsenyu0515workout|yanz0510workout|ziho0512workout,yushuan0513workout,yoru0511workout,yoru0511workout,db_shoulder_press,0,10,7.0,6.239210622772157,movement_rate,velocity_proxy,velocity proxy,7,6,7-8,5-6
M4_add_one__movement_rate,ridge,5,haoyu0512workout|hsianshun0514workout|tsenyu0515workout|yanz0510workout|ziho0512workout,yushuan0513workout,yoru0511workout,yoru0511workout,db_shoulder_press,0,11,7.0,6.302528688554797,movement_rate,velocity_proxy,velocity proxy,7,6,7-8,5-6
M4_add_one__movement_rate,ridge,5,haoyu0512workout|hsianshun0514workout|tsenyu0515workout|yanz0510workout|ziho0512workout,yushuan0513workout,yoru0511workout,yoru0511workout,db_shoulder_press,1,0,5.0,3.4028367893269444,movement_rate,velocity_proxy,velocity proxy,5,3,5-6,3-4
M4_add_one__movement_rate,ridge,5,haoyu0512workout|hsianshun0514workout|tsenyu0515workout|yanz0510workout|ziho0512workout,yushuan0513workout,yoru0511workout,yoru0511workout,db_shoulder_press,1,1,5.0,4.005375879613203,movement_rate,velocity_proxy,velocity proxy,5,4,5-6,3-4
M4_add_one__movement_rate,ridge,5,haoyu0512workout|hsianshun0514workout|tsenyu0515workout|yanz0510workout|ziho0512workout,yushuan0513workout,yoru0511workout,yoru0511workout,db_shoulder_press,1,2,5.0,4.331064700093308,movement_rate,velocity_proxy,velocity proxy,5,4,5-6,3-4
M4_add_one__movement_rate,ridge,5,haoyu0512workout|hsianshun0514workout|tsenyu0515workout|yanz0510workout|ziho0512workout,yushuan0513workout,yoru0511workout,yoru0511workout,db_shoulder_press,1,3,5.0,4.825693252443534,movement_rate,velocity_proxy,velocity proxy,5,5,5-6,5-6
M4_add_one__movement_rate,ridge,5,haoyu0512workout|hsianshun0514workout|tsenyu0515workout|yanz0510workout|ziho0512workout,yushuan0513workout,yoru0511workout,yoru0511workout,db_shoulder_press,1,4,5.0,5.0867469484299495,movement_rate,velocity_proxy,velocity proxy,5,5,5-6,5-6
M4_add_one__movement_rate,ridge,5,haoyu0512workout|hsianshun0514workout|tsenyu0515workout|yanz0510workout|ziho0512workout,yushuan0513workout,yoru0511workout,yoru0511workout,db_shoulder_press,1,5,5.0,5.514301443538734,movement_rate,velocity_proxy,velocity proxy,5,6,5-6,5-6
M4_add_one__movement_rate,ridge,5,haoyu0512workout|hsianshun0514workout|tsenyu0515workout|yanz0510workout|ziho0512workout,yushuan0513workout,yoru0511workout,yoru0511workout,db_shoulder_press,1,6,6.0,5.851823922815353,movement_rate,velocity_proxy,velocity proxy,6,6,5-6,5-6
M4_add_one__movement_rate,ridge,5,haoyu0512workout|hsianshun0514workout|tsenyu0515workout|yanz0510workout|ziho0512workout,yushuan0513workout,yoru0511workout,yoru0511workout,db_shoulder_press,1,7,6.0,6.260457285142984,movement_rate,velocity_proxy,velocity proxy,6,6,5-6,5-6
M4_add_one__movement_rate,ridge,5,haoyu0512workout|hsianshun0514workout|tsenyu0515workout|yanz0510workout|ziho0512workout,yushuan0513workout,yoru0511workout,yoru0511workout,db_shoulder_press,1,8,6.0,6.594220249771453,movement_rate,velocity_proxy,velocity proxy,6,7,5-6,7-8
M4_add_one__movement_rate,ridge,5,haoyu0512workout|hsianshun0514workout|tsenyu0515workout|yanz0510workout|ziho0512workout,yushuan0513workout,yoru0511workout,yoru0511workout,db_shoulder_press,1,9,7.0,7.143600835715857,movement_rate,velocity_proxy,velocity proxy,7,7,7-8,7-8
M4_add_one__movement_rate,ridge,5,haoyu0512workout|hsianshun0514workout|tsenyu0515workout|yanz0510workout|ziho0512workout,yushuan0513workout,yoru0511workout,yoru0511workout,db_shoulder_press,1,10,7.0,7.342350222733042,movement_rate,velocity_proxy,velocity proxy,7,7,7-8,7-8
M4_add_one__movement_rate,ridge,5,haoyu0512workout|hsianshun0514workout|tsenyu0515workout|yanz0510workout|ziho0512workout,yushuan0513workout,yoru0511workout,yoru0511workout,db_shoulder_press,1,11,8.0,7.6357402318679695,movement_rate,velocity_proxy,velocity proxy,8,8,7-8,7-8
M4_add_one__movement_rate,ridge,5,haoyu0512workout|hsianshun0514workout|tsenyu0515workout|yanz0510workout|ziho0512workout,yushuan0513workout,yoru0511workout,yoru0511workout,db_shoulder_press,2,0,6.0,4.671019831472949,movement_rate,velocity_proxy,velocity proxy,6,5,5-6,5-6
M4_add_one__movement_rate,ridge,5,haoyu0512workout|hsianshun0514workout|tsenyu0515workout|yanz0510workout|ziho0512workout,yushuan0513workout,yoru0511workout,yoru0511workout,db_shoulder_press,2,1,6.0,5.0850588685918465,movement_rate,velocity_proxy,velocity proxy,6,5,5-6,5-6
M4_add_one__movement_rate,ridge,5,haoyu0512workout|hsianshun0514workout|tsenyu0515workout|yanz0510workout|ziho0512workout,yushuan0513workout,yoru0511workout,yoru0511workout,db_shoulder_press,2,2,6.0,5.623575300419085,movement_rate,velocity_proxy,velocity proxy,6,6,5-6,5-6
M4_add_one__movement_rate,ridge,5,haoyu0512workout|hsianshun0514workout|tsenyu0515workout|yanz0510workout|ziho0512workout,yushuan0513workout,yoru0511workout,yoru0511workout,db_shoulder_press,2,3,6.0,6.021079992389978,movement_rate,velocity_proxy,velocity proxy,6,6,5-6,5-6
M4_add_one__movement_rate,ridge,5,haoyu0512workout|hsianshun0514workout|tsenyu0515workout|yanz0510workout|ziho0512workout,yushuan0513workout,yoru0511workout,yoru0511workout,db_shoulder_press,2,4,6.0,6.367461013792163,movement_rate,velocity_proxy,velocity proxy,6,6,5-6,5-6
M4_add_one__movement_rate,ridge,5,haoyu0512workout|hsianshun0514workout|tsenyu0515workout|yanz0510workout|ziho0512workout,yushuan0513workout,yoru0511workout,yoru0511workout,db_shoulder_press,2,5,6.0,6.619661731954314,movement_rate,velocity_proxy,velocity proxy,6,7,5-6,7-8
M4_add_one__movement_rate,ridge,5,haoyu0512workout|hsianshun0514workout|tsenyu0515workout|yanz0510workout|ziho0512workout,yushuan0513workout,yoru0511workout,yoru0511workout,db_shoulder_press,2,6,7.0,7.047923845618982,movement_rate,velocity_proxy,velocity proxy,7,7,7-8,7-8
M4_add_one__movement_rate,ridge,5,haoyu0512workout|hsianshun0514workout|tsenyu0515workout|yanz0510workout|ziho0512workout,yushuan0513workout,yoru0511workout,yoru0511workout,db_shoulder_press,2,7,7.0,7.439437472469517,movement_rate,velocity_proxy,velocity proxy,7,7,7-8,7-8
M4_add_one__movement_rate,ridge,5,haoyu0512workout|hsianshun0514workout|tsenyu0515workout|yanz0510workout|ziho0512workout,yushuan0513workout,yoru0511workout,yoru0511workout,db_shoulder_press,2,8,8.0,7.872918671960531,movement_rate,velocity_proxy,velocity proxy,8,8,7-8,7-8
M4_add_one__movement_rate,ridge,5,haoyu0512workout|hsianshun0514workout|tsenyu0515workout|yanz0510workout|ziho0512workout,yushuan0513workout,yoru0511workout,yoru0511workout,db_shoulder_press,2,9,9.0,8.210426566694524,movement_rate,velocity_proxy,velocity proxy,9,8,9-10,7-8
M4_add_one__movement_rate,ridge,5,haoyu0512workout|hsianshun0514workout|tsenyu0515workout|yanz0510workout|ziho0512workout,yushuan0513workout,yoru0511workout,yoru0511workout,db_shoulder_press,2,10,9.0,8.748274503970688,movement_rate,velocity_proxy,velocity proxy,9,9,9-10,9-10
M4_add_one__movement_rate,ridge,5,haoyu0512workout|hsianshun0514workout|tsenyu0515workout|yanz0510workout|ziho0512workout,yushuan0513workout,yoru0511workout,yoru0511workout,db_shoulder_press,2,11,9.0,8.920646762489215,movement_rate,velocity_proxy,velocity proxy,9,9,9-10,9-10
M4_add_one__movement_rate,ridge,5,haoyu0512workout|hsianshun0514workout|tsenyu0515workout|yanz0510workout|ziho0512workout,yushuan0513workout,yoru0511workout,yoru0511workout,db_squat,0,0,1.0,1.4089580165036324,movement_rate,velocity_proxy,velocity proxy,1,1,1-2,1-2
M4_add_one__movement_rate,ridge,5,haoyu0512workout|hsianshun0514workout|tsenyu0515workout|yanz0510workout|ziho0512workout,yushuan0513workout,yoru0511workout,yoru0511workout,db_squat,0,1,1.0,2.073959704875199,movement_rate,velocity_proxy,velocity proxy,1,2,1-2,1-2
M4_add_one__movement_rate,ridge,5,haoyu0512workout|hsianshun0514workout|tsenyu0515workout|yanz0510workout|ziho0512workout,yushuan0513workout,yoru0511workout,yoru0511workout,db_squat,0,2,1.0,2.2326734599659055,movement_rate,velocity_proxy,velocity proxy,1,2,1-2,1-2
M4_add_one__movement_rate,ridge,5,haoyu0512workout|hsianshun0514workout|tsenyu0515workout|yanz0510workout|ziho0512workout,yushuan0513workout,yoru0511workout,yoru0511workout,db_squat,0,3,1.0,2.818492229497512,movement_rate,velocity_proxy,velocity proxy,1,3,1-2,3-4
M4_add_one__movement_rate,ridge,5,haoyu0512workout|hsianshun0514workout|tsenyu0515workout|yanz0510workout|ziho0512workout,yushuan0513workout,yoru0511workout,yoru0511workout,db_squat,0,4,3.0,3.2570640920800416,movement_rate,velocity_proxy,velocity proxy,3,3,3-4,3-4
M4_add_one__movement_rate,ridge,5,haoyu0512workout|hsianshun0514workout|tsenyu0515workout|yanz0510workout|ziho0512workout,yushuan0513workout,yoru0511workout,yoru0511workout,db_squat,0,5,3.0,3.600822238927435,movement_rate,velocity_proxy,velocity proxy,3,4,3-4,3-4
M4_add_one__movement_rate,ridge,5,haoyu0512workout|hsianshun0514workout|tsenyu0515workout|yanz0510workout|ziho0512workout,yushuan0513workout,yoru0511workout,yoru0511workout,db_squat,0,6,4.0,3.998267875360154,movement_rate,velocity_proxy,velocity proxy,4,4,3-4,3-4
M4_add_one__movement_rate,ridge,5,haoyu0512workout|hsianshun0514workout|tsenyu0515workout|yanz0510workout|ziho0512workout,yushuan0513workout,yoru0511workout,yoru0511workout,db_squat,0,7,4.0,4.292605617157106,movement_rate,velocity_proxy,velocity proxy,4,4,3-4,3-4
M4_add_one__movement_rate,ridge,5,haoyu0512workout|hsianshun0514workout|tsenyu0515workout|yanz0510workout|ziho0512workout,yushuan0513workout,yoru0511workout,yoru0511workout,db_squat,0,8,4.0,4.766874261661301,movement_rate,velocity_proxy,velocity proxy,4,5,3-4,5-6
M4_add_one__movement_rate,ridge,5,haoyu0512workout|hsianshun0514workout|tsenyu0515workout|yanz0510workout|ziho0512workout,yushuan0513workout,yoru0511workout,yoru0511workout,db_squat,0,9,4.0,4.964746162147905,movement_rate,velocity_proxy,velocity proxy,4,5,3-4,5-6
M4_add_one__movement_rate,ridge,5,haoyu0512workout|hsianshun0514workout|tsenyu0515workout|yanz0510workout|ziho0512workout,yushuan0513workout,yoru0511workout,yoru0511workout,db_squat,0,10,4.0,5.375070005830423,movement_rate,velocity_proxy,velocity proxy,4,5,3-4,5-6
M4_add_one__movement_rate,ridge,5,haoyu0512workout|hsianshun0514workout|tsenyu0515workout|yanz0510workout|ziho0512workout,yushuan0513workout,yoru0511workout,yoru0511workout,db_squat,0,11,4.0,5.535354970820515,movement_rate,velocity_proxy,velocity proxy,4,6,3-4,5-6
M4_add_one__movement_rate,ridge,5,haoyu0512workout|hsianshun0514workout|tsenyu0515workout|yanz0510workout|ziho0512workout,yushuan0513workout,yoru0511workout,yoru0511workout,db_squat,1,0,3.0,2.5834849332854777,movement_rate,velocity_proxy,velocity proxy,3,3,3-4,3-4
M4_add_one__movement_rate,ridge,5,haoyu0512workout|hsianshun0514workout|tsenyu0515workout|yanz0510workout|ziho0512workout,yushuan0513workout,yoru0511workout,yoru0511workout,db_squat,1,1,3.0,3.3030450295378393,movement_rate,velocity_proxy,velocity proxy,3,3,3-4,3-4
M4_add_one__movement_rate,ridge,5,haoyu0512workout|hsianshun0514workout|tsenyu0515workout|yanz0510workout|ziho0512workout,yushuan0513workout,yoru0511workout,yoru0511workout,db_squat,1,2,3.0,3.6681743734933865,movement_rate,velocity_proxy,velocity proxy,3,4,3-4,3-4
M4_add_one__movement_rate,ridge,5,haoyu0512workout|hsianshun0514workout|tsenyu0515workout|yanz0510workout|ziho0512workout,yushuan0513workout,yoru0511workout,yoru0511workout,db_squat,1,3,4.0,3.959091640309061,movement_rate,velocity_proxy,velocity proxy,4,4,3-4,3-4
M4_add_one__movement_rate,ridge,5,haoyu0512workout|hsianshun0514workout|tsenyu0515workout|yanz0510workout|ziho0512workout,yushuan0513workout,yoru0511workout,yoru0511workout,db_squat,1,4,4.0,4.4024858549532055,movement_rate,velocity_proxy,velocity proxy,4,4,3-4,3-4
M4_add_one__movement_rate,ridge,5,haoyu0512workout|hsianshun0514workout|tsenyu0515workout|yanz0510workout|ziho0512workout,yushuan0513workout,yoru0511workout,yoru0511workout,db_squat,1,5,4.0,4.829945018018213,movement_rate,velocity_proxy,velocity proxy,4,5,3-4,5-6
M4_add_one__movement_rate,ridge,5,haoyu0512workout|hsianshun0514workout|tsenyu0515workout|yanz0510workout|ziho0512workout,yushuan0513workout,yoru0511workout,yoru0511workout,db_squat,1,6,5.0,5.16996866914911,movement_rate,velocity_proxy,velocity proxy,5,5,5-6,5-6
M4_add_one__movement_rate,ridge,5,haoyu0512workout|hsianshun0514workout|tsenyu0515workout|yanz0510workout|ziho0512workout,yushuan0513workout,yoru0511workout,yoru0511workout,db_squat,1,7,5.0,5.57596189855432,movement_rate,velocity_proxy,velocity proxy,5,6,5-6,5-6
M4_add_one__movement_rate,ridge,5,haoyu0512workout|hsianshun0514workout|tsenyu0515workout|yanz0510workout|ziho0512workout,yushuan0513workout,yoru0511workout,yoru0511workout,db_squat,1,8,5.0,5.906527155003372,movement_rate,velocity_proxy,velocity proxy,5,6,5-6,5-6
M4_add_one__movement_rate,ridge,5,haoyu0512workout|hsianshun0514workout|tsenyu0515workout|yanz0510workout|ziho0512workout,yushuan0513workout,yoru0511workout,yoru0511workout,db_squat,1,9,5.0,6.255045664230234,movement_rate,velocity_proxy,velocity proxy,5,6,5-6,5-6
M4_add_one__movement_rate,ridge,5,haoyu0512workout|hsianshun0514workout|tsenyu0515workout|yanz0510workout|ziho0512workout,yushuan0513workout,yoru0511workout,yoru0511workout,db_squat,1,10,5.0,6.622682091176049,movement_rate,velocity_proxy,velocity proxy,5,7,5-6,7-8
M4_add_one__movement_rate,ridge,5,haoyu0512workout|hsianshun0514workout|tsenyu0515workout|yanz0510workout|ziho0512workout,yushuan0513workout,yoru0511workout,yoru0511workout,db_squat,1,11,5.0,6.779616270460745,movement_rate,velocity_proxy,velocity proxy,5,7,5-6,7-8
M4_add_one__movement_rate,ridge,5,haoyu0512workout|hsianshun0514workout|tsenyu0515workout|yanz0510workout|ziho0512workout,yushuan0513workout,yoru0511workout,yoru0511workout,db_squat,2,0,5.0,3.703117546445375,movement_rate,velocity_proxy,velocity proxy,5,4,5-6,3-4
M4_add_one__movement_rate,ridge,5,haoyu0512workout|hsianshun0514workout|tsenyu0515workout|yanz0510workout|ziho0512workout,yushuan0513workout,yoru0511workout,yoru0511workout,db_squat,2,1,5.0,4.31973809384076,movement_rate,velocity_proxy,velocity proxy,5,4,5-6,3-4
M4_add_one__movement_rate,ridge,5,haoyu0512workout|hsianshun0514workout|tsenyu0515workout|yanz0510workout|ziho0512workout,yushuan0513workout,yoru0511workout,yoru0511workout,db_squat,2,2,5.0,4.798583583051073,movement_rate,velocity_proxy,velocity proxy,5,5,5-6,5-6
M4_add_one__movement_rate,ridge,5,haoyu0512workout|hsianshun0514workout|tsenyu0515workout|yanz0510workout|ziho0512workout,yushuan0513workout,yoru0511workout,yoru0511workout,db_squat,2,3,5.0,5.255381718335857,movement_rate,velocity_proxy,velocity proxy,5,5,5-6,5-6
M4_add_one__movement_rate,ridge,5,haoyu0512workout|hsianshun0514workout|tsenyu0515workout|yanz0510workout|ziho0512workout,yushuan0513workout,yoru0511workout,yoru0511workout,db_squat,2,4,5.0,5.51360791469361,movement_rate,velocity_proxy,velocity proxy,5,6,5-6,5-6
M4_add_one__movement_rate,ridge,5,haoyu0512workout|hsianshun0514workout|tsenyu0515workout|yanz0510workout|ziho0512workout,yushuan0513workout,yoru0511workout,yoru0511workout,db_squat,2,5,5.0,6.019141852443491,movement_rate,velocity_proxy,velocity proxy,5,6,5-6,5-6
M4_add_one__movement_rate,ridge,5,haoyu0512workout|hsianshun0514workout|tsenyu0515workout|yanz0510workout|ziho0512workout,yushuan0513workout,yoru0511workout,yoru0511workout,db_squat,2,6,5.0,6.332813776399116,movement_rate,velocity_proxy,velocity proxy,5,6,5-6,5-6
M4_add_one__movement_rate,ridge,5,haoyu0512workout|hsianshun0514workout|tsenyu0515workout|yanz0510workout|ziho0512workout,yushuan0513workout,yoru0511workout,yoru0511workout,db_squat,2,7,5.0,6.74457279006171,movement_rate,velocity_proxy,velocity proxy,5,7,5-6,7-8
M4_add_one__movement_rate,ridge,5,haoyu0512workout|hsianshun0514workout|tsenyu0515workout|yanz0510workout|ziho0512workout,yushuan0513workout,yoru0511workout,yoru0511workout,db_squat,2,8,5.0,7.110566333764997,movement_rate,velocity_proxy,velocity proxy,5,7,5-6,7-8
M4_add_one__movement_rate,ridge,5,haoyu0512workout|hsianshun0514workout|tsenyu0515workout|yanz0510workout|ziho0512workout,yushuan0513workout,yoru0511workout,yoru0511workout,db_squat,2,9,5.0,7.471435902406552,movement_rate,velocity_proxy,velocity proxy,5,7,5-6,7-8
M4_add_one__movement_rate,ridge,5,haoyu0512workout|hsianshun0514workout|tsenyu0515workout|yanz0510workout|ziho0512workout,yushuan0513workout,yoru0511workout,yoru0511workout,db_squat,2,10,6.0,7.820962416330284,movement_rate,velocity_proxy,velocity proxy,6,8,5-6,7-8
M4_add_one__movement_rate,ridge,5,haoyu0512workout|hsianshun0514workout|tsenyu0515workout|yanz0510workout|ziho0512workout,yushuan0513workout,yoru0511workout,yoru0511workout,db_squat,2,11,6.0,7.950866584743776,movement_rate,velocity_proxy,velocity proxy,6,8,5-6,7-8
M4_add_one__movement_rate,ridge,5,haoyu0512workout|hsianshun0514workout|tsenyu0515workout|yanz0510workout|ziho0512workout,yushuan0513workout,yoru0511workout,yoru0511workout,db_triceps_curl,0,0,1.0,1.7588060287453886,movement_rate,velocity_proxy,velocity proxy,1,2,1-2,1-2
M4_add_one__movement_rate,ridge,5,haoyu0512workout|hsianshun0514workout|tsenyu0515workout|yanz0510workout|ziho0512workout,yushuan0513workout,yoru0511workout,yoru0511workout,db_triceps_curl,0,1,1.0,2.5019089566446735,movement_rate,velocity_proxy,velocity proxy,1,3,1-2,3-4
M4_add_one__movement_rate,ridge,5,haoyu0512workout|hsianshun0514workout|tsenyu0515workout|yanz0510workout|ziho0512workout,yushuan0513workout,yoru0511workout,yoru0511workout,db_triceps_curl,0,2,1.0,2.775500113943139,movement_rate,velocity_proxy,velocity proxy,1,3,1-2,3-4
M4_add_one__movement_rate,ridge,5,haoyu0512workout|hsianshun0514workout|tsenyu0515workout|yanz0510workout|ziho0512workout,yushuan0513workout,yoru0511workout,yoru0511workout,db_triceps_curl,0,3,3.0,3.205584034512946,movement_rate,velocity_proxy,velocity proxy,3,3,3-4,3-4
M4_add_one__movement_rate,ridge,5,haoyu0512workout|hsianshun0514workout|tsenyu0515workout|yanz0510workout|ziho0512workout,yushuan0513workout,yoru0511workout,yoru0511workout,db_triceps_curl,0,4,3.0,3.6006499023541902,movement_rate,velocity_proxy,velocity proxy,3,4,3-4,3-4
M4_add_one__movement_rate,ridge,5,haoyu0512workout|hsianshun0514workout|tsenyu0515workout|yanz0510workout|ziho0512workout,yushuan0513workout,yoru0511workout,yoru0511workout,db_triceps_curl,0,5,4.0,3.9552782873044823,movement_rate,velocity_proxy,velocity proxy,4,4,3-4,3-4
M4_add_one__movement_rate,ridge,5,haoyu0512workout|hsianshun0514workout|tsenyu0515workout|yanz0510workout|ziho0512workout,yushuan0513workout,yoru0511workout,yoru0511workout,db_triceps_curl,0,6,4.0,4.334896361057642,movement_rate,velocity_proxy,velocity proxy,4,4,3-4,3-4
M4_add_one__movement_rate,ridge,5,haoyu0512workout|hsianshun0514workout|tsenyu0515workout|yanz0510workout|ziho0512workout,yushuan0513workout,yoru0511workout,yoru0511workout,db_triceps_curl,0,7,5.0,4.5903402483193325,movement_rate,velocity_proxy,velocity proxy,5,5,5-6,5-6
M4_add_one__movement_rate,ridge,5,haoyu0512workout|hsianshun0514workout|tsenyu0515workout|yanz0510workout|ziho0512workout,yushuan0513workout,yoru0511workout,yoru0511workout,db_triceps_curl,0,8,5.0,5.045407084644743,movement_rate,velocity_proxy,velocity proxy,5,5,5-6,5-6
M4_add_one__movement_rate,ridge,5,haoyu0512workout|hsianshun0514workout|tsenyu0515workout|yanz0510workout|ziho0512workout,yushuan0513workout,yoru0511workout,yoru0511workout,db_triceps_curl,0,9,5.0,5.414247902231331,movement_rate,velocity_proxy,velocity proxy,5,5,5-6,5-6
M4_add_one__movement_rate,ridge,5,haoyu0512workout|hsianshun0514workout|tsenyu0515workout|yanz0510workout|ziho0512workout,yushuan0513workout,yoru0511workout,yoru0511workout,db_triceps_curl,0,10,5.0,5.716475126480907,movement_rate,velocity_proxy,velocity proxy,5,6,5-6,5-6
M4_add_one__movement_rate,ridge,5,haoyu0512workout|hsianshun0514workout|tsenyu0515workout|yanz0510workout|ziho0512workout,yushuan0513workout,yoru0511workout,yoru0511workout,db_triceps_curl,0,11,5.0,6.143643410930791,movement_rate,velocity_proxy,velocity proxy,5,6,5-6,5-6
M4_add_one__movement_rate,ridge,5,haoyu0512workout|hsianshun0514workout|tsenyu0515workout|yanz0510workout|ziho0512workout,yushuan0513workout,yoru0511workout,yoru0511workout,db_triceps_curl,1,0,4.0,2.696882765444481,movement_rate,velocity_proxy,velocity proxy,4,3,3-4,3-4
M4_add_one__movement_rate,ridge,5,haoyu0512workout|hsianshun0514workout|tsenyu0515workout|yanz0510workout|ziho0512workout,yushuan0513workout,yoru0511workout,yoru0511workout,db_triceps_curl,1,1,4.0,3.566243960860591,movement_rate,velocity_proxy,velocity proxy,4,4,3-4,3-4
M4_add_one__movement_rate,ridge,5,haoyu0512workout|hsianshun0514workout|tsenyu0515workout|yanz0510workout|ziho0512workout,yushuan0513workout,yoru0511workout,yoru0511workout,db_triceps_curl,1,2,4.0,3.936931757596599,movement_rate,velocity_proxy,velocity proxy,4,4,3-4,3-4
M4_add_one__movement_rate,ridge,5,haoyu0512workout|hsianshun0514workout|tsenyu0515workout|yanz0510workout|ziho0512workout,yushuan0513workout,yoru0511workout,yoru0511workout,db_triceps_curl,1,3,4.0,4.375782358436156,movement_rate,velocity_proxy,velocity proxy,4,4,3-4,3-4
M4_add_one__movement_rate,ridge,5,haoyu0512workout|hsianshun0514workout|tsenyu0515workout|yanz0510workout|ziho0512workout,yushuan0513workout,yoru0511workout,yoru0511workout,db_triceps_curl,1,4,4.0,4.7606995781748935,movement_rate,velocity_proxy,velocity proxy,4,5,3-4,5-6
M4_add_one__movement_rate,ridge,5,haoyu0512workout|hsianshun0514workout|tsenyu0515workout|yanz0510workout|ziho0512workout,yushuan0513workout,yoru0511workout,yoru0511workout,db_triceps_curl,1,5,4.0,5.058735837502845,movement_rate,velocity_proxy,velocity proxy,4,5,3-4,5-6
M4_add_one__movement_rate,ridge,5,haoyu0512workout|hsianshun0514workout|tsenyu0515workout|yanz0510workout|ziho0512workout,yushuan0513workout,yoru0511workout,yoru0511workout,db_triceps_curl,1,6,4.0,5.444530024918155,movement_rate,velocity_proxy,velocity proxy,4,5,3-4,5-6
M4_add_one__movement_rate,ridge,5,haoyu0512workout|hsianshun0514workout|tsenyu0515workout|yanz0510workout|ziho0512workout,yushuan0513workout,yoru0511workout,yoru0511workout,db_triceps_curl,1,7,4.0,5.960410659668778,movement_rate,velocity_proxy,velocity proxy,4,6,3-4,5-6
M4_add_one__movement_rate,ridge,5,haoyu0512workout|hsianshun0514workout|tsenyu0515workout|yanz0510workout|ziho0512workout,yushuan0513workout,yoru0511workout,yoru0511workout,db_triceps_curl,1,8,4.0,6.325511476711663,movement_rate,velocity_proxy,velocity proxy,4,6,3-4,5-6
M4_add_one__movement_rate,ridge,5,haoyu0512workout|hsianshun0514workout|tsenyu0515workout|yanz0510workout|ziho0512workout,yushuan0513workout,yoru0511workout,yoru0511workout,db_triceps_curl,1,9,5.0,6.635981055114772,movement_rate,velocity_proxy,velocity proxy,5,7,5-6,7-8
M4_add_one__movement_rate,ridge,5,haoyu0512workout|hsianshun0514workout|tsenyu0515workout|yanz0510workout|ziho0512workout,yushuan0513workout,yoru0511workout,yoru0511workout,db_triceps_curl,1,10,5.0,7.158828511903513,movement_rate,velocity_proxy,velocity proxy,5,7,5-6,7-8
M4_add_one__movement_rate,ridge,5,haoyu0512workout|hsianshun0514workout|tsenyu0515workout|yanz0510workout|ziho0512workout,yushuan0513workout,yoru0511workout,yoru0511workout,db_triceps_curl,1,11,5.0,7.177405511228438,movement_rate,velocity_proxy,velocity proxy,5,7,5-6,7-8
M4_add_one__movement_rate,ridge,5,haoyu0512workout|hsianshun0514workout|tsenyu0515workout|yanz0510workout|ziho0512workout,yushuan0513workout,yoru0511workout,yoru0511workout,db_triceps_curl,2,0,4.0,3.959408189433952,movement_rate,velocity_proxy,velocity proxy,4,4,3-4,3-4
M4_add_one__movement_rate,ridge,5,haoyu0512workout|hsianshun0514workout|tsenyu0515workout|yanz0510workout|ziho0512workout,yushuan0513workout,yoru0511workout,yoru0511workout,db_triceps_curl,2,1,4.0,4.661760699266946,movement_rate,velocity_proxy,velocity proxy,4,5,3-4,5-6
M4_add_one__movement_rate,ridge,5,haoyu0512workout|hsianshun0514workout|tsenyu0515workout|yanz0510workout|ziho0512workout,yushuan0513workout,yoru0511workout,yoru0511workout,db_triceps_curl,2,2,4.0,5.249854637094293,movement_rate,velocity_proxy,velocity proxy,4,5,3-4,5-6
M4_add_one__movement_rate,ridge,5,haoyu0512workout|hsianshun0514workout|tsenyu0515workout|yanz0510workout|ziho0512workout,yushuan0513workout,yoru0511workout,yoru0511workout,db_triceps_curl,2,3,4.0,5.529864054507447,movement_rate,velocity_proxy,velocity proxy,4,6,3-4,5-6
M4_add_one__movement_rate,ridge,5,haoyu0512workout|hsianshun0514workout|tsenyu0515workout|yanz0510workout|ziho0512workout,yushuan0513workout,yoru0511workout,yoru0511workout,db_triceps_curl,2,4,4.0,5.953033545305294,movement_rate,velocity_proxy,velocity proxy,4,6,3-4,5-6
M4_add_one__movement_rate,ridge,5,haoyu0512workout|hsianshun0514workout|tsenyu0515workout|yanz0510workout|ziho0512workout,yushuan0513workout,yoru0511workout,yoru0511workout,db_triceps_curl,2,5,4.0,6.306337728288833,movement_rate,velocity_proxy,velocity proxy,4,6,3-4,5-6
M4_add_one__movement_rate,ridge,5,haoyu0512workout|hsianshun0514workout|tsenyu0515workout|yanz0510workout|ziho0512workout,yushuan0513workout,yoru0511workout,yoru0511workout,db_triceps_curl,2,6,5.0,6.693912589225591,movement_rate,velocity_proxy,velocity proxy,5,7,5-6,7-8
M4_add_one__movement_rate,ridge,5,haoyu0512workout|hsianshun0514workout|tsenyu0515workout|yanz0510workout|ziho0512workout,yushuan0513workout,yoru0511workout,yoru0511workout,db_triceps_curl,2,7,5.0,7.10890289265957,movement_rate,velocity_proxy,velocity proxy,5,7,5-6,7-8
M4_add_one__movement_rate,ridge,5,haoyu0512workout|hsianshun0514workout|tsenyu0515workout|yanz0510workout|ziho0512workout,yushuan0513workout,yoru0511workout,yoru0511workout,db_triceps_curl,2,8,5.0,7.439091989868681,movement_rate,velocity_proxy,velocity proxy,5,7,5-6,7-8
M4_add_one__movement_rate,ridge,5,haoyu0512workout|hsianshun0514workout|tsenyu0515workout|yanz0510workout|ziho0512workout,yushuan0513workout,yoru0511workout,yoru0511workout,db_triceps_curl,2,9,5.0,7.931336585215099,movement_rate,velocity_proxy,velocity proxy,5,8,5-6,7-8
M4_add_one__movement_rate,ridge,5,haoyu0512workout|hsianshun0514workout|tsenyu0515workout|yanz0510workout|ziho0512workout,yushuan0513workout,yoru0511workout,yoru0511workout,db_triceps_curl,2,10,6.0,8.240018346161879,movement_rate,velocity_proxy,velocity proxy,6,8,5-6,7-8
M4_add_one__movement_rate,ridge,5,haoyu0512workout|hsianshun0514workout|tsenyu0515workout|yanz0510workout|ziho0512workout,yushuan0513workout,yoru0511workout,yoru0511workout,db_triceps_curl,2,11,6.0,8.392259220922602,movement_rate,velocity_proxy,velocity proxy,6,8,5-6,7-8
M4_add_one__movement_rate,ridge,5,haoyu0512workout|hsianshun0514workout|tsenyu0515workout|yanz0510workout|ziho0512workout,yushuan0513workout,yoru0511workout,yoru0511workout,db_weighted_crunch,0,0,1.0,1.0956673437556723,movement_rate,velocity_proxy,velocity proxy,1,1,1-2,1-2
M4_add_one__movement_rate,ridge,5,haoyu0512workout|hsianshun0514workout|tsenyu0515workout|yanz0510workout|ziho0512workout,yushuan0513workout,yoru0511workout,yoru0511workout,db_weighted_crunch,0,1,1.0,1.6432932471476294,movement_rate,velocity_proxy,velocity proxy,1,2,1-2,1-2
M4_add_one__movement_rate,ridge,5,haoyu0512workout|hsianshun0514workout|tsenyu0515workout|yanz0510workout|ziho0512workout,yushuan0513workout,yoru0511workout,yoru0511workout,db_weighted_crunch,0,2,1.0,2.0766803662027593,movement_rate,velocity_proxy,velocity proxy,1,2,1-2,1-2
M4_add_one__movement_rate,ridge,5,haoyu0512workout|hsianshun0514workout|tsenyu0515workout|yanz0510workout|ziho0512workout,yushuan0513workout,yoru0511workout,yoru0511workout,db_weighted_crunch,0,3,3.0,2.439352870327493,movement_rate,velocity_proxy,velocity proxy,3,2,3-4,1-2
M4_add_one__movement_rate,ridge,5,haoyu0512workout|hsianshun0514workout|tsenyu0515workout|yanz0510workout|ziho0512workout,yushuan0513workout,yoru0511workout,yoru0511workout,db_weighted_crunch,0,4,4.0,2.7654213117200177,movement_rate,velocity_proxy,velocity proxy,4,3,3-4,3-4
M4_add_one__movement_rate,ridge,5,haoyu0512workout|hsianshun0514workout|tsenyu0515workout|yanz0510workout|ziho0512workout,yushuan0513workout,yoru0511workout,yoru0511workout,db_weighted_crunch,0,5,4.0,3.111638528906495,movement_rate,velocity_proxy,velocity proxy,4,3,3-4,3-4
M4_add_one__movement_rate,ridge,5,haoyu0512workout|hsianshun0514workout|tsenyu0515workout|yanz0510workout|ziho0512workout,yushuan0513workout,yoru0511workout,yoru0511workout,db_weighted_crunch,0,6,5.0,3.5373307718934504,movement_rate,velocity_proxy,velocity proxy,5,4,5-6,3-4
M4_add_one__movement_rate,ridge,5,haoyu0512workout|hsianshun0514workout|tsenyu0515workout|yanz0510workout|ziho0512workout,yushuan0513workout,yoru0511workout,yoru0511workout,db_weighted_crunch,0,7,5.0,3.9462793730020937,movement_rate,velocity_proxy,velocity proxy,5,4,5-6,3-4
M4_add_one__movement_rate,ridge,5,haoyu0512workout|hsianshun0514workout|tsenyu0515workout|yanz0510workout|ziho0512workout,yushuan0513workout,yoru0511workout,yoru0511workout,db_weighted_crunch,0,8,5.0,4.2894690832509985,movement_rate,velocity_proxy,velocity proxy,5,4,5-6,3-4
M4_add_one__movement_rate,ridge,5,haoyu0512workout|hsianshun0514workout|tsenyu0515workout|yanz0510workout|ziho0512workout,yushuan0513workout,yoru0511workout,yoru0511workout,db_weighted_crunch,0,9,6.0,4.634863300863265,movement_rate,velocity_proxy,velocity proxy,6,5,5-6,5-6
M4_add_one__movement_rate,ridge,5,haoyu0512workout|hsianshun0514workout|tsenyu0515workout|yanz0510workout|ziho0512workout,yushuan0513workout,yoru0511workout,yoru0511workout,db_weighted_crunch,0,10,6.0,5.044985847158218,movement_rate,velocity_proxy,velocity proxy,6,5,5-6,5-6
M4_add_one__movement_rate,ridge,5,haoyu0512workout|hsianshun0514workout|tsenyu0515workout|yanz0510workout|ziho0512workout,yushuan0513workout,yoru0511workout,yoru0511workout,db_weighted_crunch,0,11,6.0,5.110920293034473,movement_rate,velocity_proxy,velocity proxy,6,5,5-6,5-6
M4_add_one__movement_rate,ridge,5,haoyu0512workout|hsianshun0514workout|tsenyu0515workout|yanz0510workout|ziho0512workout,yushuan0513workout,yoru0511workout,yoru0511workout,db_weighted_crunch,1,0,4.0,2.1323202390476137,movement_rate,velocity_proxy,velocity proxy,4,2,3-4,1-2
M4_add_one__movement_rate,ridge,5,haoyu0512workout|hsianshun0514workout|tsenyu0515workout|yanz0510workout|ziho0512workout,yushuan0513workout,yoru0511workout,yoru0511workout,db_weighted_crunch,1,1,4.0,2.8676906068756867,movement_rate,velocity_proxy,velocity proxy,4,3,3-4,3-4
M4_add_one__movement_rate,ridge,5,haoyu0512workout|hsianshun0514workout|tsenyu0515workout|yanz0510workout|ziho0512workout,yushuan0513workout,yoru0511workout,yoru0511workout,db_weighted_crunch,1,2,5.0,3.2560044841685594,movement_rate,velocity_proxy,velocity proxy,5,3,5-6,3-4
M4_add_one__movement_rate,ridge,5,haoyu0512workout|hsianshun0514workout|tsenyu0515workout|yanz0510workout|ziho0512workout,yushuan0513workout,yoru0511workout,yoru0511workout,db_weighted_crunch,1,3,5.0,3.645232487097017,movement_rate,velocity_proxy,velocity proxy,5,4,5-6,3-4
M4_add_one__movement_rate,ridge,5,haoyu0512workout|hsianshun0514workout|tsenyu0515workout|yanz0510workout|ziho0512workout,yushuan0513workout,yoru0511workout,yoru0511workout,db_weighted_crunch,1,4,5.0,3.996180690861995,movement_rate,velocity_proxy,velocity proxy,5,4,5-6,3-4
M4_add_one__movement_rate,ridge,5,haoyu0512workout|hsianshun0514workout|tsenyu0515workout|yanz0510workout|ziho0512workout,yushuan0513workout,yoru0511workout,yoru0511workout,db_weighted_crunch,1,5,5.0,4.3780877330799175,movement_rate,velocity_proxy,velocity proxy,5,4,5-6,3-4
M4_add_one__movement_rate,ridge,5,haoyu0512workout|hsianshun0514workout|tsenyu0515workout|yanz0510workout|ziho0512workout,yushuan0513workout,yoru0511workout,yoru0511workout,db_weighted_crunch,1,6,6.0,4.748300902246079,movement_rate,velocity_proxy,velocity proxy,6,5,5-6,5-6
M4_add_one__movement_rate,ridge,5,haoyu0512workout|hsianshun0514workout|tsenyu0515workout|yanz0510workout|ziho0512workout,yushuan0513workout,yoru0511workout,yoru0511workout,db_weighted_crunch,1,7,6.0,5.108857364476839,movement_rate,velocity_proxy,velocity proxy,6,5,5-6,5-6
M4_add_one__movement_rate,ridge,5,haoyu0512workout|hsianshun0514workout|tsenyu0515workout|yanz0510workout|ziho0512workout,yushuan0513workout,yoru0511workout,yoru0511workout,db_weighted_crunch,1,8,6.0,5.475361599147277,movement_rate,velocity_proxy,velocity proxy,6,5,5-6,5-6
M4_add_one__movement_rate,ridge,5,haoyu0512workout|hsianshun0514workout|tsenyu0515workout|yanz0510workout|ziho0512workout,yushuan0513workout,yoru0511workout,yoru0511workout,db_weighted_crunch,1,9,7.0,5.884575896454099,movement_rate,velocity_proxy,velocity proxy,7,6,7-8,5-6
M4_add_one__movement_rate,ridge,5,haoyu0512workout|hsianshun0514workout|tsenyu0515workout|yanz0510workout|ziho0512workout,yushuan0513workout,yoru0511workout,yoru0511workout,db_weighted_crunch,1,10,7.0,6.249224425928617,movement_rate,velocity_proxy,velocity proxy,7,6,7-8,5-6
M4_add_one__movement_rate,ridge,5,haoyu0512workout|hsianshun0514workout|tsenyu0515workout|yanz0510workout|ziho0512workout,yushuan0513workout,yoru0511workout,yoru0511workout,db_weighted_crunch,1,11,7.0,6.43064106280004,movement_rate,velocity_proxy,velocity proxy,7,6,7-8,5-6
M4_add_one__movement_rate,ridge,5,haoyu0512workout|hsianshun0514workout|tsenyu0515workout|yanz0510workout|ziho0512workout,yushuan0513workout,yoru0511workout,yoru0511workout,db_weighted_crunch,2,0,5.0,3.288518722067926,movement_rate,velocity_proxy,velocity proxy,5,3,5-6,3-4
M4_add_one__movement_rate,ridge,5,haoyu0512workout|hsianshun0514workout|tsenyu0515workout|yanz0510workout|ziho0512workout,yushuan0513workout,yoru0511workout,yoru0511workout,db_weighted_crunch,2,1,5.0,4.004936417838378,movement_rate,velocity_proxy,velocity proxy,5,4,5-6,3-4
M4_add_one__movement_rate,ridge,5,haoyu0512workout|hsianshun0514workout|tsenyu0515workout|yanz0510workout|ziho0512workout,yushuan0513workout,yoru0511workout,yoru0511workout,db_weighted_crunch,2,2,5.0,4.449907983337852,movement_rate,velocity_proxy,velocity proxy,5,4,5-6,3-4
M4_add_one__movement_rate,ridge,5,haoyu0512workout|hsianshun0514workout|tsenyu0515workout|yanz0510workout|ziho0512workout,yushuan0513workout,yoru0511workout,yoru0511workout,db_weighted_crunch,2,3,6.0,4.827472879692311,movement_rate,velocity_proxy,velocity proxy,6,5,5-6,5-6
M4_add_one__movement_rate,ridge,5,haoyu0512workout|hsianshun0514workout|tsenyu0515workout|yanz0510workout|ziho0512workout,yushuan0513workout,yoru0511workout,yoru0511workout,db_weighted_crunch,2,4,6.0,5.165042111524062,movement_rate,velocity_proxy,velocity proxy,6,5,5-6,5-6
M4_add_one__movement_rate,ridge,5,haoyu0512workout|hsianshun0514workout|tsenyu0515workout|yanz0510workout|ziho0512workout,yushuan0513workout,yoru0511workout,yoru0511workout,db_weighted_crunch,2,5,6.0,5.544841744334736,movement_rate,velocity_proxy,velocity proxy,6,6,5-6,5-6
M4_add_one__movement_rate,ridge,5,haoyu0512workout|hsianshun0514workout|tsenyu0515workout|yanz0510workout|ziho0512workout,yushuan0513workout,yoru0511workout,yoru0511workout,db_weighted_crunch,2,6,6.0,5.9628209057223325,movement_rate,velocity_proxy,velocity proxy,6,6,5-6,5-6
M4_add_one__movement_rate,ridge,5,haoyu0512workout|hsianshun0514workout|tsenyu0515workout|yanz0510workout|ziho0512workout,yushuan0513workout,yoru0511workout,yoru0511workout,db_weighted_crunch,2,7,6.0,6.338985589635521,movement_rate,velocity_proxy,velocity proxy,6,6,5-6,5-6
M4_add_one__movement_rate,ridge,5,haoyu0512workout|hsianshun0514workout|tsenyu0515workout|yanz0510workout|ziho0512workout,yushuan0513workout,yoru0511workout,yoru0511workout,db_weighted_crunch,2,8,7.0,6.669996117208571,movement_rate,velocity_proxy,velocity proxy,7,7,7-8,7-8
M4_add_one__movement_rate,ridge,5,haoyu0512workout|hsianshun0514workout|tsenyu0515workout|yanz0510workout|ziho0512workout,yushuan0513workout,yoru0511workout,yoru0511workout,db_weighted_crunch,2,9,7.0,7.074242360741902,movement_rate,velocity_proxy,velocity proxy,7,7,7-8,7-8
M4_add_one__movement_rate,ridge,5,haoyu0512workout|hsianshun0514workout|tsenyu0515workout|yanz0510workout|ziho0512workout,yushuan0513workout,yoru0511workout,yoru0511workout,db_weighted_crunch,2,10,7.0,7.4827859537170305,movement_rate,velocity_proxy,velocity proxy,7,7,7-8,7-8
M4_add_one__movement_rate,ridge,5,haoyu0512workout|hsianshun0514workout|tsenyu0515workout|yanz0510workout|ziho0512workout,yushuan0513workout,yoru0511workout,yoru0511workout,db_weighted_crunch,2,11,7.0,7.591553901790494,movement_rate,velocity_proxy,velocity proxy,7,8,7-8,7-8
M4_add_one__movement_rate,ridge,5,haoyu0512workout|hsianshun0514workout|tsenyu0515workout|yanz0510workout|ziho0512workout,yushuan0513workout,yoru0511workout,yoru0511workout,one_arm_db_row,0,0,1.0,1.800165160477957,movement_rate,velocity_proxy,velocity proxy,1,2,1-2,1-2
M4_add_one__movement_rate,ridge,5,haoyu0512workout|hsianshun0514workout|tsenyu0515workout|yanz0510workout|ziho0512workout,yushuan0513workout,yoru0511workout,yoru0511workout,one_arm_db_row,0,1,1.0,2.7503429667115675,movement_rate,velocity_proxy,velocity proxy,1,3,1-2,3-4
M4_add_one__movement_rate,ridge,5,haoyu0512workout|hsianshun0514workout|tsenyu0515workout|yanz0510workout|ziho0512workout,yushuan0513workout,yoru0511workout,yoru0511workout,one_arm_db_row,0,2,1.0,3.1601379512782373,movement_rate,velocity_proxy,velocity proxy,1,3,1-2,3-4
M4_add_one__movement_rate,ridge,5,haoyu0512workout|hsianshun0514workout|tsenyu0515workout|yanz0510workout|ziho0512workout,yushuan0513workout,yoru0511workout,yoru0511workout,one_arm_db_row,0,3,1.0,3.603107365359692,movement_rate,velocity_proxy,velocity proxy,1,4,1-2,3-4
M4_add_one__movement_rate,ridge,5,haoyu0512workout|hsianshun0514workout|tsenyu0515workout|yanz0510workout|ziho0512workout,yushuan0513workout,yoru0511workout,yoru0511workout,one_arm_db_row,0,4,4.0,3.931481892884806,movement_rate,velocity_proxy,velocity proxy,4,4,3-4,3-4
M4_add_one__movement_rate,ridge,5,haoyu0512workout|hsianshun0514workout|tsenyu0515workout|yanz0510workout|ziho0512workout,yushuan0513workout,yoru0511workout,yoru0511workout,one_arm_db_row,0,5,4.0,4.288898946969803,movement_rate,velocity_proxy,velocity proxy,4,4,3-4,3-4
M4_add_one__movement_rate,ridge,5,haoyu0512workout|hsianshun0514workout|tsenyu0515workout|yanz0510workout|ziho0512workout,yushuan0513workout,yoru0511workout,yoru0511workout,one_arm_db_row,0,6,4.0,4.689980545371995,movement_rate,velocity_proxy,velocity proxy,4,5,3-4,5-6
M4_add_one__movement_rate,ridge,5,haoyu0512workout|hsianshun0514workout|tsenyu0515workout|yanz0510workout|ziho0512workout,yushuan0513workout,yoru0511workout,yoru0511workout,one_arm_db_row,0,7,5.0,5.066709631659715,movement_rate,velocity_proxy,velocity proxy,5,5,5-6,5-6
M4_add_one__movement_rate,ridge,5,haoyu0512workout|hsianshun0514workout|tsenyu0515workout|yanz0510workout|ziho0512workout,yushuan0513workout,yoru0511workout,yoru0511workout,one_arm_db_row,0,8,5.0,5.444050751640355,movement_rate,velocity_proxy,velocity proxy,5,5,5-6,5-6
M4_add_one__movement_rate,ridge,5,haoyu0512workout|hsianshun0514workout|tsenyu0515workout|yanz0510workout|ziho0512workout,yushuan0513workout,yoru0511workout,yoru0511workout,one_arm_db_row,0,9,5.0,5.853269761788204,movement_rate,velocity_proxy,velocity proxy,5,6,5-6,5-6
M4_add_one__movement_rate,ridge,5,haoyu0512workout|hsianshun0514workout|tsenyu0515workout|yanz0510workout|ziho0512workout,yushuan0513workout,yoru0511workout,yoru0511workout,one_arm_db_row,0,10,5.0,6.146471104422815,movement_rate,velocity_proxy,velocity proxy,5,6,5-6,5-6
M4_add_one__movement_rate,ridge,5,haoyu0512workout|hsianshun0514workout|tsenyu0515workout|yanz0510workout|ziho0512workout,yushuan0513workout,yoru0511workout,yoru0511workout,one_arm_db_row,0,11,5.0,6.335571153889294,movement_rate,velocity_proxy,velocity proxy,5,6,5-6,5-6
M4_add_one__movement_rate,ridge,5,haoyu0512workout|hsianshun0514workout|tsenyu0515workout|yanz0510workout|ziho0512workout,yushuan0513workout,yoru0511workout,yoru0511workout,one_arm_db_row,2,0,5.0,4.162280695705938,movement_rate,velocity_proxy,velocity proxy,5,4,5-6,3-4
M4_add_one__movement_rate,ridge,5,haoyu0512workout|hsianshun0514workout|tsenyu0515workout|yanz0510workout|ziho0512workout,yushuan0513workout,yoru0511workout,yoru0511workout,one_arm_db_row,2,1,5.0,5.033490227491402,movement_rate,velocity_proxy,velocity proxy,5,5,5-6,5-6
M4_add_one__movement_rate,ridge,5,haoyu0512workout|hsianshun0514workout|tsenyu0515workout|yanz0510workout|ziho0512workout,yushuan0513workout,yoru0511workout,yoru0511workout,one_arm_db_row,2,2,5.0,5.5140030060727865,movement_rate,velocity_proxy,velocity proxy,5,6,5-6,5-6
M4_add_one__movement_rate,ridge,5,haoyu0512workout|hsianshun0514workout|tsenyu0515workout|yanz0510workout|ziho0512workout,yushuan0513workout,yoru0511workout,yoru0511workout,one_arm_db_row,2,3,5.0,5.948990924828535,movement_rate,velocity_proxy,velocity proxy,5,6,5-6,5-6
M4_add_one__movement_rate,ridge,5,haoyu0512workout|hsianshun0514workout|tsenyu0515workout|yanz0510workout|ziho0512workout,yushuan0513workout,yoru0511workout,yoru0511workout,one_arm_db_row,2,4,5.0,6.274566786934479,movement_rate,velocity_proxy,velocity proxy,5,6,5-6,5-6
M4_add_one__movement_rate,ridge,5,haoyu0512workout|hsianshun0514workout|tsenyu0515workout|yanz0510workout|ziho0512workout,yushuan0513workout,yoru0511workout,yoru0511workout,one_arm_db_row,2,5,5.0,6.654063690144899,movement_rate,velocity_proxy,velocity proxy,5,7,5-6,7-8
M4_add_one__movement_rate,ridge,5,haoyu0512workout|hsianshun0514workout|tsenyu0515workout|yanz0510workout|ziho0512workout,yushuan0513workout,yoru0511workout,yoru0511workout,one_arm_db_row,2,6,6.0,7.0876557200640855,movement_rate,velocity_proxy,velocity proxy,6,7,5-6,7-8
M4_add_one__movement_rate,ridge,5,haoyu0512workout|hsianshun0514workout|tsenyu0515workout|yanz0510workout|ziho0512workout,yushuan0513workout,yoru0511workout,yoru0511workout,one_arm_db_row,2,7,6.0,7.451967384966687,movement_rate,velocity_proxy,velocity proxy,6,7,5-6,7-8
M4_add_one__movement_rate,ridge,5,haoyu0512workout|hsianshun0514workout|tsenyu0515workout|yanz0510workout|ziho0512workout,yushuan0513workout,yoru0511workout,yoru0511workout,one_arm_db_row,2,8,6.0,7.882172474330607,movement_rate,velocity_proxy,velocity proxy,6,8,5-6,7-8
M4_add_one__movement_rate,ridge,5,haoyu0512workout|hsianshun0514workout|tsenyu0515workout|yanz0510workout|ziho0512workout,yushuan0513workout,yoru0511workout,yoru0511workout,one_arm_db_row,2,9,6.0,8.143918993422831,movement_rate,velocity_proxy,velocity proxy,6,8,5-6,7-8
M4_add_one__movement_rate,ridge,5,haoyu0512workout|hsianshun0514workout|tsenyu0515workout|yanz0510workout|ziho0512workout,yushuan0513workout,yoru0511workout,yoru0511workout,one_arm_db_row,2,10,6.0,8.60152804789481,movement_rate,velocity_proxy,velocity proxy,6,9,5-6,9-10
M4_add_one__movement_rate,ridge,5,haoyu0512workout|hsianshun0514workout|tsenyu0515workout|yanz0510workout|ziho0512workout,yushuan0513workout,yoru0511workout,yoru0511workout,one_arm_db_row,2,11,7.0,8.656677204665844,movement_rate,velocity_proxy,velocity proxy,7,9,7-8,9-10
M4_add_one__movement_rate,ridge,5,haoyu0512workout|hsianshun0514workout|tsenyu0515workout|yanz0510workout|ziho0512workout,yushuan0513workout,yoru0511workout,yoru0511workout,one_arm_db_row,3,0,7.0,5.553293080472152,movement_rate,velocity_proxy,velocity proxy,7,6,7-8,5-6
M4_add_one__movement_rate,ridge,5,haoyu0512workout|hsianshun0514workout|tsenyu0515workout|yanz0510workout|ziho0512workout,yushuan0513workout,yoru0511workout,yoru0511workout,one_arm_db_row,3,1,7.0,6.225090322300726,movement_rate,velocity_proxy,velocity proxy,7,6,7-8,5-6
M4_add_one__movement_rate,ridge,5,haoyu0512workout|hsianshun0514workout|tsenyu0515workout|yanz0510workout|ziho0512workout,yushuan0513workout,yoru0511workout,yoru0511workout,one_arm_db_row,3,2,7.0,6.689689617241454,movement_rate,velocity_proxy,velocity proxy,7,7,7-8,7-8
M4_add_one__movement_rate,ridge,5,haoyu0512workout|hsianshun0514workout|tsenyu0515workout|yanz0510workout|ziho0512workout,yushuan0513workout,yoru0511workout,yoru0511workout,one_arm_db_row,3,3,7.0,7.125411398988032,movement_rate,velocity_proxy,velocity proxy,7,7,7-8,7-8
M4_add_one__movement_rate,ridge,5,haoyu0512workout|hsianshun0514workout|tsenyu0515workout|yanz0510workout|ziho0512workout,yushuan0513workout,yoru0511workout,yoru0511workout,one_arm_db_row,3,4,7.0,7.432039677824843,movement_rate,velocity_proxy,velocity proxy,7,7,7-8,7-8
M4_add_one__movement_rate,ridge,5,haoyu0512workout|hsianshun0514workout|tsenyu0515workout|yanz0510workout|ziho0512workout,yushuan0513workout,yoru0511workout,yoru0511workout,one_arm_db_row,3,5,7.0,7.894125165089315,movement_rate,velocity_proxy,velocity proxy,7,8,7-8,7-8
M4_add_one__movement_rate,ridge,5,haoyu0512workout|hsianshun0514workout|tsenyu0515workout|yanz0510workout|ziho0512workout,yushuan0513workout,yoru0511workout,yoru0511workout,one_arm_db_row,3,6,7.0,8.331084431092437,movement_rate,velocity_proxy,velocity proxy,7,8,7-8,7-8
M4_add_one__movement_rate,ridge,5,haoyu0512workout|hsianshun0514workout|tsenyu0515workout|yanz0510workout|ziho0512workout,yushuan0513workout,yoru0511workout,yoru0511workout,one_arm_db_row,3,7,7.0,8.657433446607884,movement_rate,velocity_proxy,velocity proxy,7,9,7-8,9-10
M4_add_one__movement_rate,ridge,5,haoyu0512workout|hsianshun0514workout|tsenyu0515workout|yanz0510workout|ziho0512workout,yushuan0513workout,yoru0511workout,yoru0511workout,one_arm_db_row,3,8,8.0,9.03926206782599,movement_rate,velocity_proxy,velocity proxy,8,9,7-8,9-10
M4_add_one__movement_rate,ridge,5,haoyu0512workout|hsianshun0514workout|tsenyu0515workout|yanz0510workout|ziho0512workout,yushuan0513workout,yoru0511workout,yoru0511workout,one_arm_db_row,3,9,8.0,9.439537938141346,movement_rate,velocity_proxy,velocity proxy,8,9,7-8,9-10
M4_add_one__movement_rate,ridge,5,haoyu0512workout|hsianshun0514workout|tsenyu0515workout|yanz0510workout|ziho0512workout,yushuan0513workout,yoru0511workout,yoru0511workout,one_arm_db_row,3,10,8.0,9.7470090806966,movement_rate,velocity_proxy,velocity proxy,8,10,7-8,9-10
M4_add_one__movement_rate,ridge,5,haoyu0512workout|hsianshun0514workout|tsenyu0515workout|yanz0510workout|ziho0512workout,yushuan0513workout,yoru0511workout,yoru0511workout,one_arm_db_row,3,11,8.0,10.06726285595132,movement_rate,velocity_proxy,velocity proxy,8,10,7-8,9-10
M4_add_one__movement_rate,ridge,6,haoyu0512workout|hsianshun0514workout|tsenyu0515workout|yanz0510workout|yoru0511workout,ziho0512workout,yushuan0513workout,yushuan0513workout,db_bench_press,0,0,1.0,0.8591231054361606,movement_rate,velocity_proxy,velocity proxy,1,1,1-2,1-2
M4_add_one__movement_rate,ridge,6,haoyu0512workout|hsianshun0514workout|tsenyu0515workout|yanz0510workout|yoru0511workout,ziho0512workout,yushuan0513workout,yushuan0513workout,db_bench_press,0,1,1.0,1.3079091682454873,movement_rate,velocity_proxy,velocity proxy,1,1,1-2,1-2
M4_add_one__movement_rate,ridge,6,haoyu0512workout|hsianshun0514workout|tsenyu0515workout|yanz0510workout|yoru0511workout,ziho0512workout,yushuan0513workout,yushuan0513workout,db_bench_press,0,2,3.0,1.5809954437989342,movement_rate,velocity_proxy,velocity proxy,3,2,3-4,1-2
M4_add_one__movement_rate,ridge,6,haoyu0512workout|hsianshun0514workout|tsenyu0515workout|yanz0510workout|yoru0511workout,ziho0512workout,yushuan0513workout,yushuan0513workout,db_bench_press,0,3,3.0,1.9504556452156887,movement_rate,velocity_proxy,velocity proxy,3,2,3-4,1-2
M4_add_one__movement_rate,ridge,6,haoyu0512workout|hsianshun0514workout|tsenyu0515workout|yanz0510workout|yoru0511workout,ziho0512workout,yushuan0513workout,yushuan0513workout,db_bench_press,0,4,4.0,2.2959394220651053,movement_rate,velocity_proxy,velocity proxy,4,2,3-4,1-2
M4_add_one__movement_rate,ridge,6,haoyu0512workout|hsianshun0514workout|tsenyu0515workout|yanz0510workout|yoru0511workout,ziho0512workout,yushuan0513workout,yushuan0513workout,db_bench_press,0,5,5.0,2.7160117254959033,movement_rate,velocity_proxy,velocity proxy,5,3,5-6,3-4
M4_add_one__movement_rate,ridge,6,haoyu0512workout|hsianshun0514workout|tsenyu0515workout|yanz0510workout|yoru0511workout,ziho0512workout,yushuan0513workout,yushuan0513workout,db_bench_press,0,6,5.0,2.9462778171419566,movement_rate,velocity_proxy,velocity proxy,5,3,5-6,3-4
M4_add_one__movement_rate,ridge,6,haoyu0512workout|hsianshun0514workout|tsenyu0515workout|yanz0510workout|yoru0511workout,ziho0512workout,yushuan0513workout,yushuan0513workout,db_bench_press,0,7,6.0,3.300075164959483,movement_rate,velocity_proxy,velocity proxy,6,3,5-6,3-4
M4_add_one__movement_rate,ridge,6,haoyu0512workout|hsianshun0514workout|tsenyu0515workout|yanz0510workout|yoru0511workout,ziho0512workout,yushuan0513workout,yushuan0513workout,db_bench_press,0,8,7.0,3.658005528141068,movement_rate,velocity_proxy,velocity proxy,7,4,7-8,3-4
M4_add_one__movement_rate,ridge,6,haoyu0512workout|hsianshun0514workout|tsenyu0515workout|yanz0510workout|yoru0511workout,ziho0512workout,yushuan0513workout,yushuan0513workout,db_bench_press,0,9,8.0,3.9883277726405,movement_rate,velocity_proxy,velocity proxy,8,4,7-8,3-4
M4_add_one__movement_rate,ridge,6,haoyu0512workout|hsianshun0514workout|tsenyu0515workout|yanz0510workout|yoru0511workout,ziho0512workout,yushuan0513workout,yushuan0513workout,db_bench_press,0,10,8.0,4.3463680639186215,movement_rate,velocity_proxy,velocity proxy,8,4,7-8,3-4
M4_add_one__movement_rate,ridge,6,haoyu0512workout|hsianshun0514workout|tsenyu0515workout|yanz0510workout|yoru0511workout,ziho0512workout,yushuan0513workout,yushuan0513workout,db_bench_press,0,11,9.0,4.676010424498313,movement_rate,velocity_proxy,velocity proxy,9,5,9-10,5-6
M4_add_one__movement_rate,ridge,6,haoyu0512workout|hsianshun0514workout|tsenyu0515workout|yanz0510workout|yoru0511workout,ziho0512workout,yushuan0513workout,yushuan0513workout,db_bench_press,1,0,5.0,1.952509532129432,movement_rate,velocity_proxy,velocity proxy,5,2,5-6,1-2
M4_add_one__movement_rate,ridge,6,haoyu0512workout|hsianshun0514workout|tsenyu0515workout|yanz0510workout|yoru0511workout,ziho0512workout,yushuan0513workout,yushuan0513workout,db_bench_press,1,1,5.0,2.2104800811219905,movement_rate,velocity_proxy,velocity proxy,5,2,5-6,1-2
M4_add_one__movement_rate,ridge,6,haoyu0512workout|hsianshun0514workout|tsenyu0515workout|yanz0510workout|yoru0511workout,ziho0512workout,yushuan0513workout,yushuan0513workout,db_bench_press,1,2,5.0,2.6749602450882817,movement_rate,velocity_proxy,velocity proxy,5,3,5-6,3-4
M4_add_one__movement_rate,ridge,6,haoyu0512workout|hsianshun0514workout|tsenyu0515workout|yanz0510workout|yoru0511workout,ziho0512workout,yushuan0513workout,yushuan0513workout,db_bench_press,1,3,6.0,2.938738730771222,movement_rate,velocity_proxy,velocity proxy,6,3,5-6,3-4
M4_add_one__movement_rate,ridge,6,haoyu0512workout|hsianshun0514workout|tsenyu0515workout|yanz0510workout|yoru0511workout,ziho0512workout,yushuan0513workout,yushuan0513workout,db_bench_press,1,4,6.0,3.2713980681474144,movement_rate,velocity_proxy,velocity proxy,6,3,5-6,3-4
M4_add_one__movement_rate,ridge,6,haoyu0512workout|hsianshun0514workout|tsenyu0515workout|yanz0510workout|yoru0511workout,ziho0512workout,yushuan0513workout,yushuan0513workout,db_bench_press,1,5,6.0,3.635164037541466,movement_rate,velocity_proxy,velocity proxy,6,4,5-6,3-4
M4_add_one__movement_rate,ridge,6,haoyu0512workout|hsianshun0514workout|tsenyu0515workout|yanz0510workout|yoru0511workout,ziho0512workout,yushuan0513workout,yushuan0513workout,db_bench_press,1,6,7.0,4.040762759324282,movement_rate,velocity_proxy,velocity proxy,7,4,7-8,3-4
M4_add_one__movement_rate,ridge,6,haoyu0512workout|hsianshun0514workout|tsenyu0515workout|yanz0510workout|yoru0511workout,ziho0512workout,yushuan0513workout,yushuan0513workout,db_bench_press,1,7,7.0,4.292569657664164,movement_rate,velocity_proxy,velocity proxy,7,4,7-8,3-4
M4_add_one__movement_rate,ridge,6,haoyu0512workout|hsianshun0514workout|tsenyu0515workout|yanz0510workout|yoru0511workout,ziho0512workout,yushuan0513workout,yushuan0513workout,db_bench_press,1,8,8.0,4.645099754578717,movement_rate,velocity_proxy,velocity proxy,8,5,7-8,5-6
M4_add_one__movement_rate,ridge,6,haoyu0512workout|hsianshun0514workout|tsenyu0515workout|yanz0510workout|yoru0511workout,ziho0512workout,yushuan0513workout,yushuan0513workout,db_bench_press,1,9,9.0,5.076069281225706,movement_rate,velocity_proxy,velocity proxy,9,5,9-10,5-6
M4_add_one__movement_rate,ridge,6,haoyu0512workout|hsianshun0514workout|tsenyu0515workout|yanz0510workout|yoru0511workout,ziho0512workout,yushuan0513workout,yushuan0513workout,db_bench_press,1,10,9.0,5.4266185550981865,movement_rate,velocity_proxy,velocity proxy,9,5,9-10,5-6
M4_add_one__movement_rate,ridge,6,haoyu0512workout|hsianshun0514workout|tsenyu0515workout|yanz0510workout|yoru0511workout,ziho0512workout,yushuan0513workout,yushuan0513workout,db_bench_press,1,11,10.0,5.6878660347785885,movement_rate,velocity_proxy,velocity proxy,10,6,9-10,5-6
M4_add_one__movement_rate,ridge,6,haoyu0512workout|hsianshun0514workout|tsenyu0515workout|yanz0510workout|yoru0511workout,ziho0512workout,yushuan0513workout,yushuan0513workout,db_bench_press,3,0,6.0,4.127738013159986,movement_rate,velocity_proxy,velocity proxy,6,4,5-6,3-4
M4_add_one__movement_rate,ridge,6,haoyu0512workout|hsianshun0514workout|tsenyu0515workout|yanz0510workout|yoru0511workout,ziho0512workout,yushuan0513workout,yushuan0513workout,db_bench_press,3,1,6.0,4.762799656843867,movement_rate,velocity_proxy,velocity proxy,6,5,5-6,5-6
M4_add_one__movement_rate,ridge,6,haoyu0512workout|hsianshun0514workout|tsenyu0515workout|yanz0510workout|yoru0511workout,ziho0512workout,yushuan0513workout,yushuan0513workout,db_bench_press,3,2,6.0,5.304101730419752,movement_rate,velocity_proxy,velocity proxy,6,5,5-6,5-6
M4_add_one__movement_rate,ridge,6,haoyu0512workout|hsianshun0514workout|tsenyu0515workout|yanz0510workout|yoru0511workout,ziho0512workout,yushuan0513workout,yushuan0513workout,db_bench_press,3,3,7.0,5.780606090720563,movement_rate,velocity_proxy,velocity proxy,7,6,7-8,5-6
M4_add_one__movement_rate,ridge,6,haoyu0512workout|hsianshun0514workout|tsenyu0515workout|yanz0510workout|yoru0511workout,ziho0512workout,yushuan0513workout,yushuan0513workout,db_bench_press,3,4,8.0,6.315376263015609,movement_rate,velocity_proxy,velocity proxy,8,6,7-8,5-6
M4_add_one__movement_rate,ridge,6,haoyu0512workout|hsianshun0514workout|tsenyu0515workout|yanz0510workout|yoru0511workout,ziho0512workout,yushuan0513workout,yushuan0513workout,db_bench_press,3,5,8.0,6.859983143286676,movement_rate,velocity_proxy,velocity proxy,8,7,7-8,7-8
M4_add_one__movement_rate,ridge,6,haoyu0512workout|hsianshun0514workout|tsenyu0515workout|yanz0510workout|yoru0511workout,ziho0512workout,yushuan0513workout,yushuan0513workout,db_bench_press,3,6,9.0,7.329937379596418,movement_rate,velocity_proxy,velocity proxy,9,7,9-10,7-8
M4_add_one__movement_rate,ridge,6,haoyu0512workout|hsianshun0514workout|tsenyu0515workout|yanz0510workout|yoru0511workout,ziho0512workout,yushuan0513workout,yushuan0513workout,db_bench_press,3,7,10.0,7.461102469356186,movement_rate,velocity_proxy,velocity proxy,10,7,9-10,7-8
M4_add_one__movement_rate,ridge,6,haoyu0512workout|hsianshun0514workout|tsenyu0515workout|yanz0510workout|yoru0511workout,ziho0512workout,yushuan0513workout,yushuan0513workout,db_biceps_curl,0,0,1.0,3.0093104260383416,movement_rate,velocity_proxy,velocity proxy,1,3,1-2,3-4
M4_add_one__movement_rate,ridge,6,haoyu0512workout|hsianshun0514workout|tsenyu0515workout|yanz0510workout|yoru0511workout,ziho0512workout,yushuan0513workout,yushuan0513workout,db_biceps_curl,0,1,1.0,3.3239071479848405,movement_rate,velocity_proxy,velocity proxy,1,3,1-2,3-4
M4_add_one__movement_rate,ridge,6,haoyu0512workout|hsianshun0514workout|tsenyu0515workout|yanz0510workout|yoru0511workout,ziho0512workout,yushuan0513workout,yushuan0513workout,db_biceps_curl,0,2,1.0,3.638393397208775,movement_rate,velocity_proxy,velocity proxy,1,4,1-2,3-4
M4_add_one__movement_rate,ridge,6,haoyu0512workout|hsianshun0514workout|tsenyu0515workout|yanz0510workout|yoru0511workout,ziho0512workout,yushuan0513workout,yushuan0513workout,db_biceps_curl,0,3,1.0,3.985946976042163,movement_rate,velocity_proxy,velocity proxy,1,4,1-2,3-4
M4_add_one__movement_rate,ridge,6,haoyu0512workout|hsianshun0514workout|tsenyu0515workout|yanz0510workout|yoru0511workout,ziho0512workout,yushuan0513workout,yushuan0513workout,db_biceps_curl,0,4,3.0,4.3579900046599755,movement_rate,velocity_proxy,velocity proxy,3,4,3-4,3-4
M4_add_one__movement_rate,ridge,6,haoyu0512workout|hsianshun0514workout|tsenyu0515workout|yanz0510workout|yoru0511workout,ziho0512workout,yushuan0513workout,yushuan0513workout,db_biceps_curl,0,5,3.0,4.671786185520914,movement_rate,velocity_proxy,velocity proxy,3,5,3-4,5-6
M4_add_one__movement_rate,ridge,6,haoyu0512workout|hsianshun0514workout|tsenyu0515workout|yanz0510workout|yoru0511workout,ziho0512workout,yushuan0513workout,yushuan0513workout,db_biceps_curl,0,6,4.0,4.981049830904908,movement_rate,velocity_proxy,velocity proxy,4,5,3-4,5-6
M4_add_one__movement_rate,ridge,6,haoyu0512workout|hsianshun0514workout|tsenyu0515workout|yanz0510workout|yoru0511workout,ziho0512workout,yushuan0513workout,yushuan0513workout,db_biceps_curl,0,7,4.0,5.316798653038414,movement_rate,velocity_proxy,velocity proxy,4,5,3-4,5-6
M4_add_one__movement_rate,ridge,6,haoyu0512workout|hsianshun0514workout|tsenyu0515workout|yanz0510workout|yoru0511workout,ziho0512workout,yushuan0513workout,yushuan0513workout,db_biceps_curl,0,8,6.0,5.72095982675855,movement_rate,velocity_proxy,velocity proxy,6,6,5-6,5-6
M4_add_one__movement_rate,ridge,6,haoyu0512workout|hsianshun0514workout|tsenyu0515workout|yanz0510workout|yoru0511workout,ziho0512workout,yushuan0513workout,yushuan0513workout,db_biceps_curl,0,9,6.0,6.039713658750346,movement_rate,velocity_proxy,velocity proxy,6,6,5-6,5-6
M4_add_one__movement_rate,ridge,6,haoyu0512workout|hsianshun0514workout|tsenyu0515workout|yanz0510workout|yoru0511workout,ziho0512workout,yushuan0513workout,yushuan0513workout,db_biceps_curl,0,10,7.0,6.342474797119589,movement_rate,velocity_proxy,velocity proxy,7,6,7-8,5-6
M4_add_one__movement_rate,ridge,6,haoyu0512workout|hsianshun0514workout|tsenyu0515workout|yanz0510workout|yoru0511workout,ziho0512workout,yushuan0513workout,yushuan0513workout,db_biceps_curl,0,11,7.0,6.658276417556853,movement_rate,velocity_proxy,velocity proxy,7,7,7-8,7-8
M4_add_one__movement_rate,ridge,6,haoyu0512workout|hsianshun0514workout|tsenyu0515workout|yanz0510workout|yoru0511workout,ziho0512workout,yushuan0513workout,yushuan0513workout,db_biceps_curl,1,0,5.0,4.104018553356988,movement_rate,velocity_proxy,velocity proxy,5,4,5-6,3-4
M4_add_one__movement_rate,ridge,6,haoyu0512workout|hsianshun0514workout|tsenyu0515workout|yanz0510workout|yoru0511workout,ziho0512workout,yushuan0513workout,yushuan0513workout,db_biceps_curl,1,1,5.0,4.38951968075408,movement_rate,velocity_proxy,velocity proxy,5,4,5-6,3-4
M4_add_one__movement_rate,ridge,6,haoyu0512workout|hsianshun0514workout|tsenyu0515workout|yanz0510workout|yoru0511workout,ziho0512workout,yushuan0513workout,yushuan0513workout,db_biceps_curl,1,2,5.0,4.709634679713413,movement_rate,velocity_proxy,velocity proxy,5,5,5-6,5-6
M4_add_one__movement_rate,ridge,6,haoyu0512workout|hsianshun0514workout|tsenyu0515workout|yanz0510workout|yoru0511workout,ziho0512workout,yushuan0513workout,yushuan0513workout,db_biceps_curl,1,3,5.0,5.080838563316253,movement_rate,velocity_proxy,velocity proxy,5,5,5-6,5-6
M4_add_one__movement_rate,ridge,6,haoyu0512workout|hsianshun0514workout|tsenyu0515workout|yanz0510workout|yoru0511workout,ziho0512workout,yushuan0513workout,yushuan0513workout,db_biceps_curl,1,4,5.0,5.361340550348525,movement_rate,velocity_proxy,velocity proxy,5,5,5-6,5-6
M4_add_one__movement_rate,ridge,6,haoyu0512workout|hsianshun0514workout|tsenyu0515workout|yanz0510workout|yoru0511workout,ziho0512workout,yushuan0513workout,yushuan0513workout,db_biceps_curl,1,5,6.0,5.743093765753281,movement_rate,velocity_proxy,velocity proxy,6,6,5-6,5-6
M4_add_one__movement_rate,ridge,6,haoyu0512workout|hsianshun0514workout|tsenyu0515workout|yanz0510workout|yoru0511workout,ziho0512workout,yushuan0513workout,yushuan0513workout,db_biceps_curl,1,6,6.0,6.043428873919922,movement_rate,velocity_proxy,velocity proxy,6,6,5-6,5-6
M4_add_one__movement_rate,ridge,6,haoyu0512workout|hsianshun0514workout|tsenyu0515workout|yanz0510workout|yoru0511workout,ziho0512workout,yushuan0513workout,yushuan0513workout,db_biceps_curl,1,7,7.0,6.435525404188645,movement_rate,velocity_proxy,velocity proxy,7,6,7-8,5-6
M4_add_one__movement_rate,ridge,6,haoyu0512workout|hsianshun0514workout|tsenyu0515workout|yanz0510workout|yoru0511workout,ziho0512workout,yushuan0513workout,yushuan0513workout,db_biceps_curl,1,8,8.0,6.794238107703402,movement_rate,velocity_proxy,velocity proxy,8,7,7-8,7-8
M4_add_one__movement_rate,ridge,6,haoyu0512workout|hsianshun0514workout|tsenyu0515workout|yanz0510workout|yoru0511workout,ziho0512workout,yushuan0513workout,yushuan0513workout,db_biceps_curl,1,9,8.0,7.153926774833101,movement_rate,velocity_proxy,velocity proxy,8,7,7-8,7-8
M4_add_one__movement_rate,ridge,6,haoyu0512workout|hsianshun0514workout|tsenyu0515workout|yanz0510workout|yoru0511workout,ziho0512workout,yushuan0513workout,yushuan0513workout,db_biceps_curl,1,10,8.0,7.487747396906015,movement_rate,velocity_proxy,velocity proxy,8,7,7-8,7-8
M4_add_one__movement_rate,ridge,6,haoyu0512workout|hsianshun0514workout|tsenyu0515workout|yanz0510workout|yoru0511workout,ziho0512workout,yushuan0513workout,yushuan0513workout,db_biceps_curl,1,11,9.0,7.800105008345579,movement_rate,velocity_proxy,velocity proxy,9,8,9-10,7-8
M4_add_one__movement_rate,ridge,6,haoyu0512workout|hsianshun0514workout|tsenyu0515workout|yanz0510workout|yoru0511workout,ziho0512workout,yushuan0513workout,yushuan0513workout,db_biceps_curl,2,0,6.0,5.118586588247779,movement_rate,velocity_proxy,velocity proxy,6,5,5-6,5-6
M4_add_one__movement_rate,ridge,6,haoyu0512workout|hsianshun0514workout|tsenyu0515workout|yanz0510workout|yoru0511workout,ziho0512workout,yushuan0513workout,yushuan0513workout,db_biceps_curl,2,1,6.0,5.516213678855592,movement_rate,velocity_proxy,velocity proxy,6,6,5-6,5-6
M4_add_one__movement_rate,ridge,6,haoyu0512workout|hsianshun0514workout|tsenyu0515workout|yanz0510workout|yoru0511workout,ziho0512workout,yushuan0513workout,yushuan0513workout,db_biceps_curl,2,2,6.0,5.838926084418874,movement_rate,velocity_proxy,velocity proxy,6,6,5-6,5-6
M4_add_one__movement_rate,ridge,6,haoyu0512workout|hsianshun0514workout|tsenyu0515workout|yanz0510workout|yoru0511workout,ziho0512workout,yushuan0513workout,yushuan0513workout,db_biceps_curl,2,3,7.0,6.1563518553618,movement_rate,velocity_proxy,velocity proxy,7,6,7-8,5-6
M4_add_one__movement_rate,ridge,6,haoyu0512workout|hsianshun0514workout|tsenyu0515workout|yanz0510workout|yoru0511workout,ziho0512workout,yushuan0513workout,yushuan0513workout,db_biceps_curl,2,4,7.0,6.550993133630492,movement_rate,velocity_proxy,velocity proxy,7,7,7-8,7-8
M4_add_one__movement_rate,ridge,6,haoyu0512workout|hsianshun0514workout|tsenyu0515workout|yanz0510workout|yoru0511workout,ziho0512workout,yushuan0513workout,yushuan0513workout,db_biceps_curl,2,5,7.0,6.889712591528474,movement_rate,velocity_proxy,velocity proxy,7,7,7-8,7-8
M4_add_one__movement_rate,ridge,6,haoyu0512workout|hsianshun0514workout|tsenyu0515workout|yanz0510workout|yoru0511workout,ziho0512workout,yushuan0513workout,yushuan0513workout,db_biceps_curl,2,6,8.0,7.209333792135604,movement_rate,velocity_proxy,velocity proxy,8,7,7-8,7-8
M4_add_one__movement_rate,ridge,6,haoyu0512workout|hsianshun0514workout|tsenyu0515workout|yanz0510workout|yoru0511workout,ziho0512workout,yushuan0513workout,yushuan0513workout,db_biceps_curl,2,7,8.0,7.571616578905687,movement_rate,velocity_proxy,velocity proxy,8,8,7-8,7-8
M4_add_one__movement_rate,ridge,6,haoyu0512workout|hsianshun0514workout|tsenyu0515workout|yanz0510workout|yoru0511workout,ziho0512workout,yushuan0513workout,yushuan0513workout,db_biceps_curl,2,8,9.0,7.865052871854054,movement_rate,velocity_proxy,velocity proxy,9,8,9-10,7-8
M4_add_one__movement_rate,ridge,6,haoyu0512workout|hsianshun0514workout|tsenyu0515workout|yanz0510workout|yoru0511workout,ziho0512workout,yushuan0513workout,yushuan0513workout,db_biceps_curl,2,9,9.0,8.238170314558076,movement_rate,velocity_proxy,velocity proxy,9,8,9-10,7-8
M4_add_one__movement_rate,ridge,6,haoyu0512workout|hsianshun0514workout|tsenyu0515workout|yanz0510workout|yoru0511workout,ziho0512workout,yushuan0513workout,yushuan0513workout,db_biceps_curl,2,10,9.0,8.602983005705264,movement_rate,velocity_proxy,velocity proxy,9,9,9-10,9-10
M4_add_one__movement_rate,ridge,6,haoyu0512workout|hsianshun0514workout|tsenyu0515workout|yanz0510workout|yoru0511workout,ziho0512workout,yushuan0513workout,yushuan0513workout,db_biceps_curl,2,11,10.0,8.987004459179019,movement_rate,velocity_proxy,velocity proxy,10,9,9-10,9-10
M4_add_one__movement_rate,ridge,6,haoyu0512workout|hsianshun0514workout|tsenyu0515workout|yanz0510workout|yoru0511workout,ziho0512workout,yushuan0513workout,yushuan0513workout,db_rdl,0,0,1.0,2.3982924509566805,movement_rate,velocity_proxy,velocity proxy,1,2,1-2,1-2
M4_add_one__movement_rate,ridge,6,haoyu0512workout|hsianshun0514workout|tsenyu0515workout|yanz0510workout|yoru0511workout,ziho0512workout,yushuan0513workout,yushuan0513workout,db_rdl,0,1,1.0,2.6930831856378155,movement_rate,velocity_proxy,velocity proxy,1,3,1-2,3-4
M4_add_one__movement_rate,ridge,6,haoyu0512workout|hsianshun0514workout|tsenyu0515workout|yanz0510workout|yoru0511workout,ziho0512workout,yushuan0513workout,yushuan0513workout,db_rdl,0,2,1.0,3.071673969462431,movement_rate,velocity_proxy,velocity proxy,1,3,1-2,3-4
M4_add_one__movement_rate,ridge,6,haoyu0512workout|hsianshun0514workout|tsenyu0515workout|yanz0510workout|yoru0511workout,ziho0512workout,yushuan0513workout,yushuan0513workout,db_rdl,0,3,3.0,3.42597364090056,movement_rate,velocity_proxy,velocity proxy,3,3,3-4,3-4
M4_add_one__movement_rate,ridge,6,haoyu0512workout|hsianshun0514workout|tsenyu0515workout|yanz0510workout|yoru0511workout,ziho0512workout,yushuan0513workout,yushuan0513workout,db_rdl,0,4,3.0,3.753315523308686,movement_rate,velocity_proxy,velocity proxy,3,4,3-4,3-4
M4_add_one__movement_rate,ridge,6,haoyu0512workout|hsianshun0514workout|tsenyu0515workout|yanz0510workout|yoru0511workout,ziho0512workout,yushuan0513workout,yushuan0513workout,db_rdl,0,5,4.0,4.065176211136414,movement_rate,velocity_proxy,velocity proxy,4,4,3-4,3-4
M4_add_one__movement_rate,ridge,6,haoyu0512workout|hsianshun0514workout|tsenyu0515workout|yanz0510workout|yoru0511workout,ziho0512workout,yushuan0513workout,yushuan0513workout,db_rdl,0,6,4.0,4.385398782525626,movement_rate,velocity_proxy,velocity proxy,4,4,3-4,3-4
M4_add_one__movement_rate,ridge,6,haoyu0512workout|hsianshun0514workout|tsenyu0515workout|yanz0510workout|yoru0511workout,ziho0512workout,yushuan0513workout,yushuan0513workout,db_rdl,0,7,5.0,4.741801007542241,movement_rate,velocity_proxy,velocity proxy,5,5,5-6,5-6
M4_add_one__movement_rate,ridge,6,haoyu0512workout|hsianshun0514workout|tsenyu0515workout|yanz0510workout|yoru0511workout,ziho0512workout,yushuan0513workout,yushuan0513workout,db_rdl,0,8,5.0,5.120317298633917,movement_rate,velocity_proxy,velocity proxy,5,5,5-6,5-6
M4_add_one__movement_rate,ridge,6,haoyu0512workout|hsianshun0514workout|tsenyu0515workout|yanz0510workout|yoru0511workout,ziho0512workout,yushuan0513workout,yushuan0513workout,db_rdl,0,9,5.0,5.482557132927488,movement_rate,velocity_proxy,velocity proxy,5,5,5-6,5-6
M4_add_one__movement_rate,ridge,6,haoyu0512workout|hsianshun0514workout|tsenyu0515workout|yanz0510workout|yoru0511workout,ziho0512workout,yushuan0513workout,yushuan0513workout,db_rdl,0,10,6.0,5.734127598681918,movement_rate,velocity_proxy,velocity proxy,6,6,5-6,5-6
M4_add_one__movement_rate,ridge,6,haoyu0512workout|hsianshun0514workout|tsenyu0515workout|yanz0510workout|yoru0511workout,ziho0512workout,yushuan0513workout,yushuan0513workout,db_rdl,0,11,6.0,6.081272362999883,movement_rate,velocity_proxy,velocity proxy,6,6,5-6,5-6
M4_add_one__movement_rate,ridge,6,haoyu0512workout|hsianshun0514workout|tsenyu0515workout|yanz0510workout|yoru0511workout,ziho0512workout,yushuan0513workout,yushuan0513workout,db_rdl,1,0,4.0,3.457528270292222,movement_rate,velocity_proxy,velocity proxy,4,3,3-4,3-4
M4_add_one__movement_rate,ridge,6,haoyu0512workout|hsianshun0514workout|tsenyu0515workout|yanz0510workout|yoru0511workout,ziho0512workout,yushuan0513workout,yushuan0513workout,db_rdl,1,1,4.0,3.7053671927458858,movement_rate,velocity_proxy,velocity proxy,4,4,3-4,3-4
M4_add_one__movement_rate,ridge,6,haoyu0512workout|hsianshun0514workout|tsenyu0515workout|yanz0510workout|yoru0511workout,ziho0512workout,yushuan0513workout,yushuan0513workout,db_rdl,1,2,4.0,3.983643512497312,movement_rate,velocity_proxy,velocity proxy,4,4,3-4,3-4
M4_add_one__movement_rate,ridge,6,haoyu0512workout|hsianshun0514workout|tsenyu0515workout|yanz0510workout|yoru0511workout,ziho0512workout,yushuan0513workout,yushuan0513workout,db_rdl,1,3,5.0,4.409177279181574,movement_rate,velocity_proxy,velocity proxy,5,4,5-6,3-4
M4_add_one__movement_rate,ridge,6,haoyu0512workout|hsianshun0514workout|tsenyu0515workout|yanz0510workout|yoru0511workout,ziho0512workout,yushuan0513workout,yushuan0513workout,db_rdl,1,4,5.0,4.798248691456947,movement_rate,velocity_proxy,velocity proxy,5,5,5-6,5-6
M4_add_one__movement_rate,ridge,6,haoyu0512workout|hsianshun0514workout|tsenyu0515workout|yanz0510workout|yoru0511workout,ziho0512workout,yushuan0513workout,yushuan0513workout,db_rdl,1,5,6.0,5.0931916189516295,movement_rate,velocity_proxy,velocity proxy,6,5,5-6,5-6
M4_add_one__movement_rate,ridge,6,haoyu0512workout|hsianshun0514workout|tsenyu0515workout|yanz0510workout|yoru0511workout,ziho0512workout,yushuan0513workout,yushuan0513workout,db_rdl,1,6,6.0,5.499618460369888,movement_rate,velocity_proxy,velocity proxy,6,5,5-6,5-6
M4_add_one__movement_rate,ridge,6,haoyu0512workout|hsianshun0514workout|tsenyu0515workout|yanz0510workout|yoru0511workout,ziho0512workout,yushuan0513workout,yushuan0513workout,db_rdl,1,7,6.0,5.78393148298329,movement_rate,velocity_proxy,velocity proxy,6,6,5-6,5-6
M4_add_one__movement_rate,ridge,6,haoyu0512workout|hsianshun0514workout|tsenyu0515workout|yanz0510workout|yoru0511workout,ziho0512workout,yushuan0513workout,yushuan0513workout,db_rdl,1,8,6.0,6.091427377307205,movement_rate,velocity_proxy,velocity proxy,6,6,5-6,5-6
M4_add_one__movement_rate,ridge,6,haoyu0512workout|hsianshun0514workout|tsenyu0515workout|yanz0510workout|yoru0511workout,ziho0512workout,yushuan0513workout,yushuan0513workout,db_rdl,1,9,7.0,6.347231444924843,movement_rate,velocity_proxy,velocity proxy,7,6,7-8,5-6
M4_add_one__movement_rate,ridge,6,haoyu0512workout|hsianshun0514workout|tsenyu0515workout|yanz0510workout|yoru0511workout,ziho0512workout,yushuan0513workout,yushuan0513workout,db_rdl,1,10,7.0,6.816318847889136,movement_rate,velocity_proxy,velocity proxy,7,7,7-8,7-8
M4_add_one__movement_rate,ridge,6,haoyu0512workout|hsianshun0514workout|tsenyu0515workout|yanz0510workout|yoru0511workout,ziho0512workout,yushuan0513workout,yushuan0513workout,db_rdl,1,11,8.0,7.0418880024782755,movement_rate,velocity_proxy,velocity proxy,8,7,7-8,7-8
M4_add_one__movement_rate,ridge,6,haoyu0512workout|hsianshun0514workout|tsenyu0515workout|yanz0510workout|yoru0511workout,ziho0512workout,yushuan0513workout,yushuan0513workout,db_rdl,2,0,4.0,4.520401548379463,movement_rate,velocity_proxy,velocity proxy,4,5,3-4,5-6
M4_add_one__movement_rate,ridge,6,haoyu0512workout|hsianshun0514workout|tsenyu0515workout|yanz0510workout|yoru0511workout,ziho0512workout,yushuan0513workout,yushuan0513workout,db_rdl,2,1,4.0,4.862174529951011,movement_rate,velocity_proxy,velocity proxy,4,5,3-4,5-6
M4_add_one__movement_rate,ridge,6,haoyu0512workout|hsianshun0514workout|tsenyu0515workout|yanz0510workout|yoru0511workout,ziho0512workout,yushuan0513workout,yushuan0513workout,db_rdl,2,2,4.0,5.14795444591331,movement_rate,velocity_proxy,velocity proxy,4,5,3-4,5-6
M4_add_one__movement_rate,ridge,6,haoyu0512workout|hsianshun0514workout|tsenyu0515workout|yanz0510workout|yoru0511workout,ziho0512workout,yushuan0513workout,yushuan0513workout,db_rdl,2,3,5.0,5.402620341767111,movement_rate,velocity_proxy,velocity proxy,5,5,5-6,5-6
M4_add_one__movement_rate,ridge,6,haoyu0512workout|hsianshun0514workout|tsenyu0515workout|yanz0510workout|yoru0511workout,ziho0512workout,yushuan0513workout,yushuan0513workout,db_rdl,2,4,5.0,5.9085973052700975,movement_rate,velocity_proxy,velocity proxy,5,6,5-6,5-6
M4_add_one__movement_rate,ridge,6,haoyu0512workout|hsianshun0514workout|tsenyu0515workout|yanz0510workout|yoru0511workout,ziho0512workout,yushuan0513workout,yushuan0513workout,db_rdl,2,5,5.0,6.183495938065398,movement_rate,velocity_proxy,velocity proxy,5,6,5-6,5-6
M4_add_one__movement_rate,ridge,6,haoyu0512workout|hsianshun0514workout|tsenyu0515workout|yanz0510workout|yoru0511workout,ziho0512workout,yushuan0513workout,yushuan0513workout,db_rdl,2,6,6.0,6.511701841290115,movement_rate,velocity_proxy,velocity proxy,6,7,5-6,7-8
M4_add_one__movement_rate,ridge,6,haoyu0512workout|hsianshun0514workout|tsenyu0515workout|yanz0510workout|yoru0511workout,ziho0512workout,yushuan0513workout,yushuan0513workout,db_rdl,2,7,6.0,6.8757879986229735,movement_rate,velocity_proxy,velocity proxy,6,7,5-6,7-8
M4_add_one__movement_rate,ridge,6,haoyu0512workout|hsianshun0514workout|tsenyu0515workout|yanz0510workout|yoru0511workout,ziho0512workout,yushuan0513workout,yushuan0513workout,db_rdl,2,8,7.0,7.221031113368184,movement_rate,velocity_proxy,velocity proxy,7,7,7-8,7-8
M4_add_one__movement_rate,ridge,6,haoyu0512workout|hsianshun0514workout|tsenyu0515workout|yanz0510workout|yoru0511workout,ziho0512workout,yushuan0513workout,yushuan0513workout,db_rdl,2,9,7.0,7.701155623478973,movement_rate,velocity_proxy,velocity proxy,7,8,7-8,7-8
M4_add_one__movement_rate,ridge,6,haoyu0512workout|hsianshun0514workout|tsenyu0515workout|yanz0510workout|yoru0511workout,ziho0512workout,yushuan0513workout,yushuan0513workout,db_rdl,2,10,8.0,8.01921241945756,movement_rate,velocity_proxy,velocity proxy,8,8,7-8,7-8
M4_add_one__movement_rate,ridge,6,haoyu0512workout|hsianshun0514workout|tsenyu0515workout|yanz0510workout|yoru0511workout,ziho0512workout,yushuan0513workout,yushuan0513workout,db_rdl,2,11,8.0,8.352618141079756,movement_rate,velocity_proxy,velocity proxy,8,8,7-8,7-8
M4_add_one__movement_rate,ridge,6,haoyu0512workout|hsianshun0514workout|tsenyu0515workout|yanz0510workout|yoru0511workout,ziho0512workout,yushuan0513workout,yushuan0513workout,db_shoulder_press,0,0,1.0,2.639439947292276,movement_rate,velocity_proxy,velocity proxy,1,3,1-2,3-4
M4_add_one__movement_rate,ridge,6,haoyu0512workout|hsianshun0514workout|tsenyu0515workout|yanz0510workout|yoru0511workout,ziho0512workout,yushuan0513workout,yushuan0513workout,db_shoulder_press,0,1,1.0,3.075201793094476,movement_rate,velocity_proxy,velocity proxy,1,3,1-2,3-4
M4_add_one__movement_rate,ridge,6,haoyu0512workout|hsianshun0514workout|tsenyu0515workout|yanz0510workout|yoru0511workout,ziho0512workout,yushuan0513workout,yushuan0513workout,db_shoulder_press,0,2,3.0,3.428364946148915,movement_rate,velocity_proxy,velocity proxy,3,3,3-4,3-4
M4_add_one__movement_rate,ridge,6,haoyu0512workout|hsianshun0514workout|tsenyu0515workout|yanz0510workout|yoru0511workout,ziho0512workout,yushuan0513workout,yushuan0513workout,db_shoulder_press,0,3,3.0,3.752758923343971,movement_rate,velocity_proxy,velocity proxy,3,4,3-4,3-4
M4_add_one__movement_rate,ridge,6,haoyu0512workout|hsianshun0514workout|tsenyu0515workout|yanz0510workout|yoru0511workout,ziho0512workout,yushuan0513workout,yushuan0513workout,db_shoulder_press,0,4,3.0,4.094694556771508,movement_rate,velocity_proxy,velocity proxy,3,4,3-4,3-4
M4_add_one__movement_rate,ridge,6,haoyu0512workout|hsianshun0514workout|tsenyu0515workout|yanz0510workout|yoru0511workout,ziho0512workout,yushuan0513workout,yushuan0513workout,db_shoulder_press,0,5,5.0,4.436281016748674,movement_rate,velocity_proxy,velocity proxy,5,4,5-6,3-4
M4_add_one__movement_rate,ridge,6,haoyu0512workout|hsianshun0514workout|tsenyu0515workout|yanz0510workout|yoru0511workout,ziho0512workout,yushuan0513workout,yushuan0513workout,db_shoulder_press,0,6,5.0,4.821795123729028,movement_rate,velocity_proxy,velocity proxy,5,5,5-6,5-6
M4_add_one__movement_rate,ridge,6,haoyu0512workout|hsianshun0514workout|tsenyu0515workout|yanz0510workout|yoru0511workout,ziho0512workout,yushuan0513workout,yushuan0513workout,db_shoulder_press,0,7,6.0,5.157148781918321,movement_rate,velocity_proxy,velocity proxy,6,5,5-6,5-6
M4_add_one__movement_rate,ridge,6,haoyu0512workout|hsianshun0514workout|tsenyu0515workout|yanz0510workout|yoru0511workout,ziho0512workout,yushuan0513workout,yushuan0513workout,db_shoulder_press,0,8,7.0,5.471653132651242,movement_rate,velocity_proxy,velocity proxy,7,5,7-8,5-6
M4_add_one__movement_rate,ridge,6,haoyu0512workout|hsianshun0514workout|tsenyu0515workout|yanz0510workout|yoru0511workout,ziho0512workout,yushuan0513workout,yushuan0513workout,db_shoulder_press,0,9,7.0,5.882681376917212,movement_rate,velocity_proxy,velocity proxy,7,6,7-8,5-6
M4_add_one__movement_rate,ridge,6,haoyu0512workout|hsianshun0514workout|tsenyu0515workout|yanz0510workout|yoru0511workout,ziho0512workout,yushuan0513workout,yushuan0513workout,db_shoulder_press,0,10,8.0,6.133726637416828,movement_rate,velocity_proxy,velocity proxy,8,6,7-8,5-6
M4_add_one__movement_rate,ridge,6,haoyu0512workout|hsianshun0514workout|tsenyu0515workout|yanz0510workout|yoru0511workout,ziho0512workout,yushuan0513workout,yushuan0513workout,db_shoulder_press,0,11,8.0,6.554878768487301,movement_rate,velocity_proxy,velocity proxy,8,7,7-8,7-8
M4_add_one__movement_rate,ridge,6,haoyu0512workout|hsianshun0514workout|tsenyu0515workout|yanz0510workout|yoru0511workout,ziho0512workout,yushuan0513workout,yushuan0513workout,db_shoulder_press,1,0,4.0,3.7992048155879736,movement_rate,velocity_proxy,velocity proxy,4,4,3-4,3-4
M4_add_one__movement_rate,ridge,6,haoyu0512workout|hsianshun0514workout|tsenyu0515workout|yanz0510workout|yoru0511workout,ziho0512workout,yushuan0513workout,yushuan0513workout,db_shoulder_press,1,1,4.0,4.118268331614869,movement_rate,velocity_proxy,velocity proxy,4,4,3-4,3-4
M4_add_one__movement_rate,ridge,6,haoyu0512workout|hsianshun0514workout|tsenyu0515workout|yanz0510workout|yoru0511workout,ziho0512workout,yushuan0513workout,yushuan0513workout,db_shoulder_press,1,2,5.0,4.502768720070841,movement_rate,velocity_proxy,velocity proxy,5,5,5-6,5-6
M4_add_one__movement_rate,ridge,6,haoyu0512workout|hsianshun0514workout|tsenyu0515workout|yanz0510workout|yoru0511workout,ziho0512workout,yushuan0513workout,yushuan0513workout,db_shoulder_press,1,3,5.0,4.841975235726029,movement_rate,velocity_proxy,velocity proxy,5,5,5-6,5-6
M4_add_one__movement_rate,ridge,6,haoyu0512workout|hsianshun0514workout|tsenyu0515workout|yanz0510workout|yoru0511workout,ziho0512workout,yushuan0513workout,yushuan0513workout,db_shoulder_press,1,4,6.0,5.173919625924353,movement_rate,velocity_proxy,velocity proxy,6,5,5-6,5-6
M4_add_one__movement_rate,ridge,6,haoyu0512workout|hsianshun0514workout|tsenyu0515workout|yanz0510workout|yoru0511workout,ziho0512workout,yushuan0513workout,yushuan0513workout,db_shoulder_press,1,5,6.0,5.631633411299513,movement_rate,velocity_proxy,velocity proxy,6,6,5-6,5-6
M4_add_one__movement_rate,ridge,6,haoyu0512workout|hsianshun0514workout|tsenyu0515workout|yanz0510workout|yoru0511workout,ziho0512workout,yushuan0513workout,yushuan0513workout,db_shoulder_press,1,6,6.0,5.9371238072197725,movement_rate,velocity_proxy,velocity proxy,6,6,5-6,5-6
M4_add_one__movement_rate,ridge,6,haoyu0512workout|hsianshun0514workout|tsenyu0515workout|yanz0510workout|yoru0511workout,ziho0512workout,yushuan0513workout,yushuan0513workout,db_shoulder_press,1,7,6.0,6.213248420032675,movement_rate,velocity_proxy,velocity proxy,6,6,5-6,5-6
M4_add_one__movement_rate,ridge,6,haoyu0512workout|hsianshun0514workout|tsenyu0515workout|yanz0510workout|yoru0511workout,ziho0512workout,yushuan0513workout,yushuan0513workout,db_shoulder_press,1,8,7.0,6.56930740498494,movement_rate,velocity_proxy,velocity proxy,7,7,7-8,7-8
M4_add_one__movement_rate,ridge,6,haoyu0512workout|hsianshun0514workout|tsenyu0515workout|yanz0510workout|yoru0511workout,ziho0512workout,yushuan0513workout,yushuan0513workout,db_shoulder_press,1,9,9.0,7.077822203548915,movement_rate,velocity_proxy,velocity proxy,9,7,9-10,7-8
M4_add_one__movement_rate,ridge,6,haoyu0512workout|hsianshun0514workout|tsenyu0515workout|yanz0510workout|yoru0511workout,ziho0512workout,yushuan0513workout,yushuan0513workout,db_shoulder_press,1,10,9.0,7.30922247140642,movement_rate,velocity_proxy,velocity proxy,9,7,9-10,7-8
M4_add_one__movement_rate,ridge,6,haoyu0512workout|hsianshun0514workout|tsenyu0515workout|yanz0510workout|yoru0511workout,ziho0512workout,yushuan0513workout,yushuan0513workout,db_shoulder_press,1,11,9.0,7.722658664092979,movement_rate,velocity_proxy,velocity proxy,9,8,9-10,7-8
M4_add_one__movement_rate,ridge,6,haoyu0512workout|hsianshun0514workout|tsenyu0515workout|yanz0510workout|yoru0511workout,ziho0512workout,yushuan0513workout,yushuan0513workout,db_shoulder_press,2,0,5.0,4.927455370748772,movement_rate,velocity_proxy,velocity proxy,5,5,5-6,5-6
M4_add_one__movement_rate,ridge,6,haoyu0512workout|hsianshun0514workout|tsenyu0515workout|yanz0510workout|yoru0511workout,ziho0512workout,yushuan0513workout,yushuan0513workout,db_shoulder_press,2,1,5.0,5.374599743348939,movement_rate,velocity_proxy,velocity proxy,5,5,5-6,5-6
M4_add_one__movement_rate,ridge,6,haoyu0512workout|hsianshun0514workout|tsenyu0515workout|yanz0510workout|yoru0511workout,ziho0512workout,yushuan0513workout,yushuan0513workout,db_shoulder_press,2,2,5.0,5.859694545381255,movement_rate,velocity_proxy,velocity proxy,5,6,5-6,5-6
M4_add_one__movement_rate,ridge,6,haoyu0512workout|hsianshun0514workout|tsenyu0515workout|yanz0510workout|yoru0511workout,ziho0512workout,yushuan0513workout,yushuan0513workout,db_shoulder_press,2,3,6.0,6.308370530511077,movement_rate,velocity_proxy,velocity proxy,6,6,5-6,5-6
M4_add_one__movement_rate,ridge,6,haoyu0512workout|hsianshun0514workout|tsenyu0515workout|yanz0510workout|yoru0511workout,ziho0512workout,yushuan0513workout,yushuan0513workout,db_shoulder_press,2,4,6.0,6.878513555698906,movement_rate,velocity_proxy,velocity proxy,6,7,5-6,7-8
M4_add_one__movement_rate,ridge,6,haoyu0512workout|hsianshun0514workout|tsenyu0515workout|yanz0510workout|yoru0511workout,ziho0512workout,yushuan0513workout,yushuan0513workout,db_shoulder_press,2,5,7.0,7.303609499852314,movement_rate,velocity_proxy,velocity proxy,7,7,7-8,7-8
M4_add_one__movement_rate,ridge,6,haoyu0512workout|hsianshun0514workout|tsenyu0515workout|yanz0510workout|yoru0511workout,ziho0512workout,yushuan0513workout,yushuan0513workout,db_shoulder_press,2,6,7.0,7.809688572695639,movement_rate,velocity_proxy,velocity proxy,7,8,7-8,7-8
M4_add_one__movement_rate,ridge,6,haoyu0512workout|hsianshun0514workout|tsenyu0515workout|yanz0510workout|yoru0511workout,ziho0512workout,yushuan0513workout,yushuan0513workout,db_shoulder_press,2,7,9.0,8.282657051349094,movement_rate,velocity_proxy,velocity proxy,9,8,9-10,7-8
M4_add_one__movement_rate,ridge,6,haoyu0512workout|hsianshun0514workout|tsenyu0515workout|yanz0510workout|yoru0511workout,ziho0512workout,yushuan0513workout,yushuan0513workout,db_shoulder_press,2,8,10.0,8.799102307125894,movement_rate,velocity_proxy,velocity proxy,10,9,9-10,9-10
M4_add_one__movement_rate,ridge,6,haoyu0512workout|hsianshun0514workout|tsenyu0515workout|yanz0510workout|yoru0511workout,ziho0512workout,yushuan0513workout,yushuan0513workout,db_squat,0,0,1.0,1.4525100720795845,movement_rate,velocity_proxy,velocity proxy,1,1,1-2,1-2
M4_add_one__movement_rate,ridge,6,haoyu0512workout|hsianshun0514workout|tsenyu0515workout|yanz0510workout|yoru0511workout,ziho0512workout,yushuan0513workout,yushuan0513workout,db_squat,0,1,1.0,1.9011191343441731,movement_rate,velocity_proxy,velocity proxy,1,2,1-2,1-2
M4_add_one__movement_rate,ridge,6,haoyu0512workout|hsianshun0514workout|tsenyu0515workout|yanz0510workout|yoru0511workout,ziho0512workout,yushuan0513workout,yushuan0513workout,db_squat,0,2,1.0,2.264517974888524,movement_rate,velocity_proxy,velocity proxy,1,2,1-2,1-2
M4_add_one__movement_rate,ridge,6,haoyu0512workout|hsianshun0514workout|tsenyu0515workout|yanz0510workout|yoru0511workout,ziho0512workout,yushuan0513workout,yushuan0513workout,db_squat,0,3,3.0,2.5623632136514773,movement_rate,velocity_proxy,velocity proxy,3,3,3-4,3-4
M4_add_one__movement_rate,ridge,6,haoyu0512workout|hsianshun0514workout|tsenyu0515workout|yanz0510workout|yoru0511workout,ziho0512workout,yushuan0513workout,yushuan0513workout,db_squat,0,4,3.0,2.8194995472247735,movement_rate,velocity_proxy,velocity proxy,3,3,3-4,3-4
M4_add_one__movement_rate,ridge,6,haoyu0512workout|hsianshun0514workout|tsenyu0515workout|yanz0510workout|yoru0511workout,ziho0512workout,yushuan0513workout,yushuan0513workout,db_squat,0,5,4.0,3.2663758073427833,movement_rate,velocity_proxy,velocity proxy,4,3,3-4,3-4
M4_add_one__movement_rate,ridge,6,haoyu0512workout|hsianshun0514workout|tsenyu0515workout|yanz0510workout|yoru0511workout,ziho0512workout,yushuan0513workout,yushuan0513workout,db_squat,0,6,4.0,3.573025938962397,movement_rate,velocity_proxy,velocity proxy,4,4,3-4,3-4
M4_add_one__movement_rate,ridge,6,haoyu0512workout|hsianshun0514workout|tsenyu0515workout|yanz0510workout|yoru0511workout,ziho0512workout,yushuan0513workout,yushuan0513workout,db_squat,0,7,4.0,3.88625245581636,movement_rate,velocity_proxy,velocity proxy,4,4,3-4,3-4
M4_add_one__movement_rate,ridge,6,haoyu0512workout|hsianshun0514workout|tsenyu0515workout|yanz0510workout|yoru0511workout,ziho0512workout,yushuan0513workout,yushuan0513workout,db_squat,0,8,5.0,4.199034358143971,movement_rate,velocity_proxy,velocity proxy,5,4,5-6,3-4
M4_add_one__movement_rate,ridge,6,haoyu0512workout|hsianshun0514workout|tsenyu0515workout|yanz0510workout|yoru0511workout,ziho0512workout,yushuan0513workout,yushuan0513workout,db_squat,0,9,5.0,4.601816271543038,movement_rate,velocity_proxy,velocity proxy,5,5,5-6,5-6
M4_add_one__movement_rate,ridge,6,haoyu0512workout|hsianshun0514workout|tsenyu0515workout|yanz0510workout|yoru0511workout,ziho0512workout,yushuan0513workout,yushuan0513workout,db_squat,0,10,5.0,4.903120697842578,movement_rate,velocity_proxy,velocity proxy,5,5,5-6,5-6
M4_add_one__movement_rate,ridge,6,haoyu0512workout|hsianshun0514workout|tsenyu0515workout|yanz0510workout|yoru0511workout,ziho0512workout,yushuan0513workout,yushuan0513workout,db_squat,0,11,6.0,5.278091848713815,movement_rate,velocity_proxy,velocity proxy,6,5,5-6,5-6
M4_add_one__movement_rate,ridge,6,haoyu0512workout|hsianshun0514workout|tsenyu0515workout|yanz0510workout|yoru0511workout,ziho0512workout,yushuan0513workout,yushuan0513workout,db_squat,1,0,5.0,2.6574153728780496,movement_rate,velocity_proxy,velocity proxy,5,3,5-6,3-4
M4_add_one__movement_rate,ridge,6,haoyu0512workout|hsianshun0514workout|tsenyu0515workout|yanz0510workout|yoru0511workout,ziho0512workout,yushuan0513workout,yushuan0513workout,db_squat,1,1,5.0,2.9926580698527907,movement_rate,velocity_proxy,velocity proxy,5,3,5-6,3-4
M4_add_one__movement_rate,ridge,6,haoyu0512workout|hsianshun0514workout|tsenyu0515workout|yanz0510workout|yoru0511workout,ziho0512workout,yushuan0513workout,yushuan0513workout,db_squat,1,2,5.0,3.353069434115784,movement_rate,velocity_proxy,velocity proxy,5,3,5-6,3-4
M4_add_one__movement_rate,ridge,6,haoyu0512workout|hsianshun0514workout|tsenyu0515workout|yanz0510workout|yoru0511workout,ziho0512workout,yushuan0513workout,yushuan0513workout,db_squat,1,3,6.0,3.729306000546393,movement_rate,velocity_proxy,velocity proxy,6,4,5-6,3-4
M4_add_one__movement_rate,ridge,6,haoyu0512workout|hsianshun0514workout|tsenyu0515workout|yanz0510workout|yoru0511workout,ziho0512workout,yushuan0513workout,yushuan0513workout,db_squat,1,4,6.0,3.9837363167307265,movement_rate,velocity_proxy,velocity proxy,6,4,5-6,3-4
M4_add_one__movement_rate,ridge,6,haoyu0512workout|hsianshun0514workout|tsenyu0515workout|yanz0510workout|yoru0511workout,ziho0512workout,yushuan0513workout,yushuan0513workout,db_squat,1,5,6.0,4.359231312165238,movement_rate,velocity_proxy,velocity proxy,6,4,5-6,3-4
M4_add_one__movement_rate,ridge,6,haoyu0512workout|hsianshun0514workout|tsenyu0515workout|yanz0510workout|yoru0511workout,ziho0512workout,yushuan0513workout,yushuan0513workout,db_squat,1,6,7.0,4.749725680105736,movement_rate,velocity_proxy,velocity proxy,7,5,7-8,5-6
M4_add_one__movement_rate,ridge,6,haoyu0512workout|hsianshun0514workout|tsenyu0515workout|yanz0510workout|yoru0511workout,ziho0512workout,yushuan0513workout,yushuan0513workout,db_squat,1,7,7.0,5.043441567645328,movement_rate,velocity_proxy,velocity proxy,7,5,7-8,5-6
M4_add_one__movement_rate,ridge,6,haoyu0512workout|hsianshun0514workout|tsenyu0515workout|yanz0510workout|yoru0511workout,ziho0512workout,yushuan0513workout,yushuan0513workout,db_squat,1,8,7.0,5.433002619727815,movement_rate,velocity_proxy,velocity proxy,7,5,7-8,5-6
M4_add_one__movement_rate,ridge,6,haoyu0512workout|hsianshun0514workout|tsenyu0515workout|yanz0510workout|yoru0511workout,ziho0512workout,yushuan0513workout,yushuan0513workout,db_squat,1,9,7.0,5.872808475445153,movement_rate,velocity_proxy,velocity proxy,7,6,7-8,5-6
M4_add_one__movement_rate,ridge,6,haoyu0512workout|hsianshun0514workout|tsenyu0515workout|yanz0510workout|yoru0511workout,ziho0512workout,yushuan0513workout,yushuan0513workout,db_squat,1,10,7.0,6.079442496839487,movement_rate,velocity_proxy,velocity proxy,7,6,7-8,5-6
M4_add_one__movement_rate,ridge,6,haoyu0512workout|hsianshun0514workout|tsenyu0515workout|yanz0510workout|yoru0511workout,ziho0512workout,yushuan0513workout,yushuan0513workout,db_squat,1,11,7.0,6.346060352761487,movement_rate,velocity_proxy,velocity proxy,7,6,7-8,5-6
M4_add_one__movement_rate,ridge,6,haoyu0512workout|hsianshun0514workout|tsenyu0515workout|yanz0510workout|yoru0511workout,ziho0512workout,yushuan0513workout,yushuan0513workout,db_squat,2,0,5.0,3.696659199125315,movement_rate,velocity_proxy,velocity proxy,5,4,5-6,3-4
M4_add_one__movement_rate,ridge,6,haoyu0512workout|hsianshun0514workout|tsenyu0515workout|yanz0510workout|yoru0511workout,ziho0512workout,yushuan0513workout,yushuan0513workout,db_squat,2,1,5.0,4.183275613876417,movement_rate,velocity_proxy,velocity proxy,5,4,5-6,3-4
M4_add_one__movement_rate,ridge,6,haoyu0512workout|hsianshun0514workout|tsenyu0515workout|yanz0510workout|yoru0511workout,ziho0512workout,yushuan0513workout,yushuan0513workout,db_squat,2,2,5.0,4.499547148973078,movement_rate,velocity_proxy,velocity proxy,5,4,5-6,3-4
M4_add_one__movement_rate,ridge,6,haoyu0512workout|hsianshun0514workout|tsenyu0515workout|yanz0510workout|yoru0511workout,ziho0512workout,yushuan0513workout,yushuan0513workout,db_squat,2,3,5.0,4.8537758539024,movement_rate,velocity_proxy,velocity proxy,5,5,5-6,5-6
M4_add_one__movement_rate,ridge,6,haoyu0512workout|hsianshun0514workout|tsenyu0515workout|yanz0510workout|yoru0511workout,ziho0512workout,yushuan0513workout,yushuan0513workout,db_squat,2,4,6.0,5.071983262838276,movement_rate,velocity_proxy,velocity proxy,6,5,5-6,5-6
M4_add_one__movement_rate,ridge,6,haoyu0512workout|hsianshun0514workout|tsenyu0515workout|yanz0510workout|yoru0511workout,ziho0512workout,yushuan0513workout,yushuan0513workout,db_squat,2,5,6.0,5.494030342658636,movement_rate,velocity_proxy,velocity proxy,6,5,5-6,5-6
M4_add_one__movement_rate,ridge,6,haoyu0512workout|hsianshun0514workout|tsenyu0515workout|yanz0510workout|yoru0511workout,ziho0512workout,yushuan0513workout,yushuan0513workout,db_squat,2,6,6.0,5.883994871733644,movement_rate,velocity_proxy,velocity proxy,6,6,5-6,5-6
M4_add_one__movement_rate,ridge,6,haoyu0512workout|hsianshun0514workout|tsenyu0515workout|yanz0510workout|yoru0511workout,ziho0512workout,yushuan0513workout,yushuan0513workout,db_squat,2,7,7.0,6.159868464339504,movement_rate,velocity_proxy,velocity proxy,7,6,7-8,5-6
M4_add_one__movement_rate,ridge,6,haoyu0512workout|hsianshun0514workout|tsenyu0515workout|yanz0510workout|yoru0511workout,ziho0512workout,yushuan0513workout,yushuan0513workout,db_squat,2,8,7.0,6.553584435807192,movement_rate,velocity_proxy,velocity proxy,7,7,7-8,7-8
M4_add_one__movement_rate,ridge,6,haoyu0512workout|hsianshun0514workout|tsenyu0515workout|yanz0510workout|yoru0511workout,ziho0512workout,yushuan0513workout,yushuan0513workout,db_squat,2,9,7.0,6.826318098806059,movement_rate,velocity_proxy,velocity proxy,7,7,7-8,7-8
M4_add_one__movement_rate,ridge,6,haoyu0512workout|hsianshun0514workout|tsenyu0515workout|yanz0510workout|yoru0511workout,ziho0512workout,yushuan0513workout,yushuan0513workout,db_squat,2,10,8.0,7.200555234975111,movement_rate,velocity_proxy,velocity proxy,8,7,7-8,7-8
M4_add_one__movement_rate,ridge,6,haoyu0512workout|hsianshun0514workout|tsenyu0515workout|yanz0510workout|yoru0511workout,ziho0512workout,yushuan0513workout,yushuan0513workout,db_squat,2,11,8.0,7.44984017496426,movement_rate,velocity_proxy,velocity proxy,8,7,7-8,7-8
M4_add_one__movement_rate,ridge,6,haoyu0512workout|hsianshun0514workout|tsenyu0515workout|yanz0510workout|yoru0511workout,ziho0512workout,yushuan0513workout,yushuan0513workout,db_triceps_curl,0,0,1.0,1.7913257976244932,movement_rate,velocity_proxy,velocity proxy,1,2,1-2,1-2
M4_add_one__movement_rate,ridge,6,haoyu0512workout|hsianshun0514workout|tsenyu0515workout|yanz0510workout|yoru0511workout,ziho0512workout,yushuan0513workout,yushuan0513workout,db_triceps_curl,0,1,1.0,2.2365574032598095,movement_rate,velocity_proxy,velocity proxy,1,2,1-2,1-2
M4_add_one__movement_rate,ridge,6,haoyu0512workout|hsianshun0514workout|tsenyu0515workout|yanz0510workout|yoru0511workout,ziho0512workout,yushuan0513workout,yushuan0513workout,db_triceps_curl,0,2,1.0,2.4517010787626443,movement_rate,velocity_proxy,velocity proxy,1,2,1-2,1-2
M4_add_one__movement_rate,ridge,6,haoyu0512workout|hsianshun0514workout|tsenyu0515workout|yanz0510workout|yoru0511workout,ziho0512workout,yushuan0513workout,yushuan0513workout,db_triceps_curl,0,3,3.0,2.859311832720359,movement_rate,velocity_proxy,velocity proxy,3,3,3-4,3-4
M4_add_one__movement_rate,ridge,6,haoyu0512workout|hsianshun0514workout|tsenyu0515workout|yanz0510workout|yoru0511workout,ziho0512workout,yushuan0513workout,yushuan0513workout,db_triceps_curl,0,4,3.0,3.056020028372457,movement_rate,velocity_proxy,velocity proxy,3,3,3-4,3-4
M4_add_one__movement_rate,ridge,6,haoyu0512workout|hsianshun0514workout|tsenyu0515workout|yanz0510workout|yoru0511workout,ziho0512workout,yushuan0513workout,yushuan0513workout,db_triceps_curl,0,5,3.0,3.5107103353144034,movement_rate,velocity_proxy,velocity proxy,3,4,3-4,3-4
M4_add_one__movement_rate,ridge,6,haoyu0512workout|hsianshun0514workout|tsenyu0515workout|yanz0510workout|yoru0511workout,ziho0512workout,yushuan0513workout,yushuan0513workout,db_triceps_curl,0,6,4.0,3.715132893255339,movement_rate,velocity_proxy,velocity proxy,4,4,3-4,3-4
M4_add_one__movement_rate,ridge,6,haoyu0512workout|hsianshun0514workout|tsenyu0515workout|yanz0510workout|yoru0511workout,ziho0512workout,yushuan0513workout,yushuan0513workout,db_triceps_curl,0,7,4.0,4.092435864280484,movement_rate,velocity_proxy,velocity proxy,4,4,3-4,3-4
M4_add_one__movement_rate,ridge,6,haoyu0512workout|hsianshun0514workout|tsenyu0515workout|yanz0510workout|yoru0511workout,ziho0512workout,yushuan0513workout,yushuan0513workout,db_triceps_curl,0,8,5.0,4.559128939794344,movement_rate,velocity_proxy,velocity proxy,5,5,5-6,5-6
M4_add_one__movement_rate,ridge,6,haoyu0512workout|hsianshun0514workout|tsenyu0515workout|yanz0510workout|yoru0511workout,ziho0512workout,yushuan0513workout,yushuan0513workout,db_triceps_curl,0,9,5.0,4.780448441185881,movement_rate,velocity_proxy,velocity proxy,5,5,5-6,5-6
M4_add_one__movement_rate,ridge,6,haoyu0512workout|hsianshun0514workout|tsenyu0515workout|yanz0510workout|yoru0511workout,ziho0512workout,yushuan0513workout,yushuan0513workout,db_triceps_curl,0,10,5.0,5.194682822588764,movement_rate,velocity_proxy,velocity proxy,5,5,5-6,5-6
M4_add_one__movement_rate,ridge,6,haoyu0512workout|hsianshun0514workout|tsenyu0515workout|yanz0510workout|yoru0511workout,ziho0512workout,yushuan0513workout,yushuan0513workout,db_triceps_curl,0,11,6.0,5.345149285738103,movement_rate,velocity_proxy,velocity proxy,6,5,5-6,5-6
M4_add_one__movement_rate,ridge,6,haoyu0512workout|hsianshun0514workout|tsenyu0515workout|yanz0510workout|yoru0511workout,ziho0512workout,yushuan0513workout,yushuan0513workout,db_triceps_curl,1,0,5.0,2.96747123206248,movement_rate,velocity_proxy,velocity proxy,5,3,5-6,3-4
M4_add_one__movement_rate,ridge,6,haoyu0512workout|hsianshun0514workout|tsenyu0515workout|yanz0510workout|yoru0511workout,ziho0512workout,yushuan0513workout,yushuan0513workout,db_triceps_curl,1,1,5.0,3.2400103550859263,movement_rate,velocity_proxy,velocity proxy,5,3,5-6,3-4
M4_add_one__movement_rate,ridge,6,haoyu0512workout|hsianshun0514workout|tsenyu0515workout|yanz0510workout|yoru0511workout,ziho0512workout,yushuan0513workout,yushuan0513workout,db_triceps_curl,1,2,5.0,3.539365924084916,movement_rate,velocity_proxy,velocity proxy,5,4,5-6,3-4
M4_add_one__movement_rate,ridge,6,haoyu0512workout|hsianshun0514workout|tsenyu0515workout|yanz0510workout|yoru0511workout,ziho0512workout,yushuan0513workout,yushuan0513workout,db_triceps_curl,1,3,5.0,3.89450009503562,movement_rate,velocity_proxy,velocity proxy,5,4,5-6,3-4
M4_add_one__movement_rate,ridge,6,haoyu0512workout|hsianshun0514workout|tsenyu0515workout|yanz0510workout|yoru0511workout,ziho0512workout,yushuan0513workout,yushuan0513workout,db_triceps_curl,1,4,5.0,4.180272357529191,movement_rate,velocity_proxy,velocity proxy,5,4,5-6,3-4
M4_add_one__movement_rate,ridge,6,haoyu0512workout|hsianshun0514workout|tsenyu0515workout|yanz0510workout|yoru0511workout,ziho0512workout,yushuan0513workout,yushuan0513workout,db_triceps_curl,1,5,5.0,4.540685116148053,movement_rate,velocity_proxy,velocity proxy,5,5,5-6,5-6
M4_add_one__movement_rate,ridge,6,haoyu0512workout|hsianshun0514workout|tsenyu0515workout|yanz0510workout|yoru0511workout,ziho0512workout,yushuan0513workout,yushuan0513workout,db_triceps_curl,1,6,6.0,4.842027912059295,movement_rate,velocity_proxy,velocity proxy,6,5,5-6,5-6
M4_add_one__movement_rate,ridge,6,haoyu0512workout|hsianshun0514workout|tsenyu0515workout|yanz0510workout|yoru0511workout,ziho0512workout,yushuan0513workout,yushuan0513workout,db_triceps_curl,1,7,6.0,5.288688614999218,movement_rate,velocity_proxy,velocity proxy,6,5,5-6,5-6
M4_add_one__movement_rate,ridge,6,haoyu0512workout|hsianshun0514workout|tsenyu0515workout|yanz0510workout|yoru0511workout,ziho0512workout,yushuan0513workout,yushuan0513workout,db_triceps_curl,1,8,6.0,5.672552933652045,movement_rate,velocity_proxy,velocity proxy,6,6,5-6,5-6
M4_add_one__movement_rate,ridge,6,haoyu0512workout|hsianshun0514workout|tsenyu0515workout|yanz0510workout|yoru0511workout,ziho0512workout,yushuan0513workout,yushuan0513workout,db_triceps_curl,1,9,7.0,5.842560454549394,movement_rate,velocity_proxy,velocity proxy,7,6,7-8,5-6
M4_add_one__movement_rate,ridge,6,haoyu0512workout|hsianshun0514workout|tsenyu0515workout|yanz0510workout|yoru0511workout,ziho0512workout,yushuan0513workout,yushuan0513workout,db_triceps_curl,1,10,7.0,6.2273686627376525,movement_rate,velocity_proxy,velocity proxy,7,6,7-8,5-6
M4_add_one__movement_rate,ridge,6,haoyu0512workout|hsianshun0514workout|tsenyu0515workout|yanz0510workout|yoru0511workout,ziho0512workout,yushuan0513workout,yushuan0513workout,db_triceps_curl,1,11,7.0,6.507024416052503,movement_rate,velocity_proxy,velocity proxy,7,7,7-8,7-8
M4_add_one__movement_rate,ridge,6,haoyu0512workout|hsianshun0514workout|tsenyu0515workout|yanz0510workout|yoru0511workout,ziho0512workout,yushuan0513workout,yushuan0513workout,db_triceps_curl,2,0,5.0,3.9975684793346433,movement_rate,velocity_proxy,velocity proxy,5,4,5-6,3-4
M4_add_one__movement_rate,ridge,6,haoyu0512workout|hsianshun0514workout|tsenyu0515workout|yanz0510workout|yoru0511workout,ziho0512workout,yushuan0513workout,yushuan0513workout,db_triceps_curl,2,1,5.0,4.343428228966957,movement_rate,velocity_proxy,velocity proxy,5,4,5-6,3-4
M4_add_one__movement_rate,ridge,6,haoyu0512workout|hsianshun0514workout|tsenyu0515workout|yanz0510workout|yoru0511workout,ziho0512workout,yushuan0513workout,yushuan0513workout,db_triceps_curl,2,2,5.0,4.725391321286187,movement_rate,velocity_proxy,velocity proxy,5,5,5-6,5-6
M4_add_one__movement_rate,ridge,6,haoyu0512workout|hsianshun0514workout|tsenyu0515workout|yanz0510workout|yoru0511workout,ziho0512workout,yushuan0513workout,yushuan0513workout,db_triceps_curl,2,3,5.0,5.062059617541955,movement_rate,velocity_proxy,velocity proxy,5,5,5-6,5-6
M4_add_one__movement_rate,ridge,6,haoyu0512workout|hsianshun0514workout|tsenyu0515workout|yanz0510workout|yoru0511workout,ziho0512workout,yushuan0513workout,yushuan0513workout,db_triceps_curl,2,4,6.0,5.4408282321685615,movement_rate,velocity_proxy,velocity proxy,6,5,5-6,5-6
M4_add_one__movement_rate,ridge,6,haoyu0512workout|hsianshun0514workout|tsenyu0515workout|yanz0510workout|yoru0511workout,ziho0512workout,yushuan0513workout,yushuan0513workout,db_triceps_curl,2,5,6.0,5.8065233552128985,movement_rate,velocity_proxy,velocity proxy,6,6,5-6,5-6
M4_add_one__movement_rate,ridge,6,haoyu0512workout|hsianshun0514workout|tsenyu0515workout|yanz0510workout|yoru0511workout,ziho0512workout,yushuan0513workout,yushuan0513workout,db_triceps_curl,2,6,7.0,5.979825588560898,movement_rate,velocity_proxy,velocity proxy,7,6,7-8,5-6
M4_add_one__movement_rate,ridge,6,haoyu0512workout|hsianshun0514workout|tsenyu0515workout|yanz0510workout|yoru0511workout,ziho0512workout,yushuan0513workout,yushuan0513workout,db_triceps_curl,2,7,7.0,6.415978729277206,movement_rate,velocity_proxy,velocity proxy,7,6,7-8,5-6
M4_add_one__movement_rate,ridge,6,haoyu0512workout|hsianshun0514workout|tsenyu0515workout|yanz0510workout|yoru0511workout,ziho0512workout,yushuan0513workout,yushuan0513workout,db_triceps_curl,2,8,7.0,6.656932346051319,movement_rate,velocity_proxy,velocity proxy,7,7,7-8,7-8
M4_add_one__movement_rate,ridge,6,haoyu0512workout|hsianshun0514workout|tsenyu0515workout|yanz0510workout|yoru0511workout,ziho0512workout,yushuan0513workout,yushuan0513workout,db_triceps_curl,2,9,8.0,7.00676340498136,movement_rate,velocity_proxy,velocity proxy,8,7,7-8,7-8
M4_add_one__movement_rate,ridge,6,haoyu0512workout|hsianshun0514workout|tsenyu0515workout|yanz0510workout|yoru0511workout,ziho0512workout,yushuan0513workout,yushuan0513workout,db_triceps_curl,2,10,8.0,7.374566038765187,movement_rate,velocity_proxy,velocity proxy,8,7,7-8,7-8
M4_add_one__movement_rate,ridge,6,haoyu0512workout|hsianshun0514workout|tsenyu0515workout|yanz0510workout|yoru0511workout,ziho0512workout,yushuan0513workout,yushuan0513workout,db_triceps_curl,2,11,9.0,7.721999083182377,movement_rate,velocity_proxy,velocity proxy,9,8,9-10,7-8
M4_add_one__movement_rate,ridge,6,haoyu0512workout|hsianshun0514workout|tsenyu0515workout|yanz0510workout|yoru0511workout,ziho0512workout,yushuan0513workout,yushuan0513workout,db_weighted_crunch,0,0,1.0,1.5822070380782516,movement_rate,velocity_proxy,velocity proxy,1,2,1-2,1-2
M4_add_one__movement_rate,ridge,6,haoyu0512workout|hsianshun0514workout|tsenyu0515workout|yanz0510workout|yoru0511workout,ziho0512workout,yushuan0513workout,yushuan0513workout,db_weighted_crunch,0,1,1.0,1.6706734054434844,movement_rate,velocity_proxy,velocity proxy,1,2,1-2,1-2
M4_add_one__movement_rate,ridge,6,haoyu0512workout|hsianshun0514workout|tsenyu0515workout|yanz0510workout|yoru0511workout,ziho0512workout,yushuan0513workout,yushuan0513workout,db_weighted_crunch,0,2,1.0,2.0597372634612903,movement_rate,velocity_proxy,velocity proxy,1,2,1-2,1-2
M4_add_one__movement_rate,ridge,6,haoyu0512workout|hsianshun0514workout|tsenyu0515workout|yanz0510workout|yoru0511workout,ziho0512workout,yushuan0513workout,yushuan0513workout,db_weighted_crunch,0,3,3.0,2.413329047713412,movement_rate,velocity_proxy,velocity proxy,3,2,3-4,1-2
M4_add_one__movement_rate,ridge,6,haoyu0512workout|hsianshun0514workout|tsenyu0515workout|yanz0510workout|yoru0511workout,ziho0512workout,yushuan0513workout,yushuan0513workout,db_weighted_crunch,0,4,3.0,2.7776510344356944,movement_rate,velocity_proxy,velocity proxy,3,3,3-4,3-4
M4_add_one__movement_rate,ridge,6,haoyu0512workout|hsianshun0514workout|tsenyu0515workout|yanz0510workout|yoru0511workout,ziho0512workout,yushuan0513workout,yushuan0513workout,db_weighted_crunch,0,5,3.0,3.1749485977972163,movement_rate,velocity_proxy,velocity proxy,3,3,3-4,3-4
M4_add_one__movement_rate,ridge,6,haoyu0512workout|hsianshun0514workout|tsenyu0515workout|yanz0510workout|yoru0511workout,ziho0512workout,yushuan0513workout,yushuan0513workout,db_weighted_crunch,0,6,4.0,3.51887557426657,movement_rate,velocity_proxy,velocity proxy,4,4,3-4,3-4
M4_add_one__movement_rate,ridge,6,haoyu0512workout|hsianshun0514workout|tsenyu0515workout|yanz0510workout|yoru0511workout,ziho0512workout,yushuan0513workout,yushuan0513workout,db_weighted_crunch,0,7,4.0,3.8392847247490742,movement_rate,velocity_proxy,velocity proxy,4,4,3-4,3-4
M4_add_one__movement_rate,ridge,6,haoyu0512workout|hsianshun0514workout|tsenyu0515workout|yanz0510workout|yoru0511workout,ziho0512workout,yushuan0513workout,yushuan0513workout,db_weighted_crunch,0,8,4.0,4.262773459416919,movement_rate,velocity_proxy,velocity proxy,4,4,3-4,3-4
M4_add_one__movement_rate,ridge,6,haoyu0512workout|hsianshun0514workout|tsenyu0515workout|yanz0510workout|yoru0511workout,ziho0512workout,yushuan0513workout,yushuan0513workout,db_weighted_crunch,0,9,5.0,4.539470917893372,movement_rate,velocity_proxy,velocity proxy,5,5,5-6,5-6
M4_add_one__movement_rate,ridge,6,haoyu0512workout|hsianshun0514workout|tsenyu0515workout|yanz0510workout|yoru0511workout,ziho0512workout,yushuan0513workout,yushuan0513workout,db_weighted_crunch,0,10,5.0,4.8347158235431325,movement_rate,velocity_proxy,velocity proxy,5,5,5-6,5-6
M4_add_one__movement_rate,ridge,6,haoyu0512workout|hsianshun0514workout|tsenyu0515workout|yanz0510workout|yoru0511workout,ziho0512workout,yushuan0513workout,yushuan0513workout,db_weighted_crunch,0,11,5.0,5.2108126462872395,movement_rate,velocity_proxy,velocity proxy,5,5,5-6,5-6
M4_add_one__movement_rate,ridge,6,haoyu0512workout|hsianshun0514workout|tsenyu0515workout|yanz0510workout|yoru0511workout,ziho0512workout,yushuan0513workout,yushuan0513workout,db_weighted_crunch,1,0,3.0,2.659337360302387,movement_rate,velocity_proxy,velocity proxy,3,3,3-4,3-4
M4_add_one__movement_rate,ridge,6,haoyu0512workout|hsianshun0514workout|tsenyu0515workout|yanz0510workout|yoru0511workout,ziho0512workout,yushuan0513workout,yushuan0513workout,db_weighted_crunch,1,1,3.0,2.836670940958766,movement_rate,velocity_proxy,velocity proxy,3,3,3-4,3-4
M4_add_one__movement_rate,ridge,6,haoyu0512workout|hsianshun0514workout|tsenyu0515workout|yanz0510workout|yoru0511workout,ziho0512workout,yushuan0513workout,yushuan0513workout,db_weighted_crunch,1,2,4.0,3.1351953026215917,movement_rate,velocity_proxy,velocity proxy,4,3,3-4,3-4
M4_add_one__movement_rate,ridge,6,haoyu0512workout|hsianshun0514workout|tsenyu0515workout|yanz0510workout|yoru0511workout,ziho0512workout,yushuan0513workout,yushuan0513workout,db_weighted_crunch,1,3,4.0,3.6028948119798576,movement_rate,velocity_proxy,velocity proxy,4,4,3-4,3-4
M4_add_one__movement_rate,ridge,6,haoyu0512workout|hsianshun0514workout|tsenyu0515workout|yanz0510workout|yoru0511workout,ziho0512workout,yushuan0513workout,yushuan0513workout,db_weighted_crunch,1,4,4.0,4.078843772132818,movement_rate,velocity_proxy,velocity proxy,4,4,3-4,3-4
M4_add_one__movement_rate,ridge,6,haoyu0512workout|hsianshun0514workout|tsenyu0515workout|yanz0510workout|yoru0511workout,ziho0512workout,yushuan0513workout,yushuan0513workout,db_weighted_crunch,1,5,4.0,4.422961383995248,movement_rate,velocity_proxy,velocity proxy,4,4,3-4,3-4
M4_add_one__movement_rate,ridge,6,haoyu0512workout|hsianshun0514workout|tsenyu0515workout|yanz0510workout|yoru0511workout,ziho0512workout,yushuan0513workout,yushuan0513workout,db_weighted_crunch,1,6,5.0,4.651333148002728,movement_rate,velocity_proxy,velocity proxy,5,5,5-6,5-6
M4_add_one__movement_rate,ridge,6,haoyu0512workout|hsianshun0514workout|tsenyu0515workout|yanz0510workout|yoru0511workout,ziho0512workout,yushuan0513workout,yushuan0513workout,db_weighted_crunch,1,7,5.0,5.022469201863181,movement_rate,velocity_proxy,velocity proxy,5,5,5-6,5-6
M4_add_one__movement_rate,ridge,6,haoyu0512workout|hsianshun0514workout|tsenyu0515workout|yanz0510workout|yoru0511workout,ziho0512workout,yushuan0513workout,yushuan0513workout,db_weighted_crunch,1,8,5.0,5.384316698099259,movement_rate,velocity_proxy,velocity proxy,5,5,5-6,5-6
M4_add_one__movement_rate,ridge,6,haoyu0512workout|hsianshun0514workout|tsenyu0515workout|yanz0510workout|yoru0511workout,ziho0512workout,yushuan0513workout,yushuan0513workout,db_weighted_crunch,1,9,6.0,5.75017235899568,movement_rate,velocity_proxy,velocity proxy,6,6,5-6,5-6
M4_add_one__movement_rate,ridge,6,haoyu0512workout|hsianshun0514workout|tsenyu0515workout|yanz0510workout|yoru0511workout,ziho0512workout,yushuan0513workout,yushuan0513workout,db_weighted_crunch,1,10,6.0,6.134930674566286,movement_rate,velocity_proxy,velocity proxy,6,6,5-6,5-6
M4_add_one__movement_rate,ridge,6,haoyu0512workout|hsianshun0514workout|tsenyu0515workout|yanz0510workout|yoru0511workout,ziho0512workout,yushuan0513workout,yushuan0513workout,db_weighted_crunch,1,11,6.0,6.364310082076385,movement_rate,velocity_proxy,velocity proxy,6,6,5-6,5-6
M4_add_one__movement_rate,ridge,6,haoyu0512workout|hsianshun0514workout|tsenyu0515workout|yanz0510workout|yoru0511workout,ziho0512workout,yushuan0513workout,yushuan0513workout,db_weighted_crunch,2,0,4.0,3.677834123429664,movement_rate,velocity_proxy,velocity proxy,4,4,3-4,3-4
M4_add_one__movement_rate,ridge,6,haoyu0512workout|hsianshun0514workout|tsenyu0515workout|yanz0510workout|yoru0511workout,ziho0512workout,yushuan0513workout,yushuan0513workout,db_weighted_crunch,2,1,4.0,4.056554697119486,movement_rate,velocity_proxy,velocity proxy,4,4,3-4,3-4
M4_add_one__movement_rate,ridge,6,haoyu0512workout|hsianshun0514workout|tsenyu0515workout|yanz0510workout|yoru0511workout,ziho0512workout,yushuan0513workout,yushuan0513workout,db_weighted_crunch,2,2,4.0,4.365144262429906,movement_rate,velocity_proxy,velocity proxy,4,4,3-4,3-4
M4_add_one__movement_rate,ridge,6,haoyu0512workout|hsianshun0514workout|tsenyu0515workout|yanz0510workout|yoru0511workout,ziho0512workout,yushuan0513workout,yushuan0513workout,db_weighted_crunch,2,3,4.0,4.808784031188271,movement_rate,velocity_proxy,velocity proxy,4,5,3-4,5-6
M4_add_one__movement_rate,ridge,6,haoyu0512workout|hsianshun0514workout|tsenyu0515workout|yanz0510workout|yoru0511workout,ziho0512workout,yushuan0513workout,yushuan0513workout,db_weighted_crunch,2,4,5.0,5.059243635703172,movement_rate,velocity_proxy,velocity proxy,5,5,5-6,5-6
M4_add_one__movement_rate,ridge,6,haoyu0512workout|hsianshun0514workout|tsenyu0515workout|yanz0510workout|yoru0511workout,ziho0512workout,yushuan0513workout,yushuan0513workout,db_weighted_crunch,2,5,5.0,5.510811868504016,movement_rate,velocity_proxy,velocity proxy,5,6,5-6,5-6
M4_add_one__movement_rate,ridge,6,haoyu0512workout|hsianshun0514workout|tsenyu0515workout|yanz0510workout|yoru0511workout,ziho0512workout,yushuan0513workout,yushuan0513workout,db_weighted_crunch,2,6,5.0,5.784742114036539,movement_rate,velocity_proxy,velocity proxy,5,6,5-6,5-6
M4_add_one__movement_rate,ridge,6,haoyu0512workout|hsianshun0514workout|tsenyu0515workout|yanz0510workout|yoru0511workout,ziho0512workout,yushuan0513workout,yushuan0513workout,db_weighted_crunch,2,7,6.0,6.169319826638633,movement_rate,velocity_proxy,velocity proxy,6,6,5-6,5-6
M4_add_one__movement_rate,ridge,6,haoyu0512workout|hsianshun0514workout|tsenyu0515workout|yanz0510workout|yoru0511workout,ziho0512workout,yushuan0513workout,yushuan0513workout,db_weighted_crunch,2,8,6.0,6.560521747015402,movement_rate,velocity_proxy,velocity proxy,6,7,5-6,7-8
M4_add_one__movement_rate,ridge,6,haoyu0512workout|hsianshun0514workout|tsenyu0515workout|yanz0510workout|yoru0511workout,ziho0512workout,yushuan0513workout,yushuan0513workout,db_weighted_crunch,2,9,6.0,6.9122621713381385,movement_rate,velocity_proxy,velocity proxy,6,7,5-6,7-8
M4_add_one__movement_rate,ridge,6,haoyu0512workout|hsianshun0514workout|tsenyu0515workout|yanz0510workout|yoru0511workout,ziho0512workout,yushuan0513workout,yushuan0513workout,db_weighted_crunch,2,10,6.0,7.096097585607211,movement_rate,velocity_proxy,velocity proxy,6,7,5-6,7-8
M4_add_one__movement_rate,ridge,6,haoyu0512workout|hsianshun0514workout|tsenyu0515workout|yanz0510workout|yoru0511workout,ziho0512workout,yushuan0513workout,yushuan0513workout,db_weighted_crunch,2,11,7.0,7.29091428014133,movement_rate,velocity_proxy,velocity proxy,7,7,7-8,7-8
M4_add_one__movement_rate,ridge,6,haoyu0512workout|hsianshun0514workout|tsenyu0515workout|yanz0510workout|yoru0511workout,ziho0512workout,yushuan0513workout,yushuan0513workout,one_arm_db_row,0,0,1.0,2.6065933584016143,movement_rate,velocity_proxy,velocity proxy,1,3,1-2,3-4
M4_add_one__movement_rate,ridge,6,haoyu0512workout|hsianshun0514workout|tsenyu0515workout|yanz0510workout|yoru0511workout,ziho0512workout,yushuan0513workout,yushuan0513workout,one_arm_db_row,0,1,1.0,2.9916542082457287,movement_rate,velocity_proxy,velocity proxy,1,3,1-2,3-4
M4_add_one__movement_rate,ridge,6,haoyu0512workout|hsianshun0514workout|tsenyu0515workout|yanz0510workout|yoru0511workout,ziho0512workout,yushuan0513workout,yushuan0513workout,one_arm_db_row,0,2,3.0,3.291538376354615,movement_rate,velocity_proxy,velocity proxy,3,3,3-4,3-4
M4_add_one__movement_rate,ridge,6,haoyu0512workout|hsianshun0514workout|tsenyu0515workout|yanz0510workout|yoru0511workout,ziho0512workout,yushuan0513workout,yushuan0513workout,one_arm_db_row,0,3,3.0,3.666957638486678,movement_rate,velocity_proxy,velocity proxy,3,4,3-4,3-4
M4_add_one__movement_rate,ridge,6,haoyu0512workout|hsianshun0514workout|tsenyu0515workout|yanz0510workout|yoru0511workout,ziho0512workout,yushuan0513workout,yushuan0513workout,one_arm_db_row,0,4,5.0,4.059017091773043,movement_rate,velocity_proxy,velocity proxy,5,4,5-6,3-4
M4_add_one__movement_rate,ridge,6,haoyu0512workout|hsianshun0514workout|tsenyu0515workout|yanz0510workout|yoru0511workout,ziho0512workout,yushuan0513workout,yushuan0513workout,one_arm_db_row,0,5,5.0,4.338679927840317,movement_rate,velocity_proxy,velocity proxy,5,4,5-6,3-4
M4_add_one__movement_rate,ridge,6,haoyu0512workout|hsianshun0514workout|tsenyu0515workout|yanz0510workout|yoru0511workout,ziho0512workout,yushuan0513workout,yushuan0513workout,one_arm_db_row,0,6,6.0,4.669097098531152,movement_rate,velocity_proxy,velocity proxy,6,5,5-6,5-6
M4_add_one__movement_rate,ridge,6,haoyu0512workout|hsianshun0514workout|tsenyu0515workout|yanz0510workout|yoru0511workout,ziho0512workout,yushuan0513workout,yushuan0513workout,one_arm_db_row,0,7,6.0,4.882602236128829,movement_rate,velocity_proxy,velocity proxy,6,5,5-6,5-6
M4_add_one__movement_rate,ridge,6,haoyu0512workout|hsianshun0514workout|tsenyu0515workout|yanz0510workout|yoru0511workout,ziho0512workout,yushuan0513workout,yushuan0513workout,one_arm_db_row,0,8,7.0,5.377643232440038,movement_rate,velocity_proxy,velocity proxy,7,5,7-8,5-6
M4_add_one__movement_rate,ridge,6,haoyu0512workout|hsianshun0514workout|tsenyu0515workout|yanz0510workout|yoru0511workout,ziho0512workout,yushuan0513workout,yushuan0513workout,one_arm_db_row,0,9,8.0,5.7352033353346865,movement_rate,velocity_proxy,velocity proxy,8,6,7-8,5-6
M4_add_one__movement_rate,ridge,6,haoyu0512workout|hsianshun0514workout|tsenyu0515workout|yanz0510workout|yoru0511workout,ziho0512workout,yushuan0513workout,yushuan0513workout,one_arm_db_row,0,10,8.0,6.060976285702546,movement_rate,velocity_proxy,velocity proxy,8,6,7-8,5-6
M4_add_one__movement_rate,ridge,6,haoyu0512workout|hsianshun0514workout|tsenyu0515workout|yanz0510workout|yoru0511workout,ziho0512workout,yushuan0513workout,yushuan0513workout,one_arm_db_row,0,11,9.0,6.381220348655087,movement_rate,velocity_proxy,velocity proxy,9,6,9-10,5-6
M4_add_one__movement_rate,ridge,6,haoyu0512workout|hsianshun0514workout|tsenyu0515workout|yanz0510workout|yoru0511workout,ziho0512workout,yushuan0513workout,yushuan0513workout,one_arm_db_row,1,0,5.0,3.7604935376856177,movement_rate,velocity_proxy,velocity proxy,5,4,5-6,3-4
M4_add_one__movement_rate,ridge,6,haoyu0512workout|hsianshun0514workout|tsenyu0515workout|yanz0510workout|yoru0511workout,ziho0512workout,yushuan0513workout,yushuan0513workout,one_arm_db_row,1,1,5.0,4.111588433200002,movement_rate,velocity_proxy,velocity proxy,5,4,5-6,3-4
M4_add_one__movement_rate,ridge,6,haoyu0512workout|hsianshun0514workout|tsenyu0515workout|yanz0510workout|yoru0511workout,ziho0512workout,yushuan0513workout,yushuan0513workout,one_arm_db_row,1,2,5.0,4.474612893417413,movement_rate,velocity_proxy,velocity proxy,5,4,5-6,3-4
M4_add_one__movement_rate,ridge,6,haoyu0512workout|hsianshun0514workout|tsenyu0515workout|yanz0510workout|yoru0511workout,ziho0512workout,yushuan0513workout,yushuan0513workout,one_arm_db_row,1,3,5.0,4.769093530214693,movement_rate,velocity_proxy,velocity proxy,5,5,5-6,5-6
M4_add_one__movement_rate,ridge,6,haoyu0512workout|hsianshun0514workout|tsenyu0515workout|yanz0510workout|yoru0511workout,ziho0512workout,yushuan0513workout,yushuan0513workout,one_arm_db_row,1,4,5.0,5.109739329943972,movement_rate,velocity_proxy,velocity proxy,5,5,5-6,5-6
M4_add_one__movement_rate,ridge,6,haoyu0512workout|hsianshun0514workout|tsenyu0515workout|yanz0510workout|yoru0511workout,ziho0512workout,yushuan0513workout,yushuan0513workout,one_arm_db_row,1,5,6.0,5.437842926095913,movement_rate,velocity_proxy,velocity proxy,6,5,5-6,5-6
M4_add_one__movement_rate,ridge,6,haoyu0512workout|hsianshun0514workout|tsenyu0515workout|yanz0510workout|yoru0511workout,ziho0512workout,yushuan0513workout,yushuan0513workout,one_arm_db_row,1,6,6.0,5.787761655436437,movement_rate,velocity_proxy,velocity proxy,6,6,5-6,5-6
M4_add_one__movement_rate,ridge,6,haoyu0512workout|hsianshun0514workout|tsenyu0515workout|yanz0510workout|yoru0511workout,ziho0512workout,yushuan0513workout,yushuan0513workout,one_arm_db_row,1,7,6.0,6.126361175241227,movement_rate,velocity_proxy,velocity proxy,6,6,5-6,5-6
M4_add_one__movement_rate,ridge,6,haoyu0512workout|hsianshun0514workout|tsenyu0515workout|yanz0510workout|yoru0511workout,ziho0512workout,yushuan0513workout,yushuan0513workout,one_arm_db_row,1,8,7.0,6.463962193301313,movement_rate,velocity_proxy,velocity proxy,7,6,7-8,5-6
M4_add_one__movement_rate,ridge,6,haoyu0512workout|hsianshun0514workout|tsenyu0515workout|yanz0510workout|yoru0511workout,ziho0512workout,yushuan0513workout,yushuan0513workout,one_arm_db_row,1,9,7.0,6.766377329570826,movement_rate,velocity_proxy,velocity proxy,7,7,7-8,7-8
M4_add_one__movement_rate,ridge,6,haoyu0512workout|hsianshun0514workout|tsenyu0515workout|yanz0510workout|yoru0511workout,ziho0512workout,yushuan0513workout,yushuan0513workout,one_arm_db_row,1,10,7.0,7.081188834257623,movement_rate,velocity_proxy,velocity proxy,7,7,7-8,7-8
M4_add_one__movement_rate,ridge,6,haoyu0512workout|hsianshun0514workout|tsenyu0515workout|yanz0510workout|yoru0511workout,ziho0512workout,yushuan0513workout,yushuan0513workout,one_arm_db_row,1,11,8.0,7.313817737015033,movement_rate,velocity_proxy,velocity proxy,8,7,7-8,7-8
M4_add_one__movement_rate,ridge,6,haoyu0512workout|hsianshun0514workout|tsenyu0515workout|yanz0510workout|yoru0511workout,ziho0512workout,yushuan0513workout,yushuan0513workout,one_arm_db_row,2,0,6.0,4.821536919455983,movement_rate,velocity_proxy,velocity proxy,6,5,5-6,5-6
M4_add_one__movement_rate,ridge,6,haoyu0512workout|hsianshun0514workout|tsenyu0515workout|yanz0510workout|yoru0511workout,ziho0512workout,yushuan0513workout,yushuan0513workout,one_arm_db_row,2,1,6.0,5.1331344417749,movement_rate,velocity_proxy,velocity proxy,6,5,5-6,5-6
M4_add_one__movement_rate,ridge,6,haoyu0512workout|hsianshun0514workout|tsenyu0515workout|yanz0510workout|yoru0511workout,ziho0512workout,yushuan0513workout,yushuan0513workout,one_arm_db_row,2,2,6.0,5.443301755967097,movement_rate,velocity_proxy,velocity proxy,6,5,5-6,5-6
M4_add_one__movement_rate,ridge,6,haoyu0512workout|hsianshun0514workout|tsenyu0515workout|yanz0510workout|yoru0511workout,ziho0512workout,yushuan0513workout,yushuan0513workout,one_arm_db_row,2,3,7.0,5.756965076816456,movement_rate,velocity_proxy,velocity proxy,7,6,7-8,5-6
M4_add_one__movement_rate,ridge,6,haoyu0512workout|hsianshun0514workout|tsenyu0515workout|yanz0510workout|yoru0511workout,ziho0512workout,yushuan0513workout,yushuan0513workout,one_arm_db_row,2,4,7.0,6.105225661951641,movement_rate,velocity_proxy,velocity proxy,7,6,7-8,5-6
M4_add_one__movement_rate,ridge,6,haoyu0512workout|hsianshun0514workout|tsenyu0515workout|yanz0510workout|yoru0511workout,ziho0512workout,yushuan0513workout,yushuan0513workout,one_arm_db_row,2,5,8.0,6.44375798600049,movement_rate,velocity_proxy,velocity proxy,8,6,7-8,5-6
M4_add_one__movement_rate,ridge,6,haoyu0512workout|hsianshun0514workout|tsenyu0515workout|yanz0510workout|yoru0511workout,ziho0512workout,yushuan0513workout,yushuan0513workout,one_arm_db_row,2,6,8.0,6.771793448012155,movement_rate,velocity_proxy,velocity proxy,8,7,7-8,7-8
M4_add_one__movement_rate,ridge,6,haoyu0512workout|hsianshun0514workout|tsenyu0515workout|yanz0510workout|yoru0511workout,ziho0512workout,yushuan0513workout,yushuan0513workout,one_arm_db_row,2,7,8.0,7.121024643228596,movement_rate,velocity_proxy,velocity proxy,8,7,7-8,7-8
M4_add_one__movement_rate,ridge,6,haoyu0512workout|hsianshun0514workout|tsenyu0515workout|yanz0510workout|yoru0511workout,ziho0512workout,yushuan0513workout,yushuan0513workout,one_arm_db_row,2,8,9.0,7.462137200637965,movement_rate,velocity_proxy,velocity proxy,9,7,9-10,7-8
M4_add_one__movement_rate,ridge,6,haoyu0512workout|hsianshun0514workout|tsenyu0515workout|yanz0510workout|yoru0511workout,ziho0512workout,yushuan0513workout,yushuan0513workout,one_arm_db_row,2,9,9.0,7.773690776634478,movement_rate,velocity_proxy,velocity proxy,9,8,9-10,7-8
M4_add_one__movement_rate,ridge,6,haoyu0512workout|hsianshun0514workout|tsenyu0515workout|yanz0510workout|yoru0511workout,ziho0512workout,yushuan0513workout,yushuan0513workout,one_arm_db_row,2,10,9.0,8.095995783479385,movement_rate,velocity_proxy,velocity proxy,9,8,9-10,7-8
M4_add_one__movement_rate,ridge,6,haoyu0512workout|hsianshun0514workout|tsenyu0515workout|yanz0510workout|yoru0511workout,ziho0512workout,yushuan0513workout,yushuan0513workout,one_arm_db_row,2,11,9.0,8.466623352642308,movement_rate,velocity_proxy,velocity proxy,9,8,9-10,7-8
M4_add_one__movement_rate,ridge,7,hsianshun0514workout|tsenyu0515workout|yanz0510workout|yoru0511workout|yushuan0513workout,haoyu0512workout,ziho0512workout,ziho0512workout,db_bench_press,1,0,1.0,2.161315563703977,movement_rate,velocity_proxy,velocity proxy,1,2,1-2,1-2
M4_add_one__movement_rate,ridge,7,hsianshun0514workout|tsenyu0515workout|yanz0510workout|yoru0511workout|yushuan0513workout,haoyu0512workout,ziho0512workout,ziho0512workout,db_bench_press,1,1,2.0,2.5155740285776593,movement_rate,velocity_proxy,velocity proxy,2,3,1-2,3-4
M4_add_one__movement_rate,ridge,7,hsianshun0514workout|tsenyu0515workout|yanz0510workout|yoru0511workout|yushuan0513workout,haoyu0512workout,ziho0512workout,ziho0512workout,db_bench_press,1,2,2.0,2.770347090878266,movement_rate,velocity_proxy,velocity proxy,2,3,1-2,3-4
M4_add_one__movement_rate,ridge,7,hsianshun0514workout|tsenyu0515workout|yanz0510workout|yoru0511workout|yushuan0513workout,haoyu0512workout,ziho0512workout,ziho0512workout,db_bench_press,1,3,3.0,3.0776578962607632,movement_rate,velocity_proxy,velocity proxy,3,3,3-4,3-4
M4_add_one__movement_rate,ridge,7,hsianshun0514workout|tsenyu0515workout|yanz0510workout|yoru0511workout|yushuan0513workout,haoyu0512workout,ziho0512workout,ziho0512workout,db_bench_press,1,4,4.0,3.363447912200621,movement_rate,velocity_proxy,velocity proxy,4,3,3-4,3-4
M4_add_one__movement_rate,ridge,7,hsianshun0514workout|tsenyu0515workout|yanz0510workout|yoru0511workout|yushuan0513workout,haoyu0512workout,ziho0512workout,ziho0512workout,db_bench_press,1,5,6.0,3.6655688310835854,movement_rate,velocity_proxy,velocity proxy,6,4,5-6,3-4
M4_add_one__movement_rate,ridge,7,hsianshun0514workout|tsenyu0515workout|yanz0510workout|yoru0511workout|yushuan0513workout,haoyu0512workout,ziho0512workout,ziho0512workout,db_bench_press,1,6,6.0,3.9020474151025057,movement_rate,velocity_proxy,velocity proxy,6,4,5-6,3-4
M4_add_one__movement_rate,ridge,7,hsianshun0514workout|tsenyu0515workout|yanz0510workout|yoru0511workout|yushuan0513workout,haoyu0512workout,ziho0512workout,ziho0512workout,db_bench_press,1,7,6.0,4.244513963895196,movement_rate,velocity_proxy,velocity proxy,6,4,5-6,3-4
M4_add_one__movement_rate,ridge,7,hsianshun0514workout|tsenyu0515workout|yanz0510workout|yoru0511workout|yushuan0513workout,haoyu0512workout,ziho0512workout,ziho0512workout,db_bench_press,1,8,7.0,4.497516012101049,movement_rate,velocity_proxy,velocity proxy,7,4,7-8,3-4
M4_add_one__movement_rate,ridge,7,hsianshun0514workout|tsenyu0515workout|yanz0510workout|yoru0511workout|yushuan0513workout,haoyu0512workout,ziho0512workout,ziho0512workout,db_bench_press,1,9,7.0,4.847000917001272,movement_rate,velocity_proxy,velocity proxy,7,5,7-8,5-6
M4_add_one__movement_rate,ridge,7,hsianshun0514workout|tsenyu0515workout|yanz0510workout|yoru0511workout|yushuan0513workout,haoyu0512workout,ziho0512workout,ziho0512workout,db_bench_press,1,10,8.0,5.1333316896894265,movement_rate,velocity_proxy,velocity proxy,8,5,7-8,5-6
M4_add_one__movement_rate,ridge,7,hsianshun0514workout|tsenyu0515workout|yanz0510workout|yoru0511workout|yushuan0513workout,haoyu0512workout,ziho0512workout,ziho0512workout,db_bench_press,1,11,8.0,5.42552214555445,movement_rate,velocity_proxy,velocity proxy,8,5,7-8,5-6
M4_add_one__movement_rate,ridge,7,hsianshun0514workout|tsenyu0515workout|yanz0510workout|yoru0511workout|yushuan0513workout,haoyu0512workout,ziho0512workout,ziho0512workout,db_bench_press,2,0,6.0,3.1831231746072204,movement_rate,velocity_proxy,velocity proxy,6,3,5-6,3-4
M4_add_one__movement_rate,ridge,7,hsianshun0514workout|tsenyu0515workout|yanz0510workout|yoru0511workout|yushuan0513workout,haoyu0512workout,ziho0512workout,ziho0512workout,db_bench_press,2,1,6.0,3.579772040927355,movement_rate,velocity_proxy,velocity proxy,6,4,5-6,3-4
M4_add_one__movement_rate,ridge,7,hsianshun0514workout|tsenyu0515workout|yanz0510workout|yoru0511workout|yushuan0513workout,haoyu0512workout,ziho0512workout,ziho0512workout,db_bench_press,2,2,6.0,3.82975117654774,movement_rate,velocity_proxy,velocity proxy,6,4,5-6,3-4
M4_add_one__movement_rate,ridge,7,hsianshun0514workout|tsenyu0515workout|yanz0510workout|yoru0511workout|yushuan0513workout,haoyu0512workout,ziho0512workout,ziho0512workout,db_bench_press,2,3,7.0,4.013952731764776,movement_rate,velocity_proxy,velocity proxy,7,4,7-8,3-4
M4_add_one__movement_rate,ridge,7,hsianshun0514workout|tsenyu0515workout|yanz0510workout|yoru0511workout|yushuan0513workout,haoyu0512workout,ziho0512workout,ziho0512workout,db_bench_press,2,4,7.0,4.415734093700516,movement_rate,velocity_proxy,velocity proxy,7,4,7-8,3-4
M4_add_one__movement_rate,ridge,7,hsianshun0514workout|tsenyu0515workout|yanz0510workout|yoru0511workout|yushuan0513workout,haoyu0512workout,ziho0512workout,ziho0512workout,db_bench_press,2,5,7.0,4.747437015823734,movement_rate,velocity_proxy,velocity proxy,7,5,7-8,5-6
M4_add_one__movement_rate,ridge,7,hsianshun0514workout|tsenyu0515workout|yanz0510workout|yoru0511workout|yushuan0513workout,haoyu0512workout,ziho0512workout,ziho0512workout,db_bench_press,2,6,7.0,4.956364216158649,movement_rate,velocity_proxy,velocity proxy,7,5,7-8,5-6
M4_add_one__movement_rate,ridge,7,hsianshun0514workout|tsenyu0515workout|yanz0510workout|yoru0511workout|yushuan0513workout,haoyu0512workout,ziho0512workout,ziho0512workout,db_bench_press,2,7,8.0,5.382241216331736,movement_rate,velocity_proxy,velocity proxy,8,5,7-8,5-6
M4_add_one__movement_rate,ridge,7,hsianshun0514workout|tsenyu0515workout|yanz0510workout|yoru0511workout|yushuan0513workout,haoyu0512workout,ziho0512workout,ziho0512workout,db_bench_press,2,8,8.0,5.642201045594654,movement_rate,velocity_proxy,velocity proxy,8,6,7-8,5-6
M4_add_one__movement_rate,ridge,7,hsianshun0514workout|tsenyu0515workout|yanz0510workout|yoru0511workout|yushuan0513workout,haoyu0512workout,ziho0512workout,ziho0512workout,db_bench_press,2,9,9.0,5.989021643966082,movement_rate,velocity_proxy,velocity proxy,9,6,9-10,5-6
M4_add_one__movement_rate,ridge,7,hsianshun0514workout|tsenyu0515workout|yanz0510workout|yoru0511workout|yushuan0513workout,haoyu0512workout,ziho0512workout,ziho0512workout,db_bench_press,2,10,9.0,6.268274725021915,movement_rate,velocity_proxy,velocity proxy,9,6,9-10,5-6
M4_add_one__movement_rate,ridge,7,hsianshun0514workout|tsenyu0515workout|yanz0510workout|yoru0511workout|yushuan0513workout,haoyu0512workout,ziho0512workout,ziho0512workout,db_bench_press,2,11,9.0,6.588478015473345,movement_rate,velocity_proxy,velocity proxy,9,7,9-10,7-8
M4_add_one__movement_rate,ridge,7,hsianshun0514workout|tsenyu0515workout|yanz0510workout|yoru0511workout|yushuan0513workout,haoyu0512workout,ziho0512workout,ziho0512workout,db_bench_press,3,0,7.0,4.297198647931053,movement_rate,velocity_proxy,velocity proxy,7,4,7-8,3-4
M4_add_one__movement_rate,ridge,7,hsianshun0514workout|tsenyu0515workout|yanz0510workout|yoru0511workout|yushuan0513workout,haoyu0512workout,ziho0512workout,ziho0512workout,db_bench_press,3,1,7.0,4.737605042758697,movement_rate,velocity_proxy,velocity proxy,7,5,7-8,5-6
M4_add_one__movement_rate,ridge,7,hsianshun0514workout|tsenyu0515workout|yanz0510workout|yoru0511workout|yushuan0513workout,haoyu0512workout,ziho0512workout,ziho0512workout,db_bench_press,3,2,7.0,5.14046907427396,movement_rate,velocity_proxy,velocity proxy,7,5,7-8,5-6
M4_add_one__movement_rate,ridge,7,hsianshun0514workout|tsenyu0515workout|yanz0510workout|yoru0511workout|yushuan0513workout,haoyu0512workout,ziho0512workout,ziho0512workout,db_bench_press,3,3,8.0,5.5833111192094,movement_rate,velocity_proxy,velocity proxy,8,6,7-8,5-6
M4_add_one__movement_rate,ridge,7,hsianshun0514workout|tsenyu0515workout|yanz0510workout|yoru0511workout|yushuan0513workout,haoyu0512workout,ziho0512workout,ziho0512workout,db_bench_press,3,4,8.0,5.978563441387117,movement_rate,velocity_proxy,velocity proxy,8,6,7-8,5-6
M4_add_one__movement_rate,ridge,7,hsianshun0514workout|tsenyu0515workout|yanz0510workout|yoru0511workout|yushuan0513workout,haoyu0512workout,ziho0512workout,ziho0512workout,db_bench_press,3,5,9.0,6.35897265521577,movement_rate,velocity_proxy,velocity proxy,9,6,9-10,5-6
M4_add_one__movement_rate,ridge,7,hsianshun0514workout|tsenyu0515workout|yanz0510workout|yoru0511workout|yushuan0513workout,haoyu0512workout,ziho0512workout,ziho0512workout,db_bench_press,3,6,9.0,6.796488080157937,movement_rate,velocity_proxy,velocity proxy,9,7,9-10,7-8
M4_add_one__movement_rate,ridge,7,hsianshun0514workout|tsenyu0515workout|yanz0510workout|yoru0511workout|yushuan0513workout,haoyu0512workout,ziho0512workout,ziho0512workout,db_bench_press,3,7,9.0,7.183220294180162,movement_rate,velocity_proxy,velocity proxy,9,7,9-10,7-8
M4_add_one__movement_rate,ridge,7,hsianshun0514workout|tsenyu0515workout|yanz0510workout|yoru0511workout|yushuan0513workout,haoyu0512workout,ziho0512workout,ziho0512workout,db_bench_press,3,8,10.0,7.632475484581751,movement_rate,velocity_proxy,velocity proxy,10,8,9-10,7-8
M4_add_one__movement_rate,ridge,7,hsianshun0514workout|tsenyu0515workout|yanz0510workout|yoru0511workout|yushuan0513workout,haoyu0512workout,ziho0512workout,ziho0512workout,db_biceps_curl,0,0,1.0,3.3016074472179286,movement_rate,velocity_proxy,velocity proxy,1,3,1-2,3-4
M4_add_one__movement_rate,ridge,7,hsianshun0514workout|tsenyu0515workout|yanz0510workout|yoru0511workout|yushuan0513workout,haoyu0512workout,ziho0512workout,ziho0512workout,db_biceps_curl,0,1,3.0,3.602472334137424,movement_rate,velocity_proxy,velocity proxy,3,4,3-4,3-4
M4_add_one__movement_rate,ridge,7,hsianshun0514workout|tsenyu0515workout|yanz0510workout|yoru0511workout|yushuan0513workout,haoyu0512workout,ziho0512workout,ziho0512workout,db_biceps_curl,0,2,5.0,3.887985650172857,movement_rate,velocity_proxy,velocity proxy,5,4,5-6,3-4
M4_add_one__movement_rate,ridge,7,hsianshun0514workout|tsenyu0515workout|yanz0510workout|yoru0511workout|yushuan0513workout,haoyu0512workout,ziho0512workout,ziho0512workout,db_biceps_curl,0,3,5.0,4.184851496962381,movement_rate,velocity_proxy,velocity proxy,5,4,5-6,3-4
M4_add_one__movement_rate,ridge,7,hsianshun0514workout|tsenyu0515workout|yanz0510workout|yoru0511workout|yushuan0513workout,haoyu0512workout,ziho0512workout,ziho0512workout,db_biceps_curl,0,4,5.0,4.45850742713873,movement_rate,velocity_proxy,velocity proxy,5,4,5-6,3-4
M4_add_one__movement_rate,ridge,7,hsianshun0514workout|tsenyu0515workout|yanz0510workout|yoru0511workout|yushuan0513workout,haoyu0512workout,ziho0512workout,ziho0512workout,db_biceps_curl,0,5,6.0,4.809515858781841,movement_rate,velocity_proxy,velocity proxy,6,5,5-6,5-6
M4_add_one__movement_rate,ridge,7,hsianshun0514workout|tsenyu0515workout|yanz0510workout|yoru0511workout|yushuan0513workout,haoyu0512workout,ziho0512workout,ziho0512workout,db_biceps_curl,0,6,6.0,5.082373126236889,movement_rate,velocity_proxy,velocity proxy,6,5,5-6,5-6
M4_add_one__movement_rate,ridge,7,hsianshun0514workout|tsenyu0515workout|yanz0510workout|yoru0511workout|yushuan0513workout,haoyu0512workout,ziho0512workout,ziho0512workout,db_biceps_curl,0,7,7.0,5.409425711342062,movement_rate,velocity_proxy,velocity proxy,7,5,7-8,5-6
M4_add_one__movement_rate,ridge,7,hsianshun0514workout|tsenyu0515workout|yanz0510workout|yoru0511workout|yushuan0513workout,haoyu0512workout,ziho0512workout,ziho0512workout,db_biceps_curl,0,8,7.0,5.744037652986678,movement_rate,velocity_proxy,velocity proxy,7,6,7-8,5-6
M4_add_one__movement_rate,ridge,7,hsianshun0514workout|tsenyu0515workout|yanz0510workout|yoru0511workout|yushuan0513workout,haoyu0512workout,ziho0512workout,ziho0512workout,db_biceps_curl,0,9,8.0,6.022639523035936,movement_rate,velocity_proxy,velocity proxy,8,6,7-8,5-6
M4_add_one__movement_rate,ridge,7,hsianshun0514workout|tsenyu0515workout|yanz0510workout|yoru0511workout|yushuan0513workout,haoyu0512workout,ziho0512workout,ziho0512workout,db_biceps_curl,0,10,8.0,6.35295723621022,movement_rate,velocity_proxy,velocity proxy,8,6,7-8,5-6
M4_add_one__movement_rate,ridge,7,hsianshun0514workout|tsenyu0515workout|yanz0510workout|yoru0511workout|yushuan0513workout,haoyu0512workout,ziho0512workout,ziho0512workout,db_biceps_curl,0,11,9.0,6.659959430485512,movement_rate,velocity_proxy,velocity proxy,9,7,9-10,7-8
M4_add_one__movement_rate,ridge,7,hsianshun0514workout|tsenyu0515workout|yanz0510workout|yoru0511workout|yushuan0513workout,haoyu0512workout,ziho0512workout,ziho0512workout,db_biceps_curl,1,0,5.0,4.3797326209252025,movement_rate,velocity_proxy,velocity proxy,5,4,5-6,3-4
M4_add_one__movement_rate,ridge,7,hsianshun0514workout|tsenyu0515workout|yanz0510workout|yoru0511workout|yushuan0513workout,haoyu0512workout,ziho0512workout,ziho0512workout,db_biceps_curl,1,1,5.0,4.635095142454301,movement_rate,velocity_proxy,velocity proxy,5,5,5-6,5-6
M4_add_one__movement_rate,ridge,7,hsianshun0514workout|tsenyu0515workout|yanz0510workout|yoru0511workout|yushuan0513workout,haoyu0512workout,ziho0512workout,ziho0512workout,db_biceps_curl,1,2,6.0,4.994975372195659,movement_rate,velocity_proxy,velocity proxy,6,5,5-6,5-6
M4_add_one__movement_rate,ridge,7,hsianshun0514workout|tsenyu0515workout|yanz0510workout|yoru0511workout|yushuan0513workout,haoyu0512workout,ziho0512workout,ziho0512workout,db_biceps_curl,1,3,6.0,5.304304525653402,movement_rate,velocity_proxy,velocity proxy,6,5,5-6,5-6
M4_add_one__movement_rate,ridge,7,hsianshun0514workout|tsenyu0515workout|yanz0510workout|yoru0511workout|yushuan0513workout,haoyu0512workout,ziho0512workout,ziho0512workout,db_biceps_curl,1,4,6.0,5.589727682558379,movement_rate,velocity_proxy,velocity proxy,6,6,5-6,5-6
M4_add_one__movement_rate,ridge,7,hsianshun0514workout|tsenyu0515workout|yanz0510workout|yoru0511workout|yushuan0513workout,haoyu0512workout,ziho0512workout,ziho0512workout,db_biceps_curl,1,5,7.0,5.907027079620548,movement_rate,velocity_proxy,velocity proxy,7,6,7-8,5-6
M4_add_one__movement_rate,ridge,7,hsianshun0514workout|tsenyu0515workout|yanz0510workout|yoru0511workout|yushuan0513workout,haoyu0512workout,ziho0512workout,ziho0512workout,db_biceps_curl,1,6,7.0,6.177282425927047,movement_rate,velocity_proxy,velocity proxy,7,6,7-8,5-6
M4_add_one__movement_rate,ridge,7,hsianshun0514workout|tsenyu0515workout|yanz0510workout|yoru0511workout|yushuan0513workout,haoyu0512workout,ziho0512workout,ziho0512workout,db_biceps_curl,1,7,7.0,6.525772476190696,movement_rate,velocity_proxy,velocity proxy,7,7,7-8,7-8
M4_add_one__movement_rate,ridge,7,hsianshun0514workout|tsenyu0515workout|yanz0510workout|yoru0511workout|yushuan0513workout,haoyu0512workout,ziho0512workout,ziho0512workout,db_biceps_curl,1,8,8.0,6.837292906489145,movement_rate,velocity_proxy,velocity proxy,8,7,7-8,7-8
M4_add_one__movement_rate,ridge,7,hsianshun0514workout|tsenyu0515workout|yanz0510workout|yoru0511workout|yushuan0513workout,haoyu0512workout,ziho0512workout,ziho0512workout,db_biceps_curl,1,9,9.0,7.131086870413593,movement_rate,velocity_proxy,velocity proxy,9,7,9-10,7-8
M4_add_one__movement_rate,ridge,7,hsianshun0514workout|tsenyu0515workout|yanz0510workout|yoru0511workout|yushuan0513workout,haoyu0512workout,ziho0512workout,ziho0512workout,db_biceps_curl,1,10,9.0,7.455917571314197,movement_rate,velocity_proxy,velocity proxy,9,7,9-10,7-8
M4_add_one__movement_rate,ridge,7,hsianshun0514workout|tsenyu0515workout|yanz0510workout|yoru0511workout|yushuan0513workout,haoyu0512workout,ziho0512workout,ziho0512workout,db_biceps_curl,1,11,9.0,7.722867314041384,movement_rate,velocity_proxy,velocity proxy,9,8,9-10,7-8
M4_add_one__movement_rate,ridge,7,hsianshun0514workout|tsenyu0515workout|yanz0510workout|yoru0511workout|yushuan0513workout,haoyu0512workout,ziho0512workout,ziho0512workout,db_biceps_curl,2,0,5.0,5.4343134709505545,movement_rate,velocity_proxy,velocity proxy,5,5,5-6,5-6
M4_add_one__movement_rate,ridge,7,hsianshun0514workout|tsenyu0515workout|yanz0510workout|yoru0511workout|yushuan0513workout,haoyu0512workout,ziho0512workout,ziho0512workout,db_biceps_curl,2,1,5.0,5.749162138851704,movement_rate,velocity_proxy,velocity proxy,5,6,5-6,5-6
M4_add_one__movement_rate,ridge,7,hsianshun0514workout|tsenyu0515workout|yanz0510workout|yoru0511workout|yushuan0513workout,haoyu0512workout,ziho0512workout,ziho0512workout,db_biceps_curl,2,2,6.0,6.037245175748708,movement_rate,velocity_proxy,velocity proxy,6,6,5-6,5-6
M4_add_one__movement_rate,ridge,7,hsianshun0514workout|tsenyu0515workout|yanz0510workout|yoru0511workout|yushuan0513workout,haoyu0512workout,ziho0512workout,ziho0512workout,db_biceps_curl,2,3,6.0,6.358794134029677,movement_rate,velocity_proxy,velocity proxy,6,6,5-6,5-6
M4_add_one__movement_rate,ridge,7,hsianshun0514workout|tsenyu0515workout|yanz0510workout|yoru0511workout|yushuan0513workout,haoyu0512workout,ziho0512workout,ziho0512workout,db_biceps_curl,2,4,6.0,6.614779611892902,movement_rate,velocity_proxy,velocity proxy,6,7,5-6,7-8
M4_add_one__movement_rate,ridge,7,hsianshun0514workout|tsenyu0515workout|yanz0510workout|yoru0511workout|yushuan0513workout,haoyu0512workout,ziho0512workout,ziho0512workout,db_biceps_curl,2,5,7.0,6.981965284478488,movement_rate,velocity_proxy,velocity proxy,7,7,7-8,7-8
M4_add_one__movement_rate,ridge,7,hsianshun0514workout|tsenyu0515workout|yanz0510workout|yoru0511workout|yushuan0513workout,haoyu0512workout,ziho0512workout,ziho0512workout,db_biceps_curl,2,6,8.0,7.289296040743603,movement_rate,velocity_proxy,velocity proxy,8,7,7-8,7-8
M4_add_one__movement_rate,ridge,7,hsianshun0514workout|tsenyu0515workout|yanz0510workout|yoru0511workout|yushuan0513workout,haoyu0512workout,ziho0512workout,ziho0512workout,db_biceps_curl,2,7,8.0,7.588836050912359,movement_rate,velocity_proxy,velocity proxy,8,8,7-8,7-8
M4_add_one__movement_rate,ridge,7,hsianshun0514workout|tsenyu0515workout|yanz0510workout|yoru0511workout|yushuan0513workout,haoyu0512workout,ziho0512workout,ziho0512workout,db_biceps_curl,2,8,8.0,7.877128620359363,movement_rate,velocity_proxy,velocity proxy,8,8,7-8,7-8
M4_add_one__movement_rate,ridge,7,hsianshun0514workout|tsenyu0515workout|yanz0510workout|yoru0511workout|yushuan0513workout,haoyu0512workout,ziho0512workout,ziho0512workout,db_biceps_curl,2,9,9.0,8.185528759405685,movement_rate,velocity_proxy,velocity proxy,9,8,9-10,7-8
M4_add_one__movement_rate,ridge,7,hsianshun0514workout|tsenyu0515workout|yanz0510workout|yoru0511workout|yushuan0513workout,haoyu0512workout,ziho0512workout,ziho0512workout,db_biceps_curl,2,10,9.0,8.492793373077907,movement_rate,velocity_proxy,velocity proxy,9,8,9-10,7-8
M4_add_one__movement_rate,ridge,7,hsianshun0514workout|tsenyu0515workout|yanz0510workout|yoru0511workout|yushuan0513workout,haoyu0512workout,ziho0512workout,ziho0512workout,db_biceps_curl,2,11,9.0,8.755980395682409,movement_rate,velocity_proxy,velocity proxy,9,9,9-10,9-10
M4_add_one__movement_rate,ridge,7,hsianshun0514workout|tsenyu0515workout|yanz0510workout|yoru0511workout|yushuan0513workout,haoyu0512workout,ziho0512workout,ziho0512workout,db_rdl,0,0,1.0,2.191830259350426,movement_rate,velocity_proxy,velocity proxy,1,2,1-2,1-2
M4_add_one__movement_rate,ridge,7,hsianshun0514workout|tsenyu0515workout|yanz0510workout|yoru0511workout|yushuan0513workout,haoyu0512workout,ziho0512workout,ziho0512workout,db_rdl,0,1,4.0,2.5790677258381547,movement_rate,velocity_proxy,velocity proxy,4,3,3-4,3-4
M4_add_one__movement_rate,ridge,7,hsianshun0514workout|tsenyu0515workout|yanz0510workout|yoru0511workout|yushuan0513workout,haoyu0512workout,ziho0512workout,ziho0512workout,db_rdl,0,2,4.0,2.891735483347431,movement_rate,velocity_proxy,velocity proxy,4,3,3-4,3-4
M4_add_one__movement_rate,ridge,7,hsianshun0514workout|tsenyu0515workout|yanz0510workout|yoru0511workout|yushuan0513workout,haoyu0512workout,ziho0512workout,ziho0512workout,db_rdl,0,3,4.0,3.166866366201918,movement_rate,velocity_proxy,velocity proxy,4,3,3-4,3-4
M4_add_one__movement_rate,ridge,7,hsianshun0514workout|tsenyu0515workout|yanz0510workout|yoru0511workout|yushuan0513workout,haoyu0512workout,ziho0512workout,ziho0512workout,db_rdl,0,4,6.0,3.481732279385038,movement_rate,velocity_proxy,velocity proxy,6,3,5-6,3-4
M4_add_one__movement_rate,ridge,7,hsianshun0514workout|tsenyu0515workout|yanz0510workout|yoru0511workout|yushuan0513workout,haoyu0512workout,ziho0512workout,ziho0512workout,db_rdl,0,5,6.0,3.748578844374154,movement_rate,velocity_proxy,velocity proxy,6,4,5-6,3-4
M4_add_one__movement_rate,ridge,7,hsianshun0514workout|tsenyu0515workout|yanz0510workout|yoru0511workout|yushuan0513workout,haoyu0512workout,ziho0512workout,ziho0512workout,db_rdl,0,6,6.0,3.997851671553128,movement_rate,velocity_proxy,velocity proxy,6,4,5-6,3-4
M4_add_one__movement_rate,ridge,7,hsianshun0514workout|tsenyu0515workout|yanz0510workout|yoru0511workout|yushuan0513workout,haoyu0512workout,ziho0512workout,ziho0512workout,db_rdl,0,7,7.0,4.351340311026522,movement_rate,velocity_proxy,velocity proxy,7,4,7-8,3-4
M4_add_one__movement_rate,ridge,7,hsianshun0514workout|tsenyu0515workout|yanz0510workout|yoru0511workout|yushuan0513workout,haoyu0512workout,ziho0512workout,ziho0512workout,db_rdl,0,8,7.0,4.650586255382049,movement_rate,velocity_proxy,velocity proxy,7,5,7-8,5-6
M4_add_one__movement_rate,ridge,7,hsianshun0514workout|tsenyu0515workout|yanz0510workout|yoru0511workout|yushuan0513workout,haoyu0512workout,ziho0512workout,ziho0512workout,db_rdl,0,9,7.0,4.982364114472868,movement_rate,velocity_proxy,velocity proxy,7,5,7-8,5-6
M4_add_one__movement_rate,ridge,7,hsianshun0514workout|tsenyu0515workout|yanz0510workout|yoru0511workout|yushuan0513workout,haoyu0512workout,ziho0512workout,ziho0512workout,db_rdl,0,10,8.0,5.182387252585061,movement_rate,velocity_proxy,velocity proxy,8,5,7-8,5-6
M4_add_one__movement_rate,ridge,7,hsianshun0514workout|tsenyu0515workout|yanz0510workout|yoru0511workout|yushuan0513workout,haoyu0512workout,ziho0512workout,ziho0512workout,db_rdl,0,11,8.0,5.556570324956111,movement_rate,velocity_proxy,velocity proxy,8,6,7-8,5-6
M4_add_one__movement_rate,ridge,7,hsianshun0514workout|tsenyu0515workout|yanz0510workout|yoru0511workout|yushuan0513workout,haoyu0512workout,ziho0512workout,ziho0512workout,db_rdl,2,0,5.0,4.261341377513889,movement_rate,velocity_proxy,velocity proxy,5,4,5-6,3-4
M4_add_one__movement_rate,ridge,7,hsianshun0514workout|tsenyu0515workout|yanz0510workout|yoru0511workout|yushuan0513workout,haoyu0512workout,ziho0512workout,ziho0512workout,db_rdl,2,1,5.0,4.6752408026549634,movement_rate,velocity_proxy,velocity proxy,5,5,5-6,5-6
M4_add_one__movement_rate,ridge,7,hsianshun0514workout|tsenyu0515workout|yanz0510workout|yoru0511workout|yushuan0513workout,haoyu0512workout,ziho0512workout,ziho0512workout,db_rdl,2,2,5.0,4.916963841104527,movement_rate,velocity_proxy,velocity proxy,5,5,5-6,5-6
M4_add_one__movement_rate,ridge,7,hsianshun0514workout|tsenyu0515workout|yanz0510workout|yoru0511workout|yushuan0513workout,haoyu0512workout,ziho0512workout,ziho0512workout,db_rdl,2,3,6.0,5.242290406847596,movement_rate,velocity_proxy,velocity proxy,6,5,5-6,5-6
M4_add_one__movement_rate,ridge,7,hsianshun0514workout|tsenyu0515workout|yanz0510workout|yoru0511workout|yushuan0513workout,haoyu0512workout,ziho0512workout,ziho0512workout,db_rdl,2,4,6.0,5.60871286949249,movement_rate,velocity_proxy,velocity proxy,6,6,5-6,5-6
M4_add_one__movement_rate,ridge,7,hsianshun0514workout|tsenyu0515workout|yanz0510workout|yoru0511workout|yushuan0513workout,haoyu0512workout,ziho0512workout,ziho0512workout,db_rdl,2,5,7.0,5.811607530616888,movement_rate,velocity_proxy,velocity proxy,7,6,7-8,5-6
M4_add_one__movement_rate,ridge,7,hsianshun0514workout|tsenyu0515workout|yanz0510workout|yoru0511workout|yushuan0513workout,haoyu0512workout,ziho0512workout,ziho0512workout,db_rdl,2,6,7.0,6.1100339639314685,movement_rate,velocity_proxy,velocity proxy,7,6,7-8,5-6
M4_add_one__movement_rate,ridge,7,hsianshun0514workout|tsenyu0515workout|yanz0510workout|yoru0511workout|yushuan0513workout,haoyu0512workout,ziho0512workout,ziho0512workout,db_rdl,2,7,7.0,6.461161523369917,movement_rate,velocity_proxy,velocity proxy,7,6,7-8,5-6
M4_add_one__movement_rate,ridge,7,hsianshun0514workout|tsenyu0515workout|yanz0510workout|yoru0511workout|yushuan0513workout,haoyu0512workout,ziho0512workout,ziho0512workout,db_rdl,2,8,8.0,6.8049264766640825,movement_rate,velocity_proxy,velocity proxy,8,7,7-8,7-8
M4_add_one__movement_rate,ridge,7,hsianshun0514workout|tsenyu0515workout|yanz0510workout|yoru0511workout|yushuan0513workout,haoyu0512workout,ziho0512workout,ziho0512workout,db_rdl,2,9,8.0,7.01756442405117,movement_rate,velocity_proxy,velocity proxy,8,7,7-8,7-8
M4_add_one__movement_rate,ridge,7,hsianshun0514workout|tsenyu0515workout|yanz0510workout|yoru0511workout|yushuan0513workout,haoyu0512workout,ziho0512workout,ziho0512workout,db_rdl,2,10,9.0,7.242072433676326,movement_rate,velocity_proxy,velocity proxy,9,7,9-10,7-8
M4_add_one__movement_rate,ridge,7,hsianshun0514workout|tsenyu0515workout|yanz0510workout|yoru0511workout|yushuan0513workout,haoyu0512workout,ziho0512workout,ziho0512workout,db_rdl,2,11,9.0,7.636751243589857,movement_rate,velocity_proxy,velocity proxy,9,8,9-10,7-8
M4_add_one__movement_rate,ridge,7,hsianshun0514workout|tsenyu0515workout|yanz0510workout|yoru0511workout|yushuan0513workout,haoyu0512workout,ziho0512workout,ziho0512workout,db_shoulder_press,0,0,1.0,2.9374710718754975,movement_rate,velocity_proxy,velocity proxy,1,3,1-2,3-4
M4_add_one__movement_rate,ridge,7,hsianshun0514workout|tsenyu0515workout|yanz0510workout|yoru0511workout|yushuan0513workout,haoyu0512workout,ziho0512workout,ziho0512workout,db_shoulder_press,0,1,4.0,3.220372259740921,movement_rate,velocity_proxy,velocity proxy,4,3,3-4,3-4
M4_add_one__movement_rate,ridge,7,hsianshun0514workout|tsenyu0515workout|yanz0510workout|yoru0511workout|yushuan0513workout,haoyu0512workout,ziho0512workout,ziho0512workout,db_shoulder_press,0,2,5.0,3.6291420708169273,movement_rate,velocity_proxy,velocity proxy,5,4,5-6,3-4
M4_add_one__movement_rate,ridge,7,hsianshun0514workout|tsenyu0515workout|yanz0510workout|yoru0511workout|yushuan0513workout,haoyu0512workout,ziho0512workout,ziho0512workout,db_shoulder_press,0,3,5.0,3.9305681683496183,movement_rate,velocity_proxy,velocity proxy,5,4,5-6,3-4
M4_add_one__movement_rate,ridge,7,hsianshun0514workout|tsenyu0515workout|yanz0510workout|yoru0511workout|yushuan0513workout,haoyu0512workout,ziho0512workout,ziho0512workout,db_shoulder_press,0,4,6.0,4.281274416936066,movement_rate,velocity_proxy,velocity proxy,6,4,5-6,3-4
M4_add_one__movement_rate,ridge,7,hsianshun0514workout|tsenyu0515workout|yanz0510workout|yoru0511workout|yushuan0513workout,haoyu0512workout,ziho0512workout,ziho0512workout,db_shoulder_press,0,5,6.0,4.5256701178269925,movement_rate,velocity_proxy,velocity proxy,6,5,5-6,5-6
M4_add_one__movement_rate,ridge,7,hsianshun0514workout|tsenyu0515workout|yanz0510workout|yoru0511workout|yushuan0513workout,haoyu0512workout,ziho0512workout,ziho0512workout,db_shoulder_press,0,6,7.0,4.844086271887982,movement_rate,velocity_proxy,velocity proxy,7,5,7-8,5-6
M4_add_one__movement_rate,ridge,7,hsianshun0514workout|tsenyu0515workout|yanz0510workout|yoru0511workout|yushuan0513workout,haoyu0512workout,ziho0512workout,ziho0512workout,db_shoulder_press,0,7,7.0,5.108401691761515,movement_rate,velocity_proxy,velocity proxy,7,5,7-8,5-6
M4_add_one__movement_rate,ridge,7,hsianshun0514workout|tsenyu0515workout|yanz0510workout|yoru0511workout|yushuan0513workout,haoyu0512workout,ziho0512workout,ziho0512workout,db_shoulder_press,0,8,8.0,5.49653985671911,movement_rate,velocity_proxy,velocity proxy,8,5,7-8,5-6
M4_add_one__movement_rate,ridge,7,hsianshun0514workout|tsenyu0515workout|yanz0510workout|yoru0511workout|yushuan0513workout,haoyu0512workout,ziho0512workout,ziho0512workout,db_shoulder_press,0,9,9.0,5.895301277793339,movement_rate,velocity_proxy,velocity proxy,9,6,9-10,5-6
M4_add_one__movement_rate,ridge,7,hsianshun0514workout|tsenyu0515workout|yanz0510workout|yoru0511workout|yushuan0513workout,haoyu0512workout,ziho0512workout,ziho0512workout,db_shoulder_press,0,10,10.0,6.144875472364232,movement_rate,velocity_proxy,velocity proxy,10,6,9-10,5-6
M4_add_one__movement_rate,ridge,7,hsianshun0514workout|tsenyu0515workout|yanz0510workout|yoru0511workout|yushuan0513workout,haoyu0512workout,ziho0512workout,ziho0512workout,db_shoulder_press,1,0,5.0,3.929536176886799,movement_rate,velocity_proxy,velocity proxy,5,4,5-6,3-4
M4_add_one__movement_rate,ridge,7,hsianshun0514workout|tsenyu0515workout|yanz0510workout|yoru0511workout|yushuan0513workout,haoyu0512workout,ziho0512workout,ziho0512workout,db_shoulder_press,1,1,6.0,4.29744263861397,movement_rate,velocity_proxy,velocity proxy,6,4,5-6,3-4
M4_add_one__movement_rate,ridge,7,hsianshun0514workout|tsenyu0515workout|yanz0510workout|yoru0511workout|yushuan0513workout,haoyu0512workout,ziho0512workout,ziho0512workout,db_shoulder_press,1,2,6.0,4.640994057277466,movement_rate,velocity_proxy,velocity proxy,6,5,5-6,5-6
M4_add_one__movement_rate,ridge,7,hsianshun0514workout|tsenyu0515workout|yanz0510workout|yoru0511workout|yushuan0513workout,haoyu0512workout,ziho0512workout,ziho0512workout,db_shoulder_press,1,3,7.0,4.797741643468582,movement_rate,velocity_proxy,velocity proxy,7,5,7-8,5-6
M4_add_one__movement_rate,ridge,7,hsianshun0514workout|tsenyu0515workout|yanz0510workout|yoru0511workout|yushuan0513workout,haoyu0512workout,ziho0512workout,ziho0512workout,db_shoulder_press,1,4,7.0,5.303811539844792,movement_rate,velocity_proxy,velocity proxy,7,5,7-8,5-6
M4_add_one__movement_rate,ridge,7,hsianshun0514workout|tsenyu0515workout|yanz0510workout|yoru0511workout|yushuan0513workout,haoyu0512workout,ziho0512workout,ziho0512workout,db_shoulder_press,1,5,7.0,5.378893704865132,movement_rate,velocity_proxy,velocity proxy,7,5,7-8,5-6
M4_add_one__movement_rate,ridge,7,hsianshun0514workout|tsenyu0515workout|yanz0510workout|yoru0511workout|yushuan0513workout,haoyu0512workout,ziho0512workout,ziho0512workout,db_shoulder_press,1,6,8.0,5.915988465010752,movement_rate,velocity_proxy,velocity proxy,8,6,7-8,5-6
M4_add_one__movement_rate,ridge,7,hsianshun0514workout|tsenyu0515workout|yanz0510workout|yoru0511workout|yushuan0513workout,haoyu0512workout,ziho0512workout,ziho0512workout,db_shoulder_press,1,7,8.0,6.232607113306663,movement_rate,velocity_proxy,velocity proxy,8,6,7-8,5-6
M4_add_one__movement_rate,ridge,7,hsianshun0514workout|tsenyu0515workout|yanz0510workout|yoru0511workout|yushuan0513workout,haoyu0512workout,ziho0512workout,ziho0512workout,db_shoulder_press,1,8,8.0,6.594078618090698,movement_rate,velocity_proxy,velocity proxy,8,7,7-8,7-8
M4_add_one__movement_rate,ridge,7,hsianshun0514workout|tsenyu0515workout|yanz0510workout|yoru0511workout|yushuan0513workout,haoyu0512workout,ziho0512workout,ziho0512workout,db_shoulder_press,1,9,9.0,6.872304846471613,movement_rate,velocity_proxy,velocity proxy,9,7,9-10,7-8
M4_add_one__movement_rate,ridge,7,hsianshun0514workout|tsenyu0515workout|yanz0510workout|yoru0511workout|yushuan0513workout,haoyu0512workout,ziho0512workout,ziho0512workout,db_shoulder_press,1,10,10.0,7.034558427325398,movement_rate,velocity_proxy,velocity proxy,10,7,9-10,7-8
M4_add_one__movement_rate,ridge,7,hsianshun0514workout|tsenyu0515workout|yanz0510workout|yoru0511workout|yushuan0513workout,haoyu0512workout,ziho0512workout,ziho0512workout,db_shoulder_press,2,0,6.0,5.02003137526815,movement_rate,velocity_proxy,velocity proxy,6,5,5-6,5-6
M4_add_one__movement_rate,ridge,7,hsianshun0514workout|tsenyu0515workout|yanz0510workout|yoru0511workout|yushuan0513workout,haoyu0512workout,ziho0512workout,ziho0512workout,db_shoulder_press,2,1,6.0,5.476740791458902,movement_rate,velocity_proxy,velocity proxy,6,5,5-6,5-6
M4_add_one__movement_rate,ridge,7,hsianshun0514workout|tsenyu0515workout|yanz0510workout|yoru0511workout|yushuan0513workout,haoyu0512workout,ziho0512workout,ziho0512workout,db_shoulder_press,2,2,7.0,5.756636906237762,movement_rate,velocity_proxy,velocity proxy,7,6,7-8,5-6
M4_add_one__movement_rate,ridge,7,hsianshun0514workout|tsenyu0515workout|yanz0510workout|yoru0511workout|yushuan0513workout,haoyu0512workout,ziho0512workout,ziho0512workout,db_shoulder_press,2,3,7.0,6.22031382201585,movement_rate,velocity_proxy,velocity proxy,7,6,7-8,5-6
M4_add_one__movement_rate,ridge,7,hsianshun0514workout|tsenyu0515workout|yanz0510workout|yoru0511workout|yushuan0513workout,haoyu0512workout,ziho0512workout,ziho0512workout,db_shoulder_press,2,4,8.0,6.660489014724419,movement_rate,velocity_proxy,velocity proxy,8,7,7-8,7-8
M4_add_one__movement_rate,ridge,7,hsianshun0514workout|tsenyu0515workout|yanz0510workout|yoru0511workout|yushuan0513workout,haoyu0512workout,ziho0512workout,ziho0512workout,db_shoulder_press,2,5,9.0,7.074057337399837,movement_rate,velocity_proxy,velocity proxy,9,7,9-10,7-8
M4_add_one__movement_rate,ridge,7,hsianshun0514workout|tsenyu0515workout|yanz0510workout|yoru0511workout|yushuan0513workout,haoyu0512workout,ziho0512workout,ziho0512workout,db_shoulder_press,2,6,9.0,7.467951365850119,movement_rate,velocity_proxy,velocity proxy,9,7,9-10,7-8
M4_add_one__movement_rate,ridge,7,hsianshun0514workout|tsenyu0515workout|yanz0510workout|yoru0511workout|yushuan0513workout,haoyu0512workout,ziho0512workout,ziho0512workout,db_shoulder_press,2,7,9.0,7.879166263830905,movement_rate,velocity_proxy,velocity proxy,9,8,9-10,7-8
M4_add_one__movement_rate,ridge,7,hsianshun0514workout|tsenyu0515workout|yanz0510workout|yoru0511workout|yushuan0513workout,haoyu0512workout,ziho0512workout,ziho0512workout,db_shoulder_press,2,8,10.0,7.8342550865453084,movement_rate,velocity_proxy,velocity proxy,10,8,9-10,7-8
M4_add_one__movement_rate,ridge,7,hsianshun0514workout|tsenyu0515workout|yanz0510workout|yoru0511workout|yushuan0513workout,haoyu0512workout,ziho0512workout,ziho0512workout,db_squat,0,0,1.0,1.6479216087144175,movement_rate,velocity_proxy,velocity proxy,1,2,1-2,1-2
M4_add_one__movement_rate,ridge,7,hsianshun0514workout|tsenyu0515workout|yanz0510workout|yoru0511workout|yushuan0513workout,haoyu0512workout,ziho0512workout,ziho0512workout,db_squat,0,1,4.0,2.1304221933610776,movement_rate,velocity_proxy,velocity proxy,4,2,3-4,1-2
M4_add_one__movement_rate,ridge,7,hsianshun0514workout|tsenyu0515workout|yanz0510workout|yoru0511workout|yushuan0513workout,haoyu0512workout,ziho0512workout,ziho0512workout,db_squat,0,2,4.0,2.4304507422613835,movement_rate,velocity_proxy,velocity proxy,4,2,3-4,1-2
M4_add_one__movement_rate,ridge,7,hsianshun0514workout|tsenyu0515workout|yanz0510workout|yoru0511workout|yushuan0513workout,haoyu0512workout,ziho0512workout,ziho0512workout,db_squat,0,3,4.0,2.7623843858180672,movement_rate,velocity_proxy,velocity proxy,4,3,3-4,3-4
M4_add_one__movement_rate,ridge,7,hsianshun0514workout|tsenyu0515workout|yanz0510workout|yoru0511workout|yushuan0513workout,haoyu0512workout,ziho0512workout,ziho0512workout,db_squat,0,4,4.0,3.0283120247298916,movement_rate,velocity_proxy,velocity proxy,4,3,3-4,3-4
M4_add_one__movement_rate,ridge,7,hsianshun0514workout|tsenyu0515workout|yanz0510workout|yoru0511workout|yushuan0513workout,haoyu0512workout,ziho0512workout,ziho0512workout,db_squat,0,5,4.0,3.3910304716515953,movement_rate,velocity_proxy,velocity proxy,4,3,3-4,3-4
M4_add_one__movement_rate,ridge,7,hsianshun0514workout|tsenyu0515workout|yanz0510workout|yoru0511workout|yushuan0513workout,haoyu0512workout,ziho0512workout,ziho0512workout,db_squat,0,6,6.0,3.631588937388339,movement_rate,velocity_proxy,velocity proxy,6,4,5-6,3-4
M4_add_one__movement_rate,ridge,7,hsianshun0514workout|tsenyu0515workout|yanz0510workout|yoru0511workout|yushuan0513workout,haoyu0512workout,ziho0512workout,ziho0512workout,db_squat,0,7,6.0,3.9532882598172288,movement_rate,velocity_proxy,velocity proxy,6,4,5-6,3-4
M4_add_one__movement_rate,ridge,7,hsianshun0514workout|tsenyu0515workout|yanz0510workout|yoru0511workout|yushuan0513workout,haoyu0512workout,ziho0512workout,ziho0512workout,db_squat,0,8,6.0,4.252535824624292,movement_rate,velocity_proxy,velocity proxy,6,4,5-6,3-4
M4_add_one__movement_rate,ridge,7,hsianshun0514workout|tsenyu0515workout|yanz0510workout|yoru0511workout|yushuan0513workout,haoyu0512workout,ziho0512workout,ziho0512workout,db_squat,0,9,6.0,4.594591928120092,movement_rate,velocity_proxy,velocity proxy,6,5,5-6,5-6
M4_add_one__movement_rate,ridge,7,hsianshun0514workout|tsenyu0515workout|yanz0510workout|yoru0511workout|yushuan0513workout,haoyu0512workout,ziho0512workout,ziho0512workout,db_squat,0,10,7.0,4.796229485693838,movement_rate,velocity_proxy,velocity proxy,7,5,7-8,5-6
M4_add_one__movement_rate,ridge,7,hsianshun0514workout|tsenyu0515workout|yanz0510workout|yoru0511workout|yushuan0513workout,haoyu0512workout,ziho0512workout,ziho0512workout,db_squat,0,11,7.0,4.751538727038617,movement_rate,velocity_proxy,velocity proxy,7,5,7-8,5-6
M4_add_one__movement_rate,ridge,7,hsianshun0514workout|tsenyu0515workout|yanz0510workout|yoru0511workout|yushuan0513workout,haoyu0512workout,ziho0512workout,ziho0512workout,db_squat,1,0,5.0,2.8329188272592747,movement_rate,velocity_proxy,velocity proxy,5,3,5-6,3-4
M4_add_one__movement_rate,ridge,7,hsianshun0514workout|tsenyu0515workout|yanz0510workout|yoru0511workout|yushuan0513workout,haoyu0512workout,ziho0512workout,ziho0512workout,db_squat,1,1,6.0,3.21245009092775,movement_rate,velocity_proxy,velocity proxy,6,3,5-6,3-4
M4_add_one__movement_rate,ridge,7,hsianshun0514workout|tsenyu0515workout|yanz0510workout|yoru0511workout|yushuan0513workout,haoyu0512workout,ziho0512workout,ziho0512workout,db_squat,1,2,6.0,3.468286008421714,movement_rate,velocity_proxy,velocity proxy,6,3,5-6,3-4
M4_add_one__movement_rate,ridge,7,hsianshun0514workout|tsenyu0515workout|yanz0510workout|yoru0511workout|yushuan0513workout,haoyu0512workout,ziho0512workout,ziho0512workout,db_squat,1,3,6.0,3.742111769733843,movement_rate,velocity_proxy,velocity proxy,6,4,5-6,3-4
M4_add_one__movement_rate,ridge,7,hsianshun0514workout|tsenyu0515workout|yanz0510workout|yoru0511workout|yushuan0513workout,haoyu0512workout,ziho0512workout,ziho0512workout,db_squat,1,4,6.0,4.018992318416579,movement_rate,velocity_proxy,velocity proxy,6,4,5-6,3-4
M4_add_one__movement_rate,ridge,7,hsianshun0514workout|tsenyu0515workout|yanz0510workout|yoru0511workout|yushuan0513workout,haoyu0512workout,ziho0512workout,ziho0512workout,db_squat,1,5,7.0,4.358652529878691,movement_rate,velocity_proxy,velocity proxy,7,4,7-8,3-4
M4_add_one__movement_rate,ridge,7,hsianshun0514workout|tsenyu0515workout|yanz0510workout|yoru0511workout|yushuan0513workout,haoyu0512workout,ziho0512workout,ziho0512workout,db_squat,1,6,7.0,4.652365532080282,movement_rate,velocity_proxy,velocity proxy,7,5,7-8,5-6
M4_add_one__movement_rate,ridge,7,hsianshun0514workout|tsenyu0515workout|yanz0510workout|yoru0511workout|yushuan0513workout,haoyu0512workout,ziho0512workout,ziho0512workout,db_squat,1,7,7.0,4.989257423937821,movement_rate,velocity_proxy,velocity proxy,7,5,7-8,5-6
M4_add_one__movement_rate,ridge,7,hsianshun0514workout|tsenyu0515workout|yanz0510workout|yoru0511workout|yushuan0513workout,haoyu0512workout,ziho0512workout,ziho0512workout,db_squat,1,8,7.0,5.280770472670465,movement_rate,velocity_proxy,velocity proxy,7,5,7-8,5-6
M4_add_one__movement_rate,ridge,7,hsianshun0514workout|tsenyu0515workout|yanz0510workout|yoru0511workout|yushuan0513workout,haoyu0512workout,ziho0512workout,ziho0512workout,db_squat,1,9,8.0,5.569749859862345,movement_rate,velocity_proxy,velocity proxy,8,6,7-8,5-6
M4_add_one__movement_rate,ridge,7,hsianshun0514workout|tsenyu0515workout|yanz0510workout|yoru0511workout|yushuan0513workout,haoyu0512workout,ziho0512workout,ziho0512workout,db_squat,1,10,8.0,5.9290737098143005,movement_rate,velocity_proxy,velocity proxy,8,6,7-8,5-6
M4_add_one__movement_rate,ridge,7,hsianshun0514workout|tsenyu0515workout|yanz0510workout|yoru0511workout|yushuan0513workout,haoyu0512workout,ziho0512workout,ziho0512workout,db_squat,1,11,8.0,6.145097897422809,movement_rate,velocity_proxy,velocity proxy,8,6,7-8,5-6
M4_add_one__movement_rate,ridge,7,hsianshun0514workout|tsenyu0515workout|yanz0510workout|yoru0511workout|yushuan0513workout,haoyu0512workout,ziho0512workout,ziho0512workout,db_squat,2,0,5.0,3.94104732544057,movement_rate,velocity_proxy,velocity proxy,5,4,5-6,3-4
M4_add_one__movement_rate,ridge,7,hsianshun0514workout|tsenyu0515workout|yanz0510workout|yoru0511workout|yushuan0513workout,haoyu0512workout,ziho0512workout,ziho0512workout,db_squat,2,1,5.0,4.266223333987801,movement_rate,velocity_proxy,velocity proxy,5,4,5-6,3-4
M4_add_one__movement_rate,ridge,7,hsianshun0514workout|tsenyu0515workout|yanz0510workout|yoru0511workout|yushuan0513workout,haoyu0512workout,ziho0512workout,ziho0512workout,db_squat,2,2,6.0,4.4730024752493796,movement_rate,velocity_proxy,velocity proxy,6,4,5-6,3-4
M4_add_one__movement_rate,ridge,7,hsianshun0514workout|tsenyu0515workout|yanz0510workout|yoru0511workout|yushuan0513workout,haoyu0512workout,ziho0512workout,ziho0512workout,db_squat,2,3,6.0,4.843872556175579,movement_rate,velocity_proxy,velocity proxy,6,5,5-6,5-6
M4_add_one__movement_rate,ridge,7,hsianshun0514workout|tsenyu0515workout|yanz0510workout|yoru0511workout|yushuan0513workout,haoyu0512workout,ziho0512workout,ziho0512workout,db_squat,2,4,7.0,5.104761539076077,movement_rate,velocity_proxy,velocity proxy,7,5,7-8,5-6
M4_add_one__movement_rate,ridge,7,hsianshun0514workout|tsenyu0515workout|yanz0510workout|yoru0511workout|yushuan0513workout,haoyu0512workout,ziho0512workout,ziho0512workout,db_squat,2,5,7.0,5.475063328349106,movement_rate,velocity_proxy,velocity proxy,7,5,7-8,5-6
M4_add_one__movement_rate,ridge,7,hsianshun0514workout|tsenyu0515workout|yanz0510workout|yoru0511workout|yushuan0513workout,haoyu0512workout,ziho0512workout,ziho0512workout,db_squat,2,6,7.0,5.68144098742224,movement_rate,velocity_proxy,velocity proxy,7,6,7-8,5-6
M4_add_one__movement_rate,ridge,7,hsianshun0514workout|tsenyu0515workout|yanz0510workout|yoru0511workout|yushuan0513workout,haoyu0512workout,ziho0512workout,ziho0512workout,db_squat,2,7,7.0,6.0343664606757,movement_rate,velocity_proxy,velocity proxy,7,6,7-8,5-6
M4_add_one__movement_rate,ridge,7,hsianshun0514workout|tsenyu0515workout|yanz0510workout|yoru0511workout|yushuan0513workout,haoyu0512workout,ziho0512workout,ziho0512workout,db_squat,2,8,8.0,6.417400207487353,movement_rate,velocity_proxy,velocity proxy,8,6,7-8,5-6
M4_add_one__movement_rate,ridge,7,hsianshun0514workout|tsenyu0515workout|yanz0510workout|yoru0511workout|yushuan0513workout,haoyu0512workout,ziho0512workout,ziho0512workout,db_squat,2,9,8.0,6.7156849814313855,movement_rate,velocity_proxy,velocity proxy,8,7,7-8,7-8
M4_add_one__movement_rate,ridge,7,hsianshun0514workout|tsenyu0515workout|yanz0510workout|yoru0511workout|yushuan0513workout,haoyu0512workout,ziho0512workout,ziho0512workout,db_squat,2,10,8.0,7.024903198063259,movement_rate,velocity_proxy,velocity proxy,8,7,7-8,7-8
M4_add_one__movement_rate,ridge,7,hsianshun0514workout|tsenyu0515workout|yanz0510workout|yoru0511workout|yushuan0513workout,haoyu0512workout,ziho0512workout,ziho0512workout,db_squat,2,11,9.0,7.282278718846365,movement_rate,velocity_proxy,velocity proxy,9,7,9-10,7-8
M4_add_one__movement_rate,ridge,7,hsianshun0514workout|tsenyu0515workout|yanz0510workout|yoru0511workout|yushuan0513workout,haoyu0512workout,ziho0512workout,ziho0512workout,db_triceps_curl,0,0,1.0,2.0204558973598723,movement_rate,velocity_proxy,velocity proxy,1,2,1-2,1-2
M4_add_one__movement_rate,ridge,7,hsianshun0514workout|tsenyu0515workout|yanz0510workout|yoru0511workout|yushuan0513workout,haoyu0512workout,ziho0512workout,ziho0512workout,db_triceps_curl,0,1,3.0,2.4039256634568575,movement_rate,velocity_proxy,velocity proxy,3,2,3-4,1-2
M4_add_one__movement_rate,ridge,7,hsianshun0514workout|tsenyu0515workout|yanz0510workout|yoru0511workout|yushuan0513workout,haoyu0512workout,ziho0512workout,ziho0512workout,db_triceps_curl,0,2,5.0,2.736080541832353,movement_rate,velocity_proxy,velocity proxy,5,3,5-6,3-4
M4_add_one__movement_rate,ridge,7,hsianshun0514workout|tsenyu0515workout|yanz0510workout|yoru0511workout|yushuan0513workout,haoyu0512workout,ziho0512workout,ziho0512workout,db_triceps_curl,0,3,5.0,2.9767307966058594,movement_rate,velocity_proxy,velocity proxy,5,3,5-6,3-4
M4_add_one__movement_rate,ridge,7,hsianshun0514workout|tsenyu0515workout|yanz0510workout|yoru0511workout|yushuan0513workout,haoyu0512workout,ziho0512workout,ziho0512workout,db_triceps_curl,0,4,5.0,3.190244110363037,movement_rate,velocity_proxy,velocity proxy,5,3,5-6,3-4
M4_add_one__movement_rate,ridge,7,hsianshun0514workout|tsenyu0515workout|yanz0510workout|yoru0511workout|yushuan0513workout,haoyu0512workout,ziho0512workout,ziho0512workout,db_triceps_curl,0,5,6.0,3.6295306220930823,movement_rate,velocity_proxy,velocity proxy,6,4,5-6,3-4
M4_add_one__movement_rate,ridge,7,hsianshun0514workout|tsenyu0515workout|yanz0510workout|yoru0511workout|yushuan0513workout,haoyu0512workout,ziho0512workout,ziho0512workout,db_triceps_curl,0,6,6.0,3.9336274884923417,movement_rate,velocity_proxy,velocity proxy,6,4,5-6,3-4
M4_add_one__movement_rate,ridge,7,hsianshun0514workout|tsenyu0515workout|yanz0510workout|yoru0511workout|yushuan0513workout,haoyu0512workout,ziho0512workout,ziho0512workout,db_triceps_curl,0,7,7.0,4.2367938840163495,movement_rate,velocity_proxy,velocity proxy,7,4,7-8,3-4
M4_add_one__movement_rate,ridge,7,hsianshun0514workout|tsenyu0515workout|yanz0510workout|yoru0511workout|yushuan0513workout,haoyu0512workout,ziho0512workout,ziho0512workout,db_triceps_curl,0,8,7.0,4.429690180758933,movement_rate,velocity_proxy,velocity proxy,7,4,7-8,3-4
M4_add_one__movement_rate,ridge,7,hsianshun0514workout|tsenyu0515workout|yanz0510workout|yoru0511workout|yushuan0513workout,haoyu0512workout,ziho0512workout,ziho0512workout,db_triceps_curl,0,9,7.0,4.801308593216033,movement_rate,velocity_proxy,velocity proxy,7,5,7-8,5-6
M4_add_one__movement_rate,ridge,7,hsianshun0514workout|tsenyu0515workout|yanz0510workout|yoru0511workout|yushuan0513workout,haoyu0512workout,ziho0512workout,ziho0512workout,db_triceps_curl,0,10,8.0,5.105407581649933,movement_rate,velocity_proxy,velocity proxy,8,5,7-8,5-6
M4_add_one__movement_rate,ridge,7,hsianshun0514workout|tsenyu0515workout|yanz0510workout|yoru0511workout|yushuan0513workout,haoyu0512workout,ziho0512workout,ziho0512workout,db_triceps_curl,0,11,8.0,5.446042475293722,movement_rate,velocity_proxy,velocity proxy,8,5,7-8,5-6
M4_add_one__movement_rate,ridge,7,hsianshun0514workout|tsenyu0515workout|yanz0510workout|yoru0511workout|yushuan0513workout,haoyu0512workout,ziho0512workout,ziho0512workout,db_triceps_curl,1,0,5.0,3.1098629767961334,movement_rate,velocity_proxy,velocity proxy,5,3,5-6,3-4
M4_add_one__movement_rate,ridge,7,hsianshun0514workout|tsenyu0515workout|yanz0510workout|yoru0511workout|yushuan0513workout,haoyu0512workout,ziho0512workout,ziho0512workout,db_triceps_curl,1,1,5.0,3.478595310757618,movement_rate,velocity_proxy,velocity proxy,5,3,5-6,3-4
M4_add_one__movement_rate,ridge,7,hsianshun0514workout|tsenyu0515workout|yanz0510workout|yoru0511workout|yushuan0513workout,haoyu0512workout,ziho0512workout,ziho0512workout,db_triceps_curl,1,2,6.0,3.778414081634163,movement_rate,velocity_proxy,velocity proxy,6,4,5-6,3-4
M4_add_one__movement_rate,ridge,7,hsianshun0514workout|tsenyu0515workout|yanz0510workout|yoru0511workout|yushuan0513workout,haoyu0512workout,ziho0512workout,ziho0512workout,db_triceps_curl,1,3,6.0,4.127016097494923,movement_rate,velocity_proxy,velocity proxy,6,4,5-6,3-4
M4_add_one__movement_rate,ridge,7,hsianshun0514workout|tsenyu0515workout|yanz0510workout|yoru0511workout|yushuan0513workout,haoyu0512workout,ziho0512workout,ziho0512workout,db_triceps_curl,1,4,6.0,4.342433048003911,movement_rate,velocity_proxy,velocity proxy,6,4,5-6,3-4
M4_add_one__movement_rate,ridge,7,hsianshun0514workout|tsenyu0515workout|yanz0510workout|yoru0511workout|yushuan0513workout,haoyu0512workout,ziho0512workout,ziho0512workout,db_triceps_curl,1,5,7.0,4.667392468001907,movement_rate,velocity_proxy,velocity proxy,7,5,7-8,5-6
M4_add_one__movement_rate,ridge,7,hsianshun0514workout|tsenyu0515workout|yanz0510workout|yoru0511workout|yushuan0513workout,haoyu0512workout,ziho0512workout,ziho0512workout,db_triceps_curl,1,6,7.0,5.009101231542537,movement_rate,velocity_proxy,velocity proxy,7,5,7-8,5-6
M4_add_one__movement_rate,ridge,7,hsianshun0514workout|tsenyu0515workout|yanz0510workout|yoru0511workout|yushuan0513workout,haoyu0512workout,ziho0512workout,ziho0512workout,db_triceps_curl,1,7,8.0,5.327049673021742,movement_rate,velocity_proxy,velocity proxy,8,5,7-8,5-6
M4_add_one__movement_rate,ridge,7,hsianshun0514workout|tsenyu0515workout|yanz0510workout|yoru0511workout|yushuan0513workout,haoyu0512workout,ziho0512workout,ziho0512workout,db_triceps_curl,1,8,8.0,5.636508104325758,movement_rate,velocity_proxy,velocity proxy,8,6,7-8,5-6
M4_add_one__movement_rate,ridge,7,hsianshun0514workout|tsenyu0515workout|yanz0510workout|yoru0511workout|yushuan0513workout,haoyu0512workout,ziho0512workout,ziho0512workout,db_triceps_curl,1,9,9.0,5.876387534692496,movement_rate,velocity_proxy,velocity proxy,9,6,9-10,5-6
M4_add_one__movement_rate,ridge,7,hsianshun0514workout|tsenyu0515workout|yanz0510workout|yoru0511workout|yushuan0513workout,haoyu0512workout,ziho0512workout,ziho0512workout,db_triceps_curl,1,10,9.0,6.094360196020454,movement_rate,velocity_proxy,velocity proxy,9,6,9-10,5-6
M4_add_one__movement_rate,ridge,7,hsianshun0514workout|tsenyu0515workout|yanz0510workout|yoru0511workout|yushuan0513workout,haoyu0512workout,ziho0512workout,ziho0512workout,db_triceps_curl,1,11,9.0,6.586273226383533,movement_rate,velocity_proxy,velocity proxy,9,7,9-10,7-8
M4_add_one__movement_rate,ridge,7,hsianshun0514workout|tsenyu0515workout|yanz0510workout|yoru0511workout|yushuan0513workout,haoyu0512workout,ziho0512workout,ziho0512workout,db_triceps_curl,2,0,6.0,4.197822067239706,movement_rate,velocity_proxy,velocity proxy,6,4,5-6,3-4
M4_add_one__movement_rate,ridge,7,hsianshun0514workout|tsenyu0515workout|yanz0510workout|yoru0511workout|yushuan0513workout,haoyu0512workout,ziho0512workout,ziho0512workout,db_triceps_curl,2,1,6.0,4.506689328413326,movement_rate,velocity_proxy,velocity proxy,6,5,5-6,5-6
M4_add_one__movement_rate,ridge,7,hsianshun0514workout|tsenyu0515workout|yanz0510workout|yoru0511workout|yushuan0513workout,haoyu0512workout,ziho0512workout,ziho0512workout,db_triceps_curl,2,2,6.0,4.845182686438299,movement_rate,velocity_proxy,velocity proxy,6,5,5-6,5-6
M4_add_one__movement_rate,ridge,7,hsianshun0514workout|tsenyu0515workout|yanz0510workout|yoru0511workout|yushuan0513workout,haoyu0512workout,ziho0512workout,ziho0512workout,db_triceps_curl,2,3,6.0,5.0430601004785585,movement_rate,velocity_proxy,velocity proxy,6,5,5-6,5-6
M4_add_one__movement_rate,ridge,7,hsianshun0514workout|tsenyu0515workout|yanz0510workout|yoru0511workout|yushuan0513workout,haoyu0512workout,ziho0512workout,ziho0512workout,db_triceps_curl,2,4,7.0,5.460858745747525,movement_rate,velocity_proxy,velocity proxy,7,5,7-8,5-6
M4_add_one__movement_rate,ridge,7,hsianshun0514workout|tsenyu0515workout|yanz0510workout|yoru0511workout|yushuan0513workout,haoyu0512workout,ziho0512workout,ziho0512workout,db_triceps_curl,2,5,7.0,5.66100787636515,movement_rate,velocity_proxy,velocity proxy,7,6,7-8,5-6
M4_add_one__movement_rate,ridge,7,hsianshun0514workout|tsenyu0515workout|yanz0510workout|yoru0511workout|yushuan0513workout,haoyu0512workout,ziho0512workout,ziho0512workout,db_triceps_curl,2,6,7.0,6.044880431277972,movement_rate,velocity_proxy,velocity proxy,7,6,7-8,5-6
M4_add_one__movement_rate,ridge,7,hsianshun0514workout|tsenyu0515workout|yanz0510workout|yoru0511workout|yushuan0513workout,haoyu0512workout,ziho0512workout,ziho0512workout,db_triceps_curl,2,7,8.0,6.343682376180548,movement_rate,velocity_proxy,velocity proxy,8,6,7-8,5-6
M4_add_one__movement_rate,ridge,7,hsianshun0514workout|tsenyu0515workout|yanz0510workout|yoru0511workout|yushuan0513workout,haoyu0512workout,ziho0512workout,ziho0512workout,db_triceps_curl,2,8,8.0,6.6537371337510995,movement_rate,velocity_proxy,velocity proxy,8,7,7-8,7-8
M4_add_one__movement_rate,ridge,7,hsianshun0514workout|tsenyu0515workout|yanz0510workout|yoru0511workout|yushuan0513workout,haoyu0512workout,ziho0512workout,ziho0512workout,db_triceps_curl,2,9,8.0,6.932642611087357,movement_rate,velocity_proxy,velocity proxy,8,7,7-8,7-8
M4_add_one__movement_rate,ridge,7,hsianshun0514workout|tsenyu0515workout|yanz0510workout|yoru0511workout|yushuan0513workout,haoyu0512workout,ziho0512workout,ziho0512workout,db_triceps_curl,2,10,9.0,7.200456128946127,movement_rate,velocity_proxy,velocity proxy,9,7,9-10,7-8
M4_add_one__movement_rate,ridge,7,hsianshun0514workout|tsenyu0515workout|yanz0510workout|yoru0511workout|yushuan0513workout,haoyu0512workout,ziho0512workout,ziho0512workout,db_triceps_curl,2,11,9.0,7.576148194098146,movement_rate,velocity_proxy,velocity proxy,9,8,9-10,7-8
M4_add_one__movement_rate,ridge,7,hsianshun0514workout|tsenyu0515workout|yanz0510workout|yoru0511workout|yushuan0513workout,haoyu0512workout,ziho0512workout,ziho0512workout,db_weighted_crunch,0,0,1.0,1.7898446010559017,movement_rate,velocity_proxy,velocity proxy,1,2,1-2,1-2
M4_add_one__movement_rate,ridge,7,hsianshun0514workout|tsenyu0515workout|yanz0510workout|yoru0511workout|yushuan0513workout,haoyu0512workout,ziho0512workout,ziho0512workout,db_weighted_crunch,0,1,2.0,2.111242668188133,movement_rate,velocity_proxy,velocity proxy,2,2,1-2,1-2
M4_add_one__movement_rate,ridge,7,hsianshun0514workout|tsenyu0515workout|yanz0510workout|yoru0511workout|yushuan0513workout,haoyu0512workout,ziho0512workout,ziho0512workout,db_weighted_crunch,0,2,2.0,2.4087097292059583,movement_rate,velocity_proxy,velocity proxy,2,2,1-2,1-2
M4_add_one__movement_rate,ridge,7,hsianshun0514workout|tsenyu0515workout|yanz0510workout|yoru0511workout|yushuan0513workout,haoyu0512workout,ziho0512workout,ziho0512workout,db_weighted_crunch,0,3,2.0,2.605717211392493,movement_rate,velocity_proxy,velocity proxy,2,3,1-2,3-4
M4_add_one__movement_rate,ridge,7,hsianshun0514workout|tsenyu0515workout|yanz0510workout|yoru0511workout|yushuan0513workout,haoyu0512workout,ziho0512workout,ziho0512workout,db_weighted_crunch,0,4,3.0,2.9241208469954527,movement_rate,velocity_proxy,velocity proxy,3,3,3-4,3-4
M4_add_one__movement_rate,ridge,7,hsianshun0514workout|tsenyu0515workout|yanz0510workout|yoru0511workout|yushuan0513workout,haoyu0512workout,ziho0512workout,ziho0512workout,db_weighted_crunch,0,5,4.0,3.333430020992159,movement_rate,velocity_proxy,velocity proxy,4,3,3-4,3-4
M4_add_one__movement_rate,ridge,7,hsianshun0514workout|tsenyu0515workout|yanz0510workout|yoru0511workout|yushuan0513workout,haoyu0512workout,ziho0512workout,ziho0512workout,db_weighted_crunch,0,6,4.0,3.6461889730761734,movement_rate,velocity_proxy,velocity proxy,4,4,3-4,3-4
M4_add_one__movement_rate,ridge,7,hsianshun0514workout|tsenyu0515workout|yanz0510workout|yoru0511workout|yushuan0513workout,haoyu0512workout,ziho0512workout,ziho0512workout,db_weighted_crunch,0,7,4.0,3.937573759809045,movement_rate,velocity_proxy,velocity proxy,4,4,3-4,3-4
M4_add_one__movement_rate,ridge,7,hsianshun0514workout|tsenyu0515workout|yanz0510workout|yoru0511workout|yushuan0513workout,haoyu0512workout,ziho0512workout,ziho0512workout,db_weighted_crunch,0,8,5.0,4.270364219029163,movement_rate,velocity_proxy,velocity proxy,5,4,5-6,3-4
M4_add_one__movement_rate,ridge,7,hsianshun0514workout|tsenyu0515workout|yanz0510workout|yoru0511workout|yushuan0513workout,haoyu0512workout,ziho0512workout,ziho0512workout,db_weighted_crunch,0,9,5.0,4.559538908219987,movement_rate,velocity_proxy,velocity proxy,5,5,5-6,5-6
M4_add_one__movement_rate,ridge,7,hsianshun0514workout|tsenyu0515workout|yanz0510workout|yoru0511workout|yushuan0513workout,haoyu0512workout,ziho0512workout,ziho0512workout,db_weighted_crunch,0,10,5.0,4.860169554969351,movement_rate,velocity_proxy,velocity proxy,5,5,5-6,5-6
M4_add_one__movement_rate,ridge,7,hsianshun0514workout|tsenyu0515workout|yanz0510workout|yoru0511workout|yushuan0513workout,haoyu0512workout,ziho0512workout,ziho0512workout,db_weighted_crunch,0,11,6.0,5.166266770496698,movement_rate,velocity_proxy,velocity proxy,6,5,5-6,5-6
M4_add_one__movement_rate,ridge,7,hsianshun0514workout|tsenyu0515workout|yanz0510workout|yoru0511workout|yushuan0513workout,haoyu0512workout,ziho0512workout,ziho0512workout,db_weighted_crunch,1,0,4.0,2.837437724684265,movement_rate,velocity_proxy,velocity proxy,4,3,3-4,3-4
M4_add_one__movement_rate,ridge,7,hsianshun0514workout|tsenyu0515workout|yanz0510workout|yoru0511workout|yushuan0513workout,haoyu0512workout,ziho0512workout,ziho0512workout,db_weighted_crunch,1,1,4.0,2.9940382601028763,movement_rate,velocity_proxy,velocity proxy,4,3,3-4,3-4
M4_add_one__movement_rate,ridge,7,hsianshun0514workout|tsenyu0515workout|yanz0510workout|yoru0511workout|yushuan0513workout,haoyu0512workout,ziho0512workout,ziho0512workout,db_weighted_crunch,1,2,5.0,3.461315239280732,movement_rate,velocity_proxy,velocity proxy,5,3,5-6,3-4
M4_add_one__movement_rate,ridge,7,hsianshun0514workout|tsenyu0515workout|yanz0510workout|yoru0511workout|yushuan0513workout,haoyu0512workout,ziho0512workout,ziho0512workout,db_weighted_crunch,1,3,5.0,3.713064508134673,movement_rate,velocity_proxy,velocity proxy,5,4,5-6,3-4
M4_add_one__movement_rate,ridge,7,hsianshun0514workout|tsenyu0515workout|yanz0510workout|yoru0511workout|yushuan0513workout,haoyu0512workout,ziho0512workout,ziho0512workout,db_weighted_crunch,1,4,5.0,3.977320645754369,movement_rate,velocity_proxy,velocity proxy,5,4,5-6,3-4
M4_add_one__movement_rate,ridge,7,hsianshun0514workout|tsenyu0515workout|yanz0510workout|yoru0511workout|yushuan0513workout,haoyu0512workout,ziho0512workout,ziho0512workout,db_weighted_crunch,1,5,6.0,4.29965454152296,movement_rate,velocity_proxy,velocity proxy,6,4,5-6,3-4
M4_add_one__movement_rate,ridge,7,hsianshun0514workout|tsenyu0515workout|yanz0510workout|yoru0511workout|yushuan0513workout,haoyu0512workout,ziho0512workout,ziho0512workout,db_weighted_crunch,1,6,6.0,4.6906994234671435,movement_rate,velocity_proxy,velocity proxy,6,5,5-6,5-6
M4_add_one__movement_rate,ridge,7,hsianshun0514workout|tsenyu0515workout|yanz0510workout|yoru0511workout|yushuan0513workout,haoyu0512workout,ziho0512workout,ziho0512workout,db_weighted_crunch,1,7,6.0,4.973375520756996,movement_rate,velocity_proxy,velocity proxy,6,5,5-6,5-6
M4_add_one__movement_rate,ridge,7,hsianshun0514workout|tsenyu0515workout|yanz0510workout|yoru0511workout|yushuan0513workout,haoyu0512workout,ziho0512workout,ziho0512workout,db_weighted_crunch,1,8,6.0,5.279650260868977,movement_rate,velocity_proxy,velocity proxy,6,5,5-6,5-6
M4_add_one__movement_rate,ridge,7,hsianshun0514workout|tsenyu0515workout|yanz0510workout|yoru0511workout|yushuan0513workout,haoyu0512workout,ziho0512workout,ziho0512workout,db_weighted_crunch,1,9,7.0,5.529737551964874,movement_rate,velocity_proxy,velocity proxy,7,6,7-8,5-6
M4_add_one__movement_rate,ridge,7,hsianshun0514workout|tsenyu0515workout|yanz0510workout|yoru0511workout|yushuan0513workout,haoyu0512workout,ziho0512workout,ziho0512workout,db_weighted_crunch,1,10,7.0,5.919760498474573,movement_rate,velocity_proxy,velocity proxy,7,6,7-8,5-6
M4_add_one__movement_rate,ridge,7,hsianshun0514workout|tsenyu0515workout|yanz0510workout|yoru0511workout|yushuan0513workout,haoyu0512workout,ziho0512workout,ziho0512workout,db_weighted_crunch,1,11,8.0,6.253787843084261,movement_rate,velocity_proxy,velocity proxy,8,6,7-8,5-6
M4_add_one__movement_rate,ridge,7,hsianshun0514workout|tsenyu0515workout|yanz0510workout|yoru0511workout|yushuan0513workout,haoyu0512workout,ziho0512workout,ziho0512workout,db_weighted_crunch,2,0,5.0,3.8490637679815576,movement_rate,velocity_proxy,velocity proxy,5,4,5-6,3-4
M4_add_one__movement_rate,ridge,7,hsianshun0514workout|tsenyu0515workout|yanz0510workout|yoru0511workout|yushuan0513workout,haoyu0512workout,ziho0512workout,ziho0512workout,db_weighted_crunch,2,1,5.0,4.158063986471261,movement_rate,velocity_proxy,velocity proxy,5,4,5-6,3-4
M4_add_one__movement_rate,ridge,7,hsianshun0514workout|tsenyu0515workout|yanz0510workout|yoru0511workout|yushuan0513workout,haoyu0512workout,ziho0512workout,ziho0512workout,db_weighted_crunch,2,2,5.0,4.47596139594693,movement_rate,velocity_proxy,velocity proxy,5,4,5-6,3-4
M4_add_one__movement_rate,ridge,7,hsianshun0514workout|tsenyu0515workout|yanz0510workout|yoru0511workout|yushuan0513workout,haoyu0512workout,ziho0512workout,ziho0512workout,db_weighted_crunch,2,3,6.0,4.862869496959651,movement_rate,velocity_proxy,velocity proxy,6,5,5-6,5-6
M4_add_one__movement_rate,ridge,7,hsianshun0514workout|tsenyu0515workout|yanz0510workout|yoru0511workout|yushuan0513workout,haoyu0512workout,ziho0512workout,ziho0512workout,db_weighted_crunch,2,4,6.0,5.1719591626885535,movement_rate,velocity_proxy,velocity proxy,6,5,5-6,5-6
M4_add_one__movement_rate,ridge,7,hsianshun0514workout|tsenyu0515workout|yanz0510workout|yoru0511workout|yushuan0513workout,haoyu0512workout,ziho0512workout,ziho0512workout,db_weighted_crunch,2,5,7.0,5.380542301512872,movement_rate,velocity_proxy,velocity proxy,7,5,7-8,5-6
M4_add_one__movement_rate,ridge,7,hsianshun0514workout|tsenyu0515workout|yanz0510workout|yoru0511workout|yushuan0513workout,haoyu0512workout,ziho0512workout,ziho0512workout,db_weighted_crunch,2,6,7.0,5.759178679306542,movement_rate,velocity_proxy,velocity proxy,7,6,7-8,5-6
M4_add_one__movement_rate,ridge,7,hsianshun0514workout|tsenyu0515workout|yanz0510workout|yoru0511workout|yushuan0513workout,haoyu0512workout,ziho0512workout,ziho0512workout,db_weighted_crunch,2,7,7.0,6.069469407683665,movement_rate,velocity_proxy,velocity proxy,7,6,7-8,5-6
M4_add_one__movement_rate,ridge,7,hsianshun0514workout|tsenyu0515workout|yanz0510workout|yoru0511workout|yushuan0513workout,haoyu0512workout,ziho0512workout,ziho0512workout,db_weighted_crunch,2,8,8.0,6.38654737073932,movement_rate,velocity_proxy,velocity proxy,8,6,7-8,5-6
M4_add_one__movement_rate,ridge,7,hsianshun0514workout|tsenyu0515workout|yanz0510workout|yoru0511workout|yushuan0513workout,haoyu0512workout,ziho0512workout,ziho0512workout,db_weighted_crunch,2,9,8.0,6.6945133457588275,movement_rate,velocity_proxy,velocity proxy,8,7,7-8,7-8
M4_add_one__movement_rate,ridge,7,hsianshun0514workout|tsenyu0515workout|yanz0510workout|yoru0511workout|yushuan0513workout,haoyu0512workout,ziho0512workout,ziho0512workout,db_weighted_crunch,2,10,9.0,7.00064707529186,movement_rate,velocity_proxy,velocity proxy,9,7,9-10,7-8
M4_add_one__movement_rate,ridge,7,hsianshun0514workout|tsenyu0515workout|yanz0510workout|yoru0511workout|yushuan0513workout,haoyu0512workout,ziho0512workout,ziho0512workout,db_weighted_crunch,2,11,9.0,7.24183265240368,movement_rate,velocity_proxy,velocity proxy,9,7,9-10,7-8
M4_add_one__movement_rate,ridge,7,hsianshun0514workout|tsenyu0515workout|yanz0510workout|yoru0511workout|yushuan0513workout,haoyu0512workout,ziho0512workout,ziho0512workout,one_arm_db_row,0,0,1.0,2.7256986850864964,movement_rate,velocity_proxy,velocity proxy,1,3,1-2,3-4
M4_add_one__movement_rate,ridge,7,hsianshun0514workout|tsenyu0515workout|yanz0510workout|yoru0511workout|yushuan0513workout,haoyu0512workout,ziho0512workout,ziho0512workout,one_arm_db_row,0,1,1.0,2.9955026270051475,movement_rate,velocity_proxy,velocity proxy,1,3,1-2,3-4
M4_add_one__movement_rate,ridge,7,hsianshun0514workout|tsenyu0515workout|yanz0510workout|yoru0511workout|yushuan0513workout,haoyu0512workout,ziho0512workout,ziho0512workout,one_arm_db_row,0,2,1.0,3.2836108348561353,movement_rate,velocity_proxy,velocity proxy,1,3,1-2,3-4
M4_add_one__movement_rate,ridge,7,hsianshun0514workout|tsenyu0515workout|yanz0510workout|yoru0511workout|yushuan0513workout,haoyu0512workout,ziho0512workout,ziho0512workout,one_arm_db_row,0,3,3.0,3.5534932301433253,movement_rate,velocity_proxy,velocity proxy,3,4,3-4,3-4
M4_add_one__movement_rate,ridge,7,hsianshun0514workout|tsenyu0515workout|yanz0510workout|yoru0511workout|yushuan0513workout,haoyu0512workout,ziho0512workout,ziho0512workout,one_arm_db_row,0,4,3.0,3.972222332312026,movement_rate,velocity_proxy,velocity proxy,3,4,3-4,3-4
M4_add_one__movement_rate,ridge,7,hsianshun0514workout|tsenyu0515workout|yanz0510workout|yoru0511workout|yushuan0513workout,haoyu0512workout,ziho0512workout,ziho0512workout,one_arm_db_row,0,5,3.0,4.184471362735243,movement_rate,velocity_proxy,velocity proxy,3,4,3-4,3-4
M4_add_one__movement_rate,ridge,7,hsianshun0514workout|tsenyu0515workout|yanz0510workout|yoru0511workout|yushuan0513workout,haoyu0512workout,ziho0512workout,ziho0512workout,one_arm_db_row,0,6,3.0,4.515018166681701,movement_rate,velocity_proxy,velocity proxy,3,5,3-4,5-6
M4_add_one__movement_rate,ridge,7,hsianshun0514workout|tsenyu0515workout|yanz0510workout|yoru0511workout|yushuan0513workout,haoyu0512workout,ziho0512workout,ziho0512workout,one_arm_db_row,0,7,5.0,4.807954487550694,movement_rate,velocity_proxy,velocity proxy,5,5,5-6,5-6
M4_add_one__movement_rate,ridge,7,hsianshun0514workout|tsenyu0515workout|yanz0510workout|yoru0511workout|yushuan0513workout,haoyu0512workout,ziho0512workout,ziho0512workout,one_arm_db_row,0,8,5.0,5.1574669997199605,movement_rate,velocity_proxy,velocity proxy,5,5,5-6,5-6
M4_add_one__movement_rate,ridge,7,hsianshun0514workout|tsenyu0515workout|yanz0510workout|yoru0511workout|yushuan0513workout,haoyu0512workout,ziho0512workout,ziho0512workout,one_arm_db_row,0,9,5.0,5.447493020661121,movement_rate,velocity_proxy,velocity proxy,5,5,5-6,5-6
M4_add_one__movement_rate,ridge,7,hsianshun0514workout|tsenyu0515workout|yanz0510workout|yoru0511workout|yushuan0513workout,haoyu0512workout,ziho0512workout,ziho0512workout,one_arm_db_row,0,10,5.0,5.728476283438506,movement_rate,velocity_proxy,velocity proxy,5,6,5-6,5-6
M4_add_one__movement_rate,ridge,7,hsianshun0514workout|tsenyu0515workout|yanz0510workout|yoru0511workout|yushuan0513workout,haoyu0512workout,ziho0512workout,ziho0512workout,one_arm_db_row,0,11,6.0,6.016129905780007,movement_rate,velocity_proxy,velocity proxy,6,6,5-6,5-6
M4_add_one__movement_rate,ridge,7,hsianshun0514workout|tsenyu0515workout|yanz0510workout|yoru0511workout|yushuan0513workout,haoyu0512workout,ziho0512workout,ziho0512workout,one_arm_db_row,1,0,5.0,3.7348867638287633,movement_rate,velocity_proxy,velocity proxy,5,4,5-6,3-4
M4_add_one__movement_rate,ridge,7,hsianshun0514workout|tsenyu0515workout|yanz0510workout|yoru0511workout|yushuan0513workout,haoyu0512workout,ziho0512workout,ziho0512workout,one_arm_db_row,1,1,5.0,4.055909485121035,movement_rate,velocity_proxy,velocity proxy,5,4,5-6,3-4
M4_add_one__movement_rate,ridge,7,hsianshun0514workout|tsenyu0515workout|yanz0510workout|yoru0511workout|yushuan0513workout,haoyu0512workout,ziho0512workout,ziho0512workout,one_arm_db_row,1,2,5.0,4.342737041662262,movement_rate,velocity_proxy,velocity proxy,5,4,5-6,3-4
M4_add_one__movement_rate,ridge,7,hsianshun0514workout|tsenyu0515workout|yanz0510workout|yoru0511workout|yushuan0513workout,haoyu0512workout,ziho0512workout,ziho0512workout,one_arm_db_row,1,3,5.0,4.67042209290691,movement_rate,velocity_proxy,velocity proxy,5,5,5-6,5-6
M4_add_one__movement_rate,ridge,7,hsianshun0514workout|tsenyu0515workout|yanz0510workout|yoru0511workout|yushuan0513workout,haoyu0512workout,ziho0512workout,ziho0512workout,one_arm_db_row,1,4,6.0,4.982705061426941,movement_rate,velocity_proxy,velocity proxy,6,5,5-6,5-6
M4_add_one__movement_rate,ridge,7,hsianshun0514workout|tsenyu0515workout|yanz0510workout|yoru0511workout|yushuan0513workout,haoyu0512workout,ziho0512workout,ziho0512workout,one_arm_db_row,1,5,6.0,5.292968402917343,movement_rate,velocity_proxy,velocity proxy,6,5,5-6,5-6
M4_add_one__movement_rate,ridge,7,hsianshun0514workout|tsenyu0515workout|yanz0510workout|yoru0511workout|yushuan0513workout,haoyu0512workout,ziho0512workout,ziho0512workout,one_arm_db_row,1,6,6.0,5.60514897272087,movement_rate,velocity_proxy,velocity proxy,6,6,5-6,5-6
M4_add_one__movement_rate,ridge,7,hsianshun0514workout|tsenyu0515workout|yanz0510workout|yoru0511workout|yushuan0513workout,haoyu0512workout,ziho0512workout,ziho0512workout,one_arm_db_row,1,7,6.0,5.858662434281107,movement_rate,velocity_proxy,velocity proxy,6,6,5-6,5-6
M4_add_one__movement_rate,ridge,7,hsianshun0514workout|tsenyu0515workout|yanz0510workout|yoru0511workout|yushuan0513workout,haoyu0512workout,ziho0512workout,ziho0512workout,one_arm_db_row,1,8,7.0,6.1896406767114,movement_rate,velocity_proxy,velocity proxy,7,6,7-8,5-6
M4_add_one__movement_rate,ridge,7,hsianshun0514workout|tsenyu0515workout|yanz0510workout|yoru0511workout|yushuan0513workout,haoyu0512workout,ziho0512workout,ziho0512workout,one_arm_db_row,1,9,7.0,6.438241789703015,movement_rate,velocity_proxy,velocity proxy,7,6,7-8,5-6
M4_add_one__movement_rate,ridge,7,hsianshun0514workout|tsenyu0515workout|yanz0510workout|yoru0511workout|yushuan0513workout,haoyu0512workout,ziho0512workout,ziho0512workout,one_arm_db_row,1,10,7.0,6.717810878884532,movement_rate,velocity_proxy,velocity proxy,7,7,7-8,7-8
M4_add_one__movement_rate,ridge,7,hsianshun0514workout|tsenyu0515workout|yanz0510workout|yoru0511workout|yushuan0513workout,haoyu0512workout,ziho0512workout,ziho0512workout,one_arm_db_row,1,11,8.0,7.02026645570494,movement_rate,velocity_proxy,velocity proxy,8,7,7-8,7-8
M4_add_one__movement_rate,ridge,7,hsianshun0514workout|tsenyu0515workout|yanz0510workout|yoru0511workout|yushuan0513workout,haoyu0512workout,ziho0512workout,ziho0512workout,one_arm_db_row,2,0,6.0,4.8905173259075125,movement_rate,velocity_proxy,velocity proxy,6,5,5-6,5-6
M4_add_one__movement_rate,ridge,7,hsianshun0514workout|tsenyu0515workout|yanz0510workout|yoru0511workout|yushuan0513workout,haoyu0512workout,ziho0512workout,ziho0512workout,one_arm_db_row,2,1,6.0,5.1415435313693045,movement_rate,velocity_proxy,velocity proxy,6,5,5-6,5-6
M4_add_one__movement_rate,ridge,7,hsianshun0514workout|tsenyu0515workout|yanz0510workout|yoru0511workout|yushuan0513workout,haoyu0512workout,ziho0512workout,ziho0512workout,one_arm_db_row,2,2,6.0,5.412849253938571,movement_rate,velocity_proxy,velocity proxy,6,5,5-6,5-6
M4_add_one__movement_rate,ridge,7,hsianshun0514workout|tsenyu0515workout|yanz0510workout|yoru0511workout|yushuan0513workout,haoyu0512workout,ziho0512workout,ziho0512workout,one_arm_db_row,2,3,7.0,5.721247375741315,movement_rate,velocity_proxy,velocity proxy,7,6,7-8,5-6
M4_add_one__movement_rate,ridge,7,hsianshun0514workout|tsenyu0515workout|yanz0510workout|yoru0511workout|yushuan0513workout,haoyu0512workout,ziho0512workout,ziho0512workout,one_arm_db_row,2,4,7.0,6.019178881815158,movement_rate,velocity_proxy,velocity proxy,7,6,7-8,5-6
M4_add_one__movement_rate,ridge,7,hsianshun0514workout|tsenyu0515workout|yanz0510workout|yoru0511workout|yushuan0513workout,haoyu0512workout,ziho0512workout,ziho0512workout,one_arm_db_row,2,5,7.0,6.28122375736077,movement_rate,velocity_proxy,velocity proxy,7,6,7-8,5-6
M4_add_one__movement_rate,ridge,7,hsianshun0514workout|tsenyu0515workout|yanz0510workout|yoru0511workout|yushuan0513workout,haoyu0512workout,ziho0512workout,ziho0512workout,one_arm_db_row,2,6,7.0,6.506696670766832,movement_rate,velocity_proxy,velocity proxy,7,7,7-8,7-8
M4_add_one__movement_rate,ridge,7,hsianshun0514workout|tsenyu0515workout|yanz0510workout|yoru0511workout|yushuan0513workout,haoyu0512workout,ziho0512workout,ziho0512workout,one_arm_db_row,2,7,7.0,6.91017111116789,movement_rate,velocity_proxy,velocity proxy,7,7,7-8,7-8
M4_add_one__movement_rate,ridge,7,hsianshun0514workout|tsenyu0515workout|yanz0510workout|yoru0511workout|yushuan0513workout,haoyu0512workout,ziho0512workout,ziho0512workout,one_arm_db_row,2,8,8.0,7.22844401337638,movement_rate,velocity_proxy,velocity proxy,8,7,7-8,7-8
M4_add_one__movement_rate,ridge,7,hsianshun0514workout|tsenyu0515workout|yanz0510workout|yoru0511workout|yushuan0513workout,haoyu0512workout,ziho0512workout,ziho0512workout,one_arm_db_row,2,9,8.0,7.479857399871206,movement_rate,velocity_proxy,velocity proxy,8,7,7-8,7-8
M4_add_one__movement_rate,ridge,7,hsianshun0514workout|tsenyu0515workout|yanz0510workout|yoru0511workout|yushuan0513workout,haoyu0512workout,ziho0512workout,ziho0512workout,one_arm_db_row,2,10,8.0,7.818381165265068,movement_rate,velocity_proxy,velocity proxy,8,8,7-8,7-8
M4_add_one__movement_rate,ridge,7,hsianshun0514workout|tsenyu0515workout|yanz0510workout|yoru0511workout|yushuan0513workout,haoyu0512workout,ziho0512workout,ziho0512workout,one_arm_db_row,2,11,9.0,8.102524651813564,movement_rate,velocity_proxy,velocity proxy,9,8,9-10,7-8
